[ERROR] RUNTIME(712583,):2026-01-15-10:28:25.808.544 [api_c_stream.cc:412]712583 rtsStreamSetAttribute:report error module_name=EE1001
[ERROR] RUNTIME(712583,):2026-01-15-10:28:25.808.552 [api_c_stream.cc:412]712583 rtsStreamSetAttribute:Invalid stream attribute ID: 4, Supported stream attribute IDs: [1, 4).
[ERROR] RUNTIME(712583,):2026-01-15-10:28:25.808.593 [api_c_stream.cc:416]712583 rtsStreamSetAttribute:ErrCode=107000, desc=[invalid value], InnerCode=0x7110001
[ERROR] RUNTIME(712583,):2026-01-15-10:28:25.808.595 [error_message_manage.cc:48]712583 FuncErrorReason:report error module_name=EE1001
[ERROR] RUNTIME(712583,):2026-01-15-10:28:25.808.599 [error_message_manage.cc:48]712583 FuncErrorReason:rtsStreamSetAttribute execute failed, reason=[invalid value]
[ERROR] ASCENDCL(712583,):2026-01-15-10:28:25.808.854 [stream.cpp:299]712583 aclrtSetStreamAttributeImpl: call rtsStreamSetAttribute failed, runtime result = 107000
[ERROR] RUNTIME(712583,):2026-01-15-10:28:26.745.876 [api_error.cc:1519]712583 MemCopySync:Memory copy sync failed, cnt=416, kind=1.
[ERROR] RUNTIME(712583,):2026-01-15-10:28:26.745.888 [api_c.cc:1197]712583 rtMemcpy:ErrCode=107030, desc=[the current capture mode does not support this operation], InnerCode=0x703001c
[ERROR] RUNTIME(712583,):2026-01-15-10:28:26.745.891 [error_message_manage.cc:53]712583 FuncErrorReason:report error module_type=3, module_name=EE8888
[ERROR] RUNTIME(712583,):2026-01-15-10:28:26.745.894 [error_message_manage.cc:53]712583 FuncErrorReason:rtMemcpy execute failed, reason=[the current capture mode does not support this operation]
[ERROR] ASCENDCL(712583,):2026-01-15-10:28:26.746.158 [memory.cpp:437]712583 aclrtMemcpyImpl: synchronized memcpy failed, kind = 1, runtime result = 107030
[ERROR] RUNTIME(712583,):2026-01-15-10:28:26.770.373 [api_error.cc:1519]712583 MemCopySync:Memory copy sync failed, cnt=72, kind=1.
[ERROR] RUNTIME(712583,):2026-01-15-10:28:26.770.382 [api_c.cc:1197]712583 rtMemcpy:ErrCode=107030, desc=[the current capture mode does not support this operation], InnerCode=0x703001c
[ERROR] RUNTIME(712583,):2026-01-15-10:28:26.770.385 [error_message_manage.cc:53]712583 FuncErrorReason:report error module_type=3, module_name=EE8888
[ERROR] RUNTIME(712583,):2026-01-15-10:28:26.770.388 [error_message_manage.cc:53]712583 FuncErrorReason:rtMemcpy execute failed, reason=[the current capture mode does not support this operation]
[ERROR] ASCENDCL(712583,):2026-01-15-10:28:26.770.593 [memory.cpp:437]712583 aclrtMemcpyImpl: synchronized memcpy failed, kind = 1, runtime result = 107030
[ERROR] RUNTIME(712583,):2026-01-15-10:28:28.218.567 [api_error.cc:1519]712583 MemCopySync:Memory copy sync failed, cnt=416, kind=1.
[ERROR] RUNTIME(712583,):2026-01-15-10:28:28.218.578 [api_c.cc:1197]712583 rtMemcpy:ErrCode=107030, desc=[the current capture mode does not support this operation], InnerCode=0x703001c
[ERROR] RUNTIME(712583,):2026-01-15-10:28:28.218.582 [error_message_manage.cc:53]712583 FuncErrorReason:report error module_type=3, module_name=EE8888
[ERROR] RUNTIME(712583,):2026-01-15-10:28:28.218.585 [error_message_manage.cc:53]712583 FuncErrorReason:rtMemcpy execute failed, reason=[the current capture mode does not support this operation]
[ERROR] ASCENDCL(712583,):2026-01-15-10:28:28.218.904 [memory.cpp:437]712583 aclrtMemcpyImpl: synchronized memcpy failed, kind = 1, runtime result = 107030
[ERROR] RUNTIME(712583,):2026-01-15-10:28:28.942.681 [api_error.cc:1519]712583 MemCopySync:Memory copy sync failed, cnt=72, kind=1.
[ERROR] RUNTIME(712583,):2026-01-15-10:28:28.942.690 [api_c.cc:1197]712583 rtMemcpy:ErrCode=107030, desc=[the current capture mode does not support this operation], InnerCode=0x703001c
[ERROR] RUNTIME(712583,):2026-01-15-10:28:28.942.693 [error_message_manage.cc:53]712583 FuncErrorReason:report error module_type=3, module_name=EE8888
[ERROR] RUNTIME(712583,):2026-01-15-10:28:28.942.696 [error_message_manage.cc:53]712583 FuncErrorReason:rtMemcpy execute failed, reason=[the current capture mode does not support this operation]
[ERROR] ASCENDCL(712583,):2026-01-15-10:28:28.943.051 [memory.cpp:437]712583 aclrtMemcpyImpl: synchronized memcpy failed, kind = 1, runtime result = 107030
[ERROR] RUNTIME(712583,):2026-01-15-10:28:29.708.730 [api_error.cc:1519]712583 MemCopySync:Memory copy sync failed, cnt=416, kind=1.
[ERROR] RUNTIME(712583,):2026-01-15-10:28:29.708.739 [api_c.cc:1197]712583 rtMemcpy:ErrCode=107030, desc=[the current capture mode does not support this operation], InnerCode=0x703001c
[ERROR] RUNTIME(712583,):2026-01-15-10:28:29.708.742 [error_message_manage.cc:53]712583 FuncErrorReason:report error module_type=3, module_name=EE8888
[ERROR] RUNTIME(712583,):2026-01-15-10:28:29.708.745 [error_message_manage.cc:53]712583 FuncErrorReason:rtMemcpy execute failed, reason=[the current capture mode does not support this operation]
[ERROR] ASCENDCL(712583,):2026-01-15-10:28:29.709.015 [memory.cpp:437]712583 aclrtMemcpyImpl: synchronized memcpy failed, kind = 1, runtime result = 107030
[ERROR] RUNTIME(712583,):2026-01-15-10:28:30.617.667 [api_error.cc:1519]712583 MemCopySync:Memory copy sync failed, cnt=72, kind=1.
[ERROR] RUNTIME(712583,):2026-01-15-10:28:30.617.679 [api_c.cc:1197]712583 rtMemcpy:ErrCode=107030, desc=[the current capture mode does not support this operation], InnerCode=0x703001c
[ERROR] RUNTIME(712583,):2026-01-15-10:28:30.617.682 [error_message_manage.cc:53]712583 FuncErrorReason:report error module_type=3, module_name=EE8888
[ERROR] RUNTIME(712583,):2026-01-15-10:28:30.617.686 [error_message_manage.cc:53]712583 FuncErrorReason:rtMemcpy execute failed, reason=[the current capture mode does not support this operation]
[ERROR] ASCENDCL(712583,):2026-01-15-10:28:30.618.026 [memory.cpp:437]712583 aclrtMemcpyImpl: synchronized memcpy failed, kind = 1, runtime result = 107030
[ERROR] RUNTIME(712583,):2026-01-15-10:28:31.414.333 [api_error.cc:1519]712583 MemCopySync:Memory copy sync failed, cnt=416, kind=1.
[ERROR] RUNTIME(712583,):2026-01-15-10:28:31.414.344 [api_c.cc:1197]712583 rtMemcpy:ErrCode=107030, desc=[the current capture mode does not support this operation], InnerCode=0x703001c
[ERROR] RUNTIME(712583,):2026-01-15-10:28:31.414.348 [error_message_manage.cc:53]712583 FuncErrorReason:report error module_type=3, module_name=EE8888
[ERROR] RUNTIME(712583,):2026-01-15-10:28:31.414.352 [error_message_manage.cc:53]712583 FuncErrorReason:rtMemcpy execute failed, reason=[the current capture mode does not support this operation]
[ERROR] ASCENDCL(712583,):2026-01-15-10:28:31.414.677 [memory.cpp:437]712583 aclrtMemcpyImpl: synchronized memcpy failed, kind = 1, runtime result = 107030
[ERROR] RUNTIME(712583,):2026-01-15-10:28:32.199.033 [api_error.cc:1519]712583 MemCopySync:Memory copy sync failed, cnt=72, kind=1.
[ERROR] RUNTIME(712583,):2026-01-15-10:28:32.199.043 [api_c.cc:1197]712583 rtMemcpy:ErrCode=107030, desc=[the current capture mode does not support this operation], InnerCode=0x703001c
[ERROR] RUNTIME(712583,):2026-01-15-10:28:32.199.046 [error_message_manage.cc:53]712583 FuncErrorReason:report error module_type=3, module_name=EE8888
[ERROR] RUNTIME(712583,):2026-01-15-10:28:32.199.050 [error_message_manage.cc:53]712583 FuncErrorReason:rtMemcpy execute failed, reason=[the current capture mode does not support this operation]
[ERROR] ASCENDCL(712583,):2026-01-15-10:28:32.199.364 [memory.cpp:437]712583 aclrtMemcpyImpl: synchronized memcpy failed, kind = 1, runtime result = 107030
[ERROR] RUNTIME(712583,):2026-01-15-10:28:32.267.921 [api_error.cc:1519]712583 MemCopySync:Memory copy sync failed, cnt=416, kind=1.
[ERROR] RUNTIME(712583,):2026-01-15-10:28:32.267.931 [api_c.cc:1197]712583 rtMemcpy:ErrCode=107030, desc=[the current capture mode does not support this operation], InnerCode=0x703001c
[ERROR] RUNTIME(712583,):2026-01-15-10:28:32.267.934 [error_message_manage.cc:53]712583 FuncErrorReason:report error module_type=3, module_name=EE8888
[ERROR] RUNTIME(712583,):2026-01-15-10:28:32.267.937 [error_message_manage.cc:53]712583 FuncErrorReason:rtMemcpy execute failed, reason=[the current capture mode does not support this operation]
[ERROR] ASCENDCL(712583,):2026-01-15-10:28:32.268.212 [memory.cpp:437]712583 aclrtMemcpyImpl: synchronized memcpy failed, kind = 1, runtime result = 107030
[ERROR] RUNTIME(712583,):2026-01-15-10:28:32.335.756 [api_error.cc:1519]712583 MemCopySync:Memory copy sync failed, cnt=72, kind=1.
[ERROR] RUNTIME(712583,):2026-01-15-10:28:32.335.764 [api_c.cc:1197]712583 rtMemcpy:ErrCode=107030, desc=[the current capture mode does not support this operation], InnerCode=0x703001c
[ERROR] RUNTIME(712583,):2026-01-15-10:28:32.335.766 [error_message_manage.cc:53]712583 FuncErrorReason:report error module_type=3, module_name=EE8888
[ERROR] RUNTIME(712583,):2026-01-15-10:28:32.335.769 [error_message_manage.cc:53]712583 FuncErrorReason:rtMemcpy execute failed, reason=[the current capture mode does not support this operation]
[ERROR] ASCENDCL(712583,):2026-01-15-10:28:32.335.988 [memory.cpp:437]712583 aclrtMemcpyImpl: synchronized memcpy failed, kind = 1, runtime result = 107030
[ERROR] RUNTIME(712583,):2026-01-15-10:28:32.412.659 [api_error.cc:1519]712583 MemCopySync:Memory copy sync failed, cnt=416, kind=1.
[ERROR] RUNTIME(712583,):2026-01-15-10:28:32.412.668 [api_c.cc:1197]712583 rtMemcpy:ErrCode=107030, desc=[the current capture mode does not support this operation], InnerCode=0x703001c
[ERROR] RUNTIME(712583,):2026-01-15-10:28:32.412.670 [error_message_manage.cc:53]712583 FuncErrorReason:report error module_type=3, module_name=EE8888
[ERROR] RUNTIME(712583,):2026-01-15-10:28:32.412.673 [error_message_manage.cc:53]712583 FuncErrorReason:rtMemcpy execute failed, reason=[the current capture mode does not support this operation]
[ERROR] ASCENDCL(712583,):2026-01-15-10:28:32.412.930 [memory.cpp:437]712583 aclrtMemcpyImpl: synchronized memcpy failed, kind = 1, runtime result = 107030
[ERROR] RUNTIME(712583,):2026-01-15-10:28:32.483.099 [api_error.cc:1519]712583 MemCopySync:Memory copy sync failed, cnt=72, kind=1.
[ERROR] RUNTIME(712583,):2026-01-15-10:28:32.483.107 [api_c.cc:1197]712583 rtMemcpy:ErrCode=107030, desc=[the current capture mode does not support this operation], InnerCode=0x703001c
[ERROR] RUNTIME(712583,):2026-01-15-10:28:32.483.110 [error_message_manage.cc:53]712583 FuncErrorReason:report error module_type=3, module_name=EE8888
[ERROR] RUNTIME(712583,):2026-01-15-10:28:32.483.112 [error_message_manage.cc:53]712583 FuncErrorReason:rtMemcpy execute failed, reason=[the current capture mode does not support this operation]
[ERROR] ASCENDCL(712583,):2026-01-15-10:28:32.483.429 [memory.cpp:437]712583 aclrtMemcpyImpl: synchronized memcpy failed, kind = 1, runtime result = 107030
[ERROR] RUNTIME(712583,):2026-01-15-10:28:32.562.858 [api_error.cc:1519]712583 MemCopySync:Memory copy sync failed, cnt=416, kind=1.
[ERROR] RUNTIME(712583,):2026-01-15-10:28:32.562.866 [api_c.cc:1197]712583 rtMemcpy:ErrCode=107030, desc=[the current capture mode does not support this operation], InnerCode=0x703001c
[ERROR] RUNTIME(712583,):2026-01-15-10:28:32.562.869 [error_message_manage.cc:53]712583 FuncErrorReason:report error module_type=3, module_name=EE8888
[ERROR] RUNTIME(712583,):2026-01-15-10:28:32.562.872 [error_message_manage.cc:53]712583 FuncErrorReason:rtMemcpy execute failed, reason=[the current capture mode does not support this operation]
[ERROR] ASCENDCL(712583,):2026-01-15-10:28:32.563.107 [memory.cpp:437]712583 aclrtMemcpyImpl: synchronized memcpy failed, kind = 1, runtime result = 107030
[ERROR] RUNTIME(712583,):2026-01-15-10:28:32.676.617 [api_error.cc:1519]712583 MemCopySync:Memory copy sync failed, cnt=72, kind=1.
[ERROR] RUNTIME(712583,):2026-01-15-10:28:32.676.625 [api_c.cc:1197]712583 rtMemcpy:ErrCode=107030, desc=[the current capture mode does not support this operation], InnerCode=0x703001c
[ERROR] RUNTIME(712583,):2026-01-15-10:28:32.676.628 [error_message_manage.cc:53]712583 FuncErrorReason:report error module_type=3, module_name=EE8888
[ERROR] RUNTIME(712583,):2026-01-15-10:28:32.676.631 [error_message_manage.cc:53]712583 FuncErrorReason:rtMemcpy execute failed, reason=[the current capture mode does not support this operation]
[ERROR] ASCENDCL(712583,):2026-01-15-10:28:32.676.910 [memory.cpp:437]712583 aclrtMemcpyImpl: synchronized memcpy failed, kind = 1, runtime result = 107030
[ERROR] RUNTIME(712583,):2026-01-15-10:28:32.753.197 [api_error.cc:1519]712583 MemCopySync:Memory copy sync failed, cnt=416, kind=1.
[ERROR] RUNTIME(712583,):2026-01-15-10:28:32.753.207 [api_c.cc:1197]712583 rtMemcpy:ErrCode=107030, desc=[the current capture mode does not support this operation], InnerCode=0x703001c
[ERROR] RUNTIME(712583,):2026-01-15-10:28:32.753.209 [error_message_manage.cc:53]712583 FuncErrorReason:report error module_type=3, module_name=EE8888
[ERROR] RUNTIME(712583,):2026-01-15-10:28:32.753.212 [error_message_manage.cc:53]712583 FuncErrorReason:rtMemcpy execute failed, reason=[the current capture mode does not support this operation]
[ERROR] ASCENDCL(712583,):2026-01-15-10:28:32.753.497 [memory.cpp:437]712583 aclrtMemcpyImpl: synchronized memcpy failed, kind = 1, runtime result = 107030
[ERROR] RUNTIME(712583,):2026-01-15-10:28:32.833.806 [api_error.cc:1519]712583 MemCopySync:Memory copy sync failed, cnt=72, kind=1.
[ERROR] RUNTIME(712583,):2026-01-15-10:28:32.833.814 [api_c.cc:1197]712583 rtMemcpy:ErrCode=107030, desc=[the current capture mode does not support this operation], InnerCode=0x703001c
[ERROR] RUNTIME(712583,):2026-01-15-10:28:32.833.816 [error_message_manage.cc:53]712583 FuncErrorReason:report error module_type=3, module_name=EE8888
[ERROR] RUNTIME(712583,):2026-01-15-10:28:32.833.819 [error_message_manage.cc:53]712583 FuncErrorReason:rtMemcpy execute failed, reason=[the current capture mode does not support this operation]
[ERROR] ASCENDCL(712583,):2026-01-15-10:28:32.834.143 [memory.cpp:437]712583 aclrtMemcpyImpl: synchronized memcpy failed, kind = 1, runtime result = 107030
[ERROR] RUNTIME(712583,):2026-01-15-10:28:32.907.036 [api_error.cc:1519]712583 MemCopySync:Memory copy sync failed, cnt=416, kind=1.
[ERROR] RUNTIME(712583,):2026-01-15-10:28:32.907.044 [api_c.cc:1197]712583 rtMemcpy:ErrCode=107030, desc=[the current capture mode does not support this operation], InnerCode=0x703001c
[ERROR] RUNTIME(712583,):2026-01-15-10:28:32.907.047 [error_message_manage.cc:53]712583 FuncErrorReason:report error module_type=3, module_name=EE8888
[ERROR] RUNTIME(712583,):2026-01-15-10:28:32.907.050 [error_message_manage.cc:53]712583 FuncErrorReason:rtMemcpy execute failed, reason=[the current capture mode does not support this operation]
[ERROR] ASCENDCL(712583,):2026-01-15-10:28:32.907.302 [memory.cpp:437]712583 aclrtMemcpyImpl: synchronized memcpy failed, kind = 1, runtime result = 107030
[ERROR] RUNTIME(712583,):2026-01-15-10:28:32.984.510 [api_error.cc:1519]712583 MemCopySync:Memory copy sync failed, cnt=72, kind=1.
[ERROR] RUNTIME(712583,):2026-01-15-10:28:32.984.517 [api_c.cc:1197]712583 rtMemcpy:ErrCode=107030, desc=[the current capture mode does not support this operation], InnerCode=0x703001c
[ERROR] RUNTIME(712583,):2026-01-15-10:28:32.984.520 [error_message_manage.cc:53]712583 FuncErrorReason:report error module_type=3, module_name=EE8888
[ERROR] RUNTIME(712583,):2026-01-15-10:28:32.984.522 [error_message_manage.cc:53]712583 FuncErrorReason:rtMemcpy execute failed, reason=[the current capture mode does not support this operation]
[ERROR] ASCENDCL(712583,):2026-01-15-10:28:32.984.731 [memory.cpp:437]712583 aclrtMemcpyImpl: synchronized memcpy failed, kind = 1, runtime result = 107030
[ERROR] RUNTIME(712583,):2026-01-15-10:28:33.058.090 [api_error.cc:1519]712583 MemCopySync:Memory copy sync failed, cnt=416, kind=1.
[ERROR] RUNTIME(712583,):2026-01-15-10:28:33.058.099 [api_c.cc:1197]712583 rtMemcpy:ErrCode=107030, desc=[the current capture mode does not support this operation], InnerCode=0x703001c
[ERROR] RUNTIME(712583,):2026-01-15-10:28:33.058.101 [error_message_manage.cc:53]712583 FuncErrorReason:report error module_type=3, module_name=EE8888
[ERROR] RUNTIME(712583,):2026-01-15-10:28:33.058.104 [error_message_manage.cc:53]712583 FuncErrorReason:rtMemcpy execute failed, reason=[the current capture mode does not support this operation]
[ERROR] ASCENDCL(712583,):2026-01-15-10:28:33.058.357 [memory.cpp:437]712583 aclrtMemcpyImpl: synchronized memcpy failed, kind = 1, runtime result = 107030
[ERROR] RUNTIME(712583,):2026-01-15-10:28:33.130.241 [api_error.cc:1519]712583 MemCopySync:Memory copy sync failed, cnt=72, kind=1.
[ERROR] RUNTIME(712583,):2026-01-15-10:28:33.130.249 [api_c.cc:1197]712583 rtMemcpy:ErrCode=107030, desc=[the current capture mode does not support this operation], InnerCode=0x703001c
[ERROR] RUNTIME(712583,):2026-01-15-10:28:33.130.252 [error_message_manage.cc:53]712583 FuncErrorReason:report error module_type=3, module_name=EE8888
[ERROR] RUNTIME(712583,):2026-01-15-10:28:33.130.254 [error_message_manage.cc:53]712583 FuncErrorReason:rtMemcpy execute failed, reason=[the current capture mode does not support this operation]
[ERROR] ASCENDCL(712583,):2026-01-15-10:28:33.130.466 [memory.cpp:437]712583 aclrtMemcpyImpl: synchronized memcpy failed, kind = 1, runtime result = 107030
[ERROR] RUNTIME(712583,):2026-01-15-10:28:33.200.534 [api_error.cc:1519]712583 MemCopySync:Memory copy sync failed, cnt=416, kind=1.
[ERROR] RUNTIME(712583,):2026-01-15-10:28:33.200.542 [api_c.cc:1197]712583 rtMemcpy:ErrCode=107030, desc=[the current capture mode does not support this operation], InnerCode=0x703001c
[ERROR] RUNTIME(712583,):2026-01-15-10:28:33.200.545 [error_message_manage.cc:53]712583 FuncErrorReason:report error module_type=3, module_name=EE8888
[ERROR] RUNTIME(712583,):2026-01-15-10:28:33.200.547 [error_message_manage.cc:53]712583 FuncErrorReason:rtMemcpy execute failed, reason=[the current capture mode does not support this operation]
[ERROR] ASCENDCL(712583,):2026-01-15-10:28:33.200.738 [memory.cpp:437]712583 aclrtMemcpyImpl: synchronized memcpy failed, kind = 1, runtime result = 107030
[ERROR] RUNTIME(712583,):2026-01-15-10:28:33.276.865 [api_error.cc:1519]712583 MemCopySync:Memory copy sync failed, cnt=72, kind=1.
[ERROR] RUNTIME(712583,):2026-01-15-10:28:33.276.873 [api_c.cc:1197]712583 rtMemcpy:ErrCode=107030, desc=[the current capture mode does not support this operation], InnerCode=0x703001c
[ERROR] RUNTIME(712583,):2026-01-15-10:28:33.276.876 [error_message_manage.cc:53]712583 FuncErrorReason:report error module_type=3, module_name=EE8888
[ERROR] RUNTIME(712583,):2026-01-15-10:28:33.276.878 [error_message_manage.cc:53]712583 FuncErrorReason:rtMemcpy execute failed, reason=[the current capture mode does not support this operation]
[ERROR] ASCENDCL(712583,):2026-01-15-10:28:33.277.126 [memory.cpp:437]712583 aclrtMemcpyImpl: synchronized memcpy failed, kind = 1, runtime result = 107030
[ERROR] RUNTIME(712583,):2026-01-15-10:28:33.352.023 [api_error.cc:1519]712583 MemCopySync:Memory copy sync failed, cnt=416, kind=1.
[ERROR] RUNTIME(712583,):2026-01-15-10:28:33.352.031 [api_c.cc:1197]712583 rtMemcpy:ErrCode=107030, desc=[the current capture mode does not support this operation], InnerCode=0x703001c
[ERROR] RUNTIME(712583,):2026-01-15-10:28:33.352.034 [error_message_manage.cc:53]712583 FuncErrorReason:report error module_type=3, module_name=EE8888
[ERROR] RUNTIME(712583,):2026-01-15-10:28:33.352.036 [error_message_manage.cc:53]712583 FuncErrorReason:rtMemcpy execute failed, reason=[the current capture mode does not support this operation]
[ERROR] ASCENDCL(712583,):2026-01-15-10:28:33.352.269 [memory.cpp:437]712583 aclrtMemcpyImpl: synchronized memcpy failed, kind = 1, runtime result = 107030
[ERROR] RUNTIME(712583,):2026-01-15-10:28:33.420.194 [api_error.cc:1519]712583 MemCopySync:Memory copy sync failed, cnt=72, kind=1.
[ERROR] RUNTIME(712583,):2026-01-15-10:28:33.420.202 [api_c.cc:1197]712583 rtMemcpy:ErrCode=107030, desc=[the current capture mode does not support this operation], InnerCode=0x703001c
[ERROR] RUNTIME(712583,):2026-01-15-10:28:33.420.205 [error_message_manage.cc:53]712583 FuncErrorReason:report error module_type=3, module_name=EE8888
[ERROR] RUNTIME(712583,):2026-01-15-10:28:33.420.207 [error_message_manage.cc:53]712583 FuncErrorReason:rtMemcpy execute failed, reason=[the current capture mode does not support this operation]
[ERROR] ASCENDCL(712583,):2026-01-15-10:28:33.420.478 [memory.cpp:437]712583 aclrtMemcpyImpl: synchronized memcpy failed, kind = 1, runtime result = 107030
[ERROR] RUNTIME(712583,):2026-01-15-10:28:33.493.991 [api_error.cc:1519]712583 MemCopySync:Memory copy sync failed, cnt=416, kind=1.
[ERROR] RUNTIME(712583,):2026-01-15-10:28:33.493.999 [api_c.cc:1197]712583 rtMemcpy:ErrCode=107030, desc=[the current capture mode does not support this operation], InnerCode=0x703001c
[ERROR] RUNTIME(712583,):2026-01-15-10:28:33.494.001 [error_message_manage.cc:53]712583 FuncErrorReason:report error module_type=3, module_name=EE8888
[ERROR] RUNTIME(712583,):2026-01-15-10:28:33.494.004 [error_message_manage.cc:53]712583 FuncErrorReason:rtMemcpy execute failed, reason=[the current capture mode does not support this operation]
[ERROR] ASCENDCL(712583,):2026-01-15-10:28:33.494.219 [memory.cpp:437]712583 aclrtMemcpyImpl: synchronized memcpy failed, kind = 1, runtime result = 107030
[ERROR] RUNTIME(712583,):2026-01-15-10:28:33.564.102 [api_error.cc:1519]712583 MemCopySync:Memory copy sync failed, cnt=72, kind=1.
[ERROR] RUNTIME(712583,):2026-01-15-10:28:33.564.110 [api_c.cc:1197]712583 rtMemcpy:ErrCode=107030, desc=[the current capture mode does not support this operation], InnerCode=0x703001c
[ERROR] RUNTIME(712583,):2026-01-15-10:28:33.564.112 [error_message_manage.cc:53]712583 FuncErrorReason:report error module_type=3, module_name=EE8888
[ERROR] RUNTIME(712583,):2026-01-15-10:28:33.564.115 [error_message_manage.cc:53]712583 FuncErrorReason:rtMemcpy execute failed, reason=[the current capture mode does not support this operation]
[ERROR] ASCENDCL(712583,):2026-01-15-10:28:33.564.315 [memory.cpp:437]712583 aclrtMemcpyImpl: synchronized memcpy failed, kind = 1, runtime result = 107030
[ERROR] RUNTIME(712583,):2026-01-15-10:28:33.639.095 [api_error.cc:1519]712583 MemCopySync:Memory copy sync failed, cnt=416, kind=1.
[ERROR] RUNTIME(712583,):2026-01-15-10:28:33.639.104 [api_c.cc:1197]712583 rtMemcpy:ErrCode=107030, desc=[the current capture mode does not support this operation], InnerCode=0x703001c
[ERROR] RUNTIME(712583,):2026-01-15-10:28:33.639.106 [error_message_manage.cc:53]712583 FuncErrorReason:report error module_type=3, module_name=EE8888
[ERROR] RUNTIME(712583,):2026-01-15-10:28:33.639.109 [error_message_manage.cc:53]712583 FuncErrorReason:rtMemcpy execute failed, reason=[the current capture mode does not support this operation]
[ERROR] ASCENDCL(712583,):2026-01-15-10:28:33.639.370 [memory.cpp:437]712583 aclrtMemcpyImpl: synchronized memcpy failed, kind = 1, runtime result = 107030
[ERROR] RUNTIME(712583,):2026-01-15-10:28:33.709.469 [api_error.cc:1519]712583 MemCopySync:Memory copy sync failed, cnt=72, kind=1.
[ERROR] RUNTIME(712583,):2026-01-15-10:28:33.709.477 [api_c.cc:1197]712583 rtMemcpy:ErrCode=107030, desc=[the current capture mode does not support this operation], InnerCode=0x703001c
[ERROR] RUNTIME(712583,):2026-01-15-10:28:33.709.479 [error_message_manage.cc:53]712583 FuncErrorReason:report error module_type=3, module_name=EE8888
[ERROR] RUNTIME(712583,):2026-01-15-10:28:33.709.482 [error_message_manage.cc:53]712583 FuncErrorReason:rtMemcpy execute failed, reason=[the current capture mode does not support this operation]
[ERROR] ASCENDCL(712583,):2026-01-15-10:28:33.709.700 [memory.cpp:437]712583 aclrtMemcpyImpl: synchronized memcpy failed, kind = 1, runtime result = 107030
[ERROR] RUNTIME(712583,):2026-01-15-10:28:33.783.803 [api_error.cc:1519]712583 MemCopySync:Memory copy sync failed, cnt=416, kind=1.
[ERROR] RUNTIME(712583,):2026-01-15-10:28:33.783.812 [api_c.cc:1197]712583 rtMemcpy:ErrCode=107030, desc=[the current capture mode does not support this operation], InnerCode=0x703001c
[ERROR] RUNTIME(712583,):2026-01-15-10:28:33.783.814 [error_message_manage.cc:53]712583 FuncErrorReason:report error module_type=3, module_name=EE8888
[ERROR] RUNTIME(712583,):2026-01-15-10:28:33.783.817 [error_message_manage.cc:53]712583 FuncErrorReason:rtMemcpy execute failed, reason=[the current capture mode does not support this operation]
[ERROR] ASCENDCL(712583,):2026-01-15-10:28:33.784.052 [memory.cpp:437]712583 aclrtMemcpyImpl: synchronized memcpy failed, kind = 1, runtime result = 107030
[ERROR] RUNTIME(712583,):2026-01-15-10:28:33.848.151 [api_error.cc:1519]712583 MemCopySync:Memory copy sync failed, cnt=72, kind=1.
[ERROR] RUNTIME(712583,):2026-01-15-10:28:33.848.160 [api_c.cc:1197]712583 rtMemcpy:ErrCode=107030, desc=[the current capture mode does not support this operation], InnerCode=0x703001c
[ERROR] RUNTIME(712583,):2026-01-15-10:28:33.848.162 [error_message_manage.cc:53]712583 FuncErrorReason:report error module_type=3, module_name=EE8888
[ERROR] RUNTIME(712583,):2026-01-15-10:28:33.848.165 [error_message_manage.cc:53]712583 FuncErrorReason:rtMemcpy execute failed, reason=[the current capture mode does not support this operation]
[ERROR] ASCENDCL(712583,):2026-01-15-10:28:33.848.458 [memory.cpp:437]712583 aclrtMemcpyImpl: synchronized memcpy failed, kind = 1, runtime result = 107030
[ERROR] RUNTIME(712583,):2026-01-15-10:28:33.926.254 [api_error.cc:1519]712583 MemCopySync:Memory copy sync failed, cnt=416, kind=1.
[ERROR] RUNTIME(712583,):2026-01-15-10:28:33.926.262 [api_c.cc:1197]712583 rtMemcpy:ErrCode=107030, desc=[the current capture mode does not support this operation], InnerCode=0x703001c
[ERROR] RUNTIME(712583,):2026-01-15-10:28:33.926.264 [error_message_manage.cc:53]712583 FuncErrorReason:report error module_type=3, module_name=EE8888
[ERROR] RUNTIME(712583,):2026-01-15-10:28:33.926.267 [error_message_manage.cc:53]712583 FuncErrorReason:rtMemcpy execute failed, reason=[the current capture mode does not support this operation]
[ERROR] ASCENDCL(712583,):2026-01-15-10:28:33.926.472 [memory.cpp:437]712583 aclrtMemcpyImpl: synchronized memcpy failed, kind = 1, runtime result = 107030
[ERROR] RUNTIME(712583,):2026-01-15-10:28:33.997.141 [api_error.cc:1519]712583 MemCopySync:Memory copy sync failed, cnt=72, kind=1.
[ERROR] RUNTIME(712583,):2026-01-15-10:28:33.997.149 [api_c.cc:1197]712583 rtMemcpy:ErrCode=107030, desc=[the current capture mode does not support this operation], InnerCode=0x703001c
[ERROR] RUNTIME(712583,):2026-01-15-10:28:33.997.151 [error_message_manage.cc:53]712583 FuncErrorReason:report error module_type=3, module_name=EE8888
[ERROR] RUNTIME(712583,):2026-01-15-10:28:33.997.154 [error_message_manage.cc:53]712583 FuncErrorReason:rtMemcpy execute failed, reason=[the current capture mode does not support this operation]
[ERROR] ASCENDCL(712583,):2026-01-15-10:28:33.997.361 [memory.cpp:437]712583 aclrtMemcpyImpl: synchronized memcpy failed, kind = 1, runtime result = 107030
[ERROR] RUNTIME(712583,):2026-01-15-10:28:34.065.905 [api_error.cc:1519]712583 MemCopySync:Memory copy sync failed, cnt=416, kind=1.
[ERROR] RUNTIME(712583,):2026-01-15-10:28:34.065.913 [api_c.cc:1197]712583 rtMemcpy:ErrCode=107030, desc=[the current capture mode does not support this operation], InnerCode=0x703001c
[ERROR] RUNTIME(712583,):2026-01-15-10:28:34.065.916 [error_message_manage.cc:53]712583 FuncErrorReason:report error module_type=3, module_name=EE8888
[ERROR] RUNTIME(712583,):2026-01-15-10:28:34.065.919 [error_message_manage.cc:53]712583 FuncErrorReason:rtMemcpy execute failed, reason=[the current capture mode does not support this operation]
[ERROR] ASCENDCL(712583,):2026-01-15-10:28:34.066.177 [memory.cpp:437]712583 aclrtMemcpyImpl: synchronized memcpy failed, kind = 1, runtime result = 107030
[ERROR] RUNTIME(712583,):2026-01-15-10:28:34.133.376 [api_error.cc:1519]712583 MemCopySync:Memory copy sync failed, cnt=72, kind=1.
[ERROR] RUNTIME(712583,):2026-01-15-10:28:34.133.384 [api_c.cc:1197]712583 rtMemcpy:ErrCode=107030, desc=[the current capture mode does not support this operation], InnerCode=0x703001c
[ERROR] RUNTIME(712583,):2026-01-15-10:28:34.133.387 [error_message_manage.cc:53]712583 FuncErrorReason:report error module_type=3, module_name=EE8888
[ERROR] RUNTIME(712583,):2026-01-15-10:28:34.133.390 [error_message_manage.cc:53]712583 FuncErrorReason:rtMemcpy execute failed, reason=[the current capture mode does not support this operation]
[ERROR] ASCENDCL(712583,):2026-01-15-10:28:34.133.598 [memory.cpp:437]712583 aclrtMemcpyImpl: synchronized memcpy failed, kind = 1, runtime result = 107030
[ERROR] RUNTIME(712583,):2026-01-15-10:28:34.205.337 [api_error.cc:1519]712583 MemCopySync:Memory copy sync failed, cnt=416, kind=1.
[ERROR] RUNTIME(712583,):2026-01-15-10:28:34.205.345 [api_c.cc:1197]712583 rtMemcpy:ErrCode=107030, desc=[the current capture mode does not support this operation], InnerCode=0x703001c
[ERROR] RUNTIME(712583,):2026-01-15-10:28:34.205.348 [error_message_manage.cc:53]712583 FuncErrorReason:report error module_type=3, module_name=EE8888
[ERROR] RUNTIME(712583,):2026-01-15-10:28:34.205.350 [error_message_manage.cc:53]712583 FuncErrorReason:rtMemcpy execute failed, reason=[the current capture mode does not support this operation]
[ERROR] ASCENDCL(712583,):2026-01-15-10:28:34.205.560 [memory.cpp:437]712583 aclrtMemcpyImpl: synchronized memcpy failed, kind = 1, runtime result = 107030
[ERROR] RUNTIME(712583,):2026-01-15-10:28:34.279.246 [api_error.cc:1519]712583 MemCopySync:Memory copy sync failed, cnt=72, kind=1.
[ERROR] RUNTIME(712583,):2026-01-15-10:28:34.279.253 [api_c.cc:1197]712583 rtMemcpy:ErrCode=107030, desc=[the current capture mode does not support this operation], InnerCode=0x703001c
[ERROR] RUNTIME(712583,):2026-01-15-10:28:34.279.256 [error_message_manage.cc:53]712583 FuncErrorReason:report error module_type=3, module_name=EE8888
[ERROR] RUNTIME(712583,):2026-01-15-10:28:34.279.259 [error_message_manage.cc:53]712583 FuncErrorReason:rtMemcpy execute failed, reason=[the current capture mode does not support this operation]
[ERROR] ASCENDCL(712583,):2026-01-15-10:28:34.279.578 [memory.cpp:437]712583 aclrtMemcpyImpl: synchronized memcpy failed, kind = 1, runtime result = 107030
[ERROR] RUNTIME(712583,):2026-01-15-10:28:34.375.129 [api_error.cc:1519]712583 MemCopySync:Memory copy sync failed, cnt=416, kind=1.
[ERROR] RUNTIME(712583,):2026-01-15-10:28:34.375.137 [api_c.cc:1197]712583 rtMemcpy:ErrCode=107030, desc=[the current capture mode does not support this operation], InnerCode=0x703001c
[ERROR] RUNTIME(712583,):2026-01-15-10:28:34.375.140 [error_message_manage.cc:53]712583 FuncErrorReason:report error module_type=3, module_name=EE8888
[ERROR] RUNTIME(712583,):2026-01-15-10:28:34.375.143 [error_message_manage.cc:53]712583 FuncErrorReason:rtMemcpy execute failed, reason=[the current capture mode does not support this operation]
[ERROR] ASCENDCL(712583,):2026-01-15-10:28:34.375.520 [memory.cpp:437]712583 aclrtMemcpyImpl: synchronized memcpy failed, kind = 1, runtime result = 107030
[ERROR] RUNTIME(712583,):2026-01-15-10:28:34.451.832 [api_error.cc:1519]712583 MemCopySync:Memory copy sync failed, cnt=72, kind=1.
[ERROR] RUNTIME(712583,):2026-01-15-10:28:34.451.840 [api_c.cc:1197]712583 rtMemcpy:ErrCode=107030, desc=[the current capture mode does not support this operation], InnerCode=0x703001c
[ERROR] RUNTIME(712583,):2026-01-15-10:28:34.451.842 [error_message_manage.cc:53]712583 FuncErrorReason:report error module_type=3, module_name=EE8888
[ERROR] RUNTIME(712583,):2026-01-15-10:28:34.451.845 [error_message_manage.cc:53]712583 FuncErrorReason:rtMemcpy execute failed, reason=[the current capture mode does not support this operation]
[ERROR] ASCENDCL(712583,):2026-01-15-10:28:34.452.106 [memory.cpp:437]712583 aclrtMemcpyImpl: synchronized memcpy failed, kind = 1, runtime result = 107030
[ERROR] RUNTIME(712583,):2026-01-15-10:28:34.526.683 [api_error.cc:1519]712583 MemCopySync:Memory copy sync failed, cnt=416, kind=1.
[ERROR] RUNTIME(712583,):2026-01-15-10:28:34.526.691 [api_c.cc:1197]712583 rtMemcpy:ErrCode=107030, desc=[the current capture mode does not support this operation], InnerCode=0x703001c
[ERROR] RUNTIME(712583,):2026-01-15-10:28:34.526.694 [error_message_manage.cc:53]712583 FuncErrorReason:report error module_type=3, module_name=EE8888
[ERROR] RUNTIME(712583,):2026-01-15-10:28:34.526.697 [error_message_manage.cc:53]712583 FuncErrorReason:rtMemcpy execute failed, reason=[the current capture mode does not support this operation]
[ERROR] ASCENDCL(712583,):2026-01-15-10:28:34.526.966 [memory.cpp:437]712583 aclrtMemcpyImpl: synchronized memcpy failed, kind = 1, runtime result = 107030
[ERROR] RUNTIME(712583,):2026-01-15-10:28:34.599.308 [api_error.cc:1519]712583 MemCopySync:Memory copy sync failed, cnt=72, kind=1.
[ERROR] RUNTIME(712583,):2026-01-15-10:28:34.599.315 [api_c.cc:1197]712583 rtMemcpy:ErrCode=107030, desc=[the current capture mode does not support this operation], InnerCode=0x703001c
[ERROR] RUNTIME(712583,):2026-01-15-10:28:34.599.317 [error_message_manage.cc:53]712583 FuncErrorReason:report error module_type=3, module_name=EE8888
[ERROR] RUNTIME(712583,):2026-01-15-10:28:34.599.320 [error_message_manage.cc:53]712583 FuncErrorReason:rtMemcpy execute failed, reason=[the current capture mode does not support this operation]
[ERROR] ASCENDCL(712583,):2026-01-15-10:28:34.599.557 [memory.cpp:437]712583 aclrtMemcpyImpl: synchronized memcpy failed, kind = 1, runtime result = 107030
[ERROR] RUNTIME(712583,):2026-01-15-10:28:34.665.559 [api_error.cc:1519]712583 MemCopySync:Memory copy sync failed, cnt=416, kind=1.
[ERROR] RUNTIME(712583,):2026-01-15-10:28:34.665.567 [api_c.cc:1197]712583 rtMemcpy:ErrCode=107030, desc=[the current capture mode does not support this operation], InnerCode=0x703001c
[ERROR] RUNTIME(712583,):2026-01-15-10:28:34.665.569 [error_message_manage.cc:53]712583 FuncErrorReason:report error module_type=3, module_name=EE8888
[ERROR] RUNTIME(712583,):2026-01-15-10:28:34.665.572 [error_message_manage.cc:53]712583 FuncErrorReason:rtMemcpy execute failed, reason=[the current capture mode does not support this operation]
[ERROR] ASCENDCL(712583,):2026-01-15-10:28:34.665.828 [memory.cpp:437]712583 aclrtMemcpyImpl: synchronized memcpy failed, kind = 1, runtime result = 107030
[ERROR] RUNTIME(712583,):2026-01-15-10:28:34.733.842 [api_error.cc:1519]712583 MemCopySync:Memory copy sync failed, cnt=72, kind=1.
[ERROR] RUNTIME(712583,):2026-01-15-10:28:34.733.849 [api_c.cc:1197]712583 rtMemcpy:ErrCode=107030, desc=[the current capture mode does not support this operation], InnerCode=0x703001c
[ERROR] RUNTIME(712583,):2026-01-15-10:28:34.733.852 [error_message_manage.cc:53]712583 FuncErrorReason:report error module_type=3, module_name=EE8888
[ERROR] RUNTIME(712583,):2026-01-15-10:28:34.733.854 [error_message_manage.cc:53]712583 FuncErrorReason:rtMemcpy execute failed, reason=[the current capture mode does not support this operation]
[ERROR] ASCENDCL(712583,):2026-01-15-10:28:34.734.084 [memory.cpp:437]712583 aclrtMemcpyImpl: synchronized memcpy failed, kind = 1, runtime result = 107030
[ERROR] RUNTIME(712583,):2026-01-15-10:28:34.808.256 [api_error.cc:1519]712583 MemCopySync:Memory copy sync failed, cnt=416, kind=1.
[ERROR] RUNTIME(712583,):2026-01-15-10:28:34.808.264 [api_c.cc:1197]712583 rtMemcpy:ErrCode=107030, desc=[the current capture mode does not support this operation], InnerCode=0x703001c
[ERROR] RUNTIME(712583,):2026-01-15-10:28:34.808.267 [error_message_manage.cc:53]712583 FuncErrorReason:report error module_type=3, module_name=EE8888
[ERROR] RUNTIME(712583,):2026-01-15-10:28:34.808.269 [error_message_manage.cc:53]712583 FuncErrorReason:rtMemcpy execute failed, reason=[the current capture mode does not support this operation]
[ERROR] ASCENDCL(712583,):2026-01-15-10:28:34.808.512 [memory.cpp:437]712583 aclrtMemcpyImpl: synchronized memcpy failed, kind = 1, runtime result = 107030
[ERROR] RUNTIME(712583,):2026-01-15-10:28:34.878.900 [api_error.cc:1519]712583 MemCopySync:Memory copy sync failed, cnt=72, kind=1.
[ERROR] RUNTIME(712583,):2026-01-15-10:28:34.878.908 [api_c.cc:1197]712583 rtMemcpy:ErrCode=107030, desc=[the current capture mode does not support this operation], InnerCode=0x703001c
[ERROR] RUNTIME(712583,):2026-01-15-10:28:34.878.910 [error_message_manage.cc:53]712583 FuncErrorReason:report error module_type=3, module_name=EE8888
[ERROR] RUNTIME(712583,):2026-01-15-10:28:34.878.913 [error_message_manage.cc:53]712583 FuncErrorReason:rtMemcpy execute failed, reason=[the current capture mode does not support this operation]
[ERROR] ASCENDCL(712583,):2026-01-15-10:28:34.879.206 [memory.cpp:437]712583 aclrtMemcpyImpl: synchronized memcpy failed, kind = 1, runtime result = 107030
[ERROR] RUNTIME(712583,):2026-01-15-10:28:34.953.005 [api_error.cc:1519]712583 MemCopySync:Memory copy sync failed, cnt=416, kind=1.
[ERROR] RUNTIME(712583,):2026-01-15-10:28:34.953.013 [api_c.cc:1197]712583 rtMemcpy:ErrCode=107030, desc=[the current capture mode does not support this operation], InnerCode=0x703001c
[ERROR] RUNTIME(712583,):2026-01-15-10:28:34.953.015 [error_message_manage.cc:53]712583 FuncErrorReason:report error module_type=3, module_name=EE8888
[ERROR] RUNTIME(712583,):2026-01-15-10:28:34.953.018 [error_message_manage.cc:53]712583 FuncErrorReason:rtMemcpy execute failed, reason=[the current capture mode does not support this operation]
[ERROR] ASCENDCL(712583,):2026-01-15-10:28:34.953.253 [memory.cpp:437]712583 aclrtMemcpyImpl: synchronized memcpy failed, kind = 1, runtime result = 107030
[ERROR] RUNTIME(712583,):2026-01-15-10:28:35.022.905 [api_error.cc:1519]712583 MemCopySync:Memory copy sync failed, cnt=72, kind=1.
[ERROR] RUNTIME(712583,):2026-01-15-10:28:35.022.913 [api_c.cc:1197]712583 rtMemcpy:ErrCode=107030, desc=[the current capture mode does not support this operation], InnerCode=0x703001c
[ERROR] RUNTIME(712583,):2026-01-15-10:28:35.022.915 [error_message_manage.cc:53]712583 FuncErrorReason:report error module_type=3, module_name=EE8888
[ERROR] RUNTIME(712583,):2026-01-15-10:28:35.022.918 [error_message_manage.cc:53]712583 FuncErrorReason:rtMemcpy execute failed, reason=[the current capture mode does not support this operation]
[ERROR] ASCENDCL(712583,):2026-01-15-10:28:35.023.196 [memory.cpp:437]712583 aclrtMemcpyImpl: synchronized memcpy failed, kind = 1, runtime result = 107030
[ERROR] RUNTIME(712583,):2026-01-15-10:28:35.087.071 [api_error.cc:1519]712583 MemCopySync:Memory copy sync failed, cnt=416, kind=1.
[ERROR] RUNTIME(712583,):2026-01-15-10:28:35.087.078 [api_c.cc:1197]712583 rtMemcpy:ErrCode=107030, desc=[the current capture mode does not support this operation], InnerCode=0x703001c
[ERROR] RUNTIME(712583,):2026-01-15-10:28:35.087.081 [error_message_manage.cc:53]712583 FuncErrorReason:report error module_type=3, module_name=EE8888
[ERROR] RUNTIME(712583,):2026-01-15-10:28:35.087.084 [error_message_manage.cc:53]712583 FuncErrorReason:rtMemcpy execute failed, reason=[the current capture mode does not support this operation]
[ERROR] ASCENDCL(712583,):2026-01-15-10:28:35.087.326 [memory.cpp:437]712583 aclrtMemcpyImpl: synchronized memcpy failed, kind = 1, runtime result = 107030
[ERROR] RUNTIME(712583,):2026-01-15-10:28:35.159.902 [api_error.cc:1519]712583 MemCopySync:Memory copy sync failed, cnt=72, kind=1.
[ERROR] RUNTIME(712583,):2026-01-15-10:28:35.159.910 [api_c.cc:1197]712583 rtMemcpy:ErrCode=107030, desc=[the current capture mode does not support this operation], InnerCode=0x703001c
[ERROR] RUNTIME(712583,):2026-01-15-10:28:35.159.912 [error_message_manage.cc:53]712583 FuncErrorReason:report error module_type=3, module_name=EE8888
[ERROR] RUNTIME(712583,):2026-01-15-10:28:35.159.915 [error_message_manage.cc:53]712583 FuncErrorReason:rtMemcpy execute failed, reason=[the current capture mode does not support this operation]
[ERROR] ASCENDCL(712583,):2026-01-15-10:28:35.160.114 [memory.cpp:437]712583 aclrtMemcpyImpl: synchronized memcpy failed, kind = 1, runtime result = 107030
[ERROR] RUNTIME(712583,):2026-01-15-10:28:35.229.033 [api_error.cc:1519]712583 MemCopySync:Memory copy sync failed, cnt=416, kind=1.
[ERROR] RUNTIME(712583,):2026-01-15-10:28:35.229.041 [api_c.cc:1197]712583 rtMemcpy:ErrCode=107030, desc=[the current capture mode does not support this operation], InnerCode=0x703001c
[ERROR] RUNTIME(712583,):2026-01-15-10:28:35.229.044 [error_message_manage.cc:53]712583 FuncErrorReason:report error module_type=3, module_name=EE8888
[ERROR] RUNTIME(712583,):2026-01-15-10:28:35.229.047 [error_message_manage.cc:53]712583 FuncErrorReason:rtMemcpy execute failed, reason=[the current capture mode does not support this operation]
[ERROR] ASCENDCL(712583,):2026-01-15-10:28:35.229.312 [memory.cpp:437]712583 aclrtMemcpyImpl: synchronized memcpy failed, kind = 1, runtime result = 107030
[ERROR] RUNTIME(712583,):2026-01-15-10:28:35.304.236 [api_error.cc:1519]712583 MemCopySync:Memory copy sync failed, cnt=72, kind=1.
[ERROR] RUNTIME(712583,):2026-01-15-10:28:35.304.243 [api_c.cc:1197]712583 rtMemcpy:ErrCode=107030, desc=[the current capture mode does not support this operation], InnerCode=0x703001c
[ERROR] RUNTIME(712583,):2026-01-15-10:28:35.304.246 [error_message_manage.cc:53]712583 FuncErrorReason:report error module_type=3, module_name=EE8888
[ERROR] RUNTIME(712583,):2026-01-15-10:28:35.304.248 [error_message_manage.cc:53]712583 FuncErrorReason:rtMemcpy execute failed, reason=[the current capture mode does not support this operation]
[ERROR] ASCENDCL(712583,):2026-01-15-10:28:35.304.503 [memory.cpp:437]712583 aclrtMemcpyImpl: synchronized memcpy failed, kind = 1, runtime result = 107030
[ERROR] RUNTIME(712583,):2026-01-15-10:28:35.384.386 [api_error.cc:1519]712583 MemCopySync:Memory copy sync failed, cnt=416, kind=1.
[ERROR] RUNTIME(712583,):2026-01-15-10:28:35.384.394 [api_c.cc:1197]712583 rtMemcpy:ErrCode=107030, desc=[the current capture mode does not support this operation], InnerCode=0x703001c
[ERROR] RUNTIME(712583,):2026-01-15-10:28:35.384.396 [error_message_manage.cc:53]712583 FuncErrorReason:report error module_type=3, module_name=EE8888
[ERROR] RUNTIME(712583,):2026-01-15-10:28:35.384.399 [error_message_manage.cc:53]712583 FuncErrorReason:rtMemcpy execute failed, reason=[the current capture mode does not support this operation]
[ERROR] ASCENDCL(712583,):2026-01-15-10:28:35.384.683 [memory.cpp:437]712583 aclrtMemcpyImpl: synchronized memcpy failed, kind = 1, runtime result = 107030
[ERROR] RUNTIME(712583,):2026-01-15-10:28:35.461.840 [api_error.cc:1519]712583 MemCopySync:Memory copy sync failed, cnt=72, kind=1.
[ERROR] RUNTIME(712583,):2026-01-15-10:28:35.461.848 [api_c.cc:1197]712583 rtMemcpy:ErrCode=107030, desc=[the current capture mode does not support this operation], InnerCode=0x703001c
[ERROR] RUNTIME(712583,):2026-01-15-10:28:35.461.850 [error_message_manage.cc:53]712583 FuncErrorReason:report error module_type=3, module_name=EE8888
[ERROR] RUNTIME(712583,):2026-01-15-10:28:35.461.853 [error_message_manage.cc:53]712583 FuncErrorReason:rtMemcpy execute failed, reason=[the current capture mode does not support this operation]
[ERROR] ASCENDCL(712583,):2026-01-15-10:28:35.462.157 [memory.cpp:437]712583 aclrtMemcpyImpl: synchronized memcpy failed, kind = 1, runtime result = 107030
[ERROR] RUNTIME(712583,):2026-01-15-10:28:35.544.229 [api_error.cc:1519]712583 MemCopySync:Memory copy sync failed, cnt=416, kind=1.
[ERROR] RUNTIME(712583,):2026-01-15-10:28:35.544.237 [api_c.cc:1197]712583 rtMemcpy:ErrCode=107030, desc=[the current capture mode does not support this operation], InnerCode=0x703001c
[ERROR] RUNTIME(712583,):2026-01-15-10:28:35.544.239 [error_message_manage.cc:53]712583 FuncErrorReason:report error module_type=3, module_name=EE8888
[ERROR] RUNTIME(712583,):2026-01-15-10:28:35.544.242 [error_message_manage.cc:53]712583 FuncErrorReason:rtMemcpy execute failed, reason=[the current capture mode does not support this operation]
[ERROR] ASCENDCL(712583,):2026-01-15-10:28:35.544.531 [memory.cpp:437]712583 aclrtMemcpyImpl: synchronized memcpy failed, kind = 1, runtime result = 107030
[ERROR] RUNTIME(712583,):2026-01-15-10:28:35.623.049 [api_error.cc:1519]712583 MemCopySync:Memory copy sync failed, cnt=72, kind=1.
[ERROR] RUNTIME(712583,):2026-01-15-10:28:35.623.057 [api_c.cc:1197]712583 rtMemcpy:ErrCode=107030, desc=[the current capture mode does not support this operation], InnerCode=0x703001c
[ERROR] RUNTIME(712583,):2026-01-15-10:28:35.623.059 [error_message_manage.cc:53]712583 FuncErrorReason:report error module_type=3, module_name=EE8888
[ERROR] RUNTIME(712583,):2026-01-15-10:28:35.623.062 [error_message_manage.cc:53]712583 FuncErrorReason:rtMemcpy execute failed, reason=[the current capture mode does not support this operation]
[ERROR] ASCENDCL(712583,):2026-01-15-10:28:35.623.288 [memory.cpp:437]712583 aclrtMemcpyImpl: synchronized memcpy failed, kind = 1, runtime result = 107030
[ERROR] RUNTIME(712583,):2026-01-15-10:28:35.699.286 [api_error.cc:1519]712583 MemCopySync:Memory copy sync failed, cnt=416, kind=1.
[ERROR] RUNTIME(712583,):2026-01-15-10:28:35.699.294 [api_c.cc:1197]712583 rtMemcpy:ErrCode=107030, desc=[the current capture mode does not support this operation], InnerCode=0x703001c
[ERROR] RUNTIME(712583,):2026-01-15-10:28:35.699.296 [error_message_manage.cc:53]712583 FuncErrorReason:report error module_type=3, module_name=EE8888
[ERROR] RUNTIME(712583,):2026-01-15-10:28:35.699.299 [error_message_manage.cc:53]712583 FuncErrorReason:rtMemcpy execute failed, reason=[the current capture mode does not support this operation]
[ERROR] ASCENDCL(712583,):2026-01-15-10:28:35.699.552 [memory.cpp:437]712583 aclrtMemcpyImpl: synchronized memcpy failed, kind = 1, runtime result = 107030
[ERROR] RUNTIME(712583,):2026-01-15-10:28:35.766.137 [api_error.cc:1519]712583 MemCopySync:Memory copy sync failed, cnt=72, kind=1.
[ERROR] RUNTIME(712583,):2026-01-15-10:28:35.766.146 [api_c.cc:1197]712583 rtMemcpy:ErrCode=107030, desc=[the current capture mode does not support this operation], InnerCode=0x703001c
[ERROR] RUNTIME(712583,):2026-01-15-10:28:35.766.148 [error_message_manage.cc:53]712583 FuncErrorReason:report error module_type=3, module_name=EE8888
[ERROR] RUNTIME(712583,):2026-01-15-10:28:35.766.151 [error_message_manage.cc:53]712583 FuncErrorReason:rtMemcpy execute failed, reason=[the current capture mode does not support this operation]
[ERROR] ASCENDCL(712583,):2026-01-15-10:28:35.766.352 [memory.cpp:437]712583 aclrtMemcpyImpl: synchronized memcpy failed, kind = 1, runtime result = 107030
[ERROR] RUNTIME(712583,):2026-01-15-10:28:35.838.241 [api_error.cc:1519]712583 MemCopySync:Memory copy sync failed, cnt=416, kind=1.
[ERROR] RUNTIME(712583,):2026-01-15-10:28:35.838.250 [api_c.cc:1197]712583 rtMemcpy:ErrCode=107030, desc=[the current capture mode does not support this operation], InnerCode=0x703001c
[ERROR] RUNTIME(712583,):2026-01-15-10:28:35.838.253 [error_message_manage.cc:53]712583 FuncErrorReason:report error module_type=3, module_name=EE8888
[ERROR] RUNTIME(712583,):2026-01-15-10:28:35.838.256 [error_message_manage.cc:53]712583 FuncErrorReason:rtMemcpy execute failed, reason=[the current capture mode does not support this operation]
[ERROR] ASCENDCL(712583,):2026-01-15-10:28:35.838.507 [memory.cpp:437]712583 aclrtMemcpyImpl: synchronized memcpy failed, kind = 1, runtime result = 107030
[ERROR] RUNTIME(712583,):2026-01-15-10:28:35.904.412 [api_error.cc:1519]712583 MemCopySync:Memory copy sync failed, cnt=72, kind=1.
[ERROR] RUNTIME(712583,):2026-01-15-10:28:35.904.419 [api_c.cc:1197]712583 rtMemcpy:ErrCode=107030, desc=[the current capture mode does not support this operation], InnerCode=0x703001c
[ERROR] RUNTIME(712583,):2026-01-15-10:28:35.904.422 [error_message_manage.cc:53]712583 FuncErrorReason:report error module_type=3, module_name=EE8888
[ERROR] RUNTIME(712583,):2026-01-15-10:28:35.904.424 [error_message_manage.cc:53]712583 FuncErrorReason:rtMemcpy execute failed, reason=[the current capture mode does not support this operation]
[ERROR] ASCENDCL(712583,):2026-01-15-10:28:35.904.644 [memory.cpp:437]712583 aclrtMemcpyImpl: synchronized memcpy failed, kind = 1, runtime result = 107030
[ERROR] RUNTIME(712583,):2026-01-15-10:28:35.977.985 [api_error.cc:1519]712583 MemCopySync:Memory copy sync failed, cnt=416, kind=1.
[ERROR] RUNTIME(712583,):2026-01-15-10:28:35.977.994 [api_c.cc:1197]712583 rtMemcpy:ErrCode=107030, desc=[the current capture mode does not support this operation], InnerCode=0x703001c
[ERROR] RUNTIME(712583,):2026-01-15-10:28:35.977.996 [error_message_manage.cc:53]712583 FuncErrorReason:report error module_type=3, module_name=EE8888
[ERROR] RUNTIME(712583,):2026-01-15-10:28:35.977.999 [error_message_manage.cc:53]712583 FuncErrorReason:rtMemcpy execute failed, reason=[the current capture mode does not support this operation]
[ERROR] ASCENDCL(712583,):2026-01-15-10:28:35.978.196 [memory.cpp:437]712583 aclrtMemcpyImpl: synchronized memcpy failed, kind = 1, runtime result = 107030
[ERROR] RUNTIME(712583,):2026-01-15-10:28:36.045.086 [api_error.cc:1519]712583 MemCopySync:Memory copy sync failed, cnt=72, kind=1.
[ERROR] RUNTIME(712583,):2026-01-15-10:28:36.045.094 [api_c.cc:1197]712583 rtMemcpy:ErrCode=107030, desc=[the current capture mode does not support this operation], InnerCode=0x703001c
[ERROR] RUNTIME(712583,):2026-01-15-10:28:36.045.096 [error_message_manage.cc:53]712583 FuncErrorReason:report error module_type=3, module_name=EE8888
[ERROR] RUNTIME(712583,):2026-01-15-10:28:36.045.099 [error_message_manage.cc:53]712583 FuncErrorReason:rtMemcpy execute failed, reason=[the current capture mode does not support this operation]
[ERROR] ASCENDCL(712583,):2026-01-15-10:28:36.045.386 [memory.cpp:437]712583 aclrtMemcpyImpl: synchronized memcpy failed, kind = 1, runtime result = 107030
[ERROR] RUNTIME(712583,):2026-01-15-10:28:36.113.707 [api_error.cc:1519]712583 MemCopySync:Memory copy sync failed, cnt=416, kind=1.
[ERROR] RUNTIME(712583,):2026-01-15-10:28:36.113.715 [api_c.cc:1197]712583 rtMemcpy:ErrCode=107030, desc=[the current capture mode does not support this operation], InnerCode=0x703001c
[ERROR] RUNTIME(712583,):2026-01-15-10:28:36.113.717 [error_message_manage.cc:53]712583 FuncErrorReason:report error module_type=3, module_name=EE8888
[ERROR] RUNTIME(712583,):2026-01-15-10:28:36.113.720 [error_message_manage.cc:53]712583 FuncErrorReason:rtMemcpy execute failed, reason=[the current capture mode does not support this operation]
[ERROR] ASCENDCL(712583,):2026-01-15-10:28:36.113.941 [memory.cpp:437]712583 aclrtMemcpyImpl: synchronized memcpy failed, kind = 1, runtime result = 107030
[ERROR] RUNTIME(712583,):2026-01-15-10:28:36.176.033 [api_error.cc:1519]712583 MemCopySync:Memory copy sync failed, cnt=72, kind=1.
[ERROR] RUNTIME(712583,):2026-01-15-10:28:36.176.040 [api_c.cc:1197]712583 rtMemcpy:ErrCode=107030, desc=[the current capture mode does not support this operation], InnerCode=0x703001c
[ERROR] RUNTIME(712583,):2026-01-15-10:28:36.176.043 [error_message_manage.cc:53]712583 FuncErrorReason:report error module_type=3, module_name=EE8888
[ERROR] RUNTIME(712583,):2026-01-15-10:28:36.176.045 [error_message_manage.cc:53]712583 FuncErrorReason:rtMemcpy execute failed, reason=[the current capture mode does not support this operation]
[ERROR] ASCENDCL(712583,):2026-01-15-10:28:36.176.265 [memory.cpp:437]712583 aclrtMemcpyImpl: synchronized memcpy failed, kind = 1, runtime result = 107030
[ERROR] RUNTIME(712583,):2026-01-15-10:28:36.245.029 [api_error.cc:1519]712583 MemCopySync:Memory copy sync failed, cnt=416, kind=1.
[ERROR] RUNTIME(712583,):2026-01-15-10:28:36.245.037 [api_c.cc:1197]712583 rtMemcpy:ErrCode=107030, desc=[the current capture mode does not support this operation], InnerCode=0x703001c
[ERROR] RUNTIME(712583,):2026-01-15-10:28:36.245.040 [error_message_manage.cc:53]712583 FuncErrorReason:report error module_type=3, module_name=EE8888
[ERROR] RUNTIME(712583,):2026-01-15-10:28:36.245.043 [error_message_manage.cc:53]712583 FuncErrorReason:rtMemcpy execute failed, reason=[the current capture mode does not support this operation]
[ERROR] ASCENDCL(712583,):2026-01-15-10:28:36.245.324 [memory.cpp:437]712583 aclrtMemcpyImpl: synchronized memcpy failed, kind = 1, runtime result = 107030
[ERROR] RUNTIME(712583,):2026-01-15-10:28:36.317.253 [api_error.cc:1519]712583 MemCopySync:Memory copy sync failed, cnt=72, kind=1.
[ERROR] RUNTIME(712583,):2026-01-15-10:28:36.317.261 [api_c.cc:1197]712583 rtMemcpy:ErrCode=107030, desc=[the current capture mode does not support this operation], InnerCode=0x703001c
[ERROR] RUNTIME(712583,):2026-01-15-10:28:36.317.264 [error_message_manage.cc:53]712583 FuncErrorReason:report error module_type=3, module_name=EE8888
[ERROR] RUNTIME(712583,):2026-01-15-10:28:36.317.266 [error_message_manage.cc:53]712583 FuncErrorReason:rtMemcpy execute failed, reason=[the current capture mode does not support this operation]
[ERROR] ASCENDCL(712583,):2026-01-15-10:28:36.317.529 [memory.cpp:437]712583 aclrtMemcpyImpl: synchronized memcpy failed, kind = 1, runtime result = 107030
[ERROR] RUNTIME(712583,):2026-01-15-10:28:36.393.873 [api_error.cc:1519]712583 MemCopySync:Memory copy sync failed, cnt=416, kind=1.
[ERROR] RUNTIME(712583,):2026-01-15-10:28:36.393.882 [api_c.cc:1197]712583 rtMemcpy:ErrCode=107030, desc=[the current capture mode does not support this operation], InnerCode=0x703001c
[ERROR] RUNTIME(712583,):2026-01-15-10:28:36.393.885 [error_message_manage.cc:53]712583 FuncErrorReason:report error module_type=3, module_name=EE8888
[ERROR] RUNTIME(712583,):2026-01-15-10:28:36.393.887 [error_message_manage.cc:53]712583 FuncErrorReason:rtMemcpy execute failed, reason=[the current capture mode does not support this operation]
[ERROR] ASCENDCL(712583,):2026-01-15-10:28:36.394.165 [memory.cpp:437]712583 aclrtMemcpyImpl: synchronized memcpy failed, kind = 1, runtime result = 107030
[ERROR] RUNTIME(712583,):2026-01-15-10:28:36.466.188 [api_error.cc:1519]712583 MemCopySync:Memory copy sync failed, cnt=72, kind=1.
[ERROR] RUNTIME(712583,):2026-01-15-10:28:36.466.196 [api_c.cc:1197]712583 rtMemcpy:ErrCode=107030, desc=[the current capture mode does not support this operation], InnerCode=0x703001c
[ERROR] RUNTIME(712583,):2026-01-15-10:28:36.466.198 [error_message_manage.cc:53]712583 FuncErrorReason:report error module_type=3, module_name=EE8888
[ERROR] RUNTIME(712583,):2026-01-15-10:28:36.466.201 [error_message_manage.cc:53]712583 FuncErrorReason:rtMemcpy execute failed, reason=[the current capture mode does not support this operation]
[ERROR] ASCENDCL(712583,):2026-01-15-10:28:36.466.426 [memory.cpp:437]712583 aclrtMemcpyImpl: synchronized memcpy failed, kind = 1, runtime result = 107030
[ERROR] RUNTIME(712583,):2026-01-15-10:28:36.541.160 [api_error.cc:1519]712583 MemCopySync:Memory copy sync failed, cnt=416, kind=1.
[ERROR] RUNTIME(712583,):2026-01-15-10:28:36.541.169 [api_c.cc:1197]712583 rtMemcpy:ErrCode=107030, desc=[the current capture mode does not support this operation], InnerCode=0x703001c
[ERROR] RUNTIME(712583,):2026-01-15-10:28:36.541.172 [error_message_manage.cc:53]712583 FuncErrorReason:report error module_type=3, module_name=EE8888
[ERROR] RUNTIME(712583,):2026-01-15-10:28:36.541.175 [error_message_manage.cc:53]712583 FuncErrorReason:rtMemcpy execute failed, reason=[the current capture mode does not support this operation]
[ERROR] ASCENDCL(712583,):2026-01-15-10:28:36.541.403 [memory.cpp:437]712583 aclrtMemcpyImpl: synchronized memcpy failed, kind = 1, runtime result = 107030
[ERROR] RUNTIME(712583,):2026-01-15-10:28:36.616.848 [api_error.cc:1519]712583 MemCopySync:Memory copy sync failed, cnt=72, kind=1.
[ERROR] RUNTIME(712583,):2026-01-15-10:28:36.616.856 [api_c.cc:1197]712583 rtMemcpy:ErrCode=107030, desc=[the current capture mode does not support this operation], InnerCode=0x703001c
[ERROR] RUNTIME(712583,):2026-01-15-10:28:36.616.858 [error_message_manage.cc:53]712583 FuncErrorReason:report error module_type=3, module_name=EE8888
[ERROR] RUNTIME(712583,):2026-01-15-10:28:36.616.861 [error_message_manage.cc:53]712583 FuncErrorReason:rtMemcpy execute failed, reason=[the current capture mode does not support this operation]
[ERROR] ASCENDCL(712583,):2026-01-15-10:28:36.617.068 [memory.cpp:437]712583 aclrtMemcpyImpl: synchronized memcpy failed, kind = 1, runtime result = 107030
[ERROR] RUNTIME(712583,):2026-01-15-10:28:36.692.560 [api_error.cc:1519]712583 MemCopySync:Memory copy sync failed, cnt=416, kind=1.
[ERROR] RUNTIME(712583,):2026-01-15-10:28:36.692.569 [api_c.cc:1197]712583 rtMemcpy:ErrCode=107030, desc=[the current capture mode does not support this operation], InnerCode=0x703001c
[ERROR] RUNTIME(712583,):2026-01-15-10:28:36.692.572 [error_message_manage.cc:53]712583 FuncErrorReason:report error module_type=3, module_name=EE8888
[ERROR] RUNTIME(712583,):2026-01-15-10:28:36.692.575 [error_message_manage.cc:53]712583 FuncErrorReason:rtMemcpy execute failed, reason=[the current capture mode does not support this operation]
[ERROR] ASCENDCL(712583,):2026-01-15-10:28:36.692.832 [memory.cpp:437]712583 aclrtMemcpyImpl: synchronized memcpy failed, kind = 1, runtime result = 107030
[ERROR] RUNTIME(712583,):2026-01-15-10:28:36.771.104 [api_error.cc:1519]712583 MemCopySync:Memory copy sync failed, cnt=72, kind=1.
[ERROR] RUNTIME(712583,):2026-01-15-10:28:36.771.112 [api_c.cc:1197]712583 rtMemcpy:ErrCode=107030, desc=[the current capture mode does not support this operation], InnerCode=0x703001c
[ERROR] RUNTIME(712583,):2026-01-15-10:28:36.771.115 [error_message_manage.cc:53]712583 FuncErrorReason:report error module_type=3, module_name=EE8888
[ERROR] RUNTIME(712583,):2026-01-15-10:28:36.771.118 [error_message_manage.cc:53]712583 FuncErrorReason:rtMemcpy execute failed, reason=[the current capture mode does not support this operation]
[ERROR] ASCENDCL(712583,):2026-01-15-10:28:36.771.383 [memory.cpp:437]712583 aclrtMemcpyImpl: synchronized memcpy failed, kind = 1, runtime result = 107030
[ERROR] RUNTIME(712583,):2026-01-15-10:28:36.854.539 [api_error.cc:1519]712583 MemCopySync:Memory copy sync failed, cnt=416, kind=1.
[ERROR] RUNTIME(712583,):2026-01-15-10:28:36.854.548 [api_c.cc:1197]712583 rtMemcpy:ErrCode=107030, desc=[the current capture mode does not support this operation], InnerCode=0x703001c
[ERROR] RUNTIME(712583,):2026-01-15-10:28:36.854.550 [error_message_manage.cc:53]712583 FuncErrorReason:report error module_type=3, module_name=EE8888
[ERROR] RUNTIME(712583,):2026-01-15-10:28:36.854.553 [error_message_manage.cc:53]712583 FuncErrorReason:rtMemcpy execute failed, reason=[the current capture mode does not support this operation]
[ERROR] ASCENDCL(712583,):2026-01-15-10:28:36.854.832 [memory.cpp:437]712583 aclrtMemcpyImpl: synchronized memcpy failed, kind = 1, runtime result = 107030
[ERROR] RUNTIME(712583,):2026-01-15-10:28:36.930.226 [api_error.cc:1519]712583 MemCopySync:Memory copy sync failed, cnt=72, kind=1.
[ERROR] RUNTIME(712583,):2026-01-15-10:28:36.930.234 [api_c.cc:1197]712583 rtMemcpy:ErrCode=107030, desc=[the current capture mode does not support this operation], InnerCode=0x703001c
[ERROR] RUNTIME(712583,):2026-01-15-10:28:36.930.236 [error_message_manage.cc:53]712583 FuncErrorReason:report error module_type=3, module_name=EE8888
[ERROR] RUNTIME(712583,):2026-01-15-10:28:36.930.239 [error_message_manage.cc:53]712583 FuncErrorReason:rtMemcpy execute failed, reason=[the current capture mode does not support this operation]
[ERROR] ASCENDCL(712583,):2026-01-15-10:28:36.930.516 [memory.cpp:437]712583 aclrtMemcpyImpl: synchronized memcpy failed, kind = 1, runtime result = 107030
[ERROR] RUNTIME(712583,):2026-01-15-10:28:37.007.743 [api_error.cc:1519]712583 MemCopySync:Memory copy sync failed, cnt=416, kind=1.
[ERROR] RUNTIME(712583,):2026-01-15-10:28:37.007.751 [api_c.cc:1197]712583 rtMemcpy:ErrCode=107030, desc=[the current capture mode does not support this operation], InnerCode=0x703001c
[ERROR] RUNTIME(712583,):2026-01-15-10:28:37.007.754 [error_message_manage.cc:53]712583 FuncErrorReason:report error module_type=3, module_name=EE8888
[ERROR] RUNTIME(712583,):2026-01-15-10:28:37.007.756 [error_message_manage.cc:53]712583 FuncErrorReason:rtMemcpy execute failed, reason=[the current capture mode does not support this operation]
[ERROR] ASCENDCL(712583,):2026-01-15-10:28:37.007.959 [memory.cpp:437]712583 aclrtMemcpyImpl: synchronized memcpy failed, kind = 1, runtime result = 107030
[ERROR] RUNTIME(712583,):2026-01-15-10:28:37.074.669 [api_error.cc:1519]712583 MemCopySync:Memory copy sync failed, cnt=72, kind=1.
[ERROR] RUNTIME(712583,):2026-01-15-10:28:37.074.677 [api_c.cc:1197]712583 rtMemcpy:ErrCode=107030, desc=[the current capture mode does not support this operation], InnerCode=0x703001c
[ERROR] RUNTIME(712583,):2026-01-15-10:28:37.074.680 [error_message_manage.cc:53]712583 FuncErrorReason:report error module_type=3, module_name=EE8888
[ERROR] RUNTIME(712583,):2026-01-15-10:28:37.074.683 [error_message_manage.cc:53]712583 FuncErrorReason:rtMemcpy execute failed, reason=[the current capture mode does not support this operation]
[ERROR] ASCENDCL(712583,):2026-01-15-10:28:37.074.941 [memory.cpp:437]712583 aclrtMemcpyImpl: synchronized memcpy failed, kind = 1, runtime result = 107030
[ERROR] RUNTIME(712583,):2026-01-15-10:28:37.138.617 [api_error.cc:1519]712583 MemCopySync:Memory copy sync failed, cnt=416, kind=1.
[ERROR] RUNTIME(712583,):2026-01-15-10:28:37.138.626 [api_c.cc:1197]712583 rtMemcpy:ErrCode=107030, desc=[the current capture mode does not support this operation], InnerCode=0x703001c
[ERROR] RUNTIME(712583,):2026-01-15-10:28:37.138.629 [error_message_manage.cc:53]712583 FuncErrorReason:report error module_type=3, module_name=EE8888
[ERROR] RUNTIME(712583,):2026-01-15-10:28:37.138.631 [error_message_manage.cc:53]712583 FuncErrorReason:rtMemcpy execute failed, reason=[the current capture mode does not support this operation]
[ERROR] ASCENDCL(712583,):2026-01-15-10:28:37.138.849 [memory.cpp:437]712583 aclrtMemcpyImpl: synchronized memcpy failed, kind = 1, runtime result = 107030
[ERROR] RUNTIME(712583,):2026-01-15-10:28:37.208.002 [api_error.cc:1519]712583 MemCopySync:Memory copy sync failed, cnt=72, kind=1.
[ERROR] RUNTIME(712583,):2026-01-15-10:28:37.208.010 [api_c.cc:1197]712583 rtMemcpy:ErrCode=107030, desc=[the current capture mode does not support this operation], InnerCode=0x703001c
[ERROR] RUNTIME(712583,):2026-01-15-10:28:37.208.012 [error_message_manage.cc:53]712583 FuncErrorReason:report error module_type=3, module_name=EE8888
[ERROR] RUNTIME(712583,):2026-01-15-10:28:37.208.015 [error_message_manage.cc:53]712583 FuncErrorReason:rtMemcpy execute failed, reason=[the current capture mode does not support this operation]
[ERROR] ASCENDCL(712583,):2026-01-15-10:28:37.208.229 [memory.cpp:437]712583 aclrtMemcpyImpl: synchronized memcpy failed, kind = 1, runtime result = 107030
[ERROR] RUNTIME(712583,):2026-01-15-10:28:37.279.107 [api_error.cc:1519]712583 MemCopySync:Memory copy sync failed, cnt=416, kind=1.
[ERROR] RUNTIME(712583,):2026-01-15-10:28:37.279.116 [api_c.cc:1197]712583 rtMemcpy:ErrCode=107030, desc=[the current capture mode does not support this operation], InnerCode=0x703001c
[ERROR] RUNTIME(712583,):2026-01-15-10:28:37.279.119 [error_message_manage.cc:53]712583 FuncErrorReason:report error module_type=3, module_name=EE8888
[ERROR] RUNTIME(712583,):2026-01-15-10:28:37.279.121 [error_message_manage.cc:53]712583 FuncErrorReason:rtMemcpy execute failed, reason=[the current capture mode does not support this operation]
[ERROR] ASCENDCL(712583,):2026-01-15-10:28:37.279.391 [memory.cpp:437]712583 aclrtMemcpyImpl: synchronized memcpy failed, kind = 1, runtime result = 107030
[ERROR] RUNTIME(712583,):2026-01-15-10:28:37.346.980 [api_error.cc:1519]712583 MemCopySync:Memory copy sync failed, cnt=72, kind=1.
[ERROR] RUNTIME(712583,):2026-01-15-10:28:37.346.988 [api_c.cc:1197]712583 rtMemcpy:ErrCode=107030, desc=[the current capture mode does not support this operation], InnerCode=0x703001c
[ERROR] RUNTIME(712583,):2026-01-15-10:28:37.346.990 [error_message_manage.cc:53]712583 FuncErrorReason:report error module_type=3, module_name=EE8888
[ERROR] RUNTIME(712583,):2026-01-15-10:28:37.346.993 [error_message_manage.cc:53]712583 FuncErrorReason:rtMemcpy execute failed, reason=[the current capture mode does not support this operation]
[ERROR] ASCENDCL(712583,):2026-01-15-10:28:37.347.244 [memory.cpp:437]712583 aclrtMemcpyImpl: synchronized memcpy failed, kind = 1, runtime result = 107030
[ERROR] RUNTIME(712583,):2026-01-15-10:28:37.414.985 [api_error.cc:1519]712583 MemCopySync:Memory copy sync failed, cnt=416, kind=1.
[ERROR] RUNTIME(712583,):2026-01-15-10:28:37.414.994 [api_c.cc:1197]712583 rtMemcpy:ErrCode=107030, desc=[the current capture mode does not support this operation], InnerCode=0x703001c
[ERROR] RUNTIME(712583,):2026-01-15-10:28:37.414.996 [error_message_manage.cc:53]712583 FuncErrorReason:report error module_type=3, module_name=EE8888
[ERROR] RUNTIME(712583,):2026-01-15-10:28:37.414.999 [error_message_manage.cc:53]712583 FuncErrorReason:rtMemcpy execute failed, reason=[the current capture mode does not support this operation]
[ERROR] ASCENDCL(712583,):2026-01-15-10:28:37.415.215 [memory.cpp:437]712583 aclrtMemcpyImpl: synchronized memcpy failed, kind = 1, runtime result = 107030
[ERROR] RUNTIME(712583,):2026-01-15-10:28:37.481.537 [api_error.cc:1519]712583 MemCopySync:Memory copy sync failed, cnt=72, kind=1.
[ERROR] RUNTIME(712583,):2026-01-15-10:28:37.481.544 [api_c.cc:1197]712583 rtMemcpy:ErrCode=107030, desc=[the current capture mode does not support this operation], InnerCode=0x703001c
[ERROR] RUNTIME(712583,):2026-01-15-10:28:37.481.547 [error_message_manage.cc:53]712583 FuncErrorReason:report error module_type=3, module_name=EE8888
[ERROR] RUNTIME(712583,):2026-01-15-10:28:37.481.550 [error_message_manage.cc:53]712583 FuncErrorReason:rtMemcpy execute failed, reason=[the current capture mode does not support this operation]
[ERROR] ASCENDCL(712583,):2026-01-15-10:28:37.481.828 [memory.cpp:437]712583 aclrtMemcpyImpl: synchronized memcpy failed, kind = 1, runtime result = 107030
[ERROR] RUNTIME(712583,):2026-01-15-10:28:37.555.079 [api_error.cc:1519]712583 MemCopySync:Memory copy sync failed, cnt=416, kind=1.
[ERROR] RUNTIME(712583,):2026-01-15-10:28:37.555.087 [api_c.cc:1197]712583 rtMemcpy:ErrCode=107030, desc=[the current capture mode does not support this operation], InnerCode=0x703001c
[ERROR] RUNTIME(712583,):2026-01-15-10:28:37.555.089 [error_message_manage.cc:53]712583 FuncErrorReason:report error module_type=3, module_name=EE8888
[ERROR] RUNTIME(712583,):2026-01-15-10:28:37.555.092 [error_message_manage.cc:53]712583 FuncErrorReason:rtMemcpy execute failed, reason=[the current capture mode does not support this operation]
[ERROR] ASCENDCL(712583,):2026-01-15-10:28:37.555.300 [memory.cpp:437]712583 aclrtMemcpyImpl: synchronized memcpy failed, kind = 1, runtime result = 107030
[ERROR] RUNTIME(712583,):2026-01-15-10:28:37.626.374 [api_error.cc:1519]712583 MemCopySync:Memory copy sync failed, cnt=72, kind=1.
[ERROR] RUNTIME(712583,):2026-01-15-10:28:37.626.382 [api_c.cc:1197]712583 rtMemcpy:ErrCode=107030, desc=[the current capture mode does not support this operation], InnerCode=0x703001c
[ERROR] RUNTIME(712583,):2026-01-15-10:28:37.626.384 [error_message_manage.cc:53]712583 FuncErrorReason:report error module_type=3, module_name=EE8888
[ERROR] RUNTIME(712583,):2026-01-15-10:28:37.626.387 [error_message_manage.cc:53]712583 FuncErrorReason:rtMemcpy execute failed, reason=[the current capture mode does not support this operation]
[ERROR] ASCENDCL(712583,):2026-01-15-10:28:37.626.589 [memory.cpp:437]712583 aclrtMemcpyImpl: synchronized memcpy failed, kind = 1, runtime result = 107030
[ERROR] RUNTIME(712583,):2026-01-15-10:28:37.700.439 [api_error.cc:1519]712583 MemCopySync:Memory copy sync failed, cnt=416, kind=1.
[ERROR] RUNTIME(712583,):2026-01-15-10:28:37.700.447 [api_c.cc:1197]712583 rtMemcpy:ErrCode=107030, desc=[the current capture mode does not support this operation], InnerCode=0x703001c
[ERROR] RUNTIME(712583,):2026-01-15-10:28:37.700.450 [error_message_manage.cc:53]712583 FuncErrorReason:report error module_type=3, module_name=EE8888
[ERROR] RUNTIME(712583,):2026-01-15-10:28:37.700.452 [error_message_manage.cc:53]712583 FuncErrorReason:rtMemcpy execute failed, reason=[the current capture mode does not support this operation]
[ERROR] ASCENDCL(712583,):2026-01-15-10:28:37.700.664 [memory.cpp:437]712583 aclrtMemcpyImpl: synchronized memcpy failed, kind = 1, runtime result = 107030
[ERROR] RUNTIME(712583,):2026-01-15-10:28:37.774.775 [api_error.cc:1519]712583 MemCopySync:Memory copy sync failed, cnt=72, kind=1.
[ERROR] RUNTIME(712583,):2026-01-15-10:28:37.774.783 [api_c.cc:1197]712583 rtMemcpy:ErrCode=107030, desc=[the current capture mode does not support this operation], InnerCode=0x703001c
[ERROR] RUNTIME(712583,):2026-01-15-10:28:37.774.785 [error_message_manage.cc:53]712583 FuncErrorReason:report error module_type=3, module_name=EE8888
[ERROR] RUNTIME(712583,):2026-01-15-10:28:37.774.788 [error_message_manage.cc:53]712583 FuncErrorReason:rtMemcpy execute failed, reason=[the current capture mode does not support this operation]
[ERROR] ASCENDCL(712583,):2026-01-15-10:28:37.775.036 [memory.cpp:437]712583 aclrtMemcpyImpl: synchronized memcpy failed, kind = 1, runtime result = 107030
[ERROR] RUNTIME(712583,):2026-01-15-10:28:37.848.713 [api_error.cc:1519]712583 MemCopySync:Memory copy sync failed, cnt=416, kind=1.
[ERROR] RUNTIME(712583,):2026-01-15-10:28:37.848.721 [api_c.cc:1197]712583 rtMemcpy:ErrCode=107030, desc=[the current capture mode does not support this operation], InnerCode=0x703001c
[ERROR] RUNTIME(712583,):2026-01-15-10:28:37.848.724 [error_message_manage.cc:53]712583 FuncErrorReason:report error module_type=3, module_name=EE8888
[ERROR] RUNTIME(712583,):2026-01-15-10:28:37.848.727 [error_message_manage.cc:53]712583 FuncErrorReason:rtMemcpy execute failed, reason=[the current capture mode does not support this operation]
[ERROR] ASCENDCL(712583,):2026-01-15-10:28:37.849.012 [memory.cpp:437]712583 aclrtMemcpyImpl: synchronized memcpy failed, kind = 1, runtime result = 107030
[ERROR] RUNTIME(712583,):2026-01-15-10:28:37.921.342 [api_error.cc:1519]712583 MemCopySync:Memory copy sync failed, cnt=72, kind=1.
[ERROR] RUNTIME(712583,):2026-01-15-10:28:37.921.349 [api_c.cc:1197]712583 rtMemcpy:ErrCode=107030, desc=[the current capture mode does not support this operation], InnerCode=0x703001c
[ERROR] RUNTIME(712583,):2026-01-15-10:28:37.921.352 [error_message_manage.cc:53]712583 FuncErrorReason:report error module_type=3, module_name=EE8888
[ERROR] RUNTIME(712583,):2026-01-15-10:28:37.921.354 [error_message_manage.cc:53]712583 FuncErrorReason:rtMemcpy execute failed, reason=[the current capture mode does not support this operation]
[ERROR] ASCENDCL(712583,):2026-01-15-10:28:37.921.562 [memory.cpp:437]712583 aclrtMemcpyImpl: synchronized memcpy failed, kind = 1, runtime result = 107030
[ERROR] RUNTIME(712583,):2026-01-15-10:28:37.999.900 [api_error.cc:1519]712583 MemCopySync:Memory copy sync failed, cnt=416, kind=1.
[ERROR] RUNTIME(712583,):2026-01-15-10:28:37.999.908 [api_c.cc:1197]712583 rtMemcpy:ErrCode=107030, desc=[the current capture mode does not support this operation], InnerCode=0x703001c
[ERROR] RUNTIME(712583,):2026-01-15-10:28:37.999.911 [error_message_manage.cc:53]712583 FuncErrorReason:report error module_type=3, module_name=EE8888
[ERROR] RUNTIME(712583,):2026-01-15-10:28:37.999.913 [error_message_manage.cc:53]712583 FuncErrorReason:rtMemcpy execute failed, reason=[the current capture mode does not support this operation]
[ERROR] ASCENDCL(712583,):2026-01-15-10:28:38.000.137 [memory.cpp:437]712583 aclrtMemcpyImpl: synchronized memcpy failed, kind = 1, runtime result = 107030
[ERROR] RUNTIME(712583,):2026-01-15-10:28:38.070.633 [api_error.cc:1519]712583 MemCopySync:Memory copy sync failed, cnt=72, kind=1.
[ERROR] RUNTIME(712583,):2026-01-15-10:28:38.070.641 [api_c.cc:1197]712583 rtMemcpy:ErrCode=107030, desc=[the current capture mode does not support this operation], InnerCode=0x703001c
[ERROR] RUNTIME(712583,):2026-01-15-10:28:38.070.644 [error_message_manage.cc:53]712583 FuncErrorReason:report error module_type=3, module_name=EE8888
[ERROR] RUNTIME(712583,):2026-01-15-10:28:38.070.646 [error_message_manage.cc:53]712583 FuncErrorReason:rtMemcpy execute failed, reason=[the current capture mode does not support this operation]
[ERROR] ASCENDCL(712583,):2026-01-15-10:28:38.070.915 [memory.cpp:437]712583 aclrtMemcpyImpl: synchronized memcpy failed, kind = 1, runtime result = 107030
[ERROR] RUNTIME(712583,):2026-01-15-10:28:38.143.697 [api_error.cc:1519]712583 MemCopySync:Memory copy sync failed, cnt=416, kind=1.
[ERROR] RUNTIME(712583,):2026-01-15-10:28:38.143.705 [api_c.cc:1197]712583 rtMemcpy:ErrCode=107030, desc=[the current capture mode does not support this operation], InnerCode=0x703001c
[ERROR] RUNTIME(712583,):2026-01-15-10:28:38.143.707 [error_message_manage.cc:53]712583 FuncErrorReason:report error module_type=3, module_name=EE8888
[ERROR] RUNTIME(712583,):2026-01-15-10:28:38.143.710 [error_message_manage.cc:53]712583 FuncErrorReason:rtMemcpy execute failed, reason=[the current capture mode does not support this operation]
[ERROR] ASCENDCL(712583,):2026-01-15-10:28:38.143.970 [memory.cpp:437]712583 aclrtMemcpyImpl: synchronized memcpy failed, kind = 1, runtime result = 107030
[ERROR] RUNTIME(712583,):2026-01-15-10:28:38.213.029 [api_error.cc:1519]712583 MemCopySync:Memory copy sync failed, cnt=72, kind=1.
[ERROR] RUNTIME(712583,):2026-01-15-10:28:38.213.037 [api_c.cc:1197]712583 rtMemcpy:ErrCode=107030, desc=[the current capture mode does not support this operation], InnerCode=0x703001c
[ERROR] RUNTIME(712583,):2026-01-15-10:28:38.213.040 [error_message_manage.cc:53]712583 FuncErrorReason:report error module_type=3, module_name=EE8888
[ERROR] RUNTIME(712583,):2026-01-15-10:28:38.213.042 [error_message_manage.cc:53]712583 FuncErrorReason:rtMemcpy execute failed, reason=[the current capture mode does not support this operation]
[ERROR] ASCENDCL(712583,):2026-01-15-10:28:38.213.255 [memory.cpp:437]712583 aclrtMemcpyImpl: synchronized memcpy failed, kind = 1, runtime result = 107030
[ERROR] RUNTIME(712583,):2026-01-15-10:28:38.286.621 [api_error.cc:1519]712583 MemCopySync:Memory copy sync failed, cnt=416, kind=1.
[ERROR] RUNTIME(712583,):2026-01-15-10:28:38.286.629 [api_c.cc:1197]712583 rtMemcpy:ErrCode=107030, desc=[the current capture mode does not support this operation], InnerCode=0x703001c
[ERROR] RUNTIME(712583,):2026-01-15-10:28:38.286.631 [error_message_manage.cc:53]712583 FuncErrorReason:report error module_type=3, module_name=EE8888
[ERROR] RUNTIME(712583,):2026-01-15-10:28:38.286.634 [error_message_manage.cc:53]712583 FuncErrorReason:rtMemcpy execute failed, reason=[the current capture mode does not support this operation]
[ERROR] ASCENDCL(712583,):2026-01-15-10:28:38.286.885 [memory.cpp:437]712583 aclrtMemcpyImpl: synchronized memcpy failed, kind = 1, runtime result = 107030
[ERROR] RUNTIME(712583,):2026-01-15-10:28:38.357.782 [api_error.cc:1519]712583 MemCopySync:Memory copy sync failed, cnt=72, kind=1.
[ERROR] RUNTIME(712583,):2026-01-15-10:28:38.357.790 [api_c.cc:1197]712583 rtMemcpy:ErrCode=107030, desc=[the current capture mode does not support this operation], InnerCode=0x703001c
[ERROR] RUNTIME(712583,):2026-01-15-10:28:38.357.792 [error_message_manage.cc:53]712583 FuncErrorReason:report error module_type=3, module_name=EE8888
[ERROR] RUNTIME(712583,):2026-01-15-10:28:38.357.795 [error_message_manage.cc:53]712583 FuncErrorReason:rtMemcpy execute failed, reason=[the current capture mode does not support this operation]
[ERROR] ASCENDCL(712583,):2026-01-15-10:28:38.358.026 [memory.cpp:437]712583 aclrtMemcpyImpl: synchronized memcpy failed, kind = 1, runtime result = 107030
[ERROR] RUNTIME(712583,):2026-01-15-10:28:38.433.034 [api_error.cc:1519]712583 MemCopySync:Memory copy sync failed, cnt=416, kind=1.
[ERROR] RUNTIME(712583,):2026-01-15-10:28:38.433.043 [api_c.cc:1197]712583 rtMemcpy:ErrCode=107030, desc=[the current capture mode does not support this operation], InnerCode=0x703001c
[ERROR] RUNTIME(712583,):2026-01-15-10:28:38.433.045 [error_message_manage.cc:53]712583 FuncErrorReason:report error module_type=3, module_name=EE8888
[ERROR] RUNTIME(712583,):2026-01-15-10:28:38.433.048 [error_message_manage.cc:53]712583 FuncErrorReason:rtMemcpy execute failed, reason=[the current capture mode does not support this operation]
[ERROR] ASCENDCL(712583,):2026-01-15-10:28:38.433.318 [memory.cpp:437]712583 aclrtMemcpyImpl: synchronized memcpy failed, kind = 1, runtime result = 107030
[ERROR] RUNTIME(712583,):2026-01-15-10:28:38.507.582 [api_error.cc:1519]712583 MemCopySync:Memory copy sync failed, cnt=72, kind=1.
[ERROR] RUNTIME(712583,):2026-01-15-10:28:38.507.590 [api_c.cc:1197]712583 rtMemcpy:ErrCode=107030, desc=[the current capture mode does not support this operation], InnerCode=0x703001c
[ERROR] RUNTIME(712583,):2026-01-15-10:28:38.507.592 [error_message_manage.cc:53]712583 FuncErrorReason:report error module_type=3, module_name=EE8888
[ERROR] RUNTIME(712583,):2026-01-15-10:28:38.507.595 [error_message_manage.cc:53]712583 FuncErrorReason:rtMemcpy execute failed, reason=[the current capture mode does not support this operation]
[ERROR] ASCENDCL(712583,):2026-01-15-10:28:38.507.800 [memory.cpp:437]712583 aclrtMemcpyImpl: synchronized memcpy failed, kind = 1, runtime result = 107030
[ERROR] RUNTIME(712583,):2026-01-15-10:28:38.582.460 [api_error.cc:1519]712583 MemCopySync:Memory copy sync failed, cnt=416, kind=1.
[ERROR] RUNTIME(712583,):2026-01-15-10:28:38.582.469 [api_c.cc:1197]712583 rtMemcpy:ErrCode=107030, desc=[the current capture mode does not support this operation], InnerCode=0x703001c
[ERROR] RUNTIME(712583,):2026-01-15-10:28:38.582.471 [error_message_manage.cc:53]712583 FuncErrorReason:report error module_type=3, module_name=EE8888
[ERROR] RUNTIME(712583,):2026-01-15-10:28:38.582.474 [error_message_manage.cc:53]712583 FuncErrorReason:rtMemcpy execute failed, reason=[the current capture mode does not support this operation]
[ERROR] ASCENDCL(712583,):2026-01-15-10:28:38.582.726 [memory.cpp:437]712583 aclrtMemcpyImpl: synchronized memcpy failed, kind = 1, runtime result = 107030
[ERROR] RUNTIME(712583,):2026-01-15-10:28:38.647.799 [api_error.cc:1519]712583 MemCopySync:Memory copy sync failed, cnt=72, kind=1.
[ERROR] RUNTIME(712583,):2026-01-15-10:28:38.647.806 [api_c.cc:1197]712583 rtMemcpy:ErrCode=107030, desc=[the current capture mode does not support this operation], InnerCode=0x703001c
[ERROR] RUNTIME(712583,):2026-01-15-10:28:38.647.809 [error_message_manage.cc:53]712583 FuncErrorReason:report error module_type=3, module_name=EE8888
[ERROR] RUNTIME(712583,):2026-01-15-10:28:38.647.812 [error_message_manage.cc:53]712583 FuncErrorReason:rtMemcpy execute failed, reason=[the current capture mode does not support this operation]
[ERROR] ASCENDCL(712583,):2026-01-15-10:28:38.648.075 [memory.cpp:437]712583 aclrtMemcpyImpl: synchronized memcpy failed, kind = 1, runtime result = 107030
[ERROR] RUNTIME(712583,):2026-01-15-10:28:38.717.362 [api_error.cc:1519]712583 MemCopySync:Memory copy sync failed, cnt=416, kind=1.
[ERROR] RUNTIME(712583,):2026-01-15-10:28:38.717.370 [api_c.cc:1197]712583 rtMemcpy:ErrCode=107030, desc=[the current capture mode does not support this operation], InnerCode=0x703001c
[ERROR] RUNTIME(712583,):2026-01-15-10:28:38.717.373 [error_message_manage.cc:53]712583 FuncErrorReason:report error module_type=3, module_name=EE8888
[ERROR] RUNTIME(712583,):2026-01-15-10:28:38.717.376 [error_message_manage.cc:53]712583 FuncErrorReason:rtMemcpy execute failed, reason=[the current capture mode does not support this operation]
[ERROR] ASCENDCL(712583,):2026-01-15-10:28:38.717.606 [memory.cpp:437]712583 aclrtMemcpyImpl: synchronized memcpy failed, kind = 1, runtime result = 107030
[ERROR] RUNTIME(712583,):2026-01-15-10:28:38.787.069 [api_error.cc:1519]712583 MemCopySync:Memory copy sync failed, cnt=72, kind=1.
[ERROR] RUNTIME(712583,):2026-01-15-10:28:38.787.077 [api_c.cc:1197]712583 rtMemcpy:ErrCode=107030, desc=[the current capture mode does not support this operation], InnerCode=0x703001c
[ERROR] RUNTIME(712583,):2026-01-15-10:28:38.787.079 [error_message_manage.cc:53]712583 FuncErrorReason:report error module_type=3, module_name=EE8888
[ERROR] RUNTIME(712583,):2026-01-15-10:28:38.787.082 [error_message_manage.cc:53]712583 FuncErrorReason:rtMemcpy execute failed, reason=[the current capture mode does not support this operation]
[ERROR] ASCENDCL(712583,):2026-01-15-10:28:38.787.319 [memory.cpp:437]712583 aclrtMemcpyImpl: synchronized memcpy failed, kind = 1, runtime result = 107030
[ERROR] RUNTIME(712583,):2026-01-15-10:28:38.860.310 [api_error.cc:1519]712583 MemCopySync:Memory copy sync failed, cnt=416, kind=1.
[ERROR] RUNTIME(712583,):2026-01-15-10:28:38.860.319 [api_c.cc:1197]712583 rtMemcpy:ErrCode=107030, desc=[the current capture mode does not support this operation], InnerCode=0x703001c
[ERROR] RUNTIME(712583,):2026-01-15-10:28:38.860.321 [error_message_manage.cc:53]712583 FuncErrorReason:report error module_type=3, module_name=EE8888
[ERROR] RUNTIME(712583,):2026-01-15-10:28:38.860.324 [error_message_manage.cc:53]712583 FuncErrorReason:rtMemcpy execute failed, reason=[the current capture mode does not support this operation]
[ERROR] ASCENDCL(712583,):2026-01-15-10:28:38.860.604 [memory.cpp:437]712583 aclrtMemcpyImpl: synchronized memcpy failed, kind = 1, runtime result = 107030
[ERROR] RUNTIME(712583,):2026-01-15-10:28:38.933.053 [api_error.cc:1519]712583 MemCopySync:Memory copy sync failed, cnt=72, kind=1.
[ERROR] RUNTIME(712583,):2026-01-15-10:28:38.933.062 [api_c.cc:1197]712583 rtMemcpy:ErrCode=107030, desc=[the current capture mode does not support this operation], InnerCode=0x703001c
[ERROR] RUNTIME(712583,):2026-01-15-10:28:38.933.064 [error_message_manage.cc:53]712583 FuncErrorReason:report error module_type=3, module_name=EE8888
[ERROR] RUNTIME(712583,):2026-01-15-10:28:38.933.067 [error_message_manage.cc:53]712583 FuncErrorReason:rtMemcpy execute failed, reason=[the current capture mode does not support this operation]
[ERROR] ASCENDCL(712583,):2026-01-15-10:28:38.933.297 [memory.cpp:437]712583 aclrtMemcpyImpl: synchronized memcpy failed, kind = 1, runtime result = 107030
[ERROR] RUNTIME(712583,):2026-01-15-10:28:39.002.009 [api_error.cc:1519]712583 MemCopySync:Memory copy sync failed, cnt=416, kind=1.
[ERROR] RUNTIME(712583,):2026-01-15-10:28:39.002.018 [api_c.cc:1197]712583 rtMemcpy:ErrCode=107030, desc=[the current capture mode does not support this operation], InnerCode=0x703001c
[ERROR] RUNTIME(712583,):2026-01-15-10:28:39.002.020 [error_message_manage.cc:53]712583 FuncErrorReason:report error module_type=3, module_name=EE8888
[ERROR] RUNTIME(712583,):2026-01-15-10:28:39.002.023 [error_message_manage.cc:53]712583 FuncErrorReason:rtMemcpy execute failed, reason=[the current capture mode does not support this operation]
[ERROR] ASCENDCL(712583,):2026-01-15-10:28:39.002.224 [memory.cpp:437]712583 aclrtMemcpyImpl: synchronized memcpy failed, kind = 1, runtime result = 107030
[ERROR] RUNTIME(712583,):2026-01-15-10:28:39.068.868 [api_error.cc:1519]712583 MemCopySync:Memory copy sync failed, cnt=72, kind=1.
[ERROR] RUNTIME(712583,):2026-01-15-10:28:39.068.876 [api_c.cc:1197]712583 rtMemcpy:ErrCode=107030, desc=[the current capture mode does not support this operation], InnerCode=0x703001c
[ERROR] RUNTIME(712583,):2026-01-15-10:28:39.068.879 [error_message_manage.cc:53]712583 FuncErrorReason:report error module_type=3, module_name=EE8888
[ERROR] RUNTIME(712583,):2026-01-15-10:28:39.068.882 [error_message_manage.cc:53]712583 FuncErrorReason:rtMemcpy execute failed, reason=[the current capture mode does not support this operation]
[ERROR] ASCENDCL(712583,):2026-01-15-10:28:39.069.163 [memory.cpp:437]712583 aclrtMemcpyImpl: synchronized memcpy failed, kind = 1, runtime result = 107030
[ERROR] RUNTIME(712583,):2026-01-15-10:28:39.142.158 [api_error.cc:1519]712583 MemCopySync:Memory copy sync failed, cnt=416, kind=1.
[ERROR] RUNTIME(712583,):2026-01-15-10:28:39.142.166 [api_c.cc:1197]712583 rtMemcpy:ErrCode=107030, desc=[the current capture mode does not support this operation], InnerCode=0x703001c
[ERROR] RUNTIME(712583,):2026-01-15-10:28:39.142.168 [error_message_manage.cc:53]712583 FuncErrorReason:report error module_type=3, module_name=EE8888
[ERROR] RUNTIME(712583,):2026-01-15-10:28:39.142.171 [error_message_manage.cc:53]712583 FuncErrorReason:rtMemcpy execute failed, reason=[the current capture mode does not support this operation]
[ERROR] ASCENDCL(712583,):2026-01-15-10:28:39.142.436 [memory.cpp:437]712583 aclrtMemcpyImpl: synchronized memcpy failed, kind = 1, runtime result = 107030
[ERROR] RUNTIME(712583,):2026-01-15-10:28:39.208.287 [api_error.cc:1519]712583 MemCopySync:Memory copy sync failed, cnt=72, kind=1.
[ERROR] RUNTIME(712583,):2026-01-15-10:28:39.208.294 [api_c.cc:1197]712583 rtMemcpy:ErrCode=107030, desc=[the current capture mode does not support this operation], InnerCode=0x703001c
[ERROR] RUNTIME(712583,):2026-01-15-10:28:39.208.297 [error_message_manage.cc:53]712583 FuncErrorReason:report error module_type=3, module_name=EE8888
[ERROR] RUNTIME(712583,):2026-01-15-10:28:39.208.299 [error_message_manage.cc:53]712583 FuncErrorReason:rtMemcpy execute failed, reason=[the current capture mode does not support this operation]
[ERROR] ASCENDCL(712583,):2026-01-15-10:28:39.208.498 [memory.cpp:437]712583 aclrtMemcpyImpl: synchronized memcpy failed, kind = 1, runtime result = 107030
[ERROR] RUNTIME(712583,):2026-01-15-10:28:39.280.875 [api_error.cc:1519]712583 MemCopySync:Memory copy sync failed, cnt=416, kind=1.
[ERROR] RUNTIME(712583,):2026-01-15-10:28:39.280.883 [api_c.cc:1197]712583 rtMemcpy:ErrCode=107030, desc=[the current capture mode does not support this operation], InnerCode=0x703001c
[ERROR] RUNTIME(712583,):2026-01-15-10:28:39.280.886 [error_message_manage.cc:53]712583 FuncErrorReason:report error module_type=3, module_name=EE8888
[ERROR] RUNTIME(712583,):2026-01-15-10:28:39.280.889 [error_message_manage.cc:53]712583 FuncErrorReason:rtMemcpy execute failed, reason=[the current capture mode does not support this operation]
[ERROR] ASCENDCL(712583,):2026-01-15-10:28:39.281.183 [memory.cpp:437]712583 aclrtMemcpyImpl: synchronized memcpy failed, kind = 1, runtime result = 107030
[ERROR] RUNTIME(712583,):2026-01-15-10:28:39.348.903 [api_error.cc:1519]712583 MemCopySync:Memory copy sync failed, cnt=72, kind=1.
[ERROR] RUNTIME(712583,):2026-01-15-10:28:39.348.910 [api_c.cc:1197]712583 rtMemcpy:ErrCode=107030, desc=[the current capture mode does not support this operation], InnerCode=0x703001c
[ERROR] RUNTIME(712583,):2026-01-15-10:28:39.348.913 [error_message_manage.cc:53]712583 FuncErrorReason:report error module_type=3, module_name=EE8888
[ERROR] RUNTIME(712583,):2026-01-15-10:28:39.348.915 [error_message_manage.cc:53]712583 FuncErrorReason:rtMemcpy execute failed, reason=[the current capture mode does not support this operation]
[ERROR] ASCENDCL(712583,):2026-01-15-10:28:39.349.240 [memory.cpp:437]712583 aclrtMemcpyImpl: synchronized memcpy failed, kind = 1, runtime result = 107030
[ERROR] RUNTIME(712583,):2026-01-15-10:28:39.413.671 [api_error.cc:1519]712583 MemCopySync:Memory copy sync failed, cnt=416, kind=1.
[ERROR] RUNTIME(712583,):2026-01-15-10:28:39.413.679 [api_c.cc:1197]712583 rtMemcpy:ErrCode=107030, desc=[the current capture mode does not support this operation], InnerCode=0x703001c
[ERROR] RUNTIME(712583,):2026-01-15-10:28:39.413.682 [error_message_manage.cc:53]712583 FuncErrorReason:report error module_type=3, module_name=EE8888
[ERROR] RUNTIME(712583,):2026-01-15-10:28:39.413.685 [error_message_manage.cc:53]712583 FuncErrorReason:rtMemcpy execute failed, reason=[the current capture mode does not support this operation]
[ERROR] ASCENDCL(712583,):2026-01-15-10:28:39.413.913 [memory.cpp:437]712583 aclrtMemcpyImpl: synchronized memcpy failed, kind = 1, runtime result = 107030
[ERROR] RUNTIME(712583,):2026-01-15-10:28:39.485.762 [api_error.cc:1519]712583 MemCopySync:Memory copy sync failed, cnt=72, kind=1.
[ERROR] RUNTIME(712583,):2026-01-15-10:28:39.485.770 [api_c.cc:1197]712583 rtMemcpy:ErrCode=107030, desc=[the current capture mode does not support this operation], InnerCode=0x703001c
[ERROR] RUNTIME(712583,):2026-01-15-10:28:39.485.772 [error_message_manage.cc:53]712583 FuncErrorReason:report error module_type=3, module_name=EE8888
[ERROR] RUNTIME(712583,):2026-01-15-10:28:39.485.775 [error_message_manage.cc:53]712583 FuncErrorReason:rtMemcpy execute failed, reason=[the current capture mode does not support this operation]
[ERROR] ASCENDCL(712583,):2026-01-15-10:28:39.486.146 [memory.cpp:437]712583 aclrtMemcpyImpl: synchronized memcpy failed, kind = 1, runtime result = 107030
[ERROR] RUNTIME(712583,):2026-01-15-10:28:39.552.562 [api_error.cc:1519]712583 MemCopySync:Memory copy sync failed, cnt=416, kind=1.
[ERROR] RUNTIME(712583,):2026-01-15-10:28:39.552.571 [api_c.cc:1197]712583 rtMemcpy:ErrCode=107030, desc=[the current capture mode does not support this operation], InnerCode=0x703001c
[ERROR] RUNTIME(712583,):2026-01-15-10:28:39.552.573 [error_message_manage.cc:53]712583 FuncErrorReason:report error module_type=3, module_name=EE8888
[ERROR] RUNTIME(712583,):2026-01-15-10:28:39.552.576 [error_message_manage.cc:53]712583 FuncErrorReason:rtMemcpy execute failed, reason=[the current capture mode does not support this operation]
[ERROR] ASCENDCL(712583,):2026-01-15-10:28:39.552.811 [memory.cpp:437]712583 aclrtMemcpyImpl: synchronized memcpy failed, kind = 1, runtime result = 107030
[ERROR] RUNTIME(712583,):2026-01-15-10:28:39.622.541 [api_error.cc:1519]712583 MemCopySync:Memory copy sync failed, cnt=72, kind=1.
[ERROR] RUNTIME(712583,):2026-01-15-10:28:39.622.549 [api_c.cc:1197]712583 rtMemcpy:ErrCode=107030, desc=[the current capture mode does not support this operation], InnerCode=0x703001c
[ERROR] RUNTIME(712583,):2026-01-15-10:28:39.622.551 [error_message_manage.cc:53]712583 FuncErrorReason:report error module_type=3, module_name=EE8888
[ERROR] RUNTIME(712583,):2026-01-15-10:28:39.622.554 [error_message_manage.cc:53]712583 FuncErrorReason:rtMemcpy execute failed, reason=[the current capture mode does not support this operation]
[ERROR] ASCENDCL(712583,):2026-01-15-10:28:39.622.755 [memory.cpp:437]712583 aclrtMemcpyImpl: synchronized memcpy failed, kind = 1, runtime result = 107030
[ERROR] RUNTIME(712583,):2026-01-15-10:28:39.695.102 [api_error.cc:1519]712583 MemCopySync:Memory copy sync failed, cnt=416, kind=1.
[ERROR] RUNTIME(712583,):2026-01-15-10:28:39.695.111 [api_c.cc:1197]712583 rtMemcpy:ErrCode=107030, desc=[the current capture mode does not support this operation], InnerCode=0x703001c
[ERROR] RUNTIME(712583,):2026-01-15-10:28:39.695.114 [error_message_manage.cc:53]712583 FuncErrorReason:report error module_type=3, module_name=EE8888
[ERROR] RUNTIME(712583,):2026-01-15-10:28:39.695.117 [error_message_manage.cc:53]712583 FuncErrorReason:rtMemcpy execute failed, reason=[the current capture mode does not support this operation]
[ERROR] ASCENDCL(712583,):2026-01-15-10:28:39.695.379 [memory.cpp:437]712583 aclrtMemcpyImpl: synchronized memcpy failed, kind = 1, runtime result = 107030
[ERROR] RUNTIME(712583,):2026-01-15-10:28:39.763.222 [api_error.cc:1519]712583 MemCopySync:Memory copy sync failed, cnt=72, kind=1.
[ERROR] RUNTIME(712583,):2026-01-15-10:28:39.763.230 [api_c.cc:1197]712583 rtMemcpy:ErrCode=107030, desc=[the current capture mode does not support this operation], InnerCode=0x703001c
[ERROR] RUNTIME(712583,):2026-01-15-10:28:39.763.232 [error_message_manage.cc:53]712583 FuncErrorReason:report error module_type=3, module_name=EE8888
[ERROR] RUNTIME(712583,):2026-01-15-10:28:39.763.235 [error_message_manage.cc:53]712583 FuncErrorReason:rtMemcpy execute failed, reason=[the current capture mode does not support this operation]
[ERROR] ASCENDCL(712583,):2026-01-15-10:28:39.763.454 [memory.cpp:437]712583 aclrtMemcpyImpl: synchronized memcpy failed, kind = 1, runtime result = 107030
[ERROR] RUNTIME(712583,):2026-01-15-10:28:39.832.302 [api_error.cc:1519]712583 MemCopySync:Memory copy sync failed, cnt=416, kind=1.
[ERROR] RUNTIME(712583,):2026-01-15-10:28:39.832.311 [api_c.cc:1197]712583 rtMemcpy:ErrCode=107030, desc=[the current capture mode does not support this operation], InnerCode=0x703001c
[ERROR] RUNTIME(712583,):2026-01-15-10:28:39.832.313 [error_message_manage.cc:53]712583 FuncErrorReason:report error module_type=3, module_name=EE8888
[ERROR] RUNTIME(712583,):2026-01-15-10:28:39.832.316 [error_message_manage.cc:53]712583 FuncErrorReason:rtMemcpy execute failed, reason=[the current capture mode does not support this operation]
[ERROR] ASCENDCL(712583,):2026-01-15-10:28:39.832.524 [memory.cpp:437]712583 aclrtMemcpyImpl: synchronized memcpy failed, kind = 1, runtime result = 107030
[ERROR] RUNTIME(712583,):2026-01-15-10:28:39.902.854 [api_error.cc:1519]712583 MemCopySync:Memory copy sync failed, cnt=72, kind=1.
[ERROR] RUNTIME(712583,):2026-01-15-10:28:39.902.861 [api_c.cc:1197]712583 rtMemcpy:ErrCode=107030, desc=[the current capture mode does not support this operation], InnerCode=0x703001c
[ERROR] RUNTIME(712583,):2026-01-15-10:28:39.902.864 [error_message_manage.cc:53]712583 FuncErrorReason:report error module_type=3, module_name=EE8888
[ERROR] RUNTIME(712583,):2026-01-15-10:28:39.902.866 [error_message_manage.cc:53]712583 FuncErrorReason:rtMemcpy execute failed, reason=[the current capture mode does not support this operation]
[ERROR] ASCENDCL(712583,):2026-01-15-10:28:39.903.063 [memory.cpp:437]712583 aclrtMemcpyImpl: synchronized memcpy failed, kind = 1, runtime result = 107030
[ERROR] RUNTIME(712583,):2026-01-15-10:28:39.977.099 [api_error.cc:1519]712583 MemCopySync:Memory copy sync failed, cnt=416, kind=1.
[ERROR] RUNTIME(712583,):2026-01-15-10:28:39.977.108 [api_c.cc:1197]712583 rtMemcpy:ErrCode=107030, desc=[the current capture mode does not support this operation], InnerCode=0x703001c
[ERROR] RUNTIME(712583,):2026-01-15-10:28:39.977.111 [error_message_manage.cc:53]712583 FuncErrorReason:report error module_type=3, module_name=EE8888
[ERROR] RUNTIME(712583,):2026-01-15-10:28:39.977.121 [error_message_manage.cc:53]712583 FuncErrorReason:rtMemcpy execute failed, reason=[the current capture mode does not support this operation]
[ERROR] ASCENDCL(712583,):2026-01-15-10:28:39.977.345 [memory.cpp:437]712583 aclrtMemcpyImpl: synchronized memcpy failed, kind = 1, runtime result = 107030
[ERROR] RUNTIME(712583,):2026-01-15-10:28:40.046.006 [api_error.cc:1519]712583 MemCopySync:Memory copy sync failed, cnt=72, kind=1.
[ERROR] RUNTIME(712583,):2026-01-15-10:28:40.046.014 [api_c.cc:1197]712583 rtMemcpy:ErrCode=107030, desc=[the current capture mode does not support this operation], InnerCode=0x703001c
[ERROR] RUNTIME(712583,):2026-01-15-10:28:40.046.016 [error_message_manage.cc:53]712583 FuncErrorReason:report error module_type=3, module_name=EE8888
[ERROR] RUNTIME(712583,):2026-01-15-10:28:40.046.019 [error_message_manage.cc:53]712583 FuncErrorReason:rtMemcpy execute failed, reason=[the current capture mode does not support this operation]
[ERROR] ASCENDCL(712583,):2026-01-15-10:28:40.046.297 [memory.cpp:437]712583 aclrtMemcpyImpl: synchronized memcpy failed, kind = 1, runtime result = 107030
[ERROR] RUNTIME(712583,):2026-01-15-10:28:40.121.967 [api_error.cc:1519]712583 MemCopySync:Memory copy sync failed, cnt=416, kind=1.
[ERROR] RUNTIME(712583,):2026-01-15-10:28:40.121.976 [api_c.cc:1197]712583 rtMemcpy:ErrCode=107030, desc=[the current capture mode does not support this operation], InnerCode=0x703001c
[ERROR] RUNTIME(712583,):2026-01-15-10:28:40.121.978 [error_message_manage.cc:53]712583 FuncErrorReason:report error module_type=3, module_name=EE8888
[ERROR] RUNTIME(712583,):2026-01-15-10:28:40.121.981 [error_message_manage.cc:53]712583 FuncErrorReason:rtMemcpy execute failed, reason=[the current capture mode does not support this operation]
[ERROR] ASCENDCL(712583,):2026-01-15-10:28:40.122.189 [memory.cpp:437]712583 aclrtMemcpyImpl: synchronized memcpy failed, kind = 1, runtime result = 107030
[ERROR] RUNTIME(712583,):2026-01-15-10:28:40.196.746 [api_error.cc:1519]712583 MemCopySync:Memory copy sync failed, cnt=72, kind=1.
[ERROR] RUNTIME(712583,):2026-01-15-10:28:40.196.753 [api_c.cc:1197]712583 rtMemcpy:ErrCode=107030, desc=[the current capture mode does not support this operation], InnerCode=0x703001c
[ERROR] RUNTIME(712583,):2026-01-15-10:28:40.196.756 [error_message_manage.cc:53]712583 FuncErrorReason:report error module_type=3, module_name=EE8888
[ERROR] RUNTIME(712583,):2026-01-15-10:28:40.196.759 [error_message_manage.cc:53]712583 FuncErrorReason:rtMemcpy execute failed, reason=[the current capture mode does not support this operation]
[ERROR] ASCENDCL(712583,):2026-01-15-10:28:40.196.989 [memory.cpp:437]712583 aclrtMemcpyImpl: synchronized memcpy failed, kind = 1, runtime result = 107030
[ERROR] RUNTIME(712583,):2026-01-15-10:28:40.269.210 [api_error.cc:1519]712583 MemCopySync:Memory copy sync failed, cnt=416, kind=1.
[ERROR] RUNTIME(712583,):2026-01-15-10:28:40.269.219 [api_c.cc:1197]712583 rtMemcpy:ErrCode=107030, desc=[the current capture mode does not support this operation], InnerCode=0x703001c
[ERROR] RUNTIME(712583,):2026-01-15-10:28:40.269.221 [error_message_manage.cc:53]712583 FuncErrorReason:report error module_type=3, module_name=EE8888
[ERROR] RUNTIME(712583,):2026-01-15-10:28:40.269.224 [error_message_manage.cc:53]712583 FuncErrorReason:rtMemcpy execute failed, reason=[the current capture mode does not support this operation]
[ERROR] ASCENDCL(712583,):2026-01-15-10:28:40.269.483 [memory.cpp:437]712583 aclrtMemcpyImpl: synchronized memcpy failed, kind = 1, runtime result = 107030
[ERROR] RUNTIME(712583,):2026-01-15-10:28:40.339.649 [api_error.cc:1519]712583 MemCopySync:Memory copy sync failed, cnt=72, kind=1.
[ERROR] RUNTIME(712583,):2026-01-15-10:28:40.339.657 [api_c.cc:1197]712583 rtMemcpy:ErrCode=107030, desc=[the current capture mode does not support this operation], InnerCode=0x703001c
[ERROR] RUNTIME(712583,):2026-01-15-10:28:40.339.659 [error_message_manage.cc:53]712583 FuncErrorReason:report error module_type=3, module_name=EE8888
[ERROR] RUNTIME(712583,):2026-01-15-10:28:40.339.662 [error_message_manage.cc:53]712583 FuncErrorReason:rtMemcpy execute failed, reason=[the current capture mode does not support this operation]
[ERROR] ASCENDCL(712583,):2026-01-15-10:28:40.339.905 [memory.cpp:437]712583 aclrtMemcpyImpl: synchronized memcpy failed, kind = 1, runtime result = 107030
[ERROR] RUNTIME(712583,):2026-01-15-10:28:40.421.041 [api_error.cc:1519]712583 MemCopySync:Memory copy sync failed, cnt=416, kind=1.
[ERROR] RUNTIME(712583,):2026-01-15-10:28:40.421.049 [api_c.cc:1197]712583 rtMemcpy:ErrCode=107030, desc=[the current capture mode does not support this operation], InnerCode=0x703001c
[ERROR] RUNTIME(712583,):2026-01-15-10:28:40.421.052 [error_message_manage.cc:53]712583 FuncErrorReason:report error module_type=3, module_name=EE8888
[ERROR] RUNTIME(712583,):2026-01-15-10:28:40.421.054 [error_message_manage.cc:53]712583 FuncErrorReason:rtMemcpy execute failed, reason=[the current capture mode does not support this operation]
[ERROR] ASCENDCL(712583,):2026-01-15-10:28:40.421.347 [memory.cpp:437]712583 aclrtMemcpyImpl: synchronized memcpy failed, kind = 1, runtime result = 107030
[ERROR] RUNTIME(712583,):2026-01-15-10:28:40.495.944 [api_error.cc:1519]712583 MemCopySync:Memory copy sync failed, cnt=72, kind=1.
[ERROR] RUNTIME(712583,):2026-01-15-10:28:40.495.952 [api_c.cc:1197]712583 rtMemcpy:ErrCode=107030, desc=[the current capture mode does not support this operation], InnerCode=0x703001c
[ERROR] RUNTIME(712583,):2026-01-15-10:28:40.495.955 [error_message_manage.cc:53]712583 FuncErrorReason:report error module_type=3, module_name=EE8888
[ERROR] RUNTIME(712583,):2026-01-15-10:28:40.495.958 [error_message_manage.cc:53]712583 FuncErrorReason:rtMemcpy execute failed, reason=[the current capture mode does not support this operation]
[ERROR] ASCENDCL(712583,):2026-01-15-10:28:40.496.210 [memory.cpp:437]712583 aclrtMemcpyImpl: synchronized memcpy failed, kind = 1, runtime result = 107030
[ERROR] RUNTIME(712583,):2026-01-15-10:28:40.730.088 [api_c_stream.cc:412]712583 rtsStreamSetAttribute:report error module_name=EE1001
[ERROR] RUNTIME(712583,):2026-01-15-10:28:40.730.093 [api_c_stream.cc:412]712583 rtsStreamSetAttribute:Invalid stream attribute ID: 4, Supported stream attribute IDs: [1, 4).
[ERROR] RUNTIME(712583,):2026-01-15-10:28:40.730.123 [api_c_stream.cc:416]712583 rtsStreamSetAttribute:ErrCode=107000, desc=[invalid value], InnerCode=0x7110001
[ERROR] RUNTIME(712583,):2026-01-15-10:28:40.730.126 [error_message_manage.cc:48]712583 FuncErrorReason:report error module_name=EE1001
[ERROR] RUNTIME(712583,):2026-01-15-10:28:40.730.128 [error_message_manage.cc:48]712583 FuncErrorReason:rtsStreamSetAttribute execute failed, reason=[invalid value]
[ERROR] ASCENDCL(712583,):2026-01-15-10:28:40.730.558 [stream.cpp:299]712583 aclrtSetStreamAttributeImpl: call rtsStreamSetAttribute failed, runtime result = 107000
[ERROR] RUNTIME(712583,):2026-01-15-10:28:41.340.510 [api_c_stream.cc:412]712583 rtsStreamSetAttribute:report error module_name=EE1001
[ERROR] RUNTIME(712583,):2026-01-15-10:28:41.340.517 [api_c_stream.cc:412]712583 rtsStreamSetAttribute:Invalid stream attribute ID: 4, Supported stream attribute IDs: [1, 4).
[ERROR] RUNTIME(712583,):2026-01-15-10:28:41.340.550 [api_c_stream.cc:416]712583 rtsStreamSetAttribute:ErrCode=107000, desc=[invalid value], InnerCode=0x7110001
[ERROR] RUNTIME(712583,):2026-01-15-10:28:41.340.552 [error_message_manage.cc:48]712583 FuncErrorReason:report error module_name=EE1001
[ERROR] RUNTIME(712583,):2026-01-15-10:28:41.340.555 [error_message_manage.cc:48]712583 FuncErrorReason:rtsStreamSetAttribute execute failed, reason=[invalid value]
[ERROR] ASCENDCL(712583,):2026-01-15-10:28:41.340.763 [stream.cpp:299]712583 aclrtSetStreamAttributeImpl: call rtsStreamSetAttribute failed, runtime result = 107000
[ERROR] RUNTIME(712583,):2026-01-15-10:28:41.684.962 [api_error.cc:1519]712583 MemCopySync:Memory copy sync failed, cnt=416, kind=1.
[ERROR] RUNTIME(712583,):2026-01-15-10:28:41.684.972 [api_c.cc:1197]712583 rtMemcpy:ErrCode=107030, desc=[the current capture mode does not support this operation], InnerCode=0x703001c
[ERROR] RUNTIME(712583,):2026-01-15-10:28:41.684.975 [error_message_manage.cc:53]712583 FuncErrorReason:report error module_type=3, module_name=EE8888
[ERROR] RUNTIME(712583,):2026-01-15-10:28:41.684.978 [error_message_manage.cc:53]712583 FuncErrorReason:rtMemcpy execute failed, reason=[the current capture mode does not support this operation]
[ERROR] ASCENDCL(712583,):2026-01-15-10:28:41.685.215 [memory.cpp:437]712583 aclrtMemcpyImpl: synchronized memcpy failed, kind = 1, runtime result = 107030
[ERROR] RUNTIME(712583,):2026-01-15-10:28:41.686.286 [api_error.cc:1519]712583 MemCopySync:Memory copy sync failed, cnt=72, kind=1.
[ERROR] RUNTIME(712583,):2026-01-15-10:28:41.686.294 [api_c.cc:1197]712583 rtMemcpy:ErrCode=107030, desc=[the current capture mode does not support this operation], InnerCode=0x703001c
[ERROR] RUNTIME(712583,):2026-01-15-10:28:41.686.297 [error_message_manage.cc:53]712583 FuncErrorReason:report error module_type=3, module_name=EE8888
[ERROR] RUNTIME(712583,):2026-01-15-10:28:41.686.300 [error_message_manage.cc:53]712583 FuncErrorReason:rtMemcpy execute failed, reason=[the current capture mode does not support this operation]
[ERROR] ASCENDCL(712583,):2026-01-15-10:28:41.686.441 [memory.cpp:437]712583 aclrtMemcpyImpl: synchronized memcpy failed, kind = 1, runtime result = 107030
[ERROR] RUNTIME(712583,):2026-01-15-10:28:42.436.583 [api_error.cc:1519]712583 MemCopySync:Memory copy sync failed, cnt=416, kind=1.
[ERROR] RUNTIME(712583,):2026-01-15-10:28:42.436.592 [api_c.cc:1197]712583 rtMemcpy:ErrCode=107030, desc=[the current capture mode does not support this operation], InnerCode=0x703001c
[ERROR] RUNTIME(712583,):2026-01-15-10:28:42.436.595 [error_message_manage.cc:53]712583 FuncErrorReason:report error module_type=3, module_name=EE8888
[ERROR] RUNTIME(712583,):2026-01-15-10:28:42.436.598 [error_message_manage.cc:53]712583 FuncErrorReason:rtMemcpy execute failed, reason=[the current capture mode does not support this operation]
[ERROR] ASCENDCL(712583,):2026-01-15-10:28:42.436.900 [memory.cpp:437]712583 aclrtMemcpyImpl: synchronized memcpy failed, kind = 1, runtime result = 107030
[ERROR] RUNTIME(712583,):2026-01-15-10:28:43.183.755 [api_error.cc:1519]712583 MemCopySync:Memory copy sync failed, cnt=72, kind=1.
[ERROR] RUNTIME(712583,):2026-01-15-10:28:43.183.764 [api_c.cc:1197]712583 rtMemcpy:ErrCode=107030, desc=[the current capture mode does not support this operation], InnerCode=0x703001c
[ERROR] RUNTIME(712583,):2026-01-15-10:28:43.183.767 [error_message_manage.cc:53]712583 FuncErrorReason:report error module_type=3, module_name=EE8888
[ERROR] RUNTIME(712583,):2026-01-15-10:28:43.183.770 [error_message_manage.cc:53]712583 FuncErrorReason:rtMemcpy execute failed, reason=[the current capture mode does not support this operation]
[ERROR] ASCENDCL(712583,):2026-01-15-10:28:43.184.045 [memory.cpp:437]712583 aclrtMemcpyImpl: synchronized memcpy failed, kind = 1, runtime result = 107030
[ERROR] RUNTIME(712583,):2026-01-15-10:28:43.925.896 [api_error.cc:1519]712583 MemCopySync:Memory copy sync failed, cnt=416, kind=1.
[ERROR] RUNTIME(712583,):2026-01-15-10:28:43.925.905 [api_c.cc:1197]712583 rtMemcpy:ErrCode=107030, desc=[the current capture mode does not support this operation], InnerCode=0x703001c
[ERROR] RUNTIME(712583,):2026-01-15-10:28:43.925.908 [error_message_manage.cc:53]712583 FuncErrorReason:report error module_type=3, module_name=EE8888
[ERROR] RUNTIME(712583,):2026-01-15-10:28:43.925.911 [error_message_manage.cc:53]712583 FuncErrorReason:rtMemcpy execute failed, reason=[the current capture mode does not support this operation]
[ERROR] ASCENDCL(712583,):2026-01-15-10:28:43.926.193 [memory.cpp:437]712583 aclrtMemcpyImpl: synchronized memcpy failed, kind = 1, runtime result = 107030
[ERROR] RUNTIME(712583,):2026-01-15-10:28:44.684.779 [api_error.cc:1519]712583 MemCopySync:Memory copy sync failed, cnt=72, kind=1.
[ERROR] RUNTIME(712583,):2026-01-15-10:28:44.684.789 [api_c.cc:1197]712583 rtMemcpy:ErrCode=107030, desc=[the current capture mode does not support this operation], InnerCode=0x703001c
[ERROR] RUNTIME(712583,):2026-01-15-10:28:44.684.792 [error_message_manage.cc:53]712583 FuncErrorReason:report error module_type=3, module_name=EE8888
[ERROR] RUNTIME(712583,):2026-01-15-10:28:44.684.795 [error_message_manage.cc:53]712583 FuncErrorReason:rtMemcpy execute failed, reason=[the current capture mode does not support this operation]
[ERROR] ASCENDCL(712583,):2026-01-15-10:28:44.685.047 [memory.cpp:437]712583 aclrtMemcpyImpl: synchronized memcpy failed, kind = 1, runtime result = 107030
[ERROR] RUNTIME(712583,):2026-01-15-10:28:45.423.839 [api_error.cc:1519]712583 MemCopySync:Memory copy sync failed, cnt=416, kind=1.
[ERROR] RUNTIME(712583,):2026-01-15-10:28:45.423.849 [api_c.cc:1197]712583 rtMemcpy:ErrCode=107030, desc=[the current capture mode does not support this operation], InnerCode=0x703001c
[ERROR] RUNTIME(712583,):2026-01-15-10:28:45.423.852 [error_message_manage.cc:53]712583 FuncErrorReason:report error module_type=3, module_name=EE8888
[ERROR] RUNTIME(712583,):2026-01-15-10:28:45.423.855 [error_message_manage.cc:53]712583 FuncErrorReason:rtMemcpy execute failed, reason=[the current capture mode does not support this operation]
[ERROR] ASCENDCL(712583,):2026-01-15-10:28:45.424.153 [memory.cpp:437]712583 aclrtMemcpyImpl: synchronized memcpy failed, kind = 1, runtime result = 107030
[ERROR] RUNTIME(712583,):2026-01-15-10:28:46.188.005 [api_error.cc:1519]712583 MemCopySync:Memory copy sync failed, cnt=72, kind=1.
[ERROR] RUNTIME(712583,):2026-01-15-10:28:46.188.015 [api_c.cc:1197]712583 rtMemcpy:ErrCode=107030, desc=[the current capture mode does not support this operation], InnerCode=0x703001c
[ERROR] RUNTIME(712583,):2026-01-15-10:28:46.188.017 [error_message_manage.cc:53]712583 FuncErrorReason:report error module_type=3, module_name=EE8888
[ERROR] RUNTIME(712583,):2026-01-15-10:28:46.188.021 [error_message_manage.cc:53]712583 FuncErrorReason:rtMemcpy execute failed, reason=[the current capture mode does not support this operation]
[ERROR] ASCENDCL(712583,):2026-01-15-10:28:46.188.406 [memory.cpp:437]712583 aclrtMemcpyImpl: synchronized memcpy failed, kind = 1, runtime result = 107030
[ERROR] RUNTIME(712583,):2026-01-15-10:28:46.241.947 [api_error.cc:1519]712583 MemCopySync:Memory copy sync failed, cnt=416, kind=1.
[ERROR] RUNTIME(712583,):2026-01-15-10:28:46.241.956 [api_c.cc:1197]712583 rtMemcpy:ErrCode=107030, desc=[the current capture mode does not support this operation], InnerCode=0x703001c
[ERROR] RUNTIME(712583,):2026-01-15-10:28:46.241.958 [error_message_manage.cc:53]712583 FuncErrorReason:report error module_type=3, module_name=EE8888
[ERROR] RUNTIME(712583,):2026-01-15-10:28:46.241.961 [error_message_manage.cc:53]712583 FuncErrorReason:rtMemcpy execute failed, reason=[the current capture mode does not support this operation]
[ERROR] ASCENDCL(712583,):2026-01-15-10:28:46.242.199 [memory.cpp:437]712583 aclrtMemcpyImpl: synchronized memcpy failed, kind = 1, runtime result = 107030
[ERROR] RUNTIME(712583,):2026-01-15-10:28:46.300.398 [api_error.cc:1519]712583 MemCopySync:Memory copy sync failed, cnt=72, kind=1.
[ERROR] RUNTIME(712583,):2026-01-15-10:28:46.300.406 [api_c.cc:1197]712583 rtMemcpy:ErrCode=107030, desc=[the current capture mode does not support this operation], InnerCode=0x703001c
[ERROR] RUNTIME(712583,):2026-01-15-10:28:46.300.408 [error_message_manage.cc:53]712583 FuncErrorReason:report error module_type=3, module_name=EE8888
[ERROR] RUNTIME(712583,):2026-01-15-10:28:46.300.412 [error_message_manage.cc:53]712583 FuncErrorReason:rtMemcpy execute failed, reason=[the current capture mode does not support this operation]
[ERROR] ASCENDCL(712583,):2026-01-15-10:28:46.300.685 [memory.cpp:437]712583 aclrtMemcpyImpl: synchronized memcpy failed, kind = 1, runtime result = 107030
[ERROR] RUNTIME(712583,):2026-01-15-10:28:46.371.448 [api_error.cc:1519]712583 MemCopySync:Memory copy sync failed, cnt=416, kind=1.
[ERROR] RUNTIME(712583,):2026-01-15-10:28:46.371.457 [api_c.cc:1197]712583 rtMemcpy:ErrCode=107030, desc=[the current capture mode does not support this operation], InnerCode=0x703001c
[ERROR] RUNTIME(712583,):2026-01-15-10:28:46.371.460 [error_message_manage.cc:53]712583 FuncErrorReason:report error module_type=3, module_name=EE8888
[ERROR] RUNTIME(712583,):2026-01-15-10:28:46.371.462 [error_message_manage.cc:53]712583 FuncErrorReason:rtMemcpy execute failed, reason=[the current capture mode does not support this operation]
[ERROR] ASCENDCL(712583,):2026-01-15-10:28:46.371.687 [memory.cpp:437]712583 aclrtMemcpyImpl: synchronized memcpy failed, kind = 1, runtime result = 107030
[ERROR] RUNTIME(712583,):2026-01-15-10:28:46.444.316 [api_error.cc:1519]712583 MemCopySync:Memory copy sync failed, cnt=72, kind=1.
[ERROR] RUNTIME(712583,):2026-01-15-10:28:46.444.324 [api_c.cc:1197]712583 rtMemcpy:ErrCode=107030, desc=[the current capture mode does not support this operation], InnerCode=0x703001c
[ERROR] RUNTIME(712583,):2026-01-15-10:28:46.444.326 [error_message_manage.cc:53]712583 FuncErrorReason:report error module_type=3, module_name=EE8888
[ERROR] RUNTIME(712583,):2026-01-15-10:28:46.444.330 [error_message_manage.cc:53]712583 FuncErrorReason:rtMemcpy execute failed, reason=[the current capture mode does not support this operation]
[ERROR] ASCENDCL(712583,):2026-01-15-10:28:46.444.581 [memory.cpp:437]712583 aclrtMemcpyImpl: synchronized memcpy failed, kind = 1, runtime result = 107030
[ERROR] RUNTIME(712583,):2026-01-15-10:28:46.520.622 [api_error.cc:1519]712583 MemCopySync:Memory copy sync failed, cnt=416, kind=1.
[ERROR] RUNTIME(712583,):2026-01-15-10:28:46.520.631 [api_c.cc:1197]712583 rtMemcpy:ErrCode=107030, desc=[the current capture mode does not support this operation], InnerCode=0x703001c
[ERROR] RUNTIME(712583,):2026-01-15-10:28:46.520.634 [error_message_manage.cc:53]712583 FuncErrorReason:report error module_type=3, module_name=EE8888
[ERROR] RUNTIME(712583,):2026-01-15-10:28:46.520.637 [error_message_manage.cc:53]712583 FuncErrorReason:rtMemcpy execute failed, reason=[the current capture mode does not support this operation]
[ERROR] ASCENDCL(712583,):2026-01-15-10:28:46.520.943 [memory.cpp:437]712583 aclrtMemcpyImpl: synchronized memcpy failed, kind = 1, runtime result = 107030
[ERROR] RUNTIME(712583,):2026-01-15-10:28:46.593.652 [api_error.cc:1519]712583 MemCopySync:Memory copy sync failed, cnt=72, kind=1.
[ERROR] RUNTIME(712583,):2026-01-15-10:28:46.593.661 [api_c.cc:1197]712583 rtMemcpy:ErrCode=107030, desc=[the current capture mode does not support this operation], InnerCode=0x703001c
[ERROR] RUNTIME(712583,):2026-01-15-10:28:46.593.663 [error_message_manage.cc:53]712583 FuncErrorReason:report error module_type=3, module_name=EE8888
[ERROR] RUNTIME(712583,):2026-01-15-10:28:46.593.666 [error_message_manage.cc:53]712583 FuncErrorReason:rtMemcpy execute failed, reason=[the current capture mode does not support this operation]
[ERROR] ASCENDCL(712583,):2026-01-15-10:28:46.593.911 [memory.cpp:437]712583 aclrtMemcpyImpl: synchronized memcpy failed, kind = 1, runtime result = 107030
[ERROR] RUNTIME(712583,):2026-01-15-10:28:46.668.007 [api_error.cc:1519]712583 MemCopySync:Memory copy sync failed, cnt=416, kind=1.
[ERROR] RUNTIME(712583,):2026-01-15-10:28:46.668.016 [api_c.cc:1197]712583 rtMemcpy:ErrCode=107030, desc=[the current capture mode does not support this operation], InnerCode=0x703001c
[ERROR] RUNTIME(712583,):2026-01-15-10:28:46.668.019 [error_message_manage.cc:53]712583 FuncErrorReason:report error module_type=3, module_name=EE8888
[ERROR] RUNTIME(712583,):2026-01-15-10:28:46.668.022 [error_message_manage.cc:53]712583 FuncErrorReason:rtMemcpy execute failed, reason=[the current capture mode does not support this operation]
[ERROR] ASCENDCL(712583,):2026-01-15-10:28:46.668.293 [memory.cpp:437]712583 aclrtMemcpyImpl: synchronized memcpy failed, kind = 1, runtime result = 107030
[ERROR] RUNTIME(712583,):2026-01-15-10:28:46.738.325 [api_error.cc:1519]712583 MemCopySync:Memory copy sync failed, cnt=72, kind=1.
[ERROR] RUNTIME(712583,):2026-01-15-10:28:46.738.333 [api_c.cc:1197]712583 rtMemcpy:ErrCode=107030, desc=[the current capture mode does not support this operation], InnerCode=0x703001c
[ERROR] RUNTIME(712583,):2026-01-15-10:28:46.738.336 [error_message_manage.cc:53]712583 FuncErrorReason:report error module_type=3, module_name=EE8888
[ERROR] RUNTIME(712583,):2026-01-15-10:28:46.738.338 [error_message_manage.cc:53]712583 FuncErrorReason:rtMemcpy execute failed, reason=[the current capture mode does not support this operation]
[ERROR] ASCENDCL(712583,):2026-01-15-10:28:46.738.544 [memory.cpp:437]712583 aclrtMemcpyImpl: synchronized memcpy failed, kind = 1, runtime result = 107030
[ERROR] RUNTIME(712583,):2026-01-15-10:28:46.815.332 [api_error.cc:1519]712583 MemCopySync:Memory copy sync failed, cnt=416, kind=1.
[ERROR] RUNTIME(712583,):2026-01-15-10:28:46.815.340 [api_c.cc:1197]712583 rtMemcpy:ErrCode=107030, desc=[the current capture mode does not support this operation], InnerCode=0x703001c
[ERROR] RUNTIME(712583,):2026-01-15-10:28:46.815.343 [error_message_manage.cc:53]712583 FuncErrorReason:report error module_type=3, module_name=EE8888
[ERROR] RUNTIME(712583,):2026-01-15-10:28:46.815.346 [error_message_manage.cc:53]712583 FuncErrorReason:rtMemcpy execute failed, reason=[the current capture mode does not support this operation]
[ERROR] ASCENDCL(712583,):2026-01-15-10:28:46.815.578 [memory.cpp:437]712583 aclrtMemcpyImpl: synchronized memcpy failed, kind = 1, runtime result = 107030
[ERROR] RUNTIME(712583,):2026-01-15-10:28:46.892.604 [api_error.cc:1519]712583 MemCopySync:Memory copy sync failed, cnt=72, kind=1.
[ERROR] RUNTIME(712583,):2026-01-15-10:28:46.892.613 [api_c.cc:1197]712583 rtMemcpy:ErrCode=107030, desc=[the current capture mode does not support this operation], InnerCode=0x703001c
[ERROR] RUNTIME(712583,):2026-01-15-10:28:46.892.615 [error_message_manage.cc:53]712583 FuncErrorReason:report error module_type=3, module_name=EE8888
[ERROR] RUNTIME(712583,):2026-01-15-10:28:46.892.618 [error_message_manage.cc:53]712583 FuncErrorReason:rtMemcpy execute failed, reason=[the current capture mode does not support this operation]
[ERROR] ASCENDCL(712583,):2026-01-15-10:28:46.892.854 [memory.cpp:437]712583 aclrtMemcpyImpl: synchronized memcpy failed, kind = 1, runtime result = 107030
[ERROR] RUNTIME(712583,):2026-01-15-10:28:46.963.322 [api_error.cc:1519]712583 MemCopySync:Memory copy sync failed, cnt=416, kind=1.
[ERROR] RUNTIME(712583,):2026-01-15-10:28:46.963.330 [api_c.cc:1197]712583 rtMemcpy:ErrCode=107030, desc=[the current capture mode does not support this operation], InnerCode=0x703001c
[ERROR] RUNTIME(712583,):2026-01-15-10:28:46.963.333 [error_message_manage.cc:53]712583 FuncErrorReason:report error module_type=3, module_name=EE8888
[ERROR] RUNTIME(712583,):2026-01-15-10:28:46.963.336 [error_message_manage.cc:53]712583 FuncErrorReason:rtMemcpy execute failed, reason=[the current capture mode does not support this operation]
[ERROR] ASCENDCL(712583,):2026-01-15-10:28:46.963.605 [memory.cpp:437]712583 aclrtMemcpyImpl: synchronized memcpy failed, kind = 1, runtime result = 107030
[ERROR] RUNTIME(712583,):2026-01-15-10:28:47.033.333 [api_error.cc:1519]712583 MemCopySync:Memory copy sync failed, cnt=72, kind=1.
[ERROR] RUNTIME(712583,):2026-01-15-10:28:47.033.342 [api_c.cc:1197]712583 rtMemcpy:ErrCode=107030, desc=[the current capture mode does not support this operation], InnerCode=0x703001c
[ERROR] RUNTIME(712583,):2026-01-15-10:28:47.033.345 [error_message_manage.cc:53]712583 FuncErrorReason:report error module_type=3, module_name=EE8888
[ERROR] RUNTIME(712583,):2026-01-15-10:28:47.033.348 [error_message_manage.cc:53]712583 FuncErrorReason:rtMemcpy execute failed, reason=[the current capture mode does not support this operation]
[ERROR] ASCENDCL(712583,):2026-01-15-10:28:47.033.574 [memory.cpp:437]712583 aclrtMemcpyImpl: synchronized memcpy failed, kind = 1, runtime result = 107030
[ERROR] RUNTIME(712583,):2026-01-15-10:28:47.104.098 [api_error.cc:1519]712583 MemCopySync:Memory copy sync failed, cnt=416, kind=1.
[ERROR] RUNTIME(712583,):2026-01-15-10:28:47.104.107 [api_c.cc:1197]712583 rtMemcpy:ErrCode=107030, desc=[the current capture mode does not support this operation], InnerCode=0x703001c
[ERROR] RUNTIME(712583,):2026-01-15-10:28:47.104.109 [error_message_manage.cc:53]712583 FuncErrorReason:report error module_type=3, module_name=EE8888
[ERROR] RUNTIME(712583,):2026-01-15-10:28:47.104.112 [error_message_manage.cc:53]712583 FuncErrorReason:rtMemcpy execute failed, reason=[the current capture mode does not support this operation]
[ERROR] ASCENDCL(712583,):2026-01-15-10:28:47.104.396 [memory.cpp:437]712583 aclrtMemcpyImpl: synchronized memcpy failed, kind = 1, runtime result = 107030
[ERROR] RUNTIME(712583,):2026-01-15-10:28:47.181.095 [api_error.cc:1519]712583 MemCopySync:Memory copy sync failed, cnt=72, kind=1.
[ERROR] RUNTIME(712583,):2026-01-15-10:28:47.181.104 [api_c.cc:1197]712583 rtMemcpy:ErrCode=107030, desc=[the current capture mode does not support this operation], InnerCode=0x703001c
[ERROR] RUNTIME(712583,):2026-01-15-10:28:47.181.106 [error_message_manage.cc:53]712583 FuncErrorReason:report error module_type=3, module_name=EE8888
[ERROR] RUNTIME(712583,):2026-01-15-10:28:47.181.109 [error_message_manage.cc:53]712583 FuncErrorReason:rtMemcpy execute failed, reason=[the current capture mode does not support this operation]
[ERROR] ASCENDCL(712583,):2026-01-15-10:28:47.181.327 [memory.cpp:437]712583 aclrtMemcpyImpl: synchronized memcpy failed, kind = 1, runtime result = 107030
[ERROR] RUNTIME(712583,):2026-01-15-10:28:47.258.312 [api_error.cc:1519]712583 MemCopySync:Memory copy sync failed, cnt=416, kind=1.
[ERROR] RUNTIME(712583,):2026-01-15-10:28:47.258.321 [api_c.cc:1197]712583 rtMemcpy:ErrCode=107030, desc=[the current capture mode does not support this operation], InnerCode=0x703001c
[ERROR] RUNTIME(712583,):2026-01-15-10:28:47.258.324 [error_message_manage.cc:53]712583 FuncErrorReason:report error module_type=3, module_name=EE8888
[ERROR] RUNTIME(712583,):2026-01-15-10:28:47.258.327 [error_message_manage.cc:53]712583 FuncErrorReason:rtMemcpy execute failed, reason=[the current capture mode does not support this operation]
[ERROR] ASCENDCL(712583,):2026-01-15-10:28:47.258.591 [memory.cpp:437]712583 aclrtMemcpyImpl: synchronized memcpy failed, kind = 1, runtime result = 107030
[ERROR] RUNTIME(712583,):2026-01-15-10:28:47.324.798 [api_error.cc:1519]712583 MemCopySync:Memory copy sync failed, cnt=72, kind=1.
[ERROR] RUNTIME(712583,):2026-01-15-10:28:47.324.805 [api_c.cc:1197]712583 rtMemcpy:ErrCode=107030, desc=[the current capture mode does not support this operation], InnerCode=0x703001c
[ERROR] RUNTIME(712583,):2026-01-15-10:28:47.324.808 [error_message_manage.cc:53]712583 FuncErrorReason:report error module_type=3, module_name=EE8888
[ERROR] RUNTIME(712583,):2026-01-15-10:28:47.324.810 [error_message_manage.cc:53]712583 FuncErrorReason:rtMemcpy execute failed, reason=[the current capture mode does not support this operation]
[ERROR] ASCENDCL(712583,):2026-01-15-10:28:47.325.028 [memory.cpp:437]712583 aclrtMemcpyImpl: synchronized memcpy failed, kind = 1, runtime result = 107030
[ERROR] RUNTIME(712583,):2026-01-15-10:28:47.395.257 [api_error.cc:1519]712583 MemCopySync:Memory copy sync failed, cnt=416, kind=1.
[ERROR] RUNTIME(712583,):2026-01-15-10:28:47.395.266 [api_c.cc:1197]712583 rtMemcpy:ErrCode=107030, desc=[the current capture mode does not support this operation], InnerCode=0x703001c
[ERROR] RUNTIME(712583,):2026-01-15-10:28:47.395.269 [error_message_manage.cc:53]712583 FuncErrorReason:report error module_type=3, module_name=EE8888
[ERROR] RUNTIME(712583,):2026-01-15-10:28:47.395.272 [error_message_manage.cc:53]712583 FuncErrorReason:rtMemcpy execute failed, reason=[the current capture mode does not support this operation]
[ERROR] ASCENDCL(712583,):2026-01-15-10:28:47.395.564 [memory.cpp:437]712583 aclrtMemcpyImpl: synchronized memcpy failed, kind = 1, runtime result = 107030
[ERROR] RUNTIME(712583,):2026-01-15-10:28:47.469.246 [api_error.cc:1519]712583 MemCopySync:Memory copy sync failed, cnt=72, kind=1.
[ERROR] RUNTIME(712583,):2026-01-15-10:28:47.469.254 [api_c.cc:1197]712583 rtMemcpy:ErrCode=107030, desc=[the current capture mode does not support this operation], InnerCode=0x703001c
[ERROR] RUNTIME(712583,):2026-01-15-10:28:47.469.257 [error_message_manage.cc:53]712583 FuncErrorReason:report error module_type=3, module_name=EE8888
[ERROR] RUNTIME(712583,):2026-01-15-10:28:47.469.260 [error_message_manage.cc:53]712583 FuncErrorReason:rtMemcpy execute failed, reason=[the current capture mode does not support this operation]
[ERROR] ASCENDCL(712583,):2026-01-15-10:28:47.469.528 [memory.cpp:437]712583 aclrtMemcpyImpl: synchronized memcpy failed, kind = 1, runtime result = 107030
[ERROR] RUNTIME(712583,):2026-01-15-10:28:47.544.409 [api_error.cc:1519]712583 MemCopySync:Memory copy sync failed, cnt=416, kind=1.
[ERROR] RUNTIME(712583,):2026-01-15-10:28:47.544.417 [api_c.cc:1197]712583 rtMemcpy:ErrCode=107030, desc=[the current capture mode does not support this operation], InnerCode=0x703001c
[ERROR] RUNTIME(712583,):2026-01-15-10:28:47.544.420 [error_message_manage.cc:53]712583 FuncErrorReason:report error module_type=3, module_name=EE8888
[ERROR] RUNTIME(712583,):2026-01-15-10:28:47.544.423 [error_message_manage.cc:53]712583 FuncErrorReason:rtMemcpy execute failed, reason=[the current capture mode does not support this operation]
[ERROR] ASCENDCL(712583,):2026-01-15-10:28:47.544.717 [memory.cpp:437]712583 aclrtMemcpyImpl: synchronized memcpy failed, kind = 1, runtime result = 107030
[ERROR] RUNTIME(712583,):2026-01-15-10:28:47.613.803 [api_error.cc:1519]712583 MemCopySync:Memory copy sync failed, cnt=72, kind=1.
[ERROR] RUNTIME(712583,):2026-01-15-10:28:47.613.811 [api_c.cc:1197]712583 rtMemcpy:ErrCode=107030, desc=[the current capture mode does not support this operation], InnerCode=0x703001c
[ERROR] RUNTIME(712583,):2026-01-15-10:28:47.613.813 [error_message_manage.cc:53]712583 FuncErrorReason:report error module_type=3, module_name=EE8888
[ERROR] RUNTIME(712583,):2026-01-15-10:28:47.613.816 [error_message_manage.cc:53]712583 FuncErrorReason:rtMemcpy execute failed, reason=[the current capture mode does not support this operation]
[ERROR] ASCENDCL(712583,):2026-01-15-10:28:47.614.010 [memory.cpp:437]712583 aclrtMemcpyImpl: synchronized memcpy failed, kind = 1, runtime result = 107030
[ERROR] RUNTIME(712583,):2026-01-15-10:28:47.686.103 [api_error.cc:1519]712583 MemCopySync:Memory copy sync failed, cnt=416, kind=1.
[ERROR] RUNTIME(712583,):2026-01-15-10:28:47.686.111 [api_c.cc:1197]712583 rtMemcpy:ErrCode=107030, desc=[the current capture mode does not support this operation], InnerCode=0x703001c
[ERROR] RUNTIME(712583,):2026-01-15-10:28:47.686.114 [error_message_manage.cc:53]712583 FuncErrorReason:report error module_type=3, module_name=EE8888
[ERROR] RUNTIME(712583,):2026-01-15-10:28:47.686.117 [error_message_manage.cc:53]712583 FuncErrorReason:rtMemcpy execute failed, reason=[the current capture mode does not support this operation]
[ERROR] ASCENDCL(712583,):2026-01-15-10:28:47.686.388 [memory.cpp:437]712583 aclrtMemcpyImpl: synchronized memcpy failed, kind = 1, runtime result = 107030
[ERROR] RUNTIME(712583,):2026-01-15-10:28:47.770.211 [api_error.cc:1519]712583 MemCopySync:Memory copy sync failed, cnt=72, kind=1.
[ERROR] RUNTIME(712583,):2026-01-15-10:28:47.770.219 [api_c.cc:1197]712583 rtMemcpy:ErrCode=107030, desc=[the current capture mode does not support this operation], InnerCode=0x703001c
[ERROR] RUNTIME(712583,):2026-01-15-10:28:47.770.221 [error_message_manage.cc:53]712583 FuncErrorReason:report error module_type=3, module_name=EE8888
[ERROR] RUNTIME(712583,):2026-01-15-10:28:47.770.224 [error_message_manage.cc:53]712583 FuncErrorReason:rtMemcpy execute failed, reason=[the current capture mode does not support this operation]
[ERROR] ASCENDCL(712583,):2026-01-15-10:28:47.770.469 [memory.cpp:437]712583 aclrtMemcpyImpl: synchronized memcpy failed, kind = 1, runtime result = 107030
[ERROR] RUNTIME(712583,):2026-01-15-10:28:47.844.826 [api_error.cc:1519]712583 MemCopySync:Memory copy sync failed, cnt=416, kind=1.
[ERROR] RUNTIME(712583,):2026-01-15-10:28:47.844.834 [api_c.cc:1197]712583 rtMemcpy:ErrCode=107030, desc=[the current capture mode does not support this operation], InnerCode=0x703001c
[ERROR] RUNTIME(712583,):2026-01-15-10:28:47.844.837 [error_message_manage.cc:53]712583 FuncErrorReason:report error module_type=3, module_name=EE8888
[ERROR] RUNTIME(712583,):2026-01-15-10:28:47.844.840 [error_message_manage.cc:53]712583 FuncErrorReason:rtMemcpy execute failed, reason=[the current capture mode does not support this operation]
[ERROR] ASCENDCL(712583,):2026-01-15-10:28:47.845.128 [memory.cpp:437]712583 aclrtMemcpyImpl: synchronized memcpy failed, kind = 1, runtime result = 107030
[ERROR] RUNTIME(712583,):2026-01-15-10:28:47.915.354 [api_error.cc:1519]712583 MemCopySync:Memory copy sync failed, cnt=72, kind=1.
[ERROR] RUNTIME(712583,):2026-01-15-10:28:47.915.361 [api_c.cc:1197]712583 rtMemcpy:ErrCode=107030, desc=[the current capture mode does not support this operation], InnerCode=0x703001c
[ERROR] RUNTIME(712583,):2026-01-15-10:28:47.915.364 [error_message_manage.cc:53]712583 FuncErrorReason:report error module_type=3, module_name=EE8888
[ERROR] RUNTIME(712583,):2026-01-15-10:28:47.915.367 [error_message_manage.cc:53]712583 FuncErrorReason:rtMemcpy execute failed, reason=[the current capture mode does not support this operation]
[ERROR] ASCENDCL(712583,):2026-01-15-10:28:47.915.682 [memory.cpp:437]712583 aclrtMemcpyImpl: synchronized memcpy failed, kind = 1, runtime result = 107030
[ERROR] RUNTIME(712583,):2026-01-15-10:28:47.989.701 [api_error.cc:1519]712583 MemCopySync:Memory copy sync failed, cnt=416, kind=1.
[ERROR] RUNTIME(712583,):2026-01-15-10:28:47.989.710 [api_c.cc:1197]712583 rtMemcpy:ErrCode=107030, desc=[the current capture mode does not support this operation], InnerCode=0x703001c
[ERROR] RUNTIME(712583,):2026-01-15-10:28:47.989.712 [error_message_manage.cc:53]712583 FuncErrorReason:report error module_type=3, module_name=EE8888
[ERROR] RUNTIME(712583,):2026-01-15-10:28:47.989.715 [error_message_manage.cc:53]712583 FuncErrorReason:rtMemcpy execute failed, reason=[the current capture mode does not support this operation]
[ERROR] ASCENDCL(712583,):2026-01-15-10:28:47.989.958 [memory.cpp:437]712583 aclrtMemcpyImpl: synchronized memcpy failed, kind = 1, runtime result = 107030
[ERROR] RUNTIME(712583,):2026-01-15-10:28:48.063.456 [api_error.cc:1519]712583 MemCopySync:Memory copy sync failed, cnt=72, kind=1.
[ERROR] RUNTIME(712583,):2026-01-15-10:28:48.063.464 [api_c.cc:1197]712583 rtMemcpy:ErrCode=107030, desc=[the current capture mode does not support this operation], InnerCode=0x703001c
[ERROR] RUNTIME(712583,):2026-01-15-10:28:48.063.467 [error_message_manage.cc:53]712583 FuncErrorReason:report error module_type=3, module_name=EE8888
[ERROR] RUNTIME(712583,):2026-01-15-10:28:48.063.470 [error_message_manage.cc:53]712583 FuncErrorReason:rtMemcpy execute failed, reason=[the current capture mode does not support this operation]
[ERROR] ASCENDCL(712583,):2026-01-15-10:28:48.063.675 [memory.cpp:437]712583 aclrtMemcpyImpl: synchronized memcpy failed, kind = 1, runtime result = 107030
[ERROR] RUNTIME(712583,):2026-01-15-10:28:48.139.365 [api_error.cc:1519]712583 MemCopySync:Memory copy sync failed, cnt=416, kind=1.
[ERROR] RUNTIME(712583,):2026-01-15-10:28:48.139.374 [api_c.cc:1197]712583 rtMemcpy:ErrCode=107030, desc=[the current capture mode does not support this operation], InnerCode=0x703001c
[ERROR] RUNTIME(712583,):2026-01-15-10:28:48.139.376 [error_message_manage.cc:53]712583 FuncErrorReason:report error module_type=3, module_name=EE8888
[ERROR] RUNTIME(712583,):2026-01-15-10:28:48.139.379 [error_message_manage.cc:53]712583 FuncErrorReason:rtMemcpy execute failed, reason=[the current capture mode does not support this operation]
[ERROR] ASCENDCL(712583,):2026-01-15-10:28:48.139.640 [memory.cpp:437]712583 aclrtMemcpyImpl: synchronized memcpy failed, kind = 1, runtime result = 107030
[ERROR] RUNTIME(712583,):2026-01-15-10:28:48.214.081 [api_error.cc:1519]712583 MemCopySync:Memory copy sync failed, cnt=72, kind=1.
[ERROR] RUNTIME(712583,):2026-01-15-10:28:48.214.089 [api_c.cc:1197]712583 rtMemcpy:ErrCode=107030, desc=[the current capture mode does not support this operation], InnerCode=0x703001c
[ERROR] RUNTIME(712583,):2026-01-15-10:28:48.214.091 [error_message_manage.cc:53]712583 FuncErrorReason:report error module_type=3, module_name=EE8888
[ERROR] RUNTIME(712583,):2026-01-15-10:28:48.214.094 [error_message_manage.cc:53]712583 FuncErrorReason:rtMemcpy execute failed, reason=[the current capture mode does not support this operation]
[ERROR] ASCENDCL(712583,):2026-01-15-10:28:48.214.348 [memory.cpp:437]712583 aclrtMemcpyImpl: synchronized memcpy failed, kind = 1, runtime result = 107030
[ERROR] RUNTIME(712583,):2026-01-15-10:28:48.289.531 [api_error.cc:1519]712583 MemCopySync:Memory copy sync failed, cnt=416, kind=1.
[ERROR] RUNTIME(712583,):2026-01-15-10:28:48.289.541 [api_c.cc:1197]712583 rtMemcpy:ErrCode=107030, desc=[the current capture mode does not support this operation], InnerCode=0x703001c
[ERROR] RUNTIME(712583,):2026-01-15-10:28:48.289.544 [error_message_manage.cc:53]712583 FuncErrorReason:report error module_type=3, module_name=EE8888
[ERROR] RUNTIME(712583,):2026-01-15-10:28:48.289.547 [error_message_manage.cc:53]712583 FuncErrorReason:rtMemcpy execute failed, reason=[the current capture mode does not support this operation]
[ERROR] ASCENDCL(712583,):2026-01-15-10:28:48.289.844 [memory.cpp:437]712583 aclrtMemcpyImpl: synchronized memcpy failed, kind = 1, runtime result = 107030
[ERROR] RUNTIME(712583,):2026-01-15-10:28:48.365.910 [api_error.cc:1519]712583 MemCopySync:Memory copy sync failed, cnt=72, kind=1.
[ERROR] RUNTIME(712583,):2026-01-15-10:28:48.365.918 [api_c.cc:1197]712583 rtMemcpy:ErrCode=107030, desc=[the current capture mode does not support this operation], InnerCode=0x703001c
[ERROR] RUNTIME(712583,):2026-01-15-10:28:48.365.920 [error_message_manage.cc:53]712583 FuncErrorReason:report error module_type=3, module_name=EE8888
[ERROR] RUNTIME(712583,):2026-01-15-10:28:48.365.923 [error_message_manage.cc:53]712583 FuncErrorReason:rtMemcpy execute failed, reason=[the current capture mode does not support this operation]
[ERROR] ASCENDCL(712583,):2026-01-15-10:28:48.366.150 [memory.cpp:437]712583 aclrtMemcpyImpl: synchronized memcpy failed, kind = 1, runtime result = 107030
[ERROR] RUNTIME(712583,):2026-01-15-10:28:48.440.332 [api_error.cc:1519]712583 MemCopySync:Memory copy sync failed, cnt=416, kind=1.
[ERROR] RUNTIME(712583,):2026-01-15-10:28:48.440.341 [api_c.cc:1197]712583 rtMemcpy:ErrCode=107030, desc=[the current capture mode does not support this operation], InnerCode=0x703001c
[ERROR] RUNTIME(712583,):2026-01-15-10:28:48.440.344 [error_message_manage.cc:53]712583 FuncErrorReason:report error module_type=3, module_name=EE8888
[ERROR] RUNTIME(712583,):2026-01-15-10:28:48.440.347 [error_message_manage.cc:53]712583 FuncErrorReason:rtMemcpy execute failed, reason=[the current capture mode does not support this operation]
[ERROR] ASCENDCL(712583,):2026-01-15-10:28:48.440.582 [memory.cpp:437]712583 aclrtMemcpyImpl: synchronized memcpy failed, kind = 1, runtime result = 107030
[ERROR] RUNTIME(712583,):2026-01-15-10:28:48.515.744 [api_error.cc:1519]712583 MemCopySync:Memory copy sync failed, cnt=72, kind=1.
[ERROR] RUNTIME(712583,):2026-01-15-10:28:48.515.753 [api_c.cc:1197]712583 rtMemcpy:ErrCode=107030, desc=[the current capture mode does not support this operation], InnerCode=0x703001c
[ERROR] RUNTIME(712583,):2026-01-15-10:28:48.515.755 [error_message_manage.cc:53]712583 FuncErrorReason:report error module_type=3, module_name=EE8888
[ERROR] RUNTIME(712583,):2026-01-15-10:28:48.515.758 [error_message_manage.cc:53]712583 FuncErrorReason:rtMemcpy execute failed, reason=[the current capture mode does not support this operation]
[ERROR] ASCENDCL(712583,):2026-01-15-10:28:48.516.005 [memory.cpp:437]712583 aclrtMemcpyImpl: synchronized memcpy failed, kind = 1, runtime result = 107030
[ERROR] RUNTIME(712583,):2026-01-15-10:28:48.589.328 [api_error.cc:1519]712583 MemCopySync:Memory copy sync failed, cnt=416, kind=1.
[ERROR] RUNTIME(712583,):2026-01-15-10:28:48.589.337 [api_c.cc:1197]712583 rtMemcpy:ErrCode=107030, desc=[the current capture mode does not support this operation], InnerCode=0x703001c
[ERROR] RUNTIME(712583,):2026-01-15-10:28:48.589.340 [error_message_manage.cc:53]712583 FuncErrorReason:report error module_type=3, module_name=EE8888
[ERROR] RUNTIME(712583,):2026-01-15-10:28:48.589.343 [error_message_manage.cc:53]712583 FuncErrorReason:rtMemcpy execute failed, reason=[the current capture mode does not support this operation]
[ERROR] ASCENDCL(712583,):2026-01-15-10:28:48.589.555 [memory.cpp:437]712583 aclrtMemcpyImpl: synchronized memcpy failed, kind = 1, runtime result = 107030
[ERROR] RUNTIME(712583,):2026-01-15-10:28:48.665.615 [api_error.cc:1519]712583 MemCopySync:Memory copy sync failed, cnt=72, kind=1.
[ERROR] RUNTIME(712583,):2026-01-15-10:28:48.665.624 [api_c.cc:1197]712583 rtMemcpy:ErrCode=107030, desc=[the current capture mode does not support this operation], InnerCode=0x703001c
[ERROR] RUNTIME(712583,):2026-01-15-10:28:48.665.626 [error_message_manage.cc:53]712583 FuncErrorReason:report error module_type=3, module_name=EE8888
[ERROR] RUNTIME(712583,):2026-01-15-10:28:48.665.629 [error_message_manage.cc:53]712583 FuncErrorReason:rtMemcpy execute failed, reason=[the current capture mode does not support this operation]
[ERROR] ASCENDCL(712583,):2026-01-15-10:28:48.665.827 [memory.cpp:437]712583 aclrtMemcpyImpl: synchronized memcpy failed, kind = 1, runtime result = 107030
[ERROR] RUNTIME(712583,):2026-01-15-10:28:48.735.483 [api_error.cc:1519]712583 MemCopySync:Memory copy sync failed, cnt=416, kind=1.
[ERROR] RUNTIME(712583,):2026-01-15-10:28:48.735.493 [api_c.cc:1197]712583 rtMemcpy:ErrCode=107030, desc=[the current capture mode does not support this operation], InnerCode=0x703001c
[ERROR] RUNTIME(712583,):2026-01-15-10:28:48.735.495 [error_message_manage.cc:53]712583 FuncErrorReason:report error module_type=3, module_name=EE8888
[ERROR] RUNTIME(712583,):2026-01-15-10:28:48.735.498 [error_message_manage.cc:53]712583 FuncErrorReason:rtMemcpy execute failed, reason=[the current capture mode does not support this operation]
[ERROR] ASCENDCL(712583,):2026-01-15-10:28:48.735.710 [memory.cpp:437]712583 aclrtMemcpyImpl: synchronized memcpy failed, kind = 1, runtime result = 107030
[ERROR] RUNTIME(712583,):2026-01-15-10:28:48.869.251 [api_error.cc:1519]712583 MemCopySync:Memory copy sync failed, cnt=72, kind=1.
[ERROR] RUNTIME(712583,):2026-01-15-10:28:48.869.260 [api_c.cc:1197]712583 rtMemcpy:ErrCode=107030, desc=[the current capture mode does not support this operation], InnerCode=0x703001c
[ERROR] RUNTIME(712583,):2026-01-15-10:28:48.869.262 [error_message_manage.cc:53]712583 FuncErrorReason:report error module_type=3, module_name=EE8888
[ERROR] RUNTIME(712583,):2026-01-15-10:28:48.869.265 [error_message_manage.cc:53]712583 FuncErrorReason:rtMemcpy execute failed, reason=[the current capture mode does not support this operation]
[ERROR] ASCENDCL(712583,):2026-01-15-10:28:48.869.466 [memory.cpp:437]712583 aclrtMemcpyImpl: synchronized memcpy failed, kind = 1, runtime result = 107030
[ERROR] RUNTIME(712583,):2026-01-15-10:28:48.941.504 [api_error.cc:1519]712583 MemCopySync:Memory copy sync failed, cnt=416, kind=1.
[ERROR] RUNTIME(712583,):2026-01-15-10:28:48.941.513 [api_c.cc:1197]712583 rtMemcpy:ErrCode=107030, desc=[the current capture mode does not support this operation], InnerCode=0x703001c
[ERROR] RUNTIME(712583,):2026-01-15-10:28:48.941.516 [error_message_manage.cc:53]712583 FuncErrorReason:report error module_type=3, module_name=EE8888
[ERROR] RUNTIME(712583,):2026-01-15-10:28:48.941.518 [error_message_manage.cc:53]712583 FuncErrorReason:rtMemcpy execute failed, reason=[the current capture mode does not support this operation]
[ERROR] ASCENDCL(712583,):2026-01-15-10:28:48.941.799 [memory.cpp:437]712583 aclrtMemcpyImpl: synchronized memcpy failed, kind = 1, runtime result = 107030
[ERROR] RUNTIME(712583,):2026-01-15-10:28:49.015.858 [api_error.cc:1519]712583 MemCopySync:Memory copy sync failed, cnt=72, kind=1.
[ERROR] RUNTIME(712583,):2026-01-15-10:28:49.015.865 [api_c.cc:1197]712583 rtMemcpy:ErrCode=107030, desc=[the current capture mode does not support this operation], InnerCode=0x703001c
[ERROR] RUNTIME(712583,):2026-01-15-10:28:49.015.868 [error_message_manage.cc:53]712583 FuncErrorReason:report error module_type=3, module_name=EE8888
[ERROR] RUNTIME(712583,):2026-01-15-10:28:49.015.870 [error_message_manage.cc:53]712583 FuncErrorReason:rtMemcpy execute failed, reason=[the current capture mode does not support this operation]
[ERROR] ASCENDCL(712583,):2026-01-15-10:28:49.016.088 [memory.cpp:437]712583 aclrtMemcpyImpl: synchronized memcpy failed, kind = 1, runtime result = 107030
[ERROR] RUNTIME(712583,):2026-01-15-10:28:49.091.028 [api_error.cc:1519]712583 MemCopySync:Memory copy sync failed, cnt=416, kind=1.
[ERROR] RUNTIME(712583,):2026-01-15-10:28:49.091.036 [api_c.cc:1197]712583 rtMemcpy:ErrCode=107030, desc=[the current capture mode does not support this operation], InnerCode=0x703001c
[ERROR] RUNTIME(712583,):2026-01-15-10:28:49.091.039 [error_message_manage.cc:53]712583 FuncErrorReason:report error module_type=3, module_name=EE8888
[ERROR] RUNTIME(712583,):2026-01-15-10:28:49.091.043 [error_message_manage.cc:53]712583 FuncErrorReason:rtMemcpy execute failed, reason=[the current capture mode does not support this operation]
[ERROR] ASCENDCL(712583,):2026-01-15-10:28:49.091.340 [memory.cpp:437]712583 aclrtMemcpyImpl: synchronized memcpy failed, kind = 1, runtime result = 107030
[ERROR] RUNTIME(712583,):2026-01-15-10:28:49.162.515 [api_error.cc:1519]712583 MemCopySync:Memory copy sync failed, cnt=72, kind=1.
[ERROR] RUNTIME(712583,):2026-01-15-10:28:49.162.523 [api_c.cc:1197]712583 rtMemcpy:ErrCode=107030, desc=[the current capture mode does not support this operation], InnerCode=0x703001c
[ERROR] RUNTIME(712583,):2026-01-15-10:28:49.162.526 [error_message_manage.cc:53]712583 FuncErrorReason:report error module_type=3, module_name=EE8888
[ERROR] RUNTIME(712583,):2026-01-15-10:28:49.162.528 [error_message_manage.cc:53]712583 FuncErrorReason:rtMemcpy execute failed, reason=[the current capture mode does not support this operation]
[ERROR] ASCENDCL(712583,):2026-01-15-10:28:49.162.759 [memory.cpp:437]712583 aclrtMemcpyImpl: synchronized memcpy failed, kind = 1, runtime result = 107030
[ERROR] RUNTIME(712583,):2026-01-15-10:28:49.238.391 [api_error.cc:1519]712583 MemCopySync:Memory copy sync failed, cnt=416, kind=1.
[ERROR] RUNTIME(712583,):2026-01-15-10:28:49.238.399 [api_c.cc:1197]712583 rtMemcpy:ErrCode=107030, desc=[the current capture mode does not support this operation], InnerCode=0x703001c
[ERROR] RUNTIME(712583,):2026-01-15-10:28:49.238.401 [error_message_manage.cc:53]712583 FuncErrorReason:report error module_type=3, module_name=EE8888
[ERROR] RUNTIME(712583,):2026-01-15-10:28:49.238.404 [error_message_manage.cc:53]712583 FuncErrorReason:rtMemcpy execute failed, reason=[the current capture mode does not support this operation]
[ERROR] ASCENDCL(712583,):2026-01-15-10:28:49.238.620 [memory.cpp:437]712583 aclrtMemcpyImpl: synchronized memcpy failed, kind = 1, runtime result = 107030
[ERROR] RUNTIME(712583,):2026-01-15-10:28:49.307.746 [api_error.cc:1519]712583 MemCopySync:Memory copy sync failed, cnt=72, kind=1.
[ERROR] RUNTIME(712583,):2026-01-15-10:28:49.307.754 [api_c.cc:1197]712583 rtMemcpy:ErrCode=107030, desc=[the current capture mode does not support this operation], InnerCode=0x703001c
[ERROR] RUNTIME(712583,):2026-01-15-10:28:49.307.757 [error_message_manage.cc:53]712583 FuncErrorReason:report error module_type=3, module_name=EE8888
[ERROR] RUNTIME(712583,):2026-01-15-10:28:49.307.760 [error_message_manage.cc:53]712583 FuncErrorReason:rtMemcpy execute failed, reason=[the current capture mode does not support this operation]
[ERROR] ASCENDCL(712583,):2026-01-15-10:28:49.308.037 [memory.cpp:437]712583 aclrtMemcpyImpl: synchronized memcpy failed, kind = 1, runtime result = 107030
[ERROR] RUNTIME(712583,):2026-01-15-10:28:49.383.717 [api_error.cc:1519]712583 MemCopySync:Memory copy sync failed, cnt=416, kind=1.
[ERROR] RUNTIME(712583,):2026-01-15-10:28:49.383.726 [api_c.cc:1197]712583 rtMemcpy:ErrCode=107030, desc=[the current capture mode does not support this operation], InnerCode=0x703001c
[ERROR] RUNTIME(712583,):2026-01-15-10:28:49.383.729 [error_message_manage.cc:53]712583 FuncErrorReason:report error module_type=3, module_name=EE8888
[ERROR] RUNTIME(712583,):2026-01-15-10:28:49.383.732 [error_message_manage.cc:53]712583 FuncErrorReason:rtMemcpy execute failed, reason=[the current capture mode does not support this operation]
[ERROR] ASCENDCL(712583,):2026-01-15-10:28:49.383.975 [memory.cpp:437]712583 aclrtMemcpyImpl: synchronized memcpy failed, kind = 1, runtime result = 107030
[ERROR] RUNTIME(712583,):2026-01-15-10:28:49.458.200 [api_error.cc:1519]712583 MemCopySync:Memory copy sync failed, cnt=72, kind=1.
[ERROR] RUNTIME(712583,):2026-01-15-10:28:49.458.208 [api_c.cc:1197]712583 rtMemcpy:ErrCode=107030, desc=[the current capture mode does not support this operation], InnerCode=0x703001c
[ERROR] RUNTIME(712583,):2026-01-15-10:28:49.458.210 [error_message_manage.cc:53]712583 FuncErrorReason:report error module_type=3, module_name=EE8888
[ERROR] RUNTIME(712583,):2026-01-15-10:28:49.458.213 [error_message_manage.cc:53]712583 FuncErrorReason:rtMemcpy execute failed, reason=[the current capture mode does not support this operation]
[ERROR] ASCENDCL(712583,):2026-01-15-10:28:49.458.421 [memory.cpp:437]712583 aclrtMemcpyImpl: synchronized memcpy failed, kind = 1, runtime result = 107030
[ERROR] RUNTIME(712583,):2026-01-15-10:28:49.532.154 [api_error.cc:1519]712583 MemCopySync:Memory copy sync failed, cnt=416, kind=1.
[ERROR] RUNTIME(712583,):2026-01-15-10:28:49.532.166 [api_c.cc:1197]712583 rtMemcpy:ErrCode=107030, desc=[the current capture mode does not support this operation], InnerCode=0x703001c
[ERROR] RUNTIME(712583,):2026-01-15-10:28:49.532.169 [error_message_manage.cc:53]712583 FuncErrorReason:report error module_type=3, module_name=EE8888
[ERROR] RUNTIME(712583,):2026-01-15-10:28:49.532.172 [error_message_manage.cc:53]712583 FuncErrorReason:rtMemcpy execute failed, reason=[the current capture mode does not support this operation]
[ERROR] ASCENDCL(712583,):2026-01-15-10:28:49.532.436 [memory.cpp:437]712583 aclrtMemcpyImpl: synchronized memcpy failed, kind = 1, runtime result = 107030
[ERROR] RUNTIME(712583,):2026-01-15-10:28:49.602.962 [api_error.cc:1519]712583 MemCopySync:Memory copy sync failed, cnt=72, kind=1.
[ERROR] RUNTIME(712583,):2026-01-15-10:28:49.602.970 [api_c.cc:1197]712583 rtMemcpy:ErrCode=107030, desc=[the current capture mode does not support this operation], InnerCode=0x703001c
[ERROR] RUNTIME(712583,):2026-01-15-10:28:49.602.973 [error_message_manage.cc:53]712583 FuncErrorReason:report error module_type=3, module_name=EE8888
[ERROR] RUNTIME(712583,):2026-01-15-10:28:49.602.975 [error_message_manage.cc:53]712583 FuncErrorReason:rtMemcpy execute failed, reason=[the current capture mode does not support this operation]
[ERROR] ASCENDCL(712583,):2026-01-15-10:28:49.603.204 [memory.cpp:437]712583 aclrtMemcpyImpl: synchronized memcpy failed, kind = 1, runtime result = 107030
[ERROR] RUNTIME(712583,):2026-01-15-10:28:49.673.012 [api_error.cc:1519]712583 MemCopySync:Memory copy sync failed, cnt=416, kind=1.
[ERROR] RUNTIME(712583,):2026-01-15-10:28:49.673.021 [api_c.cc:1197]712583 rtMemcpy:ErrCode=107030, desc=[the current capture mode does not support this operation], InnerCode=0x703001c
[ERROR] RUNTIME(712583,):2026-01-15-10:28:49.673.024 [error_message_manage.cc:53]712583 FuncErrorReason:report error module_type=3, module_name=EE8888
[ERROR] RUNTIME(712583,):2026-01-15-10:28:49.673.027 [error_message_manage.cc:53]712583 FuncErrorReason:rtMemcpy execute failed, reason=[the current capture mode does not support this operation]
[ERROR] ASCENDCL(712583,):2026-01-15-10:28:49.673.239 [memory.cpp:437]712583 aclrtMemcpyImpl: synchronized memcpy failed, kind = 1, runtime result = 107030
[ERROR] RUNTIME(712583,):2026-01-15-10:28:49.733.468 [api_error.cc:1519]712583 MemCopySync:Memory copy sync failed, cnt=72, kind=1.
[ERROR] RUNTIME(712583,):2026-01-15-10:28:49.733.476 [api_c.cc:1197]712583 rtMemcpy:ErrCode=107030, desc=[the current capture mode does not support this operation], InnerCode=0x703001c
[ERROR] RUNTIME(712583,):2026-01-15-10:28:49.733.478 [error_message_manage.cc:53]712583 FuncErrorReason:report error module_type=3, module_name=EE8888
[ERROR] RUNTIME(712583,):2026-01-15-10:28:49.733.481 [error_message_manage.cc:53]712583 FuncErrorReason:rtMemcpy execute failed, reason=[the current capture mode does not support this operation]
[ERROR] ASCENDCL(712583,):2026-01-15-10:28:49.733.688 [memory.cpp:437]712583 aclrtMemcpyImpl: synchronized memcpy failed, kind = 1, runtime result = 107030
[ERROR] RUNTIME(712583,):2026-01-15-10:28:49.804.810 [api_error.cc:1519]712583 MemCopySync:Memory copy sync failed, cnt=416, kind=1.
[ERROR] RUNTIME(712583,):2026-01-15-10:28:49.804.818 [api_c.cc:1197]712583 rtMemcpy:ErrCode=107030, desc=[the current capture mode does not support this operation], InnerCode=0x703001c
[ERROR] RUNTIME(712583,):2026-01-15-10:28:49.804.820 [error_message_manage.cc:53]712583 FuncErrorReason:report error module_type=3, module_name=EE8888
[ERROR] RUNTIME(712583,):2026-01-15-10:28:49.804.823 [error_message_manage.cc:53]712583 FuncErrorReason:rtMemcpy execute failed, reason=[the current capture mode does not support this operation]
[ERROR] ASCENDCL(712583,):2026-01-15-10:28:49.805.035 [memory.cpp:437]712583 aclrtMemcpyImpl: synchronized memcpy failed, kind = 1, runtime result = 107030
[ERROR] RUNTIME(712583,):2026-01-15-10:28:49.871.180 [api_error.cc:1519]712583 MemCopySync:Memory copy sync failed, cnt=72, kind=1.
[ERROR] RUNTIME(712583,):2026-01-15-10:28:49.871.188 [api_c.cc:1197]712583 rtMemcpy:ErrCode=107030, desc=[the current capture mode does not support this operation], InnerCode=0x703001c
[ERROR] RUNTIME(712583,):2026-01-15-10:28:49.871.190 [error_message_manage.cc:53]712583 FuncErrorReason:report error module_type=3, module_name=EE8888
[ERROR] RUNTIME(712583,):2026-01-15-10:28:49.871.193 [error_message_manage.cc:53]712583 FuncErrorReason:rtMemcpy execute failed, reason=[the current capture mode does not support this operation]
[ERROR] ASCENDCL(712583,):2026-01-15-10:28:49.871.377 [memory.cpp:437]712583 aclrtMemcpyImpl: synchronized memcpy failed, kind = 1, runtime result = 107030
[ERROR] RUNTIME(712583,):2026-01-15-10:28:49.938.646 [api_error.cc:1519]712583 MemCopySync:Memory copy sync failed, cnt=416, kind=1.
[ERROR] RUNTIME(712583,):2026-01-15-10:28:49.938.654 [api_c.cc:1197]712583 rtMemcpy:ErrCode=107030, desc=[the current capture mode does not support this operation], InnerCode=0x703001c
[ERROR] RUNTIME(712583,):2026-01-15-10:28:49.938.657 [error_message_manage.cc:53]712583 FuncErrorReason:report error module_type=3, module_name=EE8888
[ERROR] RUNTIME(712583,):2026-01-15-10:28:49.938.659 [error_message_manage.cc:53]712583 FuncErrorReason:rtMemcpy execute failed, reason=[the current capture mode does not support this operation]
[ERROR] ASCENDCL(712583,):2026-01-15-10:28:49.938.892 [memory.cpp:437]712583 aclrtMemcpyImpl: synchronized memcpy failed, kind = 1, runtime result = 107030
[ERROR] RUNTIME(712583,):2026-01-15-10:28:50.010.393 [api_error.cc:1519]712583 MemCopySync:Memory copy sync failed, cnt=72, kind=1.
[ERROR] RUNTIME(712583,):2026-01-15-10:28:50.010.401 [api_c.cc:1197]712583 rtMemcpy:ErrCode=107030, desc=[the current capture mode does not support this operation], InnerCode=0x703001c
[ERROR] RUNTIME(712583,):2026-01-15-10:28:50.010.404 [error_message_manage.cc:53]712583 FuncErrorReason:report error module_type=3, module_name=EE8888
[ERROR] RUNTIME(712583,):2026-01-15-10:28:50.010.406 [error_message_manage.cc:53]712583 FuncErrorReason:rtMemcpy execute failed, reason=[the current capture mode does not support this operation]
[ERROR] ASCENDCL(712583,):2026-01-15-10:28:50.010.619 [memory.cpp:437]712583 aclrtMemcpyImpl: synchronized memcpy failed, kind = 1, runtime result = 107030
[ERROR] RUNTIME(712583,):2026-01-15-10:28:50.079.358 [api_error.cc:1519]712583 MemCopySync:Memory copy sync failed, cnt=416, kind=1.
[ERROR] RUNTIME(712583,):2026-01-15-10:28:50.079.374 [api_c.cc:1197]712583 rtMemcpy:ErrCode=107030, desc=[the current capture mode does not support this operation], InnerCode=0x703001c
[ERROR] RUNTIME(712583,):2026-01-15-10:28:50.079.377 [error_message_manage.cc:53]712583 FuncErrorReason:report error module_type=3, module_name=EE8888
[ERROR] RUNTIME(712583,):2026-01-15-10:28:50.079.380 [error_message_manage.cc:53]712583 FuncErrorReason:rtMemcpy execute failed, reason=[the current capture mode does not support this operation]
[ERROR] ASCENDCL(712583,):2026-01-15-10:28:50.079.658 [memory.cpp:437]712583 aclrtMemcpyImpl: synchronized memcpy failed, kind = 1, runtime result = 107030
[ERROR] RUNTIME(712583,):2026-01-15-10:28:50.148.879 [api_error.cc:1519]712583 MemCopySync:Memory copy sync failed, cnt=72, kind=1.
[ERROR] RUNTIME(712583,):2026-01-15-10:28:50.148.887 [api_c.cc:1197]712583 rtMemcpy:ErrCode=107030, desc=[the current capture mode does not support this operation], InnerCode=0x703001c
[ERROR] RUNTIME(712583,):2026-01-15-10:28:50.148.889 [error_message_manage.cc:53]712583 FuncErrorReason:report error module_type=3, module_name=EE8888
[ERROR] RUNTIME(712583,):2026-01-15-10:28:50.148.892 [error_message_manage.cc:53]712583 FuncErrorReason:rtMemcpy execute failed, reason=[the current capture mode does not support this operation]
[ERROR] ASCENDCL(712583,):2026-01-15-10:28:50.149.117 [memory.cpp:437]712583 aclrtMemcpyImpl: synchronized memcpy failed, kind = 1, runtime result = 107030
[ERROR] RUNTIME(712583,):2026-01-15-10:28:50.228.373 [api_error.cc:1519]712583 MemCopySync:Memory copy sync failed, cnt=416, kind=1.
[ERROR] RUNTIME(712583,):2026-01-15-10:28:50.228.382 [api_c.cc:1197]712583 rtMemcpy:ErrCode=107030, desc=[the current capture mode does not support this operation], InnerCode=0x703001c
[ERROR] RUNTIME(712583,):2026-01-15-10:28:50.228.384 [error_message_manage.cc:53]712583 FuncErrorReason:report error module_type=3, module_name=EE8888
[ERROR] RUNTIME(712583,):2026-01-15-10:28:50.228.387 [error_message_manage.cc:53]712583 FuncErrorReason:rtMemcpy execute failed, reason=[the current capture mode does not support this operation]
[ERROR] ASCENDCL(712583,):2026-01-15-10:28:50.228.594 [memory.cpp:437]712583 aclrtMemcpyImpl: synchronized memcpy failed, kind = 1, runtime result = 107030
[ERROR] RUNTIME(712583,):2026-01-15-10:28:50.297.451 [api_error.cc:1519]712583 MemCopySync:Memory copy sync failed, cnt=72, kind=1.
[ERROR] RUNTIME(712583,):2026-01-15-10:28:50.297.460 [api_c.cc:1197]712583 rtMemcpy:ErrCode=107030, desc=[the current capture mode does not support this operation], InnerCode=0x703001c
[ERROR] RUNTIME(712583,):2026-01-15-10:28:50.297.462 [error_message_manage.cc:53]712583 FuncErrorReason:report error module_type=3, module_name=EE8888
[ERROR] RUNTIME(712583,):2026-01-15-10:28:50.297.465 [error_message_manage.cc:53]712583 FuncErrorReason:rtMemcpy execute failed, reason=[the current capture mode does not support this operation]
[ERROR] ASCENDCL(712583,):2026-01-15-10:28:50.297.800 [memory.cpp:437]712583 aclrtMemcpyImpl: synchronized memcpy failed, kind = 1, runtime result = 107030
[ERROR] RUNTIME(712583,):2026-01-15-10:28:50.368.851 [api_error.cc:1519]712583 MemCopySync:Memory copy sync failed, cnt=416, kind=1.
[ERROR] RUNTIME(712583,):2026-01-15-10:28:50.368.860 [api_c.cc:1197]712583 rtMemcpy:ErrCode=107030, desc=[the current capture mode does not support this operation], InnerCode=0x703001c
[ERROR] RUNTIME(712583,):2026-01-15-10:28:50.368.862 [error_message_manage.cc:53]712583 FuncErrorReason:report error module_type=3, module_name=EE8888
[ERROR] RUNTIME(712583,):2026-01-15-10:28:50.368.865 [error_message_manage.cc:53]712583 FuncErrorReason:rtMemcpy execute failed, reason=[the current capture mode does not support this operation]
[ERROR] ASCENDCL(712583,):2026-01-15-10:28:50.369.135 [memory.cpp:437]712583 aclrtMemcpyImpl: synchronized memcpy failed, kind = 1, runtime result = 107030
[ERROR] RUNTIME(712583,):2026-01-15-10:28:50.440.633 [api_error.cc:1519]712583 MemCopySync:Memory copy sync failed, cnt=72, kind=1.
[ERROR] RUNTIME(712583,):2026-01-15-10:28:50.440.641 [api_c.cc:1197]712583 rtMemcpy:ErrCode=107030, desc=[the current capture mode does not support this operation], InnerCode=0x703001c
[ERROR] RUNTIME(712583,):2026-01-15-10:28:50.440.644 [error_message_manage.cc:53]712583 FuncErrorReason:report error module_type=3, module_name=EE8888
[ERROR] RUNTIME(712583,):2026-01-15-10:28:50.440.646 [error_message_manage.cc:53]712583 FuncErrorReason:rtMemcpy execute failed, reason=[the current capture mode does not support this operation]
[ERROR] ASCENDCL(712583,):2026-01-15-10:28:50.440.839 [memory.cpp:437]712583 aclrtMemcpyImpl: synchronized memcpy failed, kind = 1, runtime result = 107030
[ERROR] RUNTIME(712583,):2026-01-15-10:28:50.512.348 [api_error.cc:1519]712583 MemCopySync:Memory copy sync failed, cnt=416, kind=1.
[ERROR] RUNTIME(712583,):2026-01-15-10:28:50.512.357 [api_c.cc:1197]712583 rtMemcpy:ErrCode=107030, desc=[the current capture mode does not support this operation], InnerCode=0x703001c
[ERROR] RUNTIME(712583,):2026-01-15-10:28:50.512.360 [error_message_manage.cc:53]712583 FuncErrorReason:report error module_type=3, module_name=EE8888
[ERROR] RUNTIME(712583,):2026-01-15-10:28:50.512.363 [error_message_manage.cc:53]712583 FuncErrorReason:rtMemcpy execute failed, reason=[the current capture mode does not support this operation]
[ERROR] ASCENDCL(712583,):2026-01-15-10:28:50.512.623 [memory.cpp:437]712583 aclrtMemcpyImpl: synchronized memcpy failed, kind = 1, runtime result = 107030
[ERROR] RUNTIME(712583,):2026-01-15-10:28:50.585.216 [api_error.cc:1519]712583 MemCopySync:Memory copy sync failed, cnt=72, kind=1.
[ERROR] RUNTIME(712583,):2026-01-15-10:28:50.585.223 [api_c.cc:1197]712583 rtMemcpy:ErrCode=107030, desc=[the current capture mode does not support this operation], InnerCode=0x703001c
[ERROR] RUNTIME(712583,):2026-01-15-10:28:50.585.226 [error_message_manage.cc:53]712583 FuncErrorReason:report error module_type=3, module_name=EE8888
[ERROR] RUNTIME(712583,):2026-01-15-10:28:50.585.229 [error_message_manage.cc:53]712583 FuncErrorReason:rtMemcpy execute failed, reason=[the current capture mode does not support this operation]
[ERROR] ASCENDCL(712583,):2026-01-15-10:28:50.585.499 [memory.cpp:437]712583 aclrtMemcpyImpl: synchronized memcpy failed, kind = 1, runtime result = 107030
[ERROR] RUNTIME(712583,):2026-01-15-10:28:50.660.495 [api_error.cc:1519]712583 MemCopySync:Memory copy sync failed, cnt=416, kind=1.
[ERROR] RUNTIME(712583,):2026-01-15-10:28:50.660.503 [api_c.cc:1197]712583 rtMemcpy:ErrCode=107030, desc=[the current capture mode does not support this operation], InnerCode=0x703001c
[ERROR] RUNTIME(712583,):2026-01-15-10:28:50.660.506 [error_message_manage.cc:53]712583 FuncErrorReason:report error module_type=3, module_name=EE8888
[ERROR] RUNTIME(712583,):2026-01-15-10:28:50.660.509 [error_message_manage.cc:53]712583 FuncErrorReason:rtMemcpy execute failed, reason=[the current capture mode does not support this operation]
[ERROR] ASCENDCL(712583,):2026-01-15-10:28:50.660.716 [memory.cpp:437]712583 aclrtMemcpyImpl: synchronized memcpy failed, kind = 1, runtime result = 107030
[ERROR] RUNTIME(712583,):2026-01-15-10:28:50.728.442 [api_error.cc:1519]712583 MemCopySync:Memory copy sync failed, cnt=72, kind=1.
[ERROR] RUNTIME(712583,):2026-01-15-10:28:50.728.450 [api_c.cc:1197]712583 rtMemcpy:ErrCode=107030, desc=[the current capture mode does not support this operation], InnerCode=0x703001c
[ERROR] RUNTIME(712583,):2026-01-15-10:28:50.728.453 [error_message_manage.cc:53]712583 FuncErrorReason:report error module_type=3, module_name=EE8888
[ERROR] RUNTIME(712583,):2026-01-15-10:28:50.728.455 [error_message_manage.cc:53]712583 FuncErrorReason:rtMemcpy execute failed, reason=[the current capture mode does not support this operation]
[ERROR] ASCENDCL(712583,):2026-01-15-10:28:50.728.729 [memory.cpp:437]712583 aclrtMemcpyImpl: synchronized memcpy failed, kind = 1, runtime result = 107030
[ERROR] RUNTIME(712583,):2026-01-15-10:28:50.793.365 [api_error.cc:1519]712583 MemCopySync:Memory copy sync failed, cnt=416, kind=1.
[ERROR] RUNTIME(712583,):2026-01-15-10:28:50.793.374 [api_c.cc:1197]712583 rtMemcpy:ErrCode=107030, desc=[the current capture mode does not support this operation], InnerCode=0x703001c
[ERROR] RUNTIME(712583,):2026-01-15-10:28:50.793.377 [error_message_manage.cc:53]712583 FuncErrorReason:report error module_type=3, module_name=EE8888
[ERROR] RUNTIME(712583,):2026-01-15-10:28:50.793.379 [error_message_manage.cc:53]712583 FuncErrorReason:rtMemcpy execute failed, reason=[the current capture mode does not support this operation]
[ERROR] ASCENDCL(712583,):2026-01-15-10:28:50.793.616 [memory.cpp:437]712583 aclrtMemcpyImpl: synchronized memcpy failed, kind = 1, runtime result = 107030
[ERROR] RUNTIME(712583,):2026-01-15-10:28:50.860.459 [api_error.cc:1519]712583 MemCopySync:Memory copy sync failed, cnt=72, kind=1.
[ERROR] RUNTIME(712583,):2026-01-15-10:28:50.860.467 [api_c.cc:1197]712583 rtMemcpy:ErrCode=107030, desc=[the current capture mode does not support this operation], InnerCode=0x703001c
[ERROR] RUNTIME(712583,):2026-01-15-10:28:50.860.470 [error_message_manage.cc:53]712583 FuncErrorReason:report error module_type=3, module_name=EE8888
[ERROR] RUNTIME(712583,):2026-01-15-10:28:50.860.472 [error_message_manage.cc:53]712583 FuncErrorReason:rtMemcpy execute failed, reason=[the current capture mode does not support this operation]
[ERROR] ASCENDCL(712583,):2026-01-15-10:28:50.860.728 [memory.cpp:437]712583 aclrtMemcpyImpl: synchronized memcpy failed, kind = 1, runtime result = 107030
[ERROR] RUNTIME(712583,):2026-01-15-10:28:50.930.106 [api_error.cc:1519]712583 MemCopySync:Memory copy sync failed, cnt=416, kind=1.
[ERROR] RUNTIME(712583,):2026-01-15-10:28:50.930.114 [api_c.cc:1197]712583 rtMemcpy:ErrCode=107030, desc=[the current capture mode does not support this operation], InnerCode=0x703001c
[ERROR] RUNTIME(712583,):2026-01-15-10:28:50.930.117 [error_message_manage.cc:53]712583 FuncErrorReason:report error module_type=3, module_name=EE8888
[ERROR] RUNTIME(712583,):2026-01-15-10:28:50.930.120 [error_message_manage.cc:53]712583 FuncErrorReason:rtMemcpy execute failed, reason=[the current capture mode does not support this operation]
[ERROR] ASCENDCL(712583,):2026-01-15-10:28:50.930.438 [memory.cpp:437]712583 aclrtMemcpyImpl: synchronized memcpy failed, kind = 1, runtime result = 107030
[ERROR] RUNTIME(712583,):2026-01-15-10:28:51.001.278 [api_error.cc:1519]712583 MemCopySync:Memory copy sync failed, cnt=72, kind=1.
[ERROR] RUNTIME(712583,):2026-01-15-10:28:51.001.286 [api_c.cc:1197]712583 rtMemcpy:ErrCode=107030, desc=[the current capture mode does not support this operation], InnerCode=0x703001c
[ERROR] RUNTIME(712583,):2026-01-15-10:28:51.001.289 [error_message_manage.cc:53]712583 FuncErrorReason:report error module_type=3, module_name=EE8888
[ERROR] RUNTIME(712583,):2026-01-15-10:28:51.001.292 [error_message_manage.cc:53]712583 FuncErrorReason:rtMemcpy execute failed, reason=[the current capture mode does not support this operation]
[ERROR] ASCENDCL(712583,):2026-01-15-10:28:51.001.547 [memory.cpp:437]712583 aclrtMemcpyImpl: synchronized memcpy failed, kind = 1, runtime result = 107030
[ERROR] RUNTIME(712583,):2026-01-15-10:28:51.075.462 [api_error.cc:1519]712583 MemCopySync:Memory copy sync failed, cnt=416, kind=1.
[ERROR] RUNTIME(712583,):2026-01-15-10:28:51.075.471 [api_c.cc:1197]712583 rtMemcpy:ErrCode=107030, desc=[the current capture mode does not support this operation], InnerCode=0x703001c
[ERROR] RUNTIME(712583,):2026-01-15-10:28:51.075.474 [error_message_manage.cc:53]712583 FuncErrorReason:report error module_type=3, module_name=EE8888
[ERROR] RUNTIME(712583,):2026-01-15-10:28:51.075.477 [error_message_manage.cc:53]712583 FuncErrorReason:rtMemcpy execute failed, reason=[the current capture mode does not support this operation]
[ERROR] ASCENDCL(712583,):2026-01-15-10:28:51.075.699 [memory.cpp:437]712583 aclrtMemcpyImpl: synchronized memcpy failed, kind = 1, runtime result = 107030
[ERROR] RUNTIME(712583,):2026-01-15-10:28:51.150.376 [api_error.cc:1519]712583 MemCopySync:Memory copy sync failed, cnt=72, kind=1.
[ERROR] RUNTIME(712583,):2026-01-15-10:28:51.150.384 [api_c.cc:1197]712583 rtMemcpy:ErrCode=107030, desc=[the current capture mode does not support this operation], InnerCode=0x703001c
[ERROR] RUNTIME(712583,):2026-01-15-10:28:51.150.386 [error_message_manage.cc:53]712583 FuncErrorReason:report error module_type=3, module_name=EE8888
[ERROR] RUNTIME(712583,):2026-01-15-10:28:51.150.389 [error_message_manage.cc:53]712583 FuncErrorReason:rtMemcpy execute failed, reason=[the current capture mode does not support this operation]
[ERROR] ASCENDCL(712583,):2026-01-15-10:28:51.150.575 [memory.cpp:437]712583 aclrtMemcpyImpl: synchronized memcpy failed, kind = 1, runtime result = 107030
[ERROR] RUNTIME(712583,):2026-01-15-10:28:51.226.260 [api_error.cc:1519]712583 MemCopySync:Memory copy sync failed, cnt=416, kind=1.
[ERROR] RUNTIME(712583,):2026-01-15-10:28:51.226.268 [api_c.cc:1197]712583 rtMemcpy:ErrCode=107030, desc=[the current capture mode does not support this operation], InnerCode=0x703001c
[ERROR] RUNTIME(712583,):2026-01-15-10:28:51.226.271 [error_message_manage.cc:53]712583 FuncErrorReason:report error module_type=3, module_name=EE8888
[ERROR] RUNTIME(712583,):2026-01-15-10:28:51.226.274 [error_message_manage.cc:53]712583 FuncErrorReason:rtMemcpy execute failed, reason=[the current capture mode does not support this operation]
[ERROR] ASCENDCL(712583,):2026-01-15-10:28:51.226.475 [memory.cpp:437]712583 aclrtMemcpyImpl: synchronized memcpy failed, kind = 1, runtime result = 107030
[ERROR] RUNTIME(712583,):2026-01-15-10:28:51.296.120 [api_error.cc:1519]712583 MemCopySync:Memory copy sync failed, cnt=72, kind=1.
[ERROR] RUNTIME(712583,):2026-01-15-10:28:51.296.128 [api_c.cc:1197]712583 rtMemcpy:ErrCode=107030, desc=[the current capture mode does not support this operation], InnerCode=0x703001c
[ERROR] RUNTIME(712583,):2026-01-15-10:28:51.296.131 [error_message_manage.cc:53]712583 FuncErrorReason:report error module_type=3, module_name=EE8888
[ERROR] RUNTIME(712583,):2026-01-15-10:28:51.296.133 [error_message_manage.cc:53]712583 FuncErrorReason:rtMemcpy execute failed, reason=[the current capture mode does not support this operation]
[ERROR] ASCENDCL(712583,):2026-01-15-10:28:51.296.386 [memory.cpp:437]712583 aclrtMemcpyImpl: synchronized memcpy failed, kind = 1, runtime result = 107030
[ERROR] RUNTIME(712583,):2026-01-15-10:28:51.369.766 [api_error.cc:1519]712583 MemCopySync:Memory copy sync failed, cnt=416, kind=1.
[ERROR] RUNTIME(712583,):2026-01-15-10:28:51.369.774 [api_c.cc:1197]712583 rtMemcpy:ErrCode=107030, desc=[the current capture mode does not support this operation], InnerCode=0x703001c
[ERROR] RUNTIME(712583,):2026-01-15-10:28:51.369.776 [error_message_manage.cc:53]712583 FuncErrorReason:report error module_type=3, module_name=EE8888
[ERROR] RUNTIME(712583,):2026-01-15-10:28:51.369.779 [error_message_manage.cc:53]712583 FuncErrorReason:rtMemcpy execute failed, reason=[the current capture mode does not support this operation]
[ERROR] ASCENDCL(712583,):2026-01-15-10:28:51.369.994 [memory.cpp:437]712583 aclrtMemcpyImpl: synchronized memcpy failed, kind = 1, runtime result = 107030
[ERROR] RUNTIME(712583,):2026-01-15-10:28:51.445.092 [api_error.cc:1519]712583 MemCopySync:Memory copy sync failed, cnt=72, kind=1.
[ERROR] RUNTIME(712583,):2026-01-15-10:28:51.445.099 [api_c.cc:1197]712583 rtMemcpy:ErrCode=107030, desc=[the current capture mode does not support this operation], InnerCode=0x703001c
[ERROR] RUNTIME(712583,):2026-01-15-10:28:51.445.101 [error_message_manage.cc:53]712583 FuncErrorReason:report error module_type=3, module_name=EE8888
[ERROR] RUNTIME(712583,):2026-01-15-10:28:51.445.104 [error_message_manage.cc:53]712583 FuncErrorReason:rtMemcpy execute failed, reason=[the current capture mode does not support this operation]
[ERROR] ASCENDCL(712583,):2026-01-15-10:28:51.445.355 [memory.cpp:437]712583 aclrtMemcpyImpl: synchronized memcpy failed, kind = 1, runtime result = 107030
[ERROR] RUNTIME(712583,):2026-01-15-10:28:51.516.408 [api_error.cc:1519]712583 MemCopySync:Memory copy sync failed, cnt=416, kind=1.
[ERROR] RUNTIME(712583,):2026-01-15-10:28:51.516.416 [api_c.cc:1197]712583 rtMemcpy:ErrCode=107030, desc=[the current capture mode does not support this operation], InnerCode=0x703001c
[ERROR] RUNTIME(712583,):2026-01-15-10:28:51.516.419 [error_message_manage.cc:53]712583 FuncErrorReason:report error module_type=3, module_name=EE8888
[ERROR] RUNTIME(712583,):2026-01-15-10:28:51.516.422 [error_message_manage.cc:53]712583 FuncErrorReason:rtMemcpy execute failed, reason=[the current capture mode does not support this operation]
[ERROR] ASCENDCL(712583,):2026-01-15-10:28:51.516.703 [memory.cpp:437]712583 aclrtMemcpyImpl: synchronized memcpy failed, kind = 1, runtime result = 107030
[ERROR] RUNTIME(712583,):2026-01-15-10:28:51.580.277 [api_error.cc:1519]712583 MemCopySync:Memory copy sync failed, cnt=72, kind=1.
[ERROR] RUNTIME(712583,):2026-01-15-10:28:51.580.285 [api_c.cc:1197]712583 rtMemcpy:ErrCode=107030, desc=[the current capture mode does not support this operation], InnerCode=0x703001c
[ERROR] RUNTIME(712583,):2026-01-15-10:28:51.580.287 [error_message_manage.cc:53]712583 FuncErrorReason:report error module_type=3, module_name=EE8888
[ERROR] RUNTIME(712583,):2026-01-15-10:28:51.580.290 [error_message_manage.cc:53]712583 FuncErrorReason:rtMemcpy execute failed, reason=[the current capture mode does not support this operation]
[ERROR] ASCENDCL(712583,):2026-01-15-10:28:51.580.535 [memory.cpp:437]712583 aclrtMemcpyImpl: synchronized memcpy failed, kind = 1, runtime result = 107030
[ERROR] RUNTIME(712583,):2026-01-15-10:28:51.651.001 [api_error.cc:1519]712583 MemCopySync:Memory copy sync failed, cnt=416, kind=1.
[ERROR] RUNTIME(712583,):2026-01-15-10:28:51.651.009 [api_c.cc:1197]712583 rtMemcpy:ErrCode=107030, desc=[the current capture mode does not support this operation], InnerCode=0x703001c
[ERROR] RUNTIME(712583,):2026-01-15-10:28:51.651.012 [error_message_manage.cc:53]712583 FuncErrorReason:report error module_type=3, module_name=EE8888
[ERROR] RUNTIME(712583,):2026-01-15-10:28:51.651.015 [error_message_manage.cc:53]712583 FuncErrorReason:rtMemcpy execute failed, reason=[the current capture mode does not support this operation]
[ERROR] ASCENDCL(712583,):2026-01-15-10:28:51.651.261 [memory.cpp:437]712583 aclrtMemcpyImpl: synchronized memcpy failed, kind = 1, runtime result = 107030
[ERROR] RUNTIME(712583,):2026-01-15-10:28:51.722.909 [api_error.cc:1519]712583 MemCopySync:Memory copy sync failed, cnt=72, kind=1.
[ERROR] RUNTIME(712583,):2026-01-15-10:28:51.722.917 [api_c.cc:1197]712583 rtMemcpy:ErrCode=107030, desc=[the current capture mode does not support this operation], InnerCode=0x703001c
[ERROR] RUNTIME(712583,):2026-01-15-10:28:51.722.919 [error_message_manage.cc:53]712583 FuncErrorReason:report error module_type=3, module_name=EE8888
[ERROR] RUNTIME(712583,):2026-01-15-10:28:51.722.922 [error_message_manage.cc:53]712583 FuncErrorReason:rtMemcpy execute failed, reason=[the current capture mode does not support this operation]
[ERROR] ASCENDCL(712583,):2026-01-15-10:28:51.723.184 [memory.cpp:437]712583 aclrtMemcpyImpl: synchronized memcpy failed, kind = 1, runtime result = 107030
[ERROR] RUNTIME(712583,):2026-01-15-10:28:51.800.129 [api_error.cc:1519]712583 MemCopySync:Memory copy sync failed, cnt=416, kind=1.
[ERROR] RUNTIME(712583,):2026-01-15-10:28:51.800.137 [api_c.cc:1197]712583 rtMemcpy:ErrCode=107030, desc=[the current capture mode does not support this operation], InnerCode=0x703001c
[ERROR] RUNTIME(712583,):2026-01-15-10:28:51.800.140 [error_message_manage.cc:53]712583 FuncErrorReason:report error module_type=3, module_name=EE8888
[ERROR] RUNTIME(712583,):2026-01-15-10:28:51.800.142 [error_message_manage.cc:53]712583 FuncErrorReason:rtMemcpy execute failed, reason=[the current capture mode does not support this operation]
[ERROR] ASCENDCL(712583,):2026-01-15-10:28:51.800.382 [memory.cpp:437]712583 aclrtMemcpyImpl: synchronized memcpy failed, kind = 1, runtime result = 107030
[ERROR] RUNTIME(712583,):2026-01-15-10:28:51.870.669 [api_error.cc:1519]712583 MemCopySync:Memory copy sync failed, cnt=72, kind=1.
[ERROR] RUNTIME(712583,):2026-01-15-10:28:51.870.677 [api_c.cc:1197]712583 rtMemcpy:ErrCode=107030, desc=[the current capture mode does not support this operation], InnerCode=0x703001c
[ERROR] RUNTIME(712583,):2026-01-15-10:28:51.870.680 [error_message_manage.cc:53]712583 FuncErrorReason:report error module_type=3, module_name=EE8888
[ERROR] RUNTIME(712583,):2026-01-15-10:28:51.870.682 [error_message_manage.cc:53]712583 FuncErrorReason:rtMemcpy execute failed, reason=[the current capture mode does not support this operation]
[ERROR] ASCENDCL(712583,):2026-01-15-10:28:51.870.908 [memory.cpp:437]712583 aclrtMemcpyImpl: synchronized memcpy failed, kind = 1, runtime result = 107030
[ERROR] RUNTIME(712583,):2026-01-15-10:28:51.945.335 [api_error.cc:1519]712583 MemCopySync:Memory copy sync failed, cnt=416, kind=1.
[ERROR] RUNTIME(712583,):2026-01-15-10:28:51.945.344 [api_c.cc:1197]712583 rtMemcpy:ErrCode=107030, desc=[the current capture mode does not support this operation], InnerCode=0x703001c
[ERROR] RUNTIME(712583,):2026-01-15-10:28:51.945.346 [error_message_manage.cc:53]712583 FuncErrorReason:report error module_type=3, module_name=EE8888
[ERROR] RUNTIME(712583,):2026-01-15-10:28:51.945.349 [error_message_manage.cc:53]712583 FuncErrorReason:rtMemcpy execute failed, reason=[the current capture mode does not support this operation]
[ERROR] ASCENDCL(712583,):2026-01-15-10:28:51.945.629 [memory.cpp:437]712583 aclrtMemcpyImpl: synchronized memcpy failed, kind = 1, runtime result = 107030
[ERROR] RUNTIME(712583,):2026-01-15-10:28:52.021.110 [api_error.cc:1519]712583 MemCopySync:Memory copy sync failed, cnt=72, kind=1.
[ERROR] RUNTIME(712583,):2026-01-15-10:28:52.021.118 [api_c.cc:1197]712583 rtMemcpy:ErrCode=107030, desc=[the current capture mode does not support this operation], InnerCode=0x703001c
[ERROR] RUNTIME(712583,):2026-01-15-10:28:52.021.121 [error_message_manage.cc:53]712583 FuncErrorReason:report error module_type=3, module_name=EE8888
[ERROR] RUNTIME(712583,):2026-01-15-10:28:52.021.124 [error_message_manage.cc:53]712583 FuncErrorReason:rtMemcpy execute failed, reason=[the current capture mode does not support this operation]
[ERROR] ASCENDCL(712583,):2026-01-15-10:28:52.021.346 [memory.cpp:437]712583 aclrtMemcpyImpl: synchronized memcpy failed, kind = 1, runtime result = 107030
[ERROR] RUNTIME(712583,):2026-01-15-10:28:52.096.194 [api_error.cc:1519]712583 MemCopySync:Memory copy sync failed, cnt=416, kind=1.
[ERROR] RUNTIME(712583,):2026-01-15-10:28:52.096.203 [api_c.cc:1197]712583 rtMemcpy:ErrCode=107030, desc=[the current capture mode does not support this operation], InnerCode=0x703001c
[ERROR] RUNTIME(712583,):2026-01-15-10:28:52.096.205 [error_message_manage.cc:53]712583 FuncErrorReason:report error module_type=3, module_name=EE8888
[ERROR] RUNTIME(712583,):2026-01-15-10:28:52.096.208 [error_message_manage.cc:53]712583 FuncErrorReason:rtMemcpy execute failed, reason=[the current capture mode does not support this operation]
[ERROR] ASCENDCL(712583,):2026-01-15-10:28:52.096.489 [memory.cpp:437]712583 aclrtMemcpyImpl: synchronized memcpy failed, kind = 1, runtime result = 107030
[ERROR] RUNTIME(712583,):2026-01-15-10:28:52.170.192 [api_error.cc:1519]712583 MemCopySync:Memory copy sync failed, cnt=72, kind=1.
[ERROR] RUNTIME(712583,):2026-01-15-10:28:52.170.200 [api_c.cc:1197]712583 rtMemcpy:ErrCode=107030, desc=[the current capture mode does not support this operation], InnerCode=0x703001c
[ERROR] RUNTIME(712583,):2026-01-15-10:28:52.170.203 [error_message_manage.cc:53]712583 FuncErrorReason:report error module_type=3, module_name=EE8888
[ERROR] RUNTIME(712583,):2026-01-15-10:28:52.170.205 [error_message_manage.cc:53]712583 FuncErrorReason:rtMemcpy execute failed, reason=[the current capture mode does not support this operation]
[ERROR] ASCENDCL(712583,):2026-01-15-10:28:52.170.472 [memory.cpp:437]712583 aclrtMemcpyImpl: synchronized memcpy failed, kind = 1, runtime result = 107030
[ERROR] RUNTIME(712583,):2026-01-15-10:28:52.241.611 [api_error.cc:1519]712583 MemCopySync:Memory copy sync failed, cnt=416, kind=1.
[ERROR] RUNTIME(712583,):2026-01-15-10:28:52.241.619 [api_c.cc:1197]712583 rtMemcpy:ErrCode=107030, desc=[the current capture mode does not support this operation], InnerCode=0x703001c
[ERROR] RUNTIME(712583,):2026-01-15-10:28:52.241.622 [error_message_manage.cc:53]712583 FuncErrorReason:report error module_type=3, module_name=EE8888
[ERROR] RUNTIME(712583,):2026-01-15-10:28:52.241.624 [error_message_manage.cc:53]712583 FuncErrorReason:rtMemcpy execute failed, reason=[the current capture mode does not support this operation]
[ERROR] ASCENDCL(712583,):2026-01-15-10:28:52.241.852 [memory.cpp:437]712583 aclrtMemcpyImpl: synchronized memcpy failed, kind = 1, runtime result = 107030
[ERROR] RUNTIME(712583,):2026-01-15-10:28:52.319.054 [api_error.cc:1519]712583 MemCopySync:Memory copy sync failed, cnt=72, kind=1.
[ERROR] RUNTIME(712583,):2026-01-15-10:28:52.319.062 [api_c.cc:1197]712583 rtMemcpy:ErrCode=107030, desc=[the current capture mode does not support this operation], InnerCode=0x703001c
[ERROR] RUNTIME(712583,):2026-01-15-10:28:52.319.065 [error_message_manage.cc:53]712583 FuncErrorReason:report error module_type=3, module_name=EE8888
[ERROR] RUNTIME(712583,):2026-01-15-10:28:52.319.068 [error_message_manage.cc:53]712583 FuncErrorReason:rtMemcpy execute failed, reason=[the current capture mode does not support this operation]
[ERROR] ASCENDCL(712583,):2026-01-15-10:28:52.319.372 [memory.cpp:437]712583 aclrtMemcpyImpl: synchronized memcpy failed, kind = 1, runtime result = 107030
[ERROR] RUNTIME(712583,):2026-01-15-10:28:52.396.385 [api_error.cc:1519]712583 MemCopySync:Memory copy sync failed, cnt=416, kind=1.
[ERROR] RUNTIME(712583,):2026-01-15-10:28:52.396.393 [api_c.cc:1197]712583 rtMemcpy:ErrCode=107030, desc=[the current capture mode does not support this operation], InnerCode=0x703001c
[ERROR] RUNTIME(712583,):2026-01-15-10:28:52.396.396 [error_message_manage.cc:53]712583 FuncErrorReason:report error module_type=3, module_name=EE8888
[ERROR] RUNTIME(712583,):2026-01-15-10:28:52.396.399 [error_message_manage.cc:53]712583 FuncErrorReason:rtMemcpy execute failed, reason=[the current capture mode does not support this operation]
[ERROR] ASCENDCL(712583,):2026-01-15-10:28:52.398.081 [memory.cpp:437]712583 aclrtMemcpyImpl: synchronized memcpy failed, kind = 1, runtime result = 107030
[ERROR] RUNTIME(712583,):2026-01-15-10:28:52.476.721 [api_error.cc:1519]712583 MemCopySync:Memory copy sync failed, cnt=72, kind=1.
[ERROR] RUNTIME(712583,):2026-01-15-10:28:52.476.730 [api_c.cc:1197]712583 rtMemcpy:ErrCode=107030, desc=[the current capture mode does not support this operation], InnerCode=0x703001c
[ERROR] RUNTIME(712583,):2026-01-15-10:28:52.476.732 [error_message_manage.cc:53]712583 FuncErrorReason:report error module_type=3, module_name=EE8888
[ERROR] RUNTIME(712583,):2026-01-15-10:28:52.476.735 [error_message_manage.cc:53]712583 FuncErrorReason:rtMemcpy execute failed, reason=[the current capture mode does not support this operation]
[ERROR] ASCENDCL(712583,):2026-01-15-10:28:52.477.004 [memory.cpp:437]712583 aclrtMemcpyImpl: synchronized memcpy failed, kind = 1, runtime result = 107030
[ERROR] RUNTIME(712583,):2026-01-15-10:28:52.550.841 [api_error.cc:1519]712583 MemCopySync:Memory copy sync failed, cnt=416, kind=1.
[ERROR] RUNTIME(712583,):2026-01-15-10:28:52.550.849 [api_c.cc:1197]712583 rtMemcpy:ErrCode=107030, desc=[the current capture mode does not support this operation], InnerCode=0x703001c
[ERROR] RUNTIME(712583,):2026-01-15-10:28:52.550.852 [error_message_manage.cc:53]712583 FuncErrorReason:report error module_type=3, module_name=EE8888
[ERROR] RUNTIME(712583,):2026-01-15-10:28:52.550.854 [error_message_manage.cc:53]712583 FuncErrorReason:rtMemcpy execute failed, reason=[the current capture mode does not support this operation]
[ERROR] ASCENDCL(712583,):2026-01-15-10:28:52.551.102 [memory.cpp:437]712583 aclrtMemcpyImpl: synchronized memcpy failed, kind = 1, runtime result = 107030
[ERROR] RUNTIME(712583,):2026-01-15-10:28:52.615.912 [api_error.cc:1519]712583 MemCopySync:Memory copy sync failed, cnt=72, kind=1.
[ERROR] RUNTIME(712583,):2026-01-15-10:28:52.615.920 [api_c.cc:1197]712583 rtMemcpy:ErrCode=107030, desc=[the current capture mode does not support this operation], InnerCode=0x703001c
[ERROR] RUNTIME(712583,):2026-01-15-10:28:52.615.922 [error_message_manage.cc:53]712583 FuncErrorReason:report error module_type=3, module_name=EE8888
[ERROR] RUNTIME(712583,):2026-01-15-10:28:52.615.925 [error_message_manage.cc:53]712583 FuncErrorReason:rtMemcpy execute failed, reason=[the current capture mode does not support this operation]
[ERROR] ASCENDCL(712583,):2026-01-15-10:28:52.616.215 [memory.cpp:437]712583 aclrtMemcpyImpl: synchronized memcpy failed, kind = 1, runtime result = 107030
[ERROR] RUNTIME(712583,):2026-01-15-10:28:52.669.187 [api_error.cc:1519]712583 MemCopySync:Memory copy sync failed, cnt=416, kind=1.
[ERROR] RUNTIME(712583,):2026-01-15-10:28:52.669.195 [api_c.cc:1197]712583 rtMemcpy:ErrCode=107030, desc=[the current capture mode does not support this operation], InnerCode=0x703001c
[ERROR] RUNTIME(712583,):2026-01-15-10:28:52.669.198 [error_message_manage.cc:53]712583 FuncErrorReason:report error module_type=3, module_name=EE8888
[ERROR] RUNTIME(712583,):2026-01-15-10:28:52.669.201 [error_message_manage.cc:53]712583 FuncErrorReason:rtMemcpy execute failed, reason=[the current capture mode does not support this operation]
[ERROR] ASCENDCL(712583,):2026-01-15-10:28:52.669.416 [memory.cpp:437]712583 aclrtMemcpyImpl: synchronized memcpy failed, kind = 1, runtime result = 107030
[ERROR] RUNTIME(712583,):2026-01-15-10:28:52.732.383 [api_error.cc:1519]712583 MemCopySync:Memory copy sync failed, cnt=72, kind=1.
[ERROR] RUNTIME(712583,):2026-01-15-10:28:52.732.392 [api_c.cc:1197]712583 rtMemcpy:ErrCode=107030, desc=[the current capture mode does not support this operation], InnerCode=0x703001c
[ERROR] RUNTIME(712583,):2026-01-15-10:28:52.732.394 [error_message_manage.cc:53]712583 FuncErrorReason:report error module_type=3, module_name=EE8888
[ERROR] RUNTIME(712583,):2026-01-15-10:28:52.732.397 [error_message_manage.cc:53]712583 FuncErrorReason:rtMemcpy execute failed, reason=[the current capture mode does not support this operation]
[ERROR] ASCENDCL(712583,):2026-01-15-10:28:52.732.648 [memory.cpp:437]712583 aclrtMemcpyImpl: synchronized memcpy failed, kind = 1, runtime result = 107030
[ERROR] RUNTIME(712583,):2026-01-15-10:28:52.808.437 [api_error.cc:1519]712583 MemCopySync:Memory copy sync failed, cnt=416, kind=1.
[ERROR] RUNTIME(712583,):2026-01-15-10:28:52.808.446 [api_c.cc:1197]712583 rtMemcpy:ErrCode=107030, desc=[the current capture mode does not support this operation], InnerCode=0x703001c
[ERROR] RUNTIME(712583,):2026-01-15-10:28:52.808.448 [error_message_manage.cc:53]712583 FuncErrorReason:report error module_type=3, module_name=EE8888
[ERROR] RUNTIME(712583,):2026-01-15-10:28:52.808.451 [error_message_manage.cc:53]712583 FuncErrorReason:rtMemcpy execute failed, reason=[the current capture mode does not support this operation]
[ERROR] ASCENDCL(712583,):2026-01-15-10:28:52.808.650 [memory.cpp:437]712583 aclrtMemcpyImpl: synchronized memcpy failed, kind = 1, runtime result = 107030
[ERROR] RUNTIME(712583,):2026-01-15-10:28:52.883.563 [api_error.cc:1519]712583 MemCopySync:Memory copy sync failed, cnt=72, kind=1.
[ERROR] RUNTIME(712583,):2026-01-15-10:28:52.883.571 [api_c.cc:1197]712583 rtMemcpy:ErrCode=107030, desc=[the current capture mode does not support this operation], InnerCode=0x703001c
[ERROR] RUNTIME(712583,):2026-01-15-10:28:52.883.573 [error_message_manage.cc:53]712583 FuncErrorReason:report error module_type=3, module_name=EE8888
[ERROR] RUNTIME(712583,):2026-01-15-10:28:52.883.576 [error_message_manage.cc:53]712583 FuncErrorReason:rtMemcpy execute failed, reason=[the current capture mode does not support this operation]
[ERROR] ASCENDCL(712583,):2026-01-15-10:28:52.883.784 [memory.cpp:437]712583 aclrtMemcpyImpl: synchronized memcpy failed, kind = 1, runtime result = 107030
[ERROR] RUNTIME(712583,):2026-01-15-10:28:52.965.272 [api_error.cc:1519]712583 MemCopySync:Memory copy sync failed, cnt=416, kind=1.
[ERROR] RUNTIME(712583,):2026-01-15-10:28:52.965.281 [api_c.cc:1197]712583 rtMemcpy:ErrCode=107030, desc=[the current capture mode does not support this operation], InnerCode=0x703001c
[ERROR] RUNTIME(712583,):2026-01-15-10:28:52.965.284 [error_message_manage.cc:53]712583 FuncErrorReason:report error module_type=3, module_name=EE8888
[ERROR] RUNTIME(712583,):2026-01-15-10:28:52.965.286 [error_message_manage.cc:53]712583 FuncErrorReason:rtMemcpy execute failed, reason=[the current capture mode does not support this operation]
[ERROR] ASCENDCL(712583,):2026-01-15-10:28:52.965.490 [memory.cpp:437]712583 aclrtMemcpyImpl: synchronized memcpy failed, kind = 1, runtime result = 107030
[ERROR] RUNTIME(712583,):2026-01-15-10:28:53.041.362 [api_error.cc:1519]712583 MemCopySync:Memory copy sync failed, cnt=72, kind=1.
[ERROR] RUNTIME(712583,):2026-01-15-10:28:53.041.370 [api_c.cc:1197]712583 rtMemcpy:ErrCode=107030, desc=[the current capture mode does not support this operation], InnerCode=0x703001c
[ERROR] RUNTIME(712583,):2026-01-15-10:28:53.041.372 [error_message_manage.cc:53]712583 FuncErrorReason:report error module_type=3, module_name=EE8888
[ERROR] RUNTIME(712583,):2026-01-15-10:28:53.041.375 [error_message_manage.cc:53]712583 FuncErrorReason:rtMemcpy execute failed, reason=[the current capture mode does not support this operation]
[ERROR] ASCENDCL(712583,):2026-01-15-10:28:53.041.631 [memory.cpp:437]712583 aclrtMemcpyImpl: synchronized memcpy failed, kind = 1, runtime result = 107030
[ERROR] RUNTIME(712583,):2026-01-15-10:28:53.121.545 [api_error.cc:1519]712583 MemCopySync:Memory copy sync failed, cnt=416, kind=1.
[ERROR] RUNTIME(712583,):2026-01-15-10:28:53.121.554 [api_c.cc:1197]712583 rtMemcpy:ErrCode=107030, desc=[the current capture mode does not support this operation], InnerCode=0x703001c
[ERROR] RUNTIME(712583,):2026-01-15-10:28:53.121.557 [error_message_manage.cc:53]712583 FuncErrorReason:report error module_type=3, module_name=EE8888
[ERROR] RUNTIME(712583,):2026-01-15-10:28:53.121.560 [error_message_manage.cc:53]712583 FuncErrorReason:rtMemcpy execute failed, reason=[the current capture mode does not support this operation]
[ERROR] ASCENDCL(712583,):2026-01-15-10:28:53.121.827 [memory.cpp:437]712583 aclrtMemcpyImpl: synchronized memcpy failed, kind = 1, runtime result = 107030
[ERROR] RUNTIME(712583,):2026-01-15-10:28:53.203.481 [api_error.cc:1519]712583 MemCopySync:Memory copy sync failed, cnt=72, kind=1.
[ERROR] RUNTIME(712583,):2026-01-15-10:28:53.203.488 [api_c.cc:1197]712583 rtMemcpy:ErrCode=107030, desc=[the current capture mode does not support this operation], InnerCode=0x703001c
[ERROR] RUNTIME(712583,):2026-01-15-10:28:53.203.491 [error_message_manage.cc:53]712583 FuncErrorReason:report error module_type=3, module_name=EE8888
[ERROR] RUNTIME(712583,):2026-01-15-10:28:53.203.494 [error_message_manage.cc:53]712583 FuncErrorReason:rtMemcpy execute failed, reason=[the current capture mode does not support this operation]
[ERROR] ASCENDCL(712583,):2026-01-15-10:28:53.203.714 [memory.cpp:437]712583 aclrtMemcpyImpl: synchronized memcpy failed, kind = 1, runtime result = 107030
[ERROR] RUNTIME(712583,):2026-01-15-10:28:53.283.017 [api_error.cc:1519]712583 MemCopySync:Memory copy sync failed, cnt=416, kind=1.
[ERROR] RUNTIME(712583,):2026-01-15-10:28:53.283.026 [api_c.cc:1197]712583 rtMemcpy:ErrCode=107030, desc=[the current capture mode does not support this operation], InnerCode=0x703001c
[ERROR] RUNTIME(712583,):2026-01-15-10:28:53.283.029 [error_message_manage.cc:53]712583 FuncErrorReason:report error module_type=3, module_name=EE8888
[ERROR] RUNTIME(712583,):2026-01-15-10:28:53.283.032 [error_message_manage.cc:53]712583 FuncErrorReason:rtMemcpy execute failed, reason=[the current capture mode does not support this operation]
[ERROR] ASCENDCL(712583,):2026-01-15-10:28:53.283.245 [memory.cpp:437]712583 aclrtMemcpyImpl: synchronized memcpy failed, kind = 1, runtime result = 107030
[ERROR] RUNTIME(712583,):2026-01-15-10:28:53.354.075 [api_error.cc:1519]712583 MemCopySync:Memory copy sync failed, cnt=72, kind=1.
[ERROR] RUNTIME(712583,):2026-01-15-10:28:53.354.083 [api_c.cc:1197]712583 rtMemcpy:ErrCode=107030, desc=[the current capture mode does not support this operation], InnerCode=0x703001c
[ERROR] RUNTIME(712583,):2026-01-15-10:28:53.354.085 [error_message_manage.cc:53]712583 FuncErrorReason:report error module_type=3, module_name=EE8888
[ERROR] RUNTIME(712583,):2026-01-15-10:28:53.354.088 [error_message_manage.cc:53]712583 FuncErrorReason:rtMemcpy execute failed, reason=[the current capture mode does not support this operation]
[ERROR] ASCENDCL(712583,):2026-01-15-10:28:53.354.271 [memory.cpp:437]712583 aclrtMemcpyImpl: synchronized memcpy failed, kind = 1, runtime result = 107030
[ERROR] RUNTIME(712583,):2026-01-15-10:28:53.432.228 [api_error.cc:1519]712583 MemCopySync:Memory copy sync failed, cnt=416, kind=1.
[ERROR] RUNTIME(712583,):2026-01-15-10:28:53.432.236 [api_c.cc:1197]712583 rtMemcpy:ErrCode=107030, desc=[the current capture mode does not support this operation], InnerCode=0x703001c
[ERROR] RUNTIME(712583,):2026-01-15-10:28:53.432.238 [error_message_manage.cc:53]712583 FuncErrorReason:report error module_type=3, module_name=EE8888
[ERROR] RUNTIME(712583,):2026-01-15-10:28:53.432.241 [error_message_manage.cc:53]712583 FuncErrorReason:rtMemcpy execute failed, reason=[the current capture mode does not support this operation]
[ERROR] ASCENDCL(712583,):2026-01-15-10:28:53.432.430 [memory.cpp:437]712583 aclrtMemcpyImpl: synchronized memcpy failed, kind = 1, runtime result = 107030
[ERROR] RUNTIME(712583,):2026-01-15-10:28:53.497.839 [api_error.cc:1519]712583 MemCopySync:Memory copy sync failed, cnt=72, kind=1.
[ERROR] RUNTIME(712583,):2026-01-15-10:28:53.497.848 [api_c.cc:1197]712583 rtMemcpy:ErrCode=107030, desc=[the current capture mode does not support this operation], InnerCode=0x703001c
[ERROR] RUNTIME(712583,):2026-01-15-10:28:53.497.850 [error_message_manage.cc:53]712583 FuncErrorReason:report error module_type=3, module_name=EE8888
[ERROR] RUNTIME(712583,):2026-01-15-10:28:53.497.853 [error_message_manage.cc:53]712583 FuncErrorReason:rtMemcpy execute failed, reason=[the current capture mode does not support this operation]
[ERROR] ASCENDCL(712583,):2026-01-15-10:28:53.498.119 [memory.cpp:437]712583 aclrtMemcpyImpl: synchronized memcpy failed, kind = 1, runtime result = 107030
[ERROR] RUNTIME(712583,):2026-01-15-10:28:53.563.601 [api_error.cc:1519]712583 MemCopySync:Memory copy sync failed, cnt=416, kind=1.
[ERROR] RUNTIME(712583,):2026-01-15-10:28:53.563.610 [api_c.cc:1197]712583 rtMemcpy:ErrCode=107030, desc=[the current capture mode does not support this operation], InnerCode=0x703001c
[ERROR] RUNTIME(712583,):2026-01-15-10:28:53.563.612 [error_message_manage.cc:53]712583 FuncErrorReason:report error module_type=3, module_name=EE8888
[ERROR] RUNTIME(712583,):2026-01-15-10:28:53.563.615 [error_message_manage.cc:53]712583 FuncErrorReason:rtMemcpy execute failed, reason=[the current capture mode does not support this operation]
[ERROR] ASCENDCL(712583,):2026-01-15-10:28:53.563.845 [memory.cpp:437]712583 aclrtMemcpyImpl: synchronized memcpy failed, kind = 1, runtime result = 107030
[ERROR] RUNTIME(712583,):2026-01-15-10:28:53.635.528 [api_error.cc:1519]712583 MemCopySync:Memory copy sync failed, cnt=72, kind=1.
[ERROR] RUNTIME(712583,):2026-01-15-10:28:53.635.535 [api_c.cc:1197]712583 rtMemcpy:ErrCode=107030, desc=[the current capture mode does not support this operation], InnerCode=0x703001c
[ERROR] RUNTIME(712583,):2026-01-15-10:28:53.635.538 [error_message_manage.cc:53]712583 FuncErrorReason:report error module_type=3, module_name=EE8888
[ERROR] RUNTIME(712583,):2026-01-15-10:28:53.635.540 [error_message_manage.cc:53]712583 FuncErrorReason:rtMemcpy execute failed, reason=[the current capture mode does not support this operation]
[ERROR] ASCENDCL(712583,):2026-01-15-10:28:53.635.758 [memory.cpp:437]712583 aclrtMemcpyImpl: synchronized memcpy failed, kind = 1, runtime result = 107030
[ERROR] RUNTIME(712583,):2026-01-15-10:28:53.708.255 [api_error.cc:1519]712583 MemCopySync:Memory copy sync failed, cnt=416, kind=1.
[ERROR] RUNTIME(712583,):2026-01-15-10:28:53.708.263 [api_c.cc:1197]712583 rtMemcpy:ErrCode=107030, desc=[the current capture mode does not support this operation], InnerCode=0x703001c
[ERROR] RUNTIME(712583,):2026-01-15-10:28:53.708.266 [error_message_manage.cc:53]712583 FuncErrorReason:report error module_type=3, module_name=EE8888
[ERROR] RUNTIME(712583,):2026-01-15-10:28:53.708.269 [error_message_manage.cc:53]712583 FuncErrorReason:rtMemcpy execute failed, reason=[the current capture mode does not support this operation]
[ERROR] ASCENDCL(712583,):2026-01-15-10:28:53.708.537 [memory.cpp:437]712583 aclrtMemcpyImpl: synchronized memcpy failed, kind = 1, runtime result = 107030
[ERROR] RUNTIME(712583,):2026-01-15-10:28:53.775.868 [api_error.cc:1519]712583 MemCopySync:Memory copy sync failed, cnt=72, kind=1.
[ERROR] RUNTIME(712583,):2026-01-15-10:28:53.775.876 [api_c.cc:1197]712583 rtMemcpy:ErrCode=107030, desc=[the current capture mode does not support this operation], InnerCode=0x703001c
[ERROR] RUNTIME(712583,):2026-01-15-10:28:53.775.878 [error_message_manage.cc:53]712583 FuncErrorReason:report error module_type=3, module_name=EE8888
[ERROR] RUNTIME(712583,):2026-01-15-10:28:53.775.881 [error_message_manage.cc:53]712583 FuncErrorReason:rtMemcpy execute failed, reason=[the current capture mode does not support this operation]
[ERROR] ASCENDCL(712583,):2026-01-15-10:28:53.776.104 [memory.cpp:437]712583 aclrtMemcpyImpl: synchronized memcpy failed, kind = 1, runtime result = 107030
[ERROR] RUNTIME(712583,):2026-01-15-10:28:53.847.088 [api_error.cc:1519]712583 MemCopySync:Memory copy sync failed, cnt=416, kind=1.
[ERROR] RUNTIME(712583,):2026-01-15-10:28:53.847.096 [api_c.cc:1197]712583 rtMemcpy:ErrCode=107030, desc=[the current capture mode does not support this operation], InnerCode=0x703001c
[ERROR] RUNTIME(712583,):2026-01-15-10:28:53.847.099 [error_message_manage.cc:53]712583 FuncErrorReason:report error module_type=3, module_name=EE8888
[ERROR] RUNTIME(712583,):2026-01-15-10:28:53.847.102 [error_message_manage.cc:53]712583 FuncErrorReason:rtMemcpy execute failed, reason=[the current capture mode does not support this operation]
[ERROR] ASCENDCL(712583,):2026-01-15-10:28:53.847.338 [memory.cpp:437]712583 aclrtMemcpyImpl: synchronized memcpy failed, kind = 1, runtime result = 107030
[ERROR] RUNTIME(712583,):2026-01-15-10:28:53.920.123 [api_error.cc:1519]712583 MemCopySync:Memory copy sync failed, cnt=72, kind=1.
[ERROR] RUNTIME(712583,):2026-01-15-10:28:53.920.131 [api_c.cc:1197]712583 rtMemcpy:ErrCode=107030, desc=[the current capture mode does not support this operation], InnerCode=0x703001c
[ERROR] RUNTIME(712583,):2026-01-15-10:28:53.920.134 [error_message_manage.cc:53]712583 FuncErrorReason:report error module_type=3, module_name=EE8888
[ERROR] RUNTIME(712583,):2026-01-15-10:28:53.920.137 [error_message_manage.cc:53]712583 FuncErrorReason:rtMemcpy execute failed, reason=[the current capture mode does not support this operation]
[ERROR] ASCENDCL(712583,):2026-01-15-10:28:53.920.413 [memory.cpp:437]712583 aclrtMemcpyImpl: synchronized memcpy failed, kind = 1, runtime result = 107030
[ERROR] RUNTIME(712583,):2026-01-15-10:28:53.988.638 [api_error.cc:1519]712583 MemCopySync:Memory copy sync failed, cnt=416, kind=1.
[ERROR] RUNTIME(712583,):2026-01-15-10:28:53.988.646 [api_c.cc:1197]712583 rtMemcpy:ErrCode=107030, desc=[the current capture mode does not support this operation], InnerCode=0x703001c
[ERROR] RUNTIME(712583,):2026-01-15-10:28:53.988.648 [error_message_manage.cc:53]712583 FuncErrorReason:report error module_type=3, module_name=EE8888
[ERROR] RUNTIME(712583,):2026-01-15-10:28:53.988.651 [error_message_manage.cc:53]712583 FuncErrorReason:rtMemcpy execute failed, reason=[the current capture mode does not support this operation]
[ERROR] ASCENDCL(712583,):2026-01-15-10:28:53.988.872 [memory.cpp:437]712583 aclrtMemcpyImpl: synchronized memcpy failed, kind = 1, runtime result = 107030
[ERROR] RUNTIME(712583,):2026-01-15-10:28:54.057.621 [api_error.cc:1519]712583 MemCopySync:Memory copy sync failed, cnt=72, kind=1.
[ERROR] RUNTIME(712583,):2026-01-15-10:28:54.057.629 [api_c.cc:1197]712583 rtMemcpy:ErrCode=107030, desc=[the current capture mode does not support this operation], InnerCode=0x703001c
[ERROR] RUNTIME(712583,):2026-01-15-10:28:54.057.631 [error_message_manage.cc:53]712583 FuncErrorReason:report error module_type=3, module_name=EE8888
[ERROR] RUNTIME(712583,):2026-01-15-10:28:54.057.634 [error_message_manage.cc:53]712583 FuncErrorReason:rtMemcpy execute failed, reason=[the current capture mode does not support this operation]
[ERROR] ASCENDCL(712583,):2026-01-15-10:28:54.057.818 [memory.cpp:437]712583 aclrtMemcpyImpl: synchronized memcpy failed, kind = 1, runtime result = 107030
[ERROR] RUNTIME(712583,):2026-01-15-10:28:54.130.949 [api_error.cc:1519]712583 MemCopySync:Memory copy sync failed, cnt=416, kind=1.
[ERROR] RUNTIME(712583,):2026-01-15-10:28:54.130.958 [api_c.cc:1197]712583 rtMemcpy:ErrCode=107030, desc=[the current capture mode does not support this operation], InnerCode=0x703001c
[ERROR] RUNTIME(712583,):2026-01-15-10:28:54.130.961 [error_message_manage.cc:53]712583 FuncErrorReason:report error module_type=3, module_name=EE8888
[ERROR] RUNTIME(712583,):2026-01-15-10:28:54.130.963 [error_message_manage.cc:53]712583 FuncErrorReason:rtMemcpy execute failed, reason=[the current capture mode does not support this operation]
[ERROR] ASCENDCL(712583,):2026-01-15-10:28:54.131.275 [memory.cpp:437]712583 aclrtMemcpyImpl: synchronized memcpy failed, kind = 1, runtime result = 107030
[ERROR] RUNTIME(712583,):2026-01-15-10:28:54.200.499 [api_error.cc:1519]712583 MemCopySync:Memory copy sync failed, cnt=72, kind=1.
[ERROR] RUNTIME(712583,):2026-01-15-10:28:54.200.506 [api_c.cc:1197]712583 rtMemcpy:ErrCode=107030, desc=[the current capture mode does not support this operation], InnerCode=0x703001c
[ERROR] RUNTIME(712583,):2026-01-15-10:28:54.200.509 [error_message_manage.cc:53]712583 FuncErrorReason:report error module_type=3, module_name=EE8888
[ERROR] RUNTIME(712583,):2026-01-15-10:28:54.200.512 [error_message_manage.cc:53]712583 FuncErrorReason:rtMemcpy execute failed, reason=[the current capture mode does not support this operation]
[ERROR] ASCENDCL(712583,):2026-01-15-10:28:54.200.752 [memory.cpp:437]712583 aclrtMemcpyImpl: synchronized memcpy failed, kind = 1, runtime result = 107030
[ERROR] RUNTIME(712583,):2026-01-15-10:28:54.269.537 [api_error.cc:1519]712583 MemCopySync:Memory copy sync failed, cnt=416, kind=1.
[ERROR] RUNTIME(712583,):2026-01-15-10:28:54.269.545 [api_c.cc:1197]712583 rtMemcpy:ErrCode=107030, desc=[the current capture mode does not support this operation], InnerCode=0x703001c
[ERROR] RUNTIME(712583,):2026-01-15-10:28:54.269.547 [error_message_manage.cc:53]712583 FuncErrorReason:report error module_type=3, module_name=EE8888
[ERROR] RUNTIME(712583,):2026-01-15-10:28:54.269.550 [error_message_manage.cc:53]712583 FuncErrorReason:rtMemcpy execute failed, reason=[the current capture mode does not support this operation]
[ERROR] ASCENDCL(712583,):2026-01-15-10:28:54.269.798 [memory.cpp:437]712583 aclrtMemcpyImpl: synchronized memcpy failed, kind = 1, runtime result = 107030
[ERROR] RUNTIME(712583,):2026-01-15-10:28:54.337.104 [api_error.cc:1519]712583 MemCopySync:Memory copy sync failed, cnt=72, kind=1.
[ERROR] RUNTIME(712583,):2026-01-15-10:28:54.337.112 [api_c.cc:1197]712583 rtMemcpy:ErrCode=107030, desc=[the current capture mode does not support this operation], InnerCode=0x703001c
[ERROR] RUNTIME(712583,):2026-01-15-10:28:54.337.114 [error_message_manage.cc:53]712583 FuncErrorReason:report error module_type=3, module_name=EE8888
[ERROR] RUNTIME(712583,):2026-01-15-10:28:54.337.117 [error_message_manage.cc:53]712583 FuncErrorReason:rtMemcpy execute failed, reason=[the current capture mode does not support this operation]
[ERROR] ASCENDCL(712583,):2026-01-15-10:28:54.337.408 [memory.cpp:437]712583 aclrtMemcpyImpl: synchronized memcpy failed, kind = 1, runtime result = 107030
[ERROR] RUNTIME(712583,):2026-01-15-10:28:54.409.590 [api_error.cc:1519]712583 MemCopySync:Memory copy sync failed, cnt=416, kind=1.
[ERROR] RUNTIME(712583,):2026-01-15-10:28:54.409.598 [api_c.cc:1197]712583 rtMemcpy:ErrCode=107030, desc=[the current capture mode does not support this operation], InnerCode=0x703001c
[ERROR] RUNTIME(712583,):2026-01-15-10:28:54.409.601 [error_message_manage.cc:53]712583 FuncErrorReason:report error module_type=3, module_name=EE8888
[ERROR] RUNTIME(712583,):2026-01-15-10:28:54.409.604 [error_message_manage.cc:53]712583 FuncErrorReason:rtMemcpy execute failed, reason=[the current capture mode does not support this operation]
[ERROR] ASCENDCL(712583,):2026-01-15-10:28:54.409.827 [memory.cpp:437]712583 aclrtMemcpyImpl: synchronized memcpy failed, kind = 1, runtime result = 107030
[ERROR] RUNTIME(712583,):2026-01-15-10:28:54.476.177 [api_error.cc:1519]712583 MemCopySync:Memory copy sync failed, cnt=72, kind=1.
[ERROR] RUNTIME(712583,):2026-01-15-10:28:54.476.185 [api_c.cc:1197]712583 rtMemcpy:ErrCode=107030, desc=[the current capture mode does not support this operation], InnerCode=0x703001c
[ERROR] RUNTIME(712583,):2026-01-15-10:28:54.476.187 [error_message_manage.cc:53]712583 FuncErrorReason:report error module_type=3, module_name=EE8888
[ERROR] RUNTIME(712583,):2026-01-15-10:28:54.476.190 [error_message_manage.cc:53]712583 FuncErrorReason:rtMemcpy execute failed, reason=[the current capture mode does not support this operation]
[ERROR] ASCENDCL(712583,):2026-01-15-10:28:54.476.445 [memory.cpp:437]712583 aclrtMemcpyImpl: synchronized memcpy failed, kind = 1, runtime result = 107030
[ERROR] RUNTIME(712583,):2026-01-15-10:28:54.690.612 [api_c_stream.cc:412]712583 rtsStreamSetAttribute:report error module_name=EE1001
[ERROR] RUNTIME(712583,):2026-01-15-10:28:54.690.619 [api_c_stream.cc:412]712583 rtsStreamSetAttribute:Invalid stream attribute ID: 4, Supported stream attribute IDs: [1, 4).
[ERROR] RUNTIME(712583,):2026-01-15-10:28:54.690.652 [api_c_stream.cc:416]712583 rtsStreamSetAttribute:ErrCode=107000, desc=[invalid value], InnerCode=0x7110001
[ERROR] RUNTIME(712583,):2026-01-15-10:28:54.690.655 [error_message_manage.cc:48]712583 FuncErrorReason:report error module_name=EE1001
[ERROR] RUNTIME(712583,):2026-01-15-10:28:54.690.657 [error_message_manage.cc:48]712583 FuncErrorReason:rtsStreamSetAttribute execute failed, reason=[invalid value]
[ERROR] ASCENDCL(712583,):2026-01-15-10:28:54.690.862 [stream.cpp:299]712583 aclrtSetStreamAttributeImpl: call rtsStreamSetAttribute failed, runtime result = 107000
[ERROR] RUNTIME(712583,):2026-01-15-10:28:55.203.519 [api_c_stream.cc:412]712583 rtsStreamSetAttribute:report error module_name=EE1001
[ERROR] RUNTIME(712583,):2026-01-15-10:28:55.203.527 [api_c_stream.cc:412]712583 rtsStreamSetAttribute:Invalid stream attribute ID: 4, Supported stream attribute IDs: [1, 4).
[ERROR] RUNTIME(712583,):2026-01-15-10:28:55.203.560 [api_c_stream.cc:416]712583 rtsStreamSetAttribute:ErrCode=107000, desc=[invalid value], InnerCode=0x7110001
[ERROR] RUNTIME(712583,):2026-01-15-10:28:55.203.563 [error_message_manage.cc:48]712583 FuncErrorReason:report error module_name=EE1001
[ERROR] RUNTIME(712583,):2026-01-15-10:28:55.203.566 [error_message_manage.cc:48]712583 FuncErrorReason:rtsStreamSetAttribute execute failed, reason=[invalid value]
[ERROR] ASCENDCL(712583,):2026-01-15-10:28:55.203.795 [stream.cpp:299]712583 aclrtSetStreamAttributeImpl: call rtsStreamSetAttribute failed, runtime result = 107000
[ERROR] RUNTIME(712583,):2026-01-15-10:28:55.688.812 [api_error.cc:1519]712583 MemCopySync:Memory copy sync failed, cnt=416, kind=1.
[ERROR] RUNTIME(712583,):2026-01-15-10:28:55.688.823 [api_c.cc:1197]712583 rtMemcpy:ErrCode=107030, desc=[the current capture mode does not support this operation], InnerCode=0x703001c
[ERROR] RUNTIME(712583,):2026-01-15-10:28:55.688.825 [error_message_manage.cc:53]712583 FuncErrorReason:report error module_type=3, module_name=EE8888
[ERROR] RUNTIME(712583,):2026-01-15-10:28:55.688.828 [error_message_manage.cc:53]712583 FuncErrorReason:rtMemcpy execute failed, reason=[the current capture mode does not support this operation]
[ERROR] ASCENDCL(712583,):2026-01-15-10:28:55.689.111 [memory.cpp:437]712583 aclrtMemcpyImpl: synchronized memcpy failed, kind = 1, runtime result = 107030
[ERROR] RUNTIME(712583,):2026-01-15-10:28:55.690.197 [api_error.cc:1519]712583 MemCopySync:Memory copy sync failed, cnt=72, kind=1.
[ERROR] RUNTIME(712583,):2026-01-15-10:28:55.690.205 [api_c.cc:1197]712583 rtMemcpy:ErrCode=107030, desc=[the current capture mode does not support this operation], InnerCode=0x703001c
[ERROR] RUNTIME(712583,):2026-01-15-10:28:55.690.208 [error_message_manage.cc:53]712583 FuncErrorReason:report error module_type=3, module_name=EE8888
[ERROR] RUNTIME(712583,):2026-01-15-10:28:55.690.211 [error_message_manage.cc:53]712583 FuncErrorReason:rtMemcpy execute failed, reason=[the current capture mode does not support this operation]
[ERROR] ASCENDCL(712583,):2026-01-15-10:28:55.690.371 [memory.cpp:437]712583 aclrtMemcpyImpl: synchronized memcpy failed, kind = 1, runtime result = 107030
[ERROR] RUNTIME(712583,):2026-01-15-10:28:56.455.790 [api_error.cc:1519]712583 MemCopySync:Memory copy sync failed, cnt=416, kind=1.
[ERROR] RUNTIME(712583,):2026-01-15-10:28:56.455.799 [api_c.cc:1197]712583 rtMemcpy:ErrCode=107030, desc=[the current capture mode does not support this operation], InnerCode=0x703001c
[ERROR] RUNTIME(712583,):2026-01-15-10:28:56.455.802 [error_message_manage.cc:53]712583 FuncErrorReason:report error module_type=3, module_name=EE8888
[ERROR] RUNTIME(712583,):2026-01-15-10:28:56.455.805 [error_message_manage.cc:53]712583 FuncErrorReason:rtMemcpy execute failed, reason=[the current capture mode does not support this operation]
[ERROR] ASCENDCL(712583,):2026-01-15-10:28:56.456.112 [memory.cpp:437]712583 aclrtMemcpyImpl: synchronized memcpy failed, kind = 1, runtime result = 107030
[ERROR] RUNTIME(712583,):2026-01-15-10:28:57.209.319 [api_error.cc:1519]712583 MemCopySync:Memory copy sync failed, cnt=72, kind=1.
[ERROR] RUNTIME(712583,):2026-01-15-10:28:57.209.327 [api_c.cc:1197]712583 rtMemcpy:ErrCode=107030, desc=[the current capture mode does not support this operation], InnerCode=0x703001c
[ERROR] RUNTIME(712583,):2026-01-15-10:28:57.209.330 [error_message_manage.cc:53]712583 FuncErrorReason:report error module_type=3, module_name=EE8888
[ERROR] RUNTIME(712583,):2026-01-15-10:28:57.209.333 [error_message_manage.cc:53]712583 FuncErrorReason:rtMemcpy execute failed, reason=[the current capture mode does not support this operation]
[ERROR] ASCENDCL(712583,):2026-01-15-10:28:57.209.634 [memory.cpp:437]712583 aclrtMemcpyImpl: synchronized memcpy failed, kind = 1, runtime result = 107030
[ERROR] RUNTIME(712583,):2026-01-15-10:28:57.976.435 [api_error.cc:1519]712583 MemCopySync:Memory copy sync failed, cnt=416, kind=1.
[ERROR] RUNTIME(712583,):2026-01-15-10:28:57.976.444 [api_c.cc:1197]712583 rtMemcpy:ErrCode=107030, desc=[the current capture mode does not support this operation], InnerCode=0x703001c
[ERROR] RUNTIME(712583,):2026-01-15-10:28:57.976.447 [error_message_manage.cc:53]712583 FuncErrorReason:report error module_type=3, module_name=EE8888
[ERROR] RUNTIME(712583,):2026-01-15-10:28:57.976.450 [error_message_manage.cc:53]712583 FuncErrorReason:rtMemcpy execute failed, reason=[the current capture mode does not support this operation]
[ERROR] ASCENDCL(712583,):2026-01-15-10:28:57.976.737 [memory.cpp:437]712583 aclrtMemcpyImpl: synchronized memcpy failed, kind = 1, runtime result = 107030
[ERROR] RUNTIME(712583,):2026-01-15-10:28:58.721.699 [api_error.cc:1519]712583 MemCopySync:Memory copy sync failed, cnt=72, kind=1.
[ERROR] RUNTIME(712583,):2026-01-15-10:28:58.721.708 [api_c.cc:1197]712583 rtMemcpy:ErrCode=107030, desc=[the current capture mode does not support this operation], InnerCode=0x703001c
[ERROR] RUNTIME(712583,):2026-01-15-10:28:58.721.711 [error_message_manage.cc:53]712583 FuncErrorReason:report error module_type=3, module_name=EE8888
[ERROR] RUNTIME(712583,):2026-01-15-10:28:58.721.714 [error_message_manage.cc:53]712583 FuncErrorReason:rtMemcpy execute failed, reason=[the current capture mode does not support this operation]
[ERROR] ASCENDCL(712583,):2026-01-15-10:28:58.721.981 [memory.cpp:437]712583 aclrtMemcpyImpl: synchronized memcpy failed, kind = 1, runtime result = 107030
[ERROR] RUNTIME(712583,):2026-01-15-10:28:59.479.504 [api_error.cc:1519]712583 MemCopySync:Memory copy sync failed, cnt=416, kind=1.
[ERROR] RUNTIME(712583,):2026-01-15-10:28:59.479.514 [api_c.cc:1197]712583 rtMemcpy:ErrCode=107030, desc=[the current capture mode does not support this operation], InnerCode=0x703001c
[ERROR] RUNTIME(712583,):2026-01-15-10:28:59.479.517 [error_message_manage.cc:53]712583 FuncErrorReason:report error module_type=3, module_name=EE8888
[ERROR] RUNTIME(712583,):2026-01-15-10:28:59.479.520 [error_message_manage.cc:53]712583 FuncErrorReason:rtMemcpy execute failed, reason=[the current capture mode does not support this operation]
[ERROR] ASCENDCL(712583,):2026-01-15-10:28:59.479.809 [memory.cpp:437]712583 aclrtMemcpyImpl: synchronized memcpy failed, kind = 1, runtime result = 107030
[ERROR] RUNTIME(712583,):2026-01-15-10:29:00.264.305 [api_error.cc:1519]712583 MemCopySync:Memory copy sync failed, cnt=72, kind=1.
[ERROR] RUNTIME(712583,):2026-01-15-10:29:00.264.315 [api_c.cc:1197]712583 rtMemcpy:ErrCode=107030, desc=[the current capture mode does not support this operation], InnerCode=0x703001c
[ERROR] RUNTIME(712583,):2026-01-15-10:29:00.264.318 [error_message_manage.cc:53]712583 FuncErrorReason:report error module_type=3, module_name=EE8888
[ERROR] RUNTIME(712583,):2026-01-15-10:29:00.264.322 [error_message_manage.cc:53]712583 FuncErrorReason:rtMemcpy execute failed, reason=[the current capture mode does not support this operation]
[ERROR] ASCENDCL(712583,):2026-01-15-10:29:00.264.611 [memory.cpp:437]712583 aclrtMemcpyImpl: synchronized memcpy failed, kind = 1, runtime result = 107030
[ERROR] RUNTIME(712583,):2026-01-15-10:29:00.322.607 [api_error.cc:1519]712583 MemCopySync:Memory copy sync failed, cnt=416, kind=1.
[ERROR] RUNTIME(712583,):2026-01-15-10:29:00.322.616 [api_c.cc:1197]712583 rtMemcpy:ErrCode=107030, desc=[the current capture mode does not support this operation], InnerCode=0x703001c
[ERROR] RUNTIME(712583,):2026-01-15-10:29:00.322.619 [error_message_manage.cc:53]712583 FuncErrorReason:report error module_type=3, module_name=EE8888
[ERROR] RUNTIME(712583,):2026-01-15-10:29:00.322.622 [error_message_manage.cc:53]712583 FuncErrorReason:rtMemcpy execute failed, reason=[the current capture mode does not support this operation]
[ERROR] ASCENDCL(712583,):2026-01-15-10:29:00.322.918 [memory.cpp:437]712583 aclrtMemcpyImpl: synchronized memcpy failed, kind = 1, runtime result = 107030
[ERROR] RUNTIME(712583,):2026-01-15-10:29:00.385.744 [api_error.cc:1519]712583 MemCopySync:Memory copy sync failed, cnt=72, kind=1.
[ERROR] RUNTIME(712583,):2026-01-15-10:29:00.385.752 [api_c.cc:1197]712583 rtMemcpy:ErrCode=107030, desc=[the current capture mode does not support this operation], InnerCode=0x703001c
[ERROR] RUNTIME(712583,):2026-01-15-10:29:00.385.755 [error_message_manage.cc:53]712583 FuncErrorReason:report error module_type=3, module_name=EE8888
[ERROR] RUNTIME(712583,):2026-01-15-10:29:00.385.757 [error_message_manage.cc:53]712583 FuncErrorReason:rtMemcpy execute failed, reason=[the current capture mode does not support this operation]
[ERROR] ASCENDCL(712583,):2026-01-15-10:29:00.385.978 [memory.cpp:437]712583 aclrtMemcpyImpl: synchronized memcpy failed, kind = 1, runtime result = 107030
[ERROR] RUNTIME(712583,):2026-01-15-10:29:00.452.939 [api_error.cc:1519]712583 MemCopySync:Memory copy sync failed, cnt=416, kind=1.
[ERROR] RUNTIME(712583,):2026-01-15-10:29:00.452.947 [api_c.cc:1197]712583 rtMemcpy:ErrCode=107030, desc=[the current capture mode does not support this operation], InnerCode=0x703001c
[ERROR] RUNTIME(712583,):2026-01-15-10:29:00.452.950 [error_message_manage.cc:53]712583 FuncErrorReason:report error module_type=3, module_name=EE8888
[ERROR] RUNTIME(712583,):2026-01-15-10:29:00.452.952 [error_message_manage.cc:53]712583 FuncErrorReason:rtMemcpy execute failed, reason=[the current capture mode does not support this operation]
[ERROR] ASCENDCL(712583,):2026-01-15-10:29:00.453.273 [memory.cpp:437]712583 aclrtMemcpyImpl: synchronized memcpy failed, kind = 1, runtime result = 107030
[ERROR] RUNTIME(712583,):2026-01-15-10:29:00.525.579 [api_error.cc:1519]712583 MemCopySync:Memory copy sync failed, cnt=72, kind=1.
[ERROR] RUNTIME(712583,):2026-01-15-10:29:00.525.588 [api_c.cc:1197]712583 rtMemcpy:ErrCode=107030, desc=[the current capture mode does not support this operation], InnerCode=0x703001c
[ERROR] RUNTIME(712583,):2026-01-15-10:29:00.525.590 [error_message_manage.cc:53]712583 FuncErrorReason:report error module_type=3, module_name=EE8888
[ERROR] RUNTIME(712583,):2026-01-15-10:29:00.525.593 [error_message_manage.cc:53]712583 FuncErrorReason:rtMemcpy execute failed, reason=[the current capture mode does not support this operation]
[ERROR] ASCENDCL(712583,):2026-01-15-10:29:00.525.984 [memory.cpp:437]712583 aclrtMemcpyImpl: synchronized memcpy failed, kind = 1, runtime result = 107030
[ERROR] RUNTIME(712583,):2026-01-15-10:29:00.602.904 [api_error.cc:1519]712583 MemCopySync:Memory copy sync failed, cnt=416, kind=1.
[ERROR] RUNTIME(712583,):2026-01-15-10:29:00.602.913 [api_c.cc:1197]712583 rtMemcpy:ErrCode=107030, desc=[the current capture mode does not support this operation], InnerCode=0x703001c
[ERROR] RUNTIME(712583,):2026-01-15-10:29:00.602.916 [error_message_manage.cc:53]712583 FuncErrorReason:report error module_type=3, module_name=EE8888
[ERROR] RUNTIME(712583,):2026-01-15-10:29:00.602.919 [error_message_manage.cc:53]712583 FuncErrorReason:rtMemcpy execute failed, reason=[the current capture mode does not support this operation]
[ERROR] ASCENDCL(712583,):2026-01-15-10:29:00.603.163 [memory.cpp:437]712583 aclrtMemcpyImpl: synchronized memcpy failed, kind = 1, runtime result = 107030
[ERROR] RUNTIME(712583,):2026-01-15-10:29:00.681.240 [api_error.cc:1519]712583 MemCopySync:Memory copy sync failed, cnt=72, kind=1.
[ERROR] RUNTIME(712583,):2026-01-15-10:29:00.681.248 [api_c.cc:1197]712583 rtMemcpy:ErrCode=107030, desc=[the current capture mode does not support this operation], InnerCode=0x703001c
[ERROR] RUNTIME(712583,):2026-01-15-10:29:00.681.250 [error_message_manage.cc:53]712583 FuncErrorReason:report error module_type=3, module_name=EE8888
[ERROR] RUNTIME(712583,):2026-01-15-10:29:00.681.253 [error_message_manage.cc:53]712583 FuncErrorReason:rtMemcpy execute failed, reason=[the current capture mode does not support this operation]
[ERROR] ASCENDCL(712583,):2026-01-15-10:29:00.681.515 [memory.cpp:437]712583 aclrtMemcpyImpl: synchronized memcpy failed, kind = 1, runtime result = 107030
[ERROR] RUNTIME(712583,):2026-01-15-10:29:00.768.154 [api_error.cc:1519]712583 MemCopySync:Memory copy sync failed, cnt=416, kind=1.
[ERROR] RUNTIME(712583,):2026-01-15-10:29:00.768.162 [api_c.cc:1197]712583 rtMemcpy:ErrCode=107030, desc=[the current capture mode does not support this operation], InnerCode=0x703001c
[ERROR] RUNTIME(712583,):2026-01-15-10:29:00.768.165 [error_message_manage.cc:53]712583 FuncErrorReason:report error module_type=3, module_name=EE8888
[ERROR] RUNTIME(712583,):2026-01-15-10:29:00.768.168 [error_message_manage.cc:53]712583 FuncErrorReason:rtMemcpy execute failed, reason=[the current capture mode does not support this operation]
[ERROR] ASCENDCL(712583,):2026-01-15-10:29:00.768.497 [memory.cpp:437]712583 aclrtMemcpyImpl: synchronized memcpy failed, kind = 1, runtime result = 107030
[ERROR] RUNTIME(712583,):2026-01-15-10:29:00.843.671 [api_error.cc:1519]712583 MemCopySync:Memory copy sync failed, cnt=72, kind=1.
[ERROR] RUNTIME(712583,):2026-01-15-10:29:00.843.679 [api_c.cc:1197]712583 rtMemcpy:ErrCode=107030, desc=[the current capture mode does not support this operation], InnerCode=0x703001c
[ERROR] RUNTIME(712583,):2026-01-15-10:29:00.843.681 [error_message_manage.cc:53]712583 FuncErrorReason:report error module_type=3, module_name=EE8888
[ERROR] RUNTIME(712583,):2026-01-15-10:29:00.843.684 [error_message_manage.cc:53]712583 FuncErrorReason:rtMemcpy execute failed, reason=[the current capture mode does not support this operation]
[ERROR] ASCENDCL(712583,):2026-01-15-10:29:00.843.914 [memory.cpp:437]712583 aclrtMemcpyImpl: synchronized memcpy failed, kind = 1, runtime result = 107030
[ERROR] RUNTIME(712583,):2026-01-15-10:29:00.932.906 [api_error.cc:1519]712583 MemCopySync:Memory copy sync failed, cnt=416, kind=1.
[ERROR] RUNTIME(712583,):2026-01-15-10:29:00.932.914 [api_c.cc:1197]712583 rtMemcpy:ErrCode=107030, desc=[the current capture mode does not support this operation], InnerCode=0x703001c
[ERROR] RUNTIME(712583,):2026-01-15-10:29:00.932.917 [error_message_manage.cc:53]712583 FuncErrorReason:report error module_type=3, module_name=EE8888
[ERROR] RUNTIME(712583,):2026-01-15-10:29:00.932.920 [error_message_manage.cc:53]712583 FuncErrorReason:rtMemcpy execute failed, reason=[the current capture mode does not support this operation]
[ERROR] ASCENDCL(712583,):2026-01-15-10:29:00.933.197 [memory.cpp:437]712583 aclrtMemcpyImpl: synchronized memcpy failed, kind = 1, runtime result = 107030
[ERROR] RUNTIME(712583,):2026-01-15-10:29:01.015.350 [api_error.cc:1519]712583 MemCopySync:Memory copy sync failed, cnt=72, kind=1.
[ERROR] RUNTIME(712583,):2026-01-15-10:29:01.015.357 [api_c.cc:1197]712583 rtMemcpy:ErrCode=107030, desc=[the current capture mode does not support this operation], InnerCode=0x703001c
[ERROR] RUNTIME(712583,):2026-01-15-10:29:01.015.360 [error_message_manage.cc:53]712583 FuncErrorReason:report error module_type=3, module_name=EE8888
[ERROR] RUNTIME(712583,):2026-01-15-10:29:01.015.362 [error_message_manage.cc:53]712583 FuncErrorReason:rtMemcpy execute failed, reason=[the current capture mode does not support this operation]
[ERROR] ASCENDCL(712583,):2026-01-15-10:29:01.015.727 [memory.cpp:437]712583 aclrtMemcpyImpl: synchronized memcpy failed, kind = 1, runtime result = 107030
[ERROR] RUNTIME(712583,):2026-01-15-10:29:01.097.686 [api_error.cc:1519]712583 MemCopySync:Memory copy sync failed, cnt=416, kind=1.
[ERROR] RUNTIME(712583,):2026-01-15-10:29:01.097.695 [api_c.cc:1197]712583 rtMemcpy:ErrCode=107030, desc=[the current capture mode does not support this operation], InnerCode=0x703001c
[ERROR] RUNTIME(712583,):2026-01-15-10:29:01.097.697 [error_message_manage.cc:53]712583 FuncErrorReason:report error module_type=3, module_name=EE8888
[ERROR] RUNTIME(712583,):2026-01-15-10:29:01.097.700 [error_message_manage.cc:53]712583 FuncErrorReason:rtMemcpy execute failed, reason=[the current capture mode does not support this operation]
[ERROR] ASCENDCL(712583,):2026-01-15-10:29:01.097.928 [memory.cpp:437]712583 aclrtMemcpyImpl: synchronized memcpy failed, kind = 1, runtime result = 107030
[ERROR] RUNTIME(712583,):2026-01-15-10:29:01.183.396 [api_error.cc:1519]712583 MemCopySync:Memory copy sync failed, cnt=72, kind=1.
[ERROR] RUNTIME(712583,):2026-01-15-10:29:01.183.404 [api_c.cc:1197]712583 rtMemcpy:ErrCode=107030, desc=[the current capture mode does not support this operation], InnerCode=0x703001c
[ERROR] RUNTIME(712583,):2026-01-15-10:29:01.183.418 [error_message_manage.cc:53]712583 FuncErrorReason:report error module_type=3, module_name=EE8888
[ERROR] RUNTIME(712583,):2026-01-15-10:29:01.183.421 [error_message_manage.cc:53]712583 FuncErrorReason:rtMemcpy execute failed, reason=[the current capture mode does not support this operation]
[ERROR] ASCENDCL(712583,):2026-01-15-10:29:01.183.726 [memory.cpp:437]712583 aclrtMemcpyImpl: synchronized memcpy failed, kind = 1, runtime result = 107030
[ERROR] RUNTIME(712583,):2026-01-15-10:29:01.265.266 [api_error.cc:1519]712583 MemCopySync:Memory copy sync failed, cnt=416, kind=1.
[ERROR] RUNTIME(712583,):2026-01-15-10:29:01.265.274 [api_c.cc:1197]712583 rtMemcpy:ErrCode=107030, desc=[the current capture mode does not support this operation], InnerCode=0x703001c
[ERROR] RUNTIME(712583,):2026-01-15-10:29:01.265.277 [error_message_manage.cc:53]712583 FuncErrorReason:report error module_type=3, module_name=EE8888
[ERROR] RUNTIME(712583,):2026-01-15-10:29:01.265.280 [error_message_manage.cc:53]712583 FuncErrorReason:rtMemcpy execute failed, reason=[the current capture mode does not support this operation]
[ERROR] ASCENDCL(712583,):2026-01-15-10:29:01.265.566 [memory.cpp:437]712583 aclrtMemcpyImpl: synchronized memcpy failed, kind = 1, runtime result = 107030
[ERROR] RUNTIME(712583,):2026-01-15-10:29:01.346.137 [api_error.cc:1519]712583 MemCopySync:Memory copy sync failed, cnt=72, kind=1.
[ERROR] RUNTIME(712583,):2026-01-15-10:29:01.346.145 [api_c.cc:1197]712583 rtMemcpy:ErrCode=107030, desc=[the current capture mode does not support this operation], InnerCode=0x703001c
[ERROR] RUNTIME(712583,):2026-01-15-10:29:01.346.148 [error_message_manage.cc:53]712583 FuncErrorReason:report error module_type=3, module_name=EE8888
[ERROR] RUNTIME(712583,):2026-01-15-10:29:01.346.151 [error_message_manage.cc:53]712583 FuncErrorReason:rtMemcpy execute failed, reason=[the current capture mode does not support this operation]
[ERROR] ASCENDCL(712583,):2026-01-15-10:29:01.346.448 [memory.cpp:437]712583 aclrtMemcpyImpl: synchronized memcpy failed, kind = 1, runtime result = 107030
[ERROR] RUNTIME(712583,):2026-01-15-10:29:01.429.215 [api_error.cc:1519]712583 MemCopySync:Memory copy sync failed, cnt=416, kind=1.
[ERROR] RUNTIME(712583,):2026-01-15-10:29:01.429.224 [api_c.cc:1197]712583 rtMemcpy:ErrCode=107030, desc=[the current capture mode does not support this operation], InnerCode=0x703001c
[ERROR] RUNTIME(712583,):2026-01-15-10:29:01.429.227 [error_message_manage.cc:53]712583 FuncErrorReason:report error module_type=3, module_name=EE8888
[ERROR] RUNTIME(712583,):2026-01-15-10:29:01.429.230 [error_message_manage.cc:53]712583 FuncErrorReason:rtMemcpy execute failed, reason=[the current capture mode does not support this operation]
[ERROR] ASCENDCL(712583,):2026-01-15-10:29:01.429.473 [memory.cpp:437]712583 aclrtMemcpyImpl: synchronized memcpy failed, kind = 1, runtime result = 107030
[ERROR] RUNTIME(712583,):2026-01-15-10:29:01.506.997 [api_error.cc:1519]712583 MemCopySync:Memory copy sync failed, cnt=72, kind=1.
[ERROR] RUNTIME(712583,):2026-01-15-10:29:01.507.005 [api_c.cc:1197]712583 rtMemcpy:ErrCode=107030, desc=[the current capture mode does not support this operation], InnerCode=0x703001c
[ERROR] RUNTIME(712583,):2026-01-15-10:29:01.507.008 [error_message_manage.cc:53]712583 FuncErrorReason:report error module_type=3, module_name=EE8888
[ERROR] RUNTIME(712583,):2026-01-15-10:29:01.507.011 [error_message_manage.cc:53]712583 FuncErrorReason:rtMemcpy execute failed, reason=[the current capture mode does not support this operation]
[ERROR] ASCENDCL(712583,):2026-01-15-10:29:01.507.296 [memory.cpp:437]712583 aclrtMemcpyImpl: synchronized memcpy failed, kind = 1, runtime result = 107030
[ERROR] RUNTIME(712583,):2026-01-15-10:29:01.574.174 [api_error.cc:1519]712583 MemCopySync:Memory copy sync failed, cnt=416, kind=1.
[ERROR] RUNTIME(712583,):2026-01-15-10:29:01.574.183 [api_c.cc:1197]712583 rtMemcpy:ErrCode=107030, desc=[the current capture mode does not support this operation], InnerCode=0x703001c
[ERROR] RUNTIME(712583,):2026-01-15-10:29:01.574.186 [error_message_manage.cc:53]712583 FuncErrorReason:report error module_type=3, module_name=EE8888
[ERROR] RUNTIME(712583,):2026-01-15-10:29:01.574.189 [error_message_manage.cc:53]712583 FuncErrorReason:rtMemcpy execute failed, reason=[the current capture mode does not support this operation]
[ERROR] ASCENDCL(712583,):2026-01-15-10:29:01.574.411 [memory.cpp:437]712583 aclrtMemcpyImpl: synchronized memcpy failed, kind = 1, runtime result = 107030
[ERROR] RUNTIME(712583,):2026-01-15-10:29:01.667.844 [api_error.cc:1519]712583 MemCopySync:Memory copy sync failed, cnt=72, kind=1.
[ERROR] RUNTIME(712583,):2026-01-15-10:29:01.667.851 [api_c.cc:1197]712583 rtMemcpy:ErrCode=107030, desc=[the current capture mode does not support this operation], InnerCode=0x703001c
[ERROR] RUNTIME(712583,):2026-01-15-10:29:01.667.854 [error_message_manage.cc:53]712583 FuncErrorReason:report error module_type=3, module_name=EE8888
[ERROR] RUNTIME(712583,):2026-01-15-10:29:01.667.857 [error_message_manage.cc:53]712583 FuncErrorReason:rtMemcpy execute failed, reason=[the current capture mode does not support this operation]
[ERROR] ASCENDCL(712583,):2026-01-15-10:29:01.668.094 [memory.cpp:437]712583 aclrtMemcpyImpl: synchronized memcpy failed, kind = 1, runtime result = 107030
[ERROR] RUNTIME(712583,):2026-01-15-10:29:01.740.820 [api_error.cc:1519]712583 MemCopySync:Memory copy sync failed, cnt=416, kind=1.
[ERROR] RUNTIME(712583,):2026-01-15-10:29:01.740.829 [api_c.cc:1197]712583 rtMemcpy:ErrCode=107030, desc=[the current capture mode does not support this operation], InnerCode=0x703001c
[ERROR] RUNTIME(712583,):2026-01-15-10:29:01.740.832 [error_message_manage.cc:53]712583 FuncErrorReason:report error module_type=3, module_name=EE8888
[ERROR] RUNTIME(712583,):2026-01-15-10:29:01.740.835 [error_message_manage.cc:53]712583 FuncErrorReason:rtMemcpy execute failed, reason=[the current capture mode does not support this operation]
[ERROR] ASCENDCL(712583,):2026-01-15-10:29:01.741.197 [memory.cpp:437]712583 aclrtMemcpyImpl: synchronized memcpy failed, kind = 1, runtime result = 107030
[ERROR] RUNTIME(712583,):2026-01-15-10:29:01.809.546 [api_error.cc:1519]712583 MemCopySync:Memory copy sync failed, cnt=72, kind=1.
[ERROR] RUNTIME(712583,):2026-01-15-10:29:01.809.554 [api_c.cc:1197]712583 rtMemcpy:ErrCode=107030, desc=[the current capture mode does not support this operation], InnerCode=0x703001c
[ERROR] RUNTIME(712583,):2026-01-15-10:29:01.809.556 [error_message_manage.cc:53]712583 FuncErrorReason:report error module_type=3, module_name=EE8888
[ERROR] RUNTIME(712583,):2026-01-15-10:29:01.809.559 [error_message_manage.cc:53]712583 FuncErrorReason:rtMemcpy execute failed, reason=[the current capture mode does not support this operation]
[ERROR] ASCENDCL(712583,):2026-01-15-10:29:01.809.778 [memory.cpp:437]712583 aclrtMemcpyImpl: synchronized memcpy failed, kind = 1, runtime result = 107030
[ERROR] RUNTIME(712583,):2026-01-15-10:29:01.883.475 [api_error.cc:1519]712583 MemCopySync:Memory copy sync failed, cnt=416, kind=1.
[ERROR] RUNTIME(712583,):2026-01-15-10:29:01.883.483 [api_c.cc:1197]712583 rtMemcpy:ErrCode=107030, desc=[the current capture mode does not support this operation], InnerCode=0x703001c
[ERROR] RUNTIME(712583,):2026-01-15-10:29:01.883.486 [error_message_manage.cc:53]712583 FuncErrorReason:report error module_type=3, module_name=EE8888
[ERROR] RUNTIME(712583,):2026-01-15-10:29:01.883.488 [error_message_manage.cc:53]712583 FuncErrorReason:rtMemcpy execute failed, reason=[the current capture mode does not support this operation]
[ERROR] ASCENDCL(712583,):2026-01-15-10:29:01.883.723 [memory.cpp:437]712583 aclrtMemcpyImpl: synchronized memcpy failed, kind = 1, runtime result = 107030
[ERROR] RUNTIME(712583,):2026-01-15-10:29:01.960.501 [api_error.cc:1519]712583 MemCopySync:Memory copy sync failed, cnt=72, kind=1.
[ERROR] RUNTIME(712583,):2026-01-15-10:29:01.960.509 [api_c.cc:1197]712583 rtMemcpy:ErrCode=107030, desc=[the current capture mode does not support this operation], InnerCode=0x703001c
[ERROR] RUNTIME(712583,):2026-01-15-10:29:01.960.511 [error_message_manage.cc:53]712583 FuncErrorReason:report error module_type=3, module_name=EE8888
[ERROR] RUNTIME(712583,):2026-01-15-10:29:01.960.514 [error_message_manage.cc:53]712583 FuncErrorReason:rtMemcpy execute failed, reason=[the current capture mode does not support this operation]
[ERROR] ASCENDCL(712583,):2026-01-15-10:29:01.960.763 [memory.cpp:437]712583 aclrtMemcpyImpl: synchronized memcpy failed, kind = 1, runtime result = 107030
[ERROR] RUNTIME(712583,):2026-01-15-10:29:02.033.687 [api_error.cc:1519]712583 MemCopySync:Memory copy sync failed, cnt=416, kind=1.
[ERROR] RUNTIME(712583,):2026-01-15-10:29:02.033.695 [api_c.cc:1197]712583 rtMemcpy:ErrCode=107030, desc=[the current capture mode does not support this operation], InnerCode=0x703001c
[ERROR] RUNTIME(712583,):2026-01-15-10:29:02.033.698 [error_message_manage.cc:53]712583 FuncErrorReason:report error module_type=3, module_name=EE8888
[ERROR] RUNTIME(712583,):2026-01-15-10:29:02.033.700 [error_message_manage.cc:53]712583 FuncErrorReason:rtMemcpy execute failed, reason=[the current capture mode does not support this operation]
[ERROR] ASCENDCL(712583,):2026-01-15-10:29:02.033.940 [memory.cpp:437]712583 aclrtMemcpyImpl: synchronized memcpy failed, kind = 1, runtime result = 107030
[ERROR] RUNTIME(712583,):2026-01-15-10:29:02.104.337 [api_error.cc:1519]712583 MemCopySync:Memory copy sync failed, cnt=72, kind=1.
[ERROR] RUNTIME(712583,):2026-01-15-10:29:02.104.344 [api_c.cc:1197]712583 rtMemcpy:ErrCode=107030, desc=[the current capture mode does not support this operation], InnerCode=0x703001c
[ERROR] RUNTIME(712583,):2026-01-15-10:29:02.104.347 [error_message_manage.cc:53]712583 FuncErrorReason:report error module_type=3, module_name=EE8888
[ERROR] RUNTIME(712583,):2026-01-15-10:29:02.104.349 [error_message_manage.cc:53]712583 FuncErrorReason:rtMemcpy execute failed, reason=[the current capture mode does not support this operation]
[ERROR] ASCENDCL(712583,):2026-01-15-10:29:02.104.567 [memory.cpp:437]712583 aclrtMemcpyImpl: synchronized memcpy failed, kind = 1, runtime result = 107030
[ERROR] RUNTIME(712583,):2026-01-15-10:29:02.176.855 [api_error.cc:1519]712583 MemCopySync:Memory copy sync failed, cnt=416, kind=1.
[ERROR] RUNTIME(712583,):2026-01-15-10:29:02.176.863 [api_c.cc:1197]712583 rtMemcpy:ErrCode=107030, desc=[the current capture mode does not support this operation], InnerCode=0x703001c
[ERROR] RUNTIME(712583,):2026-01-15-10:29:02.176.866 [error_message_manage.cc:53]712583 FuncErrorReason:report error module_type=3, module_name=EE8888
[ERROR] RUNTIME(712583,):2026-01-15-10:29:02.176.868 [error_message_manage.cc:53]712583 FuncErrorReason:rtMemcpy execute failed, reason=[the current capture mode does not support this operation]
[ERROR] ASCENDCL(712583,):2026-01-15-10:29:02.177.117 [memory.cpp:437]712583 aclrtMemcpyImpl: synchronized memcpy failed, kind = 1, runtime result = 107030
[ERROR] RUNTIME(712583,):2026-01-15-10:29:02.246.926 [api_error.cc:1519]712583 MemCopySync:Memory copy sync failed, cnt=72, kind=1.
[ERROR] RUNTIME(712583,):2026-01-15-10:29:02.246.934 [api_c.cc:1197]712583 rtMemcpy:ErrCode=107030, desc=[the current capture mode does not support this operation], InnerCode=0x703001c
[ERROR] RUNTIME(712583,):2026-01-15-10:29:02.246.937 [error_message_manage.cc:53]712583 FuncErrorReason:report error module_type=3, module_name=EE8888
[ERROR] RUNTIME(712583,):2026-01-15-10:29:02.246.940 [error_message_manage.cc:53]712583 FuncErrorReason:rtMemcpy execute failed, reason=[the current capture mode does not support this operation]
[ERROR] ASCENDCL(712583,):2026-01-15-10:29:02.247.141 [memory.cpp:437]712583 aclrtMemcpyImpl: synchronized memcpy failed, kind = 1, runtime result = 107030
[ERROR] RUNTIME(712583,):2026-01-15-10:29:02.386.756 [api_error.cc:1519]712583 MemCopySync:Memory copy sync failed, cnt=416, kind=1.
[ERROR] RUNTIME(712583,):2026-01-15-10:29:02.386.764 [api_c.cc:1197]712583 rtMemcpy:ErrCode=107030, desc=[the current capture mode does not support this operation], InnerCode=0x703001c
[ERROR] RUNTIME(712583,):2026-01-15-10:29:02.386.767 [error_message_manage.cc:53]712583 FuncErrorReason:report error module_type=3, module_name=EE8888
[ERROR] RUNTIME(712583,):2026-01-15-10:29:02.386.770 [error_message_manage.cc:53]712583 FuncErrorReason:rtMemcpy execute failed, reason=[the current capture mode does not support this operation]
[ERROR] ASCENDCL(712583,):2026-01-15-10:29:02.387.000 [memory.cpp:437]712583 aclrtMemcpyImpl: synchronized memcpy failed, kind = 1, runtime result = 107030
[ERROR] RUNTIME(712583,):2026-01-15-10:29:02.469.618 [api_error.cc:1519]712583 MemCopySync:Memory copy sync failed, cnt=72, kind=1.
[ERROR] RUNTIME(712583,):2026-01-15-10:29:02.469.626 [api_c.cc:1197]712583 rtMemcpy:ErrCode=107030, desc=[the current capture mode does not support this operation], InnerCode=0x703001c
[ERROR] RUNTIME(712583,):2026-01-15-10:29:02.469.628 [error_message_manage.cc:53]712583 FuncErrorReason:report error module_type=3, module_name=EE8888
[ERROR] RUNTIME(712583,):2026-01-15-10:29:02.469.631 [error_message_manage.cc:53]712583 FuncErrorReason:rtMemcpy execute failed, reason=[the current capture mode does not support this operation]
[ERROR] ASCENDCL(712583,):2026-01-15-10:29:02.469.890 [memory.cpp:437]712583 aclrtMemcpyImpl: synchronized memcpy failed, kind = 1, runtime result = 107030
[ERROR] RUNTIME(712583,):2026-01-15-10:29:02.590.160 [api_error.cc:1519]712583 MemCopySync:Memory copy sync failed, cnt=416, kind=1.
[ERROR] RUNTIME(712583,):2026-01-15-10:29:02.590.169 [api_c.cc:1197]712583 rtMemcpy:ErrCode=107030, desc=[the current capture mode does not support this operation], InnerCode=0x703001c
[ERROR] RUNTIME(712583,):2026-01-15-10:29:02.590.172 [error_message_manage.cc:53]712583 FuncErrorReason:report error module_type=3, module_name=EE8888
[ERROR] RUNTIME(712583,):2026-01-15-10:29:02.590.175 [error_message_manage.cc:53]712583 FuncErrorReason:rtMemcpy execute failed, reason=[the current capture mode does not support this operation]
[ERROR] ASCENDCL(712583,):2026-01-15-10:29:02.590.473 [memory.cpp:437]712583 aclrtMemcpyImpl: synchronized memcpy failed, kind = 1, runtime result = 107030
[ERROR] RUNTIME(712583,):2026-01-15-10:29:02.670.290 [api_error.cc:1519]712583 MemCopySync:Memory copy sync failed, cnt=72, kind=1.
[ERROR] RUNTIME(712583,):2026-01-15-10:29:02.670.298 [api_c.cc:1197]712583 rtMemcpy:ErrCode=107030, desc=[the current capture mode does not support this operation], InnerCode=0x703001c
[ERROR] RUNTIME(712583,):2026-01-15-10:29:02.670.300 [error_message_manage.cc:53]712583 FuncErrorReason:report error module_type=3, module_name=EE8888
[ERROR] RUNTIME(712583,):2026-01-15-10:29:02.670.303 [error_message_manage.cc:53]712583 FuncErrorReason:rtMemcpy execute failed, reason=[the current capture mode does not support this operation]
[ERROR] ASCENDCL(712583,):2026-01-15-10:29:02.670.518 [memory.cpp:437]712583 aclrtMemcpyImpl: synchronized memcpy failed, kind = 1, runtime result = 107030
[ERROR] RUNTIME(712583,):2026-01-15-10:29:02.738.814 [api_error.cc:1519]712583 MemCopySync:Memory copy sync failed, cnt=416, kind=1.
[ERROR] RUNTIME(712583,):2026-01-15-10:29:02.738.822 [api_c.cc:1197]712583 rtMemcpy:ErrCode=107030, desc=[the current capture mode does not support this operation], InnerCode=0x703001c
[ERROR] RUNTIME(712583,):2026-01-15-10:29:02.738.825 [error_message_manage.cc:53]712583 FuncErrorReason:report error module_type=3, module_name=EE8888
[ERROR] RUNTIME(712583,):2026-01-15-10:29:02.738.828 [error_message_manage.cc:53]712583 FuncErrorReason:rtMemcpy execute failed, reason=[the current capture mode does not support this operation]
[ERROR] ASCENDCL(712583,):2026-01-15-10:29:02.739.086 [memory.cpp:437]712583 aclrtMemcpyImpl: synchronized memcpy failed, kind = 1, runtime result = 107030
[ERROR] RUNTIME(712583,):2026-01-15-10:29:02.780.949 [api_error.cc:1519]712583 MemCopySync:Memory copy sync failed, cnt=72, kind=1.
[ERROR] RUNTIME(712583,):2026-01-15-10:29:02.780.957 [api_c.cc:1197]712583 rtMemcpy:ErrCode=107030, desc=[the current capture mode does not support this operation], InnerCode=0x703001c
[ERROR] RUNTIME(712583,):2026-01-15-10:29:02.780.959 [error_message_manage.cc:53]712583 FuncErrorReason:report error module_type=3, module_name=EE8888
[ERROR] RUNTIME(712583,):2026-01-15-10:29:02.780.962 [error_message_manage.cc:53]712583 FuncErrorReason:rtMemcpy execute failed, reason=[the current capture mode does not support this operation]
[ERROR] ASCENDCL(712583,):2026-01-15-10:29:02.781.179 [memory.cpp:437]712583 aclrtMemcpyImpl: synchronized memcpy failed, kind = 1, runtime result = 107030
[ERROR] RUNTIME(712583,):2026-01-15-10:29:02.842.806 [api_error.cc:1519]712583 MemCopySync:Memory copy sync failed, cnt=416, kind=1.
[ERROR] RUNTIME(712583,):2026-01-15-10:29:02.842.814 [api_c.cc:1197]712583 rtMemcpy:ErrCode=107030, desc=[the current capture mode does not support this operation], InnerCode=0x703001c
[ERROR] RUNTIME(712583,):2026-01-15-10:29:02.842.817 [error_message_manage.cc:53]712583 FuncErrorReason:report error module_type=3, module_name=EE8888
[ERROR] RUNTIME(712583,):2026-01-15-10:29:02.842.819 [error_message_manage.cc:53]712583 FuncErrorReason:rtMemcpy execute failed, reason=[the current capture mode does not support this operation]
[ERROR] ASCENDCL(712583,):2026-01-15-10:29:02.843.030 [memory.cpp:437]712583 aclrtMemcpyImpl: synchronized memcpy failed, kind = 1, runtime result = 107030
[ERROR] RUNTIME(712583,):2026-01-15-10:29:02.914.043 [api_error.cc:1519]712583 MemCopySync:Memory copy sync failed, cnt=72, kind=1.
[ERROR] RUNTIME(712583,):2026-01-15-10:29:02.914.051 [api_c.cc:1197]712583 rtMemcpy:ErrCode=107030, desc=[the current capture mode does not support this operation], InnerCode=0x703001c
[ERROR] RUNTIME(712583,):2026-01-15-10:29:02.914.054 [error_message_manage.cc:53]712583 FuncErrorReason:report error module_type=3, module_name=EE8888
[ERROR] RUNTIME(712583,):2026-01-15-10:29:02.914.056 [error_message_manage.cc:53]712583 FuncErrorReason:rtMemcpy execute failed, reason=[the current capture mode does not support this operation]
[ERROR] ASCENDCL(712583,):2026-01-15-10:29:02.914.255 [memory.cpp:437]712583 aclrtMemcpyImpl: synchronized memcpy failed, kind = 1, runtime result = 107030
[ERROR] RUNTIME(712583,):2026-01-15-10:29:02.988.272 [api_error.cc:1519]712583 MemCopySync:Memory copy sync failed, cnt=416, kind=1.
[ERROR] RUNTIME(712583,):2026-01-15-10:29:02.988.281 [api_c.cc:1197]712583 rtMemcpy:ErrCode=107030, desc=[the current capture mode does not support this operation], InnerCode=0x703001c
[ERROR] RUNTIME(712583,):2026-01-15-10:29:02.988.283 [error_message_manage.cc:53]712583 FuncErrorReason:report error module_type=3, module_name=EE8888
[ERROR] RUNTIME(712583,):2026-01-15-10:29:02.988.286 [error_message_manage.cc:53]712583 FuncErrorReason:rtMemcpy execute failed, reason=[the current capture mode does not support this operation]
[ERROR] ASCENDCL(712583,):2026-01-15-10:29:02.988.484 [memory.cpp:437]712583 aclrtMemcpyImpl: synchronized memcpy failed, kind = 1, runtime result = 107030
[ERROR] RUNTIME(712583,):2026-01-15-10:29:03.058.773 [api_error.cc:1519]712583 MemCopySync:Memory copy sync failed, cnt=72, kind=1.
[ERROR] RUNTIME(712583,):2026-01-15-10:29:03.058.781 [api_c.cc:1197]712583 rtMemcpy:ErrCode=107030, desc=[the current capture mode does not support this operation], InnerCode=0x703001c
[ERROR] RUNTIME(712583,):2026-01-15-10:29:03.058.783 [error_message_manage.cc:53]712583 FuncErrorReason:report error module_type=3, module_name=EE8888
[ERROR] RUNTIME(712583,):2026-01-15-10:29:03.058.786 [error_message_manage.cc:53]712583 FuncErrorReason:rtMemcpy execute failed, reason=[the current capture mode does not support this operation]
[ERROR] ASCENDCL(712583,):2026-01-15-10:29:03.059.012 [memory.cpp:437]712583 aclrtMemcpyImpl: synchronized memcpy failed, kind = 1, runtime result = 107030
[ERROR] RUNTIME(712583,):2026-01-15-10:29:03.125.457 [api_error.cc:1519]712583 MemCopySync:Memory copy sync failed, cnt=416, kind=1.
[ERROR] RUNTIME(712583,):2026-01-15-10:29:03.125.465 [api_c.cc:1197]712583 rtMemcpy:ErrCode=107030, desc=[the current capture mode does not support this operation], InnerCode=0x703001c
[ERROR] RUNTIME(712583,):2026-01-15-10:29:03.125.468 [error_message_manage.cc:53]712583 FuncErrorReason:report error module_type=3, module_name=EE8888
[ERROR] RUNTIME(712583,):2026-01-15-10:29:03.125.471 [error_message_manage.cc:53]712583 FuncErrorReason:rtMemcpy execute failed, reason=[the current capture mode does not support this operation]
[ERROR] ASCENDCL(712583,):2026-01-15-10:29:03.125.729 [memory.cpp:437]712583 aclrtMemcpyImpl: synchronized memcpy failed, kind = 1, runtime result = 107030
[ERROR] RUNTIME(712583,):2026-01-15-10:29:03.187.483 [api_error.cc:1519]712583 MemCopySync:Memory copy sync failed, cnt=72, kind=1.
[ERROR] RUNTIME(712583,):2026-01-15-10:29:03.187.491 [api_c.cc:1197]712583 rtMemcpy:ErrCode=107030, desc=[the current capture mode does not support this operation], InnerCode=0x703001c
[ERROR] RUNTIME(712583,):2026-01-15-10:29:03.187.494 [error_message_manage.cc:53]712583 FuncErrorReason:report error module_type=3, module_name=EE8888
[ERROR] RUNTIME(712583,):2026-01-15-10:29:03.187.496 [error_message_manage.cc:53]712583 FuncErrorReason:rtMemcpy execute failed, reason=[the current capture mode does not support this operation]
[ERROR] ASCENDCL(712583,):2026-01-15-10:29:03.187.734 [memory.cpp:437]712583 aclrtMemcpyImpl: synchronized memcpy failed, kind = 1, runtime result = 107030
[ERROR] RUNTIME(712583,):2026-01-15-10:29:03.248.060 [api_error.cc:1519]712583 MemCopySync:Memory copy sync failed, cnt=416, kind=1.
[ERROR] RUNTIME(712583,):2026-01-15-10:29:03.248.068 [api_c.cc:1197]712583 rtMemcpy:ErrCode=107030, desc=[the current capture mode does not support this operation], InnerCode=0x703001c
[ERROR] RUNTIME(712583,):2026-01-15-10:29:03.248.071 [error_message_manage.cc:53]712583 FuncErrorReason:report error module_type=3, module_name=EE8888
[ERROR] RUNTIME(712583,):2026-01-15-10:29:03.248.074 [error_message_manage.cc:53]712583 FuncErrorReason:rtMemcpy execute failed, reason=[the current capture mode does not support this operation]
[ERROR] ASCENDCL(712583,):2026-01-15-10:29:03.248.296 [memory.cpp:437]712583 aclrtMemcpyImpl: synchronized memcpy failed, kind = 1, runtime result = 107030
[ERROR] RUNTIME(712583,):2026-01-15-10:29:03.304.819 [api_error.cc:1519]712583 MemCopySync:Memory copy sync failed, cnt=72, kind=1.
[ERROR] RUNTIME(712583,):2026-01-15-10:29:03.304.826 [api_c.cc:1197]712583 rtMemcpy:ErrCode=107030, desc=[the current capture mode does not support this operation], InnerCode=0x703001c
[ERROR] RUNTIME(712583,):2026-01-15-10:29:03.304.829 [error_message_manage.cc:53]712583 FuncErrorReason:report error module_type=3, module_name=EE8888
[ERROR] RUNTIME(712583,):2026-01-15-10:29:03.304.832 [error_message_manage.cc:53]712583 FuncErrorReason:rtMemcpy execute failed, reason=[the current capture mode does not support this operation]
[ERROR] ASCENDCL(712583,):2026-01-15-10:29:03.305.027 [memory.cpp:437]712583 aclrtMemcpyImpl: synchronized memcpy failed, kind = 1, runtime result = 107030
[ERROR] RUNTIME(712583,):2026-01-15-10:29:03.376.027 [api_error.cc:1519]712583 MemCopySync:Memory copy sync failed, cnt=416, kind=1.
[ERROR] RUNTIME(712583,):2026-01-15-10:29:03.376.035 [api_c.cc:1197]712583 rtMemcpy:ErrCode=107030, desc=[the current capture mode does not support this operation], InnerCode=0x703001c
[ERROR] RUNTIME(712583,):2026-01-15-10:29:03.376.038 [error_message_manage.cc:53]712583 FuncErrorReason:report error module_type=3, module_name=EE8888
[ERROR] RUNTIME(712583,):2026-01-15-10:29:03.376.041 [error_message_manage.cc:53]712583 FuncErrorReason:rtMemcpy execute failed, reason=[the current capture mode does not support this operation]
[ERROR] ASCENDCL(712583,):2026-01-15-10:29:03.376.329 [memory.cpp:437]712583 aclrtMemcpyImpl: synchronized memcpy failed, kind = 1, runtime result = 107030
[ERROR] RUNTIME(712583,):2026-01-15-10:29:03.443.235 [api_error.cc:1519]712583 MemCopySync:Memory copy sync failed, cnt=72, kind=1.
[ERROR] RUNTIME(712583,):2026-01-15-10:29:03.443.242 [api_c.cc:1197]712583 rtMemcpy:ErrCode=107030, desc=[the current capture mode does not support this operation], InnerCode=0x703001c
[ERROR] RUNTIME(712583,):2026-01-15-10:29:03.443.244 [error_message_manage.cc:53]712583 FuncErrorReason:report error module_type=3, module_name=EE8888
[ERROR] RUNTIME(712583,):2026-01-15-10:29:03.443.247 [error_message_manage.cc:53]712583 FuncErrorReason:rtMemcpy execute failed, reason=[the current capture mode does not support this operation]
[ERROR] ASCENDCL(712583,):2026-01-15-10:29:03.443.493 [memory.cpp:437]712583 aclrtMemcpyImpl: synchronized memcpy failed, kind = 1, runtime result = 107030
[ERROR] RUNTIME(712583,):2026-01-15-10:29:03.515.998 [api_error.cc:1519]712583 MemCopySync:Memory copy sync failed, cnt=416, kind=1.
[ERROR] RUNTIME(712583,):2026-01-15-10:29:03.516.006 [api_c.cc:1197]712583 rtMemcpy:ErrCode=107030, desc=[the current capture mode does not support this operation], InnerCode=0x703001c
[ERROR] RUNTIME(712583,):2026-01-15-10:29:03.516.009 [error_message_manage.cc:53]712583 FuncErrorReason:report error module_type=3, module_name=EE8888
[ERROR] RUNTIME(712583,):2026-01-15-10:29:03.516.012 [error_message_manage.cc:53]712583 FuncErrorReason:rtMemcpy execute failed, reason=[the current capture mode does not support this operation]
[ERROR] ASCENDCL(712583,):2026-01-15-10:29:03.516.248 [memory.cpp:437]712583 aclrtMemcpyImpl: synchronized memcpy failed, kind = 1, runtime result = 107030
[ERROR] RUNTIME(712583,):2026-01-15-10:29:03.586.337 [api_error.cc:1519]712583 MemCopySync:Memory copy sync failed, cnt=72, kind=1.
[ERROR] RUNTIME(712583,):2026-01-15-10:29:03.586.344 [api_c.cc:1197]712583 rtMemcpy:ErrCode=107030, desc=[the current capture mode does not support this operation], InnerCode=0x703001c
[ERROR] RUNTIME(712583,):2026-01-15-10:29:03.586.346 [error_message_manage.cc:53]712583 FuncErrorReason:report error module_type=3, module_name=EE8888
[ERROR] RUNTIME(712583,):2026-01-15-10:29:03.586.349 [error_message_manage.cc:53]712583 FuncErrorReason:rtMemcpy execute failed, reason=[the current capture mode does not support this operation]
[ERROR] ASCENDCL(712583,):2026-01-15-10:29:03.586.560 [memory.cpp:437]712583 aclrtMemcpyImpl: synchronized memcpy failed, kind = 1, runtime result = 107030
[ERROR] RUNTIME(712583,):2026-01-15-10:29:03.655.702 [api_error.cc:1519]712583 MemCopySync:Memory copy sync failed, cnt=416, kind=1.
[ERROR] RUNTIME(712583,):2026-01-15-10:29:03.655.709 [api_c.cc:1197]712583 rtMemcpy:ErrCode=107030, desc=[the current capture mode does not support this operation], InnerCode=0x703001c
[ERROR] RUNTIME(712583,):2026-01-15-10:29:03.655.712 [error_message_manage.cc:53]712583 FuncErrorReason:report error module_type=3, module_name=EE8888
[ERROR] RUNTIME(712583,):2026-01-15-10:29:03.655.715 [error_message_manage.cc:53]712583 FuncErrorReason:rtMemcpy execute failed, reason=[the current capture mode does not support this operation]
[ERROR] ASCENDCL(712583,):2026-01-15-10:29:03.655.913 [memory.cpp:437]712583 aclrtMemcpyImpl: synchronized memcpy failed, kind = 1, runtime result = 107030
[ERROR] RUNTIME(712583,):2026-01-15-10:29:03.724.794 [api_error.cc:1519]712583 MemCopySync:Memory copy sync failed, cnt=72, kind=1.
[ERROR] RUNTIME(712583,):2026-01-15-10:29:03.724.803 [api_c.cc:1197]712583 rtMemcpy:ErrCode=107030, desc=[the current capture mode does not support this operation], InnerCode=0x703001c
[ERROR] RUNTIME(712583,):2026-01-15-10:29:03.724.806 [error_message_manage.cc:53]712583 FuncErrorReason:report error module_type=3, module_name=EE8888
[ERROR] RUNTIME(712583,):2026-01-15-10:29:03.724.809 [error_message_manage.cc:53]712583 FuncErrorReason:rtMemcpy execute failed, reason=[the current capture mode does not support this operation]
[ERROR] ASCENDCL(712583,):2026-01-15-10:29:03.725.021 [memory.cpp:437]712583 aclrtMemcpyImpl: synchronized memcpy failed, kind = 1, runtime result = 107030
[ERROR] RUNTIME(712583,):2026-01-15-10:29:03.793.475 [api_error.cc:1519]712583 MemCopySync:Memory copy sync failed, cnt=416, kind=1.
[ERROR] RUNTIME(712583,):2026-01-15-10:29:03.793.483 [api_c.cc:1197]712583 rtMemcpy:ErrCode=107030, desc=[the current capture mode does not support this operation], InnerCode=0x703001c
[ERROR] RUNTIME(712583,):2026-01-15-10:29:03.793.486 [error_message_manage.cc:53]712583 FuncErrorReason:report error module_type=3, module_name=EE8888
[ERROR] RUNTIME(712583,):2026-01-15-10:29:03.793.488 [error_message_manage.cc:53]712583 FuncErrorReason:rtMemcpy execute failed, reason=[the current capture mode does not support this operation]
[ERROR] ASCENDCL(712583,):2026-01-15-10:29:03.793.735 [memory.cpp:437]712583 aclrtMemcpyImpl: synchronized memcpy failed, kind = 1, runtime result = 107030
[ERROR] RUNTIME(712583,):2026-01-15-10:29:03.857.377 [api_error.cc:1519]712583 MemCopySync:Memory copy sync failed, cnt=72, kind=1.
[ERROR] RUNTIME(712583,):2026-01-15-10:29:03.857.385 [api_c.cc:1197]712583 rtMemcpy:ErrCode=107030, desc=[the current capture mode does not support this operation], InnerCode=0x703001c
[ERROR] RUNTIME(712583,):2026-01-15-10:29:03.857.387 [error_message_manage.cc:53]712583 FuncErrorReason:report error module_type=3, module_name=EE8888
[ERROR] RUNTIME(712583,):2026-01-15-10:29:03.857.390 [error_message_manage.cc:53]712583 FuncErrorReason:rtMemcpy execute failed, reason=[the current capture mode does not support this operation]
[ERROR] ASCENDCL(712583,):2026-01-15-10:29:03.857.641 [memory.cpp:437]712583 aclrtMemcpyImpl: synchronized memcpy failed, kind = 1, runtime result = 107030
[ERROR] RUNTIME(712583,):2026-01-15-10:29:03.925.063 [api_error.cc:1519]712583 MemCopySync:Memory copy sync failed, cnt=416, kind=1.
[ERROR] RUNTIME(712583,):2026-01-15-10:29:03.925.072 [api_c.cc:1197]712583 rtMemcpy:ErrCode=107030, desc=[the current capture mode does not support this operation], InnerCode=0x703001c
[ERROR] RUNTIME(712583,):2026-01-15-10:29:03.925.075 [error_message_manage.cc:53]712583 FuncErrorReason:report error module_type=3, module_name=EE8888
[ERROR] RUNTIME(712583,):2026-01-15-10:29:03.925.078 [error_message_manage.cc:53]712583 FuncErrorReason:rtMemcpy execute failed, reason=[the current capture mode does not support this operation]
[ERROR] ASCENDCL(712583,):2026-01-15-10:29:03.925.288 [memory.cpp:437]712583 aclrtMemcpyImpl: synchronized memcpy failed, kind = 1, runtime result = 107030
[ERROR] RUNTIME(712583,):2026-01-15-10:29:03.991.890 [api_error.cc:1519]712583 MemCopySync:Memory copy sync failed, cnt=72, kind=1.
[ERROR] RUNTIME(712583,):2026-01-15-10:29:03.991.898 [api_c.cc:1197]712583 rtMemcpy:ErrCode=107030, desc=[the current capture mode does not support this operation], InnerCode=0x703001c
[ERROR] RUNTIME(712583,):2026-01-15-10:29:03.991.901 [error_message_manage.cc:53]712583 FuncErrorReason:report error module_type=3, module_name=EE8888
[ERROR] RUNTIME(712583,):2026-01-15-10:29:03.991.903 [error_message_manage.cc:53]712583 FuncErrorReason:rtMemcpy execute failed, reason=[the current capture mode does not support this operation]
[ERROR] ASCENDCL(712583,):2026-01-15-10:29:03.992.151 [memory.cpp:437]712583 aclrtMemcpyImpl: synchronized memcpy failed, kind = 1, runtime result = 107030
[ERROR] RUNTIME(712583,):2026-01-15-10:29:04.062.234 [api_error.cc:1519]712583 MemCopySync:Memory copy sync failed, cnt=416, kind=1.
[ERROR] RUNTIME(712583,):2026-01-15-10:29:04.062.243 [api_c.cc:1197]712583 rtMemcpy:ErrCode=107030, desc=[the current capture mode does not support this operation], InnerCode=0x703001c
[ERROR] RUNTIME(712583,):2026-01-15-10:29:04.062.246 [error_message_manage.cc:53]712583 FuncErrorReason:report error module_type=3, module_name=EE8888
[ERROR] RUNTIME(712583,):2026-01-15-10:29:04.062.248 [error_message_manage.cc:53]712583 FuncErrorReason:rtMemcpy execute failed, reason=[the current capture mode does not support this operation]
[ERROR] ASCENDCL(712583,):2026-01-15-10:29:04.062.523 [memory.cpp:437]712583 aclrtMemcpyImpl: synchronized memcpy failed, kind = 1, runtime result = 107030
[ERROR] RUNTIME(712583,):2026-01-15-10:29:04.135.304 [api_error.cc:1519]712583 MemCopySync:Memory copy sync failed, cnt=72, kind=1.
[ERROR] RUNTIME(712583,):2026-01-15-10:29:04.135.312 [api_c.cc:1197]712583 rtMemcpy:ErrCode=107030, desc=[the current capture mode does not support this operation], InnerCode=0x703001c
[ERROR] RUNTIME(712583,):2026-01-15-10:29:04.135.315 [error_message_manage.cc:53]712583 FuncErrorReason:report error module_type=3, module_name=EE8888
[ERROR] RUNTIME(712583,):2026-01-15-10:29:04.135.318 [error_message_manage.cc:53]712583 FuncErrorReason:rtMemcpy execute failed, reason=[the current capture mode does not support this operation]
[ERROR] ASCENDCL(712583,):2026-01-15-10:29:04.135.580 [memory.cpp:437]712583 aclrtMemcpyImpl: synchronized memcpy failed, kind = 1, runtime result = 107030
[ERROR] RUNTIME(712583,):2026-01-15-10:29:04.210.853 [api_error.cc:1519]712583 MemCopySync:Memory copy sync failed, cnt=416, kind=1.
[ERROR] RUNTIME(712583,):2026-01-15-10:29:04.210.862 [api_c.cc:1197]712583 rtMemcpy:ErrCode=107030, desc=[the current capture mode does not support this operation], InnerCode=0x703001c
[ERROR] RUNTIME(712583,):2026-01-15-10:29:04.210.864 [error_message_manage.cc:53]712583 FuncErrorReason:report error module_type=3, module_name=EE8888
[ERROR] RUNTIME(712583,):2026-01-15-10:29:04.210.867 [error_message_manage.cc:53]712583 FuncErrorReason:rtMemcpy execute failed, reason=[the current capture mode does not support this operation]
[ERROR] ASCENDCL(712583,):2026-01-15-10:29:04.211.131 [memory.cpp:437]712583 aclrtMemcpyImpl: synchronized memcpy failed, kind = 1, runtime result = 107030
[ERROR] RUNTIME(712583,):2026-01-15-10:29:04.281.771 [api_error.cc:1519]712583 MemCopySync:Memory copy sync failed, cnt=72, kind=1.
[ERROR] RUNTIME(712583,):2026-01-15-10:29:04.281.779 [api_c.cc:1197]712583 rtMemcpy:ErrCode=107030, desc=[the current capture mode does not support this operation], InnerCode=0x703001c
[ERROR] RUNTIME(712583,):2026-01-15-10:29:04.281.782 [error_message_manage.cc:53]712583 FuncErrorReason:report error module_type=3, module_name=EE8888
[ERROR] RUNTIME(712583,):2026-01-15-10:29:04.281.784 [error_message_manage.cc:53]712583 FuncErrorReason:rtMemcpy execute failed, reason=[the current capture mode does not support this operation]
[ERROR] ASCENDCL(712583,):2026-01-15-10:29:04.282.005 [memory.cpp:437]712583 aclrtMemcpyImpl: synchronized memcpy failed, kind = 1, runtime result = 107030
[ERROR] RUNTIME(712583,):2026-01-15-10:29:04.359.256 [api_error.cc:1519]712583 MemCopySync:Memory copy sync failed, cnt=416, kind=1.
[ERROR] RUNTIME(712583,):2026-01-15-10:29:04.359.265 [api_c.cc:1197]712583 rtMemcpy:ErrCode=107030, desc=[the current capture mode does not support this operation], InnerCode=0x703001c
[ERROR] RUNTIME(712583,):2026-01-15-10:29:04.359.268 [error_message_manage.cc:53]712583 FuncErrorReason:report error module_type=3, module_name=EE8888
[ERROR] RUNTIME(712583,):2026-01-15-10:29:04.359.272 [error_message_manage.cc:53]712583 FuncErrorReason:rtMemcpy execute failed, reason=[the current capture mode does not support this operation]
[ERROR] ASCENDCL(712583,):2026-01-15-10:29:04.359.603 [memory.cpp:437]712583 aclrtMemcpyImpl: synchronized memcpy failed, kind = 1, runtime result = 107030
[ERROR] RUNTIME(712583,):2026-01-15-10:29:04.426.450 [api_error.cc:1519]712583 MemCopySync:Memory copy sync failed, cnt=72, kind=1.
[ERROR] RUNTIME(712583,):2026-01-15-10:29:04.426.459 [api_c.cc:1197]712583 rtMemcpy:ErrCode=107030, desc=[the current capture mode does not support this operation], InnerCode=0x703001c
[ERROR] RUNTIME(712583,):2026-01-15-10:29:04.426.462 [error_message_manage.cc:53]712583 FuncErrorReason:report error module_type=3, module_name=EE8888
[ERROR] RUNTIME(712583,):2026-01-15-10:29:04.426.465 [error_message_manage.cc:53]712583 FuncErrorReason:rtMemcpy execute failed, reason=[the current capture mode does not support this operation]
[ERROR] ASCENDCL(712583,):2026-01-15-10:29:04.426.711 [memory.cpp:437]712583 aclrtMemcpyImpl: synchronized memcpy failed, kind = 1, runtime result = 107030
[ERROR] RUNTIME(712583,):2026-01-15-10:29:04.498.000 [api_error.cc:1519]712583 MemCopySync:Memory copy sync failed, cnt=416, kind=1.
[ERROR] RUNTIME(712583,):2026-01-15-10:29:04.498.009 [api_c.cc:1197]712583 rtMemcpy:ErrCode=107030, desc=[the current capture mode does not support this operation], InnerCode=0x703001c
[ERROR] RUNTIME(712583,):2026-01-15-10:29:04.498.012 [error_message_manage.cc:53]712583 FuncErrorReason:report error module_type=3, module_name=EE8888
[ERROR] RUNTIME(712583,):2026-01-15-10:29:04.498.014 [error_message_manage.cc:53]712583 FuncErrorReason:rtMemcpy execute failed, reason=[the current capture mode does not support this operation]
[ERROR] ASCENDCL(712583,):2026-01-15-10:29:04.498.244 [memory.cpp:437]712583 aclrtMemcpyImpl: synchronized memcpy failed, kind = 1, runtime result = 107030
[ERROR] RUNTIME(712583,):2026-01-15-10:29:04.567.259 [api_error.cc:1519]712583 MemCopySync:Memory copy sync failed, cnt=72, kind=1.
[ERROR] RUNTIME(712583,):2026-01-15-10:29:04.567.267 [api_c.cc:1197]712583 rtMemcpy:ErrCode=107030, desc=[the current capture mode does not support this operation], InnerCode=0x703001c
[ERROR] RUNTIME(712583,):2026-01-15-10:29:04.567.270 [error_message_manage.cc:53]712583 FuncErrorReason:report error module_type=3, module_name=EE8888
[ERROR] RUNTIME(712583,):2026-01-15-10:29:04.567.272 [error_message_manage.cc:53]712583 FuncErrorReason:rtMemcpy execute failed, reason=[the current capture mode does not support this operation]
[ERROR] ASCENDCL(712583,):2026-01-15-10:29:04.567.620 [memory.cpp:437]712583 aclrtMemcpyImpl: synchronized memcpy failed, kind = 1, runtime result = 107030
[ERROR] RUNTIME(712583,):2026-01-15-10:29:04.646.975 [api_error.cc:1519]712583 MemCopySync:Memory copy sync failed, cnt=416, kind=1.
[ERROR] RUNTIME(712583,):2026-01-15-10:29:04.646.984 [api_c.cc:1197]712583 rtMemcpy:ErrCode=107030, desc=[the current capture mode does not support this operation], InnerCode=0x703001c
[ERROR] RUNTIME(712583,):2026-01-15-10:29:04.646.986 [error_message_manage.cc:53]712583 FuncErrorReason:report error module_type=3, module_name=EE8888
[ERROR] RUNTIME(712583,):2026-01-15-10:29:04.646.989 [error_message_manage.cc:53]712583 FuncErrorReason:rtMemcpy execute failed, reason=[the current capture mode does not support this operation]
[ERROR] ASCENDCL(712583,):2026-01-15-10:29:04.647.239 [memory.cpp:437]712583 aclrtMemcpyImpl: synchronized memcpy failed, kind = 1, runtime result = 107030
[ERROR] RUNTIME(712583,):2026-01-15-10:29:04.721.910 [api_error.cc:1519]712583 MemCopySync:Memory copy sync failed, cnt=72, kind=1.
[ERROR] RUNTIME(712583,):2026-01-15-10:29:04.721.919 [api_c.cc:1197]712583 rtMemcpy:ErrCode=107030, desc=[the current capture mode does not support this operation], InnerCode=0x703001c
[ERROR] RUNTIME(712583,):2026-01-15-10:29:04.721.921 [error_message_manage.cc:53]712583 FuncErrorReason:report error module_type=3, module_name=EE8888
[ERROR] RUNTIME(712583,):2026-01-15-10:29:04.721.924 [error_message_manage.cc:53]712583 FuncErrorReason:rtMemcpy execute failed, reason=[the current capture mode does not support this operation]
[ERROR] ASCENDCL(712583,):2026-01-15-10:29:04.722.127 [memory.cpp:437]712583 aclrtMemcpyImpl: synchronized memcpy failed, kind = 1, runtime result = 107030
[ERROR] RUNTIME(712583,):2026-01-15-10:29:04.796.068 [api_error.cc:1519]712583 MemCopySync:Memory copy sync failed, cnt=416, kind=1.
[ERROR] RUNTIME(712583,):2026-01-15-10:29:04.796.076 [api_c.cc:1197]712583 rtMemcpy:ErrCode=107030, desc=[the current capture mode does not support this operation], InnerCode=0x703001c
[ERROR] RUNTIME(712583,):2026-01-15-10:29:04.796.079 [error_message_manage.cc:53]712583 FuncErrorReason:report error module_type=3, module_name=EE8888
[ERROR] RUNTIME(712583,):2026-01-15-10:29:04.796.082 [error_message_manage.cc:53]712583 FuncErrorReason:rtMemcpy execute failed, reason=[the current capture mode does not support this operation]
[ERROR] ASCENDCL(712583,):2026-01-15-10:29:04.796.315 [memory.cpp:437]712583 aclrtMemcpyImpl: synchronized memcpy failed, kind = 1, runtime result = 107030
[ERROR] RUNTIME(712583,):2026-01-15-10:29:04.865.214 [api_error.cc:1519]712583 MemCopySync:Memory copy sync failed, cnt=72, kind=1.
[ERROR] RUNTIME(712583,):2026-01-15-10:29:04.865.223 [api_c.cc:1197]712583 rtMemcpy:ErrCode=107030, desc=[the current capture mode does not support this operation], InnerCode=0x703001c
[ERROR] RUNTIME(712583,):2026-01-15-10:29:04.865.226 [error_message_manage.cc:53]712583 FuncErrorReason:report error module_type=3, module_name=EE8888
[ERROR] RUNTIME(712583,):2026-01-15-10:29:04.865.229 [error_message_manage.cc:53]712583 FuncErrorReason:rtMemcpy execute failed, reason=[the current capture mode does not support this operation]
[ERROR] ASCENDCL(712583,):2026-01-15-10:29:04.865.463 [memory.cpp:437]712583 aclrtMemcpyImpl: synchronized memcpy failed, kind = 1, runtime result = 107030
[ERROR] RUNTIME(712583,):2026-01-15-10:29:04.938.295 [api_error.cc:1519]712583 MemCopySync:Memory copy sync failed, cnt=416, kind=1.
[ERROR] RUNTIME(712583,):2026-01-15-10:29:04.938.304 [api_c.cc:1197]712583 rtMemcpy:ErrCode=107030, desc=[the current capture mode does not support this operation], InnerCode=0x703001c
[ERROR] RUNTIME(712583,):2026-01-15-10:29:04.938.306 [error_message_manage.cc:53]712583 FuncErrorReason:report error module_type=3, module_name=EE8888
[ERROR] RUNTIME(712583,):2026-01-15-10:29:04.938.309 [error_message_manage.cc:53]712583 FuncErrorReason:rtMemcpy execute failed, reason=[the current capture mode does not support this operation]
[ERROR] ASCENDCL(712583,):2026-01-15-10:29:04.938.565 [memory.cpp:437]712583 aclrtMemcpyImpl: synchronized memcpy failed, kind = 1, runtime result = 107030
[ERROR] RUNTIME(712583,):2026-01-15-10:29:05.005.203 [api_error.cc:1519]712583 MemCopySync:Memory copy sync failed, cnt=72, kind=1.
[ERROR] RUNTIME(712583,):2026-01-15-10:29:05.005.210 [api_c.cc:1197]712583 rtMemcpy:ErrCode=107030, desc=[the current capture mode does not support this operation], InnerCode=0x703001c
[ERROR] RUNTIME(712583,):2026-01-15-10:29:05.005.213 [error_message_manage.cc:53]712583 FuncErrorReason:report error module_type=3, module_name=EE8888
[ERROR] RUNTIME(712583,):2026-01-15-10:29:05.005.216 [error_message_manage.cc:53]712583 FuncErrorReason:rtMemcpy execute failed, reason=[the current capture mode does not support this operation]
[ERROR] ASCENDCL(712583,):2026-01-15-10:29:05.005.445 [memory.cpp:437]712583 aclrtMemcpyImpl: synchronized memcpy failed, kind = 1, runtime result = 107030
[ERROR] RUNTIME(712583,):2026-01-15-10:29:05.075.682 [api_error.cc:1519]712583 MemCopySync:Memory copy sync failed, cnt=416, kind=1.
[ERROR] RUNTIME(712583,):2026-01-15-10:29:05.075.690 [api_c.cc:1197]712583 rtMemcpy:ErrCode=107030, desc=[the current capture mode does not support this operation], InnerCode=0x703001c
[ERROR] RUNTIME(712583,):2026-01-15-10:29:05.075.693 [error_message_manage.cc:53]712583 FuncErrorReason:report error module_type=3, module_name=EE8888
[ERROR] RUNTIME(712583,):2026-01-15-10:29:05.075.695 [error_message_manage.cc:53]712583 FuncErrorReason:rtMemcpy execute failed, reason=[the current capture mode does not support this operation]
[ERROR] ASCENDCL(712583,):2026-01-15-10:29:05.075.914 [memory.cpp:437]712583 aclrtMemcpyImpl: synchronized memcpy failed, kind = 1, runtime result = 107030
[ERROR] RUNTIME(712583,):2026-01-15-10:29:05.139.065 [api_error.cc:1519]712583 MemCopySync:Memory copy sync failed, cnt=72, kind=1.
[ERROR] RUNTIME(712583,):2026-01-15-10:29:05.139.072 [api_c.cc:1197]712583 rtMemcpy:ErrCode=107030, desc=[the current capture mode does not support this operation], InnerCode=0x703001c
[ERROR] RUNTIME(712583,):2026-01-15-10:29:05.139.075 [error_message_manage.cc:53]712583 FuncErrorReason:report error module_type=3, module_name=EE8888
[ERROR] RUNTIME(712583,):2026-01-15-10:29:05.139.078 [error_message_manage.cc:53]712583 FuncErrorReason:rtMemcpy execute failed, reason=[the current capture mode does not support this operation]
[ERROR] ASCENDCL(712583,):2026-01-15-10:29:05.139.352 [memory.cpp:437]712583 aclrtMemcpyImpl: synchronized memcpy failed, kind = 1, runtime result = 107030
[ERROR] RUNTIME(712583,):2026-01-15-10:29:05.215.973 [api_error.cc:1519]712583 MemCopySync:Memory copy sync failed, cnt=416, kind=1.
[ERROR] RUNTIME(712583,):2026-01-15-10:29:05.215.980 [api_c.cc:1197]712583 rtMemcpy:ErrCode=107030, desc=[the current capture mode does not support this operation], InnerCode=0x703001c
[ERROR] RUNTIME(712583,):2026-01-15-10:29:05.215.983 [error_message_manage.cc:53]712583 FuncErrorReason:report error module_type=3, module_name=EE8888
[ERROR] RUNTIME(712583,):2026-01-15-10:29:05.215.986 [error_message_manage.cc:53]712583 FuncErrorReason:rtMemcpy execute failed, reason=[the current capture mode does not support this operation]
[ERROR] ASCENDCL(712583,):2026-01-15-10:29:05.216.217 [memory.cpp:437]712583 aclrtMemcpyImpl: synchronized memcpy failed, kind = 1, runtime result = 107030
[ERROR] RUNTIME(712583,):2026-01-15-10:29:05.280.369 [api_error.cc:1519]712583 MemCopySync:Memory copy sync failed, cnt=72, kind=1.
[ERROR] RUNTIME(712583,):2026-01-15-10:29:05.280.377 [api_c.cc:1197]712583 rtMemcpy:ErrCode=107030, desc=[the current capture mode does not support this operation], InnerCode=0x703001c
[ERROR] RUNTIME(712583,):2026-01-15-10:29:05.280.379 [error_message_manage.cc:53]712583 FuncErrorReason:report error module_type=3, module_name=EE8888
[ERROR] RUNTIME(712583,):2026-01-15-10:29:05.280.382 [error_message_manage.cc:53]712583 FuncErrorReason:rtMemcpy execute failed, reason=[the current capture mode does not support this operation]
[ERROR] ASCENDCL(712583,):2026-01-15-10:29:05.280.590 [memory.cpp:437]712583 aclrtMemcpyImpl: synchronized memcpy failed, kind = 1, runtime result = 107030
[ERROR] RUNTIME(712583,):2026-01-15-10:29:05.352.849 [api_error.cc:1519]712583 MemCopySync:Memory copy sync failed, cnt=416, kind=1.
[ERROR] RUNTIME(712583,):2026-01-15-10:29:05.352.857 [api_c.cc:1197]712583 rtMemcpy:ErrCode=107030, desc=[the current capture mode does not support this operation], InnerCode=0x703001c
[ERROR] RUNTIME(712583,):2026-01-15-10:29:05.352.860 [error_message_manage.cc:53]712583 FuncErrorReason:report error module_type=3, module_name=EE8888
[ERROR] RUNTIME(712583,):2026-01-15-10:29:05.352.862 [error_message_manage.cc:53]712583 FuncErrorReason:rtMemcpy execute failed, reason=[the current capture mode does not support this operation]
[ERROR] ASCENDCL(712583,):2026-01-15-10:29:05.353.239 [memory.cpp:437]712583 aclrtMemcpyImpl: synchronized memcpy failed, kind = 1, runtime result = 107030
[ERROR] RUNTIME(712583,):2026-01-15-10:29:05.423.653 [api_error.cc:1519]712583 MemCopySync:Memory copy sync failed, cnt=72, kind=1.
[ERROR] RUNTIME(712583,):2026-01-15-10:29:05.423.661 [api_c.cc:1197]712583 rtMemcpy:ErrCode=107030, desc=[the current capture mode does not support this operation], InnerCode=0x703001c
[ERROR] RUNTIME(712583,):2026-01-15-10:29:05.423.663 [error_message_manage.cc:53]712583 FuncErrorReason:report error module_type=3, module_name=EE8888
[ERROR] RUNTIME(712583,):2026-01-15-10:29:05.423.666 [error_message_manage.cc:53]712583 FuncErrorReason:rtMemcpy execute failed, reason=[the current capture mode does not support this operation]
[ERROR] ASCENDCL(712583,):2026-01-15-10:29:05.423.917 [memory.cpp:437]712583 aclrtMemcpyImpl: synchronized memcpy failed, kind = 1, runtime result = 107030
[ERROR] RUNTIME(712583,):2026-01-15-10:29:05.487.398 [api_error.cc:1519]712583 MemCopySync:Memory copy sync failed, cnt=416, kind=1.
[ERROR] RUNTIME(712583,):2026-01-15-10:29:05.487.424 [api_c.cc:1197]712583 rtMemcpy:ErrCode=107030, desc=[the current capture mode does not support this operation], InnerCode=0x703001c
[ERROR] RUNTIME(712583,):2026-01-15-10:29:05.487.427 [error_message_manage.cc:53]712583 FuncErrorReason:report error module_type=3, module_name=EE8888
[ERROR] RUNTIME(712583,):2026-01-15-10:29:05.487.430 [error_message_manage.cc:53]712583 FuncErrorReason:rtMemcpy execute failed, reason=[the current capture mode does not support this operation]
[ERROR] ASCENDCL(712583,):2026-01-15-10:29:05.487.659 [memory.cpp:437]712583 aclrtMemcpyImpl: synchronized memcpy failed, kind = 1, runtime result = 107030
[ERROR] RUNTIME(712583,):2026-01-15-10:29:05.548.965 [api_error.cc:1519]712583 MemCopySync:Memory copy sync failed, cnt=72, kind=1.
[ERROR] RUNTIME(712583,):2026-01-15-10:29:05.548.973 [api_c.cc:1197]712583 rtMemcpy:ErrCode=107030, desc=[the current capture mode does not support this operation], InnerCode=0x703001c
[ERROR] RUNTIME(712583,):2026-01-15-10:29:05.548.976 [error_message_manage.cc:53]712583 FuncErrorReason:report error module_type=3, module_name=EE8888
[ERROR] RUNTIME(712583,):2026-01-15-10:29:05.548.979 [error_message_manage.cc:53]712583 FuncErrorReason:rtMemcpy execute failed, reason=[the current capture mode does not support this operation]
[ERROR] ASCENDCL(712583,):2026-01-15-10:29:05.549.233 [memory.cpp:437]712583 aclrtMemcpyImpl: synchronized memcpy failed, kind = 1, runtime result = 107030
[ERROR] RUNTIME(712583,):2026-01-15-10:29:05.610.731 [api_error.cc:1519]712583 MemCopySync:Memory copy sync failed, cnt=416, kind=1.
[ERROR] RUNTIME(712583,):2026-01-15-10:29:05.610.739 [api_c.cc:1197]712583 rtMemcpy:ErrCode=107030, desc=[the current capture mode does not support this operation], InnerCode=0x703001c
[ERROR] RUNTIME(712583,):2026-01-15-10:29:05.610.741 [error_message_manage.cc:53]712583 FuncErrorReason:report error module_type=3, module_name=EE8888
[ERROR] RUNTIME(712583,):2026-01-15-10:29:05.610.744 [error_message_manage.cc:53]712583 FuncErrorReason:rtMemcpy execute failed, reason=[the current capture mode does not support this operation]
[ERROR] ASCENDCL(712583,):2026-01-15-10:29:05.611.003 [memory.cpp:437]712583 aclrtMemcpyImpl: synchronized memcpy failed, kind = 1, runtime result = 107030
[ERROR] RUNTIME(712583,):2026-01-15-10:29:05.673.912 [api_error.cc:1519]712583 MemCopySync:Memory copy sync failed, cnt=72, kind=1.
[ERROR] RUNTIME(712583,):2026-01-15-10:29:05.673.919 [api_c.cc:1197]712583 rtMemcpy:ErrCode=107030, desc=[the current capture mode does not support this operation], InnerCode=0x703001c
[ERROR] RUNTIME(712583,):2026-01-15-10:29:05.673.922 [error_message_manage.cc:53]712583 FuncErrorReason:report error module_type=3, module_name=EE8888
[ERROR] RUNTIME(712583,):2026-01-15-10:29:05.673.925 [error_message_manage.cc:53]712583 FuncErrorReason:rtMemcpy execute failed, reason=[the current capture mode does not support this operation]
[ERROR] ASCENDCL(712583,):2026-01-15-10:29:05.674.151 [memory.cpp:437]712583 aclrtMemcpyImpl: synchronized memcpy failed, kind = 1, runtime result = 107030
[ERROR] RUNTIME(712583,):2026-01-15-10:29:05.743.172 [api_error.cc:1519]712583 MemCopySync:Memory copy sync failed, cnt=416, kind=1.
[ERROR] RUNTIME(712583,):2026-01-15-10:29:05.743.180 [api_c.cc:1197]712583 rtMemcpy:ErrCode=107030, desc=[the current capture mode does not support this operation], InnerCode=0x703001c
[ERROR] RUNTIME(712583,):2026-01-15-10:29:05.743.183 [error_message_manage.cc:53]712583 FuncErrorReason:report error module_type=3, module_name=EE8888
[ERROR] RUNTIME(712583,):2026-01-15-10:29:05.743.185 [error_message_manage.cc:53]712583 FuncErrorReason:rtMemcpy execute failed, reason=[the current capture mode does not support this operation]
[ERROR] ASCENDCL(712583,):2026-01-15-10:29:05.743.488 [memory.cpp:437]712583 aclrtMemcpyImpl: synchronized memcpy failed, kind = 1, runtime result = 107030
[ERROR] RUNTIME(712583,):2026-01-15-10:29:05.813.516 [api_error.cc:1519]712583 MemCopySync:Memory copy sync failed, cnt=72, kind=1.
[ERROR] RUNTIME(712583,):2026-01-15-10:29:05.813.524 [api_c.cc:1197]712583 rtMemcpy:ErrCode=107030, desc=[the current capture mode does not support this operation], InnerCode=0x703001c
[ERROR] RUNTIME(712583,):2026-01-15-10:29:05.813.526 [error_message_manage.cc:53]712583 FuncErrorReason:report error module_type=3, module_name=EE8888
[ERROR] RUNTIME(712583,):2026-01-15-10:29:05.813.529 [error_message_manage.cc:53]712583 FuncErrorReason:rtMemcpy execute failed, reason=[the current capture mode does not support this operation]
[ERROR] ASCENDCL(712583,):2026-01-15-10:29:05.813.754 [memory.cpp:437]712583 aclrtMemcpyImpl: synchronized memcpy failed, kind = 1, runtime result = 107030
[ERROR] RUNTIME(712583,):2026-01-15-10:29:05.890.383 [api_error.cc:1519]712583 MemCopySync:Memory copy sync failed, cnt=416, kind=1.
[ERROR] RUNTIME(712583,):2026-01-15-10:29:05.890.391 [api_c.cc:1197]712583 rtMemcpy:ErrCode=107030, desc=[the current capture mode does not support this operation], InnerCode=0x703001c
[ERROR] RUNTIME(712583,):2026-01-15-10:29:05.890.394 [error_message_manage.cc:53]712583 FuncErrorReason:report error module_type=3, module_name=EE8888
[ERROR] RUNTIME(712583,):2026-01-15-10:29:05.890.397 [error_message_manage.cc:53]712583 FuncErrorReason:rtMemcpy execute failed, reason=[the current capture mode does not support this operation]
[ERROR] ASCENDCL(712583,):2026-01-15-10:29:05.890.671 [memory.cpp:437]712583 aclrtMemcpyImpl: synchronized memcpy failed, kind = 1, runtime result = 107030
[ERROR] RUNTIME(712583,):2026-01-15-10:29:05.959.970 [api_error.cc:1519]712583 MemCopySync:Memory copy sync failed, cnt=72, kind=1.
[ERROR] RUNTIME(712583,):2026-01-15-10:29:05.959.978 [api_c.cc:1197]712583 rtMemcpy:ErrCode=107030, desc=[the current capture mode does not support this operation], InnerCode=0x703001c
[ERROR] RUNTIME(712583,):2026-01-15-10:29:05.959.980 [error_message_manage.cc:53]712583 FuncErrorReason:report error module_type=3, module_name=EE8888
[ERROR] RUNTIME(712583,):2026-01-15-10:29:05.959.983 [error_message_manage.cc:53]712583 FuncErrorReason:rtMemcpy execute failed, reason=[the current capture mode does not support this operation]
[ERROR] ASCENDCL(712583,):2026-01-15-10:29:05.960.254 [memory.cpp:437]712583 aclrtMemcpyImpl: synchronized memcpy failed, kind = 1, runtime result = 107030
[ERROR] RUNTIME(712583,):2026-01-15-10:29:06.032.517 [api_error.cc:1519]712583 MemCopySync:Memory copy sync failed, cnt=416, kind=1.
[ERROR] RUNTIME(712583,):2026-01-15-10:29:06.032.525 [api_c.cc:1197]712583 rtMemcpy:ErrCode=107030, desc=[the current capture mode does not support this operation], InnerCode=0x703001c
[ERROR] RUNTIME(712583,):2026-01-15-10:29:06.032.528 [error_message_manage.cc:53]712583 FuncErrorReason:report error module_type=3, module_name=EE8888
[ERROR] RUNTIME(712583,):2026-01-15-10:29:06.032.531 [error_message_manage.cc:53]712583 FuncErrorReason:rtMemcpy execute failed, reason=[the current capture mode does not support this operation]
[ERROR] ASCENDCL(712583,):2026-01-15-10:29:06.032.787 [memory.cpp:437]712583 aclrtMemcpyImpl: synchronized memcpy failed, kind = 1, runtime result = 107030
[ERROR] RUNTIME(712583,):2026-01-15-10:29:06.096.655 [api_error.cc:1519]712583 MemCopySync:Memory copy sync failed, cnt=72, kind=1.
[ERROR] RUNTIME(712583,):2026-01-15-10:29:06.096.663 [api_c.cc:1197]712583 rtMemcpy:ErrCode=107030, desc=[the current capture mode does not support this operation], InnerCode=0x703001c
[ERROR] RUNTIME(712583,):2026-01-15-10:29:06.096.666 [error_message_manage.cc:53]712583 FuncErrorReason:report error module_type=3, module_name=EE8888
[ERROR] RUNTIME(712583,):2026-01-15-10:29:06.096.668 [error_message_manage.cc:53]712583 FuncErrorReason:rtMemcpy execute failed, reason=[the current capture mode does not support this operation]
[ERROR] ASCENDCL(712583,):2026-01-15-10:29:06.096.918 [memory.cpp:437]712583 aclrtMemcpyImpl: synchronized memcpy failed, kind = 1, runtime result = 107030
[ERROR] RUNTIME(712583,):2026-01-15-10:29:06.164.165 [api_error.cc:1519]712583 MemCopySync:Memory copy sync failed, cnt=416, kind=1.
[ERROR] RUNTIME(712583,):2026-01-15-10:29:06.164.174 [api_c.cc:1197]712583 rtMemcpy:ErrCode=107030, desc=[the current capture mode does not support this operation], InnerCode=0x703001c
[ERROR] RUNTIME(712583,):2026-01-15-10:29:06.164.177 [error_message_manage.cc:53]712583 FuncErrorReason:report error module_type=3, module_name=EE8888
[ERROR] RUNTIME(712583,):2026-01-15-10:29:06.164.180 [error_message_manage.cc:53]712583 FuncErrorReason:rtMemcpy execute failed, reason=[the current capture mode does not support this operation]
[ERROR] ASCENDCL(712583,):2026-01-15-10:29:06.164.455 [memory.cpp:437]712583 aclrtMemcpyImpl: synchronized memcpy failed, kind = 1, runtime result = 107030
[ERROR] RUNTIME(712583,):2026-01-15-10:29:06.231.867 [api_error.cc:1519]712583 MemCopySync:Memory copy sync failed, cnt=72, kind=1.
[ERROR] RUNTIME(712583,):2026-01-15-10:29:06.231.875 [api_c.cc:1197]712583 rtMemcpy:ErrCode=107030, desc=[the current capture mode does not support this operation], InnerCode=0x703001c
[ERROR] RUNTIME(712583,):2026-01-15-10:29:06.231.878 [error_message_manage.cc:53]712583 FuncErrorReason:report error module_type=3, module_name=EE8888
[ERROR] RUNTIME(712583,):2026-01-15-10:29:06.231.881 [error_message_manage.cc:53]712583 FuncErrorReason:rtMemcpy execute failed, reason=[the current capture mode does not support this operation]
[ERROR] ASCENDCL(712583,):2026-01-15-10:29:06.232.122 [memory.cpp:437]712583 aclrtMemcpyImpl: synchronized memcpy failed, kind = 1, runtime result = 107030
[ERROR] RUNTIME(712583,):2026-01-15-10:29:06.301.292 [api_error.cc:1519]712583 MemCopySync:Memory copy sync failed, cnt=416, kind=1.
[ERROR] RUNTIME(712583,):2026-01-15-10:29:06.301.300 [api_c.cc:1197]712583 rtMemcpy:ErrCode=107030, desc=[the current capture mode does not support this operation], InnerCode=0x703001c
[ERROR] RUNTIME(712583,):2026-01-15-10:29:06.301.303 [error_message_manage.cc:53]712583 FuncErrorReason:report error module_type=3, module_name=EE8888
[ERROR] RUNTIME(712583,):2026-01-15-10:29:06.301.306 [error_message_manage.cc:53]712583 FuncErrorReason:rtMemcpy execute failed, reason=[the current capture mode does not support this operation]
[ERROR] ASCENDCL(712583,):2026-01-15-10:29:06.301.540 [memory.cpp:437]712583 aclrtMemcpyImpl: synchronized memcpy failed, kind = 1, runtime result = 107030
[ERROR] RUNTIME(712583,):2026-01-15-10:29:06.365.565 [api_error.cc:1519]712583 MemCopySync:Memory copy sync failed, cnt=72, kind=1.
[ERROR] RUNTIME(712583,):2026-01-15-10:29:06.365.573 [api_c.cc:1197]712583 rtMemcpy:ErrCode=107030, desc=[the current capture mode does not support this operation], InnerCode=0x703001c
[ERROR] RUNTIME(712583,):2026-01-15-10:29:06.365.575 [error_message_manage.cc:53]712583 FuncErrorReason:report error module_type=3, module_name=EE8888
[ERROR] RUNTIME(712583,):2026-01-15-10:29:06.365.578 [error_message_manage.cc:53]712583 FuncErrorReason:rtMemcpy execute failed, reason=[the current capture mode does not support this operation]
[ERROR] ASCENDCL(712583,):2026-01-15-10:29:06.365.892 [memory.cpp:437]712583 aclrtMemcpyImpl: synchronized memcpy failed, kind = 1, runtime result = 107030
[ERROR] RUNTIME(712583,):2026-01-15-10:29:06.429.705 [api_error.cc:1519]712583 MemCopySync:Memory copy sync failed, cnt=416, kind=1.
[ERROR] RUNTIME(712583,):2026-01-15-10:29:06.429.714 [api_c.cc:1197]712583 rtMemcpy:ErrCode=107030, desc=[the current capture mode does not support this operation], InnerCode=0x703001c
[ERROR] RUNTIME(712583,):2026-01-15-10:29:06.429.717 [error_message_manage.cc:53]712583 FuncErrorReason:report error module_type=3, module_name=EE8888
[ERROR] RUNTIME(712583,):2026-01-15-10:29:06.429.719 [error_message_manage.cc:53]712583 FuncErrorReason:rtMemcpy execute failed, reason=[the current capture mode does not support this operation]
[ERROR] ASCENDCL(712583,):2026-01-15-10:29:06.429.954 [memory.cpp:437]712583 aclrtMemcpyImpl: synchronized memcpy failed, kind = 1, runtime result = 107030
[ERROR] RUNTIME(712583,):2026-01-15-10:29:06.501.586 [api_error.cc:1519]712583 MemCopySync:Memory copy sync failed, cnt=72, kind=1.
[ERROR] RUNTIME(712583,):2026-01-15-10:29:06.501.594 [api_c.cc:1197]712583 rtMemcpy:ErrCode=107030, desc=[the current capture mode does not support this operation], InnerCode=0x703001c
[ERROR] RUNTIME(712583,):2026-01-15-10:29:06.501.597 [error_message_manage.cc:53]712583 FuncErrorReason:report error module_type=3, module_name=EE8888
[ERROR] RUNTIME(712583,):2026-01-15-10:29:06.501.600 [error_message_manage.cc:53]712583 FuncErrorReason:rtMemcpy execute failed, reason=[the current capture mode does not support this operation]
[ERROR] ASCENDCL(712583,):2026-01-15-10:29:06.501.820 [memory.cpp:437]712583 aclrtMemcpyImpl: synchronized memcpy failed, kind = 1, runtime result = 107030
[ERROR] RUNTIME(712583,):2026-01-15-10:29:06.580.674 [api_error.cc:1519]712583 MemCopySync:Memory copy sync failed, cnt=416, kind=1.
[ERROR] RUNTIME(712583,):2026-01-15-10:29:06.580.684 [api_c.cc:1197]712583 rtMemcpy:ErrCode=107030, desc=[the current capture mode does not support this operation], InnerCode=0x703001c
[ERROR] RUNTIME(712583,):2026-01-15-10:29:06.580.687 [error_message_manage.cc:53]712583 FuncErrorReason:report error module_type=3, module_name=EE8888
[ERROR] RUNTIME(712583,):2026-01-15-10:29:06.580.690 [error_message_manage.cc:53]712583 FuncErrorReason:rtMemcpy execute failed, reason=[the current capture mode does not support this operation]
[ERROR] ASCENDCL(712583,):2026-01-15-10:29:06.581.018 [memory.cpp:437]712583 aclrtMemcpyImpl: synchronized memcpy failed, kind = 1, runtime result = 107030
[ERROR] RUNTIME(712583,):2026-01-15-10:29:06.655.469 [api_error.cc:1519]712583 MemCopySync:Memory copy sync failed, cnt=72, kind=1.
[ERROR] RUNTIME(712583,):2026-01-15-10:29:06.655.477 [api_c.cc:1197]712583 rtMemcpy:ErrCode=107030, desc=[the current capture mode does not support this operation], InnerCode=0x703001c
[ERROR] RUNTIME(712583,):2026-01-15-10:29:06.655.480 [error_message_manage.cc:53]712583 FuncErrorReason:report error module_type=3, module_name=EE8888
[ERROR] RUNTIME(712583,):2026-01-15-10:29:06.655.483 [error_message_manage.cc:53]712583 FuncErrorReason:rtMemcpy execute failed, reason=[the current capture mode does not support this operation]
[ERROR] ASCENDCL(712583,):2026-01-15-10:29:06.655.690 [memory.cpp:437]712583 aclrtMemcpyImpl: synchronized memcpy failed, kind = 1, runtime result = 107030
[ERROR] RUNTIME(712583,):2026-01-15-10:29:06.734.870 [api_error.cc:1519]712583 MemCopySync:Memory copy sync failed, cnt=416, kind=1.
[ERROR] RUNTIME(712583,):2026-01-15-10:29:06.734.879 [api_c.cc:1197]712583 rtMemcpy:ErrCode=107030, desc=[the current capture mode does not support this operation], InnerCode=0x703001c
[ERROR] RUNTIME(712583,):2026-01-15-10:29:06.734.882 [error_message_manage.cc:53]712583 FuncErrorReason:report error module_type=3, module_name=EE8888
[ERROR] RUNTIME(712583,):2026-01-15-10:29:06.734.885 [error_message_manage.cc:53]712583 FuncErrorReason:rtMemcpy execute failed, reason=[the current capture mode does not support this operation]
[ERROR] ASCENDCL(712583,):2026-01-15-10:29:06.735.099 [memory.cpp:437]712583 aclrtMemcpyImpl: synchronized memcpy failed, kind = 1, runtime result = 107030
[ERROR] RUNTIME(712583,):2026-01-15-10:29:06.803.253 [api_error.cc:1519]712583 MemCopySync:Memory copy sync failed, cnt=72, kind=1.
[ERROR] RUNTIME(712583,):2026-01-15-10:29:06.803.261 [api_c.cc:1197]712583 rtMemcpy:ErrCode=107030, desc=[the current capture mode does not support this operation], InnerCode=0x703001c
[ERROR] RUNTIME(712583,):2026-01-15-10:29:06.803.264 [error_message_manage.cc:53]712583 FuncErrorReason:report error module_type=3, module_name=EE8888
[ERROR] RUNTIME(712583,):2026-01-15-10:29:06.803.266 [error_message_manage.cc:53]712583 FuncErrorReason:rtMemcpy execute failed, reason=[the current capture mode does not support this operation]
[ERROR] ASCENDCL(712583,):2026-01-15-10:29:06.803.495 [memory.cpp:437]712583 aclrtMemcpyImpl: synchronized memcpy failed, kind = 1, runtime result = 107030
[ERROR] RUNTIME(712583,):2026-01-15-10:29:06.864.648 [api_error.cc:1519]712583 MemCopySync:Memory copy sync failed, cnt=416, kind=1.
[ERROR] RUNTIME(712583,):2026-01-15-10:29:06.864.656 [api_c.cc:1197]712583 rtMemcpy:ErrCode=107030, desc=[the current capture mode does not support this operation], InnerCode=0x703001c
[ERROR] RUNTIME(712583,):2026-01-15-10:29:06.864.658 [error_message_manage.cc:53]712583 FuncErrorReason:report error module_type=3, module_name=EE8888
[ERROR] RUNTIME(712583,):2026-01-15-10:29:06.864.661 [error_message_manage.cc:53]712583 FuncErrorReason:rtMemcpy execute failed, reason=[the current capture mode does not support this operation]
[ERROR] ASCENDCL(712583,):2026-01-15-10:29:06.864.893 [memory.cpp:437]712583 aclrtMemcpyImpl: synchronized memcpy failed, kind = 1, runtime result = 107030
[ERROR] RUNTIME(712583,):2026-01-15-10:29:06.926.315 [api_error.cc:1519]712583 MemCopySync:Memory copy sync failed, cnt=72, kind=1.
[ERROR] RUNTIME(712583,):2026-01-15-10:29:06.926.323 [api_c.cc:1197]712583 rtMemcpy:ErrCode=107030, desc=[the current capture mode does not support this operation], InnerCode=0x703001c
[ERROR] RUNTIME(712583,):2026-01-15-10:29:06.926.325 [error_message_manage.cc:53]712583 FuncErrorReason:report error module_type=3, module_name=EE8888
[ERROR] RUNTIME(712583,):2026-01-15-10:29:06.926.328 [error_message_manage.cc:53]712583 FuncErrorReason:rtMemcpy execute failed, reason=[the current capture mode does not support this operation]
[ERROR] ASCENDCL(712583,):2026-01-15-10:29:06.926.546 [memory.cpp:437]712583 aclrtMemcpyImpl: synchronized memcpy failed, kind = 1, runtime result = 107030
[ERROR] RUNTIME(712583,):2026-01-15-10:29:06.998.392 [api_error.cc:1519]712583 MemCopySync:Memory copy sync failed, cnt=416, kind=1.
[ERROR] RUNTIME(712583,):2026-01-15-10:29:06.998.401 [api_c.cc:1197]712583 rtMemcpy:ErrCode=107030, desc=[the current capture mode does not support this operation], InnerCode=0x703001c
[ERROR] RUNTIME(712583,):2026-01-15-10:29:06.998.403 [error_message_manage.cc:53]712583 FuncErrorReason:report error module_type=3, module_name=EE8888
[ERROR] RUNTIME(712583,):2026-01-15-10:29:06.998.406 [error_message_manage.cc:53]712583 FuncErrorReason:rtMemcpy execute failed, reason=[the current capture mode does not support this operation]
[ERROR] ASCENDCL(712583,):2026-01-15-10:29:06.998.673 [memory.cpp:437]712583 aclrtMemcpyImpl: synchronized memcpy failed, kind = 1, runtime result = 107030
[ERROR] RUNTIME(712583,):2026-01-15-10:29:07.065.252 [api_error.cc:1519]712583 MemCopySync:Memory copy sync failed, cnt=72, kind=1.
[ERROR] RUNTIME(712583,):2026-01-15-10:29:07.065.259 [api_c.cc:1197]712583 rtMemcpy:ErrCode=107030, desc=[the current capture mode does not support this operation], InnerCode=0x703001c
[ERROR] RUNTIME(712583,):2026-01-15-10:29:07.065.262 [error_message_manage.cc:53]712583 FuncErrorReason:report error module_type=3, module_name=EE8888
[ERROR] RUNTIME(712583,):2026-01-15-10:29:07.065.264 [error_message_manage.cc:53]712583 FuncErrorReason:rtMemcpy execute failed, reason=[the current capture mode does not support this operation]
[ERROR] ASCENDCL(712583,):2026-01-15-10:29:07.065.505 [memory.cpp:437]712583 aclrtMemcpyImpl: synchronized memcpy failed, kind = 1, runtime result = 107030
[ERROR] RUNTIME(712583,):2026-01-15-10:29:07.138.251 [api_error.cc:1519]712583 MemCopySync:Memory copy sync failed, cnt=416, kind=1.
[ERROR] RUNTIME(712583,):2026-01-15-10:29:07.138.259 [api_c.cc:1197]712583 rtMemcpy:ErrCode=107030, desc=[the current capture mode does not support this operation], InnerCode=0x703001c
[ERROR] RUNTIME(712583,):2026-01-15-10:29:07.138.262 [error_message_manage.cc:53]712583 FuncErrorReason:report error module_type=3, module_name=EE8888
[ERROR] RUNTIME(712583,):2026-01-15-10:29:07.138.265 [error_message_manage.cc:53]712583 FuncErrorReason:rtMemcpy execute failed, reason=[the current capture mode does not support this operation]
[ERROR] ASCENDCL(712583,):2026-01-15-10:29:07.138.461 [memory.cpp:437]712583 aclrtMemcpyImpl: synchronized memcpy failed, kind = 1, runtime result = 107030
[ERROR] RUNTIME(712583,):2026-01-15-10:29:07.211.319 [api_error.cc:1519]712583 MemCopySync:Memory copy sync failed, cnt=72, kind=1.
[ERROR] RUNTIME(712583,):2026-01-15-10:29:07.211.327 [api_c.cc:1197]712583 rtMemcpy:ErrCode=107030, desc=[the current capture mode does not support this operation], InnerCode=0x703001c
[ERROR] RUNTIME(712583,):2026-01-15-10:29:07.211.330 [error_message_manage.cc:53]712583 FuncErrorReason:report error module_type=3, module_name=EE8888
[ERROR] RUNTIME(712583,):2026-01-15-10:29:07.211.332 [error_message_manage.cc:53]712583 FuncErrorReason:rtMemcpy execute failed, reason=[the current capture mode does not support this operation]
[ERROR] ASCENDCL(712583,):2026-01-15-10:29:07.211.585 [memory.cpp:437]712583 aclrtMemcpyImpl: synchronized memcpy failed, kind = 1, runtime result = 107030
[ERROR] RUNTIME(712583,):2026-01-15-10:29:07.288.181 [api_error.cc:1519]712583 MemCopySync:Memory copy sync failed, cnt=416, kind=1.
[ERROR] RUNTIME(712583,):2026-01-15-10:29:07.288.189 [api_c.cc:1197]712583 rtMemcpy:ErrCode=107030, desc=[the current capture mode does not support this operation], InnerCode=0x703001c
[ERROR] RUNTIME(712583,):2026-01-15-10:29:07.288.192 [error_message_manage.cc:53]712583 FuncErrorReason:report error module_type=3, module_name=EE8888
[ERROR] RUNTIME(712583,):2026-01-15-10:29:07.288.194 [error_message_manage.cc:53]712583 FuncErrorReason:rtMemcpy execute failed, reason=[the current capture mode does not support this operation]
[ERROR] ASCENDCL(712583,):2026-01-15-10:29:07.288.457 [memory.cpp:437]712583 aclrtMemcpyImpl: synchronized memcpy failed, kind = 1, runtime result = 107030
[ERROR] RUNTIME(712583,):2026-01-15-10:29:07.364.215 [api_error.cc:1519]712583 MemCopySync:Memory copy sync failed, cnt=72, kind=1.
[ERROR] RUNTIME(712583,):2026-01-15-10:29:07.364.223 [api_c.cc:1197]712583 rtMemcpy:ErrCode=107030, desc=[the current capture mode does not support this operation], InnerCode=0x703001c
[ERROR] RUNTIME(712583,):2026-01-15-10:29:07.364.226 [error_message_manage.cc:53]712583 FuncErrorReason:report error module_type=3, module_name=EE8888
[ERROR] RUNTIME(712583,):2026-01-15-10:29:07.364.228 [error_message_manage.cc:53]712583 FuncErrorReason:rtMemcpy execute failed, reason=[the current capture mode does not support this operation]
[ERROR] ASCENDCL(712583,):2026-01-15-10:29:07.364.528 [memory.cpp:437]712583 aclrtMemcpyImpl: synchronized memcpy failed, kind = 1, runtime result = 107030
[ERROR] RUNTIME(712583,):2026-01-15-10:29:07.442.955 [api_error.cc:1519]712583 MemCopySync:Memory copy sync failed, cnt=416, kind=1.
[ERROR] RUNTIME(712583,):2026-01-15-10:29:07.442.964 [api_c.cc:1197]712583 rtMemcpy:ErrCode=107030, desc=[the current capture mode does not support this operation], InnerCode=0x703001c
[ERROR] RUNTIME(712583,):2026-01-15-10:29:07.442.966 [error_message_manage.cc:53]712583 FuncErrorReason:report error module_type=3, module_name=EE8888
[ERROR] RUNTIME(712583,):2026-01-15-10:29:07.442.969 [error_message_manage.cc:53]712583 FuncErrorReason:rtMemcpy execute failed, reason=[the current capture mode does not support this operation]
[ERROR] ASCENDCL(712583,):2026-01-15-10:29:07.443.206 [memory.cpp:437]712583 aclrtMemcpyImpl: synchronized memcpy failed, kind = 1, runtime result = 107030
[ERROR] RUNTIME(712583,):2026-01-15-10:29:07.520.512 [api_error.cc:1519]712583 MemCopySync:Memory copy sync failed, cnt=72, kind=1.
[ERROR] RUNTIME(712583,):2026-01-15-10:29:07.520.520 [api_c.cc:1197]712583 rtMemcpy:ErrCode=107030, desc=[the current capture mode does not support this operation], InnerCode=0x703001c
[ERROR] RUNTIME(712583,):2026-01-15-10:29:07.520.522 [error_message_manage.cc:53]712583 FuncErrorReason:report error module_type=3, module_name=EE8888
[ERROR] RUNTIME(712583,):2026-01-15-10:29:07.520.525 [error_message_manage.cc:53]712583 FuncErrorReason:rtMemcpy execute failed, reason=[the current capture mode does not support this operation]
[ERROR] ASCENDCL(712583,):2026-01-15-10:29:07.520.741 [memory.cpp:437]712583 aclrtMemcpyImpl: synchronized memcpy failed, kind = 1, runtime result = 107030
[ERROR] RUNTIME(712583,):2026-01-15-10:29:07.601.451 [api_error.cc:1519]712583 MemCopySync:Memory copy sync failed, cnt=416, kind=1.
[ERROR] RUNTIME(712583,):2026-01-15-10:29:07.601.460 [api_c.cc:1197]712583 rtMemcpy:ErrCode=107030, desc=[the current capture mode does not support this operation], InnerCode=0x703001c
[ERROR] RUNTIME(712583,):2026-01-15-10:29:07.601.462 [error_message_manage.cc:53]712583 FuncErrorReason:report error module_type=3, module_name=EE8888
[ERROR] RUNTIME(712583,):2026-01-15-10:29:07.601.465 [error_message_manage.cc:53]712583 FuncErrorReason:rtMemcpy execute failed, reason=[the current capture mode does not support this operation]
[ERROR] ASCENDCL(712583,):2026-01-15-10:29:07.601.749 [memory.cpp:437]712583 aclrtMemcpyImpl: synchronized memcpy failed, kind = 1, runtime result = 107030
[ERROR] RUNTIME(712583,):2026-01-15-10:29:07.672.908 [api_error.cc:1519]712583 MemCopySync:Memory copy sync failed, cnt=72, kind=1.
[ERROR] RUNTIME(712583,):2026-01-15-10:29:07.672.916 [api_c.cc:1197]712583 rtMemcpy:ErrCode=107030, desc=[the current capture mode does not support this operation], InnerCode=0x703001c
[ERROR] RUNTIME(712583,):2026-01-15-10:29:07.672.919 [error_message_manage.cc:53]712583 FuncErrorReason:report error module_type=3, module_name=EE8888
[ERROR] RUNTIME(712583,):2026-01-15-10:29:07.672.921 [error_message_manage.cc:53]712583 FuncErrorReason:rtMemcpy execute failed, reason=[the current capture mode does not support this operation]
[ERROR] ASCENDCL(712583,):2026-01-15-10:29:07.673.170 [memory.cpp:437]712583 aclrtMemcpyImpl: synchronized memcpy failed, kind = 1, runtime result = 107030
[ERROR] RUNTIME(712583,):2026-01-15-10:29:07.749.125 [api_error.cc:1519]712583 MemCopySync:Memory copy sync failed, cnt=416, kind=1.
[ERROR] RUNTIME(712583,):2026-01-15-10:29:07.749.134 [api_c.cc:1197]712583 rtMemcpy:ErrCode=107030, desc=[the current capture mode does not support this operation], InnerCode=0x703001c
[ERROR] RUNTIME(712583,):2026-01-15-10:29:07.749.136 [error_message_manage.cc:53]712583 FuncErrorReason:report error module_type=3, module_name=EE8888
[ERROR] RUNTIME(712583,):2026-01-15-10:29:07.749.139 [error_message_manage.cc:53]712583 FuncErrorReason:rtMemcpy execute failed, reason=[the current capture mode does not support this operation]
[ERROR] ASCENDCL(712583,):2026-01-15-10:29:07.749.402 [memory.cpp:437]712583 aclrtMemcpyImpl: synchronized memcpy failed, kind = 1, runtime result = 107030
[ERROR] RUNTIME(712583,):2026-01-15-10:29:07.808.792 [api_error.cc:1519]712583 MemCopySync:Memory copy sync failed, cnt=72, kind=1.
[ERROR] RUNTIME(712583,):2026-01-15-10:29:07.808.799 [api_c.cc:1197]712583 rtMemcpy:ErrCode=107030, desc=[the current capture mode does not support this operation], InnerCode=0x703001c
[ERROR] RUNTIME(712583,):2026-01-15-10:29:07.808.802 [error_message_manage.cc:53]712583 FuncErrorReason:report error module_type=3, module_name=EE8888
[ERROR] RUNTIME(712583,):2026-01-15-10:29:07.808.805 [error_message_manage.cc:53]712583 FuncErrorReason:rtMemcpy execute failed, reason=[the current capture mode does not support this operation]
[ERROR] ASCENDCL(712583,):2026-01-15-10:29:07.809.022 [memory.cpp:437]712583 aclrtMemcpyImpl: synchronized memcpy failed, kind = 1, runtime result = 107030
[ERROR] RUNTIME(712583,):2026-01-15-10:29:07.853.721 [api_error.cc:1519]712583 MemCopySync:Memory copy sync failed, cnt=416, kind=1.
[ERROR] RUNTIME(712583,):2026-01-15-10:29:07.853.729 [api_c.cc:1197]712583 rtMemcpy:ErrCode=107030, desc=[the current capture mode does not support this operation], InnerCode=0x703001c
[ERROR] RUNTIME(712583,):2026-01-15-10:29:07.853.732 [error_message_manage.cc:53]712583 FuncErrorReason:report error module_type=3, module_name=EE8888
[ERROR] RUNTIME(712583,):2026-01-15-10:29:07.853.735 [error_message_manage.cc:53]712583 FuncErrorReason:rtMemcpy execute failed, reason=[the current capture mode does not support this operation]
[ERROR] ASCENDCL(712583,):2026-01-15-10:29:07.853.938 [memory.cpp:437]712583 aclrtMemcpyImpl: synchronized memcpy failed, kind = 1, runtime result = 107030
[ERROR] RUNTIME(712583,):2026-01-15-10:29:07.918.807 [api_error.cc:1519]712583 MemCopySync:Memory copy sync failed, cnt=72, kind=1.
[ERROR] RUNTIME(712583,):2026-01-15-10:29:07.918.815 [api_c.cc:1197]712583 rtMemcpy:ErrCode=107030, desc=[the current capture mode does not support this operation], InnerCode=0x703001c
[ERROR] RUNTIME(712583,):2026-01-15-10:29:07.918.817 [error_message_manage.cc:53]712583 FuncErrorReason:report error module_type=3, module_name=EE8888
[ERROR] RUNTIME(712583,):2026-01-15-10:29:07.918.820 [error_message_manage.cc:53]712583 FuncErrorReason:rtMemcpy execute failed, reason=[the current capture mode does not support this operation]
[ERROR] ASCENDCL(712583,):2026-01-15-10:29:07.919.064 [memory.cpp:437]712583 aclrtMemcpyImpl: synchronized memcpy failed, kind = 1, runtime result = 107030
[ERROR] RUNTIME(712583,):2026-01-15-10:29:07.990.799 [api_error.cc:1519]712583 MemCopySync:Memory copy sync failed, cnt=416, kind=1.
[ERROR] RUNTIME(712583,):2026-01-15-10:29:07.990.807 [api_c.cc:1197]712583 rtMemcpy:ErrCode=107030, desc=[the current capture mode does not support this operation], InnerCode=0x703001c
[ERROR] RUNTIME(712583,):2026-01-15-10:29:07.990.810 [error_message_manage.cc:53]712583 FuncErrorReason:report error module_type=3, module_name=EE8888
[ERROR] RUNTIME(712583,):2026-01-15-10:29:07.990.813 [error_message_manage.cc:53]712583 FuncErrorReason:rtMemcpy execute failed, reason=[the current capture mode does not support this operation]
[ERROR] ASCENDCL(712583,):2026-01-15-10:29:07.991.087 [memory.cpp:437]712583 aclrtMemcpyImpl: synchronized memcpy failed, kind = 1, runtime result = 107030
[ERROR] RUNTIME(712583,):2026-01-15-10:29:08.061.971 [api_error.cc:1519]712583 MemCopySync:Memory copy sync failed, cnt=72, kind=1.
[ERROR] RUNTIME(712583,):2026-01-15-10:29:08.061.978 [api_c.cc:1197]712583 rtMemcpy:ErrCode=107030, desc=[the current capture mode does not support this operation], InnerCode=0x703001c
[ERROR] RUNTIME(712583,):2026-01-15-10:29:08.061.980 [error_message_manage.cc:53]712583 FuncErrorReason:report error module_type=3, module_name=EE8888
[ERROR] RUNTIME(712583,):2026-01-15-10:29:08.061.983 [error_message_manage.cc:53]712583 FuncErrorReason:rtMemcpy execute failed, reason=[the current capture mode does not support this operation]
[ERROR] ASCENDCL(712583,):2026-01-15-10:29:08.062.187 [memory.cpp:437]712583 aclrtMemcpyImpl: synchronized memcpy failed, kind = 1, runtime result = 107030
[ERROR] RUNTIME(712583,):2026-01-15-10:29:08.143.463 [api_error.cc:1519]712583 MemCopySync:Memory copy sync failed, cnt=416, kind=1.
[ERROR] RUNTIME(712583,):2026-01-15-10:29:08.143.472 [api_c.cc:1197]712583 rtMemcpy:ErrCode=107030, desc=[the current capture mode does not support this operation], InnerCode=0x703001c
[ERROR] RUNTIME(712583,):2026-01-15-10:29:08.143.475 [error_message_manage.cc:53]712583 FuncErrorReason:report error module_type=3, module_name=EE8888
[ERROR] RUNTIME(712583,):2026-01-15-10:29:08.143.478 [error_message_manage.cc:53]712583 FuncErrorReason:rtMemcpy execute failed, reason=[the current capture mode does not support this operation]
[ERROR] ASCENDCL(712583,):2026-01-15-10:29:08.143.676 [memory.cpp:437]712583 aclrtMemcpyImpl: synchronized memcpy failed, kind = 1, runtime result = 107030
[ERROR] RUNTIME(712583,):2026-01-15-10:29:08.221.992 [api_error.cc:1519]712583 MemCopySync:Memory copy sync failed, cnt=72, kind=1.
[ERROR] RUNTIME(712583,):2026-01-15-10:29:08.222.000 [api_c.cc:1197]712583 rtMemcpy:ErrCode=107030, desc=[the current capture mode does not support this operation], InnerCode=0x703001c
[ERROR] RUNTIME(712583,):2026-01-15-10:29:08.222.002 [error_message_manage.cc:53]712583 FuncErrorReason:report error module_type=3, module_name=EE8888
[ERROR] RUNTIME(712583,):2026-01-15-10:29:08.222.005 [error_message_manage.cc:53]712583 FuncErrorReason:rtMemcpy execute failed, reason=[the current capture mode does not support this operation]
[ERROR] ASCENDCL(712583,):2026-01-15-10:29:08.222.205 [memory.cpp:437]712583 aclrtMemcpyImpl: synchronized memcpy failed, kind = 1, runtime result = 107030
[ERROR] RUNTIME(712583,):2026-01-15-10:29:08.303.693 [api_error.cc:1519]712583 MemCopySync:Memory copy sync failed, cnt=416, kind=1.
[ERROR] RUNTIME(712583,):2026-01-15-10:29:08.303.702 [api_c.cc:1197]712583 rtMemcpy:ErrCode=107030, desc=[the current capture mode does not support this operation], InnerCode=0x703001c
[ERROR] RUNTIME(712583,):2026-01-15-10:29:08.303.704 [error_message_manage.cc:53]712583 FuncErrorReason:report error module_type=3, module_name=EE8888
[ERROR] RUNTIME(712583,):2026-01-15-10:29:08.303.707 [error_message_manage.cc:53]712583 FuncErrorReason:rtMemcpy execute failed, reason=[the current capture mode does not support this operation]
[ERROR] ASCENDCL(712583,):2026-01-15-10:29:08.303.962 [memory.cpp:437]712583 aclrtMemcpyImpl: synchronized memcpy failed, kind = 1, runtime result = 107030
[ERROR] RUNTIME(712583,):2026-01-15-10:29:08.380.382 [api_error.cc:1519]712583 MemCopySync:Memory copy sync failed, cnt=72, kind=1.
[ERROR] RUNTIME(712583,):2026-01-15-10:29:08.380.390 [api_c.cc:1197]712583 rtMemcpy:ErrCode=107030, desc=[the current capture mode does not support this operation], InnerCode=0x703001c
[ERROR] RUNTIME(712583,):2026-01-15-10:29:08.380.392 [error_message_manage.cc:53]712583 FuncErrorReason:report error module_type=3, module_name=EE8888
[ERROR] RUNTIME(712583,):2026-01-15-10:29:08.380.395 [error_message_manage.cc:53]712583 FuncErrorReason:rtMemcpy execute failed, reason=[the current capture mode does not support this operation]
[ERROR] ASCENDCL(712583,):2026-01-15-10:29:08.380.770 [memory.cpp:437]712583 aclrtMemcpyImpl: synchronized memcpy failed, kind = 1, runtime result = 107030
[ERROR] RUNTIME(712583,):2026-01-15-10:29:08.464.253 [api_error.cc:1519]712583 MemCopySync:Memory copy sync failed, cnt=416, kind=1.
[ERROR] RUNTIME(712583,):2026-01-15-10:29:08.464.262 [api_c.cc:1197]712583 rtMemcpy:ErrCode=107030, desc=[the current capture mode does not support this operation], InnerCode=0x703001c
[ERROR] RUNTIME(712583,):2026-01-15-10:29:08.464.265 [error_message_manage.cc:53]712583 FuncErrorReason:report error module_type=3, module_name=EE8888
[ERROR] RUNTIME(712583,):2026-01-15-10:29:08.464.268 [error_message_manage.cc:53]712583 FuncErrorReason:rtMemcpy execute failed, reason=[the current capture mode does not support this operation]
[ERROR] ASCENDCL(712583,):2026-01-15-10:29:08.464.494 [memory.cpp:437]712583 aclrtMemcpyImpl: synchronized memcpy failed, kind = 1, runtime result = 107030
[ERROR] RUNTIME(712583,):2026-01-15-10:29:08.537.166 [api_error.cc:1519]712583 MemCopySync:Memory copy sync failed, cnt=72, kind=1.
[ERROR] RUNTIME(712583,):2026-01-15-10:29:08.537.174 [api_c.cc:1197]712583 rtMemcpy:ErrCode=107030, desc=[the current capture mode does not support this operation], InnerCode=0x703001c
[ERROR] RUNTIME(712583,):2026-01-15-10:29:08.537.177 [error_message_manage.cc:53]712583 FuncErrorReason:report error module_type=3, module_name=EE8888
[ERROR] RUNTIME(712583,):2026-01-15-10:29:08.537.180 [error_message_manage.cc:53]712583 FuncErrorReason:rtMemcpy execute failed, reason=[the current capture mode does not support this operation]
[ERROR] ASCENDCL(712583,):2026-01-15-10:29:08.537.369 [memory.cpp:437]712583 aclrtMemcpyImpl: synchronized memcpy failed, kind = 1, runtime result = 107030
[ERROR] RUNTIME(712583,):2026-01-15-10:29:08.708.109 [api_c_stream.cc:412]712583 rtsStreamSetAttribute:report error module_name=EE1001
[ERROR] RUNTIME(712583,):2026-01-15-10:29:08.708.114 [api_c_stream.cc:412]712583 rtsStreamSetAttribute:Invalid stream attribute ID: 4, Supported stream attribute IDs: [1, 4).
[ERROR] RUNTIME(712583,):2026-01-15-10:29:08.708.145 [api_c_stream.cc:416]712583 rtsStreamSetAttribute:ErrCode=107000, desc=[invalid value], InnerCode=0x7110001
[ERROR] RUNTIME(712583,):2026-01-15-10:29:08.708.147 [error_message_manage.cc:48]712583 FuncErrorReason:report error module_name=EE1001
[ERROR] RUNTIME(712583,):2026-01-15-10:29:08.708.150 [error_message_manage.cc:48]712583 FuncErrorReason:rtsStreamSetAttribute execute failed, reason=[invalid value]
[ERROR] ASCENDCL(712583,):2026-01-15-10:29:08.708.441 [stream.cpp:299]712583 aclrtSetStreamAttributeImpl: call rtsStreamSetAttribute failed, runtime result = 107000
[ERROR] RUNTIME(712583,):2026-01-15-10:29:09.278.274 [api_c_stream.cc:412]712583 rtsStreamSetAttribute:report error module_name=EE1001
[ERROR] RUNTIME(712583,):2026-01-15-10:29:09.278.282 [api_c_stream.cc:412]712583 rtsStreamSetAttribute:Invalid stream attribute ID: 4, Supported stream attribute IDs: [1, 4).
[ERROR] RUNTIME(712583,):2026-01-15-10:29:09.278.318 [api_c_stream.cc:416]712583 rtsStreamSetAttribute:ErrCode=107000, desc=[invalid value], InnerCode=0x7110001
[ERROR] RUNTIME(712583,):2026-01-15-10:29:09.278.321 [error_message_manage.cc:48]712583 FuncErrorReason:report error module_name=EE1001
[ERROR] RUNTIME(712583,):2026-01-15-10:29:09.278.325 [error_message_manage.cc:48]712583 FuncErrorReason:rtsStreamSetAttribute execute failed, reason=[invalid value]
[ERROR] ASCENDCL(712583,):2026-01-15-10:29:09.278.524 [stream.cpp:299]712583 aclrtSetStreamAttributeImpl: call rtsStreamSetAttribute failed, runtime result = 107000
[ERROR] RUNTIME(712583,):2026-01-15-10:29:09.693.521 [api_error.cc:1519]712583 MemCopySync:Memory copy sync failed, cnt=416, kind=1.
[ERROR] RUNTIME(712583,):2026-01-15-10:29:09.693.532 [api_c.cc:1197]712583 rtMemcpy:ErrCode=107030, desc=[the current capture mode does not support this operation], InnerCode=0x703001c
[ERROR] RUNTIME(712583,):2026-01-15-10:29:09.693.535 [error_message_manage.cc:53]712583 FuncErrorReason:report error module_type=3, module_name=EE8888
[ERROR] RUNTIME(712583,):2026-01-15-10:29:09.693.538 [error_message_manage.cc:53]712583 FuncErrorReason:rtMemcpy execute failed, reason=[the current capture mode does not support this operation]
[ERROR] ASCENDCL(712583,):2026-01-15-10:29:09.693.925 [memory.cpp:437]712583 aclrtMemcpyImpl: synchronized memcpy failed, kind = 1, runtime result = 107030
[ERROR] RUNTIME(712583,):2026-01-15-10:29:09.695.025 [api_error.cc:1519]712583 MemCopySync:Memory copy sync failed, cnt=72, kind=1.
[ERROR] RUNTIME(712583,):2026-01-15-10:29:09.695.034 [api_c.cc:1197]712583 rtMemcpy:ErrCode=107030, desc=[the current capture mode does not support this operation], InnerCode=0x703001c
[ERROR] RUNTIME(712583,):2026-01-15-10:29:09.695.037 [error_message_manage.cc:53]712583 FuncErrorReason:report error module_type=3, module_name=EE8888
[ERROR] RUNTIME(712583,):2026-01-15-10:29:09.695.040 [error_message_manage.cc:53]712583 FuncErrorReason:rtMemcpy execute failed, reason=[the current capture mode does not support this operation]
[ERROR] ASCENDCL(712583,):2026-01-15-10:29:09.695.213 [memory.cpp:437]712583 aclrtMemcpyImpl: synchronized memcpy failed, kind = 1, runtime result = 107030
[ERROR] RUNTIME(712583,):2026-01-15-10:29:10.461.808 [api_error.cc:1519]712583 MemCopySync:Memory copy sync failed, cnt=416, kind=1.
[ERROR] RUNTIME(712583,):2026-01-15-10:29:10.461.819 [api_c.cc:1197]712583 rtMemcpy:ErrCode=107030, desc=[the current capture mode does not support this operation], InnerCode=0x703001c
[ERROR] RUNTIME(712583,):2026-01-15-10:29:10.461.822 [error_message_manage.cc:53]712583 FuncErrorReason:report error module_type=3, module_name=EE8888
[ERROR] RUNTIME(712583,):2026-01-15-10:29:10.461.826 [error_message_manage.cc:53]712583 FuncErrorReason:rtMemcpy execute failed, reason=[the current capture mode does not support this operation]
[ERROR] ASCENDCL(712583,):2026-01-15-10:29:10.462.169 [memory.cpp:437]712583 aclrtMemcpyImpl: synchronized memcpy failed, kind = 1, runtime result = 107030
[ERROR] RUNTIME(712583,):2026-01-15-10:29:11.208.552 [api_error.cc:1519]712583 MemCopySync:Memory copy sync failed, cnt=72, kind=1.
[ERROR] RUNTIME(712583,):2026-01-15-10:29:11.208.562 [api_c.cc:1197]712583 rtMemcpy:ErrCode=107030, desc=[the current capture mode does not support this operation], InnerCode=0x703001c
[ERROR] RUNTIME(712583,):2026-01-15-10:29:11.208.566 [error_message_manage.cc:53]712583 FuncErrorReason:report error module_type=3, module_name=EE8888
[ERROR] RUNTIME(712583,):2026-01-15-10:29:11.208.569 [error_message_manage.cc:53]712583 FuncErrorReason:rtMemcpy execute failed, reason=[the current capture mode does not support this operation]
[ERROR] ASCENDCL(712583,):2026-01-15-10:29:11.208.887 [memory.cpp:437]712583 aclrtMemcpyImpl: synchronized memcpy failed, kind = 1, runtime result = 107030
[ERROR] RUNTIME(712583,):2026-01-15-10:29:11.966.821 [api_error.cc:1519]712583 MemCopySync:Memory copy sync failed, cnt=416, kind=1.
[ERROR] RUNTIME(712583,):2026-01-15-10:29:11.966.830 [api_c.cc:1197]712583 rtMemcpy:ErrCode=107030, desc=[the current capture mode does not support this operation], InnerCode=0x703001c
[ERROR] RUNTIME(712583,):2026-01-15-10:29:11.966.832 [error_message_manage.cc:53]712583 FuncErrorReason:report error module_type=3, module_name=EE8888
[ERROR] RUNTIME(712583,):2026-01-15-10:29:11.966.836 [error_message_manage.cc:53]712583 FuncErrorReason:rtMemcpy execute failed, reason=[the current capture mode does not support this operation]
[ERROR] ASCENDCL(712583,):2026-01-15-10:29:11.967.132 [memory.cpp:437]712583 aclrtMemcpyImpl: synchronized memcpy failed, kind = 1, runtime result = 107030
[ERROR] RUNTIME(712583,):2026-01-15-10:29:12.722.849 [api_error.cc:1519]712583 MemCopySync:Memory copy sync failed, cnt=72, kind=1.
[ERROR] RUNTIME(712583,):2026-01-15-10:29:12.722.858 [api_c.cc:1197]712583 rtMemcpy:ErrCode=107030, desc=[the current capture mode does not support this operation], InnerCode=0x703001c
[ERROR] RUNTIME(712583,):2026-01-15-10:29:12.722.861 [error_message_manage.cc:53]712583 FuncErrorReason:report error module_type=3, module_name=EE8888
[ERROR] RUNTIME(712583,):2026-01-15-10:29:12.722.864 [error_message_manage.cc:53]712583 FuncErrorReason:rtMemcpy execute failed, reason=[the current capture mode does not support this operation]
[ERROR] ASCENDCL(712583,):2026-01-15-10:29:12.723.170 [memory.cpp:437]712583 aclrtMemcpyImpl: synchronized memcpy failed, kind = 1, runtime result = 107030
[ERROR] RUNTIME(712583,):2026-01-15-10:29:13.465.214 [api_error.cc:1519]712583 MemCopySync:Memory copy sync failed, cnt=416, kind=1.
[ERROR] RUNTIME(712583,):2026-01-15-10:29:13.465.223 [api_c.cc:1197]712583 rtMemcpy:ErrCode=107030, desc=[the current capture mode does not support this operation], InnerCode=0x703001c
[ERROR] RUNTIME(712583,):2026-01-15-10:29:13.465.226 [error_message_manage.cc:53]712583 FuncErrorReason:report error module_type=3, module_name=EE8888
[ERROR] RUNTIME(712583,):2026-01-15-10:29:13.465.229 [error_message_manage.cc:53]712583 FuncErrorReason:rtMemcpy execute failed, reason=[the current capture mode does not support this operation]
[ERROR] ASCENDCL(712583,):2026-01-15-10:29:13.465.533 [memory.cpp:437]712583 aclrtMemcpyImpl: synchronized memcpy failed, kind = 1, runtime result = 107030
[ERROR] RUNTIME(712583,):2026-01-15-10:29:14.232.357 [api_error.cc:1519]712583 MemCopySync:Memory copy sync failed, cnt=72, kind=1.
[ERROR] RUNTIME(712583,):2026-01-15-10:29:14.232.366 [api_c.cc:1197]712583 rtMemcpy:ErrCode=107030, desc=[the current capture mode does not support this operation], InnerCode=0x703001c
[ERROR] RUNTIME(712583,):2026-01-15-10:29:14.232.369 [error_message_manage.cc:53]712583 FuncErrorReason:report error module_type=3, module_name=EE8888
[ERROR] RUNTIME(712583,):2026-01-15-10:29:14.232.372 [error_message_manage.cc:53]712583 FuncErrorReason:rtMemcpy execute failed, reason=[the current capture mode does not support this operation]
[ERROR] ASCENDCL(712583,):2026-01-15-10:29:14.232.635 [memory.cpp:437]712583 aclrtMemcpyImpl: synchronized memcpy failed, kind = 1, runtime result = 107030
[ERROR] RUNTIME(712583,):2026-01-15-10:29:14.295.087 [api_error.cc:1519]712583 MemCopySync:Memory copy sync failed, cnt=416, kind=1.
[ERROR] RUNTIME(712583,):2026-01-15-10:29:14.295.096 [api_c.cc:1197]712583 rtMemcpy:ErrCode=107030, desc=[the current capture mode does not support this operation], InnerCode=0x703001c
[ERROR] RUNTIME(712583,):2026-01-15-10:29:14.295.098 [error_message_manage.cc:53]712583 FuncErrorReason:report error module_type=3, module_name=EE8888
[ERROR] RUNTIME(712583,):2026-01-15-10:29:14.295.101 [error_message_manage.cc:53]712583 FuncErrorReason:rtMemcpy execute failed, reason=[the current capture mode does not support this operation]
[ERROR] ASCENDCL(712583,):2026-01-15-10:29:14.295.357 [memory.cpp:437]712583 aclrtMemcpyImpl: synchronized memcpy failed, kind = 1, runtime result = 107030
[ERROR] RUNTIME(712583,):2026-01-15-10:29:14.339.890 [api_error.cc:1519]712583 MemCopySync:Memory copy sync failed, cnt=72, kind=1.
[ERROR] RUNTIME(712583,):2026-01-15-10:29:14.339.898 [api_c.cc:1197]712583 rtMemcpy:ErrCode=107030, desc=[the current capture mode does not support this operation], InnerCode=0x703001c
[ERROR] RUNTIME(712583,):2026-01-15-10:29:14.339.901 [error_message_manage.cc:53]712583 FuncErrorReason:report error module_type=3, module_name=EE8888
[ERROR] RUNTIME(712583,):2026-01-15-10:29:14.339.903 [error_message_manage.cc:53]712583 FuncErrorReason:rtMemcpy execute failed, reason=[the current capture mode does not support this operation]
[ERROR] ASCENDCL(712583,):2026-01-15-10:29:14.340.166 [memory.cpp:437]712583 aclrtMemcpyImpl: synchronized memcpy failed, kind = 1, runtime result = 107030
[ERROR] RUNTIME(712583,):2026-01-15-10:29:14.411.666 [api_error.cc:1519]712583 MemCopySync:Memory copy sync failed, cnt=416, kind=1.
[ERROR] RUNTIME(712583,):2026-01-15-10:29:14.411.675 [api_c.cc:1197]712583 rtMemcpy:ErrCode=107030, desc=[the current capture mode does not support this operation], InnerCode=0x703001c
[ERROR] RUNTIME(712583,):2026-01-15-10:29:14.411.678 [error_message_manage.cc:53]712583 FuncErrorReason:report error module_type=3, module_name=EE8888
[ERROR] RUNTIME(712583,):2026-01-15-10:29:14.411.680 [error_message_manage.cc:53]712583 FuncErrorReason:rtMemcpy execute failed, reason=[the current capture mode does not support this operation]
[ERROR] ASCENDCL(712583,):2026-01-15-10:29:14.411.965 [memory.cpp:437]712583 aclrtMemcpyImpl: synchronized memcpy failed, kind = 1, runtime result = 107030
[ERROR] RUNTIME(712583,):2026-01-15-10:29:14.490.440 [api_error.cc:1519]712583 MemCopySync:Memory copy sync failed, cnt=72, kind=1.
[ERROR] RUNTIME(712583,):2026-01-15-10:29:14.490.447 [api_c.cc:1197]712583 rtMemcpy:ErrCode=107030, desc=[the current capture mode does not support this operation], InnerCode=0x703001c
[ERROR] RUNTIME(712583,):2026-01-15-10:29:14.490.450 [error_message_manage.cc:53]712583 FuncErrorReason:report error module_type=3, module_name=EE8888
[ERROR] RUNTIME(712583,):2026-01-15-10:29:14.490.453 [error_message_manage.cc:53]712583 FuncErrorReason:rtMemcpy execute failed, reason=[the current capture mode does not support this operation]
[ERROR] ASCENDCL(712583,):2026-01-15-10:29:14.490.705 [memory.cpp:437]712583 aclrtMemcpyImpl: synchronized memcpy failed, kind = 1, runtime result = 107030
[ERROR] RUNTIME(712583,):2026-01-15-10:29:14.574.376 [api_error.cc:1519]712583 MemCopySync:Memory copy sync failed, cnt=416, kind=1.
[ERROR] RUNTIME(712583,):2026-01-15-10:29:14.574.385 [api_c.cc:1197]712583 rtMemcpy:ErrCode=107030, desc=[the current capture mode does not support this operation], InnerCode=0x703001c
[ERROR] RUNTIME(712583,):2026-01-15-10:29:14.574.387 [error_message_manage.cc:53]712583 FuncErrorReason:report error module_type=3, module_name=EE8888
[ERROR] RUNTIME(712583,):2026-01-15-10:29:14.574.390 [error_message_manage.cc:53]712583 FuncErrorReason:rtMemcpy execute failed, reason=[the current capture mode does not support this operation]
[ERROR] ASCENDCL(712583,):2026-01-15-10:29:14.574.649 [memory.cpp:437]712583 aclrtMemcpyImpl: synchronized memcpy failed, kind = 1, runtime result = 107030
[ERROR] RUNTIME(712583,):2026-01-15-10:29:14.650.974 [api_error.cc:1519]712583 MemCopySync:Memory copy sync failed, cnt=72, kind=1.
[ERROR] RUNTIME(712583,):2026-01-15-10:29:14.650.982 [api_c.cc:1197]712583 rtMemcpy:ErrCode=107030, desc=[the current capture mode does not support this operation], InnerCode=0x703001c
[ERROR] RUNTIME(712583,):2026-01-15-10:29:14.650.984 [error_message_manage.cc:53]712583 FuncErrorReason:report error module_type=3, module_name=EE8888
[ERROR] RUNTIME(712583,):2026-01-15-10:29:14.650.987 [error_message_manage.cc:53]712583 FuncErrorReason:rtMemcpy execute failed, reason=[the current capture mode does not support this operation]
[ERROR] ASCENDCL(712583,):2026-01-15-10:29:14.651.195 [memory.cpp:437]712583 aclrtMemcpyImpl: synchronized memcpy failed, kind = 1, runtime result = 107030
[ERROR] RUNTIME(712583,):2026-01-15-10:29:14.733.110 [api_error.cc:1519]712583 MemCopySync:Memory copy sync failed, cnt=416, kind=1.
[ERROR] RUNTIME(712583,):2026-01-15-10:29:14.733.120 [api_c.cc:1197]712583 rtMemcpy:ErrCode=107030, desc=[the current capture mode does not support this operation], InnerCode=0x703001c
[ERROR] RUNTIME(712583,):2026-01-15-10:29:14.733.122 [error_message_manage.cc:53]712583 FuncErrorReason:report error module_type=3, module_name=EE8888
[ERROR] RUNTIME(712583,):2026-01-15-10:29:14.733.125 [error_message_manage.cc:53]712583 FuncErrorReason:rtMemcpy execute failed, reason=[the current capture mode does not support this operation]
[ERROR] ASCENDCL(712583,):2026-01-15-10:29:14.733.389 [memory.cpp:437]712583 aclrtMemcpyImpl: synchronized memcpy failed, kind = 1, runtime result = 107030
[ERROR] RUNTIME(712583,):2026-01-15-10:29:14.781.625 [api_error.cc:1519]712583 MemCopySync:Memory copy sync failed, cnt=72, kind=1.
[ERROR] RUNTIME(712583,):2026-01-15-10:29:14.781.633 [api_c.cc:1197]712583 rtMemcpy:ErrCode=107030, desc=[the current capture mode does not support this operation], InnerCode=0x703001c
[ERROR] RUNTIME(712583,):2026-01-15-10:29:14.781.635 [error_message_manage.cc:53]712583 FuncErrorReason:report error module_type=3, module_name=EE8888
[ERROR] RUNTIME(712583,):2026-01-15-10:29:14.781.638 [error_message_manage.cc:53]712583 FuncErrorReason:rtMemcpy execute failed, reason=[the current capture mode does not support this operation]
[ERROR] ASCENDCL(712583,):2026-01-15-10:29:14.781.897 [memory.cpp:437]712583 aclrtMemcpyImpl: synchronized memcpy failed, kind = 1, runtime result = 107030
[ERROR] RUNTIME(712583,):2026-01-15-10:29:14.835.636 [api_error.cc:1519]712583 MemCopySync:Memory copy sync failed, cnt=416, kind=1.
[ERROR] RUNTIME(712583,):2026-01-15-10:29:14.835.644 [api_c.cc:1197]712583 rtMemcpy:ErrCode=107030, desc=[the current capture mode does not support this operation], InnerCode=0x703001c
[ERROR] RUNTIME(712583,):2026-01-15-10:29:14.835.647 [error_message_manage.cc:53]712583 FuncErrorReason:report error module_type=3, module_name=EE8888
[ERROR] RUNTIME(712583,):2026-01-15-10:29:14.835.650 [error_message_manage.cc:53]712583 FuncErrorReason:rtMemcpy execute failed, reason=[the current capture mode does not support this operation]
[ERROR] ASCENDCL(712583,):2026-01-15-10:29:14.835.911 [memory.cpp:437]712583 aclrtMemcpyImpl: synchronized memcpy failed, kind = 1, runtime result = 107030
[ERROR] RUNTIME(712583,):2026-01-15-10:29:14.910.310 [api_error.cc:1519]712583 MemCopySync:Memory copy sync failed, cnt=72, kind=1.
[ERROR] RUNTIME(712583,):2026-01-15-10:29:14.910.318 [api_c.cc:1197]712583 rtMemcpy:ErrCode=107030, desc=[the current capture mode does not support this operation], InnerCode=0x703001c
[ERROR] RUNTIME(712583,):2026-01-15-10:29:14.910.320 [error_message_manage.cc:53]712583 FuncErrorReason:report error module_type=3, module_name=EE8888
[ERROR] RUNTIME(712583,):2026-01-15-10:29:14.910.323 [error_message_manage.cc:53]712583 FuncErrorReason:rtMemcpy execute failed, reason=[the current capture mode does not support this operation]
[ERROR] ASCENDCL(712583,):2026-01-15-10:29:14.910.556 [memory.cpp:437]712583 aclrtMemcpyImpl: synchronized memcpy failed, kind = 1, runtime result = 107030
[ERROR] RUNTIME(712583,):2026-01-15-10:29:14.997.166 [api_error.cc:1519]712583 MemCopySync:Memory copy sync failed, cnt=416, kind=1.
[ERROR] RUNTIME(712583,):2026-01-15-10:29:14.997.175 [api_c.cc:1197]712583 rtMemcpy:ErrCode=107030, desc=[the current capture mode does not support this operation], InnerCode=0x703001c
[ERROR] RUNTIME(712583,):2026-01-15-10:29:14.997.177 [error_message_manage.cc:53]712583 FuncErrorReason:report error module_type=3, module_name=EE8888
[ERROR] RUNTIME(712583,):2026-01-15-10:29:14.997.180 [error_message_manage.cc:53]712583 FuncErrorReason:rtMemcpy execute failed, reason=[the current capture mode does not support this operation]
[ERROR] ASCENDCL(712583,):2026-01-15-10:29:14.997.514 [memory.cpp:437]712583 aclrtMemcpyImpl: synchronized memcpy failed, kind = 1, runtime result = 107030
[ERROR] RUNTIME(712583,):2026-01-15-10:29:15.084.534 [api_error.cc:1519]712583 MemCopySync:Memory copy sync failed, cnt=72, kind=1.
[ERROR] RUNTIME(712583,):2026-01-15-10:29:15.084.542 [api_c.cc:1197]712583 rtMemcpy:ErrCode=107030, desc=[the current capture mode does not support this operation], InnerCode=0x703001c
[ERROR] RUNTIME(712583,):2026-01-15-10:29:15.084.544 [error_message_manage.cc:53]712583 FuncErrorReason:report error module_type=3, module_name=EE8888
[ERROR] RUNTIME(712583,):2026-01-15-10:29:15.084.547 [error_message_manage.cc:53]712583 FuncErrorReason:rtMemcpy execute failed, reason=[the current capture mode does not support this operation]
[ERROR] ASCENDCL(712583,):2026-01-15-10:29:15.084.836 [memory.cpp:437]712583 aclrtMemcpyImpl: synchronized memcpy failed, kind = 1, runtime result = 107030
[ERROR] RUNTIME(712583,):2026-01-15-10:29:15.170.344 [api_error.cc:1519]712583 MemCopySync:Memory copy sync failed, cnt=416, kind=1.
[ERROR] RUNTIME(712583,):2026-01-15-10:29:15.170.353 [api_c.cc:1197]712583 rtMemcpy:ErrCode=107030, desc=[the current capture mode does not support this operation], InnerCode=0x703001c
[ERROR] RUNTIME(712583,):2026-01-15-10:29:15.170.356 [error_message_manage.cc:53]712583 FuncErrorReason:report error module_type=3, module_name=EE8888
[ERROR] RUNTIME(712583,):2026-01-15-10:29:15.170.359 [error_message_manage.cc:53]712583 FuncErrorReason:rtMemcpy execute failed, reason=[the current capture mode does not support this operation]
[ERROR] ASCENDCL(712583,):2026-01-15-10:29:15.170.553 [memory.cpp:437]712583 aclrtMemcpyImpl: synchronized memcpy failed, kind = 1, runtime result = 107030
[ERROR] RUNTIME(712583,):2026-01-15-10:29:15.248.854 [api_error.cc:1519]712583 MemCopySync:Memory copy sync failed, cnt=72, kind=1.
[ERROR] RUNTIME(712583,):2026-01-15-10:29:15.248.863 [api_c.cc:1197]712583 rtMemcpy:ErrCode=107030, desc=[the current capture mode does not support this operation], InnerCode=0x703001c
[ERROR] RUNTIME(712583,):2026-01-15-10:29:15.248.865 [error_message_manage.cc:53]712583 FuncErrorReason:report error module_type=3, module_name=EE8888
[ERROR] RUNTIME(712583,):2026-01-15-10:29:15.248.868 [error_message_manage.cc:53]712583 FuncErrorReason:rtMemcpy execute failed, reason=[the current capture mode does not support this operation]
[ERROR] ASCENDCL(712583,):2026-01-15-10:29:15.249.086 [memory.cpp:437]712583 aclrtMemcpyImpl: synchronized memcpy failed, kind = 1, runtime result = 107030
[ERROR] RUNTIME(712583,):2026-01-15-10:29:15.324.661 [api_error.cc:1519]712583 MemCopySync:Memory copy sync failed, cnt=416, kind=1.
[ERROR] RUNTIME(712583,):2026-01-15-10:29:15.324.670 [api_c.cc:1197]712583 rtMemcpy:ErrCode=107030, desc=[the current capture mode does not support this operation], InnerCode=0x703001c
[ERROR] RUNTIME(712583,):2026-01-15-10:29:15.324.673 [error_message_manage.cc:53]712583 FuncErrorReason:report error module_type=3, module_name=EE8888
[ERROR] RUNTIME(712583,):2026-01-15-10:29:15.324.675 [error_message_manage.cc:53]712583 FuncErrorReason:rtMemcpy execute failed, reason=[the current capture mode does not support this operation]
[ERROR] ASCENDCL(712583,):2026-01-15-10:29:15.324.870 [memory.cpp:437]712583 aclrtMemcpyImpl: synchronized memcpy failed, kind = 1, runtime result = 107030
[ERROR] RUNTIME(712583,):2026-01-15-10:29:15.374.710 [api_error.cc:1519]712583 MemCopySync:Memory copy sync failed, cnt=72, kind=1.
[ERROR] RUNTIME(712583,):2026-01-15-10:29:15.374.718 [api_c.cc:1197]712583 rtMemcpy:ErrCode=107030, desc=[the current capture mode does not support this operation], InnerCode=0x703001c
[ERROR] RUNTIME(712583,):2026-01-15-10:29:15.374.721 [error_message_manage.cc:53]712583 FuncErrorReason:report error module_type=3, module_name=EE8888
[ERROR] RUNTIME(712583,):2026-01-15-10:29:15.374.723 [error_message_manage.cc:53]712583 FuncErrorReason:rtMemcpy execute failed, reason=[the current capture mode does not support this operation]
[ERROR] ASCENDCL(712583,):2026-01-15-10:29:15.374.998 [memory.cpp:437]712583 aclrtMemcpyImpl: synchronized memcpy failed, kind = 1, runtime result = 107030
[ERROR] RUNTIME(712583,):2026-01-15-10:29:15.432.780 [api_error.cc:1519]712583 MemCopySync:Memory copy sync failed, cnt=416, kind=1.
[ERROR] RUNTIME(712583,):2026-01-15-10:29:15.432.789 [api_c.cc:1197]712583 rtMemcpy:ErrCode=107030, desc=[the current capture mode does not support this operation], InnerCode=0x703001c
[ERROR] RUNTIME(712583,):2026-01-15-10:29:15.432.792 [error_message_manage.cc:53]712583 FuncErrorReason:report error module_type=3, module_name=EE8888
[ERROR] RUNTIME(712583,):2026-01-15-10:29:15.432.794 [error_message_manage.cc:53]712583 FuncErrorReason:rtMemcpy execute failed, reason=[the current capture mode does not support this operation]
[ERROR] ASCENDCL(712583,):2026-01-15-10:29:15.433.000 [memory.cpp:437]712583 aclrtMemcpyImpl: synchronized memcpy failed, kind = 1, runtime result = 107030
[ERROR] RUNTIME(712583,):2026-01-15-10:29:15.511.813 [api_error.cc:1519]712583 MemCopySync:Memory copy sync failed, cnt=72, kind=1.
[ERROR] RUNTIME(712583,):2026-01-15-10:29:15.511.821 [api_c.cc:1197]712583 rtMemcpy:ErrCode=107030, desc=[the current capture mode does not support this operation], InnerCode=0x703001c
[ERROR] RUNTIME(712583,):2026-01-15-10:29:15.511.823 [error_message_manage.cc:53]712583 FuncErrorReason:report error module_type=3, module_name=EE8888
[ERROR] RUNTIME(712583,):2026-01-15-10:29:15.511.826 [error_message_manage.cc:53]712583 FuncErrorReason:rtMemcpy execute failed, reason=[the current capture mode does not support this operation]
[ERROR] ASCENDCL(712583,):2026-01-15-10:29:15.512.034 [memory.cpp:437]712583 aclrtMemcpyImpl: synchronized memcpy failed, kind = 1, runtime result = 107030
[ERROR] RUNTIME(712583,):2026-01-15-10:29:15.596.908 [api_error.cc:1519]712583 MemCopySync:Memory copy sync failed, cnt=416, kind=1.
[ERROR] RUNTIME(712583,):2026-01-15-10:29:15.596.916 [api_c.cc:1197]712583 rtMemcpy:ErrCode=107030, desc=[the current capture mode does not support this operation], InnerCode=0x703001c
[ERROR] RUNTIME(712583,):2026-01-15-10:29:15.596.919 [error_message_manage.cc:53]712583 FuncErrorReason:report error module_type=3, module_name=EE8888
[ERROR] RUNTIME(712583,):2026-01-15-10:29:15.596.922 [error_message_manage.cc:53]712583 FuncErrorReason:rtMemcpy execute failed, reason=[the current capture mode does not support this operation]
[ERROR] ASCENDCL(712583,):2026-01-15-10:29:15.597.202 [memory.cpp:437]712583 aclrtMemcpyImpl: synchronized memcpy failed, kind = 1, runtime result = 107030
[ERROR] RUNTIME(712583,):2026-01-15-10:29:15.682.006 [api_error.cc:1519]712583 MemCopySync:Memory copy sync failed, cnt=72, kind=1.
[ERROR] RUNTIME(712583,):2026-01-15-10:29:15.682.014 [api_c.cc:1197]712583 rtMemcpy:ErrCode=107030, desc=[the current capture mode does not support this operation], InnerCode=0x703001c
[ERROR] RUNTIME(712583,):2026-01-15-10:29:15.682.017 [error_message_manage.cc:53]712583 FuncErrorReason:report error module_type=3, module_name=EE8888
[ERROR] RUNTIME(712583,):2026-01-15-10:29:15.682.019 [error_message_manage.cc:53]712583 FuncErrorReason:rtMemcpy execute failed, reason=[the current capture mode does not support this operation]
[ERROR] ASCENDCL(712583,):2026-01-15-10:29:15.682.214 [memory.cpp:437]712583 aclrtMemcpyImpl: synchronized memcpy failed, kind = 1, runtime result = 107030
[ERROR] RUNTIME(712583,):2026-01-15-10:29:15.764.957 [api_error.cc:1519]712583 MemCopySync:Memory copy sync failed, cnt=416, kind=1.
[ERROR] RUNTIME(712583,):2026-01-15-10:29:15.764.966 [api_c.cc:1197]712583 rtMemcpy:ErrCode=107030, desc=[the current capture mode does not support this operation], InnerCode=0x703001c
[ERROR] RUNTIME(712583,):2026-01-15-10:29:15.764.969 [error_message_manage.cc:53]712583 FuncErrorReason:report error module_type=3, module_name=EE8888
[ERROR] RUNTIME(712583,):2026-01-15-10:29:15.764.972 [error_message_manage.cc:53]712583 FuncErrorReason:rtMemcpy execute failed, reason=[the current capture mode does not support this operation]
[ERROR] ASCENDCL(712583,):2026-01-15-10:29:15.765.184 [memory.cpp:437]712583 aclrtMemcpyImpl: synchronized memcpy failed, kind = 1, runtime result = 107030
[ERROR] RUNTIME(712583,):2026-01-15-10:29:15.838.562 [api_error.cc:1519]712583 MemCopySync:Memory copy sync failed, cnt=72, kind=1.
[ERROR] RUNTIME(712583,):2026-01-15-10:29:15.838.569 [api_c.cc:1197]712583 rtMemcpy:ErrCode=107030, desc=[the current capture mode does not support this operation], InnerCode=0x703001c
[ERROR] RUNTIME(712583,):2026-01-15-10:29:15.838.572 [error_message_manage.cc:53]712583 FuncErrorReason:report error module_type=3, module_name=EE8888
[ERROR] RUNTIME(712583,):2026-01-15-10:29:15.838.574 [error_message_manage.cc:53]712583 FuncErrorReason:rtMemcpy execute failed, reason=[the current capture mode does not support this operation]
[ERROR] ASCENDCL(712583,):2026-01-15-10:29:15.838.777 [memory.cpp:437]712583 aclrtMemcpyImpl: synchronized memcpy failed, kind = 1, runtime result = 107030
[ERROR] RUNTIME(712583,):2026-01-15-10:29:15.880.203 [api_error.cc:1519]712583 MemCopySync:Memory copy sync failed, cnt=416, kind=1.
[ERROR] RUNTIME(712583,):2026-01-15-10:29:15.880.211 [api_c.cc:1197]712583 rtMemcpy:ErrCode=107030, desc=[the current capture mode does not support this operation], InnerCode=0x703001c
[ERROR] RUNTIME(712583,):2026-01-15-10:29:15.880.214 [error_message_manage.cc:53]712583 FuncErrorReason:report error module_type=3, module_name=EE8888
[ERROR] RUNTIME(712583,):2026-01-15-10:29:15.880.216 [error_message_manage.cc:53]712583 FuncErrorReason:rtMemcpy execute failed, reason=[the current capture mode does not support this operation]
[ERROR] ASCENDCL(712583,):2026-01-15-10:29:15.880.521 [memory.cpp:437]712583 aclrtMemcpyImpl: synchronized memcpy failed, kind = 1, runtime result = 107030
[ERROR] RUNTIME(712583,):2026-01-15-10:29:15.945.611 [api_error.cc:1519]712583 MemCopySync:Memory copy sync failed, cnt=72, kind=1.
[ERROR] RUNTIME(712583,):2026-01-15-10:29:15.945.618 [api_c.cc:1197]712583 rtMemcpy:ErrCode=107030, desc=[the current capture mode does not support this operation], InnerCode=0x703001c
[ERROR] RUNTIME(712583,):2026-01-15-10:29:15.945.621 [error_message_manage.cc:53]712583 FuncErrorReason:report error module_type=3, module_name=EE8888
[ERROR] RUNTIME(712583,):2026-01-15-10:29:15.945.623 [error_message_manage.cc:53]712583 FuncErrorReason:rtMemcpy execute failed, reason=[the current capture mode does not support this operation]
[ERROR] ASCENDCL(712583,):2026-01-15-10:29:15.945.839 [memory.cpp:437]712583 aclrtMemcpyImpl: synchronized memcpy failed, kind = 1, runtime result = 107030
[ERROR] RUNTIME(712583,):2026-01-15-10:29:16.029.049 [api_error.cc:1519]712583 MemCopySync:Memory copy sync failed, cnt=416, kind=1.
[ERROR] RUNTIME(712583,):2026-01-15-10:29:16.029.058 [api_c.cc:1197]712583 rtMemcpy:ErrCode=107030, desc=[the current capture mode does not support this operation], InnerCode=0x703001c
[ERROR] RUNTIME(712583,):2026-01-15-10:29:16.029.061 [error_message_manage.cc:53]712583 FuncErrorReason:report error module_type=3, module_name=EE8888
[ERROR] RUNTIME(712583,):2026-01-15-10:29:16.029.063 [error_message_manage.cc:53]712583 FuncErrorReason:rtMemcpy execute failed, reason=[the current capture mode does not support this operation]
[ERROR] ASCENDCL(712583,):2026-01-15-10:29:16.029.303 [memory.cpp:437]712583 aclrtMemcpyImpl: synchronized memcpy failed, kind = 1, runtime result = 107030
[ERROR] RUNTIME(712583,):2026-01-15-10:29:16.109.937 [api_error.cc:1519]712583 MemCopySync:Memory copy sync failed, cnt=72, kind=1.
[ERROR] RUNTIME(712583,):2026-01-15-10:29:16.109.944 [api_c.cc:1197]712583 rtMemcpy:ErrCode=107030, desc=[the current capture mode does not support this operation], InnerCode=0x703001c
[ERROR] RUNTIME(712583,):2026-01-15-10:29:16.109.947 [error_message_manage.cc:53]712583 FuncErrorReason:report error module_type=3, module_name=EE8888
[ERROR] RUNTIME(712583,):2026-01-15-10:29:16.109.950 [error_message_manage.cc:53]712583 FuncErrorReason:rtMemcpy execute failed, reason=[the current capture mode does not support this operation]
[ERROR] ASCENDCL(712583,):2026-01-15-10:29:16.110.154 [memory.cpp:437]712583 aclrtMemcpyImpl: synchronized memcpy failed, kind = 1, runtime result = 107030
[ERROR] RUNTIME(712583,):2026-01-15-10:29:16.195.220 [api_error.cc:1519]712583 MemCopySync:Memory copy sync failed, cnt=416, kind=1.
[ERROR] RUNTIME(712583,):2026-01-15-10:29:16.195.229 [api_c.cc:1197]712583 rtMemcpy:ErrCode=107030, desc=[the current capture mode does not support this operation], InnerCode=0x703001c
[ERROR] RUNTIME(712583,):2026-01-15-10:29:16.195.232 [error_message_manage.cc:53]712583 FuncErrorReason:report error module_type=3, module_name=EE8888
[ERROR] RUNTIME(712583,):2026-01-15-10:29:16.195.235 [error_message_manage.cc:53]712583 FuncErrorReason:rtMemcpy execute failed, reason=[the current capture mode does not support this operation]
[ERROR] ASCENDCL(712583,):2026-01-15-10:29:16.195.526 [memory.cpp:437]712583 aclrtMemcpyImpl: synchronized memcpy failed, kind = 1, runtime result = 107030
[ERROR] RUNTIME(712583,):2026-01-15-10:29:16.273.516 [api_error.cc:1519]712583 MemCopySync:Memory copy sync failed, cnt=72, kind=1.
[ERROR] RUNTIME(712583,):2026-01-15-10:29:16.273.524 [api_c.cc:1197]712583 rtMemcpy:ErrCode=107030, desc=[the current capture mode does not support this operation], InnerCode=0x703001c
[ERROR] RUNTIME(712583,):2026-01-15-10:29:16.273.527 [error_message_manage.cc:53]712583 FuncErrorReason:report error module_type=3, module_name=EE8888
[ERROR] RUNTIME(712583,):2026-01-15-10:29:16.273.529 [error_message_manage.cc:53]712583 FuncErrorReason:rtMemcpy execute failed, reason=[the current capture mode does not support this operation]
[ERROR] ASCENDCL(712583,):2026-01-15-10:29:16.273.731 [memory.cpp:437]712583 aclrtMemcpyImpl: synchronized memcpy failed, kind = 1, runtime result = 107030
[ERROR] RUNTIME(712583,):2026-01-15-10:29:16.353.513 [api_error.cc:1519]712583 MemCopySync:Memory copy sync failed, cnt=416, kind=1.
[ERROR] RUNTIME(712583,):2026-01-15-10:29:16.353.521 [api_c.cc:1197]712583 rtMemcpy:ErrCode=107030, desc=[the current capture mode does not support this operation], InnerCode=0x703001c
[ERROR] RUNTIME(712583,):2026-01-15-10:29:16.353.524 [error_message_manage.cc:53]712583 FuncErrorReason:report error module_type=3, module_name=EE8888
[ERROR] RUNTIME(712583,):2026-01-15-10:29:16.353.527 [error_message_manage.cc:53]712583 FuncErrorReason:rtMemcpy execute failed, reason=[the current capture mode does not support this operation]
[ERROR] ASCENDCL(712583,):2026-01-15-10:29:16.353.760 [memory.cpp:437]712583 aclrtMemcpyImpl: synchronized memcpy failed, kind = 1, runtime result = 107030
[ERROR] RUNTIME(712583,):2026-01-15-10:29:16.442.802 [api_error.cc:1519]712583 MemCopySync:Memory copy sync failed, cnt=72, kind=1.
[ERROR] RUNTIME(712583,):2026-01-15-10:29:16.442.810 [api_c.cc:1197]712583 rtMemcpy:ErrCode=107030, desc=[the current capture mode does not support this operation], InnerCode=0x703001c
[ERROR] RUNTIME(712583,):2026-01-15-10:29:16.442.813 [error_message_manage.cc:53]712583 FuncErrorReason:report error module_type=3, module_name=EE8888
[ERROR] RUNTIME(712583,):2026-01-15-10:29:16.442.816 [error_message_manage.cc:53]712583 FuncErrorReason:rtMemcpy execute failed, reason=[the current capture mode does not support this operation]
[ERROR] ASCENDCL(712583,):2026-01-15-10:29:16.443.058 [memory.cpp:437]712583 aclrtMemcpyImpl: synchronized memcpy failed, kind = 1, runtime result = 107030
[ERROR] RUNTIME(712583,):2026-01-15-10:29:16.528.323 [api_error.cc:1519]712583 MemCopySync:Memory copy sync failed, cnt=416, kind=1.
[ERROR] RUNTIME(712583,):2026-01-15-10:29:16.528.331 [api_c.cc:1197]712583 rtMemcpy:ErrCode=107030, desc=[the current capture mode does not support this operation], InnerCode=0x703001c
[ERROR] RUNTIME(712583,):2026-01-15-10:29:16.528.334 [error_message_manage.cc:53]712583 FuncErrorReason:report error module_type=3, module_name=EE8888
[ERROR] RUNTIME(712583,):2026-01-15-10:29:16.528.337 [error_message_manage.cc:53]712583 FuncErrorReason:rtMemcpy execute failed, reason=[the current capture mode does not support this operation]
[ERROR] ASCENDCL(712583,):2026-01-15-10:29:16.528.575 [memory.cpp:437]712583 aclrtMemcpyImpl: synchronized memcpy failed, kind = 1, runtime result = 107030
[ERROR] RUNTIME(712583,):2026-01-15-10:29:16.625.778 [api_error.cc:1519]712583 MemCopySync:Memory copy sync failed, cnt=72, kind=1.
[ERROR] RUNTIME(712583,):2026-01-15-10:29:16.625.786 [api_c.cc:1197]712583 rtMemcpy:ErrCode=107030, desc=[the current capture mode does not support this operation], InnerCode=0x703001c
[ERROR] RUNTIME(712583,):2026-01-15-10:29:16.625.788 [error_message_manage.cc:53]712583 FuncErrorReason:report error module_type=3, module_name=EE8888
[ERROR] RUNTIME(712583,):2026-01-15-10:29:16.625.791 [error_message_manage.cc:53]712583 FuncErrorReason:rtMemcpy execute failed, reason=[the current capture mode does not support this operation]
[ERROR] ASCENDCL(712583,):2026-01-15-10:29:16.626.065 [memory.cpp:437]712583 aclrtMemcpyImpl: synchronized memcpy failed, kind = 1, runtime result = 107030
[ERROR] RUNTIME(712583,):2026-01-15-10:29:16.710.676 [api_error.cc:1519]712583 MemCopySync:Memory copy sync failed, cnt=416, kind=1.
[ERROR] RUNTIME(712583,):2026-01-15-10:29:16.710.686 [api_c.cc:1197]712583 rtMemcpy:ErrCode=107030, desc=[the current capture mode does not support this operation], InnerCode=0x703001c
[ERROR] RUNTIME(712583,):2026-01-15-10:29:16.710.688 [error_message_manage.cc:53]712583 FuncErrorReason:report error module_type=3, module_name=EE8888
[ERROR] RUNTIME(712583,):2026-01-15-10:29:16.710.691 [error_message_manage.cc:53]712583 FuncErrorReason:rtMemcpy execute failed, reason=[the current capture mode does not support this operation]
[ERROR] ASCENDCL(712583,):2026-01-15-10:29:16.710.939 [memory.cpp:437]712583 aclrtMemcpyImpl: synchronized memcpy failed, kind = 1, runtime result = 107030
[ERROR] RUNTIME(712583,):2026-01-15-10:29:16.780.011 [api_error.cc:1519]712583 MemCopySync:Memory copy sync failed, cnt=72, kind=1.
[ERROR] RUNTIME(712583,):2026-01-15-10:29:16.780.020 [api_c.cc:1197]712583 rtMemcpy:ErrCode=107030, desc=[the current capture mode does not support this operation], InnerCode=0x703001c
[ERROR] RUNTIME(712583,):2026-01-15-10:29:16.780.022 [error_message_manage.cc:53]712583 FuncErrorReason:report error module_type=3, module_name=EE8888
[ERROR] RUNTIME(712583,):2026-01-15-10:29:16.780.025 [error_message_manage.cc:53]712583 FuncErrorReason:rtMemcpy execute failed, reason=[the current capture mode does not support this operation]
[ERROR] ASCENDCL(712583,):2026-01-15-10:29:16.780.297 [memory.cpp:437]712583 aclrtMemcpyImpl: synchronized memcpy failed, kind = 1, runtime result = 107030
[ERROR] RUNTIME(712583,):2026-01-15-10:29:16.839.201 [api_error.cc:1519]712583 MemCopySync:Memory copy sync failed, cnt=416, kind=1.
[ERROR] RUNTIME(712583,):2026-01-15-10:29:16.839.210 [api_c.cc:1197]712583 rtMemcpy:ErrCode=107030, desc=[the current capture mode does not support this operation], InnerCode=0x703001c
[ERROR] RUNTIME(712583,):2026-01-15-10:29:16.839.212 [error_message_manage.cc:53]712583 FuncErrorReason:report error module_type=3, module_name=EE8888
[ERROR] RUNTIME(712583,):2026-01-15-10:29:16.839.215 [error_message_manage.cc:53]712583 FuncErrorReason:rtMemcpy execute failed, reason=[the current capture mode does not support this operation]
[ERROR] ASCENDCL(712583,):2026-01-15-10:29:16.839.494 [memory.cpp:437]712583 aclrtMemcpyImpl: synchronized memcpy failed, kind = 1, runtime result = 107030
[ERROR] RUNTIME(712583,):2026-01-15-10:29:16.902.335 [api_error.cc:1519]712583 MemCopySync:Memory copy sync failed, cnt=72, kind=1.
[ERROR] RUNTIME(712583,):2026-01-15-10:29:16.902.343 [api_c.cc:1197]712583 rtMemcpy:ErrCode=107030, desc=[the current capture mode does not support this operation], InnerCode=0x703001c
[ERROR] RUNTIME(712583,):2026-01-15-10:29:16.902.345 [error_message_manage.cc:53]712583 FuncErrorReason:report error module_type=3, module_name=EE8888
[ERROR] RUNTIME(712583,):2026-01-15-10:29:16.902.348 [error_message_manage.cc:53]712583 FuncErrorReason:rtMemcpy execute failed, reason=[the current capture mode does not support this operation]
[ERROR] ASCENDCL(712583,):2026-01-15-10:29:16.902.572 [memory.cpp:437]712583 aclrtMemcpyImpl: synchronized memcpy failed, kind = 1, runtime result = 107030
[ERROR] RUNTIME(712583,):2026-01-15-10:29:16.969.549 [api_error.cc:1519]712583 MemCopySync:Memory copy sync failed, cnt=416, kind=1.
[ERROR] RUNTIME(712583,):2026-01-15-10:29:16.969.559 [api_c.cc:1197]712583 rtMemcpy:ErrCode=107030, desc=[the current capture mode does not support this operation], InnerCode=0x703001c
[ERROR] RUNTIME(712583,):2026-01-15-10:29:16.969.561 [error_message_manage.cc:53]712583 FuncErrorReason:report error module_type=3, module_name=EE8888
[ERROR] RUNTIME(712583,):2026-01-15-10:29:16.969.564 [error_message_manage.cc:53]712583 FuncErrorReason:rtMemcpy execute failed, reason=[the current capture mode does not support this operation]
[ERROR] ASCENDCL(712583,):2026-01-15-10:29:16.969.778 [memory.cpp:437]712583 aclrtMemcpyImpl: synchronized memcpy failed, kind = 1, runtime result = 107030
[ERROR] RUNTIME(712583,):2026-01-15-10:29:17.041.389 [api_error.cc:1519]712583 MemCopySync:Memory copy sync failed, cnt=72, kind=1.
[ERROR] RUNTIME(712583,):2026-01-15-10:29:17.041.397 [api_c.cc:1197]712583 rtMemcpy:ErrCode=107030, desc=[the current capture mode does not support this operation], InnerCode=0x703001c
[ERROR] RUNTIME(712583,):2026-01-15-10:29:17.041.399 [error_message_manage.cc:53]712583 FuncErrorReason:report error module_type=3, module_name=EE8888
[ERROR] RUNTIME(712583,):2026-01-15-10:29:17.041.402 [error_message_manage.cc:53]712583 FuncErrorReason:rtMemcpy execute failed, reason=[the current capture mode does not support this operation]
[ERROR] ASCENDCL(712583,):2026-01-15-10:29:17.041.610 [memory.cpp:437]712583 aclrtMemcpyImpl: synchronized memcpy failed, kind = 1, runtime result = 107030
[ERROR] RUNTIME(712583,):2026-01-15-10:29:17.115.693 [api_error.cc:1519]712583 MemCopySync:Memory copy sync failed, cnt=416, kind=1.
[ERROR] RUNTIME(712583,):2026-01-15-10:29:17.115.702 [api_c.cc:1197]712583 rtMemcpy:ErrCode=107030, desc=[the current capture mode does not support this operation], InnerCode=0x703001c
[ERROR] RUNTIME(712583,):2026-01-15-10:29:17.115.704 [error_message_manage.cc:53]712583 FuncErrorReason:report error module_type=3, module_name=EE8888
[ERROR] RUNTIME(712583,):2026-01-15-10:29:17.115.707 [error_message_manage.cc:53]712583 FuncErrorReason:rtMemcpy execute failed, reason=[the current capture mode does not support this operation]
[ERROR] ASCENDCL(712583,):2026-01-15-10:29:17.115.921 [memory.cpp:437]712583 aclrtMemcpyImpl: synchronized memcpy failed, kind = 1, runtime result = 107030
[ERROR] RUNTIME(712583,):2026-01-15-10:29:17.191.165 [api_error.cc:1519]712583 MemCopySync:Memory copy sync failed, cnt=72, kind=1.
[ERROR] RUNTIME(712583,):2026-01-15-10:29:17.191.173 [api_c.cc:1197]712583 rtMemcpy:ErrCode=107030, desc=[the current capture mode does not support this operation], InnerCode=0x703001c
[ERROR] RUNTIME(712583,):2026-01-15-10:29:17.191.175 [error_message_manage.cc:53]712583 FuncErrorReason:report error module_type=3, module_name=EE8888
[ERROR] RUNTIME(712583,):2026-01-15-10:29:17.191.178 [error_message_manage.cc:53]712583 FuncErrorReason:rtMemcpy execute failed, reason=[the current capture mode does not support this operation]
[ERROR] ASCENDCL(712583,):2026-01-15-10:29:17.191.538 [memory.cpp:437]712583 aclrtMemcpyImpl: synchronized memcpy failed, kind = 1, runtime result = 107030
[ERROR] RUNTIME(712583,):2026-01-15-10:29:17.262.430 [api_error.cc:1519]712583 MemCopySync:Memory copy sync failed, cnt=416, kind=1.
[ERROR] RUNTIME(712583,):2026-01-15-10:29:17.262.439 [api_c.cc:1197]712583 rtMemcpy:ErrCode=107030, desc=[the current capture mode does not support this operation], InnerCode=0x703001c
[ERROR] RUNTIME(712583,):2026-01-15-10:29:17.262.442 [error_message_manage.cc:53]712583 FuncErrorReason:report error module_type=3, module_name=EE8888
[ERROR] RUNTIME(712583,):2026-01-15-10:29:17.262.444 [error_message_manage.cc:53]712583 FuncErrorReason:rtMemcpy execute failed, reason=[the current capture mode does not support this operation]
[ERROR] ASCENDCL(712583,):2026-01-15-10:29:17.262.685 [memory.cpp:437]712583 aclrtMemcpyImpl: synchronized memcpy failed, kind = 1, runtime result = 107030
[ERROR] RUNTIME(712583,):2026-01-15-10:29:17.331.897 [api_error.cc:1519]712583 MemCopySync:Memory copy sync failed, cnt=72, kind=1.
[ERROR] RUNTIME(712583,):2026-01-15-10:29:17.331.905 [api_c.cc:1197]712583 rtMemcpy:ErrCode=107030, desc=[the current capture mode does not support this operation], InnerCode=0x703001c
[ERROR] RUNTIME(712583,):2026-01-15-10:29:17.331.908 [error_message_manage.cc:53]712583 FuncErrorReason:report error module_type=3, module_name=EE8888
[ERROR] RUNTIME(712583,):2026-01-15-10:29:17.331.910 [error_message_manage.cc:53]712583 FuncErrorReason:rtMemcpy execute failed, reason=[the current capture mode does not support this operation]
[ERROR] ASCENDCL(712583,):2026-01-15-10:29:17.332.167 [memory.cpp:437]712583 aclrtMemcpyImpl: synchronized memcpy failed, kind = 1, runtime result = 107030
[ERROR] RUNTIME(712583,):2026-01-15-10:29:17.402.703 [api_error.cc:1519]712583 MemCopySync:Memory copy sync failed, cnt=416, kind=1.
[ERROR] RUNTIME(712583,):2026-01-15-10:29:17.402.712 [api_c.cc:1197]712583 rtMemcpy:ErrCode=107030, desc=[the current capture mode does not support this operation], InnerCode=0x703001c
[ERROR] RUNTIME(712583,):2026-01-15-10:29:17.402.715 [error_message_manage.cc:53]712583 FuncErrorReason:report error module_type=3, module_name=EE8888
[ERROR] RUNTIME(712583,):2026-01-15-10:29:17.402.718 [error_message_manage.cc:53]712583 FuncErrorReason:rtMemcpy execute failed, reason=[the current capture mode does not support this operation]
[ERROR] ASCENDCL(712583,):2026-01-15-10:29:17.402.997 [memory.cpp:437]712583 aclrtMemcpyImpl: synchronized memcpy failed, kind = 1, runtime result = 107030
[ERROR] RUNTIME(712583,):2026-01-15-10:29:17.461.903 [api_error.cc:1519]712583 MemCopySync:Memory copy sync failed, cnt=72, kind=1.
[ERROR] RUNTIME(712583,):2026-01-15-10:29:17.461.910 [api_c.cc:1197]712583 rtMemcpy:ErrCode=107030, desc=[the current capture mode does not support this operation], InnerCode=0x703001c
[ERROR] RUNTIME(712583,):2026-01-15-10:29:17.461.913 [error_message_manage.cc:53]712583 FuncErrorReason:report error module_type=3, module_name=EE8888
[ERROR] RUNTIME(712583,):2026-01-15-10:29:17.461.915 [error_message_manage.cc:53]712583 FuncErrorReason:rtMemcpy execute failed, reason=[the current capture mode does not support this operation]
[ERROR] ASCENDCL(712583,):2026-01-15-10:29:17.462.754 [memory.cpp:437]712583 aclrtMemcpyImpl: synchronized memcpy failed, kind = 1, runtime result = 107030
[ERROR] RUNTIME(712583,):2026-01-15-10:29:17.528.393 [api_error.cc:1519]712583 MemCopySync:Memory copy sync failed, cnt=416, kind=1.
[ERROR] RUNTIME(712583,):2026-01-15-10:29:17.528.401 [api_c.cc:1197]712583 rtMemcpy:ErrCode=107030, desc=[the current capture mode does not support this operation], InnerCode=0x703001c
[ERROR] RUNTIME(712583,):2026-01-15-10:29:17.528.404 [error_message_manage.cc:53]712583 FuncErrorReason:report error module_type=3, module_name=EE8888
[ERROR] RUNTIME(712583,):2026-01-15-10:29:17.528.407 [error_message_manage.cc:53]712583 FuncErrorReason:rtMemcpy execute failed, reason=[the current capture mode does not support this operation]
[ERROR] ASCENDCL(712583,):2026-01-15-10:29:17.528.626 [memory.cpp:437]712583 aclrtMemcpyImpl: synchronized memcpy failed, kind = 1, runtime result = 107030
[ERROR] RUNTIME(712583,):2026-01-15-10:29:17.596.556 [api_error.cc:1519]712583 MemCopySync:Memory copy sync failed, cnt=72, kind=1.
[ERROR] RUNTIME(712583,):2026-01-15-10:29:17.596.564 [api_c.cc:1197]712583 rtMemcpy:ErrCode=107030, desc=[the current capture mode does not support this operation], InnerCode=0x703001c
[ERROR] RUNTIME(712583,):2026-01-15-10:29:17.596.566 [error_message_manage.cc:53]712583 FuncErrorReason:report error module_type=3, module_name=EE8888
[ERROR] RUNTIME(712583,):2026-01-15-10:29:17.596.569 [error_message_manage.cc:53]712583 FuncErrorReason:rtMemcpy execute failed, reason=[the current capture mode does not support this operation]
[ERROR] ASCENDCL(712583,):2026-01-15-10:29:17.596.957 [memory.cpp:437]712583 aclrtMemcpyImpl: synchronized memcpy failed, kind = 1, runtime result = 107030
[ERROR] RUNTIME(712583,):2026-01-15-10:29:17.668.868 [api_error.cc:1519]712583 MemCopySync:Memory copy sync failed, cnt=416, kind=1.
[ERROR] RUNTIME(712583,):2026-01-15-10:29:17.668.877 [api_c.cc:1197]712583 rtMemcpy:ErrCode=107030, desc=[the current capture mode does not support this operation], InnerCode=0x703001c
[ERROR] RUNTIME(712583,):2026-01-15-10:29:17.668.879 [error_message_manage.cc:53]712583 FuncErrorReason:report error module_type=3, module_name=EE8888
[ERROR] RUNTIME(712583,):2026-01-15-10:29:17.668.882 [error_message_manage.cc:53]712583 FuncErrorReason:rtMemcpy execute failed, reason=[the current capture mode does not support this operation]
[ERROR] ASCENDCL(712583,):2026-01-15-10:29:17.669.183 [memory.cpp:437]712583 aclrtMemcpyImpl: synchronized memcpy failed, kind = 1, runtime result = 107030
[ERROR] RUNTIME(712583,):2026-01-15-10:29:17.738.289 [api_error.cc:1519]712583 MemCopySync:Memory copy sync failed, cnt=72, kind=1.
[ERROR] RUNTIME(712583,):2026-01-15-10:29:17.738.296 [api_c.cc:1197]712583 rtMemcpy:ErrCode=107030, desc=[the current capture mode does not support this operation], InnerCode=0x703001c
[ERROR] RUNTIME(712583,):2026-01-15-10:29:17.738.299 [error_message_manage.cc:53]712583 FuncErrorReason:report error module_type=3, module_name=EE8888
[ERROR] RUNTIME(712583,):2026-01-15-10:29:17.738.301 [error_message_manage.cc:53]712583 FuncErrorReason:rtMemcpy execute failed, reason=[the current capture mode does not support this operation]
[ERROR] ASCENDCL(712583,):2026-01-15-10:29:17.738.558 [memory.cpp:437]712583 aclrtMemcpyImpl: synchronized memcpy failed, kind = 1, runtime result = 107030
[ERROR] RUNTIME(712583,):2026-01-15-10:29:17.808.830 [api_error.cc:1519]712583 MemCopySync:Memory copy sync failed, cnt=416, kind=1.
[ERROR] RUNTIME(712583,):2026-01-15-10:29:17.808.839 [api_c.cc:1197]712583 rtMemcpy:ErrCode=107030, desc=[the current capture mode does not support this operation], InnerCode=0x703001c
[ERROR] RUNTIME(712583,):2026-01-15-10:29:17.808.841 [error_message_manage.cc:53]712583 FuncErrorReason:report error module_type=3, module_name=EE8888
[ERROR] RUNTIME(712583,):2026-01-15-10:29:17.808.844 [error_message_manage.cc:53]712583 FuncErrorReason:rtMemcpy execute failed, reason=[the current capture mode does not support this operation]
[ERROR] ASCENDCL(712583,):2026-01-15-10:29:17.809.170 [memory.cpp:437]712583 aclrtMemcpyImpl: synchronized memcpy failed, kind = 1, runtime result = 107030
[ERROR] RUNTIME(712583,):2026-01-15-10:29:17.883.567 [api_error.cc:1519]712583 MemCopySync:Memory copy sync failed, cnt=72, kind=1.
[ERROR] RUNTIME(712583,):2026-01-15-10:29:17.883.574 [api_c.cc:1197]712583 rtMemcpy:ErrCode=107030, desc=[the current capture mode does not support this operation], InnerCode=0x703001c
[ERROR] RUNTIME(712583,):2026-01-15-10:29:17.883.577 [error_message_manage.cc:53]712583 FuncErrorReason:report error module_type=3, module_name=EE8888
[ERROR] RUNTIME(712583,):2026-01-15-10:29:17.883.579 [error_message_manage.cc:53]712583 FuncErrorReason:rtMemcpy execute failed, reason=[the current capture mode does not support this operation]
[ERROR] ASCENDCL(712583,):2026-01-15-10:29:17.883.850 [memory.cpp:437]712583 aclrtMemcpyImpl: synchronized memcpy failed, kind = 1, runtime result = 107030
[ERROR] RUNTIME(712583,):2026-01-15-10:29:17.958.694 [api_error.cc:1519]712583 MemCopySync:Memory copy sync failed, cnt=416, kind=1.
[ERROR] RUNTIME(712583,):2026-01-15-10:29:17.958.702 [api_c.cc:1197]712583 rtMemcpy:ErrCode=107030, desc=[the current capture mode does not support this operation], InnerCode=0x703001c
[ERROR] RUNTIME(712583,):2026-01-15-10:29:17.958.705 [error_message_manage.cc:53]712583 FuncErrorReason:report error module_type=3, module_name=EE8888
[ERROR] RUNTIME(712583,):2026-01-15-10:29:17.958.708 [error_message_manage.cc:53]712583 FuncErrorReason:rtMemcpy execute failed, reason=[the current capture mode does not support this operation]
[ERROR] ASCENDCL(712583,):2026-01-15-10:29:17.958.921 [memory.cpp:437]712583 aclrtMemcpyImpl: synchronized memcpy failed, kind = 1, runtime result = 107030
[ERROR] RUNTIME(712583,):2026-01-15-10:29:18.036.468 [api_error.cc:1519]712583 MemCopySync:Memory copy sync failed, cnt=72, kind=1.
[ERROR] RUNTIME(712583,):2026-01-15-10:29:18.036.476 [api_c.cc:1197]712583 rtMemcpy:ErrCode=107030, desc=[the current capture mode does not support this operation], InnerCode=0x703001c
[ERROR] RUNTIME(712583,):2026-01-15-10:29:18.036.479 [error_message_manage.cc:53]712583 FuncErrorReason:report error module_type=3, module_name=EE8888
[ERROR] RUNTIME(712583,):2026-01-15-10:29:18.036.482 [error_message_manage.cc:53]712583 FuncErrorReason:rtMemcpy execute failed, reason=[the current capture mode does not support this operation]
[ERROR] ASCENDCL(712583,):2026-01-15-10:29:18.036.746 [memory.cpp:437]712583 aclrtMemcpyImpl: synchronized memcpy failed, kind = 1, runtime result = 107030
[ERROR] RUNTIME(712583,):2026-01-15-10:29:18.116.094 [api_error.cc:1519]712583 MemCopySync:Memory copy sync failed, cnt=416, kind=1.
[ERROR] RUNTIME(712583,):2026-01-15-10:29:18.116.102 [api_c.cc:1197]712583 rtMemcpy:ErrCode=107030, desc=[the current capture mode does not support this operation], InnerCode=0x703001c
[ERROR] RUNTIME(712583,):2026-01-15-10:29:18.116.105 [error_message_manage.cc:53]712583 FuncErrorReason:report error module_type=3, module_name=EE8888
[ERROR] RUNTIME(712583,):2026-01-15-10:29:18.116.108 [error_message_manage.cc:53]712583 FuncErrorReason:rtMemcpy execute failed, reason=[the current capture mode does not support this operation]
[ERROR] ASCENDCL(712583,):2026-01-15-10:29:18.116.327 [memory.cpp:437]712583 aclrtMemcpyImpl: synchronized memcpy failed, kind = 1, runtime result = 107030
[ERROR] RUNTIME(712583,):2026-01-15-10:29:18.184.105 [api_error.cc:1519]712583 MemCopySync:Memory copy sync failed, cnt=72, kind=1.
[ERROR] RUNTIME(712583,):2026-01-15-10:29:18.184.112 [api_c.cc:1197]712583 rtMemcpy:ErrCode=107030, desc=[the current capture mode does not support this operation], InnerCode=0x703001c
[ERROR] RUNTIME(712583,):2026-01-15-10:29:18.184.115 [error_message_manage.cc:53]712583 FuncErrorReason:report error module_type=3, module_name=EE8888
[ERROR] RUNTIME(712583,):2026-01-15-10:29:18.184.118 [error_message_manage.cc:53]712583 FuncErrorReason:rtMemcpy execute failed, reason=[the current capture mode does not support this operation]
[ERROR] ASCENDCL(712583,):2026-01-15-10:29:18.184.388 [memory.cpp:437]712583 aclrtMemcpyImpl: synchronized memcpy failed, kind = 1, runtime result = 107030
[ERROR] RUNTIME(712583,):2026-01-15-10:29:18.235.725 [api_error.cc:1519]712583 MemCopySync:Memory copy sync failed, cnt=416, kind=1.
[ERROR] RUNTIME(712583,):2026-01-15-10:29:18.235.734 [api_c.cc:1197]712583 rtMemcpy:ErrCode=107030, desc=[the current capture mode does not support this operation], InnerCode=0x703001c
[ERROR] RUNTIME(712583,):2026-01-15-10:29:18.235.737 [error_message_manage.cc:53]712583 FuncErrorReason:report error module_type=3, module_name=EE8888
[ERROR] RUNTIME(712583,):2026-01-15-10:29:18.235.739 [error_message_manage.cc:53]712583 FuncErrorReason:rtMemcpy execute failed, reason=[the current capture mode does not support this operation]
[ERROR] ASCENDCL(712583,):2026-01-15-10:29:18.235.963 [memory.cpp:437]712583 aclrtMemcpyImpl: synchronized memcpy failed, kind = 1, runtime result = 107030
[ERROR] RUNTIME(712583,):2026-01-15-10:29:18.293.909 [api_error.cc:1519]712583 MemCopySync:Memory copy sync failed, cnt=72, kind=1.
[ERROR] RUNTIME(712583,):2026-01-15-10:29:18.293.916 [api_c.cc:1197]712583 rtMemcpy:ErrCode=107030, desc=[the current capture mode does not support this operation], InnerCode=0x703001c
[ERROR] RUNTIME(712583,):2026-01-15-10:29:18.293.919 [error_message_manage.cc:53]712583 FuncErrorReason:report error module_type=3, module_name=EE8888
[ERROR] RUNTIME(712583,):2026-01-15-10:29:18.293.922 [error_message_manage.cc:53]712583 FuncErrorReason:rtMemcpy execute failed, reason=[the current capture mode does not support this operation]
[ERROR] ASCENDCL(712583,):2026-01-15-10:29:18.294.166 [memory.cpp:437]712583 aclrtMemcpyImpl: synchronized memcpy failed, kind = 1, runtime result = 107030
[ERROR] RUNTIME(712583,):2026-01-15-10:29:18.366.199 [api_error.cc:1519]712583 MemCopySync:Memory copy sync failed, cnt=416, kind=1.
[ERROR] RUNTIME(712583,):2026-01-15-10:29:18.366.207 [api_c.cc:1197]712583 rtMemcpy:ErrCode=107030, desc=[the current capture mode does not support this operation], InnerCode=0x703001c
[ERROR] RUNTIME(712583,):2026-01-15-10:29:18.366.210 [error_message_manage.cc:53]712583 FuncErrorReason:report error module_type=3, module_name=EE8888
[ERROR] RUNTIME(712583,):2026-01-15-10:29:18.366.213 [error_message_manage.cc:53]712583 FuncErrorReason:rtMemcpy execute failed, reason=[the current capture mode does not support this operation]
[ERROR] ASCENDCL(712583,):2026-01-15-10:29:18.366.467 [memory.cpp:437]712583 aclrtMemcpyImpl: synchronized memcpy failed, kind = 1, runtime result = 107030
[ERROR] RUNTIME(712583,):2026-01-15-10:29:18.441.703 [api_error.cc:1519]712583 MemCopySync:Memory copy sync failed, cnt=72, kind=1.
[ERROR] RUNTIME(712583,):2026-01-15-10:29:18.441.711 [api_c.cc:1197]712583 rtMemcpy:ErrCode=107030, desc=[the current capture mode does not support this operation], InnerCode=0x703001c
[ERROR] RUNTIME(712583,):2026-01-15-10:29:18.441.714 [error_message_manage.cc:53]712583 FuncErrorReason:report error module_type=3, module_name=EE8888
[ERROR] RUNTIME(712583,):2026-01-15-10:29:18.441.716 [error_message_manage.cc:53]712583 FuncErrorReason:rtMemcpy execute failed, reason=[the current capture mode does not support this operation]
[ERROR] ASCENDCL(712583,):2026-01-15-10:29:18.442.017 [memory.cpp:437]712583 aclrtMemcpyImpl: synchronized memcpy failed, kind = 1, runtime result = 107030
[ERROR] RUNTIME(712583,):2026-01-15-10:29:18.517.626 [api_error.cc:1519]712583 MemCopySync:Memory copy sync failed, cnt=416, kind=1.
[ERROR] RUNTIME(712583,):2026-01-15-10:29:18.517.634 [api_c.cc:1197]712583 rtMemcpy:ErrCode=107030, desc=[the current capture mode does not support this operation], InnerCode=0x703001c
[ERROR] RUNTIME(712583,):2026-01-15-10:29:18.517.637 [error_message_manage.cc:53]712583 FuncErrorReason:report error module_type=3, module_name=EE8888
[ERROR] RUNTIME(712583,):2026-01-15-10:29:18.517.640 [error_message_manage.cc:53]712583 FuncErrorReason:rtMemcpy execute failed, reason=[the current capture mode does not support this operation]
[ERROR] ASCENDCL(712583,):2026-01-15-10:29:18.517.921 [memory.cpp:437]712583 aclrtMemcpyImpl: synchronized memcpy failed, kind = 1, runtime result = 107030
[ERROR] RUNTIME(712583,):2026-01-15-10:29:18.588.581 [api_error.cc:1519]712583 MemCopySync:Memory copy sync failed, cnt=72, kind=1.
[ERROR] RUNTIME(712583,):2026-01-15-10:29:18.588.589 [api_c.cc:1197]712583 rtMemcpy:ErrCode=107030, desc=[the current capture mode does not support this operation], InnerCode=0x703001c
[ERROR] RUNTIME(712583,):2026-01-15-10:29:18.588.591 [error_message_manage.cc:53]712583 FuncErrorReason:report error module_type=3, module_name=EE8888
[ERROR] RUNTIME(712583,):2026-01-15-10:29:18.588.594 [error_message_manage.cc:53]712583 FuncErrorReason:rtMemcpy execute failed, reason=[the current capture mode does not support this operation]
[ERROR] ASCENDCL(712583,):2026-01-15-10:29:18.588.888 [memory.cpp:437]712583 aclrtMemcpyImpl: synchronized memcpy failed, kind = 1, runtime result = 107030
[ERROR] RUNTIME(712583,):2026-01-15-10:29:18.658.727 [api_error.cc:1519]712583 MemCopySync:Memory copy sync failed, cnt=416, kind=1.
[ERROR] RUNTIME(712583,):2026-01-15-10:29:18.658.735 [api_c.cc:1197]712583 rtMemcpy:ErrCode=107030, desc=[the current capture mode does not support this operation], InnerCode=0x703001c
[ERROR] RUNTIME(712583,):2026-01-15-10:29:18.658.738 [error_message_manage.cc:53]712583 FuncErrorReason:report error module_type=3, module_name=EE8888
[ERROR] RUNTIME(712583,):2026-01-15-10:29:18.658.740 [error_message_manage.cc:53]712583 FuncErrorReason:rtMemcpy execute failed, reason=[the current capture mode does not support this operation]
[ERROR] ASCENDCL(712583,):2026-01-15-10:29:18.659.051 [memory.cpp:437]712583 aclrtMemcpyImpl: synchronized memcpy failed, kind = 1, runtime result = 107030
[ERROR] RUNTIME(712583,):2026-01-15-10:29:18.738.547 [api_error.cc:1519]712583 MemCopySync:Memory copy sync failed, cnt=72, kind=1.
[ERROR] RUNTIME(712583,):2026-01-15-10:29:18.738.555 [api_c.cc:1197]712583 rtMemcpy:ErrCode=107030, desc=[the current capture mode does not support this operation], InnerCode=0x703001c
[ERROR] RUNTIME(712583,):2026-01-15-10:29:18.738.558 [error_message_manage.cc:53]712583 FuncErrorReason:report error module_type=3, module_name=EE8888
[ERROR] RUNTIME(712583,):2026-01-15-10:29:18.738.561 [error_message_manage.cc:53]712583 FuncErrorReason:rtMemcpy execute failed, reason=[the current capture mode does not support this operation]
[ERROR] ASCENDCL(712583,):2026-01-15-10:29:18.738.789 [memory.cpp:437]712583 aclrtMemcpyImpl: synchronized memcpy failed, kind = 1, runtime result = 107030
[ERROR] RUNTIME(712583,):2026-01-15-10:29:18.813.959 [api_error.cc:1519]712583 MemCopySync:Memory copy sync failed, cnt=416, kind=1.
[ERROR] RUNTIME(712583,):2026-01-15-10:29:18.813.968 [api_c.cc:1197]712583 rtMemcpy:ErrCode=107030, desc=[the current capture mode does not support this operation], InnerCode=0x703001c
[ERROR] RUNTIME(712583,):2026-01-15-10:29:18.813.971 [error_message_manage.cc:53]712583 FuncErrorReason:report error module_type=3, module_name=EE8888
[ERROR] RUNTIME(712583,):2026-01-15-10:29:18.813.974 [error_message_manage.cc:53]712583 FuncErrorReason:rtMemcpy execute failed, reason=[the current capture mode does not support this operation]
[ERROR] ASCENDCL(712583,):2026-01-15-10:29:18.814.228 [memory.cpp:437]712583 aclrtMemcpyImpl: synchronized memcpy failed, kind = 1, runtime result = 107030
[ERROR] RUNTIME(712583,):2026-01-15-10:29:18.886.054 [api_error.cc:1519]712583 MemCopySync:Memory copy sync failed, cnt=72, kind=1.
[ERROR] RUNTIME(712583,):2026-01-15-10:29:18.886.062 [api_c.cc:1197]712583 rtMemcpy:ErrCode=107030, desc=[the current capture mode does not support this operation], InnerCode=0x703001c
[ERROR] RUNTIME(712583,):2026-01-15-10:29:18.886.065 [error_message_manage.cc:53]712583 FuncErrorReason:report error module_type=3, module_name=EE8888
[ERROR] RUNTIME(712583,):2026-01-15-10:29:18.886.067 [error_message_manage.cc:53]712583 FuncErrorReason:rtMemcpy execute failed, reason=[the current capture mode does not support this operation]
[ERROR] ASCENDCL(712583,):2026-01-15-10:29:18.886.289 [memory.cpp:437]712583 aclrtMemcpyImpl: synchronized memcpy failed, kind = 1, runtime result = 107030
[ERROR] RUNTIME(712583,):2026-01-15-10:29:18.949.137 [api_error.cc:1519]712583 MemCopySync:Memory copy sync failed, cnt=416, kind=1.
[ERROR] RUNTIME(712583,):2026-01-15-10:29:18.949.146 [api_c.cc:1197]712583 rtMemcpy:ErrCode=107030, desc=[the current capture mode does not support this operation], InnerCode=0x703001c
[ERROR] RUNTIME(712583,):2026-01-15-10:29:18.949.148 [error_message_manage.cc:53]712583 FuncErrorReason:report error module_type=3, module_name=EE8888
[ERROR] RUNTIME(712583,):2026-01-15-10:29:18.949.151 [error_message_manage.cc:53]712583 FuncErrorReason:rtMemcpy execute failed, reason=[the current capture mode does not support this operation]
[ERROR] ASCENDCL(712583,):2026-01-15-10:29:18.949.383 [memory.cpp:437]712583 aclrtMemcpyImpl: synchronized memcpy failed, kind = 1, runtime result = 107030
[ERROR] RUNTIME(712583,):2026-01-15-10:29:19.006.790 [api_error.cc:1519]712583 MemCopySync:Memory copy sync failed, cnt=72, kind=1.
[ERROR] RUNTIME(712583,):2026-01-15-10:29:19.006.798 [api_c.cc:1197]712583 rtMemcpy:ErrCode=107030, desc=[the current capture mode does not support this operation], InnerCode=0x703001c
[ERROR] RUNTIME(712583,):2026-01-15-10:29:19.006.801 [error_message_manage.cc:53]712583 FuncErrorReason:report error module_type=3, module_name=EE8888
[ERROR] RUNTIME(712583,):2026-01-15-10:29:19.006.803 [error_message_manage.cc:53]712583 FuncErrorReason:rtMemcpy execute failed, reason=[the current capture mode does not support this operation]
[ERROR] ASCENDCL(712583,):2026-01-15-10:29:19.007.139 [memory.cpp:437]712583 aclrtMemcpyImpl: synchronized memcpy failed, kind = 1, runtime result = 107030
[ERROR] RUNTIME(712583,):2026-01-15-10:29:19.069.511 [api_error.cc:1519]712583 MemCopySync:Memory copy sync failed, cnt=416, kind=1.
[ERROR] RUNTIME(712583,):2026-01-15-10:29:19.069.520 [api_c.cc:1197]712583 rtMemcpy:ErrCode=107030, desc=[the current capture mode does not support this operation], InnerCode=0x703001c
[ERROR] RUNTIME(712583,):2026-01-15-10:29:19.069.522 [error_message_manage.cc:53]712583 FuncErrorReason:report error module_type=3, module_name=EE8888
[ERROR] RUNTIME(712583,):2026-01-15-10:29:19.069.525 [error_message_manage.cc:53]712583 FuncErrorReason:rtMemcpy execute failed, reason=[the current capture mode does not support this operation]
[ERROR] ASCENDCL(712583,):2026-01-15-10:29:19.069.789 [memory.cpp:437]712583 aclrtMemcpyImpl: synchronized memcpy failed, kind = 1, runtime result = 107030
[ERROR] RUNTIME(712583,):2026-01-15-10:29:19.143.299 [api_error.cc:1519]712583 MemCopySync:Memory copy sync failed, cnt=72, kind=1.
[ERROR] RUNTIME(712583,):2026-01-15-10:29:19.143.307 [api_c.cc:1197]712583 rtMemcpy:ErrCode=107030, desc=[the current capture mode does not support this operation], InnerCode=0x703001c
[ERROR] RUNTIME(712583,):2026-01-15-10:29:19.143.310 [error_message_manage.cc:53]712583 FuncErrorReason:report error module_type=3, module_name=EE8888
[ERROR] RUNTIME(712583,):2026-01-15-10:29:19.143.312 [error_message_manage.cc:53]712583 FuncErrorReason:rtMemcpy execute failed, reason=[the current capture mode does not support this operation]
[ERROR] ASCENDCL(712583,):2026-01-15-10:29:19.143.562 [memory.cpp:437]712583 aclrtMemcpyImpl: synchronized memcpy failed, kind = 1, runtime result = 107030
[ERROR] RUNTIME(712583,):2026-01-15-10:29:19.221.991 [api_error.cc:1519]712583 MemCopySync:Memory copy sync failed, cnt=416, kind=1.
[ERROR] RUNTIME(712583,):2026-01-15-10:29:19.222.000 [api_c.cc:1197]712583 rtMemcpy:ErrCode=107030, desc=[the current capture mode does not support this operation], InnerCode=0x703001c
[ERROR] RUNTIME(712583,):2026-01-15-10:29:19.222.003 [error_message_manage.cc:53]712583 FuncErrorReason:report error module_type=3, module_name=EE8888
[ERROR] RUNTIME(712583,):2026-01-15-10:29:19.222.006 [error_message_manage.cc:53]712583 FuncErrorReason:rtMemcpy execute failed, reason=[the current capture mode does not support this operation]
[ERROR] ASCENDCL(712583,):2026-01-15-10:29:19.222.326 [memory.cpp:437]712583 aclrtMemcpyImpl: synchronized memcpy failed, kind = 1, runtime result = 107030
[ERROR] RUNTIME(712583,):2026-01-15-10:29:19.293.727 [api_error.cc:1519]712583 MemCopySync:Memory copy sync failed, cnt=72, kind=1.
[ERROR] RUNTIME(712583,):2026-01-15-10:29:19.293.735 [api_c.cc:1197]712583 rtMemcpy:ErrCode=107030, desc=[the current capture mode does not support this operation], InnerCode=0x703001c
[ERROR] RUNTIME(712583,):2026-01-15-10:29:19.293.737 [error_message_manage.cc:53]712583 FuncErrorReason:report error module_type=3, module_name=EE8888
[ERROR] RUNTIME(712583,):2026-01-15-10:29:19.293.740 [error_message_manage.cc:53]712583 FuncErrorReason:rtMemcpy execute failed, reason=[the current capture mode does not support this operation]
[ERROR] ASCENDCL(712583,):2026-01-15-10:29:19.293.965 [memory.cpp:437]712583 aclrtMemcpyImpl: synchronized memcpy failed, kind = 1, runtime result = 107030
[ERROR] RUNTIME(712583,):2026-01-15-10:29:19.366.708 [api_error.cc:1519]712583 MemCopySync:Memory copy sync failed, cnt=416, kind=1.
[ERROR] RUNTIME(712583,):2026-01-15-10:29:19.366.716 [api_c.cc:1197]712583 rtMemcpy:ErrCode=107030, desc=[the current capture mode does not support this operation], InnerCode=0x703001c
[ERROR] RUNTIME(712583,):2026-01-15-10:29:19.366.719 [error_message_manage.cc:53]712583 FuncErrorReason:report error module_type=3, module_name=EE8888
[ERROR] RUNTIME(712583,):2026-01-15-10:29:19.366.722 [error_message_manage.cc:53]712583 FuncErrorReason:rtMemcpy execute failed, reason=[the current capture mode does not support this operation]
[ERROR] ASCENDCL(712583,):2026-01-15-10:29:19.366.948 [memory.cpp:437]712583 aclrtMemcpyImpl: synchronized memcpy failed, kind = 1, runtime result = 107030
[ERROR] RUNTIME(712583,):2026-01-15-10:29:19.433.710 [api_error.cc:1519]712583 MemCopySync:Memory copy sync failed, cnt=72, kind=1.
[ERROR] RUNTIME(712583,):2026-01-15-10:29:19.433.718 [api_c.cc:1197]712583 rtMemcpy:ErrCode=107030, desc=[the current capture mode does not support this operation], InnerCode=0x703001c
[ERROR] RUNTIME(712583,):2026-01-15-10:29:19.433.721 [error_message_manage.cc:53]712583 FuncErrorReason:report error module_type=3, module_name=EE8888
[ERROR] RUNTIME(712583,):2026-01-15-10:29:19.433.724 [error_message_manage.cc:53]712583 FuncErrorReason:rtMemcpy execute failed, reason=[the current capture mode does not support this operation]
[ERROR] ASCENDCL(712583,):2026-01-15-10:29:19.433.984 [memory.cpp:437]712583 aclrtMemcpyImpl: synchronized memcpy failed, kind = 1, runtime result = 107030
[ERROR] RUNTIME(712583,):2026-01-15-10:29:19.502.420 [api_error.cc:1519]712583 MemCopySync:Memory copy sync failed, cnt=416, kind=1.
[ERROR] RUNTIME(712583,):2026-01-15-10:29:19.502.428 [api_c.cc:1197]712583 rtMemcpy:ErrCode=107030, desc=[the current capture mode does not support this operation], InnerCode=0x703001c
[ERROR] RUNTIME(712583,):2026-01-15-10:29:19.502.430 [error_message_manage.cc:53]712583 FuncErrorReason:report error module_type=3, module_name=EE8888
[ERROR] RUNTIME(712583,):2026-01-15-10:29:19.502.433 [error_message_manage.cc:53]712583 FuncErrorReason:rtMemcpy execute failed, reason=[the current capture mode does not support this operation]
[ERROR] ASCENDCL(712583,):2026-01-15-10:29:19.502.648 [memory.cpp:437]712583 aclrtMemcpyImpl: synchronized memcpy failed, kind = 1, runtime result = 107030
[ERROR] RUNTIME(712583,):2026-01-15-10:29:19.570.259 [api_error.cc:1519]712583 MemCopySync:Memory copy sync failed, cnt=72, kind=1.
[ERROR] RUNTIME(712583,):2026-01-15-10:29:19.570.267 [api_c.cc:1197]712583 rtMemcpy:ErrCode=107030, desc=[the current capture mode does not support this operation], InnerCode=0x703001c
[ERROR] RUNTIME(712583,):2026-01-15-10:29:19.570.269 [error_message_manage.cc:53]712583 FuncErrorReason:report error module_type=3, module_name=EE8888
[ERROR] RUNTIME(712583,):2026-01-15-10:29:19.570.272 [error_message_manage.cc:53]712583 FuncErrorReason:rtMemcpy execute failed, reason=[the current capture mode does not support this operation]
[ERROR] ASCENDCL(712583,):2026-01-15-10:29:19.570.505 [memory.cpp:437]712583 aclrtMemcpyImpl: synchronized memcpy failed, kind = 1, runtime result = 107030
[ERROR] RUNTIME(712583,):2026-01-15-10:29:19.637.270 [api_error.cc:1519]712583 MemCopySync:Memory copy sync failed, cnt=416, kind=1.
[ERROR] RUNTIME(712583,):2026-01-15-10:29:19.637.279 [api_c.cc:1197]712583 rtMemcpy:ErrCode=107030, desc=[the current capture mode does not support this operation], InnerCode=0x703001c
[ERROR] RUNTIME(712583,):2026-01-15-10:29:19.637.281 [error_message_manage.cc:53]712583 FuncErrorReason:report error module_type=3, module_name=EE8888
[ERROR] RUNTIME(712583,):2026-01-15-10:29:19.637.284 [error_message_manage.cc:53]712583 FuncErrorReason:rtMemcpy execute failed, reason=[the current capture mode does not support this operation]
[ERROR] ASCENDCL(712583,):2026-01-15-10:29:19.637.557 [memory.cpp:437]712583 aclrtMemcpyImpl: synchronized memcpy failed, kind = 1, runtime result = 107030
[ERROR] RUNTIME(712583,):2026-01-15-10:29:19.706.030 [api_error.cc:1519]712583 MemCopySync:Memory copy sync failed, cnt=72, kind=1.
[ERROR] RUNTIME(712583,):2026-01-15-10:29:19.706.038 [api_c.cc:1197]712583 rtMemcpy:ErrCode=107030, desc=[the current capture mode does not support this operation], InnerCode=0x703001c
[ERROR] RUNTIME(712583,):2026-01-15-10:29:19.706.041 [error_message_manage.cc:53]712583 FuncErrorReason:report error module_type=3, module_name=EE8888
[ERROR] RUNTIME(712583,):2026-01-15-10:29:19.706.044 [error_message_manage.cc:53]712583 FuncErrorReason:rtMemcpy execute failed, reason=[the current capture mode does not support this operation]
[ERROR] ASCENDCL(712583,):2026-01-15-10:29:19.706.339 [memory.cpp:437]712583 aclrtMemcpyImpl: synchronized memcpy failed, kind = 1, runtime result = 107030
[ERROR] RUNTIME(712583,):2026-01-15-10:29:19.774.476 [api_error.cc:1519]712583 MemCopySync:Memory copy sync failed, cnt=416, kind=1.
[ERROR] RUNTIME(712583,):2026-01-15-10:29:19.774.486 [api_c.cc:1197]712583 rtMemcpy:ErrCode=107030, desc=[the current capture mode does not support this operation], InnerCode=0x703001c
[ERROR] RUNTIME(712583,):2026-01-15-10:29:19.774.489 [error_message_manage.cc:53]712583 FuncErrorReason:report error module_type=3, module_name=EE8888
[ERROR] RUNTIME(712583,):2026-01-15-10:29:19.774.492 [error_message_manage.cc:53]712583 FuncErrorReason:rtMemcpy execute failed, reason=[the current capture mode does not support this operation]
[ERROR] ASCENDCL(712583,):2026-01-15-10:29:19.774.698 [memory.cpp:437]712583 aclrtMemcpyImpl: synchronized memcpy failed, kind = 1, runtime result = 107030
[ERROR] RUNTIME(712583,):2026-01-15-10:29:19.839.217 [api_error.cc:1519]712583 MemCopySync:Memory copy sync failed, cnt=72, kind=1.
[ERROR] RUNTIME(712583,):2026-01-15-10:29:19.839.225 [api_c.cc:1197]712583 rtMemcpy:ErrCode=107030, desc=[the current capture mode does not support this operation], InnerCode=0x703001c
[ERROR] RUNTIME(712583,):2026-01-15-10:29:19.839.227 [error_message_manage.cc:53]712583 FuncErrorReason:report error module_type=3, module_name=EE8888
[ERROR] RUNTIME(712583,):2026-01-15-10:29:19.839.230 [error_message_manage.cc:53]712583 FuncErrorReason:rtMemcpy execute failed, reason=[the current capture mode does not support this operation]
[ERROR] ASCENDCL(712583,):2026-01-15-10:29:19.839.471 [memory.cpp:437]712583 aclrtMemcpyImpl: synchronized memcpy failed, kind = 1, runtime result = 107030
[ERROR] RUNTIME(712583,):2026-01-15-10:29:19.915.179 [api_error.cc:1519]712583 MemCopySync:Memory copy sync failed, cnt=416, kind=1.
[ERROR] RUNTIME(712583,):2026-01-15-10:29:19.915.188 [api_c.cc:1197]712583 rtMemcpy:ErrCode=107030, desc=[the current capture mode does not support this operation], InnerCode=0x703001c
[ERROR] RUNTIME(712583,):2026-01-15-10:29:19.915.190 [error_message_manage.cc:53]712583 FuncErrorReason:report error module_type=3, module_name=EE8888
[ERROR] RUNTIME(712583,):2026-01-15-10:29:19.915.193 [error_message_manage.cc:53]712583 FuncErrorReason:rtMemcpy execute failed, reason=[the current capture mode does not support this operation]
[ERROR] ASCENDCL(712583,):2026-01-15-10:29:19.915.454 [memory.cpp:437]712583 aclrtMemcpyImpl: synchronized memcpy failed, kind = 1, runtime result = 107030
[ERROR] RUNTIME(712583,):2026-01-15-10:29:19.989.664 [api_error.cc:1519]712583 MemCopySync:Memory copy sync failed, cnt=72, kind=1.
[ERROR] RUNTIME(712583,):2026-01-15-10:29:19.989.673 [api_c.cc:1197]712583 rtMemcpy:ErrCode=107030, desc=[the current capture mode does not support this operation], InnerCode=0x703001c
[ERROR] RUNTIME(712583,):2026-01-15-10:29:19.989.675 [error_message_manage.cc:53]712583 FuncErrorReason:report error module_type=3, module_name=EE8888
[ERROR] RUNTIME(712583,):2026-01-15-10:29:19.989.678 [error_message_manage.cc:53]712583 FuncErrorReason:rtMemcpy execute failed, reason=[the current capture mode does not support this operation]
[ERROR] ASCENDCL(712583,):2026-01-15-10:29:19.989.890 [memory.cpp:437]712583 aclrtMemcpyImpl: synchronized memcpy failed, kind = 1, runtime result = 107030
[ERROR] RUNTIME(712583,):2026-01-15-10:29:20.061.943 [api_error.cc:1519]712583 MemCopySync:Memory copy sync failed, cnt=416, kind=1.
[ERROR] RUNTIME(712583,):2026-01-15-10:29:20.061.951 [api_c.cc:1197]712583 rtMemcpy:ErrCode=107030, desc=[the current capture mode does not support this operation], InnerCode=0x703001c
[ERROR] RUNTIME(712583,):2026-01-15-10:29:20.061.953 [error_message_manage.cc:53]712583 FuncErrorReason:report error module_type=3, module_name=EE8888
[ERROR] RUNTIME(712583,):2026-01-15-10:29:20.061.956 [error_message_manage.cc:53]712583 FuncErrorReason:rtMemcpy execute failed, reason=[the current capture mode does not support this operation]
[ERROR] ASCENDCL(712583,):2026-01-15-10:29:20.062.187 [memory.cpp:437]712583 aclrtMemcpyImpl: synchronized memcpy failed, kind = 1, runtime result = 107030
[ERROR] RUNTIME(712583,):2026-01-15-10:29:20.129.594 [api_error.cc:1519]712583 MemCopySync:Memory copy sync failed, cnt=72, kind=1.
[ERROR] RUNTIME(712583,):2026-01-15-10:29:20.129.601 [api_c.cc:1197]712583 rtMemcpy:ErrCode=107030, desc=[the current capture mode does not support this operation], InnerCode=0x703001c
[ERROR] RUNTIME(712583,):2026-01-15-10:29:20.129.604 [error_message_manage.cc:53]712583 FuncErrorReason:report error module_type=3, module_name=EE8888
[ERROR] RUNTIME(712583,):2026-01-15-10:29:20.129.606 [error_message_manage.cc:53]712583 FuncErrorReason:rtMemcpy execute failed, reason=[the current capture mode does not support this operation]
[ERROR] ASCENDCL(712583,):2026-01-15-10:29:20.129.904 [memory.cpp:437]712583 aclrtMemcpyImpl: synchronized memcpy failed, kind = 1, runtime result = 107030
[ERROR] RUNTIME(712583,):2026-01-15-10:29:20.202.926 [api_error.cc:1519]712583 MemCopySync:Memory copy sync failed, cnt=416, kind=1.
[ERROR] RUNTIME(712583,):2026-01-15-10:29:20.202.935 [api_c.cc:1197]712583 rtMemcpy:ErrCode=107030, desc=[the current capture mode does not support this operation], InnerCode=0x703001c
[ERROR] RUNTIME(712583,):2026-01-15-10:29:20.202.937 [error_message_manage.cc:53]712583 FuncErrorReason:report error module_type=3, module_name=EE8888
[ERROR] RUNTIME(712583,):2026-01-15-10:29:20.202.940 [error_message_manage.cc:53]712583 FuncErrorReason:rtMemcpy execute failed, reason=[the current capture mode does not support this operation]
[ERROR] ASCENDCL(712583,):2026-01-15-10:29:20.203.220 [memory.cpp:437]712583 aclrtMemcpyImpl: synchronized memcpy failed, kind = 1, runtime result = 107030
[ERROR] RUNTIME(712583,):2026-01-15-10:29:20.268.502 [api_error.cc:1519]712583 MemCopySync:Memory copy sync failed, cnt=72, kind=1.
[ERROR] RUNTIME(712583,):2026-01-15-10:29:20.268.510 [api_c.cc:1197]712583 rtMemcpy:ErrCode=107030, desc=[the current capture mode does not support this operation], InnerCode=0x703001c
[ERROR] RUNTIME(712583,):2026-01-15-10:29:20.268.512 [error_message_manage.cc:53]712583 FuncErrorReason:report error module_type=3, module_name=EE8888
[ERROR] RUNTIME(712583,):2026-01-15-10:29:20.268.515 [error_message_manage.cc:53]712583 FuncErrorReason:rtMemcpy execute failed, reason=[the current capture mode does not support this operation]
[ERROR] ASCENDCL(712583,):2026-01-15-10:29:20.268.783 [memory.cpp:437]712583 aclrtMemcpyImpl: synchronized memcpy failed, kind = 1, runtime result = 107030
[ERROR] RUNTIME(712583,):2026-01-15-10:29:20.338.126 [api_error.cc:1519]712583 MemCopySync:Memory copy sync failed, cnt=416, kind=1.
[ERROR] RUNTIME(712583,):2026-01-15-10:29:20.338.134 [api_c.cc:1197]712583 rtMemcpy:ErrCode=107030, desc=[the current capture mode does not support this operation], InnerCode=0x703001c
[ERROR] RUNTIME(712583,):2026-01-15-10:29:20.338.137 [error_message_manage.cc:53]712583 FuncErrorReason:report error module_type=3, module_name=EE8888
[ERROR] RUNTIME(712583,):2026-01-15-10:29:20.338.140 [error_message_manage.cc:53]712583 FuncErrorReason:rtMemcpy execute failed, reason=[the current capture mode does not support this operation]
[ERROR] ASCENDCL(712583,):2026-01-15-10:29:20.338.378 [memory.cpp:437]712583 aclrtMemcpyImpl: synchronized memcpy failed, kind = 1, runtime result = 107030
[ERROR] RUNTIME(712583,):2026-01-15-10:29:20.402.658 [api_error.cc:1519]712583 MemCopySync:Memory copy sync failed, cnt=72, kind=1.
[ERROR] RUNTIME(712583,):2026-01-15-10:29:20.402.666 [api_c.cc:1197]712583 rtMemcpy:ErrCode=107030, desc=[the current capture mode does not support this operation], InnerCode=0x703001c
[ERROR] RUNTIME(712583,):2026-01-15-10:29:20.402.669 [error_message_manage.cc:53]712583 FuncErrorReason:report error module_type=3, module_name=EE8888
[ERROR] RUNTIME(712583,):2026-01-15-10:29:20.402.672 [error_message_manage.cc:53]712583 FuncErrorReason:rtMemcpy execute failed, reason=[the current capture mode does not support this operation]
[ERROR] ASCENDCL(712583,):2026-01-15-10:29:20.402.926 [memory.cpp:437]712583 aclrtMemcpyImpl: synchronized memcpy failed, kind = 1, runtime result = 107030
[ERROR] RUNTIME(712583,):2026-01-15-10:29:20.452.029 [api_error.cc:1519]712583 MemCopySync:Memory copy sync failed, cnt=416, kind=1.
[ERROR] RUNTIME(712583,):2026-01-15-10:29:20.452.038 [api_c.cc:1197]712583 rtMemcpy:ErrCode=107030, desc=[the current capture mode does not support this operation], InnerCode=0x703001c
[ERROR] RUNTIME(712583,):2026-01-15-10:29:20.452.040 [error_message_manage.cc:53]712583 FuncErrorReason:report error module_type=3, module_name=EE8888
[ERROR] RUNTIME(712583,):2026-01-15-10:29:20.452.043 [error_message_manage.cc:53]712583 FuncErrorReason:rtMemcpy execute failed, reason=[the current capture mode does not support this operation]
[ERROR] ASCENDCL(712583,):2026-01-15-10:29:20.452.296 [memory.cpp:437]712583 aclrtMemcpyImpl: synchronized memcpy failed, kind = 1, runtime result = 107030
[ERROR] RUNTIME(712583,):2026-01-15-10:29:20.519.328 [api_error.cc:1519]712583 MemCopySync:Memory copy sync failed, cnt=72, kind=1.
[ERROR] RUNTIME(712583,):2026-01-15-10:29:20.519.335 [api_c.cc:1197]712583 rtMemcpy:ErrCode=107030, desc=[the current capture mode does not support this operation], InnerCode=0x703001c
[ERROR] RUNTIME(712583,):2026-01-15-10:29:20.519.338 [error_message_manage.cc:53]712583 FuncErrorReason:report error module_type=3, module_name=EE8888
[ERROR] RUNTIME(712583,):2026-01-15-10:29:20.519.341 [error_message_manage.cc:53]712583 FuncErrorReason:rtMemcpy execute failed, reason=[the current capture mode does not support this operation]
[ERROR] ASCENDCL(712583,):2026-01-15-10:29:20.519.549 [memory.cpp:437]712583 aclrtMemcpyImpl: synchronized memcpy failed, kind = 1, runtime result = 107030
[ERROR] RUNTIME(712583,):2026-01-15-10:29:20.595.190 [api_error.cc:1519]712583 MemCopySync:Memory copy sync failed, cnt=416, kind=1.
[ERROR] RUNTIME(712583,):2026-01-15-10:29:20.595.199 [api_c.cc:1197]712583 rtMemcpy:ErrCode=107030, desc=[the current capture mode does not support this operation], InnerCode=0x703001c
[ERROR] RUNTIME(712583,):2026-01-15-10:29:20.595.201 [error_message_manage.cc:53]712583 FuncErrorReason:report error module_type=3, module_name=EE8888
[ERROR] RUNTIME(712583,):2026-01-15-10:29:20.595.204 [error_message_manage.cc:53]712583 FuncErrorReason:rtMemcpy execute failed, reason=[the current capture mode does not support this operation]
[ERROR] ASCENDCL(712583,):2026-01-15-10:29:20.595.430 [memory.cpp:437]712583 aclrtMemcpyImpl: synchronized memcpy failed, kind = 1, runtime result = 107030
[ERROR] RUNTIME(712583,):2026-01-15-10:29:20.674.033 [api_error.cc:1519]712583 MemCopySync:Memory copy sync failed, cnt=72, kind=1.
[ERROR] RUNTIME(712583,):2026-01-15-10:29:20.674.041 [api_c.cc:1197]712583 rtMemcpy:ErrCode=107030, desc=[the current capture mode does not support this operation], InnerCode=0x703001c
[ERROR] RUNTIME(712583,):2026-01-15-10:29:20.674.044 [error_message_manage.cc:53]712583 FuncErrorReason:report error module_type=3, module_name=EE8888
[ERROR] RUNTIME(712583,):2026-01-15-10:29:20.674.046 [error_message_manage.cc:53]712583 FuncErrorReason:rtMemcpy execute failed, reason=[the current capture mode does not support this operation]
[ERROR] ASCENDCL(712583,):2026-01-15-10:29:20.674.328 [memory.cpp:437]712583 aclrtMemcpyImpl: synchronized memcpy failed, kind = 1, runtime result = 107030
[ERROR] RUNTIME(712583,):2026-01-15-10:29:20.757.717 [api_error.cc:1519]712583 MemCopySync:Memory copy sync failed, cnt=416, kind=1.
[ERROR] RUNTIME(712583,):2026-01-15-10:29:20.757.725 [api_c.cc:1197]712583 rtMemcpy:ErrCode=107030, desc=[the current capture mode does not support this operation], InnerCode=0x703001c
[ERROR] RUNTIME(712583,):2026-01-15-10:29:20.757.728 [error_message_manage.cc:53]712583 FuncErrorReason:report error module_type=3, module_name=EE8888
[ERROR] RUNTIME(712583,):2026-01-15-10:29:20.757.731 [error_message_manage.cc:53]712583 FuncErrorReason:rtMemcpy execute failed, reason=[the current capture mode does not support this operation]
[ERROR] ASCENDCL(712583,):2026-01-15-10:29:20.758.048 [memory.cpp:437]712583 aclrtMemcpyImpl: synchronized memcpy failed, kind = 1, runtime result = 107030
[ERROR] RUNTIME(712583,):2026-01-15-10:29:20.834.044 [api_error.cc:1519]712583 MemCopySync:Memory copy sync failed, cnt=72, kind=1.
[ERROR] RUNTIME(712583,):2026-01-15-10:29:20.834.053 [api_c.cc:1197]712583 rtMemcpy:ErrCode=107030, desc=[the current capture mode does not support this operation], InnerCode=0x703001c
[ERROR] RUNTIME(712583,):2026-01-15-10:29:20.834.055 [error_message_manage.cc:53]712583 FuncErrorReason:report error module_type=3, module_name=EE8888
[ERROR] RUNTIME(712583,):2026-01-15-10:29:20.834.058 [error_message_manage.cc:53]712583 FuncErrorReason:rtMemcpy execute failed, reason=[the current capture mode does not support this operation]
[ERROR] ASCENDCL(712583,):2026-01-15-10:29:20.834.350 [memory.cpp:437]712583 aclrtMemcpyImpl: synchronized memcpy failed, kind = 1, runtime result = 107030
[ERROR] RUNTIME(712583,):2026-01-15-10:29:20.905.066 [api_error.cc:1519]712583 MemCopySync:Memory copy sync failed, cnt=416, kind=1.
[ERROR] RUNTIME(712583,):2026-01-15-10:29:20.905.074 [api_c.cc:1197]712583 rtMemcpy:ErrCode=107030, desc=[the current capture mode does not support this operation], InnerCode=0x703001c
[ERROR] RUNTIME(712583,):2026-01-15-10:29:20.905.077 [error_message_manage.cc:53]712583 FuncErrorReason:report error module_type=3, module_name=EE8888
[ERROR] RUNTIME(712583,):2026-01-15-10:29:20.905.079 [error_message_manage.cc:53]712583 FuncErrorReason:rtMemcpy execute failed, reason=[the current capture mode does not support this operation]
[ERROR] ASCENDCL(712583,):2026-01-15-10:29:20.905.309 [memory.cpp:437]712583 aclrtMemcpyImpl: synchronized memcpy failed, kind = 1, runtime result = 107030
[ERROR] RUNTIME(712583,):2026-01-15-10:29:20.964.963 [api_error.cc:1519]712583 MemCopySync:Memory copy sync failed, cnt=72, kind=1.
[ERROR] RUNTIME(712583,):2026-01-15-10:29:20.964.971 [api_c.cc:1197]712583 rtMemcpy:ErrCode=107030, desc=[the current capture mode does not support this operation], InnerCode=0x703001c
[ERROR] RUNTIME(712583,):2026-01-15-10:29:20.964.974 [error_message_manage.cc:53]712583 FuncErrorReason:report error module_type=3, module_name=EE8888
[ERROR] RUNTIME(712583,):2026-01-15-10:29:20.964.976 [error_message_manage.cc:53]712583 FuncErrorReason:rtMemcpy execute failed, reason=[the current capture mode does not support this operation]
[ERROR] ASCENDCL(712583,):2026-01-15-10:29:20.965.195 [memory.cpp:437]712583 aclrtMemcpyImpl: synchronized memcpy failed, kind = 1, runtime result = 107030
[ERROR] RUNTIME(712583,):2026-01-15-10:29:21.017.545 [api_error.cc:1519]712583 MemCopySync:Memory copy sync failed, cnt=416, kind=1.
[ERROR] RUNTIME(712583,):2026-01-15-10:29:21.017.553 [api_c.cc:1197]712583 rtMemcpy:ErrCode=107030, desc=[the current capture mode does not support this operation], InnerCode=0x703001c
[ERROR] RUNTIME(712583,):2026-01-15-10:29:21.017.556 [error_message_manage.cc:53]712583 FuncErrorReason:report error module_type=3, module_name=EE8888
[ERROR] RUNTIME(712583,):2026-01-15-10:29:21.017.559 [error_message_manage.cc:53]712583 FuncErrorReason:rtMemcpy execute failed, reason=[the current capture mode does not support this operation]
[ERROR] ASCENDCL(712583,):2026-01-15-10:29:21.017.818 [memory.cpp:437]712583 aclrtMemcpyImpl: synchronized memcpy failed, kind = 1, runtime result = 107030
[ERROR] RUNTIME(712583,):2026-01-15-10:29:21.084.715 [api_error.cc:1519]712583 MemCopySync:Memory copy sync failed, cnt=72, kind=1.
[ERROR] RUNTIME(712583,):2026-01-15-10:29:21.084.723 [api_c.cc:1197]712583 rtMemcpy:ErrCode=107030, desc=[the current capture mode does not support this operation], InnerCode=0x703001c
[ERROR] RUNTIME(712583,):2026-01-15-10:29:21.084.726 [error_message_manage.cc:53]712583 FuncErrorReason:report error module_type=3, module_name=EE8888
[ERROR] RUNTIME(712583,):2026-01-15-10:29:21.084.729 [error_message_manage.cc:53]712583 FuncErrorReason:rtMemcpy execute failed, reason=[the current capture mode does not support this operation]
[ERROR] ASCENDCL(712583,):2026-01-15-10:29:21.084.982 [memory.cpp:437]712583 aclrtMemcpyImpl: synchronized memcpy failed, kind = 1, runtime result = 107030
[ERROR] RUNTIME(712583,):2026-01-15-10:29:21.156.442 [api_error.cc:1519]712583 MemCopySync:Memory copy sync failed, cnt=416, kind=1.
[ERROR] RUNTIME(712583,):2026-01-15-10:29:21.156.450 [api_c.cc:1197]712583 rtMemcpy:ErrCode=107030, desc=[the current capture mode does not support this operation], InnerCode=0x703001c
[ERROR] RUNTIME(712583,):2026-01-15-10:29:21.156.453 [error_message_manage.cc:53]712583 FuncErrorReason:report error module_type=3, module_name=EE8888
[ERROR] RUNTIME(712583,):2026-01-15-10:29:21.156.456 [error_message_manage.cc:53]712583 FuncErrorReason:rtMemcpy execute failed, reason=[the current capture mode does not support this operation]
[ERROR] ASCENDCL(712583,):2026-01-15-10:29:21.156.691 [memory.cpp:437]712583 aclrtMemcpyImpl: synchronized memcpy failed, kind = 1, runtime result = 107030
[ERROR] RUNTIME(712583,):2026-01-15-10:29:21.234.376 [api_error.cc:1519]712583 MemCopySync:Memory copy sync failed, cnt=72, kind=1.
[ERROR] RUNTIME(712583,):2026-01-15-10:29:21.234.384 [api_c.cc:1197]712583 rtMemcpy:ErrCode=107030, desc=[the current capture mode does not support this operation], InnerCode=0x703001c
[ERROR] RUNTIME(712583,):2026-01-15-10:29:21.234.387 [error_message_manage.cc:53]712583 FuncErrorReason:report error module_type=3, module_name=EE8888
[ERROR] RUNTIME(712583,):2026-01-15-10:29:21.234.390 [error_message_manage.cc:53]712583 FuncErrorReason:rtMemcpy execute failed, reason=[the current capture mode does not support this operation]
[ERROR] ASCENDCL(712583,):2026-01-15-10:29:21.234.647 [memory.cpp:437]712583 aclrtMemcpyImpl: synchronized memcpy failed, kind = 1, runtime result = 107030
[ERROR] RUNTIME(712583,):2026-01-15-10:29:21.307.519 [api_error.cc:1519]712583 MemCopySync:Memory copy sync failed, cnt=416, kind=1.
[ERROR] RUNTIME(712583,):2026-01-15-10:29:21.307.527 [api_c.cc:1197]712583 rtMemcpy:ErrCode=107030, desc=[the current capture mode does not support this operation], InnerCode=0x703001c
[ERROR] RUNTIME(712583,):2026-01-15-10:29:21.307.530 [error_message_manage.cc:53]712583 FuncErrorReason:report error module_type=3, module_name=EE8888
[ERROR] RUNTIME(712583,):2026-01-15-10:29:21.307.533 [error_message_manage.cc:53]712583 FuncErrorReason:rtMemcpy execute failed, reason=[the current capture mode does not support this operation]
[ERROR] ASCENDCL(712583,):2026-01-15-10:29:21.307.764 [memory.cpp:437]712583 aclrtMemcpyImpl: synchronized memcpy failed, kind = 1, runtime result = 107030
[ERROR] RUNTIME(712583,):2026-01-15-10:29:21.377.219 [api_error.cc:1519]712583 MemCopySync:Memory copy sync failed, cnt=72, kind=1.
[ERROR] RUNTIME(712583,):2026-01-15-10:29:21.377.227 [api_c.cc:1197]712583 rtMemcpy:ErrCode=107030, desc=[the current capture mode does not support this operation], InnerCode=0x703001c
[ERROR] RUNTIME(712583,):2026-01-15-10:29:21.377.229 [error_message_manage.cc:53]712583 FuncErrorReason:report error module_type=3, module_name=EE8888
[ERROR] RUNTIME(712583,):2026-01-15-10:29:21.377.232 [error_message_manage.cc:53]712583 FuncErrorReason:rtMemcpy execute failed, reason=[the current capture mode does not support this operation]
[ERROR] ASCENDCL(712583,):2026-01-15-10:29:21.377.502 [memory.cpp:437]712583 aclrtMemcpyImpl: synchronized memcpy failed, kind = 1, runtime result = 107030
[ERROR] RUNTIME(712583,):2026-01-15-10:29:21.450.749 [api_error.cc:1519]712583 MemCopySync:Memory copy sync failed, cnt=416, kind=1.
[ERROR] RUNTIME(712583,):2026-01-15-10:29:21.450.758 [api_c.cc:1197]712583 rtMemcpy:ErrCode=107030, desc=[the current capture mode does not support this operation], InnerCode=0x703001c
[ERROR] RUNTIME(712583,):2026-01-15-10:29:21.450.761 [error_message_manage.cc:53]712583 FuncErrorReason:report error module_type=3, module_name=EE8888
[ERROR] RUNTIME(712583,):2026-01-15-10:29:21.450.764 [error_message_manage.cc:53]712583 FuncErrorReason:rtMemcpy execute failed, reason=[the current capture mode does not support this operation]
[ERROR] ASCENDCL(712583,):2026-01-15-10:29:21.451.028 [memory.cpp:437]712583 aclrtMemcpyImpl: synchronized memcpy failed, kind = 1, runtime result = 107030
[ERROR] RUNTIME(712583,):2026-01-15-10:29:21.520.225 [api_error.cc:1519]712583 MemCopySync:Memory copy sync failed, cnt=72, kind=1.
[ERROR] RUNTIME(712583,):2026-01-15-10:29:21.520.232 [api_c.cc:1197]712583 rtMemcpy:ErrCode=107030, desc=[the current capture mode does not support this operation], InnerCode=0x703001c
[ERROR] RUNTIME(712583,):2026-01-15-10:29:21.520.235 [error_message_manage.cc:53]712583 FuncErrorReason:report error module_type=3, module_name=EE8888
[ERROR] RUNTIME(712583,):2026-01-15-10:29:21.520.238 [error_message_manage.cc:53]712583 FuncErrorReason:rtMemcpy execute failed, reason=[the current capture mode does not support this operation]
[ERROR] ASCENDCL(712583,):2026-01-15-10:29:21.520.459 [memory.cpp:437]712583 aclrtMemcpyImpl: synchronized memcpy failed, kind = 1, runtime result = 107030
[ERROR] RUNTIME(712583,):2026-01-15-10:29:21.587.759 [api_error.cc:1519]712583 MemCopySync:Memory copy sync failed, cnt=416, kind=1.
[ERROR] RUNTIME(712583,):2026-01-15-10:29:21.587.768 [api_c.cc:1197]712583 rtMemcpy:ErrCode=107030, desc=[the current capture mode does not support this operation], InnerCode=0x703001c
[ERROR] RUNTIME(712583,):2026-01-15-10:29:21.587.770 [error_message_manage.cc:53]712583 FuncErrorReason:report error module_type=3, module_name=EE8888
[ERROR] RUNTIME(712583,):2026-01-15-10:29:21.587.773 [error_message_manage.cc:53]712583 FuncErrorReason:rtMemcpy execute failed, reason=[the current capture mode does not support this operation]
[ERROR] ASCENDCL(712583,):2026-01-15-10:29:21.588.012 [memory.cpp:437]712583 aclrtMemcpyImpl: synchronized memcpy failed, kind = 1, runtime result = 107030
[ERROR] RUNTIME(712583,):2026-01-15-10:29:21.653.814 [api_error.cc:1519]712583 MemCopySync:Memory copy sync failed, cnt=72, kind=1.
[ERROR] RUNTIME(712583,):2026-01-15-10:29:21.653.821 [api_c.cc:1197]712583 rtMemcpy:ErrCode=107030, desc=[the current capture mode does not support this operation], InnerCode=0x703001c
[ERROR] RUNTIME(712583,):2026-01-15-10:29:21.653.824 [error_message_manage.cc:53]712583 FuncErrorReason:report error module_type=3, module_name=EE8888
[ERROR] RUNTIME(712583,):2026-01-15-10:29:21.653.827 [error_message_manage.cc:53]712583 FuncErrorReason:rtMemcpy execute failed, reason=[the current capture mode does not support this operation]
[ERROR] ASCENDCL(712583,):2026-01-15-10:29:21.654.069 [memory.cpp:437]712583 aclrtMemcpyImpl: synchronized memcpy failed, kind = 1, runtime result = 107030
[ERROR] RUNTIME(712583,):2026-01-15-10:29:21.714.687 [api_error.cc:1519]712583 MemCopySync:Memory copy sync failed, cnt=416, kind=1.
[ERROR] RUNTIME(712583,):2026-01-15-10:29:21.714.695 [api_c.cc:1197]712583 rtMemcpy:ErrCode=107030, desc=[the current capture mode does not support this operation], InnerCode=0x703001c
[ERROR] RUNTIME(712583,):2026-01-15-10:29:21.714.698 [error_message_manage.cc:53]712583 FuncErrorReason:report error module_type=3, module_name=EE8888
[ERROR] RUNTIME(712583,):2026-01-15-10:29:21.714.701 [error_message_manage.cc:53]712583 FuncErrorReason:rtMemcpy execute failed, reason=[the current capture mode does not support this operation]
[ERROR] ASCENDCL(712583,):2026-01-15-10:29:21.714.903 [memory.cpp:437]712583 aclrtMemcpyImpl: synchronized memcpy failed, kind = 1, runtime result = 107030
[ERROR] RUNTIME(712583,):2026-01-15-10:29:21.783.739 [api_error.cc:1519]712583 MemCopySync:Memory copy sync failed, cnt=72, kind=1.
[ERROR] RUNTIME(712583,):2026-01-15-10:29:21.783.747 [api_c.cc:1197]712583 rtMemcpy:ErrCode=107030, desc=[the current capture mode does not support this operation], InnerCode=0x703001c
[ERROR] RUNTIME(712583,):2026-01-15-10:29:21.783.749 [error_message_manage.cc:53]712583 FuncErrorReason:report error module_type=3, module_name=EE8888
[ERROR] RUNTIME(712583,):2026-01-15-10:29:21.783.752 [error_message_manage.cc:53]712583 FuncErrorReason:rtMemcpy execute failed, reason=[the current capture mode does not support this operation]
[ERROR] ASCENDCL(712583,):2026-01-15-10:29:21.783.972 [memory.cpp:437]712583 aclrtMemcpyImpl: synchronized memcpy failed, kind = 1, runtime result = 107030
[ERROR] RUNTIME(712583,):2026-01-15-10:29:21.855.311 [api_error.cc:1519]712583 MemCopySync:Memory copy sync failed, cnt=416, kind=1.
[ERROR] RUNTIME(712583,):2026-01-15-10:29:21.855.319 [api_c.cc:1197]712583 rtMemcpy:ErrCode=107030, desc=[the current capture mode does not support this operation], InnerCode=0x703001c
[ERROR] RUNTIME(712583,):2026-01-15-10:29:21.855.322 [error_message_manage.cc:53]712583 FuncErrorReason:report error module_type=3, module_name=EE8888
[ERROR] RUNTIME(712583,):2026-01-15-10:29:21.855.325 [error_message_manage.cc:53]712583 FuncErrorReason:rtMemcpy execute failed, reason=[the current capture mode does not support this operation]
[ERROR] ASCENDCL(712583,):2026-01-15-10:29:21.855.572 [memory.cpp:437]712583 aclrtMemcpyImpl: synchronized memcpy failed, kind = 1, runtime result = 107030
[ERROR] RUNTIME(712583,):2026-01-15-10:29:21.930.276 [api_error.cc:1519]712583 MemCopySync:Memory copy sync failed, cnt=72, kind=1.
[ERROR] RUNTIME(712583,):2026-01-15-10:29:21.930.284 [api_c.cc:1197]712583 rtMemcpy:ErrCode=107030, desc=[the current capture mode does not support this operation], InnerCode=0x703001c
[ERROR] RUNTIME(712583,):2026-01-15-10:29:21.930.286 [error_message_manage.cc:53]712583 FuncErrorReason:report error module_type=3, module_name=EE8888
[ERROR] RUNTIME(712583,):2026-01-15-10:29:21.930.289 [error_message_manage.cc:53]712583 FuncErrorReason:rtMemcpy execute failed, reason=[the current capture mode does not support this operation]
[ERROR] ASCENDCL(712583,):2026-01-15-10:29:21.930.509 [memory.cpp:437]712583 aclrtMemcpyImpl: synchronized memcpy failed, kind = 1, runtime result = 107030
[ERROR] RUNTIME(712583,):2026-01-15-10:29:22.006.269 [api_error.cc:1519]712583 MemCopySync:Memory copy sync failed, cnt=416, kind=1.
[ERROR] RUNTIME(712583,):2026-01-15-10:29:22.006.278 [api_c.cc:1197]712583 rtMemcpy:ErrCode=107030, desc=[the current capture mode does not support this operation], InnerCode=0x703001c
[ERROR] RUNTIME(712583,):2026-01-15-10:29:22.006.280 [error_message_manage.cc:53]712583 FuncErrorReason:report error module_type=3, module_name=EE8888
[ERROR] RUNTIME(712583,):2026-01-15-10:29:22.006.283 [error_message_manage.cc:53]712583 FuncErrorReason:rtMemcpy execute failed, reason=[the current capture mode does not support this operation]
[ERROR] ASCENDCL(712583,):2026-01-15-10:29:22.006.652 [memory.cpp:437]712583 aclrtMemcpyImpl: synchronized memcpy failed, kind = 1, runtime result = 107030
[ERROR] RUNTIME(712583,):2026-01-15-10:29:22.086.202 [api_error.cc:1519]712583 MemCopySync:Memory copy sync failed, cnt=72, kind=1.
[ERROR] RUNTIME(712583,):2026-01-15-10:29:22.086.210 [api_c.cc:1197]712583 rtMemcpy:ErrCode=107030, desc=[the current capture mode does not support this operation], InnerCode=0x703001c
[ERROR] RUNTIME(712583,):2026-01-15-10:29:22.086.213 [error_message_manage.cc:53]712583 FuncErrorReason:report error module_type=3, module_name=EE8888
[ERROR] RUNTIME(712583,):2026-01-15-10:29:22.086.215 [error_message_manage.cc:53]712583 FuncErrorReason:rtMemcpy execute failed, reason=[the current capture mode does not support this operation]
[ERROR] ASCENDCL(712583,):2026-01-15-10:29:22.086.409 [memory.cpp:437]712583 aclrtMemcpyImpl: synchronized memcpy failed, kind = 1, runtime result = 107030
[ERROR] RUNTIME(712583,):2026-01-15-10:29:22.157.957 [api_error.cc:1519]712583 MemCopySync:Memory copy sync failed, cnt=416, kind=1.
[ERROR] RUNTIME(712583,):2026-01-15-10:29:22.157.965 [api_c.cc:1197]712583 rtMemcpy:ErrCode=107030, desc=[the current capture mode does not support this operation], InnerCode=0x703001c
[ERROR] RUNTIME(712583,):2026-01-15-10:29:22.157.968 [error_message_manage.cc:53]712583 FuncErrorReason:report error module_type=3, module_name=EE8888
[ERROR] RUNTIME(712583,):2026-01-15-10:29:22.157.971 [error_message_manage.cc:53]712583 FuncErrorReason:rtMemcpy execute failed, reason=[the current capture mode does not support this operation]
[ERROR] ASCENDCL(712583,):2026-01-15-10:29:22.158.267 [memory.cpp:437]712583 aclrtMemcpyImpl: synchronized memcpy failed, kind = 1, runtime result = 107030
[ERROR] RUNTIME(712583,):2026-01-15-10:29:22.232.353 [api_error.cc:1519]712583 MemCopySync:Memory copy sync failed, cnt=72, kind=1.
[ERROR] RUNTIME(712583,):2026-01-15-10:29:22.232.361 [api_c.cc:1197]712583 rtMemcpy:ErrCode=107030, desc=[the current capture mode does not support this operation], InnerCode=0x703001c
[ERROR] RUNTIME(712583,):2026-01-15-10:29:22.232.363 [error_message_manage.cc:53]712583 FuncErrorReason:report error module_type=3, module_name=EE8888
[ERROR] RUNTIME(712583,):2026-01-15-10:29:22.232.366 [error_message_manage.cc:53]712583 FuncErrorReason:rtMemcpy execute failed, reason=[the current capture mode does not support this operation]
[ERROR] ASCENDCL(712583,):2026-01-15-10:29:22.232.639 [memory.cpp:437]712583 aclrtMemcpyImpl: synchronized memcpy failed, kind = 1, runtime result = 107030
[ERROR] RUNTIME(712583,):2026-01-15-10:29:22.305.355 [api_error.cc:1519]712583 MemCopySync:Memory copy sync failed, cnt=416, kind=1.
[ERROR] RUNTIME(712583,):2026-01-15-10:29:22.305.363 [api_c.cc:1197]712583 rtMemcpy:ErrCode=107030, desc=[the current capture mode does not support this operation], InnerCode=0x703001c
[ERROR] RUNTIME(712583,):2026-01-15-10:29:22.305.366 [error_message_manage.cc:53]712583 FuncErrorReason:report error module_type=3, module_name=EE8888
[ERROR] RUNTIME(712583,):2026-01-15-10:29:22.305.368 [error_message_manage.cc:53]712583 FuncErrorReason:rtMemcpy execute failed, reason=[the current capture mode does not support this operation]
[ERROR] ASCENDCL(712583,):2026-01-15-10:29:22.305.587 [memory.cpp:437]712583 aclrtMemcpyImpl: synchronized memcpy failed, kind = 1, runtime result = 107030
[ERROR] RUNTIME(712583,):2026-01-15-10:29:22.379.589 [api_error.cc:1519]712583 MemCopySync:Memory copy sync failed, cnt=72, kind=1.
[ERROR] RUNTIME(712583,):2026-01-15-10:29:22.379.597 [api_c.cc:1197]712583 rtMemcpy:ErrCode=107030, desc=[the current capture mode does not support this operation], InnerCode=0x703001c
[ERROR] RUNTIME(712583,):2026-01-15-10:29:22.379.599 [error_message_manage.cc:53]712583 FuncErrorReason:report error module_type=3, module_name=EE8888
[ERROR] RUNTIME(712583,):2026-01-15-10:29:22.379.602 [error_message_manage.cc:53]712583 FuncErrorReason:rtMemcpy execute failed, reason=[the current capture mode does not support this operation]
[ERROR] ASCENDCL(712583,):2026-01-15-10:29:22.379.825 [memory.cpp:437]712583 aclrtMemcpyImpl: synchronized memcpy failed, kind = 1, runtime result = 107030
[ERROR] RUNTIME(712583,):2026-01-15-10:29:22.572.710 [api_c_stream.cc:412]712583 rtsStreamSetAttribute:report error module_name=EE1001
[ERROR] RUNTIME(712583,):2026-01-15-10:29:22.572.717 [api_c_stream.cc:412]712583 rtsStreamSetAttribute:Invalid stream attribute ID: 4, Supported stream attribute IDs: [1, 4).
[ERROR] RUNTIME(712583,):2026-01-15-10:29:22.572.748 [api_c_stream.cc:416]712583 rtsStreamSetAttribute:ErrCode=107000, desc=[invalid value], InnerCode=0x7110001
[ERROR] RUNTIME(712583,):2026-01-15-10:29:22.572.751 [error_message_manage.cc:48]712583 FuncErrorReason:report error module_name=EE1001
[ERROR] RUNTIME(712583,):2026-01-15-10:29:22.572.754 [error_message_manage.cc:48]712583 FuncErrorReason:rtsStreamSetAttribute execute failed, reason=[invalid value]
[ERROR] ASCENDCL(712583,):2026-01-15-10:29:22.573.028 [stream.cpp:299]712583 aclrtSetStreamAttributeImpl: call rtsStreamSetAttribute failed, runtime result = 107000
[ERROR] RUNTIME(712583,):2026-01-15-10:29:23.128.294 [api_c_stream.cc:412]712583 rtsStreamSetAttribute:report error module_name=EE1001
[ERROR] RUNTIME(712583,):2026-01-15-10:29:23.128.301 [api_c_stream.cc:412]712583 rtsStreamSetAttribute:Invalid stream attribute ID: 4, Supported stream attribute IDs: [1, 4).
[ERROR] RUNTIME(712583,):2026-01-15-10:29:23.128.331 [api_c_stream.cc:416]712583 rtsStreamSetAttribute:ErrCode=107000, desc=[invalid value], InnerCode=0x7110001
[ERROR] RUNTIME(712583,):2026-01-15-10:29:23.128.334 [error_message_manage.cc:48]712583 FuncErrorReason:report error module_name=EE1001
[ERROR] RUNTIME(712583,):2026-01-15-10:29:23.128.337 [error_message_manage.cc:48]712583 FuncErrorReason:rtsStreamSetAttribute execute failed, reason=[invalid value]
[ERROR] ASCENDCL(712583,):2026-01-15-10:29:23.128.518 [stream.cpp:299]712583 aclrtSetStreamAttributeImpl: call rtsStreamSetAttribute failed, runtime result = 107000
[ERROR] RUNTIME(712583,):2026-01-15-10:29:23.693.654 [api_error.cc:1519]712583 MemCopySync:Memory copy sync failed, cnt=416, kind=1.
[ERROR] RUNTIME(712583,):2026-01-15-10:29:23.693.663 [api_c.cc:1197]712583 rtMemcpy:ErrCode=107030, desc=[the current capture mode does not support this operation], InnerCode=0x703001c
[ERROR] RUNTIME(712583,):2026-01-15-10:29:23.693.666 [error_message_manage.cc:53]712583 FuncErrorReason:report error module_type=3, module_name=EE8888
[ERROR] RUNTIME(712583,):2026-01-15-10:29:23.693.669 [error_message_manage.cc:53]712583 FuncErrorReason:rtMemcpy execute failed, reason=[the current capture mode does not support this operation]
[ERROR] ASCENDCL(712583,):2026-01-15-10:29:23.693.915 [memory.cpp:437]712583 aclrtMemcpyImpl: synchronized memcpy failed, kind = 1, runtime result = 107030
[ERROR] RUNTIME(712583,):2026-01-15-10:29:23.694.928 [api_error.cc:1519]712583 MemCopySync:Memory copy sync failed, cnt=72, kind=1.
[ERROR] RUNTIME(712583,):2026-01-15-10:29:23.694.936 [api_c.cc:1197]712583 rtMemcpy:ErrCode=107030, desc=[the current capture mode does not support this operation], InnerCode=0x703001c
[ERROR] RUNTIME(712583,):2026-01-15-10:29:23.694.938 [error_message_manage.cc:53]712583 FuncErrorReason:report error module_type=3, module_name=EE8888
[ERROR] RUNTIME(712583,):2026-01-15-10:29:23.694.941 [error_message_manage.cc:53]712583 FuncErrorReason:rtMemcpy execute failed, reason=[the current capture mode does not support this operation]
[ERROR] ASCENDCL(712583,):2026-01-15-10:29:23.695.089 [memory.cpp:437]712583 aclrtMemcpyImpl: synchronized memcpy failed, kind = 1, runtime result = 107030
[ERROR] RUNTIME(712583,):2026-01-15-10:29:24.468.651 [api_error.cc:1519]712583 MemCopySync:Memory copy sync failed, cnt=416, kind=1.
[ERROR] RUNTIME(712583,):2026-01-15-10:29:24.468.662 [api_c.cc:1197]712583 rtMemcpy:ErrCode=107030, desc=[the current capture mode does not support this operation], InnerCode=0x703001c
[ERROR] RUNTIME(712583,):2026-01-15-10:29:24.468.665 [error_message_manage.cc:53]712583 FuncErrorReason:report error module_type=3, module_name=EE8888
[ERROR] RUNTIME(712583,):2026-01-15-10:29:24.468.668 [error_message_manage.cc:53]712583 FuncErrorReason:rtMemcpy execute failed, reason=[the current capture mode does not support this operation]
[ERROR] ASCENDCL(712583,):2026-01-15-10:29:24.468.986 [memory.cpp:437]712583 aclrtMemcpyImpl: synchronized memcpy failed, kind = 1, runtime result = 107030
[ERROR] RUNTIME(712583,):2026-01-15-10:29:25.223.500 [api_error.cc:1519]712583 MemCopySync:Memory copy sync failed, cnt=72, kind=1.
[ERROR] RUNTIME(712583,):2026-01-15-10:29:25.223.510 [api_c.cc:1197]712583 rtMemcpy:ErrCode=107030, desc=[the current capture mode does not support this operation], InnerCode=0x703001c
[ERROR] RUNTIME(712583,):2026-01-15-10:29:25.223.513 [error_message_manage.cc:53]712583 FuncErrorReason:report error module_type=3, module_name=EE8888
[ERROR] RUNTIME(712583,):2026-01-15-10:29:25.223.516 [error_message_manage.cc:53]712583 FuncErrorReason:rtMemcpy execute failed, reason=[the current capture mode does not support this operation]
[ERROR] ASCENDCL(712583,):2026-01-15-10:29:25.223.845 [memory.cpp:437]712583 aclrtMemcpyImpl: synchronized memcpy failed, kind = 1, runtime result = 107030
[ERROR] RUNTIME(712583,):2026-01-15-10:29:25.971.973 [api_error.cc:1519]712583 MemCopySync:Memory copy sync failed, cnt=416, kind=1.
[ERROR] RUNTIME(712583,):2026-01-15-10:29:25.971.983 [api_c.cc:1197]712583 rtMemcpy:ErrCode=107030, desc=[the current capture mode does not support this operation], InnerCode=0x703001c
[ERROR] RUNTIME(712583,):2026-01-15-10:29:25.971.986 [error_message_manage.cc:53]712583 FuncErrorReason:report error module_type=3, module_name=EE8888
[ERROR] RUNTIME(712583,):2026-01-15-10:29:25.971.990 [error_message_manage.cc:53]712583 FuncErrorReason:rtMemcpy execute failed, reason=[the current capture mode does not support this operation]
[ERROR] ASCENDCL(712583,):2026-01-15-10:29:25.972.308 [memory.cpp:437]712583 aclrtMemcpyImpl: synchronized memcpy failed, kind = 1, runtime result = 107030
[ERROR] RUNTIME(712583,):2026-01-15-10:29:26.724.746 [api_error.cc:1519]712583 MemCopySync:Memory copy sync failed, cnt=72, kind=1.
[ERROR] RUNTIME(712583,):2026-01-15-10:29:26.724.756 [api_c.cc:1197]712583 rtMemcpy:ErrCode=107030, desc=[the current capture mode does not support this operation], InnerCode=0x703001c
[ERROR] RUNTIME(712583,):2026-01-15-10:29:26.724.759 [error_message_manage.cc:53]712583 FuncErrorReason:report error module_type=3, module_name=EE8888
[ERROR] RUNTIME(712583,):2026-01-15-10:29:26.724.762 [error_message_manage.cc:53]712583 FuncErrorReason:rtMemcpy execute failed, reason=[the current capture mode does not support this operation]
[ERROR] ASCENDCL(712583,):2026-01-15-10:29:26.725.057 [memory.cpp:437]712583 aclrtMemcpyImpl: synchronized memcpy failed, kind = 1, runtime result = 107030
[ERROR] RUNTIME(712583,):2026-01-15-10:29:27.481.582 [api_error.cc:1519]712583 MemCopySync:Memory copy sync failed, cnt=416, kind=1.
[ERROR] RUNTIME(712583,):2026-01-15-10:29:27.481.593 [api_c.cc:1197]712583 rtMemcpy:ErrCode=107030, desc=[the current capture mode does not support this operation], InnerCode=0x703001c
[ERROR] RUNTIME(712583,):2026-01-15-10:29:27.481.596 [error_message_manage.cc:53]712583 FuncErrorReason:report error module_type=3, module_name=EE8888
[ERROR] RUNTIME(712583,):2026-01-15-10:29:27.481.599 [error_message_manage.cc:53]712583 FuncErrorReason:rtMemcpy execute failed, reason=[the current capture mode does not support this operation]
[ERROR] ASCENDCL(712583,):2026-01-15-10:29:27.481.923 [memory.cpp:437]712583 aclrtMemcpyImpl: synchronized memcpy failed, kind = 1, runtime result = 107030
[ERROR] RUNTIME(712583,):2026-01-15-10:29:28.231.454 [api_error.cc:1519]712583 MemCopySync:Memory copy sync failed, cnt=72, kind=1.
[ERROR] RUNTIME(712583,):2026-01-15-10:29:28.231.465 [api_c.cc:1197]712583 rtMemcpy:ErrCode=107030, desc=[the current capture mode does not support this operation], InnerCode=0x703001c
[ERROR] RUNTIME(712583,):2026-01-15-10:29:28.231.468 [error_message_manage.cc:53]712583 FuncErrorReason:report error module_type=3, module_name=EE8888
[ERROR] RUNTIME(712583,):2026-01-15-10:29:28.231.472 [error_message_manage.cc:53]712583 FuncErrorReason:rtMemcpy execute failed, reason=[the current capture mode does not support this operation]
[ERROR] ASCENDCL(712583,):2026-01-15-10:29:28.231.736 [memory.cpp:437]712583 aclrtMemcpyImpl: synchronized memcpy failed, kind = 1, runtime result = 107030
[ERROR] RUNTIME(712583,):2026-01-15-10:29:28.275.832 [api_error.cc:1519]712583 MemCopySync:Memory copy sync failed, cnt=416, kind=1.
[ERROR] RUNTIME(712583,):2026-01-15-10:29:28.275.841 [api_c.cc:1197]712583 rtMemcpy:ErrCode=107030, desc=[the current capture mode does not support this operation], InnerCode=0x703001c
[ERROR] RUNTIME(712583,):2026-01-15-10:29:28.275.844 [error_message_manage.cc:53]712583 FuncErrorReason:report error module_type=3, module_name=EE8888
[ERROR] RUNTIME(712583,):2026-01-15-10:29:28.275.847 [error_message_manage.cc:53]712583 FuncErrorReason:rtMemcpy execute failed, reason=[the current capture mode does not support this operation]
[ERROR] ASCENDCL(712583,):2026-01-15-10:29:28.276.087 [memory.cpp:437]712583 aclrtMemcpyImpl: synchronized memcpy failed, kind = 1, runtime result = 107030
[ERROR] RUNTIME(712583,):2026-01-15-10:29:28.352.941 [api_error.cc:1519]712583 MemCopySync:Memory copy sync failed, cnt=72, kind=1.
[ERROR] RUNTIME(712583,):2026-01-15-10:29:28.352.950 [api_c.cc:1197]712583 rtMemcpy:ErrCode=107030, desc=[the current capture mode does not support this operation], InnerCode=0x703001c
[ERROR] RUNTIME(712583,):2026-01-15-10:29:28.352.953 [error_message_manage.cc:53]712583 FuncErrorReason:report error module_type=3, module_name=EE8888
[ERROR] RUNTIME(712583,):2026-01-15-10:29:28.352.956 [error_message_manage.cc:53]712583 FuncErrorReason:rtMemcpy execute failed, reason=[the current capture mode does not support this operation]
[ERROR] ASCENDCL(712583,):2026-01-15-10:29:28.353.190 [memory.cpp:437]712583 aclrtMemcpyImpl: synchronized memcpy failed, kind = 1, runtime result = 107030
[ERROR] RUNTIME(712583,):2026-01-15-10:29:28.445.081 [api_error.cc:1519]712583 MemCopySync:Memory copy sync failed, cnt=416, kind=1.
[ERROR] RUNTIME(712583,):2026-01-15-10:29:28.445.091 [api_c.cc:1197]712583 rtMemcpy:ErrCode=107030, desc=[the current capture mode does not support this operation], InnerCode=0x703001c
[ERROR] RUNTIME(712583,):2026-01-15-10:29:28.445.094 [error_message_manage.cc:53]712583 FuncErrorReason:report error module_type=3, module_name=EE8888
[ERROR] RUNTIME(712583,):2026-01-15-10:29:28.445.097 [error_message_manage.cc:53]712583 FuncErrorReason:rtMemcpy execute failed, reason=[the current capture mode does not support this operation]
[ERROR] ASCENDCL(712583,):2026-01-15-10:29:28.445.394 [memory.cpp:437]712583 aclrtMemcpyImpl: synchronized memcpy failed, kind = 1, runtime result = 107030
[ERROR] RUNTIME(712583,):2026-01-15-10:29:28.530.535 [api_error.cc:1519]712583 MemCopySync:Memory copy sync failed, cnt=72, kind=1.
[ERROR] RUNTIME(712583,):2026-01-15-10:29:28.530.544 [api_c.cc:1197]712583 rtMemcpy:ErrCode=107030, desc=[the current capture mode does not support this operation], InnerCode=0x703001c
[ERROR] RUNTIME(712583,):2026-01-15-10:29:28.530.546 [error_message_manage.cc:53]712583 FuncErrorReason:report error module_type=3, module_name=EE8888
[ERROR] RUNTIME(712583,):2026-01-15-10:29:28.530.549 [error_message_manage.cc:53]712583 FuncErrorReason:rtMemcpy execute failed, reason=[the current capture mode does not support this operation]
[ERROR] ASCENDCL(712583,):2026-01-15-10:29:28.530.763 [memory.cpp:437]712583 aclrtMemcpyImpl: synchronized memcpy failed, kind = 1, runtime result = 107030
[ERROR] RUNTIME(712583,):2026-01-15-10:29:28.612.411 [api_error.cc:1519]712583 MemCopySync:Memory copy sync failed, cnt=416, kind=1.
[ERROR] RUNTIME(712583,):2026-01-15-10:29:28.612.420 [api_c.cc:1197]712583 rtMemcpy:ErrCode=107030, desc=[the current capture mode does not support this operation], InnerCode=0x703001c
[ERROR] RUNTIME(712583,):2026-01-15-10:29:28.612.423 [error_message_manage.cc:53]712583 FuncErrorReason:report error module_type=3, module_name=EE8888
[ERROR] RUNTIME(712583,):2026-01-15-10:29:28.612.426 [error_message_manage.cc:53]712583 FuncErrorReason:rtMemcpy execute failed, reason=[the current capture mode does not support this operation]
[ERROR] ASCENDCL(712583,):2026-01-15-10:29:28.612.677 [memory.cpp:437]712583 aclrtMemcpyImpl: synchronized memcpy failed, kind = 1, runtime result = 107030
[ERROR] RUNTIME(712583,):2026-01-15-10:29:28.661.451 [api_error.cc:1519]712583 MemCopySync:Memory copy sync failed, cnt=72, kind=1.
[ERROR] RUNTIME(712583,):2026-01-15-10:29:28.661.460 [api_c.cc:1197]712583 rtMemcpy:ErrCode=107030, desc=[the current capture mode does not support this operation], InnerCode=0x703001c
[ERROR] RUNTIME(712583,):2026-01-15-10:29:28.661.462 [error_message_manage.cc:53]712583 FuncErrorReason:report error module_type=3, module_name=EE8888
[ERROR] RUNTIME(712583,):2026-01-15-10:29:28.661.465 [error_message_manage.cc:53]712583 FuncErrorReason:rtMemcpy execute failed, reason=[the current capture mode does not support this operation]
[ERROR] ASCENDCL(712583,):2026-01-15-10:29:28.661.681 [memory.cpp:437]712583 aclrtMemcpyImpl: synchronized memcpy failed, kind = 1, runtime result = 107030
[ERROR] RUNTIME(712583,):2026-01-15-10:29:28.728.001 [api_error.cc:1519]712583 MemCopySync:Memory copy sync failed, cnt=416, kind=1.
[ERROR] RUNTIME(712583,):2026-01-15-10:29:28.728.010 [api_c.cc:1197]712583 rtMemcpy:ErrCode=107030, desc=[the current capture mode does not support this operation], InnerCode=0x703001c
[ERROR] RUNTIME(712583,):2026-01-15-10:29:28.728.013 [error_message_manage.cc:53]712583 FuncErrorReason:report error module_type=3, module_name=EE8888
[ERROR] RUNTIME(712583,):2026-01-15-10:29:28.728.015 [error_message_manage.cc:53]712583 FuncErrorReason:rtMemcpy execute failed, reason=[the current capture mode does not support this operation]
[ERROR] ASCENDCL(712583,):2026-01-15-10:29:28.728.222 [memory.cpp:437]712583 aclrtMemcpyImpl: synchronized memcpy failed, kind = 1, runtime result = 107030
[ERROR] RUNTIME(712583,):2026-01-15-10:29:28.808.837 [api_error.cc:1519]712583 MemCopySync:Memory copy sync failed, cnt=72, kind=1.
[ERROR] RUNTIME(712583,):2026-01-15-10:29:28.808.846 [api_c.cc:1197]712583 rtMemcpy:ErrCode=107030, desc=[the current capture mode does not support this operation], InnerCode=0x703001c
[ERROR] RUNTIME(712583,):2026-01-15-10:29:28.808.849 [error_message_manage.cc:53]712583 FuncErrorReason:report error module_type=3, module_name=EE8888
[ERROR] RUNTIME(712583,):2026-01-15-10:29:28.808.852 [error_message_manage.cc:53]712583 FuncErrorReason:rtMemcpy execute failed, reason=[the current capture mode does not support this operation]
[ERROR] ASCENDCL(712583,):2026-01-15-10:29:28.809.042 [memory.cpp:437]712583 aclrtMemcpyImpl: synchronized memcpy failed, kind = 1, runtime result = 107030
[ERROR] RUNTIME(712583,):2026-01-15-10:29:28.893.775 [api_error.cc:1519]712583 MemCopySync:Memory copy sync failed, cnt=416, kind=1.
[ERROR] RUNTIME(712583,):2026-01-15-10:29:28.893.784 [api_c.cc:1197]712583 rtMemcpy:ErrCode=107030, desc=[the current capture mode does not support this operation], InnerCode=0x703001c
[ERROR] RUNTIME(712583,):2026-01-15-10:29:28.893.786 [error_message_manage.cc:53]712583 FuncErrorReason:report error module_type=3, module_name=EE8888
[ERROR] RUNTIME(712583,):2026-01-15-10:29:28.893.789 [error_message_manage.cc:53]712583 FuncErrorReason:rtMemcpy execute failed, reason=[the current capture mode does not support this operation]
[ERROR] ASCENDCL(712583,):2026-01-15-10:29:28.894.050 [memory.cpp:437]712583 aclrtMemcpyImpl: synchronized memcpy failed, kind = 1, runtime result = 107030
[ERROR] RUNTIME(712583,):2026-01-15-10:29:28.972.255 [api_error.cc:1519]712583 MemCopySync:Memory copy sync failed, cnt=72, kind=1.
[ERROR] RUNTIME(712583,):2026-01-15-10:29:28.972.263 [api_c.cc:1197]712583 rtMemcpy:ErrCode=107030, desc=[the current capture mode does not support this operation], InnerCode=0x703001c
[ERROR] RUNTIME(712583,):2026-01-15-10:29:28.972.266 [error_message_manage.cc:53]712583 FuncErrorReason:report error module_type=3, module_name=EE8888
[ERROR] RUNTIME(712583,):2026-01-15-10:29:28.972.269 [error_message_manage.cc:53]712583 FuncErrorReason:rtMemcpy execute failed, reason=[the current capture mode does not support this operation]
[ERROR] ASCENDCL(712583,):2026-01-15-10:29:28.972.467 [memory.cpp:437]712583 aclrtMemcpyImpl: synchronized memcpy failed, kind = 1, runtime result = 107030
[ERROR] RUNTIME(712583,):2026-01-15-10:29:29.053.845 [api_error.cc:1519]712583 MemCopySync:Memory copy sync failed, cnt=416, kind=1.
[ERROR] RUNTIME(712583,):2026-01-15-10:29:29.053.854 [api_c.cc:1197]712583 rtMemcpy:ErrCode=107030, desc=[the current capture mode does not support this operation], InnerCode=0x703001c
[ERROR] RUNTIME(712583,):2026-01-15-10:29:29.053.856 [error_message_manage.cc:53]712583 FuncErrorReason:report error module_type=3, module_name=EE8888
[ERROR] RUNTIME(712583,):2026-01-15-10:29:29.053.859 [error_message_manage.cc:53]712583 FuncErrorReason:rtMemcpy execute failed, reason=[the current capture mode does not support this operation]
[ERROR] ASCENDCL(712583,):2026-01-15-10:29:29.054.158 [memory.cpp:437]712583 aclrtMemcpyImpl: synchronized memcpy failed, kind = 1, runtime result = 107030
[ERROR] RUNTIME(712583,):2026-01-15-10:29:29.131.256 [api_error.cc:1519]712583 MemCopySync:Memory copy sync failed, cnt=72, kind=1.
[ERROR] RUNTIME(712583,):2026-01-15-10:29:29.131.264 [api_c.cc:1197]712583 rtMemcpy:ErrCode=107030, desc=[the current capture mode does not support this operation], InnerCode=0x703001c
[ERROR] RUNTIME(712583,):2026-01-15-10:29:29.131.267 [error_message_manage.cc:53]712583 FuncErrorReason:report error module_type=3, module_name=EE8888
[ERROR] RUNTIME(712583,):2026-01-15-10:29:29.131.269 [error_message_manage.cc:53]712583 FuncErrorReason:rtMemcpy execute failed, reason=[the current capture mode does not support this operation]
[ERROR] ASCENDCL(712583,):2026-01-15-10:29:29.131.498 [memory.cpp:437]712583 aclrtMemcpyImpl: synchronized memcpy failed, kind = 1, runtime result = 107030
[ERROR] RUNTIME(712583,):2026-01-15-10:29:29.207.274 [api_error.cc:1519]712583 MemCopySync:Memory copy sync failed, cnt=416, kind=1.
[ERROR] RUNTIME(712583,):2026-01-15-10:29:29.207.285 [api_c.cc:1197]712583 rtMemcpy:ErrCode=107030, desc=[the current capture mode does not support this operation], InnerCode=0x703001c
[ERROR] RUNTIME(712583,):2026-01-15-10:29:29.207.288 [error_message_manage.cc:53]712583 FuncErrorReason:report error module_type=3, module_name=EE8888
[ERROR] RUNTIME(712583,):2026-01-15-10:29:29.207.291 [error_message_manage.cc:53]712583 FuncErrorReason:rtMemcpy execute failed, reason=[the current capture mode does not support this operation]
[ERROR] ASCENDCL(712583,):2026-01-15-10:29:29.207.513 [memory.cpp:437]712583 aclrtMemcpyImpl: synchronized memcpy failed, kind = 1, runtime result = 107030
[ERROR] RUNTIME(712583,):2026-01-15-10:29:29.258.354 [api_error.cc:1519]712583 MemCopySync:Memory copy sync failed, cnt=72, kind=1.
[ERROR] RUNTIME(712583,):2026-01-15-10:29:29.258.363 [api_c.cc:1197]712583 rtMemcpy:ErrCode=107030, desc=[the current capture mode does not support this operation], InnerCode=0x703001c
[ERROR] RUNTIME(712583,):2026-01-15-10:29:29.258.365 [error_message_manage.cc:53]712583 FuncErrorReason:report error module_type=3, module_name=EE8888
[ERROR] RUNTIME(712583,):2026-01-15-10:29:29.258.368 [error_message_manage.cc:53]712583 FuncErrorReason:rtMemcpy execute failed, reason=[the current capture mode does not support this operation]
[ERROR] ASCENDCL(712583,):2026-01-15-10:29:29.258.587 [memory.cpp:437]712583 aclrtMemcpyImpl: synchronized memcpy failed, kind = 1, runtime result = 107030
[ERROR] RUNTIME(712583,):2026-01-15-10:29:29.317.005 [api_error.cc:1519]712583 MemCopySync:Memory copy sync failed, cnt=416, kind=1.
[ERROR] RUNTIME(712583,):2026-01-15-10:29:29.317.015 [api_c.cc:1197]712583 rtMemcpy:ErrCode=107030, desc=[the current capture mode does not support this operation], InnerCode=0x703001c
[ERROR] RUNTIME(712583,):2026-01-15-10:29:29.317.017 [error_message_manage.cc:53]712583 FuncErrorReason:report error module_type=3, module_name=EE8888
[ERROR] RUNTIME(712583,):2026-01-15-10:29:29.317.020 [error_message_manage.cc:53]712583 FuncErrorReason:rtMemcpy execute failed, reason=[the current capture mode does not support this operation]
[ERROR] ASCENDCL(712583,):2026-01-15-10:29:29.317.223 [memory.cpp:437]712583 aclrtMemcpyImpl: synchronized memcpy failed, kind = 1, runtime result = 107030
[ERROR] RUNTIME(712583,):2026-01-15-10:29:29.389.875 [api_error.cc:1519]712583 MemCopySync:Memory copy sync failed, cnt=72, kind=1.
[ERROR] RUNTIME(712583,):2026-01-15-10:29:29.389.883 [api_c.cc:1197]712583 rtMemcpy:ErrCode=107030, desc=[the current capture mode does not support this operation], InnerCode=0x703001c
[ERROR] RUNTIME(712583,):2026-01-15-10:29:29.389.885 [error_message_manage.cc:53]712583 FuncErrorReason:report error module_type=3, module_name=EE8888
[ERROR] RUNTIME(712583,):2026-01-15-10:29:29.389.888 [error_message_manage.cc:53]712583 FuncErrorReason:rtMemcpy execute failed, reason=[the current capture mode does not support this operation]
[ERROR] ASCENDCL(712583,):2026-01-15-10:29:29.390.102 [memory.cpp:437]712583 aclrtMemcpyImpl: synchronized memcpy failed, kind = 1, runtime result = 107030
[ERROR] RUNTIME(712583,):2026-01-15-10:29:29.464.621 [api_error.cc:1519]712583 MemCopySync:Memory copy sync failed, cnt=416, kind=1.
[ERROR] RUNTIME(712583,):2026-01-15-10:29:29.464.630 [api_c.cc:1197]712583 rtMemcpy:ErrCode=107030, desc=[the current capture mode does not support this operation], InnerCode=0x703001c
[ERROR] RUNTIME(712583,):2026-01-15-10:29:29.464.633 [error_message_manage.cc:53]712583 FuncErrorReason:report error module_type=3, module_name=EE8888
[ERROR] RUNTIME(712583,):2026-01-15-10:29:29.464.636 [error_message_manage.cc:53]712583 FuncErrorReason:rtMemcpy execute failed, reason=[the current capture mode does not support this operation]
[ERROR] ASCENDCL(712583,):2026-01-15-10:29:29.464.969 [memory.cpp:437]712583 aclrtMemcpyImpl: synchronized memcpy failed, kind = 1, runtime result = 107030
[ERROR] RUNTIME(712583,):2026-01-15-10:29:29.537.971 [api_error.cc:1519]712583 MemCopySync:Memory copy sync failed, cnt=72, kind=1.
[ERROR] RUNTIME(712583,):2026-01-15-10:29:29.537.979 [api_c.cc:1197]712583 rtMemcpy:ErrCode=107030, desc=[the current capture mode does not support this operation], InnerCode=0x703001c
[ERROR] RUNTIME(712583,):2026-01-15-10:29:29.537.981 [error_message_manage.cc:53]712583 FuncErrorReason:report error module_type=3, module_name=EE8888
[ERROR] RUNTIME(712583,):2026-01-15-10:29:29.537.984 [error_message_manage.cc:53]712583 FuncErrorReason:rtMemcpy execute failed, reason=[the current capture mode does not support this operation]
[ERROR] ASCENDCL(712583,):2026-01-15-10:29:29.538.231 [memory.cpp:437]712583 aclrtMemcpyImpl: synchronized memcpy failed, kind = 1, runtime result = 107030
[ERROR] RUNTIME(712583,):2026-01-15-10:29:29.614.163 [api_error.cc:1519]712583 MemCopySync:Memory copy sync failed, cnt=416, kind=1.
[ERROR] RUNTIME(712583,):2026-01-15-10:29:29.614.172 [api_c.cc:1197]712583 rtMemcpy:ErrCode=107030, desc=[the current capture mode does not support this operation], InnerCode=0x703001c
[ERROR] RUNTIME(712583,):2026-01-15-10:29:29.614.175 [error_message_manage.cc:53]712583 FuncErrorReason:report error module_type=3, module_name=EE8888
[ERROR] RUNTIME(712583,):2026-01-15-10:29:29.614.178 [error_message_manage.cc:53]712583 FuncErrorReason:rtMemcpy execute failed, reason=[the current capture mode does not support this operation]
[ERROR] ASCENDCL(712583,):2026-01-15-10:29:29.614.397 [memory.cpp:437]712583 aclrtMemcpyImpl: synchronized memcpy failed, kind = 1, runtime result = 107030
[ERROR] RUNTIME(712583,):2026-01-15-10:29:29.677.868 [api_error.cc:1519]712583 MemCopySync:Memory copy sync failed, cnt=72, kind=1.
[ERROR] RUNTIME(712583,):2026-01-15-10:29:29.677.876 [api_c.cc:1197]712583 rtMemcpy:ErrCode=107030, desc=[the current capture mode does not support this operation], InnerCode=0x703001c
[ERROR] RUNTIME(712583,):2026-01-15-10:29:29.677.879 [error_message_manage.cc:53]712583 FuncErrorReason:report error module_type=3, module_name=EE8888
[ERROR] RUNTIME(712583,):2026-01-15-10:29:29.677.882 [error_message_manage.cc:53]712583 FuncErrorReason:rtMemcpy execute failed, reason=[the current capture mode does not support this operation]
[ERROR] ASCENDCL(712583,):2026-01-15-10:29:29.678.082 [memory.cpp:437]712583 aclrtMemcpyImpl: synchronized memcpy failed, kind = 1, runtime result = 107030
[ERROR] RUNTIME(712583,):2026-01-15-10:29:29.729.745 [api_error.cc:1519]712583 MemCopySync:Memory copy sync failed, cnt=416, kind=1.
[ERROR] RUNTIME(712583,):2026-01-15-10:29:29.729.754 [api_c.cc:1197]712583 rtMemcpy:ErrCode=107030, desc=[the current capture mode does not support this operation], InnerCode=0x703001c
[ERROR] RUNTIME(712583,):2026-01-15-10:29:29.729.756 [error_message_manage.cc:53]712583 FuncErrorReason:report error module_type=3, module_name=EE8888
[ERROR] RUNTIME(712583,):2026-01-15-10:29:29.729.759 [error_message_manage.cc:53]712583 FuncErrorReason:rtMemcpy execute failed, reason=[the current capture mode does not support this operation]
[ERROR] ASCENDCL(712583,):2026-01-15-10:29:29.729.965 [memory.cpp:437]712583 aclrtMemcpyImpl: synchronized memcpy failed, kind = 1, runtime result = 107030
[ERROR] RUNTIME(712583,):2026-01-15-10:29:29.797.569 [api_error.cc:1519]712583 MemCopySync:Memory copy sync failed, cnt=72, kind=1.
[ERROR] RUNTIME(712583,):2026-01-15-10:29:29.797.577 [api_c.cc:1197]712583 rtMemcpy:ErrCode=107030, desc=[the current capture mode does not support this operation], InnerCode=0x703001c
[ERROR] RUNTIME(712583,):2026-01-15-10:29:29.797.580 [error_message_manage.cc:53]712583 FuncErrorReason:report error module_type=3, module_name=EE8888
[ERROR] RUNTIME(712583,):2026-01-15-10:29:29.797.583 [error_message_manage.cc:53]712583 FuncErrorReason:rtMemcpy execute failed, reason=[the current capture mode does not support this operation]
[ERROR] ASCENDCL(712583,):2026-01-15-10:29:29.797.774 [memory.cpp:437]712583 aclrtMemcpyImpl: synchronized memcpy failed, kind = 1, runtime result = 107030
[ERROR] RUNTIME(712583,):2026-01-15-10:29:29.866.212 [api_error.cc:1519]712583 MemCopySync:Memory copy sync failed, cnt=416, kind=1.
[ERROR] RUNTIME(712583,):2026-01-15-10:29:29.866.221 [api_c.cc:1197]712583 rtMemcpy:ErrCode=107030, desc=[the current capture mode does not support this operation], InnerCode=0x703001c
[ERROR] RUNTIME(712583,):2026-01-15-10:29:29.866.223 [error_message_manage.cc:53]712583 FuncErrorReason:report error module_type=3, module_name=EE8888
[ERROR] RUNTIME(712583,):2026-01-15-10:29:29.866.226 [error_message_manage.cc:53]712583 FuncErrorReason:rtMemcpy execute failed, reason=[the current capture mode does not support this operation]
[ERROR] ASCENDCL(712583,):2026-01-15-10:29:29.866.539 [memory.cpp:437]712583 aclrtMemcpyImpl: synchronized memcpy failed, kind = 1, runtime result = 107030
[ERROR] RUNTIME(712583,):2026-01-15-10:29:29.942.087 [api_error.cc:1519]712583 MemCopySync:Memory copy sync failed, cnt=72, kind=1.
[ERROR] RUNTIME(712583,):2026-01-15-10:29:29.942.095 [api_c.cc:1197]712583 rtMemcpy:ErrCode=107030, desc=[the current capture mode does not support this operation], InnerCode=0x703001c
[ERROR] RUNTIME(712583,):2026-01-15-10:29:29.942.097 [error_message_manage.cc:53]712583 FuncErrorReason:report error module_type=3, module_name=EE8888
[ERROR] RUNTIME(712583,):2026-01-15-10:29:29.942.100 [error_message_manage.cc:53]712583 FuncErrorReason:rtMemcpy execute failed, reason=[the current capture mode does not support this operation]
[ERROR] ASCENDCL(712583,):2026-01-15-10:29:29.942.330 [memory.cpp:437]712583 aclrtMemcpyImpl: synchronized memcpy failed, kind = 1, runtime result = 107030
[ERROR] RUNTIME(712583,):2026-01-15-10:29:30.020.932 [api_error.cc:1519]712583 MemCopySync:Memory copy sync failed, cnt=416, kind=1.
[ERROR] RUNTIME(712583,):2026-01-15-10:29:30.020.941 [api_c.cc:1197]712583 rtMemcpy:ErrCode=107030, desc=[the current capture mode does not support this operation], InnerCode=0x703001c
[ERROR] RUNTIME(712583,):2026-01-15-10:29:30.020.944 [error_message_manage.cc:53]712583 FuncErrorReason:report error module_type=3, module_name=EE8888
[ERROR] RUNTIME(712583,):2026-01-15-10:29:30.020.947 [error_message_manage.cc:53]712583 FuncErrorReason:rtMemcpy execute failed, reason=[the current capture mode does not support this operation]
[ERROR] ASCENDCL(712583,):2026-01-15-10:29:30.021.151 [memory.cpp:437]712583 aclrtMemcpyImpl: synchronized memcpy failed, kind = 1, runtime result = 107030
[ERROR] RUNTIME(712583,):2026-01-15-10:29:30.088.006 [api_error.cc:1519]712583 MemCopySync:Memory copy sync failed, cnt=72, kind=1.
[ERROR] RUNTIME(712583,):2026-01-15-10:29:30.088.014 [api_c.cc:1197]712583 rtMemcpy:ErrCode=107030, desc=[the current capture mode does not support this operation], InnerCode=0x703001c
[ERROR] RUNTIME(712583,):2026-01-15-10:29:30.088.017 [error_message_manage.cc:53]712583 FuncErrorReason:report error module_type=3, module_name=EE8888
[ERROR] RUNTIME(712583,):2026-01-15-10:29:30.088.020 [error_message_manage.cc:53]712583 FuncErrorReason:rtMemcpy execute failed, reason=[the current capture mode does not support this operation]
[ERROR] ASCENDCL(712583,):2026-01-15-10:29:30.088.254 [memory.cpp:437]712583 aclrtMemcpyImpl: synchronized memcpy failed, kind = 1, runtime result = 107030
[ERROR] RUNTIME(712583,):2026-01-15-10:29:30.137.807 [api_error.cc:1519]712583 MemCopySync:Memory copy sync failed, cnt=416, kind=1.
[ERROR] RUNTIME(712583,):2026-01-15-10:29:30.137.816 [api_c.cc:1197]712583 rtMemcpy:ErrCode=107030, desc=[the current capture mode does not support this operation], InnerCode=0x703001c
[ERROR] RUNTIME(712583,):2026-01-15-10:29:30.137.819 [error_message_manage.cc:53]712583 FuncErrorReason:report error module_type=3, module_name=EE8888
[ERROR] RUNTIME(712583,):2026-01-15-10:29:30.137.822 [error_message_manage.cc:53]712583 FuncErrorReason:rtMemcpy execute failed, reason=[the current capture mode does not support this operation]
[ERROR] ASCENDCL(712583,):2026-01-15-10:29:30.138.102 [memory.cpp:437]712583 aclrtMemcpyImpl: synchronized memcpy failed, kind = 1, runtime result = 107030
[ERROR] RUNTIME(712583,):2026-01-15-10:29:30.212.731 [api_error.cc:1519]712583 MemCopySync:Memory copy sync failed, cnt=72, kind=1.
[ERROR] RUNTIME(712583,):2026-01-15-10:29:30.212.740 [api_c.cc:1197]712583 rtMemcpy:ErrCode=107030, desc=[the current capture mode does not support this operation], InnerCode=0x703001c
[ERROR] RUNTIME(712583,):2026-01-15-10:29:30.212.743 [error_message_manage.cc:53]712583 FuncErrorReason:report error module_type=3, module_name=EE8888
[ERROR] RUNTIME(712583,):2026-01-15-10:29:30.212.746 [error_message_manage.cc:53]712583 FuncErrorReason:rtMemcpy execute failed, reason=[the current capture mode does not support this operation]
[ERROR] ASCENDCL(712583,):2026-01-15-10:29:30.213.003 [memory.cpp:437]712583 aclrtMemcpyImpl: synchronized memcpy failed, kind = 1, runtime result = 107030
[ERROR] RUNTIME(712583,):2026-01-15-10:29:30.288.043 [api_error.cc:1519]712583 MemCopySync:Memory copy sync failed, cnt=416, kind=1.
[ERROR] RUNTIME(712583,):2026-01-15-10:29:30.288.052 [api_c.cc:1197]712583 rtMemcpy:ErrCode=107030, desc=[the current capture mode does not support this operation], InnerCode=0x703001c
[ERROR] RUNTIME(712583,):2026-01-15-10:29:30.288.055 [error_message_manage.cc:53]712583 FuncErrorReason:report error module_type=3, module_name=EE8888
[ERROR] RUNTIME(712583,):2026-01-15-10:29:30.288.058 [error_message_manage.cc:53]712583 FuncErrorReason:rtMemcpy execute failed, reason=[the current capture mode does not support this operation]
[ERROR] ASCENDCL(712583,):2026-01-15-10:29:30.288.400 [memory.cpp:437]712583 aclrtMemcpyImpl: synchronized memcpy failed, kind = 1, runtime result = 107030
[ERROR] RUNTIME(712583,):2026-01-15-10:29:30.359.070 [api_error.cc:1519]712583 MemCopySync:Memory copy sync failed, cnt=72, kind=1.
[ERROR] RUNTIME(712583,):2026-01-15-10:29:30.359.078 [api_c.cc:1197]712583 rtMemcpy:ErrCode=107030, desc=[the current capture mode does not support this operation], InnerCode=0x703001c
[ERROR] RUNTIME(712583,):2026-01-15-10:29:30.359.081 [error_message_manage.cc:53]712583 FuncErrorReason:report error module_type=3, module_name=EE8888
[ERROR] RUNTIME(712583,):2026-01-15-10:29:30.359.083 [error_message_manage.cc:53]712583 FuncErrorReason:rtMemcpy execute failed, reason=[the current capture mode does not support this operation]
[ERROR] ASCENDCL(712583,):2026-01-15-10:29:30.359.309 [memory.cpp:437]712583 aclrtMemcpyImpl: synchronized memcpy failed, kind = 1, runtime result = 107030
[ERROR] RUNTIME(712583,):2026-01-15-10:29:30.439.111 [api_error.cc:1519]712583 MemCopySync:Memory copy sync failed, cnt=416, kind=1.
[ERROR] RUNTIME(712583,):2026-01-15-10:29:30.439.121 [api_c.cc:1197]712583 rtMemcpy:ErrCode=107030, desc=[the current capture mode does not support this operation], InnerCode=0x703001c
[ERROR] RUNTIME(712583,):2026-01-15-10:29:30.439.123 [error_message_manage.cc:53]712583 FuncErrorReason:report error module_type=3, module_name=EE8888
[ERROR] RUNTIME(712583,):2026-01-15-10:29:30.439.126 [error_message_manage.cc:53]712583 FuncErrorReason:rtMemcpy execute failed, reason=[the current capture mode does not support this operation]
[ERROR] ASCENDCL(712583,):2026-01-15-10:29:30.439.379 [memory.cpp:437]712583 aclrtMemcpyImpl: synchronized memcpy failed, kind = 1, runtime result = 107030
[ERROR] RUNTIME(712583,):2026-01-15-10:29:30.513.444 [api_error.cc:1519]712583 MemCopySync:Memory copy sync failed, cnt=72, kind=1.
[ERROR] RUNTIME(712583,):2026-01-15-10:29:30.513.452 [api_c.cc:1197]712583 rtMemcpy:ErrCode=107030, desc=[the current capture mode does not support this operation], InnerCode=0x703001c
[ERROR] RUNTIME(712583,):2026-01-15-10:29:30.513.454 [error_message_manage.cc:53]712583 FuncErrorReason:report error module_type=3, module_name=EE8888
[ERROR] RUNTIME(712583,):2026-01-15-10:29:30.513.457 [error_message_manage.cc:53]712583 FuncErrorReason:rtMemcpy execute failed, reason=[the current capture mode does not support this operation]
[ERROR] ASCENDCL(712583,):2026-01-15-10:29:30.513.664 [memory.cpp:437]712583 aclrtMemcpyImpl: synchronized memcpy failed, kind = 1, runtime result = 107030
[ERROR] RUNTIME(712583,):2026-01-15-10:29:30.578.511 [api_error.cc:1519]712583 MemCopySync:Memory copy sync failed, cnt=416, kind=1.
[ERROR] RUNTIME(712583,):2026-01-15-10:29:30.578.519 [api_c.cc:1197]712583 rtMemcpy:ErrCode=107030, desc=[the current capture mode does not support this operation], InnerCode=0x703001c
[ERROR] RUNTIME(712583,):2026-01-15-10:29:30.578.522 [error_message_manage.cc:53]712583 FuncErrorReason:report error module_type=3, module_name=EE8888
[ERROR] RUNTIME(712583,):2026-01-15-10:29:30.578.524 [error_message_manage.cc:53]712583 FuncErrorReason:rtMemcpy execute failed, reason=[the current capture mode does not support this operation]
[ERROR] ASCENDCL(712583,):2026-01-15-10:29:30.578.726 [memory.cpp:437]712583 aclrtMemcpyImpl: synchronized memcpy failed, kind = 1, runtime result = 107030
[ERROR] RUNTIME(712583,):2026-01-15-10:29:30.625.787 [api_error.cc:1519]712583 MemCopySync:Memory copy sync failed, cnt=72, kind=1.
[ERROR] RUNTIME(712583,):2026-01-15-10:29:30.625.795 [api_c.cc:1197]712583 rtMemcpy:ErrCode=107030, desc=[the current capture mode does not support this operation], InnerCode=0x703001c
[ERROR] RUNTIME(712583,):2026-01-15-10:29:30.625.798 [error_message_manage.cc:53]712583 FuncErrorReason:report error module_type=3, module_name=EE8888
[ERROR] RUNTIME(712583,):2026-01-15-10:29:30.625.801 [error_message_manage.cc:53]712583 FuncErrorReason:rtMemcpy execute failed, reason=[the current capture mode does not support this operation]
[ERROR] ASCENDCL(712583,):2026-01-15-10:29:30.626.011 [memory.cpp:437]712583 aclrtMemcpyImpl: synchronized memcpy failed, kind = 1, runtime result = 107030
[ERROR] RUNTIME(712583,):2026-01-15-10:29:30.701.686 [api_error.cc:1519]712583 MemCopySync:Memory copy sync failed, cnt=416, kind=1.
[ERROR] RUNTIME(712583,):2026-01-15-10:29:30.701.695 [api_c.cc:1197]712583 rtMemcpy:ErrCode=107030, desc=[the current capture mode does not support this operation], InnerCode=0x703001c
[ERROR] RUNTIME(712583,):2026-01-15-10:29:30.701.698 [error_message_manage.cc:53]712583 FuncErrorReason:report error module_type=3, module_name=EE8888
[ERROR] RUNTIME(712583,):2026-01-15-10:29:30.701.700 [error_message_manage.cc:53]712583 FuncErrorReason:rtMemcpy execute failed, reason=[the current capture mode does not support this operation]
[ERROR] ASCENDCL(712583,):2026-01-15-10:29:30.701.937 [memory.cpp:437]712583 aclrtMemcpyImpl: synchronized memcpy failed, kind = 1, runtime result = 107030
[ERROR] RUNTIME(712583,):2026-01-15-10:29:30.775.737 [api_error.cc:1519]712583 MemCopySync:Memory copy sync failed, cnt=72, kind=1.
[ERROR] RUNTIME(712583,):2026-01-15-10:29:30.775.745 [api_c.cc:1197]712583 rtMemcpy:ErrCode=107030, desc=[the current capture mode does not support this operation], InnerCode=0x703001c
[ERROR] RUNTIME(712583,):2026-01-15-10:29:30.775.748 [error_message_manage.cc:53]712583 FuncErrorReason:report error module_type=3, module_name=EE8888
[ERROR] RUNTIME(712583,):2026-01-15-10:29:30.775.750 [error_message_manage.cc:53]712583 FuncErrorReason:rtMemcpy execute failed, reason=[the current capture mode does not support this operation]
[ERROR] ASCENDCL(712583,):2026-01-15-10:29:30.775.943 [memory.cpp:437]712583 aclrtMemcpyImpl: synchronized memcpy failed, kind = 1, runtime result = 107030
[ERROR] RUNTIME(712583,):2026-01-15-10:29:30.851.039 [api_error.cc:1519]712583 MemCopySync:Memory copy sync failed, cnt=416, kind=1.
[ERROR] RUNTIME(712583,):2026-01-15-10:29:30.851.048 [api_c.cc:1197]712583 rtMemcpy:ErrCode=107030, desc=[the current capture mode does not support this operation], InnerCode=0x703001c
[ERROR] RUNTIME(712583,):2026-01-15-10:29:30.851.050 [error_message_manage.cc:53]712583 FuncErrorReason:report error module_type=3, module_name=EE8888
[ERROR] RUNTIME(712583,):2026-01-15-10:29:30.851.053 [error_message_manage.cc:53]712583 FuncErrorReason:rtMemcpy execute failed, reason=[the current capture mode does not support this operation]
[ERROR] ASCENDCL(712583,):2026-01-15-10:29:30.851.327 [memory.cpp:437]712583 aclrtMemcpyImpl: synchronized memcpy failed, kind = 1, runtime result = 107030
[ERROR] RUNTIME(712583,):2026-01-15-10:29:30.928.964 [api_error.cc:1519]712583 MemCopySync:Memory copy sync failed, cnt=72, kind=1.
[ERROR] RUNTIME(712583,):2026-01-15-10:29:30.928.972 [api_c.cc:1197]712583 rtMemcpy:ErrCode=107030, desc=[the current capture mode does not support this operation], InnerCode=0x703001c
[ERROR] RUNTIME(712583,):2026-01-15-10:29:30.928.974 [error_message_manage.cc:53]712583 FuncErrorReason:report error module_type=3, module_name=EE8888
[ERROR] RUNTIME(712583,):2026-01-15-10:29:30.928.977 [error_message_manage.cc:53]712583 FuncErrorReason:rtMemcpy execute failed, reason=[the current capture mode does not support this operation]
[ERROR] ASCENDCL(712583,):2026-01-15-10:29:30.929.183 [memory.cpp:437]712583 aclrtMemcpyImpl: synchronized memcpy failed, kind = 1, runtime result = 107030
[ERROR] RUNTIME(712583,):2026-01-15-10:29:30.999.723 [api_error.cc:1519]712583 MemCopySync:Memory copy sync failed, cnt=416, kind=1.
[ERROR] RUNTIME(712583,):2026-01-15-10:29:30.999.732 [api_c.cc:1197]712583 rtMemcpy:ErrCode=107030, desc=[the current capture mode does not support this operation], InnerCode=0x703001c
[ERROR] RUNTIME(712583,):2026-01-15-10:29:30.999.734 [error_message_manage.cc:53]712583 FuncErrorReason:report error module_type=3, module_name=EE8888
[ERROR] RUNTIME(712583,):2026-01-15-10:29:30.999.737 [error_message_manage.cc:53]712583 FuncErrorReason:rtMemcpy execute failed, reason=[the current capture mode does not support this operation]
[ERROR] ASCENDCL(712583,):2026-01-15-10:29:30.999.978 [memory.cpp:437]712583 aclrtMemcpyImpl: synchronized memcpy failed, kind = 1, runtime result = 107030
[ERROR] RUNTIME(712583,):2026-01-15-10:29:31.055.357 [api_error.cc:1519]712583 MemCopySync:Memory copy sync failed, cnt=72, kind=1.
[ERROR] RUNTIME(712583,):2026-01-15-10:29:31.055.365 [api_c.cc:1197]712583 rtMemcpy:ErrCode=107030, desc=[the current capture mode does not support this operation], InnerCode=0x703001c
[ERROR] RUNTIME(712583,):2026-01-15-10:29:31.055.368 [error_message_manage.cc:53]712583 FuncErrorReason:report error module_type=3, module_name=EE8888
[ERROR] RUNTIME(712583,):2026-01-15-10:29:31.055.371 [error_message_manage.cc:53]712583 FuncErrorReason:rtMemcpy execute failed, reason=[the current capture mode does not support this operation]
[ERROR] ASCENDCL(712583,):2026-01-15-10:29:31.055.660 [memory.cpp:437]712583 aclrtMemcpyImpl: synchronized memcpy failed, kind = 1, runtime result = 107030
[ERROR] RUNTIME(712583,):2026-01-15-10:29:31.123.555 [api_error.cc:1519]712583 MemCopySync:Memory copy sync failed, cnt=416, kind=1.
[ERROR] RUNTIME(712583,):2026-01-15-10:29:31.123.564 [api_c.cc:1197]712583 rtMemcpy:ErrCode=107030, desc=[the current capture mode does not support this operation], InnerCode=0x703001c
[ERROR] RUNTIME(712583,):2026-01-15-10:29:31.123.567 [error_message_manage.cc:53]712583 FuncErrorReason:report error module_type=3, module_name=EE8888
[ERROR] RUNTIME(712583,):2026-01-15-10:29:31.123.570 [error_message_manage.cc:53]712583 FuncErrorReason:rtMemcpy execute failed, reason=[the current capture mode does not support this operation]
[ERROR] ASCENDCL(712583,):2026-01-15-10:29:31.123.845 [memory.cpp:437]712583 aclrtMemcpyImpl: synchronized memcpy failed, kind = 1, runtime result = 107030
[ERROR] RUNTIME(712583,):2026-01-15-10:29:31.196.628 [api_error.cc:1519]712583 MemCopySync:Memory copy sync failed, cnt=72, kind=1.
[ERROR] RUNTIME(712583,):2026-01-15-10:29:31.196.638 [api_c.cc:1197]712583 rtMemcpy:ErrCode=107030, desc=[the current capture mode does not support this operation], InnerCode=0x703001c
[ERROR] RUNTIME(712583,):2026-01-15-10:29:31.196.641 [error_message_manage.cc:53]712583 FuncErrorReason:report error module_type=3, module_name=EE8888
[ERROR] RUNTIME(712583,):2026-01-15-10:29:31.196.644 [error_message_manage.cc:53]712583 FuncErrorReason:rtMemcpy execute failed, reason=[the current capture mode does not support this operation]
[ERROR] ASCENDCL(712583,):2026-01-15-10:29:31.196.894 [memory.cpp:437]712583 aclrtMemcpyImpl: synchronized memcpy failed, kind = 1, runtime result = 107030
[ERROR] RUNTIME(712583,):2026-01-15-10:29:31.271.287 [api_error.cc:1519]712583 MemCopySync:Memory copy sync failed, cnt=416, kind=1.
[ERROR] RUNTIME(712583,):2026-01-15-10:29:31.271.296 [api_c.cc:1197]712583 rtMemcpy:ErrCode=107030, desc=[the current capture mode does not support this operation], InnerCode=0x703001c
[ERROR] RUNTIME(712583,):2026-01-15-10:29:31.271.299 [error_message_manage.cc:53]712583 FuncErrorReason:report error module_type=3, module_name=EE8888
[ERROR] RUNTIME(712583,):2026-01-15-10:29:31.271.302 [error_message_manage.cc:53]712583 FuncErrorReason:rtMemcpy execute failed, reason=[the current capture mode does not support this operation]
[ERROR] ASCENDCL(712583,):2026-01-15-10:29:31.271.576 [memory.cpp:437]712583 aclrtMemcpyImpl: synchronized memcpy failed, kind = 1, runtime result = 107030
[ERROR] RUNTIME(712583,):2026-01-15-10:29:31.344.082 [api_error.cc:1519]712583 MemCopySync:Memory copy sync failed, cnt=72, kind=1.
[ERROR] RUNTIME(712583,):2026-01-15-10:29:31.344.090 [api_c.cc:1197]712583 rtMemcpy:ErrCode=107030, desc=[the current capture mode does not support this operation], InnerCode=0x703001c
[ERROR] RUNTIME(712583,):2026-01-15-10:29:31.344.093 [error_message_manage.cc:53]712583 FuncErrorReason:report error module_type=3, module_name=EE8888
[ERROR] RUNTIME(712583,):2026-01-15-10:29:31.344.095 [error_message_manage.cc:53]712583 FuncErrorReason:rtMemcpy execute failed, reason=[the current capture mode does not support this operation]
[ERROR] ASCENDCL(712583,):2026-01-15-10:29:31.344.467 [memory.cpp:437]712583 aclrtMemcpyImpl: synchronized memcpy failed, kind = 1, runtime result = 107030
[ERROR] RUNTIME(712583,):2026-01-15-10:29:31.424.515 [api_error.cc:1519]712583 MemCopySync:Memory copy sync failed, cnt=416, kind=1.
[ERROR] RUNTIME(712583,):2026-01-15-10:29:31.424.525 [api_c.cc:1197]712583 rtMemcpy:ErrCode=107030, desc=[the current capture mode does not support this operation], InnerCode=0x703001c
[ERROR] RUNTIME(712583,):2026-01-15-10:29:31.424.527 [error_message_manage.cc:53]712583 FuncErrorReason:report error module_type=3, module_name=EE8888
[ERROR] RUNTIME(712583,):2026-01-15-10:29:31.424.530 [error_message_manage.cc:53]712583 FuncErrorReason:rtMemcpy execute failed, reason=[the current capture mode does not support this operation]
[ERROR] ASCENDCL(712583,):2026-01-15-10:29:31.424.731 [memory.cpp:437]712583 aclrtMemcpyImpl: synchronized memcpy failed, kind = 1, runtime result = 107030
[ERROR] RUNTIME(712583,):2026-01-15-10:29:31.503.253 [api_error.cc:1519]712583 MemCopySync:Memory copy sync failed, cnt=72, kind=1.
[ERROR] RUNTIME(712583,):2026-01-15-10:29:31.503.261 [api_c.cc:1197]712583 rtMemcpy:ErrCode=107030, desc=[the current capture mode does not support this operation], InnerCode=0x703001c
[ERROR] RUNTIME(712583,):2026-01-15-10:29:31.503.264 [error_message_manage.cc:53]712583 FuncErrorReason:report error module_type=3, module_name=EE8888
[ERROR] RUNTIME(712583,):2026-01-15-10:29:31.503.266 [error_message_manage.cc:53]712583 FuncErrorReason:rtMemcpy execute failed, reason=[the current capture mode does not support this operation]
[ERROR] ASCENDCL(712583,):2026-01-15-10:29:31.503.525 [memory.cpp:437]712583 aclrtMemcpyImpl: synchronized memcpy failed, kind = 1, runtime result = 107030
[ERROR] RUNTIME(712583,):2026-01-15-10:29:31.581.060 [api_error.cc:1519]712583 MemCopySync:Memory copy sync failed, cnt=416, kind=1.
[ERROR] RUNTIME(712583,):2026-01-15-10:29:31.581.068 [api_c.cc:1197]712583 rtMemcpy:ErrCode=107030, desc=[the current capture mode does not support this operation], InnerCode=0x703001c
[ERROR] RUNTIME(712583,):2026-01-15-10:29:31.581.071 [error_message_manage.cc:53]712583 FuncErrorReason:report error module_type=3, module_name=EE8888
[ERROR] RUNTIME(712583,):2026-01-15-10:29:31.581.074 [error_message_manage.cc:53]712583 FuncErrorReason:rtMemcpy execute failed, reason=[the current capture mode does not support this operation]
[ERROR] ASCENDCL(712583,):2026-01-15-10:29:31.581.286 [memory.cpp:437]712583 aclrtMemcpyImpl: synchronized memcpy failed, kind = 1, runtime result = 107030
[ERROR] RUNTIME(712583,):2026-01-15-10:29:31.659.961 [api_error.cc:1519]712583 MemCopySync:Memory copy sync failed, cnt=72, kind=1.
[ERROR] RUNTIME(712583,):2026-01-15-10:29:31.659.970 [api_c.cc:1197]712583 rtMemcpy:ErrCode=107030, desc=[the current capture mode does not support this operation], InnerCode=0x703001c
[ERROR] RUNTIME(712583,):2026-01-15-10:29:31.659.973 [error_message_manage.cc:53]712583 FuncErrorReason:report error module_type=3, module_name=EE8888
[ERROR] RUNTIME(712583,):2026-01-15-10:29:31.659.975 [error_message_manage.cc:53]712583 FuncErrorReason:rtMemcpy execute failed, reason=[the current capture mode does not support this operation]
[ERROR] ASCENDCL(712583,):2026-01-15-10:29:31.660.298 [memory.cpp:437]712583 aclrtMemcpyImpl: synchronized memcpy failed, kind = 1, runtime result = 107030
[ERROR] RUNTIME(712583,):2026-01-15-10:29:31.735.159 [api_error.cc:1519]712583 MemCopySync:Memory copy sync failed, cnt=416, kind=1.
[ERROR] RUNTIME(712583,):2026-01-15-10:29:31.735.168 [api_c.cc:1197]712583 rtMemcpy:ErrCode=107030, desc=[the current capture mode does not support this operation], InnerCode=0x703001c
[ERROR] RUNTIME(712583,):2026-01-15-10:29:31.735.171 [error_message_manage.cc:53]712583 FuncErrorReason:report error module_type=3, module_name=EE8888
[ERROR] RUNTIME(712583,):2026-01-15-10:29:31.735.174 [error_message_manage.cc:53]712583 FuncErrorReason:rtMemcpy execute failed, reason=[the current capture mode does not support this operation]
[ERROR] ASCENDCL(712583,):2026-01-15-10:29:31.735.421 [memory.cpp:437]712583 aclrtMemcpyImpl: synchronized memcpy failed, kind = 1, runtime result = 107030
[ERROR] RUNTIME(712583,):2026-01-15-10:29:31.812.533 [api_error.cc:1519]712583 MemCopySync:Memory copy sync failed, cnt=72, kind=1.
[ERROR] RUNTIME(712583,):2026-01-15-10:29:31.812.541 [api_c.cc:1197]712583 rtMemcpy:ErrCode=107030, desc=[the current capture mode does not support this operation], InnerCode=0x703001c
[ERROR] RUNTIME(712583,):2026-01-15-10:29:31.812.544 [error_message_manage.cc:53]712583 FuncErrorReason:report error module_type=3, module_name=EE8888
[ERROR] RUNTIME(712583,):2026-01-15-10:29:31.812.546 [error_message_manage.cc:53]712583 FuncErrorReason:rtMemcpy execute failed, reason=[the current capture mode does not support this operation]
[ERROR] ASCENDCL(712583,):2026-01-15-10:29:31.812.781 [memory.cpp:437]712583 aclrtMemcpyImpl: synchronized memcpy failed, kind = 1, runtime result = 107030
[ERROR] RUNTIME(712583,):2026-01-15-10:29:31.892.830 [api_error.cc:1519]712583 MemCopySync:Memory copy sync failed, cnt=416, kind=1.
[ERROR] RUNTIME(712583,):2026-01-15-10:29:31.892.839 [api_c.cc:1197]712583 rtMemcpy:ErrCode=107030, desc=[the current capture mode does not support this operation], InnerCode=0x703001c
[ERROR] RUNTIME(712583,):2026-01-15-10:29:31.892.841 [error_message_manage.cc:53]712583 FuncErrorReason:report error module_type=3, module_name=EE8888
[ERROR] RUNTIME(712583,):2026-01-15-10:29:31.892.844 [error_message_manage.cc:53]712583 FuncErrorReason:rtMemcpy execute failed, reason=[the current capture mode does not support this operation]
[ERROR] ASCENDCL(712583,):2026-01-15-10:29:31.893.174 [memory.cpp:437]712583 aclrtMemcpyImpl: synchronized memcpy failed, kind = 1, runtime result = 107030
[ERROR] RUNTIME(712583,):2026-01-15-10:29:31.973.088 [api_error.cc:1519]712583 MemCopySync:Memory copy sync failed, cnt=72, kind=1.
[ERROR] RUNTIME(712583,):2026-01-15-10:29:31.973.096 [api_c.cc:1197]712583 rtMemcpy:ErrCode=107030, desc=[the current capture mode does not support this operation], InnerCode=0x703001c
[ERROR] RUNTIME(712583,):2026-01-15-10:29:31.973.099 [error_message_manage.cc:53]712583 FuncErrorReason:report error module_type=3, module_name=EE8888
[ERROR] RUNTIME(712583,):2026-01-15-10:29:31.973.102 [error_message_manage.cc:53]712583 FuncErrorReason:rtMemcpy execute failed, reason=[the current capture mode does not support this operation]
[ERROR] ASCENDCL(712583,):2026-01-15-10:29:31.973.326 [memory.cpp:437]712583 aclrtMemcpyImpl: synchronized memcpy failed, kind = 1, runtime result = 107030
[ERROR] RUNTIME(712583,):2026-01-15-10:29:32.057.028 [api_error.cc:1519]712583 MemCopySync:Memory copy sync failed, cnt=416, kind=1.
[ERROR] RUNTIME(712583,):2026-01-15-10:29:32.057.037 [api_c.cc:1197]712583 rtMemcpy:ErrCode=107030, desc=[the current capture mode does not support this operation], InnerCode=0x703001c
[ERROR] RUNTIME(712583,):2026-01-15-10:29:32.057.040 [error_message_manage.cc:53]712583 FuncErrorReason:report error module_type=3, module_name=EE8888
[ERROR] RUNTIME(712583,):2026-01-15-10:29:32.057.043 [error_message_manage.cc:53]712583 FuncErrorReason:rtMemcpy execute failed, reason=[the current capture mode does not support this operation]
[ERROR] ASCENDCL(712583,):2026-01-15-10:29:32.057.306 [memory.cpp:437]712583 aclrtMemcpyImpl: synchronized memcpy failed, kind = 1, runtime result = 107030
[ERROR] RUNTIME(712583,):2026-01-15-10:29:32.123.577 [api_error.cc:1519]712583 MemCopySync:Memory copy sync failed, cnt=72, kind=1.
[ERROR] RUNTIME(712583,):2026-01-15-10:29:32.123.585 [api_c.cc:1197]712583 rtMemcpy:ErrCode=107030, desc=[the current capture mode does not support this operation], InnerCode=0x703001c
[ERROR] RUNTIME(712583,):2026-01-15-10:29:32.123.588 [error_message_manage.cc:53]712583 FuncErrorReason:report error module_type=3, module_name=EE8888
[ERROR] RUNTIME(712583,):2026-01-15-10:29:32.123.590 [error_message_manage.cc:53]712583 FuncErrorReason:rtMemcpy execute failed, reason=[the current capture mode does not support this operation]
[ERROR] ASCENDCL(712583,):2026-01-15-10:29:32.123.816 [memory.cpp:437]712583 aclrtMemcpyImpl: synchronized memcpy failed, kind = 1, runtime result = 107030
[ERROR] RUNTIME(712583,):2026-01-15-10:29:32.164.824 [api_error.cc:1519]712583 MemCopySync:Memory copy sync failed, cnt=416, kind=1.
[ERROR] RUNTIME(712583,):2026-01-15-10:29:32.164.833 [api_c.cc:1197]712583 rtMemcpy:ErrCode=107030, desc=[the current capture mode does not support this operation], InnerCode=0x703001c
[ERROR] RUNTIME(712583,):2026-01-15-10:29:32.164.835 [error_message_manage.cc:53]712583 FuncErrorReason:report error module_type=3, module_name=EE8888
[ERROR] RUNTIME(712583,):2026-01-15-10:29:32.164.838 [error_message_manage.cc:53]712583 FuncErrorReason:rtMemcpy execute failed, reason=[the current capture mode does not support this operation]
[ERROR] ASCENDCL(712583,):2026-01-15-10:29:32.165.109 [memory.cpp:437]712583 aclrtMemcpyImpl: synchronized memcpy failed, kind = 1, runtime result = 107030
[ERROR] RUNTIME(712583,):2026-01-15-10:29:32.234.507 [api_error.cc:1519]712583 MemCopySync:Memory copy sync failed, cnt=72, kind=1.
[ERROR] RUNTIME(712583,):2026-01-15-10:29:32.234.517 [api_c.cc:1197]712583 rtMemcpy:ErrCode=107030, desc=[the current capture mode does not support this operation], InnerCode=0x703001c
[ERROR] RUNTIME(712583,):2026-01-15-10:29:32.234.519 [error_message_manage.cc:53]712583 FuncErrorReason:report error module_type=3, module_name=EE8888
[ERROR] RUNTIME(712583,):2026-01-15-10:29:32.234.522 [error_message_manage.cc:53]712583 FuncErrorReason:rtMemcpy execute failed, reason=[the current capture mode does not support this operation]
[ERROR] ASCENDCL(712583,):2026-01-15-10:29:32.234.714 [memory.cpp:437]712583 aclrtMemcpyImpl: synchronized memcpy failed, kind = 1, runtime result = 107030
[ERROR] RUNTIME(712583,):2026-01-15-10:29:32.310.351 [api_error.cc:1519]712583 MemCopySync:Memory copy sync failed, cnt=416, kind=1.
[ERROR] RUNTIME(712583,):2026-01-15-10:29:32.310.360 [api_c.cc:1197]712583 rtMemcpy:ErrCode=107030, desc=[the current capture mode does not support this operation], InnerCode=0x703001c
[ERROR] RUNTIME(712583,):2026-01-15-10:29:32.310.363 [error_message_manage.cc:53]712583 FuncErrorReason:report error module_type=3, module_name=EE8888
[ERROR] RUNTIME(712583,):2026-01-15-10:29:32.310.366 [error_message_manage.cc:53]712583 FuncErrorReason:rtMemcpy execute failed, reason=[the current capture mode does not support this operation]
[ERROR] ASCENDCL(712583,):2026-01-15-10:29:32.310.567 [memory.cpp:437]712583 aclrtMemcpyImpl: synchronized memcpy failed, kind = 1, runtime result = 107030
[ERROR] RUNTIME(712583,):2026-01-15-10:29:32.384.844 [api_error.cc:1519]712583 MemCopySync:Memory copy sync failed, cnt=72, kind=1.
[ERROR] RUNTIME(712583,):2026-01-15-10:29:32.384.852 [api_c.cc:1197]712583 rtMemcpy:ErrCode=107030, desc=[the current capture mode does not support this operation], InnerCode=0x703001c
[ERROR] RUNTIME(712583,):2026-01-15-10:29:32.384.854 [error_message_manage.cc:53]712583 FuncErrorReason:report error module_type=3, module_name=EE8888
[ERROR] RUNTIME(712583,):2026-01-15-10:29:32.384.857 [error_message_manage.cc:53]712583 FuncErrorReason:rtMemcpy execute failed, reason=[the current capture mode does not support this operation]
[ERROR] ASCENDCL(712583,):2026-01-15-10:29:32.385.053 [memory.cpp:437]712583 aclrtMemcpyImpl: synchronized memcpy failed, kind = 1, runtime result = 107030
[ERROR] RUNTIME(712583,):2026-01-15-10:29:32.457.061 [api_error.cc:1519]712583 MemCopySync:Memory copy sync failed, cnt=416, kind=1.
[ERROR] RUNTIME(712583,):2026-01-15-10:29:32.457.070 [api_c.cc:1197]712583 rtMemcpy:ErrCode=107030, desc=[the current capture mode does not support this operation], InnerCode=0x703001c
[ERROR] RUNTIME(712583,):2026-01-15-10:29:32.457.072 [error_message_manage.cc:53]712583 FuncErrorReason:report error module_type=3, module_name=EE8888
[ERROR] RUNTIME(712583,):2026-01-15-10:29:32.457.076 [error_message_manage.cc:53]712583 FuncErrorReason:rtMemcpy execute failed, reason=[the current capture mode does not support this operation]
[ERROR] ASCENDCL(712583,):2026-01-15-10:29:32.457.328 [memory.cpp:437]712583 aclrtMemcpyImpl: synchronized memcpy failed, kind = 1, runtime result = 107030
[ERROR] RUNTIME(712583,):2026-01-15-10:29:32.502.659 [api_error.cc:1519]712583 MemCopySync:Memory copy sync failed, cnt=72, kind=1.
[ERROR] RUNTIME(712583,):2026-01-15-10:29:32.502.667 [api_c.cc:1197]712583 rtMemcpy:ErrCode=107030, desc=[the current capture mode does not support this operation], InnerCode=0x703001c
[ERROR] RUNTIME(712583,):2026-01-15-10:29:32.502.669 [error_message_manage.cc:53]712583 FuncErrorReason:report error module_type=3, module_name=EE8888
[ERROR] RUNTIME(712583,):2026-01-15-10:29:32.502.672 [error_message_manage.cc:53]712583 FuncErrorReason:rtMemcpy execute failed, reason=[the current capture mode does not support this operation]
[ERROR] ASCENDCL(712583,):2026-01-15-10:29:32.502.877 [memory.cpp:437]712583 aclrtMemcpyImpl: synchronized memcpy failed, kind = 1, runtime result = 107030
[ERROR] RUNTIME(712583,):2026-01-15-10:29:32.569.932 [api_error.cc:1519]712583 MemCopySync:Memory copy sync failed, cnt=416, kind=1.
[ERROR] RUNTIME(712583,):2026-01-15-10:29:32.569.941 [api_c.cc:1197]712583 rtMemcpy:ErrCode=107030, desc=[the current capture mode does not support this operation], InnerCode=0x703001c
[ERROR] RUNTIME(712583,):2026-01-15-10:29:32.569.943 [error_message_manage.cc:53]712583 FuncErrorReason:report error module_type=3, module_name=EE8888
[ERROR] RUNTIME(712583,):2026-01-15-10:29:32.569.946 [error_message_manage.cc:53]712583 FuncErrorReason:rtMemcpy execute failed, reason=[the current capture mode does not support this operation]
[ERROR] ASCENDCL(712583,):2026-01-15-10:29:32.570.143 [memory.cpp:437]712583 aclrtMemcpyImpl: synchronized memcpy failed, kind = 1, runtime result = 107030
[ERROR] RUNTIME(712583,):2026-01-15-10:29:32.647.545 [api_error.cc:1519]712583 MemCopySync:Memory copy sync failed, cnt=72, kind=1.
[ERROR] RUNTIME(712583,):2026-01-15-10:29:32.647.554 [api_c.cc:1197]712583 rtMemcpy:ErrCode=107030, desc=[the current capture mode does not support this operation], InnerCode=0x703001c
[ERROR] RUNTIME(712583,):2026-01-15-10:29:32.647.556 [error_message_manage.cc:53]712583 FuncErrorReason:report error module_type=3, module_name=EE8888
[ERROR] RUNTIME(712583,):2026-01-15-10:29:32.647.559 [error_message_manage.cc:53]712583 FuncErrorReason:rtMemcpy execute failed, reason=[the current capture mode does not support this operation]
[ERROR] ASCENDCL(712583,):2026-01-15-10:29:32.647.863 [memory.cpp:437]712583 aclrtMemcpyImpl: synchronized memcpy failed, kind = 1, runtime result = 107030
[ERROR] RUNTIME(712583,):2026-01-15-10:29:32.722.667 [api_error.cc:1519]712583 MemCopySync:Memory copy sync failed, cnt=416, kind=1.
[ERROR] RUNTIME(712583,):2026-01-15-10:29:32.722.676 [api_c.cc:1197]712583 rtMemcpy:ErrCode=107030, desc=[the current capture mode does not support this operation], InnerCode=0x703001c
[ERROR] RUNTIME(712583,):2026-01-15-10:29:32.722.678 [error_message_manage.cc:53]712583 FuncErrorReason:report error module_type=3, module_name=EE8888
[ERROR] RUNTIME(712583,):2026-01-15-10:29:32.722.681 [error_message_manage.cc:53]712583 FuncErrorReason:rtMemcpy execute failed, reason=[the current capture mode does not support this operation]
[ERROR] ASCENDCL(712583,):2026-01-15-10:29:32.722.881 [memory.cpp:437]712583 aclrtMemcpyImpl: synchronized memcpy failed, kind = 1, runtime result = 107030
[ERROR] RUNTIME(712583,):2026-01-15-10:29:32.786.202 [api_error.cc:1519]712583 MemCopySync:Memory copy sync failed, cnt=72, kind=1.
[ERROR] RUNTIME(712583,):2026-01-15-10:29:32.786.210 [api_c.cc:1197]712583 rtMemcpy:ErrCode=107030, desc=[the current capture mode does not support this operation], InnerCode=0x703001c
[ERROR] RUNTIME(712583,):2026-01-15-10:29:32.786.213 [error_message_manage.cc:53]712583 FuncErrorReason:report error module_type=3, module_name=EE8888
[ERROR] RUNTIME(712583,):2026-01-15-10:29:32.786.216 [error_message_manage.cc:53]712583 FuncErrorReason:rtMemcpy execute failed, reason=[the current capture mode does not support this operation]
[ERROR] ASCENDCL(712583,):2026-01-15-10:29:32.786.452 [memory.cpp:437]712583 aclrtMemcpyImpl: synchronized memcpy failed, kind = 1, runtime result = 107030
[ERROR] RUNTIME(712583,):2026-01-15-10:29:32.851.295 [api_error.cc:1519]712583 MemCopySync:Memory copy sync failed, cnt=416, kind=1.
[ERROR] RUNTIME(712583,):2026-01-15-10:29:32.851.304 [api_c.cc:1197]712583 rtMemcpy:ErrCode=107030, desc=[the current capture mode does not support this operation], InnerCode=0x703001c
[ERROR] RUNTIME(712583,):2026-01-15-10:29:32.851.307 [error_message_manage.cc:53]712583 FuncErrorReason:report error module_type=3, module_name=EE8888
[ERROR] RUNTIME(712583,):2026-01-15-10:29:32.851.310 [error_message_manage.cc:53]712583 FuncErrorReason:rtMemcpy execute failed, reason=[the current capture mode does not support this operation]
[ERROR] ASCENDCL(712583,):2026-01-15-10:29:32.851.644 [memory.cpp:437]712583 aclrtMemcpyImpl: synchronized memcpy failed, kind = 1, runtime result = 107030
[ERROR] RUNTIME(712583,):2026-01-15-10:29:32.919.051 [api_error.cc:1519]712583 MemCopySync:Memory copy sync failed, cnt=72, kind=1.
[ERROR] RUNTIME(712583,):2026-01-15-10:29:32.919.058 [api_c.cc:1197]712583 rtMemcpy:ErrCode=107030, desc=[the current capture mode does not support this operation], InnerCode=0x703001c
[ERROR] RUNTIME(712583,):2026-01-15-10:29:32.919.060 [error_message_manage.cc:53]712583 FuncErrorReason:report error module_type=3, module_name=EE8888
[ERROR] RUNTIME(712583,):2026-01-15-10:29:32.919.063 [error_message_manage.cc:53]712583 FuncErrorReason:rtMemcpy execute failed, reason=[the current capture mode does not support this operation]
[ERROR] ASCENDCL(712583,):2026-01-15-10:29:32.919.272 [memory.cpp:437]712583 aclrtMemcpyImpl: synchronized memcpy failed, kind = 1, runtime result = 107030
[ERROR] RUNTIME(712583,):2026-01-15-10:29:32.986.066 [api_error.cc:1519]712583 MemCopySync:Memory copy sync failed, cnt=416, kind=1.
[ERROR] RUNTIME(712583,):2026-01-15-10:29:32.986.075 [api_c.cc:1197]712583 rtMemcpy:ErrCode=107030, desc=[the current capture mode does not support this operation], InnerCode=0x703001c
[ERROR] RUNTIME(712583,):2026-01-15-10:29:32.986.077 [error_message_manage.cc:53]712583 FuncErrorReason:report error module_type=3, module_name=EE8888
[ERROR] RUNTIME(712583,):2026-01-15-10:29:32.986.080 [error_message_manage.cc:53]712583 FuncErrorReason:rtMemcpy execute failed, reason=[the current capture mode does not support this operation]
[ERROR] ASCENDCL(712583,):2026-01-15-10:29:32.986.291 [memory.cpp:437]712583 aclrtMemcpyImpl: synchronized memcpy failed, kind = 1, runtime result = 107030
[ERROR] RUNTIME(712583,):2026-01-15-10:29:33.039.144 [api_error.cc:1519]712583 MemCopySync:Memory copy sync failed, cnt=72, kind=1.
[ERROR] RUNTIME(712583,):2026-01-15-10:29:33.039.152 [api_c.cc:1197]712583 rtMemcpy:ErrCode=107030, desc=[the current capture mode does not support this operation], InnerCode=0x703001c
[ERROR] RUNTIME(712583,):2026-01-15-10:29:33.039.155 [error_message_manage.cc:53]712583 FuncErrorReason:report error module_type=3, module_name=EE8888
[ERROR] RUNTIME(712583,):2026-01-15-10:29:33.039.158 [error_message_manage.cc:53]712583 FuncErrorReason:rtMemcpy execute failed, reason=[the current capture mode does not support this operation]
[ERROR] ASCENDCL(712583,):2026-01-15-10:29:33.039.465 [memory.cpp:437]712583 aclrtMemcpyImpl: synchronized memcpy failed, kind = 1, runtime result = 107030
[ERROR] RUNTIME(712583,):2026-01-15-10:29:33.104.741 [api_error.cc:1519]712583 MemCopySync:Memory copy sync failed, cnt=416, kind=1.
[ERROR] RUNTIME(712583,):2026-01-15-10:29:33.104.750 [api_c.cc:1197]712583 rtMemcpy:ErrCode=107030, desc=[the current capture mode does not support this operation], InnerCode=0x703001c
[ERROR] RUNTIME(712583,):2026-01-15-10:29:33.104.753 [error_message_manage.cc:53]712583 FuncErrorReason:report error module_type=3, module_name=EE8888
[ERROR] RUNTIME(712583,):2026-01-15-10:29:33.104.756 [error_message_manage.cc:53]712583 FuncErrorReason:rtMemcpy execute failed, reason=[the current capture mode does not support this operation]
[ERROR] ASCENDCL(712583,):2026-01-15-10:29:33.105.088 [memory.cpp:437]712583 aclrtMemcpyImpl: synchronized memcpy failed, kind = 1, runtime result = 107030
[ERROR] RUNTIME(712583,):2026-01-15-10:29:33.173.159 [api_error.cc:1519]712583 MemCopySync:Memory copy sync failed, cnt=72, kind=1.
[ERROR] RUNTIME(712583,):2026-01-15-10:29:33.173.167 [api_c.cc:1197]712583 rtMemcpy:ErrCode=107030, desc=[the current capture mode does not support this operation], InnerCode=0x703001c
[ERROR] RUNTIME(712583,):2026-01-15-10:29:33.173.169 [error_message_manage.cc:53]712583 FuncErrorReason:report error module_type=3, module_name=EE8888
[ERROR] RUNTIME(712583,):2026-01-15-10:29:33.173.172 [error_message_manage.cc:53]712583 FuncErrorReason:rtMemcpy execute failed, reason=[the current capture mode does not support this operation]
[ERROR] ASCENDCL(712583,):2026-01-15-10:29:33.173.418 [memory.cpp:437]712583 aclrtMemcpyImpl: synchronized memcpy failed, kind = 1, runtime result = 107030
[ERROR] RUNTIME(712583,):2026-01-15-10:29:33.241.267 [api_error.cc:1519]712583 MemCopySync:Memory copy sync failed, cnt=416, kind=1.
[ERROR] RUNTIME(712583,):2026-01-15-10:29:33.241.276 [api_c.cc:1197]712583 rtMemcpy:ErrCode=107030, desc=[the current capture mode does not support this operation], InnerCode=0x703001c
[ERROR] RUNTIME(712583,):2026-01-15-10:29:33.241.278 [error_message_manage.cc:53]712583 FuncErrorReason:report error module_type=3, module_name=EE8888
[ERROR] RUNTIME(712583,):2026-01-15-10:29:33.241.281 [error_message_manage.cc:53]712583 FuncErrorReason:rtMemcpy execute failed, reason=[the current capture mode does not support this operation]
[ERROR] ASCENDCL(712583,):2026-01-15-10:29:33.241.540 [memory.cpp:437]712583 aclrtMemcpyImpl: synchronized memcpy failed, kind = 1, runtime result = 107030
[ERROR] RUNTIME(712583,):2026-01-15-10:29:33.314.962 [api_error.cc:1519]712583 MemCopySync:Memory copy sync failed, cnt=72, kind=1.
[ERROR] RUNTIME(712583,):2026-01-15-10:29:33.314.970 [api_c.cc:1197]712583 rtMemcpy:ErrCode=107030, desc=[the current capture mode does not support this operation], InnerCode=0x703001c
[ERROR] RUNTIME(712583,):2026-01-15-10:29:33.314.972 [error_message_manage.cc:53]712583 FuncErrorReason:report error module_type=3, module_name=EE8888
[ERROR] RUNTIME(712583,):2026-01-15-10:29:33.314.975 [error_message_manage.cc:53]712583 FuncErrorReason:rtMemcpy execute failed, reason=[the current capture mode does not support this operation]
[ERROR] ASCENDCL(712583,):2026-01-15-10:29:33.315.237 [memory.cpp:437]712583 aclrtMemcpyImpl: synchronized memcpy failed, kind = 1, runtime result = 107030
[ERROR] RUNTIME(712583,):2026-01-15-10:29:33.384.996 [api_error.cc:1519]712583 MemCopySync:Memory copy sync failed, cnt=416, kind=1.
[ERROR] RUNTIME(712583,):2026-01-15-10:29:33.385.004 [api_c.cc:1197]712583 rtMemcpy:ErrCode=107030, desc=[the current capture mode does not support this operation], InnerCode=0x703001c
[ERROR] RUNTIME(712583,):2026-01-15-10:29:33.385.007 [error_message_manage.cc:53]712583 FuncErrorReason:report error module_type=3, module_name=EE8888
[ERROR] RUNTIME(712583,):2026-01-15-10:29:33.385.010 [error_message_manage.cc:53]712583 FuncErrorReason:rtMemcpy execute failed, reason=[the current capture mode does not support this operation]
[ERROR] ASCENDCL(712583,):2026-01-15-10:29:33.385.214 [memory.cpp:437]712583 aclrtMemcpyImpl: synchronized memcpy failed, kind = 1, runtime result = 107030
[ERROR] RUNTIME(712583,):2026-01-15-10:29:33.440.685 [api_error.cc:1519]712583 MemCopySync:Memory copy sync failed, cnt=72, kind=1.
[ERROR] RUNTIME(712583,):2026-01-15-10:29:33.440.692 [api_c.cc:1197]712583 rtMemcpy:ErrCode=107030, desc=[the current capture mode does not support this operation], InnerCode=0x703001c
[ERROR] RUNTIME(712583,):2026-01-15-10:29:33.440.695 [error_message_manage.cc:53]712583 FuncErrorReason:report error module_type=3, module_name=EE8888
[ERROR] RUNTIME(712583,):2026-01-15-10:29:33.440.698 [error_message_manage.cc:53]712583 FuncErrorReason:rtMemcpy execute failed, reason=[the current capture mode does not support this operation]
[ERROR] ASCENDCL(712583,):2026-01-15-10:29:33.440.951 [memory.cpp:437]712583 aclrtMemcpyImpl: synchronized memcpy failed, kind = 1, runtime result = 107030
[ERROR] RUNTIME(712583,):2026-01-15-10:29:33.500.960 [api_error.cc:1519]712583 MemCopySync:Memory copy sync failed, cnt=416, kind=1.
[ERROR] RUNTIME(712583,):2026-01-15-10:29:33.500.969 [api_c.cc:1197]712583 rtMemcpy:ErrCode=107030, desc=[the current capture mode does not support this operation], InnerCode=0x703001c
[ERROR] RUNTIME(712583,):2026-01-15-10:29:33.500.971 [error_message_manage.cc:53]712583 FuncErrorReason:report error module_type=3, module_name=EE8888
[ERROR] RUNTIME(712583,):2026-01-15-10:29:33.500.974 [error_message_manage.cc:53]712583 FuncErrorReason:rtMemcpy execute failed, reason=[the current capture mode does not support this operation]
[ERROR] ASCENDCL(712583,):2026-01-15-10:29:33.501.186 [memory.cpp:437]712583 aclrtMemcpyImpl: synchronized memcpy failed, kind = 1, runtime result = 107030
[ERROR] RUNTIME(712583,):2026-01-15-10:29:33.567.673 [api_error.cc:1519]712583 MemCopySync:Memory copy sync failed, cnt=72, kind=1.
[ERROR] RUNTIME(712583,):2026-01-15-10:29:33.567.681 [api_c.cc:1197]712583 rtMemcpy:ErrCode=107030, desc=[the current capture mode does not support this operation], InnerCode=0x703001c
[ERROR] RUNTIME(712583,):2026-01-15-10:29:33.567.683 [error_message_manage.cc:53]712583 FuncErrorReason:report error module_type=3, module_name=EE8888
[ERROR] RUNTIME(712583,):2026-01-15-10:29:33.567.686 [error_message_manage.cc:53]712583 FuncErrorReason:rtMemcpy execute failed, reason=[the current capture mode does not support this operation]
[ERROR] ASCENDCL(712583,):2026-01-15-10:29:33.567.917 [memory.cpp:437]712583 aclrtMemcpyImpl: synchronized memcpy failed, kind = 1, runtime result = 107030
[ERROR] RUNTIME(712583,):2026-01-15-10:29:33.642.064 [api_error.cc:1519]712583 MemCopySync:Memory copy sync failed, cnt=416, kind=1.
[ERROR] RUNTIME(712583,):2026-01-15-10:29:33.642.073 [api_c.cc:1197]712583 rtMemcpy:ErrCode=107030, desc=[the current capture mode does not support this operation], InnerCode=0x703001c
[ERROR] RUNTIME(712583,):2026-01-15-10:29:33.642.075 [error_message_manage.cc:53]712583 FuncErrorReason:report error module_type=3, module_name=EE8888
[ERROR] RUNTIME(712583,):2026-01-15-10:29:33.642.078 [error_message_manage.cc:53]712583 FuncErrorReason:rtMemcpy execute failed, reason=[the current capture mode does not support this operation]
[ERROR] ASCENDCL(712583,):2026-01-15-10:29:33.642.290 [memory.cpp:437]712583 aclrtMemcpyImpl: synchronized memcpy failed, kind = 1, runtime result = 107030
[ERROR] RUNTIME(712583,):2026-01-15-10:29:33.719.847 [api_error.cc:1519]712583 MemCopySync:Memory copy sync failed, cnt=72, kind=1.
[ERROR] RUNTIME(712583,):2026-01-15-10:29:33.719.854 [api_c.cc:1197]712583 rtMemcpy:ErrCode=107030, desc=[the current capture mode does not support this operation], InnerCode=0x703001c
[ERROR] RUNTIME(712583,):2026-01-15-10:29:33.719.857 [error_message_manage.cc:53]712583 FuncErrorReason:report error module_type=3, module_name=EE8888
[ERROR] RUNTIME(712583,):2026-01-15-10:29:33.719.860 [error_message_manage.cc:53]712583 FuncErrorReason:rtMemcpy execute failed, reason=[the current capture mode does not support this operation]
[ERROR] ASCENDCL(712583,):2026-01-15-10:29:33.720.072 [memory.cpp:437]712583 aclrtMemcpyImpl: synchronized memcpy failed, kind = 1, runtime result = 107030
[ERROR] RUNTIME(712583,):2026-01-15-10:29:33.783.625 [api_error.cc:1519]712583 MemCopySync:Memory copy sync failed, cnt=416, kind=1.
[ERROR] RUNTIME(712583,):2026-01-15-10:29:33.783.634 [api_c.cc:1197]712583 rtMemcpy:ErrCode=107030, desc=[the current capture mode does not support this operation], InnerCode=0x703001c
[ERROR] RUNTIME(712583,):2026-01-15-10:29:33.783.637 [error_message_manage.cc:53]712583 FuncErrorReason:report error module_type=3, module_name=EE8888
[ERROR] RUNTIME(712583,):2026-01-15-10:29:33.783.640 [error_message_manage.cc:53]712583 FuncErrorReason:rtMemcpy execute failed, reason=[the current capture mode does not support this operation]
[ERROR] ASCENDCL(712583,):2026-01-15-10:29:33.783.878 [memory.cpp:437]712583 aclrtMemcpyImpl: synchronized memcpy failed, kind = 1, runtime result = 107030
[ERROR] RUNTIME(712583,):2026-01-15-10:29:33.828.355 [api_error.cc:1519]712583 MemCopySync:Memory copy sync failed, cnt=72, kind=1.
[ERROR] RUNTIME(712583,):2026-01-15-10:29:33.828.363 [api_c.cc:1197]712583 rtMemcpy:ErrCode=107030, desc=[the current capture mode does not support this operation], InnerCode=0x703001c
[ERROR] RUNTIME(712583,):2026-01-15-10:29:33.828.366 [error_message_manage.cc:53]712583 FuncErrorReason:report error module_type=3, module_name=EE8888
[ERROR] RUNTIME(712583,):2026-01-15-10:29:33.828.369 [error_message_manage.cc:53]712583 FuncErrorReason:rtMemcpy execute failed, reason=[the current capture mode does not support this operation]
[ERROR] ASCENDCL(712583,):2026-01-15-10:29:33.828.579 [memory.cpp:437]712583 aclrtMemcpyImpl: synchronized memcpy failed, kind = 1, runtime result = 107030
[ERROR] RUNTIME(712583,):2026-01-15-10:29:33.904.868 [api_error.cc:1519]712583 MemCopySync:Memory copy sync failed, cnt=416, kind=1.
[ERROR] RUNTIME(712583,):2026-01-15-10:29:33.904.877 [api_c.cc:1197]712583 rtMemcpy:ErrCode=107030, desc=[the current capture mode does not support this operation], InnerCode=0x703001c
[ERROR] RUNTIME(712583,):2026-01-15-10:29:33.904.879 [error_message_manage.cc:53]712583 FuncErrorReason:report error module_type=3, module_name=EE8888
[ERROR] RUNTIME(712583,):2026-01-15-10:29:33.904.882 [error_message_manage.cc:53]712583 FuncErrorReason:rtMemcpy execute failed, reason=[the current capture mode does not support this operation]
[ERROR] ASCENDCL(712583,):2026-01-15-10:29:33.905.119 [memory.cpp:437]712583 aclrtMemcpyImpl: synchronized memcpy failed, kind = 1, runtime result = 107030
[ERROR] RUNTIME(712583,):2026-01-15-10:29:33.977.486 [api_error.cc:1519]712583 MemCopySync:Memory copy sync failed, cnt=72, kind=1.
[ERROR] RUNTIME(712583,):2026-01-15-10:29:33.977.494 [api_c.cc:1197]712583 rtMemcpy:ErrCode=107030, desc=[the current capture mode does not support this operation], InnerCode=0x703001c
[ERROR] RUNTIME(712583,):2026-01-15-10:29:33.977.496 [error_message_manage.cc:53]712583 FuncErrorReason:report error module_type=3, module_name=EE8888
[ERROR] RUNTIME(712583,):2026-01-15-10:29:33.977.499 [error_message_manage.cc:53]712583 FuncErrorReason:rtMemcpy execute failed, reason=[the current capture mode does not support this operation]
[ERROR] ASCENDCL(712583,):2026-01-15-10:29:33.977.709 [memory.cpp:437]712583 aclrtMemcpyImpl: synchronized memcpy failed, kind = 1, runtime result = 107030
[ERROR] RUNTIME(712583,):2026-01-15-10:29:34.042.101 [api_error.cc:1519]712583 MemCopySync:Memory copy sync failed, cnt=416, kind=1.
[ERROR] RUNTIME(712583,):2026-01-15-10:29:34.042.110 [api_c.cc:1197]712583 rtMemcpy:ErrCode=107030, desc=[the current capture mode does not support this operation], InnerCode=0x703001c
[ERROR] RUNTIME(712583,):2026-01-15-10:29:34.042.113 [error_message_manage.cc:53]712583 FuncErrorReason:report error module_type=3, module_name=EE8888
[ERROR] RUNTIME(712583,):2026-01-15-10:29:34.042.116 [error_message_manage.cc:53]712583 FuncErrorReason:rtMemcpy execute failed, reason=[the current capture mode does not support this operation]
[ERROR] ASCENDCL(712583,):2026-01-15-10:29:34.042.331 [memory.cpp:437]712583 aclrtMemcpyImpl: synchronized memcpy failed, kind = 1, runtime result = 107030
[ERROR] RUNTIME(712583,):2026-01-15-10:29:34.114.144 [api_error.cc:1519]712583 MemCopySync:Memory copy sync failed, cnt=72, kind=1.
[ERROR] RUNTIME(712583,):2026-01-15-10:29:34.114.152 [api_c.cc:1197]712583 rtMemcpy:ErrCode=107030, desc=[the current capture mode does not support this operation], InnerCode=0x703001c
[ERROR] RUNTIME(712583,):2026-01-15-10:29:34.114.155 [error_message_manage.cc:53]712583 FuncErrorReason:report error module_type=3, module_name=EE8888
[ERROR] RUNTIME(712583,):2026-01-15-10:29:34.114.157 [error_message_manage.cc:53]712583 FuncErrorReason:rtMemcpy execute failed, reason=[the current capture mode does not support this operation]
[ERROR] ASCENDCL(712583,):2026-01-15-10:29:34.114.362 [memory.cpp:437]712583 aclrtMemcpyImpl: synchronized memcpy failed, kind = 1, runtime result = 107030
[ERROR] RUNTIME(712583,):2026-01-15-10:29:34.183.773 [api_error.cc:1519]712583 MemCopySync:Memory copy sync failed, cnt=416, kind=1.
[ERROR] RUNTIME(712583,):2026-01-15-10:29:34.183.782 [api_c.cc:1197]712583 rtMemcpy:ErrCode=107030, desc=[the current capture mode does not support this operation], InnerCode=0x703001c
[ERROR] RUNTIME(712583,):2026-01-15-10:29:34.183.784 [error_message_manage.cc:53]712583 FuncErrorReason:report error module_type=3, module_name=EE8888
[ERROR] RUNTIME(712583,):2026-01-15-10:29:34.183.787 [error_message_manage.cc:53]712583 FuncErrorReason:rtMemcpy execute failed, reason=[the current capture mode does not support this operation]
[ERROR] ASCENDCL(712583,):2026-01-15-10:29:34.183.993 [memory.cpp:437]712583 aclrtMemcpyImpl: synchronized memcpy failed, kind = 1, runtime result = 107030
[ERROR] RUNTIME(712583,):2026-01-15-10:29:34.259.143 [api_error.cc:1519]712583 MemCopySync:Memory copy sync failed, cnt=72, kind=1.
[ERROR] RUNTIME(712583,):2026-01-15-10:29:34.259.151 [api_c.cc:1197]712583 rtMemcpy:ErrCode=107030, desc=[the current capture mode does not support this operation], InnerCode=0x703001c
[ERROR] RUNTIME(712583,):2026-01-15-10:29:34.259.154 [error_message_manage.cc:53]712583 FuncErrorReason:report error module_type=3, module_name=EE8888
[ERROR] RUNTIME(712583,):2026-01-15-10:29:34.259.157 [error_message_manage.cc:53]712583 FuncErrorReason:rtMemcpy execute failed, reason=[the current capture mode does not support this operation]
[ERROR] ASCENDCL(712583,):2026-01-15-10:29:34.259.439 [memory.cpp:437]712583 aclrtMemcpyImpl: synchronized memcpy failed, kind = 1, runtime result = 107030
[ERROR] RUNTIME(712583,):2026-01-15-10:29:34.329.837 [api_error.cc:1519]712583 MemCopySync:Memory copy sync failed, cnt=416, kind=1.
[ERROR] RUNTIME(712583,):2026-01-15-10:29:34.329.846 [api_c.cc:1197]712583 rtMemcpy:ErrCode=107030, desc=[the current capture mode does not support this operation], InnerCode=0x703001c
[ERROR] RUNTIME(712583,):2026-01-15-10:29:34.329.849 [error_message_manage.cc:53]712583 FuncErrorReason:report error module_type=3, module_name=EE8888
[ERROR] RUNTIME(712583,):2026-01-15-10:29:34.329.851 [error_message_manage.cc:53]712583 FuncErrorReason:rtMemcpy execute failed, reason=[the current capture mode does not support this operation]
[ERROR] ASCENDCL(712583,):2026-01-15-10:29:34.330.094 [memory.cpp:437]712583 aclrtMemcpyImpl: synchronized memcpy failed, kind = 1, runtime result = 107030
[ERROR] RUNTIME(712583,):2026-01-15-10:29:34.386.321 [api_error.cc:1519]712583 MemCopySync:Memory copy sync failed, cnt=72, kind=1.
[ERROR] RUNTIME(712583,):2026-01-15-10:29:34.386.329 [api_c.cc:1197]712583 rtMemcpy:ErrCode=107030, desc=[the current capture mode does not support this operation], InnerCode=0x703001c
[ERROR] RUNTIME(712583,):2026-01-15-10:29:34.386.332 [error_message_manage.cc:53]712583 FuncErrorReason:report error module_type=3, module_name=EE8888
[ERROR] RUNTIME(712583,):2026-01-15-10:29:34.386.334 [error_message_manage.cc:53]712583 FuncErrorReason:rtMemcpy execute failed, reason=[the current capture mode does not support this operation]
[ERROR] ASCENDCL(712583,):2026-01-15-10:29:34.386.538 [memory.cpp:437]712583 aclrtMemcpyImpl: synchronized memcpy failed, kind = 1, runtime result = 107030
[ERROR] RUNTIME(712583,):2026-01-15-10:29:34.451.921 [api_error.cc:1519]712583 MemCopySync:Memory copy sync failed, cnt=416, kind=1.
[ERROR] RUNTIME(712583,):2026-01-15-10:29:34.451.930 [api_c.cc:1197]712583 rtMemcpy:ErrCode=107030, desc=[the current capture mode does not support this operation], InnerCode=0x703001c
[ERROR] RUNTIME(712583,):2026-01-15-10:29:34.451.933 [error_message_manage.cc:53]712583 FuncErrorReason:report error module_type=3, module_name=EE8888
[ERROR] RUNTIME(712583,):2026-01-15-10:29:34.451.936 [error_message_manage.cc:53]712583 FuncErrorReason:rtMemcpy execute failed, reason=[the current capture mode does not support this operation]
[ERROR] ASCENDCL(712583,):2026-01-15-10:29:34.452.187 [memory.cpp:437]712583 aclrtMemcpyImpl: synchronized memcpy failed, kind = 1, runtime result = 107030
[ERROR] RUNTIME(712583,):2026-01-15-10:29:34.510.473 [api_error.cc:1519]712583 MemCopySync:Memory copy sync failed, cnt=72, kind=1.
[ERROR] RUNTIME(712583,):2026-01-15-10:29:34.510.481 [api_c.cc:1197]712583 rtMemcpy:ErrCode=107030, desc=[the current capture mode does not support this operation], InnerCode=0x703001c
[ERROR] RUNTIME(712583,):2026-01-15-10:29:34.510.484 [error_message_manage.cc:53]712583 FuncErrorReason:report error module_type=3, module_name=EE8888
[ERROR] RUNTIME(712583,):2026-01-15-10:29:34.510.486 [error_message_manage.cc:53]712583 FuncErrorReason:rtMemcpy execute failed, reason=[the current capture mode does not support this operation]
[ERROR] ASCENDCL(712583,):2026-01-15-10:29:34.510.691 [memory.cpp:437]712583 aclrtMemcpyImpl: synchronized memcpy failed, kind = 1, runtime result = 107030
[ERROR] RUNTIME(712583,):2026-01-15-10:29:34.587.335 [api_error.cc:1519]712583 MemCopySync:Memory copy sync failed, cnt=416, kind=1.
[ERROR] RUNTIME(712583,):2026-01-15-10:29:34.587.345 [api_c.cc:1197]712583 rtMemcpy:ErrCode=107030, desc=[the current capture mode does not support this operation], InnerCode=0x703001c
[ERROR] RUNTIME(712583,):2026-01-15-10:29:34.587.347 [error_message_manage.cc:53]712583 FuncErrorReason:report error module_type=3, module_name=EE8888
[ERROR] RUNTIME(712583,):2026-01-15-10:29:34.587.350 [error_message_manage.cc:53]712583 FuncErrorReason:rtMemcpy execute failed, reason=[the current capture mode does not support this operation]
[ERROR] ASCENDCL(712583,):2026-01-15-10:29:34.587.685 [memory.cpp:437]712583 aclrtMemcpyImpl: synchronized memcpy failed, kind = 1, runtime result = 107030
[ERROR] RUNTIME(712583,):2026-01-15-10:29:34.658.933 [api_error.cc:1519]712583 MemCopySync:Memory copy sync failed, cnt=72, kind=1.
[ERROR] RUNTIME(712583,):2026-01-15-10:29:34.658.942 [api_c.cc:1197]712583 rtMemcpy:ErrCode=107030, desc=[the current capture mode does not support this operation], InnerCode=0x703001c
[ERROR] RUNTIME(712583,):2026-01-15-10:29:34.658.944 [error_message_manage.cc:53]712583 FuncErrorReason:report error module_type=3, module_name=EE8888
[ERROR] RUNTIME(712583,):2026-01-15-10:29:34.658.947 [error_message_manage.cc:53]712583 FuncErrorReason:rtMemcpy execute failed, reason=[the current capture mode does not support this operation]
[ERROR] ASCENDCL(712583,):2026-01-15-10:29:34.659.212 [memory.cpp:437]712583 aclrtMemcpyImpl: synchronized memcpy failed, kind = 1, runtime result = 107030
[ERROR] RUNTIME(712583,):2026-01-15-10:29:34.731.855 [api_error.cc:1519]712583 MemCopySync:Memory copy sync failed, cnt=416, kind=1.
[ERROR] RUNTIME(712583,):2026-01-15-10:29:34.731.864 [api_c.cc:1197]712583 rtMemcpy:ErrCode=107030, desc=[the current capture mode does not support this operation], InnerCode=0x703001c
[ERROR] RUNTIME(712583,):2026-01-15-10:29:34.731.866 [error_message_manage.cc:53]712583 FuncErrorReason:report error module_type=3, module_name=EE8888
[ERROR] RUNTIME(712583,):2026-01-15-10:29:34.731.869 [error_message_manage.cc:53]712583 FuncErrorReason:rtMemcpy execute failed, reason=[the current capture mode does not support this operation]
[ERROR] ASCENDCL(712583,):2026-01-15-10:29:34.732.095 [memory.cpp:437]712583 aclrtMemcpyImpl: synchronized memcpy failed, kind = 1, runtime result = 107030
[ERROR] RUNTIME(712583,):2026-01-15-10:29:34.796.277 [api_error.cc:1519]712583 MemCopySync:Memory copy sync failed, cnt=72, kind=1.
[ERROR] RUNTIME(712583,):2026-01-15-10:29:34.796.286 [api_c.cc:1197]712583 rtMemcpy:ErrCode=107030, desc=[the current capture mode does not support this operation], InnerCode=0x703001c
[ERROR] RUNTIME(712583,):2026-01-15-10:29:34.796.288 [error_message_manage.cc:53]712583 FuncErrorReason:report error module_type=3, module_name=EE8888
[ERROR] RUNTIME(712583,):2026-01-15-10:29:34.796.291 [error_message_manage.cc:53]712583 FuncErrorReason:rtMemcpy execute failed, reason=[the current capture mode does not support this operation]
[ERROR] ASCENDCL(712583,):2026-01-15-10:29:34.796.519 [memory.cpp:437]712583 aclrtMemcpyImpl: synchronized memcpy failed, kind = 1, runtime result = 107030
[ERROR] RUNTIME(712583,):2026-01-15-10:29:34.862.960 [api_error.cc:1519]712583 MemCopySync:Memory copy sync failed, cnt=416, kind=1.
[ERROR] RUNTIME(712583,):2026-01-15-10:29:34.862.969 [api_c.cc:1197]712583 rtMemcpy:ErrCode=107030, desc=[the current capture mode does not support this operation], InnerCode=0x703001c
[ERROR] RUNTIME(712583,):2026-01-15-10:29:34.862.972 [error_message_manage.cc:53]712583 FuncErrorReason:report error module_type=3, module_name=EE8888
[ERROR] RUNTIME(712583,):2026-01-15-10:29:34.862.975 [error_message_manage.cc:53]712583 FuncErrorReason:rtMemcpy execute failed, reason=[the current capture mode does not support this operation]
[ERROR] ASCENDCL(712583,):2026-01-15-10:29:34.863.227 [memory.cpp:437]712583 aclrtMemcpyImpl: synchronized memcpy failed, kind = 1, runtime result = 107030
[ERROR] RUNTIME(712583,):2026-01-15-10:29:34.930.596 [api_error.cc:1519]712583 MemCopySync:Memory copy sync failed, cnt=72, kind=1.
[ERROR] RUNTIME(712583,):2026-01-15-10:29:34.930.605 [api_c.cc:1197]712583 rtMemcpy:ErrCode=107030, desc=[the current capture mode does not support this operation], InnerCode=0x703001c
[ERROR] RUNTIME(712583,):2026-01-15-10:29:34.930.607 [error_message_manage.cc:53]712583 FuncErrorReason:report error module_type=3, module_name=EE8888
[ERROR] RUNTIME(712583,):2026-01-15-10:29:34.930.610 [error_message_manage.cc:53]712583 FuncErrorReason:rtMemcpy execute failed, reason=[the current capture mode does not support this operation]
[ERROR] ASCENDCL(712583,):2026-01-15-10:29:34.930.858 [memory.cpp:437]712583 aclrtMemcpyImpl: synchronized memcpy failed, kind = 1, runtime result = 107030
[ERROR] RUNTIME(712583,):2026-01-15-10:29:35.002.317 [api_error.cc:1519]712583 MemCopySync:Memory copy sync failed, cnt=416, kind=1.
[ERROR] RUNTIME(712583,):2026-01-15-10:29:35.002.326 [api_c.cc:1197]712583 rtMemcpy:ErrCode=107030, desc=[the current capture mode does not support this operation], InnerCode=0x703001c
[ERROR] RUNTIME(712583,):2026-01-15-10:29:35.002.329 [error_message_manage.cc:53]712583 FuncErrorReason:report error module_type=3, module_name=EE8888
[ERROR] RUNTIME(712583,):2026-01-15-10:29:35.002.331 [error_message_manage.cc:53]712583 FuncErrorReason:rtMemcpy execute failed, reason=[the current capture mode does not support this operation]
[ERROR] ASCENDCL(712583,):2026-01-15-10:29:35.002.590 [memory.cpp:437]712583 aclrtMemcpyImpl: synchronized memcpy failed, kind = 1, runtime result = 107030
[ERROR] RUNTIME(712583,):2026-01-15-10:29:35.076.085 [api_error.cc:1519]712583 MemCopySync:Memory copy sync failed, cnt=72, kind=1.
[ERROR] RUNTIME(712583,):2026-01-15-10:29:35.076.093 [api_c.cc:1197]712583 rtMemcpy:ErrCode=107030, desc=[the current capture mode does not support this operation], InnerCode=0x703001c
[ERROR] RUNTIME(712583,):2026-01-15-10:29:35.076.096 [error_message_manage.cc:53]712583 FuncErrorReason:report error module_type=3, module_name=EE8888
[ERROR] RUNTIME(712583,):2026-01-15-10:29:35.076.099 [error_message_manage.cc:53]712583 FuncErrorReason:rtMemcpy execute failed, reason=[the current capture mode does not support this operation]
[ERROR] ASCENDCL(712583,):2026-01-15-10:29:35.076.377 [memory.cpp:437]712583 aclrtMemcpyImpl: synchronized memcpy failed, kind = 1, runtime result = 107030
[ERROR] RUNTIME(712583,):2026-01-15-10:29:35.141.395 [api_error.cc:1519]712583 MemCopySync:Memory copy sync failed, cnt=416, kind=1.
[ERROR] RUNTIME(712583,):2026-01-15-10:29:35.141.404 [api_c.cc:1197]712583 rtMemcpy:ErrCode=107030, desc=[the current capture mode does not support this operation], InnerCode=0x703001c
[ERROR] RUNTIME(712583,):2026-01-15-10:29:35.141.407 [error_message_manage.cc:53]712583 FuncErrorReason:report error module_type=3, module_name=EE8888
[ERROR] RUNTIME(712583,):2026-01-15-10:29:35.141.409 [error_message_manage.cc:53]712583 FuncErrorReason:rtMemcpy execute failed, reason=[the current capture mode does not support this operation]
[ERROR] ASCENDCL(712583,):2026-01-15-10:29:35.141.638 [memory.cpp:437]712583 aclrtMemcpyImpl: synchronized memcpy failed, kind = 1, runtime result = 107030
[ERROR] RUNTIME(712583,):2026-01-15-10:29:35.203.291 [api_error.cc:1519]712583 MemCopySync:Memory copy sync failed, cnt=72, kind=1.
[ERROR] RUNTIME(712583,):2026-01-15-10:29:35.203.299 [api_c.cc:1197]712583 rtMemcpy:ErrCode=107030, desc=[the current capture mode does not support this operation], InnerCode=0x703001c
[ERROR] RUNTIME(712583,):2026-01-15-10:29:35.203.302 [error_message_manage.cc:53]712583 FuncErrorReason:report error module_type=3, module_name=EE8888
[ERROR] RUNTIME(712583,):2026-01-15-10:29:35.203.304 [error_message_manage.cc:53]712583 FuncErrorReason:rtMemcpy execute failed, reason=[the current capture mode does not support this operation]
[ERROR] ASCENDCL(712583,):2026-01-15-10:29:35.203.560 [memory.cpp:437]712583 aclrtMemcpyImpl: synchronized memcpy failed, kind = 1, runtime result = 107030
[ERROR] RUNTIME(712583,):2026-01-15-10:29:35.260.692 [api_error.cc:1519]712583 MemCopySync:Memory copy sync failed, cnt=416, kind=1.
[ERROR] RUNTIME(712583,):2026-01-15-10:29:35.260.702 [api_c.cc:1197]712583 rtMemcpy:ErrCode=107030, desc=[the current capture mode does not support this operation], InnerCode=0x703001c
[ERROR] RUNTIME(712583,):2026-01-15-10:29:35.260.704 [error_message_manage.cc:53]712583 FuncErrorReason:report error module_type=3, module_name=EE8888
[ERROR] RUNTIME(712583,):2026-01-15-10:29:35.260.707 [error_message_manage.cc:53]712583 FuncErrorReason:rtMemcpy execute failed, reason=[the current capture mode does not support this operation]
[ERROR] ASCENDCL(712583,):2026-01-15-10:29:35.260.960 [memory.cpp:437]712583 aclrtMemcpyImpl: synchronized memcpy failed, kind = 1, runtime result = 107030
[ERROR] RUNTIME(712583,):2026-01-15-10:29:35.332.006 [api_error.cc:1519]712583 MemCopySync:Memory copy sync failed, cnt=72, kind=1.
[ERROR] RUNTIME(712583,):2026-01-15-10:29:35.332.014 [api_c.cc:1197]712583 rtMemcpy:ErrCode=107030, desc=[the current capture mode does not support this operation], InnerCode=0x703001c
[ERROR] RUNTIME(712583,):2026-01-15-10:29:35.332.016 [error_message_manage.cc:53]712583 FuncErrorReason:report error module_type=3, module_name=EE8888
[ERROR] RUNTIME(712583,):2026-01-15-10:29:35.332.019 [error_message_manage.cc:53]712583 FuncErrorReason:rtMemcpy execute failed, reason=[the current capture mode does not support this operation]
[ERROR] ASCENDCL(712583,):2026-01-15-10:29:35.332.291 [memory.cpp:437]712583 aclrtMemcpyImpl: synchronized memcpy failed, kind = 1, runtime result = 107030
[ERROR] RUNTIME(712583,):2026-01-15-10:29:35.405.218 [api_error.cc:1519]712583 MemCopySync:Memory copy sync failed, cnt=416, kind=1.
[ERROR] RUNTIME(712583,):2026-01-15-10:29:35.405.226 [api_c.cc:1197]712583 rtMemcpy:ErrCode=107030, desc=[the current capture mode does not support this operation], InnerCode=0x703001c
[ERROR] RUNTIME(712583,):2026-01-15-10:29:35.405.229 [error_message_manage.cc:53]712583 FuncErrorReason:report error module_type=3, module_name=EE8888
[ERROR] RUNTIME(712583,):2026-01-15-10:29:35.405.232 [error_message_manage.cc:53]712583 FuncErrorReason:rtMemcpy execute failed, reason=[the current capture mode does not support this operation]
[ERROR] ASCENDCL(712583,):2026-01-15-10:29:35.405.503 [memory.cpp:437]712583 aclrtMemcpyImpl: synchronized memcpy failed, kind = 1, runtime result = 107030
[ERROR] RUNTIME(712583,):2026-01-15-10:29:35.477.599 [api_error.cc:1519]712583 MemCopySync:Memory copy sync failed, cnt=72, kind=1.
[ERROR] RUNTIME(712583,):2026-01-15-10:29:35.477.607 [api_c.cc:1197]712583 rtMemcpy:ErrCode=107030, desc=[the current capture mode does not support this operation], InnerCode=0x703001c
[ERROR] RUNTIME(712583,):2026-01-15-10:29:35.477.609 [error_message_manage.cc:53]712583 FuncErrorReason:report error module_type=3, module_name=EE8888
[ERROR] RUNTIME(712583,):2026-01-15-10:29:35.477.612 [error_message_manage.cc:53]712583 FuncErrorReason:rtMemcpy execute failed, reason=[the current capture mode does not support this operation]
[ERROR] ASCENDCL(712583,):2026-01-15-10:29:35.477.845 [memory.cpp:437]712583 aclrtMemcpyImpl: synchronized memcpy failed, kind = 1, runtime result = 107030
[ERROR] RUNTIME(712583,):2026-01-15-10:29:35.547.435 [api_error.cc:1519]712583 MemCopySync:Memory copy sync failed, cnt=416, kind=1.
[ERROR] RUNTIME(712583,):2026-01-15-10:29:35.547.444 [api_c.cc:1197]712583 rtMemcpy:ErrCode=107030, desc=[the current capture mode does not support this operation], InnerCode=0x703001c
[ERROR] RUNTIME(712583,):2026-01-15-10:29:35.547.447 [error_message_manage.cc:53]712583 FuncErrorReason:report error module_type=3, module_name=EE8888
[ERROR] RUNTIME(712583,):2026-01-15-10:29:35.547.450 [error_message_manage.cc:53]712583 FuncErrorReason:rtMemcpy execute failed, reason=[the current capture mode does not support this operation]
[ERROR] ASCENDCL(712583,):2026-01-15-10:29:35.547.658 [memory.cpp:437]712583 aclrtMemcpyImpl: synchronized memcpy failed, kind = 1, runtime result = 107030
[ERROR] RUNTIME(712583,):2026-01-15-10:29:35.591.602 [api_error.cc:1519]712583 MemCopySync:Memory copy sync failed, cnt=72, kind=1.
[ERROR] RUNTIME(712583,):2026-01-15-10:29:35.591.610 [api_c.cc:1197]712583 rtMemcpy:ErrCode=107030, desc=[the current capture mode does not support this operation], InnerCode=0x703001c
[ERROR] RUNTIME(712583,):2026-01-15-10:29:35.591.612 [error_message_manage.cc:53]712583 FuncErrorReason:report error module_type=3, module_name=EE8888
[ERROR] RUNTIME(712583,):2026-01-15-10:29:35.591.615 [error_message_manage.cc:53]712583 FuncErrorReason:rtMemcpy execute failed, reason=[the current capture mode does not support this operation]
[ERROR] ASCENDCL(712583,):2026-01-15-10:29:35.591.819 [memory.cpp:437]712583 aclrtMemcpyImpl: synchronized memcpy failed, kind = 1, runtime result = 107030
[ERROR] RUNTIME(712583,):2026-01-15-10:29:35.660.253 [api_error.cc:1519]712583 MemCopySync:Memory copy sync failed, cnt=416, kind=1.
[ERROR] RUNTIME(712583,):2026-01-15-10:29:35.660.262 [api_c.cc:1197]712583 rtMemcpy:ErrCode=107030, desc=[the current capture mode does not support this operation], InnerCode=0x703001c
[ERROR] RUNTIME(712583,):2026-01-15-10:29:35.660.265 [error_message_manage.cc:53]712583 FuncErrorReason:report error module_type=3, module_name=EE8888
[ERROR] RUNTIME(712583,):2026-01-15-10:29:35.660.267 [error_message_manage.cc:53]712583 FuncErrorReason:rtMemcpy execute failed, reason=[the current capture mode does not support this operation]
[ERROR] ASCENDCL(712583,):2026-01-15-10:29:35.660.548 [memory.cpp:437]712583 aclrtMemcpyImpl: synchronized memcpy failed, kind = 1, runtime result = 107030
[ERROR] RUNTIME(712583,):2026-01-15-10:29:35.732.870 [api_error.cc:1519]712583 MemCopySync:Memory copy sync failed, cnt=72, kind=1.
[ERROR] RUNTIME(712583,):2026-01-15-10:29:35.732.878 [api_c.cc:1197]712583 rtMemcpy:ErrCode=107030, desc=[the current capture mode does not support this operation], InnerCode=0x703001c
[ERROR] RUNTIME(712583,):2026-01-15-10:29:35.732.881 [error_message_manage.cc:53]712583 FuncErrorReason:report error module_type=3, module_name=EE8888
[ERROR] RUNTIME(712583,):2026-01-15-10:29:35.732.883 [error_message_manage.cc:53]712583 FuncErrorReason:rtMemcpy execute failed, reason=[the current capture mode does not support this operation]
[ERROR] ASCENDCL(712583,):2026-01-15-10:29:35.733.158 [memory.cpp:437]712583 aclrtMemcpyImpl: synchronized memcpy failed, kind = 1, runtime result = 107030
[ERROR] RUNTIME(712583,):2026-01-15-10:29:35.804.651 [api_error.cc:1519]712583 MemCopySync:Memory copy sync failed, cnt=416, kind=1.
[ERROR] RUNTIME(712583,):2026-01-15-10:29:35.804.660 [api_c.cc:1197]712583 rtMemcpy:ErrCode=107030, desc=[the current capture mode does not support this operation], InnerCode=0x703001c
[ERROR] RUNTIME(712583,):2026-01-15-10:29:35.804.663 [error_message_manage.cc:53]712583 FuncErrorReason:report error module_type=3, module_name=EE8888
[ERROR] RUNTIME(712583,):2026-01-15-10:29:35.804.665 [error_message_manage.cc:53]712583 FuncErrorReason:rtMemcpy execute failed, reason=[the current capture mode does not support this operation]
[ERROR] ASCENDCL(712583,):2026-01-15-10:29:35.804.913 [memory.cpp:437]712583 aclrtMemcpyImpl: synchronized memcpy failed, kind = 1, runtime result = 107030
[ERROR] RUNTIME(712583,):2026-01-15-10:29:35.879.956 [api_error.cc:1519]712583 MemCopySync:Memory copy sync failed, cnt=72, kind=1.
[ERROR] RUNTIME(712583,):2026-01-15-10:29:35.879.964 [api_c.cc:1197]712583 rtMemcpy:ErrCode=107030, desc=[the current capture mode does not support this operation], InnerCode=0x703001c
[ERROR] RUNTIME(712583,):2026-01-15-10:29:35.879.966 [error_message_manage.cc:53]712583 FuncErrorReason:report error module_type=3, module_name=EE8888
[ERROR] RUNTIME(712583,):2026-01-15-10:29:35.879.969 [error_message_manage.cc:53]712583 FuncErrorReason:rtMemcpy execute failed, reason=[the current capture mode does not support this operation]
[ERROR] ASCENDCL(712583,):2026-01-15-10:29:35.880.191 [memory.cpp:437]712583 aclrtMemcpyImpl: synchronized memcpy failed, kind = 1, runtime result = 107030
[ERROR] RUNTIME(712583,):2026-01-15-10:29:35.958.707 [api_error.cc:1519]712583 MemCopySync:Memory copy sync failed, cnt=416, kind=1.
[ERROR] RUNTIME(712583,):2026-01-15-10:29:35.958.718 [api_c.cc:1197]712583 rtMemcpy:ErrCode=107030, desc=[the current capture mode does not support this operation], InnerCode=0x703001c
[ERROR] RUNTIME(712583,):2026-01-15-10:29:35.958.721 [error_message_manage.cc:53]712583 FuncErrorReason:report error module_type=3, module_name=EE8888
[ERROR] RUNTIME(712583,):2026-01-15-10:29:35.958.724 [error_message_manage.cc:53]712583 FuncErrorReason:rtMemcpy execute failed, reason=[the current capture mode does not support this operation]
[ERROR] ASCENDCL(712583,):2026-01-15-10:29:35.958.975 [memory.cpp:437]712583 aclrtMemcpyImpl: synchronized memcpy failed, kind = 1, runtime result = 107030
[ERROR] RUNTIME(712583,):2026-01-15-10:29:36.027.514 [api_error.cc:1519]712583 MemCopySync:Memory copy sync failed, cnt=72, kind=1.
[ERROR] RUNTIME(712583,):2026-01-15-10:29:36.027.522 [api_c.cc:1197]712583 rtMemcpy:ErrCode=107030, desc=[the current capture mode does not support this operation], InnerCode=0x703001c
[ERROR] RUNTIME(712583,):2026-01-15-10:29:36.027.524 [error_message_manage.cc:53]712583 FuncErrorReason:report error module_type=3, module_name=EE8888
[ERROR] RUNTIME(712583,):2026-01-15-10:29:36.027.527 [error_message_manage.cc:53]712583 FuncErrorReason:rtMemcpy execute failed, reason=[the current capture mode does not support this operation]
[ERROR] ASCENDCL(712583,):2026-01-15-10:29:36.027.725 [memory.cpp:437]712583 aclrtMemcpyImpl: synchronized memcpy failed, kind = 1, runtime result = 107030
[ERROR] RUNTIME(712583,):2026-01-15-10:29:36.074.916 [api_error.cc:1519]712583 MemCopySync:Memory copy sync failed, cnt=416, kind=1.
[ERROR] RUNTIME(712583,):2026-01-15-10:29:36.074.925 [api_c.cc:1197]712583 rtMemcpy:ErrCode=107030, desc=[the current capture mode does not support this operation], InnerCode=0x703001c
[ERROR] RUNTIME(712583,):2026-01-15-10:29:36.074.927 [error_message_manage.cc:53]712583 FuncErrorReason:report error module_type=3, module_name=EE8888
[ERROR] RUNTIME(712583,):2026-01-15-10:29:36.074.930 [error_message_manage.cc:53]712583 FuncErrorReason:rtMemcpy execute failed, reason=[the current capture mode does not support this operation]
[ERROR] ASCENDCL(712583,):2026-01-15-10:29:36.075.193 [memory.cpp:437]712583 aclrtMemcpyImpl: synchronized memcpy failed, kind = 1, runtime result = 107030
[ERROR] RUNTIME(712583,):2026-01-15-10:29:36.140.329 [api_error.cc:1519]712583 MemCopySync:Memory copy sync failed, cnt=72, kind=1.
[ERROR] RUNTIME(712583,):2026-01-15-10:29:36.140.337 [api_c.cc:1197]712583 rtMemcpy:ErrCode=107030, desc=[the current capture mode does not support this operation], InnerCode=0x703001c
[ERROR] RUNTIME(712583,):2026-01-15-10:29:36.140.339 [error_message_manage.cc:53]712583 FuncErrorReason:report error module_type=3, module_name=EE8888
[ERROR] RUNTIME(712583,):2026-01-15-10:29:36.140.342 [error_message_manage.cc:53]712583 FuncErrorReason:rtMemcpy execute failed, reason=[the current capture mode does not support this operation]
[ERROR] ASCENDCL(712583,):2026-01-15-10:29:36.140.575 [memory.cpp:437]712583 aclrtMemcpyImpl: synchronized memcpy failed, kind = 1, runtime result = 107030
[ERROR] RUNTIME(712583,):2026-01-15-10:29:36.370.247 [api_c_stream.cc:412]712583 rtsStreamSetAttribute:report error module_name=EE1001
[ERROR] RUNTIME(712583,):2026-01-15-10:29:36.370.252 [api_c_stream.cc:412]712583 rtsStreamSetAttribute:Invalid stream attribute ID: 4, Supported stream attribute IDs: [1, 4).
[ERROR] RUNTIME(712583,):2026-01-15-10:29:36.370.282 [api_c_stream.cc:416]712583 rtsStreamSetAttribute:ErrCode=107000, desc=[invalid value], InnerCode=0x7110001
[ERROR] RUNTIME(712583,):2026-01-15-10:29:36.370.284 [error_message_manage.cc:48]712583 FuncErrorReason:report error module_name=EE1001
[ERROR] RUNTIME(712583,):2026-01-15-10:29:36.370.287 [error_message_manage.cc:48]712583 FuncErrorReason:rtsStreamSetAttribute execute failed, reason=[invalid value]
[ERROR] ASCENDCL(712583,):2026-01-15-10:29:36.370.598 [stream.cpp:299]712583 aclrtSetStreamAttributeImpl: call rtsStreamSetAttribute failed, runtime result = 107000
[ERROR] RUNTIME(712583,):2026-01-15-10:29:36.852.395 [api_c_stream.cc:412]712583 rtsStreamSetAttribute:report error module_name=EE1001
[ERROR] RUNTIME(712583,):2026-01-15-10:29:36.852.402 [api_c_stream.cc:412]712583 rtsStreamSetAttribute:Invalid stream attribute ID: 4, Supported stream attribute IDs: [1, 4).
[ERROR] RUNTIME(712583,):2026-01-15-10:29:36.852.434 [api_c_stream.cc:416]712583 rtsStreamSetAttribute:ErrCode=107000, desc=[invalid value], InnerCode=0x7110001
[ERROR] RUNTIME(712583,):2026-01-15-10:29:36.852.437 [error_message_manage.cc:48]712583 FuncErrorReason:report error module_name=EE1001
[ERROR] RUNTIME(712583,):2026-01-15-10:29:36.852.440 [error_message_manage.cc:48]712583 FuncErrorReason:rtsStreamSetAttribute execute failed, reason=[invalid value]
[ERROR] ASCENDCL(712583,):2026-01-15-10:29:36.852.626 [stream.cpp:299]712583 aclrtSetStreamAttributeImpl: call rtsStreamSetAttribute failed, runtime result = 107000
[ERROR] RUNTIME(712583,):2026-01-15-10:29:37.699.378 [api_error.cc:1519]712583 MemCopySync:Memory copy sync failed, cnt=416, kind=1.
[ERROR] RUNTIME(712583,):2026-01-15-10:29:37.699.388 [api_c.cc:1197]712583 rtMemcpy:ErrCode=107030, desc=[the current capture mode does not support this operation], InnerCode=0x703001c
[ERROR] RUNTIME(712583,):2026-01-15-10:29:37.699.391 [error_message_manage.cc:53]712583 FuncErrorReason:report error module_type=3, module_name=EE8888
[ERROR] RUNTIME(712583,):2026-01-15-10:29:37.699.394 [error_message_manage.cc:53]712583 FuncErrorReason:rtMemcpy execute failed, reason=[the current capture mode does not support this operation]
[ERROR] ASCENDCL(712583,):2026-01-15-10:29:37.699.686 [memory.cpp:437]712583 aclrtMemcpyImpl: synchronized memcpy failed, kind = 1, runtime result = 107030
[ERROR] RUNTIME(712583,):2026-01-15-10:29:37.700.782 [api_error.cc:1519]712583 MemCopySync:Memory copy sync failed, cnt=72, kind=1.
[ERROR] RUNTIME(712583,):2026-01-15-10:29:37.700.790 [api_c.cc:1197]712583 rtMemcpy:ErrCode=107030, desc=[the current capture mode does not support this operation], InnerCode=0x703001c
[ERROR] RUNTIME(712583,):2026-01-15-10:29:37.700.793 [error_message_manage.cc:53]712583 FuncErrorReason:report error module_type=3, module_name=EE8888
[ERROR] RUNTIME(712583,):2026-01-15-10:29:37.700.795 [error_message_manage.cc:53]712583 FuncErrorReason:rtMemcpy execute failed, reason=[the current capture mode does not support this operation]
[ERROR] ASCENDCL(712583,):2026-01-15-10:29:37.700.939 [memory.cpp:437]712583 aclrtMemcpyImpl: synchronized memcpy failed, kind = 1, runtime result = 107030
[ERROR] RUNTIME(712583,):2026-01-15-10:29:38.465.532 [api_error.cc:1519]712583 MemCopySync:Memory copy sync failed, cnt=416, kind=1.
[ERROR] RUNTIME(712583,):2026-01-15-10:29:38.465.542 [api_c.cc:1197]712583 rtMemcpy:ErrCode=107030, desc=[the current capture mode does not support this operation], InnerCode=0x703001c
[ERROR] RUNTIME(712583,):2026-01-15-10:29:38.465.545 [error_message_manage.cc:53]712583 FuncErrorReason:report error module_type=3, module_name=EE8888
[ERROR] RUNTIME(712583,):2026-01-15-10:29:38.465.548 [error_message_manage.cc:53]712583 FuncErrorReason:rtMemcpy execute failed, reason=[the current capture mode does not support this operation]
[ERROR] ASCENDCL(712583,):2026-01-15-10:29:38.465.869 [memory.cpp:437]712583 aclrtMemcpyImpl: synchronized memcpy failed, kind = 1, runtime result = 107030
[ERROR] RUNTIME(712583,):2026-01-15-10:29:39.214.996 [api_error.cc:1519]712583 MemCopySync:Memory copy sync failed, cnt=72, kind=1.
[ERROR] RUNTIME(712583,):2026-01-15-10:29:39.215.005 [api_c.cc:1197]712583 rtMemcpy:ErrCode=107030, desc=[the current capture mode does not support this operation], InnerCode=0x703001c
[ERROR] RUNTIME(712583,):2026-01-15-10:29:39.215.008 [error_message_manage.cc:53]712583 FuncErrorReason:report error module_type=3, module_name=EE8888
[ERROR] RUNTIME(712583,):2026-01-15-10:29:39.215.012 [error_message_manage.cc:53]712583 FuncErrorReason:rtMemcpy execute failed, reason=[the current capture mode does not support this operation]
[ERROR] ASCENDCL(712583,):2026-01-15-10:29:39.215.273 [memory.cpp:437]712583 aclrtMemcpyImpl: synchronized memcpy failed, kind = 1, runtime result = 107030
[ERROR] RUNTIME(712583,):2026-01-15-10:29:39.958.429 [api_error.cc:1519]712583 MemCopySync:Memory copy sync failed, cnt=416, kind=1.
[ERROR] RUNTIME(712583,):2026-01-15-10:29:39.958.439 [api_c.cc:1197]712583 rtMemcpy:ErrCode=107030, desc=[the current capture mode does not support this operation], InnerCode=0x703001c
[ERROR] RUNTIME(712583,):2026-01-15-10:29:39.958.442 [error_message_manage.cc:53]712583 FuncErrorReason:report error module_type=3, module_name=EE8888
[ERROR] RUNTIME(712583,):2026-01-15-10:29:39.958.445 [error_message_manage.cc:53]712583 FuncErrorReason:rtMemcpy execute failed, reason=[the current capture mode does not support this operation]
[ERROR] ASCENDCL(712583,):2026-01-15-10:29:39.958.728 [memory.cpp:437]712583 aclrtMemcpyImpl: synchronized memcpy failed, kind = 1, runtime result = 107030
[ERROR] RUNTIME(712583,):2026-01-15-10:29:40.721.398 [api_error.cc:1519]712583 MemCopySync:Memory copy sync failed, cnt=72, kind=1.
[ERROR] RUNTIME(712583,):2026-01-15-10:29:40.721.408 [api_c.cc:1197]712583 rtMemcpy:ErrCode=107030, desc=[the current capture mode does not support this operation], InnerCode=0x703001c
[ERROR] RUNTIME(712583,):2026-01-15-10:29:40.721.411 [error_message_manage.cc:53]712583 FuncErrorReason:report error module_type=3, module_name=EE8888
[ERROR] RUNTIME(712583,):2026-01-15-10:29:40.721.414 [error_message_manage.cc:53]712583 FuncErrorReason:rtMemcpy execute failed, reason=[the current capture mode does not support this operation]
[ERROR] ASCENDCL(712583,):2026-01-15-10:29:40.721.675 [memory.cpp:437]712583 aclrtMemcpyImpl: synchronized memcpy failed, kind = 1, runtime result = 107030
[ERROR] RUNTIME(712583,):2026-01-15-10:29:41.494.046 [api_error.cc:1519]712583 MemCopySync:Memory copy sync failed, cnt=416, kind=1.
[ERROR] RUNTIME(712583,):2026-01-15-10:29:41.494.056 [api_c.cc:1197]712583 rtMemcpy:ErrCode=107030, desc=[the current capture mode does not support this operation], InnerCode=0x703001c
[ERROR] RUNTIME(712583,):2026-01-15-10:29:41.494.058 [error_message_manage.cc:53]712583 FuncErrorReason:report error module_type=3, module_name=EE8888
[ERROR] RUNTIME(712583,):2026-01-15-10:29:41.494.061 [error_message_manage.cc:53]712583 FuncErrorReason:rtMemcpy execute failed, reason=[the current capture mode does not support this operation]
[ERROR] ASCENDCL(712583,):2026-01-15-10:29:41.494.339 [memory.cpp:437]712583 aclrtMemcpyImpl: synchronized memcpy failed, kind = 1, runtime result = 107030
[ERROR] RUNTIME(712583,):2026-01-15-10:29:42.256.541 [api_error.cc:1519]712583 MemCopySync:Memory copy sync failed, cnt=72, kind=1.
[ERROR] RUNTIME(712583,):2026-01-15-10:29:42.256.551 [api_c.cc:1197]712583 rtMemcpy:ErrCode=107030, desc=[the current capture mode does not support this operation], InnerCode=0x703001c
[ERROR] RUNTIME(712583,):2026-01-15-10:29:42.256.554 [error_message_manage.cc:53]712583 FuncErrorReason:report error module_type=3, module_name=EE8888
[ERROR] RUNTIME(712583,):2026-01-15-10:29:42.256.557 [error_message_manage.cc:53]712583 FuncErrorReason:rtMemcpy execute failed, reason=[the current capture mode does not support this operation]
[ERROR] ASCENDCL(712583,):2026-01-15-10:29:42.256.802 [memory.cpp:437]712583 aclrtMemcpyImpl: synchronized memcpy failed, kind = 1, runtime result = 107030
[ERROR] RUNTIME(712583,):2026-01-15-10:29:42.305.930 [api_error.cc:1519]712583 MemCopySync:Memory copy sync failed, cnt=416, kind=1.
[ERROR] RUNTIME(712583,):2026-01-15-10:29:42.305.939 [api_c.cc:1197]712583 rtMemcpy:ErrCode=107030, desc=[the current capture mode does not support this operation], InnerCode=0x703001c
[ERROR] RUNTIME(712583,):2026-01-15-10:29:42.305.942 [error_message_manage.cc:53]712583 FuncErrorReason:report error module_type=3, module_name=EE8888
[ERROR] RUNTIME(712583,):2026-01-15-10:29:42.305.945 [error_message_manage.cc:53]712583 FuncErrorReason:rtMemcpy execute failed, reason=[the current capture mode does not support this operation]
[ERROR] ASCENDCL(712583,):2026-01-15-10:29:42.306.256 [memory.cpp:437]712583 aclrtMemcpyImpl: synchronized memcpy failed, kind = 1, runtime result = 107030
[ERROR] RUNTIME(712583,):2026-01-15-10:29:42.377.453 [api_error.cc:1519]712583 MemCopySync:Memory copy sync failed, cnt=72, kind=1.
[ERROR] RUNTIME(712583,):2026-01-15-10:29:42.377.462 [api_c.cc:1197]712583 rtMemcpy:ErrCode=107030, desc=[the current capture mode does not support this operation], InnerCode=0x703001c
[ERROR] RUNTIME(712583,):2026-01-15-10:29:42.377.464 [error_message_manage.cc:53]712583 FuncErrorReason:report error module_type=3, module_name=EE8888
[ERROR] RUNTIME(712583,):2026-01-15-10:29:42.377.467 [error_message_manage.cc:53]712583 FuncErrorReason:rtMemcpy execute failed, reason=[the current capture mode does not support this operation]
[ERROR] ASCENDCL(712583,):2026-01-15-10:29:42.377.688 [memory.cpp:437]712583 aclrtMemcpyImpl: synchronized memcpy failed, kind = 1, runtime result = 107030
[ERROR] RUNTIME(712583,):2026-01-15-10:29:42.469.974 [api_error.cc:1519]712583 MemCopySync:Memory copy sync failed, cnt=416, kind=1.
[ERROR] RUNTIME(712583,):2026-01-15-10:29:42.469.984 [api_c.cc:1197]712583 rtMemcpy:ErrCode=107030, desc=[the current capture mode does not support this operation], InnerCode=0x703001c
[ERROR] RUNTIME(712583,):2026-01-15-10:29:42.469.987 [error_message_manage.cc:53]712583 FuncErrorReason:report error module_type=3, module_name=EE8888
[ERROR] RUNTIME(712583,):2026-01-15-10:29:42.469.989 [error_message_manage.cc:53]712583 FuncErrorReason:rtMemcpy execute failed, reason=[the current capture mode does not support this operation]
[ERROR] ASCENDCL(712583,):2026-01-15-10:29:42.470.220 [memory.cpp:437]712583 aclrtMemcpyImpl: synchronized memcpy failed, kind = 1, runtime result = 107030
[ERROR] RUNTIME(712583,):2026-01-15-10:29:42.559.455 [api_error.cc:1519]712583 MemCopySync:Memory copy sync failed, cnt=72, kind=1.
[ERROR] RUNTIME(712583,):2026-01-15-10:29:42.559.463 [api_c.cc:1197]712583 rtMemcpy:ErrCode=107030, desc=[the current capture mode does not support this operation], InnerCode=0x703001c
[ERROR] RUNTIME(712583,):2026-01-15-10:29:42.559.465 [error_message_manage.cc:53]712583 FuncErrorReason:report error module_type=3, module_name=EE8888
[ERROR] RUNTIME(712583,):2026-01-15-10:29:42.559.468 [error_message_manage.cc:53]712583 FuncErrorReason:rtMemcpy execute failed, reason=[the current capture mode does not support this operation]
[ERROR] ASCENDCL(712583,):2026-01-15-10:29:42.559.660 [memory.cpp:437]712583 aclrtMemcpyImpl: synchronized memcpy failed, kind = 1, runtime result = 107030
[ERROR] RUNTIME(712583,):2026-01-15-10:29:42.648.551 [api_error.cc:1519]712583 MemCopySync:Memory copy sync failed, cnt=416, kind=1.
[ERROR] RUNTIME(712583,):2026-01-15-10:29:42.648.560 [api_c.cc:1197]712583 rtMemcpy:ErrCode=107030, desc=[the current capture mode does not support this operation], InnerCode=0x703001c
[ERROR] RUNTIME(712583,):2026-01-15-10:29:42.648.562 [error_message_manage.cc:53]712583 FuncErrorReason:report error module_type=3, module_name=EE8888
[ERROR] RUNTIME(712583,):2026-01-15-10:29:42.648.565 [error_message_manage.cc:53]712583 FuncErrorReason:rtMemcpy execute failed, reason=[the current capture mode does not support this operation]
[ERROR] ASCENDCL(712583,):2026-01-15-10:29:42.648.790 [memory.cpp:437]712583 aclrtMemcpyImpl: synchronized memcpy failed, kind = 1, runtime result = 107030
[ERROR] RUNTIME(712583,):2026-01-15-10:29:42.723.331 [api_error.cc:1519]712583 MemCopySync:Memory copy sync failed, cnt=72, kind=1.
[ERROR] RUNTIME(712583,):2026-01-15-10:29:42.723.340 [api_c.cc:1197]712583 rtMemcpy:ErrCode=107030, desc=[the current capture mode does not support this operation], InnerCode=0x703001c
[ERROR] RUNTIME(712583,):2026-01-15-10:29:42.723.343 [error_message_manage.cc:53]712583 FuncErrorReason:report error module_type=3, module_name=EE8888
[ERROR] RUNTIME(712583,):2026-01-15-10:29:42.723.346 [error_message_manage.cc:53]712583 FuncErrorReason:rtMemcpy execute failed, reason=[the current capture mode does not support this operation]
[ERROR] ASCENDCL(712583,):2026-01-15-10:29:42.723.651 [memory.cpp:437]712583 aclrtMemcpyImpl: synchronized memcpy failed, kind = 1, runtime result = 107030
[ERROR] RUNTIME(712583,):2026-01-15-10:29:42.766.628 [api_error.cc:1519]712583 MemCopySync:Memory copy sync failed, cnt=416, kind=1.
[ERROR] RUNTIME(712583,):2026-01-15-10:29:42.766.638 [api_c.cc:1197]712583 rtMemcpy:ErrCode=107030, desc=[the current capture mode does not support this operation], InnerCode=0x703001c
[ERROR] RUNTIME(712583,):2026-01-15-10:29:42.766.641 [error_message_manage.cc:53]712583 FuncErrorReason:report error module_type=3, module_name=EE8888
[ERROR] RUNTIME(712583,):2026-01-15-10:29:42.766.644 [error_message_manage.cc:53]712583 FuncErrorReason:rtMemcpy execute failed, reason=[the current capture mode does not support this operation]
[ERROR] ASCENDCL(712583,):2026-01-15-10:29:42.766.934 [memory.cpp:437]712583 aclrtMemcpyImpl: synchronized memcpy failed, kind = 1, runtime result = 107030
[ERROR] RUNTIME(712583,):2026-01-15-10:29:42.845.333 [api_error.cc:1519]712583 MemCopySync:Memory copy sync failed, cnt=72, kind=1.
[ERROR] RUNTIME(712583,):2026-01-15-10:29:42.845.341 [api_c.cc:1197]712583 rtMemcpy:ErrCode=107030, desc=[the current capture mode does not support this operation], InnerCode=0x703001c
[ERROR] RUNTIME(712583,):2026-01-15-10:29:42.845.344 [error_message_manage.cc:53]712583 FuncErrorReason:report error module_type=3, module_name=EE8888
[ERROR] RUNTIME(712583,):2026-01-15-10:29:42.845.346 [error_message_manage.cc:53]712583 FuncErrorReason:rtMemcpy execute failed, reason=[the current capture mode does not support this operation]
[ERROR] ASCENDCL(712583,):2026-01-15-10:29:42.845.582 [memory.cpp:437]712583 aclrtMemcpyImpl: synchronized memcpy failed, kind = 1, runtime result = 107030
[ERROR] RUNTIME(712583,):2026-01-15-10:29:42.939.112 [api_error.cc:1519]712583 MemCopySync:Memory copy sync failed, cnt=416, kind=1.
[ERROR] RUNTIME(712583,):2026-01-15-10:29:42.939.121 [api_c.cc:1197]712583 rtMemcpy:ErrCode=107030, desc=[the current capture mode does not support this operation], InnerCode=0x703001c
[ERROR] RUNTIME(712583,):2026-01-15-10:29:42.939.124 [error_message_manage.cc:53]712583 FuncErrorReason:report error module_type=3, module_name=EE8888
[ERROR] RUNTIME(712583,):2026-01-15-10:29:42.939.126 [error_message_manage.cc:53]712583 FuncErrorReason:rtMemcpy execute failed, reason=[the current capture mode does not support this operation]
[ERROR] ASCENDCL(712583,):2026-01-15-10:29:42.939.447 [memory.cpp:437]712583 aclrtMemcpyImpl: synchronized memcpy failed, kind = 1, runtime result = 107030
[ERROR] RUNTIME(712583,):2026-01-15-10:29:43.029.722 [api_error.cc:1519]712583 MemCopySync:Memory copy sync failed, cnt=72, kind=1.
[ERROR] RUNTIME(712583,):2026-01-15-10:29:43.029.730 [api_c.cc:1197]712583 rtMemcpy:ErrCode=107030, desc=[the current capture mode does not support this operation], InnerCode=0x703001c
[ERROR] RUNTIME(712583,):2026-01-15-10:29:43.029.733 [error_message_manage.cc:53]712583 FuncErrorReason:report error module_type=3, module_name=EE8888
[ERROR] RUNTIME(712583,):2026-01-15-10:29:43.029.735 [error_message_manage.cc:53]712583 FuncErrorReason:rtMemcpy execute failed, reason=[the current capture mode does not support this operation]
[ERROR] ASCENDCL(712583,):2026-01-15-10:29:43.029.961 [memory.cpp:437]712583 aclrtMemcpyImpl: synchronized memcpy failed, kind = 1, runtime result = 107030
[ERROR] RUNTIME(712583,):2026-01-15-10:29:43.121.239 [api_error.cc:1519]712583 MemCopySync:Memory copy sync failed, cnt=416, kind=1.
[ERROR] RUNTIME(712583,):2026-01-15-10:29:43.121.248 [api_c.cc:1197]712583 rtMemcpy:ErrCode=107030, desc=[the current capture mode does not support this operation], InnerCode=0x703001c
[ERROR] RUNTIME(712583,):2026-01-15-10:29:43.121.251 [error_message_manage.cc:53]712583 FuncErrorReason:report error module_type=3, module_name=EE8888
[ERROR] RUNTIME(712583,):2026-01-15-10:29:43.121.254 [error_message_manage.cc:53]712583 FuncErrorReason:rtMemcpy execute failed, reason=[the current capture mode does not support this operation]
[ERROR] ASCENDCL(712583,):2026-01-15-10:29:43.121.502 [memory.cpp:437]712583 aclrtMemcpyImpl: synchronized memcpy failed, kind = 1, runtime result = 107030
[ERROR] RUNTIME(712583,):2026-01-15-10:29:43.189.244 [api_error.cc:1519]712583 MemCopySync:Memory copy sync failed, cnt=72, kind=1.
[ERROR] RUNTIME(712583,):2026-01-15-10:29:43.189.251 [api_c.cc:1197]712583 rtMemcpy:ErrCode=107030, desc=[the current capture mode does not support this operation], InnerCode=0x703001c
[ERROR] RUNTIME(712583,):2026-01-15-10:29:43.189.254 [error_message_manage.cc:53]712583 FuncErrorReason:report error module_type=3, module_name=EE8888
[ERROR] RUNTIME(712583,):2026-01-15-10:29:43.189.257 [error_message_manage.cc:53]712583 FuncErrorReason:rtMemcpy execute failed, reason=[the current capture mode does not support this operation]
[ERROR] ASCENDCL(712583,):2026-01-15-10:29:43.189.469 [memory.cpp:437]712583 aclrtMemcpyImpl: synchronized memcpy failed, kind = 1, runtime result = 107030
[ERROR] RUNTIME(712583,):2026-01-15-10:29:43.233.205 [api_error.cc:1519]712583 MemCopySync:Memory copy sync failed, cnt=416, kind=1.
[ERROR] RUNTIME(712583,):2026-01-15-10:29:43.233.214 [api_c.cc:1197]712583 rtMemcpy:ErrCode=107030, desc=[the current capture mode does not support this operation], InnerCode=0x703001c
[ERROR] RUNTIME(712583,):2026-01-15-10:29:43.233.217 [error_message_manage.cc:53]712583 FuncErrorReason:report error module_type=3, module_name=EE8888
[ERROR] RUNTIME(712583,):2026-01-15-10:29:43.233.219 [error_message_manage.cc:53]712583 FuncErrorReason:rtMemcpy execute failed, reason=[the current capture mode does not support this operation]
[ERROR] ASCENDCL(712583,):2026-01-15-10:29:43.233.460 [memory.cpp:437]712583 aclrtMemcpyImpl: synchronized memcpy failed, kind = 1, runtime result = 107030
[ERROR] RUNTIME(712583,):2026-01-15-10:29:43.316.175 [api_error.cc:1519]712583 MemCopySync:Memory copy sync failed, cnt=72, kind=1.
[ERROR] RUNTIME(712583,):2026-01-15-10:29:43.316.182 [api_c.cc:1197]712583 rtMemcpy:ErrCode=107030, desc=[the current capture mode does not support this operation], InnerCode=0x703001c
[ERROR] RUNTIME(712583,):2026-01-15-10:29:43.316.185 [error_message_manage.cc:53]712583 FuncErrorReason:report error module_type=3, module_name=EE8888
[ERROR] RUNTIME(712583,):2026-01-15-10:29:43.316.188 [error_message_manage.cc:53]712583 FuncErrorReason:rtMemcpy execute failed, reason=[the current capture mode does not support this operation]
[ERROR] ASCENDCL(712583,):2026-01-15-10:29:43.316.447 [memory.cpp:437]712583 aclrtMemcpyImpl: synchronized memcpy failed, kind = 1, runtime result = 107030
[ERROR] RUNTIME(712583,):2026-01-15-10:29:43.407.755 [api_error.cc:1519]712583 MemCopySync:Memory copy sync failed, cnt=416, kind=1.
[ERROR] RUNTIME(712583,):2026-01-15-10:29:43.407.763 [api_c.cc:1197]712583 rtMemcpy:ErrCode=107030, desc=[the current capture mode does not support this operation], InnerCode=0x703001c
[ERROR] RUNTIME(712583,):2026-01-15-10:29:43.407.766 [error_message_manage.cc:53]712583 FuncErrorReason:report error module_type=3, module_name=EE8888
[ERROR] RUNTIME(712583,):2026-01-15-10:29:43.407.768 [error_message_manage.cc:53]712583 FuncErrorReason:rtMemcpy execute failed, reason=[the current capture mode does not support this operation]
[ERROR] ASCENDCL(712583,):2026-01-15-10:29:43.407.965 [memory.cpp:437]712583 aclrtMemcpyImpl: synchronized memcpy failed, kind = 1, runtime result = 107030
[ERROR] RUNTIME(712583,):2026-01-15-10:29:43.501.328 [api_error.cc:1519]712583 MemCopySync:Memory copy sync failed, cnt=72, kind=1.
[ERROR] RUNTIME(712583,):2026-01-15-10:29:43.501.336 [api_c.cc:1197]712583 rtMemcpy:ErrCode=107030, desc=[the current capture mode does not support this operation], InnerCode=0x703001c
[ERROR] RUNTIME(712583,):2026-01-15-10:29:43.501.339 [error_message_manage.cc:53]712583 FuncErrorReason:report error module_type=3, module_name=EE8888
[ERROR] RUNTIME(712583,):2026-01-15-10:29:43.501.342 [error_message_manage.cc:53]712583 FuncErrorReason:rtMemcpy execute failed, reason=[the current capture mode does not support this operation]
[ERROR] ASCENDCL(712583,):2026-01-15-10:29:43.501.581 [memory.cpp:437]712583 aclrtMemcpyImpl: synchronized memcpy failed, kind = 1, runtime result = 107030
[ERROR] RUNTIME(712583,):2026-01-15-10:29:43.603.020 [api_error.cc:1519]712583 MemCopySync:Memory copy sync failed, cnt=416, kind=1.
[ERROR] RUNTIME(712583,):2026-01-15-10:29:43.603.029 [api_c.cc:1197]712583 rtMemcpy:ErrCode=107030, desc=[the current capture mode does not support this operation], InnerCode=0x703001c
[ERROR] RUNTIME(712583,):2026-01-15-10:29:43.603.032 [error_message_manage.cc:53]712583 FuncErrorReason:report error module_type=3, module_name=EE8888
[ERROR] RUNTIME(712583,):2026-01-15-10:29:43.603.034 [error_message_manage.cc:53]712583 FuncErrorReason:rtMemcpy execute failed, reason=[the current capture mode does not support this operation]
[ERROR] ASCENDCL(712583,):2026-01-15-10:29:43.603.242 [memory.cpp:437]712583 aclrtMemcpyImpl: synchronized memcpy failed, kind = 1, runtime result = 107030
[ERROR] RUNTIME(712583,):2026-01-15-10:29:43.694.326 [api_error.cc:1519]712583 MemCopySync:Memory copy sync failed, cnt=72, kind=1.
[ERROR] RUNTIME(712583,):2026-01-15-10:29:43.694.333 [api_c.cc:1197]712583 rtMemcpy:ErrCode=107030, desc=[the current capture mode does not support this operation], InnerCode=0x703001c
[ERROR] RUNTIME(712583,):2026-01-15-10:29:43.694.336 [error_message_manage.cc:53]712583 FuncErrorReason:report error module_type=3, module_name=EE8888
[ERROR] RUNTIME(712583,):2026-01-15-10:29:43.694.339 [error_message_manage.cc:53]712583 FuncErrorReason:rtMemcpy execute failed, reason=[the current capture mode does not support this operation]
[ERROR] ASCENDCL(712583,):2026-01-15-10:29:43.694.591 [memory.cpp:437]712583 aclrtMemcpyImpl: synchronized memcpy failed, kind = 1, runtime result = 107030
[ERROR] RUNTIME(712583,):2026-01-15-10:29:43.776.991 [api_error.cc:1519]712583 MemCopySync:Memory copy sync failed, cnt=416, kind=1.
[ERROR] RUNTIME(712583,):2026-01-15-10:29:43.777.000 [api_c.cc:1197]712583 rtMemcpy:ErrCode=107030, desc=[the current capture mode does not support this operation], InnerCode=0x703001c
[ERROR] RUNTIME(712583,):2026-01-15-10:29:43.777.002 [error_message_manage.cc:53]712583 FuncErrorReason:report error module_type=3, module_name=EE8888
[ERROR] RUNTIME(712583,):2026-01-15-10:29:43.777.005 [error_message_manage.cc:53]712583 FuncErrorReason:rtMemcpy execute failed, reason=[the current capture mode does not support this operation]
[ERROR] ASCENDCL(712583,):2026-01-15-10:29:43.777.207 [memory.cpp:437]712583 aclrtMemcpyImpl: synchronized memcpy failed, kind = 1, runtime result = 107030
[ERROR] RUNTIME(712583,):2026-01-15-10:29:43.852.543 [api_error.cc:1519]712583 MemCopySync:Memory copy sync failed, cnt=72, kind=1.
[ERROR] RUNTIME(712583,):2026-01-15-10:29:43.852.550 [api_c.cc:1197]712583 rtMemcpy:ErrCode=107030, desc=[the current capture mode does not support this operation], InnerCode=0x703001c
[ERROR] RUNTIME(712583,):2026-01-15-10:29:43.852.553 [error_message_manage.cc:53]712583 FuncErrorReason:report error module_type=3, module_name=EE8888
[ERROR] RUNTIME(712583,):2026-01-15-10:29:43.852.556 [error_message_manage.cc:53]712583 FuncErrorReason:rtMemcpy execute failed, reason=[the current capture mode does not support this operation]
[ERROR] ASCENDCL(712583,):2026-01-15-10:29:43.852.751 [memory.cpp:437]712583 aclrtMemcpyImpl: synchronized memcpy failed, kind = 1, runtime result = 107030
[ERROR] RUNTIME(712583,):2026-01-15-10:29:43.919.039 [api_error.cc:1519]712583 MemCopySync:Memory copy sync failed, cnt=416, kind=1.
[ERROR] RUNTIME(712583,):2026-01-15-10:29:43.919.048 [api_c.cc:1197]712583 rtMemcpy:ErrCode=107030, desc=[the current capture mode does not support this operation], InnerCode=0x703001c
[ERROR] RUNTIME(712583,):2026-01-15-10:29:43.919.050 [error_message_manage.cc:53]712583 FuncErrorReason:report error module_type=3, module_name=EE8888
[ERROR] RUNTIME(712583,):2026-01-15-10:29:43.919.053 [error_message_manage.cc:53]712583 FuncErrorReason:rtMemcpy execute failed, reason=[the current capture mode does not support this operation]
[ERROR] ASCENDCL(712583,):2026-01-15-10:29:43.919.334 [memory.cpp:437]712583 aclrtMemcpyImpl: synchronized memcpy failed, kind = 1, runtime result = 107030
[ERROR] RUNTIME(712583,):2026-01-15-10:29:43.965.925 [api_error.cc:1519]712583 MemCopySync:Memory copy sync failed, cnt=72, kind=1.
[ERROR] RUNTIME(712583,):2026-01-15-10:29:43.965.933 [api_c.cc:1197]712583 rtMemcpy:ErrCode=107030, desc=[the current capture mode does not support this operation], InnerCode=0x703001c
[ERROR] RUNTIME(712583,):2026-01-15-10:29:43.965.935 [error_message_manage.cc:53]712583 FuncErrorReason:report error module_type=3, module_name=EE8888
[ERROR] RUNTIME(712583,):2026-01-15-10:29:43.965.938 [error_message_manage.cc:53]712583 FuncErrorReason:rtMemcpy execute failed, reason=[the current capture mode does not support this operation]
[ERROR] ASCENDCL(712583,):2026-01-15-10:29:43.966.183 [memory.cpp:437]712583 aclrtMemcpyImpl: synchronized memcpy failed, kind = 1, runtime result = 107030
[ERROR] RUNTIME(712583,):2026-01-15-10:29:44.037.224 [api_error.cc:1519]712583 MemCopySync:Memory copy sync failed, cnt=416, kind=1.
[ERROR] RUNTIME(712583,):2026-01-15-10:29:44.037.232 [api_c.cc:1197]712583 rtMemcpy:ErrCode=107030, desc=[the current capture mode does not support this operation], InnerCode=0x703001c
[ERROR] RUNTIME(712583,):2026-01-15-10:29:44.037.235 [error_message_manage.cc:53]712583 FuncErrorReason:report error module_type=3, module_name=EE8888
[ERROR] RUNTIME(712583,):2026-01-15-10:29:44.037.237 [error_message_manage.cc:53]712583 FuncErrorReason:rtMemcpy execute failed, reason=[the current capture mode does not support this operation]
[ERROR] ASCENDCL(712583,):2026-01-15-10:29:44.037.461 [memory.cpp:437]712583 aclrtMemcpyImpl: synchronized memcpy failed, kind = 1, runtime result = 107030
[ERROR] RUNTIME(712583,):2026-01-15-10:29:44.113.201 [api_error.cc:1519]712583 MemCopySync:Memory copy sync failed, cnt=72, kind=1.
[ERROR] RUNTIME(712583,):2026-01-15-10:29:44.113.209 [api_c.cc:1197]712583 rtMemcpy:ErrCode=107030, desc=[the current capture mode does not support this operation], InnerCode=0x703001c
[ERROR] RUNTIME(712583,):2026-01-15-10:29:44.113.212 [error_message_manage.cc:53]712583 FuncErrorReason:report error module_type=3, module_name=EE8888
[ERROR] RUNTIME(712583,):2026-01-15-10:29:44.113.215 [error_message_manage.cc:53]712583 FuncErrorReason:rtMemcpy execute failed, reason=[the current capture mode does not support this operation]
[ERROR] ASCENDCL(712583,):2026-01-15-10:29:44.113.462 [memory.cpp:437]712583 aclrtMemcpyImpl: synchronized memcpy failed, kind = 1, runtime result = 107030
[ERROR] RUNTIME(712583,):2026-01-15-10:29:44.195.858 [api_error.cc:1519]712583 MemCopySync:Memory copy sync failed, cnt=416, kind=1.
[ERROR] RUNTIME(712583,):2026-01-15-10:29:44.195.866 [api_c.cc:1197]712583 rtMemcpy:ErrCode=107030, desc=[the current capture mode does not support this operation], InnerCode=0x703001c
[ERROR] RUNTIME(712583,):2026-01-15-10:29:44.195.869 [error_message_manage.cc:53]712583 FuncErrorReason:report error module_type=3, module_name=EE8888
[ERROR] RUNTIME(712583,):2026-01-15-10:29:44.195.872 [error_message_manage.cc:53]712583 FuncErrorReason:rtMemcpy execute failed, reason=[the current capture mode does not support this operation]
[ERROR] ASCENDCL(712583,):2026-01-15-10:29:44.196.088 [memory.cpp:437]712583 aclrtMemcpyImpl: synchronized memcpy failed, kind = 1, runtime result = 107030
[ERROR] RUNTIME(712583,):2026-01-15-10:29:44.275.905 [api_error.cc:1519]712583 MemCopySync:Memory copy sync failed, cnt=72, kind=1.
[ERROR] RUNTIME(712583,):2026-01-15-10:29:44.275.914 [api_c.cc:1197]712583 rtMemcpy:ErrCode=107030, desc=[the current capture mode does not support this operation], InnerCode=0x703001c
[ERROR] RUNTIME(712583,):2026-01-15-10:29:44.275.917 [error_message_manage.cc:53]712583 FuncErrorReason:report error module_type=3, module_name=EE8888
[ERROR] RUNTIME(712583,):2026-01-15-10:29:44.275.919 [error_message_manage.cc:53]712583 FuncErrorReason:rtMemcpy execute failed, reason=[the current capture mode does not support this operation]
[ERROR] ASCENDCL(712583,):2026-01-15-10:29:44.276.119 [memory.cpp:437]712583 aclrtMemcpyImpl: synchronized memcpy failed, kind = 1, runtime result = 107030
[ERROR] RUNTIME(712583,):2026-01-15-10:29:44.364.068 [api_error.cc:1519]712583 MemCopySync:Memory copy sync failed, cnt=416, kind=1.
[ERROR] RUNTIME(712583,):2026-01-15-10:29:44.364.078 [api_c.cc:1197]712583 rtMemcpy:ErrCode=107030, desc=[the current capture mode does not support this operation], InnerCode=0x703001c
[ERROR] RUNTIME(712583,):2026-01-15-10:29:44.364.080 [error_message_manage.cc:53]712583 FuncErrorReason:report error module_type=3, module_name=EE8888
[ERROR] RUNTIME(712583,):2026-01-15-10:29:44.364.083 [error_message_manage.cc:53]712583 FuncErrorReason:rtMemcpy execute failed, reason=[the current capture mode does not support this operation]
[ERROR] ASCENDCL(712583,):2026-01-15-10:29:44.364.358 [memory.cpp:437]712583 aclrtMemcpyImpl: synchronized memcpy failed, kind = 1, runtime result = 107030
[ERROR] RUNTIME(712583,):2026-01-15-10:29:44.445.572 [api_error.cc:1519]712583 MemCopySync:Memory copy sync failed, cnt=72, kind=1.
[ERROR] RUNTIME(712583,):2026-01-15-10:29:44.445.580 [api_c.cc:1197]712583 rtMemcpy:ErrCode=107030, desc=[the current capture mode does not support this operation], InnerCode=0x703001c
[ERROR] RUNTIME(712583,):2026-01-15-10:29:44.445.583 [error_message_manage.cc:53]712583 FuncErrorReason:report error module_type=3, module_name=EE8888
[ERROR] RUNTIME(712583,):2026-01-15-10:29:44.445.586 [error_message_manage.cc:53]712583 FuncErrorReason:rtMemcpy execute failed, reason=[the current capture mode does not support this operation]
[ERROR] ASCENDCL(712583,):2026-01-15-10:29:44.445.786 [memory.cpp:437]712583 aclrtMemcpyImpl: synchronized memcpy failed, kind = 1, runtime result = 107030
[ERROR] RUNTIME(712583,):2026-01-15-10:29:44.524.747 [api_error.cc:1519]712583 MemCopySync:Memory copy sync failed, cnt=416, kind=1.
[ERROR] RUNTIME(712583,):2026-01-15-10:29:44.524.756 [api_c.cc:1197]712583 rtMemcpy:ErrCode=107030, desc=[the current capture mode does not support this operation], InnerCode=0x703001c
[ERROR] RUNTIME(712583,):2026-01-15-10:29:44.524.758 [error_message_manage.cc:53]712583 FuncErrorReason:report error module_type=3, module_name=EE8888
[ERROR] RUNTIME(712583,):2026-01-15-10:29:44.524.761 [error_message_manage.cc:53]712583 FuncErrorReason:rtMemcpy execute failed, reason=[the current capture mode does not support this operation]
[ERROR] ASCENDCL(712583,):2026-01-15-10:29:44.525.070 [memory.cpp:437]712583 aclrtMemcpyImpl: synchronized memcpy failed, kind = 1, runtime result = 107030
[ERROR] RUNTIME(712583,):2026-01-15-10:29:44.591.520 [api_error.cc:1519]712583 MemCopySync:Memory copy sync failed, cnt=72, kind=1.
[ERROR] RUNTIME(712583,):2026-01-15-10:29:44.591.528 [api_c.cc:1197]712583 rtMemcpy:ErrCode=107030, desc=[the current capture mode does not support this operation], InnerCode=0x703001c
[ERROR] RUNTIME(712583,):2026-01-15-10:29:44.591.530 [error_message_manage.cc:53]712583 FuncErrorReason:report error module_type=3, module_name=EE8888
[ERROR] RUNTIME(712583,):2026-01-15-10:29:44.591.533 [error_message_manage.cc:53]712583 FuncErrorReason:rtMemcpy execute failed, reason=[the current capture mode does not support this operation]
[ERROR] ASCENDCL(712583,):2026-01-15-10:29:44.591.752 [memory.cpp:437]712583 aclrtMemcpyImpl: synchronized memcpy failed, kind = 1, runtime result = 107030
[ERROR] RUNTIME(712583,):2026-01-15-10:29:44.673.641 [api_error.cc:1519]712583 MemCopySync:Memory copy sync failed, cnt=416, kind=1.
[ERROR] RUNTIME(712583,):2026-01-15-10:29:44.673.651 [api_c.cc:1197]712583 rtMemcpy:ErrCode=107030, desc=[the current capture mode does not support this operation], InnerCode=0x703001c
[ERROR] RUNTIME(712583,):2026-01-15-10:29:44.673.653 [error_message_manage.cc:53]712583 FuncErrorReason:report error module_type=3, module_name=EE8888
[ERROR] RUNTIME(712583,):2026-01-15-10:29:44.673.656 [error_message_manage.cc:53]712583 FuncErrorReason:rtMemcpy execute failed, reason=[the current capture mode does not support this operation]
[ERROR] ASCENDCL(712583,):2026-01-15-10:29:44.673.858 [memory.cpp:437]712583 aclrtMemcpyImpl: synchronized memcpy failed, kind = 1, runtime result = 107030
[ERROR] RUNTIME(712583,):2026-01-15-10:29:44.741.137 [api_error.cc:1519]712583 MemCopySync:Memory copy sync failed, cnt=72, kind=1.
[ERROR] RUNTIME(712583,):2026-01-15-10:29:44.741.145 [api_c.cc:1197]712583 rtMemcpy:ErrCode=107030, desc=[the current capture mode does not support this operation], InnerCode=0x703001c
[ERROR] RUNTIME(712583,):2026-01-15-10:29:44.741.147 [error_message_manage.cc:53]712583 FuncErrorReason:report error module_type=3, module_name=EE8888
[ERROR] RUNTIME(712583,):2026-01-15-10:29:44.741.150 [error_message_manage.cc:53]712583 FuncErrorReason:rtMemcpy execute failed, reason=[the current capture mode does not support this operation]
[ERROR] ASCENDCL(712583,):2026-01-15-10:29:44.741.418 [memory.cpp:437]712583 aclrtMemcpyImpl: synchronized memcpy failed, kind = 1, runtime result = 107030
[ERROR] RUNTIME(712583,):2026-01-15-10:29:44.797.438 [api_error.cc:1519]712583 MemCopySync:Memory copy sync failed, cnt=416, kind=1.
[ERROR] RUNTIME(712583,):2026-01-15-10:29:44.797.447 [api_c.cc:1197]712583 rtMemcpy:ErrCode=107030, desc=[the current capture mode does not support this operation], InnerCode=0x703001c
[ERROR] RUNTIME(712583,):2026-01-15-10:29:44.797.449 [error_message_manage.cc:53]712583 FuncErrorReason:report error module_type=3, module_name=EE8888
[ERROR] RUNTIME(712583,):2026-01-15-10:29:44.797.452 [error_message_manage.cc:53]712583 FuncErrorReason:rtMemcpy execute failed, reason=[the current capture mode does not support this operation]
[ERROR] ASCENDCL(712583,):2026-01-15-10:29:44.797.641 [memory.cpp:437]712583 aclrtMemcpyImpl: synchronized memcpy failed, kind = 1, runtime result = 107030
[ERROR] RUNTIME(712583,):2026-01-15-10:29:44.857.750 [api_error.cc:1519]712583 MemCopySync:Memory copy sync failed, cnt=72, kind=1.
[ERROR] RUNTIME(712583,):2026-01-15-10:29:44.857.757 [api_c.cc:1197]712583 rtMemcpy:ErrCode=107030, desc=[the current capture mode does not support this operation], InnerCode=0x703001c
[ERROR] RUNTIME(712583,):2026-01-15-10:29:44.857.759 [error_message_manage.cc:53]712583 FuncErrorReason:report error module_type=3, module_name=EE8888
[ERROR] RUNTIME(712583,):2026-01-15-10:29:44.857.762 [error_message_manage.cc:53]712583 FuncErrorReason:rtMemcpy execute failed, reason=[the current capture mode does not support this operation]
[ERROR] ASCENDCL(712583,):2026-01-15-10:29:44.858.020 [memory.cpp:437]712583 aclrtMemcpyImpl: synchronized memcpy failed, kind = 1, runtime result = 107030
[ERROR] RUNTIME(712583,):2026-01-15-10:29:44.930.245 [api_error.cc:1519]712583 MemCopySync:Memory copy sync failed, cnt=416, kind=1.
[ERROR] RUNTIME(712583,):2026-01-15-10:29:44.930.254 [api_c.cc:1197]712583 rtMemcpy:ErrCode=107030, desc=[the current capture mode does not support this operation], InnerCode=0x703001c
[ERROR] RUNTIME(712583,):2026-01-15-10:29:44.930.257 [error_message_manage.cc:53]712583 FuncErrorReason:report error module_type=3, module_name=EE8888
[ERROR] RUNTIME(712583,):2026-01-15-10:29:44.930.260 [error_message_manage.cc:53]712583 FuncErrorReason:rtMemcpy execute failed, reason=[the current capture mode does not support this operation]
[ERROR] ASCENDCL(712583,):2026-01-15-10:29:44.930.538 [memory.cpp:437]712583 aclrtMemcpyImpl: synchronized memcpy failed, kind = 1, runtime result = 107030
[ERROR] RUNTIME(712583,):2026-01-15-10:29:44.989.345 [api_error.cc:1519]712583 MemCopySync:Memory copy sync failed, cnt=72, kind=1.
[ERROR] RUNTIME(712583,):2026-01-15-10:29:44.989.353 [api_c.cc:1197]712583 rtMemcpy:ErrCode=107030, desc=[the current capture mode does not support this operation], InnerCode=0x703001c
[ERROR] RUNTIME(712583,):2026-01-15-10:29:44.989.355 [error_message_manage.cc:53]712583 FuncErrorReason:report error module_type=3, module_name=EE8888
[ERROR] RUNTIME(712583,):2026-01-15-10:29:44.989.358 [error_message_manage.cc:53]712583 FuncErrorReason:rtMemcpy execute failed, reason=[the current capture mode does not support this operation]
[ERROR] ASCENDCL(712583,):2026-01-15-10:29:44.989.571 [memory.cpp:437]712583 aclrtMemcpyImpl: synchronized memcpy failed, kind = 1, runtime result = 107030
[ERROR] RUNTIME(712583,):2026-01-15-10:29:45.053.426 [api_error.cc:1519]712583 MemCopySync:Memory copy sync failed, cnt=416, kind=1.
[ERROR] RUNTIME(712583,):2026-01-15-10:29:45.053.434 [api_c.cc:1197]712583 rtMemcpy:ErrCode=107030, desc=[the current capture mode does not support this operation], InnerCode=0x703001c
[ERROR] RUNTIME(712583,):2026-01-15-10:29:45.053.437 [error_message_manage.cc:53]712583 FuncErrorReason:report error module_type=3, module_name=EE8888
[ERROR] RUNTIME(712583,):2026-01-15-10:29:45.053.439 [error_message_manage.cc:53]712583 FuncErrorReason:rtMemcpy execute failed, reason=[the current capture mode does not support this operation]
[ERROR] ASCENDCL(712583,):2026-01-15-10:29:45.053.639 [memory.cpp:437]712583 aclrtMemcpyImpl: synchronized memcpy failed, kind = 1, runtime result = 107030
[ERROR] RUNTIME(712583,):2026-01-15-10:29:45.123.664 [api_error.cc:1519]712583 MemCopySync:Memory copy sync failed, cnt=72, kind=1.
[ERROR] RUNTIME(712583,):2026-01-15-10:29:45.123.672 [api_c.cc:1197]712583 rtMemcpy:ErrCode=107030, desc=[the current capture mode does not support this operation], InnerCode=0x703001c
[ERROR] RUNTIME(712583,):2026-01-15-10:29:45.123.674 [error_message_manage.cc:53]712583 FuncErrorReason:report error module_type=3, module_name=EE8888
[ERROR] RUNTIME(712583,):2026-01-15-10:29:45.123.677 [error_message_manage.cc:53]712583 FuncErrorReason:rtMemcpy execute failed, reason=[the current capture mode does not support this operation]
[ERROR] ASCENDCL(712583,):2026-01-15-10:29:45.123.916 [memory.cpp:437]712583 aclrtMemcpyImpl: synchronized memcpy failed, kind = 1, runtime result = 107030
[ERROR] RUNTIME(712583,):2026-01-15-10:29:45.186.729 [api_error.cc:1519]712583 MemCopySync:Memory copy sync failed, cnt=416, kind=1.
[ERROR] RUNTIME(712583,):2026-01-15-10:29:45.186.738 [api_c.cc:1197]712583 rtMemcpy:ErrCode=107030, desc=[the current capture mode does not support this operation], InnerCode=0x703001c
[ERROR] RUNTIME(712583,):2026-01-15-10:29:45.186.740 [error_message_manage.cc:53]712583 FuncErrorReason:report error module_type=3, module_name=EE8888
[ERROR] RUNTIME(712583,):2026-01-15-10:29:45.186.743 [error_message_manage.cc:53]712583 FuncErrorReason:rtMemcpy execute failed, reason=[the current capture mode does not support this operation]
[ERROR] ASCENDCL(712583,):2026-01-15-10:29:45.186.995 [memory.cpp:437]712583 aclrtMemcpyImpl: synchronized memcpy failed, kind = 1, runtime result = 107030
[ERROR] RUNTIME(712583,):2026-01-15-10:29:45.253.458 [api_error.cc:1519]712583 MemCopySync:Memory copy sync failed, cnt=72, kind=1.
[ERROR] RUNTIME(712583,):2026-01-15-10:29:45.253.465 [api_c.cc:1197]712583 rtMemcpy:ErrCode=107030, desc=[the current capture mode does not support this operation], InnerCode=0x703001c
[ERROR] RUNTIME(712583,):2026-01-15-10:29:45.253.468 [error_message_manage.cc:53]712583 FuncErrorReason:report error module_type=3, module_name=EE8888
[ERROR] RUNTIME(712583,):2026-01-15-10:29:45.253.470 [error_message_manage.cc:53]712583 FuncErrorReason:rtMemcpy execute failed, reason=[the current capture mode does not support this operation]
[ERROR] ASCENDCL(712583,):2026-01-15-10:29:45.253.674 [memory.cpp:437]712583 aclrtMemcpyImpl: synchronized memcpy failed, kind = 1, runtime result = 107030
[ERROR] RUNTIME(712583,):2026-01-15-10:29:45.319.930 [api_error.cc:1519]712583 MemCopySync:Memory copy sync failed, cnt=416, kind=1.
[ERROR] RUNTIME(712583,):2026-01-15-10:29:45.319.940 [api_c.cc:1197]712583 rtMemcpy:ErrCode=107030, desc=[the current capture mode does not support this operation], InnerCode=0x703001c
[ERROR] RUNTIME(712583,):2026-01-15-10:29:45.319.943 [error_message_manage.cc:53]712583 FuncErrorReason:report error module_type=3, module_name=EE8888
[ERROR] RUNTIME(712583,):2026-01-15-10:29:45.319.946 [error_message_manage.cc:53]712583 FuncErrorReason:rtMemcpy execute failed, reason=[the current capture mode does not support this operation]
[ERROR] ASCENDCL(712583,):2026-01-15-10:29:45.320.250 [memory.cpp:437]712583 aclrtMemcpyImpl: synchronized memcpy failed, kind = 1, runtime result = 107030
[ERROR] RUNTIME(712583,):2026-01-15-10:29:45.380.607 [api_error.cc:1519]712583 MemCopySync:Memory copy sync failed, cnt=72, kind=1.
[ERROR] RUNTIME(712583,):2026-01-15-10:29:45.380.615 [api_c.cc:1197]712583 rtMemcpy:ErrCode=107030, desc=[the current capture mode does not support this operation], InnerCode=0x703001c
[ERROR] RUNTIME(712583,):2026-01-15-10:29:45.380.617 [error_message_manage.cc:53]712583 FuncErrorReason:report error module_type=3, module_name=EE8888
[ERROR] RUNTIME(712583,):2026-01-15-10:29:45.380.620 [error_message_manage.cc:53]712583 FuncErrorReason:rtMemcpy execute failed, reason=[the current capture mode does not support this operation]
[ERROR] ASCENDCL(712583,):2026-01-15-10:29:45.380.838 [memory.cpp:437]712583 aclrtMemcpyImpl: synchronized memcpy failed, kind = 1, runtime result = 107030
[ERROR] RUNTIME(712583,):2026-01-15-10:29:45.452.472 [api_error.cc:1519]712583 MemCopySync:Memory copy sync failed, cnt=416, kind=1.
[ERROR] RUNTIME(712583,):2026-01-15-10:29:45.452.480 [api_c.cc:1197]712583 rtMemcpy:ErrCode=107030, desc=[the current capture mode does not support this operation], InnerCode=0x703001c
[ERROR] RUNTIME(712583,):2026-01-15-10:29:45.452.483 [error_message_manage.cc:53]712583 FuncErrorReason:report error module_type=3, module_name=EE8888
[ERROR] RUNTIME(712583,):2026-01-15-10:29:45.452.485 [error_message_manage.cc:53]712583 FuncErrorReason:rtMemcpy execute failed, reason=[the current capture mode does not support this operation]
[ERROR] ASCENDCL(712583,):2026-01-15-10:29:45.452.768 [memory.cpp:437]712583 aclrtMemcpyImpl: synchronized memcpy failed, kind = 1, runtime result = 107030
[ERROR] RUNTIME(712583,):2026-01-15-10:29:45.518.673 [api_error.cc:1519]712583 MemCopySync:Memory copy sync failed, cnt=72, kind=1.
[ERROR] RUNTIME(712583,):2026-01-15-10:29:45.518.681 [api_c.cc:1197]712583 rtMemcpy:ErrCode=107030, desc=[the current capture mode does not support this operation], InnerCode=0x703001c
[ERROR] RUNTIME(712583,):2026-01-15-10:29:45.518.684 [error_message_manage.cc:53]712583 FuncErrorReason:report error module_type=3, module_name=EE8888
[ERROR] RUNTIME(712583,):2026-01-15-10:29:45.518.687 [error_message_manage.cc:53]712583 FuncErrorReason:rtMemcpy execute failed, reason=[the current capture mode does not support this operation]
[ERROR] ASCENDCL(712583,):2026-01-15-10:29:45.518.954 [memory.cpp:437]712583 aclrtMemcpyImpl: synchronized memcpy failed, kind = 1, runtime result = 107030
[ERROR] RUNTIME(712583,):2026-01-15-10:29:45.586.510 [api_error.cc:1519]712583 MemCopySync:Memory copy sync failed, cnt=416, kind=1.
[ERROR] RUNTIME(712583,):2026-01-15-10:29:45.586.518 [api_c.cc:1197]712583 rtMemcpy:ErrCode=107030, desc=[the current capture mode does not support this operation], InnerCode=0x703001c
[ERROR] RUNTIME(712583,):2026-01-15-10:29:45.586.521 [error_message_manage.cc:53]712583 FuncErrorReason:report error module_type=3, module_name=EE8888
[ERROR] RUNTIME(712583,):2026-01-15-10:29:45.586.523 [error_message_manage.cc:53]712583 FuncErrorReason:rtMemcpy execute failed, reason=[the current capture mode does not support this operation]
[ERROR] ASCENDCL(712583,):2026-01-15-10:29:45.586.817 [memory.cpp:437]712583 aclrtMemcpyImpl: synchronized memcpy failed, kind = 1, runtime result = 107030
[ERROR] RUNTIME(712583,):2026-01-15-10:29:45.648.090 [api_error.cc:1519]712583 MemCopySync:Memory copy sync failed, cnt=72, kind=1.
[ERROR] RUNTIME(712583,):2026-01-15-10:29:45.648.098 [api_c.cc:1197]712583 rtMemcpy:ErrCode=107030, desc=[the current capture mode does not support this operation], InnerCode=0x703001c
[ERROR] RUNTIME(712583,):2026-01-15-10:29:45.648.101 [error_message_manage.cc:53]712583 FuncErrorReason:report error module_type=3, module_name=EE8888
[ERROR] RUNTIME(712583,):2026-01-15-10:29:45.648.104 [error_message_manage.cc:53]712583 FuncErrorReason:rtMemcpy execute failed, reason=[the current capture mode does not support this operation]
[ERROR] ASCENDCL(712583,):2026-01-15-10:29:45.648.324 [memory.cpp:437]712583 aclrtMemcpyImpl: synchronized memcpy failed, kind = 1, runtime result = 107030
[ERROR] RUNTIME(712583,):2026-01-15-10:29:45.712.609 [api_error.cc:1519]712583 MemCopySync:Memory copy sync failed, cnt=416, kind=1.
[ERROR] RUNTIME(712583,):2026-01-15-10:29:45.712.617 [api_c.cc:1197]712583 rtMemcpy:ErrCode=107030, desc=[the current capture mode does not support this operation], InnerCode=0x703001c
[ERROR] RUNTIME(712583,):2026-01-15-10:29:45.712.620 [error_message_manage.cc:53]712583 FuncErrorReason:report error module_type=3, module_name=EE8888
[ERROR] RUNTIME(712583,):2026-01-15-10:29:45.712.623 [error_message_manage.cc:53]712583 FuncErrorReason:rtMemcpy execute failed, reason=[the current capture mode does not support this operation]
[ERROR] ASCENDCL(712583,):2026-01-15-10:29:45.712.902 [memory.cpp:437]712583 aclrtMemcpyImpl: synchronized memcpy failed, kind = 1, runtime result = 107030
[ERROR] RUNTIME(712583,):2026-01-15-10:29:45.775.500 [api_error.cc:1519]712583 MemCopySync:Memory copy sync failed, cnt=72, kind=1.
[ERROR] RUNTIME(712583,):2026-01-15-10:29:45.775.509 [api_c.cc:1197]712583 rtMemcpy:ErrCode=107030, desc=[the current capture mode does not support this operation], InnerCode=0x703001c
[ERROR] RUNTIME(712583,):2026-01-15-10:29:45.775.511 [error_message_manage.cc:53]712583 FuncErrorReason:report error module_type=3, module_name=EE8888
[ERROR] RUNTIME(712583,):2026-01-15-10:29:45.775.514 [error_message_manage.cc:53]712583 FuncErrorReason:rtMemcpy execute failed, reason=[the current capture mode does not support this operation]
[ERROR] ASCENDCL(712583,):2026-01-15-10:29:45.775.779 [memory.cpp:437]712583 aclrtMemcpyImpl: synchronized memcpy failed, kind = 1, runtime result = 107030
[ERROR] RUNTIME(712583,):2026-01-15-10:29:45.848.755 [api_error.cc:1519]712583 MemCopySync:Memory copy sync failed, cnt=416, kind=1.
[ERROR] RUNTIME(712583,):2026-01-15-10:29:45.848.765 [api_c.cc:1197]712583 rtMemcpy:ErrCode=107030, desc=[the current capture mode does not support this operation], InnerCode=0x703001c
[ERROR] RUNTIME(712583,):2026-01-15-10:29:45.848.768 [error_message_manage.cc:53]712583 FuncErrorReason:report error module_type=3, module_name=EE8888
[ERROR] RUNTIME(712583,):2026-01-15-10:29:45.848.770 [error_message_manage.cc:53]712583 FuncErrorReason:rtMemcpy execute failed, reason=[the current capture mode does not support this operation]
[ERROR] ASCENDCL(712583,):2026-01-15-10:29:45.849.003 [memory.cpp:437]712583 aclrtMemcpyImpl: synchronized memcpy failed, kind = 1, runtime result = 107030
[ERROR] RUNTIME(712583,):2026-01-15-10:29:45.921.172 [api_error.cc:1519]712583 MemCopySync:Memory copy sync failed, cnt=72, kind=1.
[ERROR] RUNTIME(712583,):2026-01-15-10:29:45.921.181 [api_c.cc:1197]712583 rtMemcpy:ErrCode=107030, desc=[the current capture mode does not support this operation], InnerCode=0x703001c
[ERROR] RUNTIME(712583,):2026-01-15-10:29:45.921.183 [error_message_manage.cc:53]712583 FuncErrorReason:report error module_type=3, module_name=EE8888
[ERROR] RUNTIME(712583,):2026-01-15-10:29:45.921.186 [error_message_manage.cc:53]712583 FuncErrorReason:rtMemcpy execute failed, reason=[the current capture mode does not support this operation]
[ERROR] ASCENDCL(712583,):2026-01-15-10:29:45.921.483 [memory.cpp:437]712583 aclrtMemcpyImpl: synchronized memcpy failed, kind = 1, runtime result = 107030
[ERROR] RUNTIME(712583,):2026-01-15-10:29:45.992.819 [api_error.cc:1519]712583 MemCopySync:Memory copy sync failed, cnt=416, kind=1.
[ERROR] RUNTIME(712583,):2026-01-15-10:29:45.992.828 [api_c.cc:1197]712583 rtMemcpy:ErrCode=107030, desc=[the current capture mode does not support this operation], InnerCode=0x703001c
[ERROR] RUNTIME(712583,):2026-01-15-10:29:45.992.831 [error_message_manage.cc:53]712583 FuncErrorReason:report error module_type=3, module_name=EE8888
[ERROR] RUNTIME(712583,):2026-01-15-10:29:45.992.833 [error_message_manage.cc:53]712583 FuncErrorReason:rtMemcpy execute failed, reason=[the current capture mode does not support this operation]
[ERROR] ASCENDCL(712583,):2026-01-15-10:29:45.993.077 [memory.cpp:437]712583 aclrtMemcpyImpl: synchronized memcpy failed, kind = 1, runtime result = 107030
[ERROR] RUNTIME(712583,):2026-01-15-10:29:46.057.889 [api_error.cc:1519]712583 MemCopySync:Memory copy sync failed, cnt=72, kind=1.
[ERROR] RUNTIME(712583,):2026-01-15-10:29:46.057.897 [api_c.cc:1197]712583 rtMemcpy:ErrCode=107030, desc=[the current capture mode does not support this operation], InnerCode=0x703001c
[ERROR] RUNTIME(712583,):2026-01-15-10:29:46.057.900 [error_message_manage.cc:53]712583 FuncErrorReason:report error module_type=3, module_name=EE8888
[ERROR] RUNTIME(712583,):2026-01-15-10:29:46.057.903 [error_message_manage.cc:53]712583 FuncErrorReason:rtMemcpy execute failed, reason=[the current capture mode does not support this operation]
[ERROR] ASCENDCL(712583,):2026-01-15-10:29:46.058.120 [memory.cpp:437]712583 aclrtMemcpyImpl: synchronized memcpy failed, kind = 1, runtime result = 107030
[ERROR] RUNTIME(712583,):2026-01-15-10:29:46.112.654 [api_error.cc:1519]712583 MemCopySync:Memory copy sync failed, cnt=416, kind=1.
[ERROR] RUNTIME(712583,):2026-01-15-10:29:46.112.663 [api_c.cc:1197]712583 rtMemcpy:ErrCode=107030, desc=[the current capture mode does not support this operation], InnerCode=0x703001c
[ERROR] RUNTIME(712583,):2026-01-15-10:29:46.112.666 [error_message_manage.cc:53]712583 FuncErrorReason:report error module_type=3, module_name=EE8888
[ERROR] RUNTIME(712583,):2026-01-15-10:29:46.112.669 [error_message_manage.cc:53]712583 FuncErrorReason:rtMemcpy execute failed, reason=[the current capture mode does not support this operation]
[ERROR] ASCENDCL(712583,):2026-01-15-10:29:46.112.908 [memory.cpp:437]712583 aclrtMemcpyImpl: synchronized memcpy failed, kind = 1, runtime result = 107030
[ERROR] RUNTIME(712583,):2026-01-15-10:29:46.173.676 [api_error.cc:1519]712583 MemCopySync:Memory copy sync failed, cnt=72, kind=1.
[ERROR] RUNTIME(712583,):2026-01-15-10:29:46.173.683 [api_c.cc:1197]712583 rtMemcpy:ErrCode=107030, desc=[the current capture mode does not support this operation], InnerCode=0x703001c
[ERROR] RUNTIME(712583,):2026-01-15-10:29:46.173.686 [error_message_manage.cc:53]712583 FuncErrorReason:report error module_type=3, module_name=EE8888
[ERROR] RUNTIME(712583,):2026-01-15-10:29:46.173.689 [error_message_manage.cc:53]712583 FuncErrorReason:rtMemcpy execute failed, reason=[the current capture mode does not support this operation]
[ERROR] ASCENDCL(712583,):2026-01-15-10:29:46.173.935 [memory.cpp:437]712583 aclrtMemcpyImpl: synchronized memcpy failed, kind = 1, runtime result = 107030
[ERROR] RUNTIME(712583,):2026-01-15-10:29:46.243.304 [api_error.cc:1519]712583 MemCopySync:Memory copy sync failed, cnt=416, kind=1.
[ERROR] RUNTIME(712583,):2026-01-15-10:29:46.243.313 [api_c.cc:1197]712583 rtMemcpy:ErrCode=107030, desc=[the current capture mode does not support this operation], InnerCode=0x703001c
[ERROR] RUNTIME(712583,):2026-01-15-10:29:46.243.316 [error_message_manage.cc:53]712583 FuncErrorReason:report error module_type=3, module_name=EE8888
[ERROR] RUNTIME(712583,):2026-01-15-10:29:46.243.318 [error_message_manage.cc:53]712583 FuncErrorReason:rtMemcpy execute failed, reason=[the current capture mode does not support this operation]
[ERROR] ASCENDCL(712583,):2026-01-15-10:29:46.243.552 [memory.cpp:437]712583 aclrtMemcpyImpl: synchronized memcpy failed, kind = 1, runtime result = 107030
[ERROR] RUNTIME(712583,):2026-01-15-10:29:46.308.821 [api_error.cc:1519]712583 MemCopySync:Memory copy sync failed, cnt=72, kind=1.
[ERROR] RUNTIME(712583,):2026-01-15-10:29:46.308.829 [api_c.cc:1197]712583 rtMemcpy:ErrCode=107030, desc=[the current capture mode does not support this operation], InnerCode=0x703001c
[ERROR] RUNTIME(712583,):2026-01-15-10:29:46.308.832 [error_message_manage.cc:53]712583 FuncErrorReason:report error module_type=3, module_name=EE8888
[ERROR] RUNTIME(712583,):2026-01-15-10:29:46.308.835 [error_message_manage.cc:53]712583 FuncErrorReason:rtMemcpy execute failed, reason=[the current capture mode does not support this operation]
[ERROR] ASCENDCL(712583,):2026-01-15-10:29:46.309.084 [memory.cpp:437]712583 aclrtMemcpyImpl: synchronized memcpy failed, kind = 1, runtime result = 107030
[ERROR] RUNTIME(712583,):2026-01-15-10:29:46.376.814 [api_error.cc:1519]712583 MemCopySync:Memory copy sync failed, cnt=416, kind=1.
[ERROR] RUNTIME(712583,):2026-01-15-10:29:46.376.823 [api_c.cc:1197]712583 rtMemcpy:ErrCode=107030, desc=[the current capture mode does not support this operation], InnerCode=0x703001c
[ERROR] RUNTIME(712583,):2026-01-15-10:29:46.376.826 [error_message_manage.cc:53]712583 FuncErrorReason:report error module_type=3, module_name=EE8888
[ERROR] RUNTIME(712583,):2026-01-15-10:29:46.376.828 [error_message_manage.cc:53]712583 FuncErrorReason:rtMemcpy execute failed, reason=[the current capture mode does not support this operation]
[ERROR] ASCENDCL(712583,):2026-01-15-10:29:46.377.112 [memory.cpp:437]712583 aclrtMemcpyImpl: synchronized memcpy failed, kind = 1, runtime result = 107030
[ERROR] RUNTIME(712583,):2026-01-15-10:29:46.449.555 [api_error.cc:1519]712583 MemCopySync:Memory copy sync failed, cnt=72, kind=1.
[ERROR] RUNTIME(712583,):2026-01-15-10:29:46.449.563 [api_c.cc:1197]712583 rtMemcpy:ErrCode=107030, desc=[the current capture mode does not support this operation], InnerCode=0x703001c
[ERROR] RUNTIME(712583,):2026-01-15-10:29:46.449.565 [error_message_manage.cc:53]712583 FuncErrorReason:report error module_type=3, module_name=EE8888
[ERROR] RUNTIME(712583,):2026-01-15-10:29:46.449.568 [error_message_manage.cc:53]712583 FuncErrorReason:rtMemcpy execute failed, reason=[the current capture mode does not support this operation]
[ERROR] ASCENDCL(712583,):2026-01-15-10:29:46.449.814 [memory.cpp:437]712583 aclrtMemcpyImpl: synchronized memcpy failed, kind = 1, runtime result = 107030
[ERROR] RUNTIME(712583,):2026-01-15-10:29:46.520.428 [api_error.cc:1519]712583 MemCopySync:Memory copy sync failed, cnt=416, kind=1.
[ERROR] RUNTIME(712583,):2026-01-15-10:29:46.520.437 [api_c.cc:1197]712583 rtMemcpy:ErrCode=107030, desc=[the current capture mode does not support this operation], InnerCode=0x703001c
[ERROR] RUNTIME(712583,):2026-01-15-10:29:46.520.440 [error_message_manage.cc:53]712583 FuncErrorReason:report error module_type=3, module_name=EE8888
[ERROR] RUNTIME(712583,):2026-01-15-10:29:46.520.443 [error_message_manage.cc:53]712583 FuncErrorReason:rtMemcpy execute failed, reason=[the current capture mode does not support this operation]
[ERROR] ASCENDCL(712583,):2026-01-15-10:29:46.520.703 [memory.cpp:437]712583 aclrtMemcpyImpl: synchronized memcpy failed, kind = 1, runtime result = 107030
[ERROR] RUNTIME(712583,):2026-01-15-10:29:46.586.198 [api_error.cc:1519]712583 MemCopySync:Memory copy sync failed, cnt=72, kind=1.
[ERROR] RUNTIME(712583,):2026-01-15-10:29:46.586.206 [api_c.cc:1197]712583 rtMemcpy:ErrCode=107030, desc=[the current capture mode does not support this operation], InnerCode=0x703001c
[ERROR] RUNTIME(712583,):2026-01-15-10:29:46.586.209 [error_message_manage.cc:53]712583 FuncErrorReason:report error module_type=3, module_name=EE8888
[ERROR] RUNTIME(712583,):2026-01-15-10:29:46.586.211 [error_message_manage.cc:53]712583 FuncErrorReason:rtMemcpy execute failed, reason=[the current capture mode does not support this operation]
[ERROR] ASCENDCL(712583,):2026-01-15-10:29:46.586.419 [memory.cpp:437]712583 aclrtMemcpyImpl: synchronized memcpy failed, kind = 1, runtime result = 107030
[ERROR] RUNTIME(712583,):2026-01-15-10:29:46.658.192 [api_error.cc:1519]712583 MemCopySync:Memory copy sync failed, cnt=416, kind=1.
[ERROR] RUNTIME(712583,):2026-01-15-10:29:46.658.201 [api_c.cc:1197]712583 rtMemcpy:ErrCode=107030, desc=[the current capture mode does not support this operation], InnerCode=0x703001c
[ERROR] RUNTIME(712583,):2026-01-15-10:29:46.658.203 [error_message_manage.cc:53]712583 FuncErrorReason:report error module_type=3, module_name=EE8888
[ERROR] RUNTIME(712583,):2026-01-15-10:29:46.658.206 [error_message_manage.cc:53]712583 FuncErrorReason:rtMemcpy execute failed, reason=[the current capture mode does not support this operation]
[ERROR] ASCENDCL(712583,):2026-01-15-10:29:46.658.400 [memory.cpp:437]712583 aclrtMemcpyImpl: synchronized memcpy failed, kind = 1, runtime result = 107030
[ERROR] RUNTIME(712583,):2026-01-15-10:29:46.731.009 [api_error.cc:1519]712583 MemCopySync:Memory copy sync failed, cnt=72, kind=1.
[ERROR] RUNTIME(712583,):2026-01-15-10:29:46.731.018 [api_c.cc:1197]712583 rtMemcpy:ErrCode=107030, desc=[the current capture mode does not support this operation], InnerCode=0x703001c
[ERROR] RUNTIME(712583,):2026-01-15-10:29:46.731.020 [error_message_manage.cc:53]712583 FuncErrorReason:report error module_type=3, module_name=EE8888
[ERROR] RUNTIME(712583,):2026-01-15-10:29:46.731.023 [error_message_manage.cc:53]712583 FuncErrorReason:rtMemcpy execute failed, reason=[the current capture mode does not support this operation]
[ERROR] ASCENDCL(712583,):2026-01-15-10:29:46.731.298 [memory.cpp:437]712583 aclrtMemcpyImpl: synchronized memcpy failed, kind = 1, runtime result = 107030
[ERROR] RUNTIME(712583,):2026-01-15-10:29:46.804.107 [api_error.cc:1519]712583 MemCopySync:Memory copy sync failed, cnt=416, kind=1.
[ERROR] RUNTIME(712583,):2026-01-15-10:29:46.804.116 [api_c.cc:1197]712583 rtMemcpy:ErrCode=107030, desc=[the current capture mode does not support this operation], InnerCode=0x703001c
[ERROR] RUNTIME(712583,):2026-01-15-10:29:46.804.119 [error_message_manage.cc:53]712583 FuncErrorReason:report error module_type=3, module_name=EE8888
[ERROR] RUNTIME(712583,):2026-01-15-10:29:46.804.122 [error_message_manage.cc:53]712583 FuncErrorReason:rtMemcpy execute failed, reason=[the current capture mode does not support this operation]
[ERROR] ASCENDCL(712583,):2026-01-15-10:29:46.804.364 [memory.cpp:437]712583 aclrtMemcpyImpl: synchronized memcpy failed, kind = 1, runtime result = 107030
[ERROR] RUNTIME(712583,):2026-01-15-10:29:46.870.137 [api_error.cc:1519]712583 MemCopySync:Memory copy sync failed, cnt=72, kind=1.
[ERROR] RUNTIME(712583,):2026-01-15-10:29:46.870.146 [api_c.cc:1197]712583 rtMemcpy:ErrCode=107030, desc=[the current capture mode does not support this operation], InnerCode=0x703001c
[ERROR] RUNTIME(712583,):2026-01-15-10:29:46.870.148 [error_message_manage.cc:53]712583 FuncErrorReason:report error module_type=3, module_name=EE8888
[ERROR] RUNTIME(712583,):2026-01-15-10:29:46.870.151 [error_message_manage.cc:53]712583 FuncErrorReason:rtMemcpy execute failed, reason=[the current capture mode does not support this operation]
[ERROR] ASCENDCL(712583,):2026-01-15-10:29:46.870.364 [memory.cpp:437]712583 aclrtMemcpyImpl: synchronized memcpy failed, kind = 1, runtime result = 107030
[ERROR] RUNTIME(712583,):2026-01-15-10:29:46.936.868 [api_error.cc:1519]712583 MemCopySync:Memory copy sync failed, cnt=416, kind=1.
[ERROR] RUNTIME(712583,):2026-01-15-10:29:46.936.877 [api_c.cc:1197]712583 rtMemcpy:ErrCode=107030, desc=[the current capture mode does not support this operation], InnerCode=0x703001c
[ERROR] RUNTIME(712583,):2026-01-15-10:29:46.936.880 [error_message_manage.cc:53]712583 FuncErrorReason:report error module_type=3, module_name=EE8888
[ERROR] RUNTIME(712583,):2026-01-15-10:29:46.936.882 [error_message_manage.cc:53]712583 FuncErrorReason:rtMemcpy execute failed, reason=[the current capture mode does not support this operation]
[ERROR] ASCENDCL(712583,):2026-01-15-10:29:46.937.164 [memory.cpp:437]712583 aclrtMemcpyImpl: synchronized memcpy failed, kind = 1, runtime result = 107030
[ERROR] RUNTIME(712583,):2026-01-15-10:29:47.001.804 [api_error.cc:1519]712583 MemCopySync:Memory copy sync failed, cnt=72, kind=1.
[ERROR] RUNTIME(712583,):2026-01-15-10:29:47.001.812 [api_c.cc:1197]712583 rtMemcpy:ErrCode=107030, desc=[the current capture mode does not support this operation], InnerCode=0x703001c
[ERROR] RUNTIME(712583,):2026-01-15-10:29:47.001.815 [error_message_manage.cc:53]712583 FuncErrorReason:report error module_type=3, module_name=EE8888
[ERROR] RUNTIME(712583,):2026-01-15-10:29:47.001.817 [error_message_manage.cc:53]712583 FuncErrorReason:rtMemcpy execute failed, reason=[the current capture mode does not support this operation]
[ERROR] ASCENDCL(712583,):2026-01-15-10:29:47.002.018 [memory.cpp:437]712583 aclrtMemcpyImpl: synchronized memcpy failed, kind = 1, runtime result = 107030
[ERROR] RUNTIME(712583,):2026-01-15-10:29:47.071.291 [api_error.cc:1519]712583 MemCopySync:Memory copy sync failed, cnt=416, kind=1.
[ERROR] RUNTIME(712583,):2026-01-15-10:29:47.071.300 [api_c.cc:1197]712583 rtMemcpy:ErrCode=107030, desc=[the current capture mode does not support this operation], InnerCode=0x703001c
[ERROR] RUNTIME(712583,):2026-01-15-10:29:47.071.303 [error_message_manage.cc:53]712583 FuncErrorReason:report error module_type=3, module_name=EE8888
[ERROR] RUNTIME(712583,):2026-01-15-10:29:47.071.306 [error_message_manage.cc:53]712583 FuncErrorReason:rtMemcpy execute failed, reason=[the current capture mode does not support this operation]
[ERROR] ASCENDCL(712583,):2026-01-15-10:29:47.071.528 [memory.cpp:437]712583 aclrtMemcpyImpl: synchronized memcpy failed, kind = 1, runtime result = 107030
[ERROR] RUNTIME(712583,):2026-01-15-10:29:47.136.473 [api_error.cc:1519]712583 MemCopySync:Memory copy sync failed, cnt=72, kind=1.
[ERROR] RUNTIME(712583,):2026-01-15-10:29:47.136.481 [api_c.cc:1197]712583 rtMemcpy:ErrCode=107030, desc=[the current capture mode does not support this operation], InnerCode=0x703001c
[ERROR] RUNTIME(712583,):2026-01-15-10:29:47.136.483 [error_message_manage.cc:53]712583 FuncErrorReason:report error module_type=3, module_name=EE8888
[ERROR] RUNTIME(712583,):2026-01-15-10:29:47.136.486 [error_message_manage.cc:53]712583 FuncErrorReason:rtMemcpy execute failed, reason=[the current capture mode does not support this operation]
[ERROR] ASCENDCL(712583,):2026-01-15-10:29:47.136.753 [memory.cpp:437]712583 aclrtMemcpyImpl: synchronized memcpy failed, kind = 1, runtime result = 107030
[ERROR] RUNTIME(712583,):2026-01-15-10:29:47.205.476 [api_error.cc:1519]712583 MemCopySync:Memory copy sync failed, cnt=416, kind=1.
[ERROR] RUNTIME(712583,):2026-01-15-10:29:47.205.485 [api_c.cc:1197]712583 rtMemcpy:ErrCode=107030, desc=[the current capture mode does not support this operation], InnerCode=0x703001c
[ERROR] RUNTIME(712583,):2026-01-15-10:29:47.205.488 [error_message_manage.cc:53]712583 FuncErrorReason:report error module_type=3, module_name=EE8888
[ERROR] RUNTIME(712583,):2026-01-15-10:29:47.205.490 [error_message_manage.cc:53]712583 FuncErrorReason:rtMemcpy execute failed, reason=[the current capture mode does not support this operation]
[ERROR] ASCENDCL(712583,):2026-01-15-10:29:47.205.744 [memory.cpp:437]712583 aclrtMemcpyImpl: synchronized memcpy failed, kind = 1, runtime result = 107030
[ERROR] RUNTIME(712583,):2026-01-15-10:29:47.266.998 [api_error.cc:1519]712583 MemCopySync:Memory copy sync failed, cnt=72, kind=1.
[ERROR] RUNTIME(712583,):2026-01-15-10:29:47.267.006 [api_c.cc:1197]712583 rtMemcpy:ErrCode=107030, desc=[the current capture mode does not support this operation], InnerCode=0x703001c
[ERROR] RUNTIME(712583,):2026-01-15-10:29:47.267.009 [error_message_manage.cc:53]712583 FuncErrorReason:report error module_type=3, module_name=EE8888
[ERROR] RUNTIME(712583,):2026-01-15-10:29:47.267.011 [error_message_manage.cc:53]712583 FuncErrorReason:rtMemcpy execute failed, reason=[the current capture mode does not support this operation]
[ERROR] ASCENDCL(712583,):2026-01-15-10:29:47.267.220 [memory.cpp:437]712583 aclrtMemcpyImpl: synchronized memcpy failed, kind = 1, runtime result = 107030
[ERROR] RUNTIME(712583,):2026-01-15-10:29:47.333.734 [api_error.cc:1519]712583 MemCopySync:Memory copy sync failed, cnt=416, kind=1.
[ERROR] RUNTIME(712583,):2026-01-15-10:29:47.333.743 [api_c.cc:1197]712583 rtMemcpy:ErrCode=107030, desc=[the current capture mode does not support this operation], InnerCode=0x703001c
[ERROR] RUNTIME(712583,):2026-01-15-10:29:47.333.746 [error_message_manage.cc:53]712583 FuncErrorReason:report error module_type=3, module_name=EE8888
[ERROR] RUNTIME(712583,):2026-01-15-10:29:47.333.749 [error_message_manage.cc:53]712583 FuncErrorReason:rtMemcpy execute failed, reason=[the current capture mode does not support this operation]
[ERROR] ASCENDCL(712583,):2026-01-15-10:29:47.334.041 [memory.cpp:437]712583 aclrtMemcpyImpl: synchronized memcpy failed, kind = 1, runtime result = 107030
[ERROR] RUNTIME(712583,):2026-01-15-10:29:47.400.494 [api_error.cc:1519]712583 MemCopySync:Memory copy sync failed, cnt=72, kind=1.
[ERROR] RUNTIME(712583,):2026-01-15-10:29:47.400.503 [api_c.cc:1197]712583 rtMemcpy:ErrCode=107030, desc=[the current capture mode does not support this operation], InnerCode=0x703001c
[ERROR] RUNTIME(712583,):2026-01-15-10:29:47.400.505 [error_message_manage.cc:53]712583 FuncErrorReason:report error module_type=3, module_name=EE8888
[ERROR] RUNTIME(712583,):2026-01-15-10:29:47.400.508 [error_message_manage.cc:53]712583 FuncErrorReason:rtMemcpy execute failed, reason=[the current capture mode does not support this operation]
[ERROR] ASCENDCL(712583,):2026-01-15-10:29:47.400.735 [memory.cpp:437]712583 aclrtMemcpyImpl: synchronized memcpy failed, kind = 1, runtime result = 107030
[ERROR] RUNTIME(712583,):2026-01-15-10:29:47.464.925 [api_error.cc:1519]712583 MemCopySync:Memory copy sync failed, cnt=416, kind=1.
[ERROR] RUNTIME(712583,):2026-01-15-10:29:47.464.935 [api_c.cc:1197]712583 rtMemcpy:ErrCode=107030, desc=[the current capture mode does not support this operation], InnerCode=0x703001c
[ERROR] RUNTIME(712583,):2026-01-15-10:29:47.464.937 [error_message_manage.cc:53]712583 FuncErrorReason:report error module_type=3, module_name=EE8888
[ERROR] RUNTIME(712583,):2026-01-15-10:29:47.464.940 [error_message_manage.cc:53]712583 FuncErrorReason:rtMemcpy execute failed, reason=[the current capture mode does not support this operation]
[ERROR] ASCENDCL(712583,):2026-01-15-10:29:47.465.173 [memory.cpp:437]712583 aclrtMemcpyImpl: synchronized memcpy failed, kind = 1, runtime result = 107030
[ERROR] RUNTIME(712583,):2026-01-15-10:29:47.529.321 [api_error.cc:1519]712583 MemCopySync:Memory copy sync failed, cnt=72, kind=1.
[ERROR] RUNTIME(712583,):2026-01-15-10:29:47.529.330 [api_c.cc:1197]712583 rtMemcpy:ErrCode=107030, desc=[the current capture mode does not support this operation], InnerCode=0x703001c
[ERROR] RUNTIME(712583,):2026-01-15-10:29:47.529.332 [error_message_manage.cc:53]712583 FuncErrorReason:report error module_type=3, module_name=EE8888
[ERROR] RUNTIME(712583,):2026-01-15-10:29:47.529.335 [error_message_manage.cc:53]712583 FuncErrorReason:rtMemcpy execute failed, reason=[the current capture mode does not support this operation]
[ERROR] ASCENDCL(712583,):2026-01-15-10:29:47.529.598 [memory.cpp:437]712583 aclrtMemcpyImpl: synchronized memcpy failed, kind = 1, runtime result = 107030
[ERROR] RUNTIME(712583,):2026-01-15-10:29:47.600.766 [api_error.cc:1519]712583 MemCopySync:Memory copy sync failed, cnt=416, kind=1.
[ERROR] RUNTIME(712583,):2026-01-15-10:29:47.600.775 [api_c.cc:1197]712583 rtMemcpy:ErrCode=107030, desc=[the current capture mode does not support this operation], InnerCode=0x703001c
[ERROR] RUNTIME(712583,):2026-01-15-10:29:47.600.777 [error_message_manage.cc:53]712583 FuncErrorReason:report error module_type=3, module_name=EE8888
[ERROR] RUNTIME(712583,):2026-01-15-10:29:47.600.780 [error_message_manage.cc:53]712583 FuncErrorReason:rtMemcpy execute failed, reason=[the current capture mode does not support this operation]
[ERROR] ASCENDCL(712583,):2026-01-15-10:29:47.601.019 [memory.cpp:437]712583 aclrtMemcpyImpl: synchronized memcpy failed, kind = 1, runtime result = 107030
[ERROR] RUNTIME(712583,):2026-01-15-10:29:47.658.934 [api_error.cc:1519]712583 MemCopySync:Memory copy sync failed, cnt=72, kind=1.
[ERROR] RUNTIME(712583,):2026-01-15-10:29:47.658.942 [api_c.cc:1197]712583 rtMemcpy:ErrCode=107030, desc=[the current capture mode does not support this operation], InnerCode=0x703001c
[ERROR] RUNTIME(712583,):2026-01-15-10:29:47.658.944 [error_message_manage.cc:53]712583 FuncErrorReason:report error module_type=3, module_name=EE8888
[ERROR] RUNTIME(712583,):2026-01-15-10:29:47.658.947 [error_message_manage.cc:53]712583 FuncErrorReason:rtMemcpy execute failed, reason=[the current capture mode does not support this operation]
[ERROR] ASCENDCL(712583,):2026-01-15-10:29:47.659.139 [memory.cpp:437]712583 aclrtMemcpyImpl: synchronized memcpy failed, kind = 1, runtime result = 107030
[ERROR] RUNTIME(712583,):2026-01-15-10:29:47.715.610 [api_error.cc:1519]712583 MemCopySync:Memory copy sync failed, cnt=416, kind=1.
[ERROR] RUNTIME(712583,):2026-01-15-10:29:47.715.620 [api_c.cc:1197]712583 rtMemcpy:ErrCode=107030, desc=[the current capture mode does not support this operation], InnerCode=0x703001c
[ERROR] RUNTIME(712583,):2026-01-15-10:29:47.715.622 [error_message_manage.cc:53]712583 FuncErrorReason:report error module_type=3, module_name=EE8888
[ERROR] RUNTIME(712583,):2026-01-15-10:29:47.715.625 [error_message_manage.cc:53]712583 FuncErrorReason:rtMemcpy execute failed, reason=[the current capture mode does not support this operation]
[ERROR] ASCENDCL(712583,):2026-01-15-10:29:47.715.913 [memory.cpp:437]712583 aclrtMemcpyImpl: synchronized memcpy failed, kind = 1, runtime result = 107030
[ERROR] RUNTIME(712583,):2026-01-15-10:29:47.771.298 [api_error.cc:1519]712583 MemCopySync:Memory copy sync failed, cnt=72, kind=1.
[ERROR] RUNTIME(712583,):2026-01-15-10:29:47.771.306 [api_c.cc:1197]712583 rtMemcpy:ErrCode=107030, desc=[the current capture mode does not support this operation], InnerCode=0x703001c
[ERROR] RUNTIME(712583,):2026-01-15-10:29:47.771.308 [error_message_manage.cc:53]712583 FuncErrorReason:report error module_type=3, module_name=EE8888
[ERROR] RUNTIME(712583,):2026-01-15-10:29:47.771.311 [error_message_manage.cc:53]712583 FuncErrorReason:rtMemcpy execute failed, reason=[the current capture mode does not support this operation]
[ERROR] ASCENDCL(712583,):2026-01-15-10:29:47.771.587 [memory.cpp:437]712583 aclrtMemcpyImpl: synchronized memcpy failed, kind = 1, runtime result = 107030
[ERROR] RUNTIME(712583,):2026-01-15-10:29:47.845.392 [api_error.cc:1519]712583 MemCopySync:Memory copy sync failed, cnt=416, kind=1.
[ERROR] RUNTIME(712583,):2026-01-15-10:29:47.845.401 [api_c.cc:1197]712583 rtMemcpy:ErrCode=107030, desc=[the current capture mode does not support this operation], InnerCode=0x703001c
[ERROR] RUNTIME(712583,):2026-01-15-10:29:47.845.404 [error_message_manage.cc:53]712583 FuncErrorReason:report error module_type=3, module_name=EE8888
[ERROR] RUNTIME(712583,):2026-01-15-10:29:47.845.407 [error_message_manage.cc:53]712583 FuncErrorReason:rtMemcpy execute failed, reason=[the current capture mode does not support this operation]
[ERROR] ASCENDCL(712583,):2026-01-15-10:29:47.845.650 [memory.cpp:437]712583 aclrtMemcpyImpl: synchronized memcpy failed, kind = 1, runtime result = 107030
[ERROR] RUNTIME(712583,):2026-01-15-10:29:47.904.946 [api_error.cc:1519]712583 MemCopySync:Memory copy sync failed, cnt=72, kind=1.
[ERROR] RUNTIME(712583,):2026-01-15-10:29:47.904.954 [api_c.cc:1197]712583 rtMemcpy:ErrCode=107030, desc=[the current capture mode does not support this operation], InnerCode=0x703001c
[ERROR] RUNTIME(712583,):2026-01-15-10:29:47.904.956 [error_message_manage.cc:53]712583 FuncErrorReason:report error module_type=3, module_name=EE8888
[ERROR] RUNTIME(712583,):2026-01-15-10:29:47.904.959 [error_message_manage.cc:53]712583 FuncErrorReason:rtMemcpy execute failed, reason=[the current capture mode does not support this operation]
[ERROR] ASCENDCL(712583,):2026-01-15-10:29:47.905.242 [memory.cpp:437]712583 aclrtMemcpyImpl: synchronized memcpy failed, kind = 1, runtime result = 107030
[ERROR] RUNTIME(712583,):2026-01-15-10:29:47.963.793 [api_error.cc:1519]712583 MemCopySync:Memory copy sync failed, cnt=416, kind=1.
[ERROR] RUNTIME(712583,):2026-01-15-10:29:47.963.802 [api_c.cc:1197]712583 rtMemcpy:ErrCode=107030, desc=[the current capture mode does not support this operation], InnerCode=0x703001c
[ERROR] RUNTIME(712583,):2026-01-15-10:29:47.963.805 [error_message_manage.cc:53]712583 FuncErrorReason:report error module_type=3, module_name=EE8888
[ERROR] RUNTIME(712583,):2026-01-15-10:29:47.963.808 [error_message_manage.cc:53]712583 FuncErrorReason:rtMemcpy execute failed, reason=[the current capture mode does not support this operation]
[ERROR] ASCENDCL(712583,):2026-01-15-10:29:47.964.012 [memory.cpp:437]712583 aclrtMemcpyImpl: synchronized memcpy failed, kind = 1, runtime result = 107030
[ERROR] RUNTIME(712583,):2026-01-15-10:29:48.026.070 [api_error.cc:1519]712583 MemCopySync:Memory copy sync failed, cnt=72, kind=1.
[ERROR] RUNTIME(712583,):2026-01-15-10:29:48.026.078 [api_c.cc:1197]712583 rtMemcpy:ErrCode=107030, desc=[the current capture mode does not support this operation], InnerCode=0x703001c
[ERROR] RUNTIME(712583,):2026-01-15-10:29:48.026.081 [error_message_manage.cc:53]712583 FuncErrorReason:report error module_type=3, module_name=EE8888
[ERROR] RUNTIME(712583,):2026-01-15-10:29:48.026.083 [error_message_manage.cc:53]712583 FuncErrorReason:rtMemcpy execute failed, reason=[the current capture mode does not support this operation]
[ERROR] ASCENDCL(712583,):2026-01-15-10:29:48.026.292 [memory.cpp:437]712583 aclrtMemcpyImpl: synchronized memcpy failed, kind = 1, runtime result = 107030
[ERROR] RUNTIME(712583,):2026-01-15-10:29:48.091.611 [api_error.cc:1519]712583 MemCopySync:Memory copy sync failed, cnt=416, kind=1.
[ERROR] RUNTIME(712583,):2026-01-15-10:29:48.091.620 [api_c.cc:1197]712583 rtMemcpy:ErrCode=107030, desc=[the current capture mode does not support this operation], InnerCode=0x703001c
[ERROR] RUNTIME(712583,):2026-01-15-10:29:48.091.623 [error_message_manage.cc:53]712583 FuncErrorReason:report error module_type=3, module_name=EE8888
[ERROR] RUNTIME(712583,):2026-01-15-10:29:48.091.626 [error_message_manage.cc:53]712583 FuncErrorReason:rtMemcpy execute failed, reason=[the current capture mode does not support this operation]
[ERROR] ASCENDCL(712583,):2026-01-15-10:29:48.091.856 [memory.cpp:437]712583 aclrtMemcpyImpl: synchronized memcpy failed, kind = 1, runtime result = 107030
[ERROR] RUNTIME(712583,):2026-01-15-10:29:48.155.389 [api_error.cc:1519]712583 MemCopySync:Memory copy sync failed, cnt=72, kind=1.
[ERROR] RUNTIME(712583,):2026-01-15-10:29:48.155.397 [api_c.cc:1197]712583 rtMemcpy:ErrCode=107030, desc=[the current capture mode does not support this operation], InnerCode=0x703001c
[ERROR] RUNTIME(712583,):2026-01-15-10:29:48.155.399 [error_message_manage.cc:53]712583 FuncErrorReason:report error module_type=3, module_name=EE8888
[ERROR] RUNTIME(712583,):2026-01-15-10:29:48.155.402 [error_message_manage.cc:53]712583 FuncErrorReason:rtMemcpy execute failed, reason=[the current capture mode does not support this operation]
[ERROR] ASCENDCL(712583,):2026-01-15-10:29:48.155.667 [memory.cpp:437]712583 aclrtMemcpyImpl: synchronized memcpy failed, kind = 1, runtime result = 107030
[ERROR] RUNTIME(712583,):2026-01-15-10:29:48.222.045 [api_error.cc:1519]712583 MemCopySync:Memory copy sync failed, cnt=416, kind=1.
[ERROR] RUNTIME(712583,):2026-01-15-10:29:48.222.054 [api_c.cc:1197]712583 rtMemcpy:ErrCode=107030, desc=[the current capture mode does not support this operation], InnerCode=0x703001c
[ERROR] RUNTIME(712583,):2026-01-15-10:29:48.222.057 [error_message_manage.cc:53]712583 FuncErrorReason:report error module_type=3, module_name=EE8888
[ERROR] RUNTIME(712583,):2026-01-15-10:29:48.222.059 [error_message_manage.cc:53]712583 FuncErrorReason:rtMemcpy execute failed, reason=[the current capture mode does not support this operation]
[ERROR] ASCENDCL(712583,):2026-01-15-10:29:48.222.308 [memory.cpp:437]712583 aclrtMemcpyImpl: synchronized memcpy failed, kind = 1, runtime result = 107030
[ERROR] RUNTIME(712583,):2026-01-15-10:29:48.287.856 [api_error.cc:1519]712583 MemCopySync:Memory copy sync failed, cnt=72, kind=1.
[ERROR] RUNTIME(712583,):2026-01-15-10:29:48.287.865 [api_c.cc:1197]712583 rtMemcpy:ErrCode=107030, desc=[the current capture mode does not support this operation], InnerCode=0x703001c
[ERROR] RUNTIME(712583,):2026-01-15-10:29:48.287.868 [error_message_manage.cc:53]712583 FuncErrorReason:report error module_type=3, module_name=EE8888
[ERROR] RUNTIME(712583,):2026-01-15-10:29:48.287.871 [error_message_manage.cc:53]712583 FuncErrorReason:rtMemcpy execute failed, reason=[the current capture mode does not support this operation]
[ERROR] ASCENDCL(712583,):2026-01-15-10:29:48.288.077 [memory.cpp:437]712583 aclrtMemcpyImpl: synchronized memcpy failed, kind = 1, runtime result = 107030
[ERROR] RUNTIME(712583,):2026-01-15-10:29:48.355.946 [api_error.cc:1519]712583 MemCopySync:Memory copy sync failed, cnt=416, kind=1.
[ERROR] RUNTIME(712583,):2026-01-15-10:29:48.355.955 [api_c.cc:1197]712583 rtMemcpy:ErrCode=107030, desc=[the current capture mode does not support this operation], InnerCode=0x703001c
[ERROR] RUNTIME(712583,):2026-01-15-10:29:48.355.957 [error_message_manage.cc:53]712583 FuncErrorReason:report error module_type=3, module_name=EE8888
[ERROR] RUNTIME(712583,):2026-01-15-10:29:48.355.960 [error_message_manage.cc:53]712583 FuncErrorReason:rtMemcpy execute failed, reason=[the current capture mode does not support this operation]
[ERROR] ASCENDCL(712583,):2026-01-15-10:29:48.356.224 [memory.cpp:437]712583 aclrtMemcpyImpl: synchronized memcpy failed, kind = 1, runtime result = 107030
[ERROR] RUNTIME(712583,):2026-01-15-10:29:48.424.377 [api_error.cc:1519]712583 MemCopySync:Memory copy sync failed, cnt=72, kind=1.
[ERROR] RUNTIME(712583,):2026-01-15-10:29:48.424.386 [api_c.cc:1197]712583 rtMemcpy:ErrCode=107030, desc=[the current capture mode does not support this operation], InnerCode=0x703001c
[ERROR] RUNTIME(712583,):2026-01-15-10:29:48.424.388 [error_message_manage.cc:53]712583 FuncErrorReason:report error module_type=3, module_name=EE8888
[ERROR] RUNTIME(712583,):2026-01-15-10:29:48.424.391 [error_message_manage.cc:53]712583 FuncErrorReason:rtMemcpy execute failed, reason=[the current capture mode does not support this operation]
[ERROR] ASCENDCL(712583,):2026-01-15-10:29:48.424.598 [memory.cpp:437]712583 aclrtMemcpyImpl: synchronized memcpy failed, kind = 1, runtime result = 107030
[ERROR] RUNTIME(712583,):2026-01-15-10:29:48.491.398 [api_error.cc:1519]712583 MemCopySync:Memory copy sync failed, cnt=416, kind=1.
[ERROR] RUNTIME(712583,):2026-01-15-10:29:48.491.427 [api_c.cc:1197]712583 rtMemcpy:ErrCode=107030, desc=[the current capture mode does not support this operation], InnerCode=0x703001c
[ERROR] RUNTIME(712583,):2026-01-15-10:29:48.491.430 [error_message_manage.cc:53]712583 FuncErrorReason:report error module_type=3, module_name=EE8888
[ERROR] RUNTIME(712583,):2026-01-15-10:29:48.491.433 [error_message_manage.cc:53]712583 FuncErrorReason:rtMemcpy execute failed, reason=[the current capture mode does not support this operation]
[ERROR] ASCENDCL(712583,):2026-01-15-10:29:48.491.624 [memory.cpp:437]712583 aclrtMemcpyImpl: synchronized memcpy failed, kind = 1, runtime result = 107030
[ERROR] RUNTIME(712583,):2026-01-15-10:29:48.556.167 [api_error.cc:1519]712583 MemCopySync:Memory copy sync failed, cnt=72, kind=1.
[ERROR] RUNTIME(712583,):2026-01-15-10:29:48.556.176 [api_c.cc:1197]712583 rtMemcpy:ErrCode=107030, desc=[the current capture mode does not support this operation], InnerCode=0x703001c
[ERROR] RUNTIME(712583,):2026-01-15-10:29:48.556.178 [error_message_manage.cc:53]712583 FuncErrorReason:report error module_type=3, module_name=EE8888
[ERROR] RUNTIME(712583,):2026-01-15-10:29:48.556.181 [error_message_manage.cc:53]712583 FuncErrorReason:rtMemcpy execute failed, reason=[the current capture mode does not support this operation]
[ERROR] ASCENDCL(712583,):2026-01-15-10:29:48.556.508 [memory.cpp:437]712583 aclrtMemcpyImpl: synchronized memcpy failed, kind = 1, runtime result = 107030
[ERROR] RUNTIME(712583,):2026-01-15-10:29:48.620.970 [api_error.cc:1519]712583 MemCopySync:Memory copy sync failed, cnt=416, kind=1.
[ERROR] RUNTIME(712583,):2026-01-15-10:29:48.620.980 [api_c.cc:1197]712583 rtMemcpy:ErrCode=107030, desc=[the current capture mode does not support this operation], InnerCode=0x703001c
[ERROR] RUNTIME(712583,):2026-01-15-10:29:48.620.982 [error_message_manage.cc:53]712583 FuncErrorReason:report error module_type=3, module_name=EE8888
[ERROR] RUNTIME(712583,):2026-01-15-10:29:48.620.985 [error_message_manage.cc:53]712583 FuncErrorReason:rtMemcpy execute failed, reason=[the current capture mode does not support this operation]
[ERROR] ASCENDCL(712583,):2026-01-15-10:29:48.621.191 [memory.cpp:437]712583 aclrtMemcpyImpl: synchronized memcpy failed, kind = 1, runtime result = 107030
[ERROR] RUNTIME(712583,):2026-01-15-10:29:48.682.708 [api_error.cc:1519]712583 MemCopySync:Memory copy sync failed, cnt=72, kind=1.
[ERROR] RUNTIME(712583,):2026-01-15-10:29:48.682.717 [api_c.cc:1197]712583 rtMemcpy:ErrCode=107030, desc=[the current capture mode does not support this operation], InnerCode=0x703001c
[ERROR] RUNTIME(712583,):2026-01-15-10:29:48.682.719 [error_message_manage.cc:53]712583 FuncErrorReason:report error module_type=3, module_name=EE8888
[ERROR] RUNTIME(712583,):2026-01-15-10:29:48.682.722 [error_message_manage.cc:53]712583 FuncErrorReason:rtMemcpy execute failed, reason=[the current capture mode does not support this operation]
[ERROR] ASCENDCL(712583,):2026-01-15-10:29:48.682.926 [memory.cpp:437]712583 aclrtMemcpyImpl: synchronized memcpy failed, kind = 1, runtime result = 107030
[ERROR] RUNTIME(712583,):2026-01-15-10:29:48.756.196 [api_error.cc:1519]712583 MemCopySync:Memory copy sync failed, cnt=416, kind=1.
[ERROR] RUNTIME(712583,):2026-01-15-10:29:48.756.206 [api_c.cc:1197]712583 rtMemcpy:ErrCode=107030, desc=[the current capture mode does not support this operation], InnerCode=0x703001c
[ERROR] RUNTIME(712583,):2026-01-15-10:29:48.756.208 [error_message_manage.cc:53]712583 FuncErrorReason:report error module_type=3, module_name=EE8888
[ERROR] RUNTIME(712583,):2026-01-15-10:29:48.756.211 [error_message_manage.cc:53]712583 FuncErrorReason:rtMemcpy execute failed, reason=[the current capture mode does not support this operation]
[ERROR] ASCENDCL(712583,):2026-01-15-10:29:48.756.454 [memory.cpp:437]712583 aclrtMemcpyImpl: synchronized memcpy failed, kind = 1, runtime result = 107030
[ERROR] RUNTIME(712583,):2026-01-15-10:29:48.817.043 [api_error.cc:1519]712583 MemCopySync:Memory copy sync failed, cnt=72, kind=1.
[ERROR] RUNTIME(712583,):2026-01-15-10:29:48.817.051 [api_c.cc:1197]712583 rtMemcpy:ErrCode=107030, desc=[the current capture mode does not support this operation], InnerCode=0x703001c
[ERROR] RUNTIME(712583,):2026-01-15-10:29:48.817.053 [error_message_manage.cc:53]712583 FuncErrorReason:report error module_type=3, module_name=EE8888
[ERROR] RUNTIME(712583,):2026-01-15-10:29:48.817.056 [error_message_manage.cc:53]712583 FuncErrorReason:rtMemcpy execute failed, reason=[the current capture mode does not support this operation]
[ERROR] ASCENDCL(712583,):2026-01-15-10:29:48.817.265 [memory.cpp:437]712583 aclrtMemcpyImpl: synchronized memcpy failed, kind = 1, runtime result = 107030
[ERROR] RUNTIME(712583,):2026-01-15-10:29:48.884.084 [api_error.cc:1519]712583 MemCopySync:Memory copy sync failed, cnt=416, kind=1.
[ERROR] RUNTIME(712583,):2026-01-15-10:29:48.884.093 [api_c.cc:1197]712583 rtMemcpy:ErrCode=107030, desc=[the current capture mode does not support this operation], InnerCode=0x703001c
[ERROR] RUNTIME(712583,):2026-01-15-10:29:48.884.096 [error_message_manage.cc:53]712583 FuncErrorReason:report error module_type=3, module_name=EE8888
[ERROR] RUNTIME(712583,):2026-01-15-10:29:48.884.099 [error_message_manage.cc:53]712583 FuncErrorReason:rtMemcpy execute failed, reason=[the current capture mode does not support this operation]
[ERROR] ASCENDCL(712583,):2026-01-15-10:29:48.884.331 [memory.cpp:437]712583 aclrtMemcpyImpl: synchronized memcpy failed, kind = 1, runtime result = 107030
[ERROR] RUNTIME(712583,):2026-01-15-10:29:48.949.687 [api_error.cc:1519]712583 MemCopySync:Memory copy sync failed, cnt=72, kind=1.
[ERROR] RUNTIME(712583,):2026-01-15-10:29:48.949.695 [api_c.cc:1197]712583 rtMemcpy:ErrCode=107030, desc=[the current capture mode does not support this operation], InnerCode=0x703001c
[ERROR] RUNTIME(712583,):2026-01-15-10:29:48.949.698 [error_message_manage.cc:53]712583 FuncErrorReason:report error module_type=3, module_name=EE8888
[ERROR] RUNTIME(712583,):2026-01-15-10:29:48.949.700 [error_message_manage.cc:53]712583 FuncErrorReason:rtMemcpy execute failed, reason=[the current capture mode does not support this operation]
[ERROR] ASCENDCL(712583,):2026-01-15-10:29:48.949.917 [memory.cpp:437]712583 aclrtMemcpyImpl: synchronized memcpy failed, kind = 1, runtime result = 107030
[ERROR] RUNTIME(712583,):2026-01-15-10:29:49.013.790 [api_error.cc:1519]712583 MemCopySync:Memory copy sync failed, cnt=416, kind=1.
[ERROR] RUNTIME(712583,):2026-01-15-10:29:49.013.799 [api_c.cc:1197]712583 rtMemcpy:ErrCode=107030, desc=[the current capture mode does not support this operation], InnerCode=0x703001c
[ERROR] RUNTIME(712583,):2026-01-15-10:29:49.013.802 [error_message_manage.cc:53]712583 FuncErrorReason:report error module_type=3, module_name=EE8888
[ERROR] RUNTIME(712583,):2026-01-15-10:29:49.013.805 [error_message_manage.cc:53]712583 FuncErrorReason:rtMemcpy execute failed, reason=[the current capture mode does not support this operation]
[ERROR] ASCENDCL(712583,):2026-01-15-10:29:49.014.080 [memory.cpp:437]712583 aclrtMemcpyImpl: synchronized memcpy failed, kind = 1, runtime result = 107030
[ERROR] RUNTIME(712583,):2026-01-15-10:29:49.083.934 [api_error.cc:1519]712583 MemCopySync:Memory copy sync failed, cnt=72, kind=1.
[ERROR] RUNTIME(712583,):2026-01-15-10:29:49.083.942 [api_c.cc:1197]712583 rtMemcpy:ErrCode=107030, desc=[the current capture mode does not support this operation], InnerCode=0x703001c
[ERROR] RUNTIME(712583,):2026-01-15-10:29:49.083.945 [error_message_manage.cc:53]712583 FuncErrorReason:report error module_type=3, module_name=EE8888
[ERROR] RUNTIME(712583,):2026-01-15-10:29:49.083.948 [error_message_manage.cc:53]712583 FuncErrorReason:rtMemcpy execute failed, reason=[the current capture mode does not support this operation]
[ERROR] ASCENDCL(712583,):2026-01-15-10:29:49.084.155 [memory.cpp:437]712583 aclrtMemcpyImpl: synchronized memcpy failed, kind = 1, runtime result = 107030
[ERROR] RUNTIME(712583,):2026-01-15-10:29:49.158.509 [api_error.cc:1519]712583 MemCopySync:Memory copy sync failed, cnt=416, kind=1.
[ERROR] RUNTIME(712583,):2026-01-15-10:29:49.158.517 [api_c.cc:1197]712583 rtMemcpy:ErrCode=107030, desc=[the current capture mode does not support this operation], InnerCode=0x703001c
[ERROR] RUNTIME(712583,):2026-01-15-10:29:49.158.520 [error_message_manage.cc:53]712583 FuncErrorReason:report error module_type=3, module_name=EE8888
[ERROR] RUNTIME(712583,):2026-01-15-10:29:49.158.523 [error_message_manage.cc:53]712583 FuncErrorReason:rtMemcpy execute failed, reason=[the current capture mode does not support this operation]
[ERROR] ASCENDCL(712583,):2026-01-15-10:29:49.158.738 [memory.cpp:437]712583 aclrtMemcpyImpl: synchronized memcpy failed, kind = 1, runtime result = 107030
[ERROR] RUNTIME(712583,):2026-01-15-10:29:49.228.934 [api_error.cc:1519]712583 MemCopySync:Memory copy sync failed, cnt=72, kind=1.
[ERROR] RUNTIME(712583,):2026-01-15-10:29:49.228.942 [api_c.cc:1197]712583 rtMemcpy:ErrCode=107030, desc=[the current capture mode does not support this operation], InnerCode=0x703001c
[ERROR] RUNTIME(712583,):2026-01-15-10:29:49.228.945 [error_message_manage.cc:53]712583 FuncErrorReason:report error module_type=3, module_name=EE8888
[ERROR] RUNTIME(712583,):2026-01-15-10:29:49.228.948 [error_message_manage.cc:53]712583 FuncErrorReason:rtMemcpy execute failed, reason=[the current capture mode does not support this operation]
[ERROR] ASCENDCL(712583,):2026-01-15-10:29:49.229.267 [memory.cpp:437]712583 aclrtMemcpyImpl: synchronized memcpy failed, kind = 1, runtime result = 107030
[ERROR] RUNTIME(712583,):2026-01-15-10:29:49.303.326 [api_error.cc:1519]712583 MemCopySync:Memory copy sync failed, cnt=416, kind=1.
[ERROR] RUNTIME(712583,):2026-01-15-10:29:49.303.335 [api_c.cc:1197]712583 rtMemcpy:ErrCode=107030, desc=[the current capture mode does not support this operation], InnerCode=0x703001c
[ERROR] RUNTIME(712583,):2026-01-15-10:29:49.303.338 [error_message_manage.cc:53]712583 FuncErrorReason:report error module_type=3, module_name=EE8888
[ERROR] RUNTIME(712583,):2026-01-15-10:29:49.303.341 [error_message_manage.cc:53]712583 FuncErrorReason:rtMemcpy execute failed, reason=[the current capture mode does not support this operation]
[ERROR] ASCENDCL(712583,):2026-01-15-10:29:49.303.612 [memory.cpp:437]712583 aclrtMemcpyImpl: synchronized memcpy failed, kind = 1, runtime result = 107030
[ERROR] RUNTIME(712583,):2026-01-15-10:29:49.362.065 [api_error.cc:1519]712583 MemCopySync:Memory copy sync failed, cnt=72, kind=1.
[ERROR] RUNTIME(712583,):2026-01-15-10:29:49.362.073 [api_c.cc:1197]712583 rtMemcpy:ErrCode=107030, desc=[the current capture mode does not support this operation], InnerCode=0x703001c
[ERROR] RUNTIME(712583,):2026-01-15-10:29:49.362.075 [error_message_manage.cc:53]712583 FuncErrorReason:report error module_type=3, module_name=EE8888
[ERROR] RUNTIME(712583,):2026-01-15-10:29:49.362.078 [error_message_manage.cc:53]712583 FuncErrorReason:rtMemcpy execute failed, reason=[the current capture mode does not support this operation]
[ERROR] ASCENDCL(712583,):2026-01-15-10:29:49.362.322 [memory.cpp:437]712583 aclrtMemcpyImpl: synchronized memcpy failed, kind = 1, runtime result = 107030
[ERROR] RUNTIME(712583,):2026-01-15-10:29:49.427.643 [api_error.cc:1519]712583 MemCopySync:Memory copy sync failed, cnt=416, kind=1.
[ERROR] RUNTIME(712583,):2026-01-15-10:29:49.427.652 [api_c.cc:1197]712583 rtMemcpy:ErrCode=107030, desc=[the current capture mode does not support this operation], InnerCode=0x703001c
[ERROR] RUNTIME(712583,):2026-01-15-10:29:49.427.655 [error_message_manage.cc:53]712583 FuncErrorReason:report error module_type=3, module_name=EE8888
[ERROR] RUNTIME(712583,):2026-01-15-10:29:49.427.657 [error_message_manage.cc:53]712583 FuncErrorReason:rtMemcpy execute failed, reason=[the current capture mode does not support this operation]
[ERROR] ASCENDCL(712583,):2026-01-15-10:29:49.427.837 [memory.cpp:437]712583 aclrtMemcpyImpl: synchronized memcpy failed, kind = 1, runtime result = 107030
[ERROR] RUNTIME(712583,):2026-01-15-10:29:49.490.617 [api_error.cc:1519]712583 MemCopySync:Memory copy sync failed, cnt=72, kind=1.
[ERROR] RUNTIME(712583,):2026-01-15-10:29:49.490.626 [api_c.cc:1197]712583 rtMemcpy:ErrCode=107030, desc=[the current capture mode does not support this operation], InnerCode=0x703001c
[ERROR] RUNTIME(712583,):2026-01-15-10:29:49.490.629 [error_message_manage.cc:53]712583 FuncErrorReason:report error module_type=3, module_name=EE8888
[ERROR] RUNTIME(712583,):2026-01-15-10:29:49.490.631 [error_message_manage.cc:53]712583 FuncErrorReason:rtMemcpy execute failed, reason=[the current capture mode does not support this operation]
[ERROR] ASCENDCL(712583,):2026-01-15-10:29:49.490.816 [memory.cpp:437]712583 aclrtMemcpyImpl: synchronized memcpy failed, kind = 1, runtime result = 107030
[ERROR] RUNTIME(712583,):2026-01-15-10:29:49.559.319 [api_error.cc:1519]712583 MemCopySync:Memory copy sync failed, cnt=416, kind=1.
[ERROR] RUNTIME(712583,):2026-01-15-10:29:49.559.328 [api_c.cc:1197]712583 rtMemcpy:ErrCode=107030, desc=[the current capture mode does not support this operation], InnerCode=0x703001c
[ERROR] RUNTIME(712583,):2026-01-15-10:29:49.559.330 [error_message_manage.cc:53]712583 FuncErrorReason:report error module_type=3, module_name=EE8888
[ERROR] RUNTIME(712583,):2026-01-15-10:29:49.559.333 [error_message_manage.cc:53]712583 FuncErrorReason:rtMemcpy execute failed, reason=[the current capture mode does not support this operation]
[ERROR] ASCENDCL(712583,):2026-01-15-10:29:49.559.622 [memory.cpp:437]712583 aclrtMemcpyImpl: synchronized memcpy failed, kind = 1, runtime result = 107030
[ERROR] RUNTIME(712583,):2026-01-15-10:29:49.622.248 [api_error.cc:1519]712583 MemCopySync:Memory copy sync failed, cnt=72, kind=1.
[ERROR] RUNTIME(712583,):2026-01-15-10:29:49.622.256 [api_c.cc:1197]712583 rtMemcpy:ErrCode=107030, desc=[the current capture mode does not support this operation], InnerCode=0x703001c
[ERROR] RUNTIME(712583,):2026-01-15-10:29:49.622.258 [error_message_manage.cc:53]712583 FuncErrorReason:report error module_type=3, module_name=EE8888
[ERROR] RUNTIME(712583,):2026-01-15-10:29:49.622.261 [error_message_manage.cc:53]712583 FuncErrorReason:rtMemcpy execute failed, reason=[the current capture mode does not support this operation]
[ERROR] ASCENDCL(712583,):2026-01-15-10:29:49.622.440 [memory.cpp:437]712583 aclrtMemcpyImpl: synchronized memcpy failed, kind = 1, runtime result = 107030
[ERROR] RUNTIME(712583,):2026-01-15-10:29:49.689.656 [api_error.cc:1519]712583 MemCopySync:Memory copy sync failed, cnt=416, kind=1.
[ERROR] RUNTIME(712583,):2026-01-15-10:29:49.689.666 [api_c.cc:1197]712583 rtMemcpy:ErrCode=107030, desc=[the current capture mode does not support this operation], InnerCode=0x703001c
[ERROR] RUNTIME(712583,):2026-01-15-10:29:49.689.669 [error_message_manage.cc:53]712583 FuncErrorReason:report error module_type=3, module_name=EE8888
[ERROR] RUNTIME(712583,):2026-01-15-10:29:49.689.672 [error_message_manage.cc:53]712583 FuncErrorReason:rtMemcpy execute failed, reason=[the current capture mode does not support this operation]
[ERROR] ASCENDCL(712583,):2026-01-15-10:29:49.689.872 [memory.cpp:437]712583 aclrtMemcpyImpl: synchronized memcpy failed, kind = 1, runtime result = 107030
[ERROR] RUNTIME(712583,):2026-01-15-10:29:49.755.184 [api_error.cc:1519]712583 MemCopySync:Memory copy sync failed, cnt=72, kind=1.
[ERROR] RUNTIME(712583,):2026-01-15-10:29:49.755.192 [api_c.cc:1197]712583 rtMemcpy:ErrCode=107030, desc=[the current capture mode does not support this operation], InnerCode=0x703001c
[ERROR] RUNTIME(712583,):2026-01-15-10:29:49.755.194 [error_message_manage.cc:53]712583 FuncErrorReason:report error module_type=3, module_name=EE8888
[ERROR] RUNTIME(712583,):2026-01-15-10:29:49.755.197 [error_message_manage.cc:53]712583 FuncErrorReason:rtMemcpy execute failed, reason=[the current capture mode does not support this operation]
[ERROR] ASCENDCL(712583,):2026-01-15-10:29:49.755.394 [memory.cpp:437]712583 aclrtMemcpyImpl: synchronized memcpy failed, kind = 1, runtime result = 107030
[ERROR] RUNTIME(712583,):2026-01-15-10:29:49.823.317 [api_error.cc:1519]712583 MemCopySync:Memory copy sync failed, cnt=416, kind=1.
[ERROR] RUNTIME(712583,):2026-01-15-10:29:49.823.326 [api_c.cc:1197]712583 rtMemcpy:ErrCode=107030, desc=[the current capture mode does not support this operation], InnerCode=0x703001c
[ERROR] RUNTIME(712583,):2026-01-15-10:29:49.823.329 [error_message_manage.cc:53]712583 FuncErrorReason:report error module_type=3, module_name=EE8888
[ERROR] RUNTIME(712583,):2026-01-15-10:29:49.823.331 [error_message_manage.cc:53]712583 FuncErrorReason:rtMemcpy execute failed, reason=[the current capture mode does not support this operation]
[ERROR] ASCENDCL(712583,):2026-01-15-10:29:49.823.677 [memory.cpp:437]712583 aclrtMemcpyImpl: synchronized memcpy failed, kind = 1, runtime result = 107030
[ERROR] RUNTIME(712583,):2026-01-15-10:29:49.890.390 [api_error.cc:1519]712583 MemCopySync:Memory copy sync failed, cnt=72, kind=1.
[ERROR] RUNTIME(712583,):2026-01-15-10:29:49.890.399 [api_c.cc:1197]712583 rtMemcpy:ErrCode=107030, desc=[the current capture mode does not support this operation], InnerCode=0x703001c
[ERROR] RUNTIME(712583,):2026-01-15-10:29:49.890.402 [error_message_manage.cc:53]712583 FuncErrorReason:report error module_type=3, module_name=EE8888
[ERROR] RUNTIME(712583,):2026-01-15-10:29:49.890.405 [error_message_manage.cc:53]712583 FuncErrorReason:rtMemcpy execute failed, reason=[the current capture mode does not support this operation]
[ERROR] ASCENDCL(712583,):2026-01-15-10:29:49.890.597 [memory.cpp:437]712583 aclrtMemcpyImpl: synchronized memcpy failed, kind = 1, runtime result = 107030
[ERROR] RUNTIME(712583,):2026-01-15-10:29:49.961.474 [api_error.cc:1519]712583 MemCopySync:Memory copy sync failed, cnt=416, kind=1.
[ERROR] RUNTIME(712583,):2026-01-15-10:29:49.961.483 [api_c.cc:1197]712583 rtMemcpy:ErrCode=107030, desc=[the current capture mode does not support this operation], InnerCode=0x703001c
[ERROR] RUNTIME(712583,):2026-01-15-10:29:49.961.486 [error_message_manage.cc:53]712583 FuncErrorReason:report error module_type=3, module_name=EE8888
[ERROR] RUNTIME(712583,):2026-01-15-10:29:49.961.489 [error_message_manage.cc:53]712583 FuncErrorReason:rtMemcpy execute failed, reason=[the current capture mode does not support this operation]
[ERROR] ASCENDCL(712583,):2026-01-15-10:29:49.961.727 [memory.cpp:437]712583 aclrtMemcpyImpl: synchronized memcpy failed, kind = 1, runtime result = 107030
[ERROR] RUNTIME(712583,):2026-01-15-10:29:50.029.945 [api_error.cc:1519]712583 MemCopySync:Memory copy sync failed, cnt=72, kind=1.
[ERROR] RUNTIME(712583,):2026-01-15-10:29:50.029.953 [api_c.cc:1197]712583 rtMemcpy:ErrCode=107030, desc=[the current capture mode does not support this operation], InnerCode=0x703001c
[ERROR] RUNTIME(712583,):2026-01-15-10:29:50.029.956 [error_message_manage.cc:53]712583 FuncErrorReason:report error module_type=3, module_name=EE8888
[ERROR] RUNTIME(712583,):2026-01-15-10:29:50.029.958 [error_message_manage.cc:53]712583 FuncErrorReason:rtMemcpy execute failed, reason=[the current capture mode does not support this operation]
[ERROR] ASCENDCL(712583,):2026-01-15-10:29:50.030.207 [memory.cpp:437]712583 aclrtMemcpyImpl: synchronized memcpy failed, kind = 1, runtime result = 107030
[ERROR] RUNTIME(712583,):2026-01-15-10:29:50.098.666 [api_error.cc:1519]712583 MemCopySync:Memory copy sync failed, cnt=416, kind=1.
[ERROR] RUNTIME(712583,):2026-01-15-10:29:50.098.675 [api_c.cc:1197]712583 rtMemcpy:ErrCode=107030, desc=[the current capture mode does not support this operation], InnerCode=0x703001c
[ERROR] RUNTIME(712583,):2026-01-15-10:29:50.098.677 [error_message_manage.cc:53]712583 FuncErrorReason:report error module_type=3, module_name=EE8888
[ERROR] RUNTIME(712583,):2026-01-15-10:29:50.098.680 [error_message_manage.cc:53]712583 FuncErrorReason:rtMemcpy execute failed, reason=[the current capture mode does not support this operation]
[ERROR] ASCENDCL(712583,):2026-01-15-10:29:50.098.870 [memory.cpp:437]712583 aclrtMemcpyImpl: synchronized memcpy failed, kind = 1, runtime result = 107030
[ERROR] RUNTIME(712583,):2026-01-15-10:29:50.160.338 [api_error.cc:1519]712583 MemCopySync:Memory copy sync failed, cnt=72, kind=1.
[ERROR] RUNTIME(712583,):2026-01-15-10:29:50.160.346 [api_c.cc:1197]712583 rtMemcpy:ErrCode=107030, desc=[the current capture mode does not support this operation], InnerCode=0x703001c
[ERROR] RUNTIME(712583,):2026-01-15-10:29:50.160.348 [error_message_manage.cc:53]712583 FuncErrorReason:report error module_type=3, module_name=EE8888
[ERROR] RUNTIME(712583,):2026-01-15-10:29:50.160.351 [error_message_manage.cc:53]712583 FuncErrorReason:rtMemcpy execute failed, reason=[the current capture mode does not support this operation]
[ERROR] ASCENDCL(712583,):2026-01-15-10:29:50.160.585 [memory.cpp:437]712583 aclrtMemcpyImpl: synchronized memcpy failed, kind = 1, runtime result = 107030
[ERROR] RUNTIME(712583,):2026-01-15-10:29:50.363.453 [api_c_stream.cc:412]712583 rtsStreamSetAttribute:report error module_name=EE1001
[ERROR] RUNTIME(712583,):2026-01-15-10:29:50.363.459 [api_c_stream.cc:412]712583 rtsStreamSetAttribute:Invalid stream attribute ID: 4, Supported stream attribute IDs: [1, 4).
[ERROR] RUNTIME(712583,):2026-01-15-10:29:50.363.492 [api_c_stream.cc:416]712583 rtsStreamSetAttribute:ErrCode=107000, desc=[invalid value], InnerCode=0x7110001
[ERROR] RUNTIME(712583,):2026-01-15-10:29:50.363.495 [error_message_manage.cc:48]712583 FuncErrorReason:report error module_name=EE1001
[ERROR] RUNTIME(712583,):2026-01-15-10:29:50.363.497 [error_message_manage.cc:48]712583 FuncErrorReason:rtsStreamSetAttribute execute failed, reason=[invalid value]
[ERROR] ASCENDCL(712583,):2026-01-15-10:29:50.363.836 [stream.cpp:299]712583 aclrtSetStreamAttributeImpl: call rtsStreamSetAttribute failed, runtime result = 107000
[ERROR] RUNTIME(712583,):2026-01-15-10:30:04.913.649 [api_c_stream.cc:412]712583 rtsStreamSetAttribute:report error module_name=EE1001
[ERROR] RUNTIME(712583,):2026-01-15-10:30:04.913.657 [api_c_stream.cc:412]712583 rtsStreamSetAttribute:Invalid stream attribute ID: 4, Supported stream attribute IDs: [1, 4).
[ERROR] RUNTIME(712583,):2026-01-15-10:30:04.913.698 [api_c_stream.cc:416]712583 rtsStreamSetAttribute:ErrCode=107000, desc=[invalid value], InnerCode=0x7110001
[ERROR] RUNTIME(712583,):2026-01-15-10:30:04.913.700 [error_message_manage.cc:48]712583 FuncErrorReason:report error module_name=EE1001
[ERROR] RUNTIME(712583,):2026-01-15-10:30:04.913.703 [error_message_manage.cc:48]712583 FuncErrorReason:rtsStreamSetAttribute execute failed, reason=[invalid value]
[ERROR] ASCENDCL(712583,):2026-01-15-10:30:04.914.098 [stream.cpp:299]712583 aclrtSetStreamAttributeImpl: call rtsStreamSetAttribute failed, runtime result = 107000
[ERROR] RUNTIME(712583,):2026-01-15-10:30:05.705.520 [api_error.cc:1519]712583 MemCopySync:Memory copy sync failed, cnt=416, kind=1.
[ERROR] RUNTIME(712583,):2026-01-15-10:30:05.705.530 [api_c.cc:1197]712583 rtMemcpy:ErrCode=107030, desc=[the current capture mode does not support this operation], InnerCode=0x703001c
[ERROR] RUNTIME(712583,):2026-01-15-10:30:05.705.533 [error_message_manage.cc:53]712583 FuncErrorReason:report error module_type=3, module_name=EE8888
[ERROR] RUNTIME(712583,):2026-01-15-10:30:05.705.536 [error_message_manage.cc:53]712583 FuncErrorReason:rtMemcpy execute failed, reason=[the current capture mode does not support this operation]
[ERROR] ASCENDCL(712583,):2026-01-15-10:30:05.705.853 [memory.cpp:437]712583 aclrtMemcpyImpl: synchronized memcpy failed, kind = 1, runtime result = 107030
[ERROR] RUNTIME(712583,):2026-01-15-10:30:05.708.204 [api_error.cc:1519]712583 MemCopySync:Memory copy sync failed, cnt=72, kind=1.
[ERROR] RUNTIME(712583,):2026-01-15-10:30:05.708.212 [api_c.cc:1197]712583 rtMemcpy:ErrCode=107030, desc=[the current capture mode does not support this operation], InnerCode=0x703001c
[ERROR] RUNTIME(712583,):2026-01-15-10:30:05.708.215 [error_message_manage.cc:53]712583 FuncErrorReason:report error module_type=3, module_name=EE8888
[ERROR] RUNTIME(712583,):2026-01-15-10:30:05.708.218 [error_message_manage.cc:53]712583 FuncErrorReason:rtMemcpy execute failed, reason=[the current capture mode does not support this operation]
[ERROR] ASCENDCL(712583,):2026-01-15-10:30:05.708.365 [memory.cpp:437]712583 aclrtMemcpyImpl: synchronized memcpy failed, kind = 1, runtime result = 107030
[ERROR] RUNTIME(712583,):2026-01-15-10:30:05.714.048 [api_error.cc:1519]712583 MemCopySync:Memory copy sync failed, cnt=416, kind=1.
[ERROR] RUNTIME(712583,):2026-01-15-10:30:05.714.057 [api_c.cc:1197]712583 rtMemcpy:ErrCode=107030, desc=[the current capture mode does not support this operation], InnerCode=0x703001c
[ERROR] RUNTIME(712583,):2026-01-15-10:30:05.714.060 [error_message_manage.cc:53]712583 FuncErrorReason:report error module_type=3, module_name=EE8888
[ERROR] RUNTIME(712583,):2026-01-15-10:30:05.714.063 [error_message_manage.cc:53]712583 FuncErrorReason:rtMemcpy execute failed, reason=[the current capture mode does not support this operation]
[ERROR] ASCENDCL(712583,):2026-01-15-10:30:05.714.208 [memory.cpp:437]712583 aclrtMemcpyImpl: synchronized memcpy failed, kind = 1, runtime result = 107030
[ERROR] RUNTIME(712583,):2026-01-15-10:30:05.996.257 [api_error.cc:1519]712583 MemCopySync:Memory copy sync failed, cnt=72, kind=1.
[ERROR] RUNTIME(712583,):2026-01-15-10:30:05.996.266 [api_c.cc:1197]712583 rtMemcpy:ErrCode=107030, desc=[the current capture mode does not support this operation], InnerCode=0x703001c
[ERROR] RUNTIME(712583,):2026-01-15-10:30:05.996.269 [error_message_manage.cc:53]712583 FuncErrorReason:report error module_type=3, module_name=EE8888
[ERROR] RUNTIME(712583,):2026-01-15-10:30:05.996.272 [error_message_manage.cc:53]712583 FuncErrorReason:rtMemcpy execute failed, reason=[the current capture mode does not support this operation]
[ERROR] ASCENDCL(712583,):2026-01-15-10:30:05.996.538 [memory.cpp:437]712583 aclrtMemcpyImpl: synchronized memcpy failed, kind = 1, runtime result = 107030
[ERROR] RUNTIME(712583,):2026-01-15-10:30:06.195.362 [api_c_stream.cc:412]712583 rtsStreamSetAttribute:report error module_name=EE1001
[ERROR] RUNTIME(712583,):2026-01-15-10:30:06.195.367 [api_c_stream.cc:412]712583 rtsStreamSetAttribute:Invalid stream attribute ID: 4, Supported stream attribute IDs: [1, 4).
[ERROR] RUNTIME(712583,):2026-01-15-10:30:06.195.416 [api_c_stream.cc:416]712583 rtsStreamSetAttribute:ErrCode=107000, desc=[invalid value], InnerCode=0x7110001
[ERROR] RUNTIME(712583,):2026-01-15-10:30:06.195.419 [error_message_manage.cc:48]712583 FuncErrorReason:report error module_name=EE1001
[ERROR] RUNTIME(712583,):2026-01-15-10:30:06.195.422 [error_message_manage.cc:48]712583 FuncErrorReason:rtsStreamSetAttribute execute failed, reason=[invalid value]
[ERROR] ASCENDCL(712583,):2026-01-15-10:30:06.195.658 [stream.cpp:299]712583 aclrtSetStreamAttributeImpl: call rtsStreamSetAttribute failed, runtime result = 107000
[ERROR] RUNTIME(712583,):2026-01-15-10:30:06.336.715 [api_c_stream.cc:412]712583 rtsStreamSetAttribute:report error module_name=EE1001
[ERROR] RUNTIME(712583,):2026-01-15-10:30:06.336.722 [api_c_stream.cc:412]712583 rtsStreamSetAttribute:Invalid stream attribute ID: 4, Supported stream attribute IDs: [1, 4).
[ERROR] RUNTIME(712583,):2026-01-15-10:30:06.336.751 [api_c_stream.cc:416]712583 rtsStreamSetAttribute:ErrCode=107000, desc=[invalid value], InnerCode=0x7110001
[ERROR] RUNTIME(712583,):2026-01-15-10:30:06.336.754 [error_message_manage.cc:48]712583 FuncErrorReason:report error module_name=EE1001
[ERROR] RUNTIME(712583,):2026-01-15-10:30:06.336.757 [error_message_manage.cc:48]712583 FuncErrorReason:rtsStreamSetAttribute execute failed, reason=[invalid value]
[ERROR] ASCENDCL(712583,):2026-01-15-10:30:06.336.943 [stream.cpp:299]712583 aclrtSetStreamAttributeImpl: call rtsStreamSetAttribute failed, runtime result = 107000
[ERROR] RUNTIME(712583,):2026-01-15-10:30:06.701.592 [api_error.cc:1519]712583 MemCopySync:Memory copy sync failed, cnt=416, kind=1.
[ERROR] RUNTIME(712583,):2026-01-15-10:30:06.701.601 [api_c.cc:1197]712583 rtMemcpy:ErrCode=107030, desc=[the current capture mode does not support this operation], InnerCode=0x703001c
[ERROR] RUNTIME(712583,):2026-01-15-10:30:06.701.604 [error_message_manage.cc:53]712583 FuncErrorReason:report error module_type=3, module_name=EE8888
[ERROR] RUNTIME(712583,):2026-01-15-10:30:06.701.607 [error_message_manage.cc:53]712583 FuncErrorReason:rtMemcpy execute failed, reason=[the current capture mode does not support this operation]
[ERROR] ASCENDCL(712583,):2026-01-15-10:30:06.701.901 [memory.cpp:437]712583 aclrtMemcpyImpl: synchronized memcpy failed, kind = 1, runtime result = 107030
[ERROR] RUNTIME(712583,):2026-01-15-10:30:06.702.883 [api_error.cc:1519]712583 MemCopySync:Memory copy sync failed, cnt=72, kind=1.
[ERROR] RUNTIME(712583,):2026-01-15-10:30:06.702.891 [api_c.cc:1197]712583 rtMemcpy:ErrCode=107030, desc=[the current capture mode does not support this operation], InnerCode=0x703001c
[ERROR] RUNTIME(712583,):2026-01-15-10:30:06.702.893 [error_message_manage.cc:53]712583 FuncErrorReason:report error module_type=3, module_name=EE8888
[ERROR] RUNTIME(712583,):2026-01-15-10:30:06.702.895 [error_message_manage.cc:53]712583 FuncErrorReason:rtMemcpy execute failed, reason=[the current capture mode does not support this operation]
[ERROR] ASCENDCL(712583,):2026-01-15-10:30:06.703.090 [memory.cpp:437]712583 aclrtMemcpyImpl: synchronized memcpy failed, kind = 1, runtime result = 107030
[ERROR] RUNTIME(712583,):2026-01-15-10:30:06.708.436 [api_error.cc:1519]712583 MemCopySync:Memory copy sync failed, cnt=416, kind=1.
[ERROR] RUNTIME(712583,):2026-01-15-10:30:06.708.445 [api_c.cc:1197]712583 rtMemcpy:ErrCode=107030, desc=[the current capture mode does not support this operation], InnerCode=0x703001c
[ERROR] RUNTIME(712583,):2026-01-15-10:30:06.708.447 [error_message_manage.cc:53]712583 FuncErrorReason:report error module_type=3, module_name=EE8888
[ERROR] RUNTIME(712583,):2026-01-15-10:30:06.708.450 [error_message_manage.cc:53]712583 FuncErrorReason:rtMemcpy execute failed, reason=[the current capture mode does not support this operation]
[ERROR] ASCENDCL(712583,):2026-01-15-10:30:06.708.576 [memory.cpp:437]712583 aclrtMemcpyImpl: synchronized memcpy failed, kind = 1, runtime result = 107030
[ERROR] RUNTIME(712583,):2026-01-15-10:30:06.985.013 [api_error.cc:1519]712583 MemCopySync:Memory copy sync failed, cnt=72, kind=1.
[ERROR] RUNTIME(712583,):2026-01-15-10:30:06.985.021 [api_c.cc:1197]712583 rtMemcpy:ErrCode=107030, desc=[the current capture mode does not support this operation], InnerCode=0x703001c
[ERROR] RUNTIME(712583,):2026-01-15-10:30:06.985.024 [error_message_manage.cc:53]712583 FuncErrorReason:report error module_type=3, module_name=EE8888
[ERROR] RUNTIME(712583,):2026-01-15-10:30:06.985.027 [error_message_manage.cc:53]712583 FuncErrorReason:rtMemcpy execute failed, reason=[the current capture mode does not support this operation]
[ERROR] ASCENDCL(712583,):2026-01-15-10:30:06.985.314 [memory.cpp:437]712583 aclrtMemcpyImpl: synchronized memcpy failed, kind = 1, runtime result = 107030
[ERROR] RUNTIME(712583,):2026-01-15-10:30:07.223.898 [api_c_stream.cc:412]712583 rtsStreamSetAttribute:report error module_name=EE1001
[ERROR] RUNTIME(712583,):2026-01-15-10:30:07.223.903 [api_c_stream.cc:412]712583 rtsStreamSetAttribute:Invalid stream attribute ID: 4, Supported stream attribute IDs: [1, 4).
[ERROR] RUNTIME(712583,):2026-01-15-10:30:07.223.942 [api_c_stream.cc:416]712583 rtsStreamSetAttribute:ErrCode=107000, desc=[invalid value], InnerCode=0x7110001
[ERROR] RUNTIME(712583,):2026-01-15-10:30:07.223.944 [error_message_manage.cc:48]712583 FuncErrorReason:report error module_name=EE1001
[ERROR] RUNTIME(712583,):2026-01-15-10:30:07.223.947 [error_message_manage.cc:48]712583 FuncErrorReason:rtsStreamSetAttribute execute failed, reason=[invalid value]
[ERROR] ASCENDCL(712583,):2026-01-15-10:30:07.224.196 [stream.cpp:299]712583 aclrtSetStreamAttributeImpl: call rtsStreamSetAttribute failed, runtime result = 107000
[ERROR] RUNTIME(712583,):2026-01-15-10:30:07.306.374 [api_c_stream.cc:412]712583 rtsStreamSetAttribute:report error module_name=EE1001
[ERROR] RUNTIME(712583,):2026-01-15-10:30:07.306.379 [api_c_stream.cc:412]712583 rtsStreamSetAttribute:Invalid stream attribute ID: 4, Supported stream attribute IDs: [1, 4).
[ERROR] RUNTIME(712583,):2026-01-15-10:30:07.306.409 [api_c_stream.cc:416]712583 rtsStreamSetAttribute:ErrCode=107000, desc=[invalid value], InnerCode=0x7110001
[ERROR] RUNTIME(712583,):2026-01-15-10:30:07.306.411 [error_message_manage.cc:48]712583 FuncErrorReason:report error module_name=EE1001
[ERROR] RUNTIME(712583,):2026-01-15-10:30:07.306.414 [error_message_manage.cc:48]712583 FuncErrorReason:rtsStreamSetAttribute execute failed, reason=[invalid value]
[ERROR] ASCENDCL(712583,):2026-01-15-10:30:07.306.668 [stream.cpp:299]712583 aclrtSetStreamAttributeImpl: call rtsStreamSetAttribute failed, runtime result = 107000
[ERROR] RUNTIME(712583,):2026-01-15-10:30:07.701.614 [api_error.cc:1519]712583 MemCopySync:Memory copy sync failed, cnt=416, kind=1.
[ERROR] RUNTIME(712583,):2026-01-15-10:30:07.701.623 [api_c.cc:1197]712583 rtMemcpy:ErrCode=107030, desc=[the current capture mode does not support this operation], InnerCode=0x703001c
[ERROR] RUNTIME(712583,):2026-01-15-10:30:07.701.626 [error_message_manage.cc:53]712583 FuncErrorReason:report error module_type=3, module_name=EE8888
[ERROR] RUNTIME(712583,):2026-01-15-10:30:07.701.629 [error_message_manage.cc:53]712583 FuncErrorReason:rtMemcpy execute failed, reason=[the current capture mode does not support this operation]
[ERROR] ASCENDCL(712583,):2026-01-15-10:30:07.701.940 [memory.cpp:437]712583 aclrtMemcpyImpl: synchronized memcpy failed, kind = 1, runtime result = 107030
[ERROR] RUNTIME(712583,):2026-01-15-10:30:07.702.955 [api_error.cc:1519]712583 MemCopySync:Memory copy sync failed, cnt=72, kind=1.
[ERROR] RUNTIME(712583,):2026-01-15-10:30:07.702.963 [api_c.cc:1197]712583 rtMemcpy:ErrCode=107030, desc=[the current capture mode does not support this operation], InnerCode=0x703001c
[ERROR] RUNTIME(712583,):2026-01-15-10:30:07.702.965 [error_message_manage.cc:53]712583 FuncErrorReason:report error module_type=3, module_name=EE8888
[ERROR] RUNTIME(712583,):2026-01-15-10:30:07.702.968 [error_message_manage.cc:53]712583 FuncErrorReason:rtMemcpy execute failed, reason=[the current capture mode does not support this operation]
[ERROR] ASCENDCL(712583,):2026-01-15-10:30:07.703.115 [memory.cpp:437]712583 aclrtMemcpyImpl: synchronized memcpy failed, kind = 1, runtime result = 107030
[ERROR] RUNTIME(712583,):2026-01-15-10:30:07.708.379 [api_error.cc:1519]712583 MemCopySync:Memory copy sync failed, cnt=416, kind=1.
[ERROR] RUNTIME(712583,):2026-01-15-10:30:07.708.388 [api_c.cc:1197]712583 rtMemcpy:ErrCode=107030, desc=[the current capture mode does not support this operation], InnerCode=0x703001c
[ERROR] RUNTIME(712583,):2026-01-15-10:30:07.708.391 [error_message_manage.cc:53]712583 FuncErrorReason:report error module_type=3, module_name=EE8888
[ERROR] RUNTIME(712583,):2026-01-15-10:30:07.708.393 [error_message_manage.cc:53]712583 FuncErrorReason:rtMemcpy execute failed, reason=[the current capture mode does not support this operation]
[ERROR] ASCENDCL(712583,):2026-01-15-10:30:07.708.525 [memory.cpp:437]712583 aclrtMemcpyImpl: synchronized memcpy failed, kind = 1, runtime result = 107030
[ERROR] RUNTIME(712583,):2026-01-15-10:30:08.005.023 [api_error.cc:1519]712583 MemCopySync:Memory copy sync failed, cnt=72, kind=1.
[ERROR] RUNTIME(712583,):2026-01-15-10:30:08.005.032 [api_c.cc:1197]712583 rtMemcpy:ErrCode=107030, desc=[the current capture mode does not support this operation], InnerCode=0x703001c
[ERROR] RUNTIME(712583,):2026-01-15-10:30:08.005.034 [error_message_manage.cc:53]712583 FuncErrorReason:report error module_type=3, module_name=EE8888
[ERROR] RUNTIME(712583,):2026-01-15-10:30:08.005.037 [error_message_manage.cc:53]712583 FuncErrorReason:rtMemcpy execute failed, reason=[the current capture mode does not support this operation]
[ERROR] ASCENDCL(712583,):2026-01-15-10:30:08.005.349 [memory.cpp:437]712583 aclrtMemcpyImpl: synchronized memcpy failed, kind = 1, runtime result = 107030
[ERROR] RUNTIME(712583,):2026-01-15-10:30:08.290.144 [api_c_stream.cc:412]712583 rtsStreamSetAttribute:report error module_name=EE1001
[ERROR] RUNTIME(712583,):2026-01-15-10:30:08.290.150 [api_c_stream.cc:412]712583 rtsStreamSetAttribute:Invalid stream attribute ID: 4, Supported stream attribute IDs: [1, 4).
[ERROR] RUNTIME(712583,):2026-01-15-10:30:08.290.192 [api_c_stream.cc:416]712583 rtsStreamSetAttribute:ErrCode=107000, desc=[invalid value], InnerCode=0x7110001
[ERROR] RUNTIME(712583,):2026-01-15-10:30:08.290.195 [error_message_manage.cc:48]712583 FuncErrorReason:report error module_name=EE1001
[ERROR] RUNTIME(712583,):2026-01-15-10:30:08.290.197 [error_message_manage.cc:48]712583 FuncErrorReason:rtsStreamSetAttribute execute failed, reason=[invalid value]
[ERROR] ASCENDCL(712583,):2026-01-15-10:30:08.290.449 [stream.cpp:299]712583 aclrtSetStreamAttributeImpl: call rtsStreamSetAttribute failed, runtime result = 107000
[ERROR] RUNTIME(712583,):2026-01-15-10:30:08.389.037 [api_c_stream.cc:412]712583 rtsStreamSetAttribute:report error module_name=EE1001
[ERROR] RUNTIME(712583,):2026-01-15-10:30:08.389.043 [api_c_stream.cc:412]712583 rtsStreamSetAttribute:Invalid stream attribute ID: 4, Supported stream attribute IDs: [1, 4).
[ERROR] RUNTIME(712583,):2026-01-15-10:30:08.389.073 [api_c_stream.cc:416]712583 rtsStreamSetAttribute:ErrCode=107000, desc=[invalid value], InnerCode=0x7110001
[ERROR] RUNTIME(712583,):2026-01-15-10:30:08.389.076 [error_message_manage.cc:48]712583 FuncErrorReason:report error module_name=EE1001
[ERROR] RUNTIME(712583,):2026-01-15-10:30:08.389.079 [error_message_manage.cc:48]712583 FuncErrorReason:rtsStreamSetAttribute execute failed, reason=[invalid value]
[ERROR] ASCENDCL(712583,):2026-01-15-10:30:08.389.293 [stream.cpp:299]712583 aclrtSetStreamAttributeImpl: call rtsStreamSetAttribute failed, runtime result = 107000
[ERROR] RUNTIME(712583,):2026-01-15-10:30:08.693.904 [api_error.cc:1519]712583 MemCopySync:Memory copy sync failed, cnt=416, kind=1.
[ERROR] RUNTIME(712583,):2026-01-15-10:30:08.693.913 [api_c.cc:1197]712583 rtMemcpy:ErrCode=107030, desc=[the current capture mode does not support this operation], InnerCode=0x703001c
[ERROR] RUNTIME(712583,):2026-01-15-10:30:08.693.916 [error_message_manage.cc:53]712583 FuncErrorReason:report error module_type=3, module_name=EE8888
[ERROR] RUNTIME(712583,):2026-01-15-10:30:08.693.919 [error_message_manage.cc:53]712583 FuncErrorReason:rtMemcpy execute failed, reason=[the current capture mode does not support this operation]
[ERROR] ASCENDCL(712583,):2026-01-15-10:30:08.694.173 [memory.cpp:437]712583 aclrtMemcpyImpl: synchronized memcpy failed, kind = 1, runtime result = 107030
[ERROR] RUNTIME(712583,):2026-01-15-10:30:08.695.189 [api_error.cc:1519]712583 MemCopySync:Memory copy sync failed, cnt=72, kind=1.
[ERROR] RUNTIME(712583,):2026-01-15-10:30:08.695.197 [api_c.cc:1197]712583 rtMemcpy:ErrCode=107030, desc=[the current capture mode does not support this operation], InnerCode=0x703001c
[ERROR] RUNTIME(712583,):2026-01-15-10:30:08.695.200 [error_message_manage.cc:53]712583 FuncErrorReason:report error module_type=3, module_name=EE8888
[ERROR] RUNTIME(712583,):2026-01-15-10:30:08.695.203 [error_message_manage.cc:53]712583 FuncErrorReason:rtMemcpy execute failed, reason=[the current capture mode does not support this operation]
[ERROR] ASCENDCL(712583,):2026-01-15-10:30:08.695.378 [memory.cpp:437]712583 aclrtMemcpyImpl: synchronized memcpy failed, kind = 1, runtime result = 107030
[ERROR] RUNTIME(712583,):2026-01-15-10:30:08.700.610 [api_error.cc:1519]712583 MemCopySync:Memory copy sync failed, cnt=416, kind=1.
[ERROR] RUNTIME(712583,):2026-01-15-10:30:08.700.619 [api_c.cc:1197]712583 rtMemcpy:ErrCode=107030, desc=[the current capture mode does not support this operation], InnerCode=0x703001c
[ERROR] RUNTIME(712583,):2026-01-15-10:30:08.700.622 [error_message_manage.cc:53]712583 FuncErrorReason:report error module_type=3, module_name=EE8888
[ERROR] RUNTIME(712583,):2026-01-15-10:30:08.700.625 [error_message_manage.cc:53]712583 FuncErrorReason:rtMemcpy execute failed, reason=[the current capture mode does not support this operation]
[ERROR] ASCENDCL(712583,):2026-01-15-10:30:08.700.763 [memory.cpp:437]712583 aclrtMemcpyImpl: synchronized memcpy failed, kind = 1, runtime result = 107030
[ERROR] RUNTIME(712583,):2026-01-15-10:30:08.993.276 [api_error.cc:1519]712583 MemCopySync:Memory copy sync failed, cnt=72, kind=1.
[ERROR] RUNTIME(712583,):2026-01-15-10:30:08.993.284 [api_c.cc:1197]712583 rtMemcpy:ErrCode=107030, desc=[the current capture mode does not support this operation], InnerCode=0x703001c
[ERROR] RUNTIME(712583,):2026-01-15-10:30:08.993.287 [error_message_manage.cc:53]712583 FuncErrorReason:report error module_type=3, module_name=EE8888
[ERROR] RUNTIME(712583,):2026-01-15-10:30:08.993.290 [error_message_manage.cc:53]712583 FuncErrorReason:rtMemcpy execute failed, reason=[the current capture mode does not support this operation]
[ERROR] ASCENDCL(712583,):2026-01-15-10:30:08.993.551 [memory.cpp:437]712583 aclrtMemcpyImpl: synchronized memcpy failed, kind = 1, runtime result = 107030
[ERROR] RUNTIME(712583,):2026-01-15-10:30:09.246.296 [api_c_stream.cc:412]712583 rtsStreamSetAttribute:report error module_name=EE1001
[ERROR] RUNTIME(712583,):2026-01-15-10:30:09.246.302 [api_c_stream.cc:412]712583 rtsStreamSetAttribute:Invalid stream attribute ID: 4, Supported stream attribute IDs: [1, 4).
[ERROR] RUNTIME(712583,):2026-01-15-10:30:09.246.341 [api_c_stream.cc:416]712583 rtsStreamSetAttribute:ErrCode=107000, desc=[invalid value], InnerCode=0x7110001
[ERROR] RUNTIME(712583,):2026-01-15-10:30:09.246.343 [error_message_manage.cc:48]712583 FuncErrorReason:report error module_name=EE1001
[ERROR] RUNTIME(712583,):2026-01-15-10:30:09.246.346 [error_message_manage.cc:48]712583 FuncErrorReason:rtsStreamSetAttribute execute failed, reason=[invalid value]
[ERROR] ASCENDCL(712583,):2026-01-15-10:30:09.246.622 [stream.cpp:299]712583 aclrtSetStreamAttributeImpl: call rtsStreamSetAttribute failed, runtime result = 107000
[ERROR] RUNTIME(712583,):2026-01-15-10:30:09.325.297 [api_c_stream.cc:412]712583 rtsStreamSetAttribute:report error module_name=EE1001
[ERROR] RUNTIME(712583,):2026-01-15-10:30:09.325.303 [api_c_stream.cc:412]712583 rtsStreamSetAttribute:Invalid stream attribute ID: 4, Supported stream attribute IDs: [1, 4).
[ERROR] RUNTIME(712583,):2026-01-15-10:30:09.325.331 [api_c_stream.cc:416]712583 rtsStreamSetAttribute:ErrCode=107000, desc=[invalid value], InnerCode=0x7110001
[ERROR] RUNTIME(712583,):2026-01-15-10:30:09.325.333 [error_message_manage.cc:48]712583 FuncErrorReason:report error module_name=EE1001
[ERROR] RUNTIME(712583,):2026-01-15-10:30:09.325.336 [error_message_manage.cc:48]712583 FuncErrorReason:rtsStreamSetAttribute execute failed, reason=[invalid value]
[ERROR] ASCENDCL(712583,):2026-01-15-10:30:09.325.543 [stream.cpp:299]712583 aclrtSetStreamAttributeImpl: call rtsStreamSetAttribute failed, runtime result = 107000
[ERROR] RUNTIME(712583,):2026-01-15-10:30:09.700.326 [api_error.cc:1519]712583 MemCopySync:Memory copy sync failed, cnt=416, kind=1.
[ERROR] RUNTIME(712583,):2026-01-15-10:30:09.700.335 [api_c.cc:1197]712583 rtMemcpy:ErrCode=107030, desc=[the current capture mode does not support this operation], InnerCode=0x703001c
[ERROR] RUNTIME(712583,):2026-01-15-10:30:09.700.338 [error_message_manage.cc:53]712583 FuncErrorReason:report error module_type=3, module_name=EE8888
[ERROR] RUNTIME(712583,):2026-01-15-10:30:09.700.341 [error_message_manage.cc:53]712583 FuncErrorReason:rtMemcpy execute failed, reason=[the current capture mode does not support this operation]
[ERROR] ASCENDCL(712583,):2026-01-15-10:30:09.700.677 [memory.cpp:437]712583 aclrtMemcpyImpl: synchronized memcpy failed, kind = 1, runtime result = 107030
[ERROR] RUNTIME(712583,):2026-01-15-10:30:09.701.767 [api_error.cc:1519]712583 MemCopySync:Memory copy sync failed, cnt=72, kind=1.
[ERROR] RUNTIME(712583,):2026-01-15-10:30:09.701.774 [api_c.cc:1197]712583 rtMemcpy:ErrCode=107030, desc=[the current capture mode does not support this operation], InnerCode=0x703001c
[ERROR] RUNTIME(712583,):2026-01-15-10:30:09.701.777 [error_message_manage.cc:53]712583 FuncErrorReason:report error module_type=3, module_name=EE8888
[ERROR] RUNTIME(712583,):2026-01-15-10:30:09.701.780 [error_message_manage.cc:53]712583 FuncErrorReason:rtMemcpy execute failed, reason=[the current capture mode does not support this operation]
[ERROR] ASCENDCL(712583,):2026-01-15-10:30:09.701.994 [memory.cpp:437]712583 aclrtMemcpyImpl: synchronized memcpy failed, kind = 1, runtime result = 107030
[ERROR] RUNTIME(712583,):2026-01-15-10:30:09.707.313 [api_error.cc:1519]712583 MemCopySync:Memory copy sync failed, cnt=416, kind=1.
[ERROR] RUNTIME(712583,):2026-01-15-10:30:09.707.321 [api_c.cc:1197]712583 rtMemcpy:ErrCode=107030, desc=[the current capture mode does not support this operation], InnerCode=0x703001c
[ERROR] RUNTIME(712583,):2026-01-15-10:30:09.707.324 [error_message_manage.cc:53]712583 FuncErrorReason:report error module_type=3, module_name=EE8888
[ERROR] RUNTIME(712583,):2026-01-15-10:30:09.707.327 [error_message_manage.cc:53]712583 FuncErrorReason:rtMemcpy execute failed, reason=[the current capture mode does not support this operation]
[ERROR] ASCENDCL(712583,):2026-01-15-10:30:09.707.484 [memory.cpp:437]712583 aclrtMemcpyImpl: synchronized memcpy failed, kind = 1, runtime result = 107030
[ERROR] RUNTIME(712583,):2026-01-15-10:30:09.997.457 [api_error.cc:1519]712583 MemCopySync:Memory copy sync failed, cnt=72, kind=1.
[ERROR] RUNTIME(712583,):2026-01-15-10:30:09.997.465 [api_c.cc:1197]712583 rtMemcpy:ErrCode=107030, desc=[the current capture mode does not support this operation], InnerCode=0x703001c
[ERROR] RUNTIME(712583,):2026-01-15-10:30:09.997.468 [error_message_manage.cc:53]712583 FuncErrorReason:report error module_type=3, module_name=EE8888
[ERROR] RUNTIME(712583,):2026-01-15-10:30:09.997.470 [error_message_manage.cc:53]712583 FuncErrorReason:rtMemcpy execute failed, reason=[the current capture mode does not support this operation]
[ERROR] ASCENDCL(712583,):2026-01-15-10:30:09.997.734 [memory.cpp:437]712583 aclrtMemcpyImpl: synchronized memcpy failed, kind = 1, runtime result = 107030
[ERROR] RUNTIME(712583,):2026-01-15-10:30:10.218.166 [api_c_stream.cc:412]712583 rtsStreamSetAttribute:report error module_name=EE1001
[ERROR] RUNTIME(712583,):2026-01-15-10:30:10.218.172 [api_c_stream.cc:412]712583 rtsStreamSetAttribute:Invalid stream attribute ID: 4, Supported stream attribute IDs: [1, 4).
[ERROR] RUNTIME(712583,):2026-01-15-10:30:10.218.202 [api_c_stream.cc:416]712583 rtsStreamSetAttribute:ErrCode=107000, desc=[invalid value], InnerCode=0x7110001
[ERROR] RUNTIME(712583,):2026-01-15-10:30:10.218.204 [error_message_manage.cc:48]712583 FuncErrorReason:report error module_name=EE1001
[ERROR] RUNTIME(712583,):2026-01-15-10:30:10.218.207 [error_message_manage.cc:48]712583 FuncErrorReason:rtsStreamSetAttribute execute failed, reason=[invalid value]
[ERROR] ASCENDCL(712583,):2026-01-15-10:30:10.218.485 [stream.cpp:299]712583 aclrtSetStreamAttributeImpl: call rtsStreamSetAttribute failed, runtime result = 107000
[ERROR] RUNTIME(712583,):2026-01-15-10:30:10.338.043 [api_c_stream.cc:412]712583 rtsStreamSetAttribute:report error module_name=EE1001
[ERROR] RUNTIME(712583,):2026-01-15-10:30:10.338.050 [api_c_stream.cc:412]712583 rtsStreamSetAttribute:Invalid stream attribute ID: 4, Supported stream attribute IDs: [1, 4).
[ERROR] RUNTIME(712583,):2026-01-15-10:30:10.338.079 [api_c_stream.cc:416]712583 rtsStreamSetAttribute:ErrCode=107000, desc=[invalid value], InnerCode=0x7110001
[ERROR] RUNTIME(712583,):2026-01-15-10:30:10.338.082 [error_message_manage.cc:48]712583 FuncErrorReason:report error module_name=EE1001
[ERROR] RUNTIME(712583,):2026-01-15-10:30:10.338.085 [error_message_manage.cc:48]712583 FuncErrorReason:rtsStreamSetAttribute execute failed, reason=[invalid value]
[ERROR] ASCENDCL(712583,):2026-01-15-10:30:10.338.274 [stream.cpp:299]712583 aclrtSetStreamAttributeImpl: call rtsStreamSetAttribute failed, runtime result = 107000
[ERROR] RUNTIME(712583,):2026-01-15-10:30:10.702.979 [api_error.cc:1519]712583 MemCopySync:Memory copy sync failed, cnt=416, kind=1.
[ERROR] RUNTIME(712583,):2026-01-15-10:30:10.702.989 [api_c.cc:1197]712583 rtMemcpy:ErrCode=107030, desc=[the current capture mode does not support this operation], InnerCode=0x703001c
[ERROR] RUNTIME(712583,):2026-01-15-10:30:10.702.991 [error_message_manage.cc:53]712583 FuncErrorReason:report error module_type=3, module_name=EE8888
[ERROR] RUNTIME(712583,):2026-01-15-10:30:10.702.994 [error_message_manage.cc:53]712583 FuncErrorReason:rtMemcpy execute failed, reason=[the current capture mode does not support this operation]
[ERROR] ASCENDCL(712583,):2026-01-15-10:30:10.703.308 [memory.cpp:437]712583 aclrtMemcpyImpl: synchronized memcpy failed, kind = 1, runtime result = 107030
[ERROR] RUNTIME(712583,):2026-01-15-10:30:10.704.395 [api_error.cc:1519]712583 MemCopySync:Memory copy sync failed, cnt=72, kind=1.
[ERROR] RUNTIME(712583,):2026-01-15-10:30:10.704.403 [api_c.cc:1197]712583 rtMemcpy:ErrCode=107030, desc=[the current capture mode does not support this operation], InnerCode=0x703001c
[ERROR] RUNTIME(712583,):2026-01-15-10:30:10.704.405 [error_message_manage.cc:53]712583 FuncErrorReason:report error module_type=3, module_name=EE8888
[ERROR] RUNTIME(712583,):2026-01-15-10:30:10.704.408 [error_message_manage.cc:53]712583 FuncErrorReason:rtMemcpy execute failed, reason=[the current capture mode does not support this operation]
[ERROR] ASCENDCL(712583,):2026-01-15-10:30:10.704.578 [memory.cpp:437]712583 aclrtMemcpyImpl: synchronized memcpy failed, kind = 1, runtime result = 107030
[ERROR] RUNTIME(712583,):2026-01-15-10:30:10.709.845 [api_error.cc:1519]712583 MemCopySync:Memory copy sync failed, cnt=416, kind=1.
[ERROR] RUNTIME(712583,):2026-01-15-10:30:10.709.854 [api_c.cc:1197]712583 rtMemcpy:ErrCode=107030, desc=[the current capture mode does not support this operation], InnerCode=0x703001c
[ERROR] RUNTIME(712583,):2026-01-15-10:30:10.709.857 [error_message_manage.cc:53]712583 FuncErrorReason:report error module_type=3, module_name=EE8888
[ERROR] RUNTIME(712583,):2026-01-15-10:30:10.709.860 [error_message_manage.cc:53]712583 FuncErrorReason:rtMemcpy execute failed, reason=[the current capture mode does not support this operation]
[ERROR] ASCENDCL(712583,):2026-01-15-10:30:10.709.990 [memory.cpp:437]712583 aclrtMemcpyImpl: synchronized memcpy failed, kind = 1, runtime result = 107030
[ERROR] RUNTIME(712583,):2026-01-15-10:30:10.957.849 [api_error.cc:1519]712583 MemCopySync:Memory copy sync failed, cnt=72, kind=1.
[ERROR] RUNTIME(712583,):2026-01-15-10:30:10.957.858 [api_c.cc:1197]712583 rtMemcpy:ErrCode=107030, desc=[the current capture mode does not support this operation], InnerCode=0x703001c
[ERROR] RUNTIME(712583,):2026-01-15-10:30:10.957.861 [error_message_manage.cc:53]712583 FuncErrorReason:report error module_type=3, module_name=EE8888
[ERROR] RUNTIME(712583,):2026-01-15-10:30:10.957.864 [error_message_manage.cc:53]712583 FuncErrorReason:rtMemcpy execute failed, reason=[the current capture mode does not support this operation]
[ERROR] ASCENDCL(712583,):2026-01-15-10:30:10.958.085 [memory.cpp:437]712583 aclrtMemcpyImpl: synchronized memcpy failed, kind = 1, runtime result = 107030
[ERROR] RUNTIME(712583,):2026-01-15-10:30:11.161.750 [api_c_stream.cc:412]712583 rtsStreamSetAttribute:report error module_name=EE1001
[ERROR] RUNTIME(712583,):2026-01-15-10:30:11.161.756 [api_c_stream.cc:412]712583 rtsStreamSetAttribute:Invalid stream attribute ID: 4, Supported stream attribute IDs: [1, 4).
[ERROR] RUNTIME(712583,):2026-01-15-10:30:11.161.785 [api_c_stream.cc:416]712583 rtsStreamSetAttribute:ErrCode=107000, desc=[invalid value], InnerCode=0x7110001
[ERROR] RUNTIME(712583,):2026-01-15-10:30:11.161.788 [error_message_manage.cc:48]712583 FuncErrorReason:report error module_name=EE1001
[ERROR] RUNTIME(712583,):2026-01-15-10:30:11.161.791 [error_message_manage.cc:48]712583 FuncErrorReason:rtsStreamSetAttribute execute failed, reason=[invalid value]
[ERROR] ASCENDCL(712583,):2026-01-15-10:30:11.161.974 [stream.cpp:299]712583 aclrtSetStreamAttributeImpl: call rtsStreamSetAttribute failed, runtime result = 107000
[ERROR] RUNTIME(712583,):2026-01-15-10:30:12.570.303 [api_c_stream.cc:412]712583 rtsStreamSetAttribute:report error module_name=EE1001
[ERROR] RUNTIME(712583,):2026-01-15-10:30:12.570.313 [api_c_stream.cc:412]712583 rtsStreamSetAttribute:Invalid stream attribute ID: 4, Supported stream attribute IDs: [1, 4).
[ERROR] RUNTIME(712583,):2026-01-15-10:30:12.570.355 [api_c_stream.cc:416]712583 rtsStreamSetAttribute:ErrCode=107000, desc=[invalid value], InnerCode=0x7110001
[ERROR] RUNTIME(712583,):2026-01-15-10:30:12.570.358 [error_message_manage.cc:48]712583 FuncErrorReason:report error module_name=EE1001
[ERROR] RUNTIME(712583,):2026-01-15-10:30:12.570.361 [error_message_manage.cc:48]712583 FuncErrorReason:rtsStreamSetAttribute execute failed, reason=[invalid value]
[ERROR] ASCENDCL(712583,):2026-01-15-10:30:12.570.567 [stream.cpp:299]712583 aclrtSetStreamAttributeImpl: call rtsStreamSetAttribute failed, runtime result = 107000
[ERROR] RUNTIME(712583,):2026-01-15-10:30:12.697.810 [api_error.cc:1519]712583 MemCopySync:Memory copy sync failed, cnt=416, kind=1.
[ERROR] RUNTIME(712583,):2026-01-15-10:30:12.697.821 [api_c.cc:1197]712583 rtMemcpy:ErrCode=107030, desc=[the current capture mode does not support this operation], InnerCode=0x703001c
[ERROR] RUNTIME(712583,):2026-01-15-10:30:12.697.824 [error_message_manage.cc:53]712583 FuncErrorReason:report error module_type=3, module_name=EE8888
[ERROR] RUNTIME(712583,):2026-01-15-10:30:12.697.827 [error_message_manage.cc:53]712583 FuncErrorReason:rtMemcpy execute failed, reason=[the current capture mode does not support this operation]
[ERROR] ASCENDCL(712583,):2026-01-15-10:30:12.698.088 [memory.cpp:437]712583 aclrtMemcpyImpl: synchronized memcpy failed, kind = 1, runtime result = 107030
[ERROR] RUNTIME(712583,):2026-01-15-10:30:12.700.854 [api_error.cc:1519]712583 MemCopySync:Memory copy sync failed, cnt=72, kind=1.
[ERROR] RUNTIME(712583,):2026-01-15-10:30:12.700.863 [api_c.cc:1197]712583 rtMemcpy:ErrCode=107030, desc=[the current capture mode does not support this operation], InnerCode=0x703001c
[ERROR] RUNTIME(712583,):2026-01-15-10:30:12.700.865 [error_message_manage.cc:53]712583 FuncErrorReason:report error module_type=3, module_name=EE8888
[ERROR] RUNTIME(712583,):2026-01-15-10:30:12.700.868 [error_message_manage.cc:53]712583 FuncErrorReason:rtMemcpy execute failed, reason=[the current capture mode does not support this operation]
[ERROR] ASCENDCL(712583,):2026-01-15-10:30:12.700.992 [memory.cpp:437]712583 aclrtMemcpyImpl: synchronized memcpy failed, kind = 1, runtime result = 107030
[ERROR] RUNTIME(712583,):2026-01-15-10:30:12.996.815 [api_c_stream.cc:412]712583 rtsStreamSetAttribute:report error module_name=EE1001
[ERROR] RUNTIME(712583,):2026-01-15-10:30:12.996.820 [api_c_stream.cc:412]712583 rtsStreamSetAttribute:Invalid stream attribute ID: 4, Supported stream attribute IDs: [1, 4).
[ERROR] RUNTIME(712583,):2026-01-15-10:30:12.996.851 [api_c_stream.cc:416]712583 rtsStreamSetAttribute:ErrCode=107000, desc=[invalid value], InnerCode=0x7110001
[ERROR] RUNTIME(712583,):2026-01-15-10:30:12.996.854 [error_message_manage.cc:48]712583 FuncErrorReason:report error module_name=EE1001
[ERROR] RUNTIME(712583,):2026-01-15-10:30:12.996.857 [error_message_manage.cc:48]712583 FuncErrorReason:rtsStreamSetAttribute execute failed, reason=[invalid value]
[ERROR] ASCENDCL(712583,):2026-01-15-10:30:12.997.112 [stream.cpp:299]712583 aclrtSetStreamAttributeImpl: call rtsStreamSetAttribute failed, runtime result = 107000
[ERROR] RUNTIME(712583,):2026-01-15-10:30:13.083.184 [api_c_stream.cc:412]712583 rtsStreamSetAttribute:report error module_name=EE1001
[ERROR] RUNTIME(712583,):2026-01-15-10:30:13.083.191 [api_c_stream.cc:412]712583 rtsStreamSetAttribute:Invalid stream attribute ID: 4, Supported stream attribute IDs: [1, 4).
[ERROR] RUNTIME(712583,):2026-01-15-10:30:13.083.220 [api_c_stream.cc:416]712583 rtsStreamSetAttribute:ErrCode=107000, desc=[invalid value], InnerCode=0x7110001
[ERROR] RUNTIME(712583,):2026-01-15-10:30:13.083.223 [error_message_manage.cc:48]712583 FuncErrorReason:report error module_name=EE1001
[ERROR] RUNTIME(712583,):2026-01-15-10:30:13.083.225 [error_message_manage.cc:48]712583 FuncErrorReason:rtsStreamSetAttribute execute failed, reason=[invalid value]
[ERROR] ASCENDCL(712583,):2026-01-15-10:30:13.083.462 [stream.cpp:299]712583 aclrtSetStreamAttributeImpl: call rtsStreamSetAttribute failed, runtime result = 107000
[ERROR] RUNTIME(712583,):2026-01-15-10:30:13.699.138 [api_error.cc:1519]712583 MemCopySync:Memory copy sync failed, cnt=416, kind=1.
[ERROR] RUNTIME(712583,):2026-01-15-10:30:13.699.148 [api_c.cc:1197]712583 rtMemcpy:ErrCode=107030, desc=[the current capture mode does not support this operation], InnerCode=0x703001c
[ERROR] RUNTIME(712583,):2026-01-15-10:30:13.699.151 [error_message_manage.cc:53]712583 FuncErrorReason:report error module_type=3, module_name=EE8888
[ERROR] RUNTIME(712583,):2026-01-15-10:30:13.699.153 [error_message_manage.cc:53]712583 FuncErrorReason:rtMemcpy execute failed, reason=[the current capture mode does not support this operation]
[ERROR] ASCENDCL(712583,):2026-01-15-10:30:13.699.459 [memory.cpp:437]712583 aclrtMemcpyImpl: synchronized memcpy failed, kind = 1, runtime result = 107030
[ERROR] RUNTIME(712583,):2026-01-15-10:30:13.700.698 [api_error.cc:1519]712583 MemCopySync:Memory copy sync failed, cnt=72, kind=1.
[ERROR] RUNTIME(712583,):2026-01-15-10:30:13.700.707 [api_c.cc:1197]712583 rtMemcpy:ErrCode=107030, desc=[the current capture mode does not support this operation], InnerCode=0x703001c
[ERROR] RUNTIME(712583,):2026-01-15-10:30:13.700.710 [error_message_manage.cc:53]712583 FuncErrorReason:report error module_type=3, module_name=EE8888
[ERROR] RUNTIME(712583,):2026-01-15-10:30:13.700.713 [error_message_manage.cc:53]712583 FuncErrorReason:rtMemcpy execute failed, reason=[the current capture mode does not support this operation]
[ERROR] ASCENDCL(712583,):2026-01-15-10:30:13.700.879 [memory.cpp:437]712583 aclrtMemcpyImpl: synchronized memcpy failed, kind = 1, runtime result = 107030
[ERROR] RUNTIME(712583,):2026-01-15-10:30:14.000.246 [api_c_stream.cc:412]712583 rtsStreamSetAttribute:report error module_name=EE1001
[ERROR] RUNTIME(712583,):2026-01-15-10:30:14.000.251 [api_c_stream.cc:412]712583 rtsStreamSetAttribute:Invalid stream attribute ID: 4, Supported stream attribute IDs: [1, 4).
[ERROR] RUNTIME(712583,):2026-01-15-10:30:14.000.279 [api_c_stream.cc:416]712583 rtsStreamSetAttribute:ErrCode=107000, desc=[invalid value], InnerCode=0x7110001
[ERROR] RUNTIME(712583,):2026-01-15-10:30:14.000.282 [error_message_manage.cc:48]712583 FuncErrorReason:report error module_name=EE1001
[ERROR] RUNTIME(712583,):2026-01-15-10:30:14.000.285 [error_message_manage.cc:48]712583 FuncErrorReason:rtsStreamSetAttribute execute failed, reason=[invalid value]
[ERROR] ASCENDCL(712583,):2026-01-15-10:30:14.000.532 [stream.cpp:299]712583 aclrtSetStreamAttributeImpl: call rtsStreamSetAttribute failed, runtime result = 107000
[ERROR] RUNTIME(712583,):2026-01-15-10:30:14.079.753 [api_c_stream.cc:412]712583 rtsStreamSetAttribute:report error module_name=EE1001
[ERROR] RUNTIME(712583,):2026-01-15-10:30:14.079.759 [api_c_stream.cc:412]712583 rtsStreamSetAttribute:Invalid stream attribute ID: 4, Supported stream attribute IDs: [1, 4).
[ERROR] RUNTIME(712583,):2026-01-15-10:30:14.079.786 [api_c_stream.cc:416]712583 rtsStreamSetAttribute:ErrCode=107000, desc=[invalid value], InnerCode=0x7110001
[ERROR] RUNTIME(712583,):2026-01-15-10:30:14.079.788 [error_message_manage.cc:48]712583 FuncErrorReason:report error module_name=EE1001
[ERROR] RUNTIME(712583,):2026-01-15-10:30:14.079.791 [error_message_manage.cc:48]712583 FuncErrorReason:rtsStreamSetAttribute execute failed, reason=[invalid value]
[ERROR] ASCENDCL(712583,):2026-01-15-10:30:14.079.985 [stream.cpp:299]712583 aclrtSetStreamAttributeImpl: call rtsStreamSetAttribute failed, runtime result = 107000
[ERROR] RUNTIME(712583,):2026-01-15-10:30:14.696.125 [api_error.cc:1519]712583 MemCopySync:Memory copy sync failed, cnt=416, kind=1.
[ERROR] RUNTIME(712583,):2026-01-15-10:30:14.696.139 [api_c.cc:1197]712583 rtMemcpy:ErrCode=107030, desc=[the current capture mode does not support this operation], InnerCode=0x703001c
[ERROR] RUNTIME(712583,):2026-01-15-10:30:14.696.143 [error_message_manage.cc:53]712583 FuncErrorReason:report error module_type=3, module_name=EE8888
[ERROR] RUNTIME(712583,):2026-01-15-10:30:14.696.146 [error_message_manage.cc:53]712583 FuncErrorReason:rtMemcpy execute failed, reason=[the current capture mode does not support this operation]
[ERROR] ASCENDCL(712583,):2026-01-15-10:30:14.696.516 [memory.cpp:437]712583 aclrtMemcpyImpl: synchronized memcpy failed, kind = 1, runtime result = 107030
[ERROR] RUNTIME(712583,):2026-01-15-10:30:14.697.855 [api_error.cc:1519]712583 MemCopySync:Memory copy sync failed, cnt=72, kind=1.
[ERROR] RUNTIME(712583,):2026-01-15-10:30:14.697.864 [api_c.cc:1197]712583 rtMemcpy:ErrCode=107030, desc=[the current capture mode does not support this operation], InnerCode=0x703001c
[ERROR] RUNTIME(712583,):2026-01-15-10:30:14.697.867 [error_message_manage.cc:53]712583 FuncErrorReason:report error module_type=3, module_name=EE8888
[ERROR] RUNTIME(712583,):2026-01-15-10:30:14.697.870 [error_message_manage.cc:53]712583 FuncErrorReason:rtMemcpy execute failed, reason=[the current capture mode does not support this operation]
[ERROR] ASCENDCL(712583,):2026-01-15-10:30:14.698.060 [memory.cpp:437]712583 aclrtMemcpyImpl: synchronized memcpy failed, kind = 1, runtime result = 107030
[ERROR] RUNTIME(712583,):2026-01-15-10:30:15.009.669 [api_c_stream.cc:412]712583 rtsStreamSetAttribute:report error module_name=EE1001
[ERROR] RUNTIME(712583,):2026-01-15-10:30:15.009.675 [api_c_stream.cc:412]712583 rtsStreamSetAttribute:Invalid stream attribute ID: 4, Supported stream attribute IDs: [1, 4).
[ERROR] RUNTIME(712583,):2026-01-15-10:30:15.009.706 [api_c_stream.cc:416]712583 rtsStreamSetAttribute:ErrCode=107000, desc=[invalid value], InnerCode=0x7110001
[ERROR] RUNTIME(712583,):2026-01-15-10:30:15.009.709 [error_message_manage.cc:48]712583 FuncErrorReason:report error module_name=EE1001
[ERROR] RUNTIME(712583,):2026-01-15-10:30:15.009.712 [error_message_manage.cc:48]712583 FuncErrorReason:rtsStreamSetAttribute execute failed, reason=[invalid value]
[ERROR] ASCENDCL(712583,):2026-01-15-10:30:15.009.946 [stream.cpp:299]712583 aclrtSetStreamAttributeImpl: call rtsStreamSetAttribute failed, runtime result = 107000
[ERROR] RUNTIME(712583,):2026-01-15-10:30:15.088.146 [api_c_stream.cc:412]712583 rtsStreamSetAttribute:report error module_name=EE1001
[ERROR] RUNTIME(712583,):2026-01-15-10:30:15.088.153 [api_c_stream.cc:412]712583 rtsStreamSetAttribute:Invalid stream attribute ID: 4, Supported stream attribute IDs: [1, 4).
[ERROR] RUNTIME(712583,):2026-01-15-10:30:15.088.183 [api_c_stream.cc:416]712583 rtsStreamSetAttribute:ErrCode=107000, desc=[invalid value], InnerCode=0x7110001
[ERROR] RUNTIME(712583,):2026-01-15-10:30:15.088.186 [error_message_manage.cc:48]712583 FuncErrorReason:report error module_name=EE1001
[ERROR] RUNTIME(712583,):2026-01-15-10:30:15.088.189 [error_message_manage.cc:48]712583 FuncErrorReason:rtsStreamSetAttribute execute failed, reason=[invalid value]
[ERROR] ASCENDCL(712583,):2026-01-15-10:30:15.088.490 [stream.cpp:299]712583 aclrtSetStreamAttributeImpl: call rtsStreamSetAttribute failed, runtime result = 107000
[ERROR] RUNTIME(712583,):2026-01-15-10:30:15.694.453 [api_error.cc:1519]712583 MemCopySync:Memory copy sync failed, cnt=416, kind=1.
[ERROR] RUNTIME(712583,):2026-01-15-10:30:15.694.465 [api_c.cc:1197]712583 rtMemcpy:ErrCode=107030, desc=[the current capture mode does not support this operation], InnerCode=0x703001c
[ERROR] RUNTIME(712583,):2026-01-15-10:30:15.694.469 [error_message_manage.cc:53]712583 FuncErrorReason:report error module_type=3, module_name=EE8888
[ERROR] RUNTIME(712583,):2026-01-15-10:30:15.694.472 [error_message_manage.cc:53]712583 FuncErrorReason:rtMemcpy execute failed, reason=[the current capture mode does not support this operation]
[ERROR] ASCENDCL(712583,):2026-01-15-10:30:15.694.798 [memory.cpp:437]712583 aclrtMemcpyImpl: synchronized memcpy failed, kind = 1, runtime result = 107030
[ERROR] RUNTIME(712583,):2026-01-15-10:30:15.696.075 [api_error.cc:1519]712583 MemCopySync:Memory copy sync failed, cnt=72, kind=1.
[ERROR] RUNTIME(712583,):2026-01-15-10:30:15.696.085 [api_c.cc:1197]712583 rtMemcpy:ErrCode=107030, desc=[the current capture mode does not support this operation], InnerCode=0x703001c
[ERROR] RUNTIME(712583,):2026-01-15-10:30:15.696.087 [error_message_manage.cc:53]712583 FuncErrorReason:report error module_type=3, module_name=EE8888
[ERROR] RUNTIME(712583,):2026-01-15-10:30:15.696.090 [error_message_manage.cc:53]712583 FuncErrorReason:rtMemcpy execute failed, reason=[the current capture mode does not support this operation]
[ERROR] ASCENDCL(712583,):2026-01-15-10:30:15.696.309 [memory.cpp:437]712583 aclrtMemcpyImpl: synchronized memcpy failed, kind = 1, runtime result = 107030
[ERROR] RUNTIME(712583,):2026-01-15-10:30:15.992.269 [api_c_stream.cc:412]712583 rtsStreamSetAttribute:report error module_name=EE1001
[ERROR] RUNTIME(712583,):2026-01-15-10:30:15.992.275 [api_c_stream.cc:412]712583 rtsStreamSetAttribute:Invalid stream attribute ID: 4, Supported stream attribute IDs: [1, 4).
[ERROR] RUNTIME(712583,):2026-01-15-10:30:15.992.305 [api_c_stream.cc:416]712583 rtsStreamSetAttribute:ErrCode=107000, desc=[invalid value], InnerCode=0x7110001
[ERROR] RUNTIME(712583,):2026-01-15-10:30:15.992.307 [error_message_manage.cc:48]712583 FuncErrorReason:report error module_name=EE1001
[ERROR] RUNTIME(712583,):2026-01-15-10:30:15.992.310 [error_message_manage.cc:48]712583 FuncErrorReason:rtsStreamSetAttribute execute failed, reason=[invalid value]
[ERROR] ASCENDCL(712583,):2026-01-15-10:30:15.992.545 [stream.cpp:299]712583 aclrtSetStreamAttributeImpl: call rtsStreamSetAttribute failed, runtime result = 107000
[ERROR] RUNTIME(712583,):2026-01-15-10:30:16.076.467 [api_c_stream.cc:412]712583 rtsStreamSetAttribute:report error module_name=EE1001
[ERROR] RUNTIME(712583,):2026-01-15-10:30:16.076.473 [api_c_stream.cc:412]712583 rtsStreamSetAttribute:Invalid stream attribute ID: 4, Supported stream attribute IDs: [1, 4).
[ERROR] RUNTIME(712583,):2026-01-15-10:30:16.076.500 [api_c_stream.cc:416]712583 rtsStreamSetAttribute:ErrCode=107000, desc=[invalid value], InnerCode=0x7110001
[ERROR] RUNTIME(712583,):2026-01-15-10:30:16.076.502 [error_message_manage.cc:48]712583 FuncErrorReason:report error module_name=EE1001
[ERROR] RUNTIME(712583,):2026-01-15-10:30:16.076.505 [error_message_manage.cc:48]712583 FuncErrorReason:rtsStreamSetAttribute execute failed, reason=[invalid value]
[ERROR] ASCENDCL(712583,):2026-01-15-10:30:16.076.707 [stream.cpp:299]712583 aclrtSetStreamAttributeImpl: call rtsStreamSetAttribute failed, runtime result = 107000
[ERROR] RUNTIME(712583,):2026-01-15-10:30:16.702.364 [api_error.cc:1519]712583 MemCopySync:Memory copy sync failed, cnt=416, kind=1.
[ERROR] RUNTIME(712583,):2026-01-15-10:30:16.702.375 [api_c.cc:1197]712583 rtMemcpy:ErrCode=107030, desc=[the current capture mode does not support this operation], InnerCode=0x703001c
[ERROR] RUNTIME(712583,):2026-01-15-10:30:16.702.377 [error_message_manage.cc:53]712583 FuncErrorReason:report error module_type=3, module_name=EE8888
[ERROR] RUNTIME(712583,):2026-01-15-10:30:16.702.380 [error_message_manage.cc:53]712583 FuncErrorReason:rtMemcpy execute failed, reason=[the current capture mode does not support this operation]
[ERROR] ASCENDCL(712583,):2026-01-15-10:30:16.702.646 [memory.cpp:437]712583 aclrtMemcpyImpl: synchronized memcpy failed, kind = 1, runtime result = 107030
[ERROR] RUNTIME(712583,):2026-01-15-10:30:16.703.761 [api_error.cc:1519]712583 MemCopySync:Memory copy sync failed, cnt=72, kind=1.
[ERROR] RUNTIME(712583,):2026-01-15-10:30:16.703.769 [api_c.cc:1197]712583 rtMemcpy:ErrCode=107030, desc=[the current capture mode does not support this operation], InnerCode=0x703001c
[ERROR] RUNTIME(712583,):2026-01-15-10:30:16.703.772 [error_message_manage.cc:53]712583 FuncErrorReason:report error module_type=3, module_name=EE8888
[ERROR] RUNTIME(712583,):2026-01-15-10:30:16.703.774 [error_message_manage.cc:53]712583 FuncErrorReason:rtMemcpy execute failed, reason=[the current capture mode does not support this operation]
[ERROR] ASCENDCL(712583,):2026-01-15-10:30:16.703.917 [memory.cpp:437]712583 aclrtMemcpyImpl: synchronized memcpy failed, kind = 1, runtime result = 107030
[ERROR] RUNTIME(712583,):2026-01-15-10:30:16.950.158 [api_c_stream.cc:412]712583 rtsStreamSetAttribute:report error module_name=EE1001
[ERROR] RUNTIME(712583,):2026-01-15-10:30:16.950.163 [api_c_stream.cc:412]712583 rtsStreamSetAttribute:Invalid stream attribute ID: 4, Supported stream attribute IDs: [1, 4).
[ERROR] RUNTIME(712583,):2026-01-15-10:30:16.950.191 [api_c_stream.cc:416]712583 rtsStreamSetAttribute:ErrCode=107000, desc=[invalid value], InnerCode=0x7110001
[ERROR] RUNTIME(712583,):2026-01-15-10:30:16.950.193 [error_message_manage.cc:48]712583 FuncErrorReason:report error module_name=EE1001
[ERROR] RUNTIME(712583,):2026-01-15-10:30:16.950.196 [error_message_manage.cc:48]712583 FuncErrorReason:rtsStreamSetAttribute execute failed, reason=[invalid value]
[ERROR] ASCENDCL(712583,):2026-01-15-10:30:16.950.437 [stream.cpp:299]712583 aclrtSetStreamAttributeImpl: call rtsStreamSetAttribute failed, runtime result = 107000
[ERROR] RUNTIME(712583,):2026-01-15-10:30:17.050.627 [api_c_stream.cc:412]712583 rtsStreamSetAttribute:report error module_name=EE1001
[ERROR] RUNTIME(712583,):2026-01-15-10:30:17.050.633 [api_c_stream.cc:412]712583 rtsStreamSetAttribute:Invalid stream attribute ID: 4, Supported stream attribute IDs: [1, 4).
[ERROR] RUNTIME(712583,):2026-01-15-10:30:17.050.662 [api_c_stream.cc:416]712583 rtsStreamSetAttribute:ErrCode=107000, desc=[invalid value], InnerCode=0x7110001
[ERROR] RUNTIME(712583,):2026-01-15-10:30:17.050.664 [error_message_manage.cc:48]712583 FuncErrorReason:report error module_name=EE1001
[ERROR] RUNTIME(712583,):2026-01-15-10:30:17.050.667 [error_message_manage.cc:48]712583 FuncErrorReason:rtsStreamSetAttribute execute failed, reason=[invalid value]
[ERROR] ASCENDCL(712583,):2026-01-15-10:30:17.050.868 [stream.cpp:299]712583 aclrtSetStreamAttributeImpl: call rtsStreamSetAttribute failed, runtime result = 107000
[ERROR] RUNTIME(712583,):2026-01-15-10:30:17.696.473 [api_error.cc:1519]712583 MemCopySync:Memory copy sync failed, cnt=416, kind=1.
[ERROR] RUNTIME(712583,):2026-01-15-10:30:17.696.483 [api_c.cc:1197]712583 rtMemcpy:ErrCode=107030, desc=[the current capture mode does not support this operation], InnerCode=0x703001c
[ERROR] RUNTIME(712583,):2026-01-15-10:30:17.696.486 [error_message_manage.cc:53]712583 FuncErrorReason:report error module_type=3, module_name=EE8888
[ERROR] RUNTIME(712583,):2026-01-15-10:30:17.696.488 [error_message_manage.cc:53]712583 FuncErrorReason:rtMemcpy execute failed, reason=[the current capture mode does not support this operation]
[ERROR] ASCENDCL(712583,):2026-01-15-10:30:17.696.802 [memory.cpp:437]712583 aclrtMemcpyImpl: synchronized memcpy failed, kind = 1, runtime result = 107030
[ERROR] RUNTIME(712583,):2026-01-15-10:30:17.697.840 [api_error.cc:1519]712583 MemCopySync:Memory copy sync failed, cnt=72, kind=1.
[ERROR] RUNTIME(712583,):2026-01-15-10:30:17.697.848 [api_c.cc:1197]712583 rtMemcpy:ErrCode=107030, desc=[the current capture mode does not support this operation], InnerCode=0x703001c
[ERROR] RUNTIME(712583,):2026-01-15-10:30:17.697.851 [error_message_manage.cc:53]712583 FuncErrorReason:report error module_type=3, module_name=EE8888
[ERROR] RUNTIME(712583,):2026-01-15-10:30:17.697.854 [error_message_manage.cc:53]712583 FuncErrorReason:rtMemcpy execute failed, reason=[the current capture mode does not support this operation]
[ERROR] ASCENDCL(712583,):2026-01-15-10:30:17.698.044 [memory.cpp:437]712583 aclrtMemcpyImpl: synchronized memcpy failed, kind = 1, runtime result = 107030
[ERROR] RUNTIME(712583,):2026-01-15-10:30:17.995.680 [api_c_stream.cc:412]712583 rtsStreamSetAttribute:report error module_name=EE1001
[ERROR] RUNTIME(712583,):2026-01-15-10:30:17.995.685 [api_c_stream.cc:412]712583 rtsStreamSetAttribute:Invalid stream attribute ID: 4, Supported stream attribute IDs: [1, 4).
[ERROR] RUNTIME(712583,):2026-01-15-10:30:17.995.716 [api_c_stream.cc:416]712583 rtsStreamSetAttribute:ErrCode=107000, desc=[invalid value], InnerCode=0x7110001
[ERROR] RUNTIME(712583,):2026-01-15-10:30:17.995.719 [error_message_manage.cc:48]712583 FuncErrorReason:report error module_name=EE1001
[ERROR] RUNTIME(712583,):2026-01-15-10:30:17.995.722 [error_message_manage.cc:48]712583 FuncErrorReason:rtsStreamSetAttribute execute failed, reason=[invalid value]
[ERROR] ASCENDCL(712583,):2026-01-15-10:30:17.995.955 [stream.cpp:299]712583 aclrtSetStreamAttributeImpl: call rtsStreamSetAttribute failed, runtime result = 107000
[ERROR] RUNTIME(712583,):2026-01-15-10:30:35.491.830 [stars_engine.cc:1502]717557 ProcLogicCqReport:Task run failed, device_id=5, stream_id=401, task_id=6133, sqe_type=0(ffts), errType=0x1(task exception), sqSwStatus=0
[ERROR] RUNTIME(712583,):2026-01-15-10:30:35.815.056 [device_error_core_proc.cc:333]717557 ProcessStarsCoreErrorInfo:report error module_type=5, module_name=EZ9999
[ERROR] RUNTIME(712583,):2026-01-15-10:30:35.815.072 [device_error_core_proc.cc:333]717557 ProcessStarsCoreErrorInfo:The error from device(chipId:2, dieId:1), serial number is 6, there is an exception of aivec error, core id is 1, error code = 0, dump info: pc start: 0x12c0c13f2470, current: 0x12c0c13f3320, vec error info: 0x7216c91000, mte error info: 0x9671fe80ad, ifu error info: 0x212c2b170db80, ccu error info: 0x4f0006c400000000, cube error info: 0, biu error info: 0, aic error mask: 0x6500020bd00028c, para base: 0x12c145bae000.
[ERROR] RUNTIME(712583,):2026-01-15-10:30:35.815.117 [device_error_core_proc.cc:353]717557 ProcessStarsCoreErrorInfo:report error module_type=5, module_name=EZ9999
[ERROR] RUNTIME(712583,):2026-01-15-10:30:35.815.122 [device_error_core_proc.cc:353]717557 ProcessStarsCoreErrorInfo:The extend info: errcode:(0, 0x8000, 0) errorStr: When the D-cache reads and writes data to the UB, the response value returned by the bus is a non-zero value. fixp_error0 info: 0x1fe80ad, fixp_error1 info: 0x96, fsmId:0, tslot:3, thread:0, ctxid:0, blk:22, sublk:0, subErrType:4.
[ERROR] RUNTIME(712583,):2026-01-15-10:30:35.815.134 [device_error_core_proc.cc:333]717557 ProcessStarsCoreErrorInfo:report error module_type=5, module_name=EZ9999
[ERROR] RUNTIME(712583,):2026-01-15-10:30:35.815.137 [device_error_core_proc.cc:333]717557 ProcessStarsCoreErrorInfo:The error from device(chipId:2, dieId:1), serial number is 6, there is an exception of aivec error, core id is 5, error code = 0, dump info: pc start: 0x12c0c13f2470, current: 0x12c0c13f3320, vec error info: 0x8901308cfe, mte error info: 0x5b06000034, ifu error info: 0x212c212111a00, ccu error info: 0x8d8d888f00000000, cube error info: 0, biu error info: 0, aic error mask: 0x6500020bd00028c, para base: 0x12c145bae000.
[ERROR] RUNTIME(712583,):2026-01-15-10:30:35.815.148 [device_error_core_proc.cc:353]717557 ProcessStarsCoreErrorInfo:report error module_type=5, module_name=EZ9999
[ERROR] RUNTIME(712583,):2026-01-15-10:30:35.815.151 [device_error_core_proc.cc:353]717557 ProcessStarsCoreErrorInfo:The extend info: errcode:(0, 0x8000, 0) errorStr: When the D-cache reads and writes data to the UB, the response value returned by the bus is a non-zero value. fixp_error0 info: 0x6000034, fixp_error1 info: 0x5b, fsmId:0, tslot:3, thread:0, ctxid:0, blk:26, sublk:0, subErrType:4.
[ERROR] RUNTIME(712583,):2026-01-15-10:30:35.815.161 [device_error_core_proc.cc:333]717557 ProcessStarsCoreErrorInfo:report error module_type=5, module_name=EZ9999
[ERROR] RUNTIME(712583,):2026-01-15-10:30:35.815.165 [device_error_core_proc.cc:333]717557 ProcessStarsCoreErrorInfo:The error from device(chipId:2, dieId:1), serial number is 6, there is an exception of aivec error, core id is 18, error code = 0, dump info: pc start: 0x12c0c13f2470, current: 0x12c0c13f3320, vec error info: 0x7519540696, mte error info: 0x5b06000034, ifu error info: 0x212c1007dcb80, ccu error info: 0xfd8040d000000000, cube error info: 0, biu error info: 0, aic error mask: 0x6500020bd00028c, para base: 0x12c145bae000.
[ERROR] RUNTIME(712583,):2026-01-15-10:30:35.815.177 [device_error_core_proc.cc:353]717557 ProcessStarsCoreErrorInfo:report error module_type=5, module_name=EZ9999
[ERROR] RUNTIME(712583,):2026-01-15-10:30:35.815.179 [device_error_core_proc.cc:353]717557 ProcessStarsCoreErrorInfo:The extend info: errcode:(0, 0x8000, 0) errorStr: When the D-cache reads and writes data to the UB, the response value returned by the bus is a non-zero value. fixp_error0 info: 0x6000034, fixp_error1 info: 0x5b, fsmId:0, tslot:3, thread:0, ctxid:0, blk:39, sublk:0, subErrType:4.
[ERROR] RUNTIME(712583,):2026-01-15-10:30:35.815.190 [device_error_core_proc.cc:333]717557 ProcessStarsCoreErrorInfo:report error module_type=5, module_name=EZ9999
[ERROR] RUNTIME(712583,):2026-01-15-10:30:35.815.193 [device_error_core_proc.cc:333]717557 ProcessStarsCoreErrorInfo:The error from device(chipId:2, dieId:1), serial number is 6, there is an exception of aivec error, core id is 23, error code = 0, dump info: pc start: 0x12c0c13f2470, current: 0x12c0c13f3320, vec error info: 0xcd19b76ca6, mte error info: 0x13c0030b92, ifu error info: 0x212c1007dcb80, ccu error info: 0xf0a080c00000000, cube error info: 0, biu error info: 0, aic error mask: 0x6500020bd00028c, para base: 0x12c145bae000.
[ERROR] RUNTIME(712583,):2026-01-15-10:30:35.815.204 [device_error_core_proc.cc:353]717557 ProcessStarsCoreErrorInfo:report error module_type=5, module_name=EZ9999
[ERROR] RUNTIME(712583,):2026-01-15-10:30:35.815.207 [device_error_core_proc.cc:353]717557 ProcessStarsCoreErrorInfo:The extend info: errcode:(0, 0x8000, 0) errorStr: When the D-cache reads and writes data to the UB, the response value returned by the bus is a non-zero value. fixp_error0 info: 0x30b92, fixp_error1 info: 0x13, fsmId:0, tslot:3, thread:0, ctxid:0, blk:44, sublk:0, subErrType:4.
[ERROR] RUNTIME(712583,):2026-01-15-10:30:35.815.215 [device_error_core_proc.cc:333]717557 ProcessStarsCoreErrorInfo:report error module_type=5, module_name=EZ9999
[ERROR] RUNTIME(712583,):2026-01-15-10:30:35.815.219 [device_error_core_proc.cc:333]717557 ProcessStarsCoreErrorInfo:The error from device(chipId:2, dieId:1), serial number is 6, there is an exception of aivec error, core id is 29, error code = 0, dump info: pc start: 0x12c0c13f2470, current: 0x12c0c13f3320, vec error info: 0xe3129282a9, mte error info: 0x10f8275b71, ifu error info: 0x212be52af0b00, ccu error info: 0x19af024800000000, cube error info: 0, biu error info: 0, aic error mask: 0x6500020bd00028c, para base: 0x12c145bae000.
[ERROR] RUNTIME(712583,):2026-01-15-10:30:35.815.229 [device_error_core_proc.cc:353]717557 ProcessStarsCoreErrorInfo:report error module_type=5, module_name=EZ9999
[ERROR] RUNTIME(712583,):2026-01-15-10:30:35.815.232 [device_error_core_proc.cc:353]717557 ProcessStarsCoreErrorInfo:The extend info: errcode:(0, 0x8000, 0) errorStr: When the D-cache reads and writes data to the UB, the response value returned by the bus is a non-zero value. fixp_error0 info: 0x8275b71, fixp_error1 info: 0x10, fsmId:0, tslot:3, thread:0, ctxid:0, blk:0, sublk:0, subErrType:4.
[ERROR] RUNTIME(712583,):2026-01-15-10:30:35.815.239 [device_error_core_proc.cc:333]717557 ProcessStarsCoreErrorInfo:report error module_type=5, module_name=EZ9999
[ERROR] RUNTIME(712583,):2026-01-15-10:30:35.815.243 [device_error_core_proc.cc:333]717557 ProcessStarsCoreErrorInfo:The error from device(chipId:2, dieId:1), serial number is 6, there is an exception of aivec error, core id is 31, error code = 0, dump info: pc start: 0x12c0c13f2470, current: 0x12c0c13f3320, vec error info: 0xe10a8d0cb9, mte error info: 0x5b06000034, ifu error info: 0x212c3101f3c00, ccu error info: 0x1a65b82100000000, cube error info: 0, biu error info: 0, aic error mask: 0x6500020bd00028c, para base: 0x12c145bae000.
[ERROR] RUNTIME(712583,):2026-01-15-10:30:35.815.253 [device_error_core_proc.cc:353]717557 ProcessStarsCoreErrorInfo:report error module_type=5, module_name=EZ9999
[ERROR] RUNTIME(712583,):2026-01-15-10:30:35.815.256 [device_error_core_proc.cc:353]717557 ProcessStarsCoreErrorInfo:The extend info: errcode:(0, 0x8000, 0) errorStr: When the D-cache reads and writes data to the UB, the response value returned by the bus is a non-zero value. fixp_error0 info: 0x6000034, fixp_error1 info: 0x5b, fsmId:0, tslot:3, thread:0, ctxid:0, blk:2, sublk:0, subErrType:4.
[ERROR] RUNTIME(712583,):2026-01-15-10:30:35.815.289 [device_error_core_proc.cc:333]717557 ProcessStarsCoreErrorInfo:report error module_type=5, module_name=EZ9999
[ERROR] RUNTIME(712583,):2026-01-15-10:30:35.815.293 [device_error_core_proc.cc:333]717557 ProcessStarsCoreErrorInfo:The error from device(chipId:2, dieId:1), serial number is 6, there is an exception of aivec error, core id is 32, error code = 0, dump info: pc start: 0x12c0c13f2470, current: 0x12c0c13f3320, vec error info: 0x6b11ffc394, mte error info: 0xd706000064, ifu error info: 0x212c212111a00, ccu error info: 0x8cdf81b100000000, cube error info: 0, biu error info: 0, aic error mask: 0x6500020bd00028c, para base: 0x12c145bae000.
[ERROR] RUNTIME(712583,):2026-01-15-10:30:35.815.301 [device_error_core_proc.cc:353]717557 ProcessStarsCoreErrorInfo:report error module_type=5, module_name=EZ9999
[ERROR] RUNTIME(712583,):2026-01-15-10:30:35.815.304 [device_error_core_proc.cc:353]717557 ProcessStarsCoreErrorInfo:The extend info: errcode:(0, 0x8000, 0) errorStr: When the D-cache reads and writes data to the UB, the response value returned by the bus is a non-zero value. fixp_error0 info: 0x6000064, fixp_error1 info: 0xd7, fsmId:0, tslot:3, thread:0, ctxid:0, blk:3, sublk:0, subErrType:4.
[ERROR] RUNTIME(712583,):2026-01-15-10:30:35.815.312 [device_error_core_proc.cc:333]717557 ProcessStarsCoreErrorInfo:report error module_type=5, module_name=EZ9999
[ERROR] RUNTIME(712583,):2026-01-15-10:30:35.815.315 [device_error_core_proc.cc:333]717557 ProcessStarsCoreErrorInfo:The error from device(chipId:2, dieId:1), serial number is 6, there is an exception of aivec error, core id is 37, error code = 0, dump info: pc start: 0x12c0c13f2470, current: 0x12c0c13f3320, vec error info: 0xc811c8eb33, mte error info: 0x54b52b9a2b, ifu error info: 0x212bfb2fe6b80, ccu error info: 0xef1e051000000000, cube error info: 0, biu error info: 0, aic error mask: 0x6500020bd00028c, para base: 0x12c145bae000.
[ERROR] RUNTIME(712583,):2026-01-15-10:30:35.815.324 [device_error_core_proc.cc:353]717557 ProcessStarsCoreErrorInfo:report error module_type=5, module_name=EZ9999
[ERROR] RUNTIME(712583,):2026-01-15-10:30:35.815.327 [device_error_core_proc.cc:353]717557 ProcessStarsCoreErrorInfo:The extend info: errcode:(0, 0x8000, 0) errorStr: When the D-cache reads and writes data to the UB, the response value returned by the bus is a non-zero value. fixp_error0 info: 0x52b9a2b, fixp_error1 info: 0x54, fsmId:0, tslot:3, thread:0, ctxid:0, blk:8, sublk:0, subErrType:4.
[ERROR] RUNTIME(712583,):2026-01-15-10:30:35.815.335 [device_error_core_proc.cc:333]717557 ProcessStarsCoreErrorInfo:report error module_type=5, module_name=EZ9999
[ERROR] RUNTIME(712583,):2026-01-15-10:30:35.815.339 [device_error_core_proc.cc:333]717557 ProcessStarsCoreErrorInfo:The error from device(chipId:2, dieId:1), serial number is 6, there is an exception of aivec error, core id is 38, error code = 0, dump info: pc start: 0x12c0c13f2470, current: 0x12c0c13f3320, vec error info: 0xe210b217d9, mte error info: 0xee7ffc795c, ifu error info: 0x212bea1cf1b40, ccu error info: 0x9901c99f00000000, cube error info: 0, biu error info: 0, aic error mask: 0x6500020bd00028c, para base: 0x12c145bae000.
[ERROR] RUNTIME(712583,):2026-01-15-10:30:35.815.354 [device_error_core_proc.cc:353]717557 ProcessStarsCoreErrorInfo:report error module_type=5, module_name=EZ9999
[ERROR] RUNTIME(712583,):2026-01-15-10:30:35.815.357 [device_error_core_proc.cc:353]717557 ProcessStarsCoreErrorInfo:The extend info: errcode:(0, 0x8000, 0) errorStr: When the D-cache reads and writes data to the UB, the response value returned by the bus is a non-zero value. fixp_error0 info: 0xffc795c, fixp_error1 info: 0xee, fsmId:0, tslot:3, thread:0, ctxid:0, blk:9, sublk:0, subErrType:4.
[ERROR] RUNTIME(712583,):2026-01-15-10:30:35.815.365 [device_error_core_proc.cc:333]717557 ProcessStarsCoreErrorInfo:report error module_type=5, module_name=EZ9999
[ERROR] RUNTIME(712583,):2026-01-15-10:30:35.815.369 [device_error_core_proc.cc:333]717557 ProcessStarsCoreErrorInfo:The error from device(chipId:2, dieId:1), serial number is 6, there is an exception of aivec error, core id is 44, error code = 0, dump info: pc start: 0x12c0c13f2470, current: 0x12c0c13f3320, vec error info: 0x690cd4c4cd, mte error info: 0x15bff81ddf, ifu error info: 0x212c1e0be8b40, ccu error info: 0x54b4d99100000000, cube error info: 0, biu error info: 0, aic error mask: 0x6500020bd00028c, para base: 0x12c145bae000.
[ERROR] RUNTIME(712583,):2026-01-15-10:30:35.815.377 [device_error_core_proc.cc:353]717557 ProcessStarsCoreErrorInfo:report error module_type=5, module_name=EZ9999
[ERROR] RUNTIME(712583,):2026-01-15-10:30:35.815.380 [device_error_core_proc.cc:353]717557 ProcessStarsCoreErrorInfo:The extend info: errcode:(0, 0x8000, 0) errorStr: When the D-cache reads and writes data to the UB, the response value returned by the bus is a non-zero value. fixp_error0 info: 0xff81ddf, fixp_error1 info: 0x15, fsmId:0, tslot:3, thread:0, ctxid:0, blk:15, sublk:0, subErrType:4.
[ERROR] RUNTIME(712583,):2026-01-15-10:30:35.815.388 [device_error_core_proc.cc:333]717557 ProcessStarsCoreErrorInfo:report error module_type=5, module_name=EZ9999
[ERROR] RUNTIME(712583,):2026-01-15-10:30:35.815.392 [device_error_core_proc.cc:333]717557 ProcessStarsCoreErrorInfo:The error from device(chipId:2, dieId:1), serial number is 6, there is an exception of aivec error, core id is 47, error code = 0, dump info: pc start: 0x12c0c13f2470, current: 0x12c0c13f3328, vec error info: 0x9705f7e114, mte error info: 0xb0f2110959, ifu error info: 0x212c4742bae40, ccu error info: 0xea28fe09660000c4, cube error info: 0, biu error info: 0, aic error mask: 0x6500020bd00028c, para base: 0x12c145bae000.
[ERROR] RUNTIME(712583,):2026-01-15-10:30:35.815.401 [device_error_core_proc.cc:353]717557 ProcessStarsCoreErrorInfo:report error module_type=5, module_name=EZ9999
[ERROR] RUNTIME(712583,):2026-01-15-10:30:35.815.403 [device_error_core_proc.cc:353]717557 ProcessStarsCoreErrorInfo:The extend info: errcode:(0, 0x200000000000000, 0) errorStr: The MPU address access is invalid. fixp_error0 info: 0x2110959, fixp_error1 info: 0xb0, fsmId:0, tslot:3, thread:0, ctxid:0, blk:18, sublk:0, subErrType:4.
[ERROR] RUNTIME(712583,):2026-01-15-10:30:35.815.430 [device_error_core_proc.cc:333]717557 ProcessStarsCoreErrorInfo:report error module_type=5, module_name=EZ9999
[ERROR] RUNTIME(712583,):2026-01-15-10:30:35.815.434 [device_error_core_proc.cc:333]717557 ProcessStarsCoreErrorInfo:The error from device(chipId:2, dieId:1), serial number is 6, there is an exception of aivec error, core id is 2, error code = 0, dump info: pc start: 0x12c0c13f2470, current: 0x12c0c13f3320, vec error info: 0xc905b8828c, mte error info: 0xfb1c85dd7, ifu error info: 0x212c212111a00, ccu error info: 0x8683922800000000, cube error info: 0, biu error info: 0, aic error mask: 0x6500020bd00028c, para base: 0x12c145bae000.
[ERROR] RUNTIME(712583,):2026-01-15-10:30:35.815.442 [device_error_core_proc.cc:353]717557 ProcessStarsCoreErrorInfo:report error module_type=5, module_name=EZ9999
[ERROR] RUNTIME(712583,):2026-01-15-10:30:35.815.445 [device_error_core_proc.cc:353]717557 ProcessStarsCoreErrorInfo:The extend info: errcode:(0, 0x8000, 0) errorStr: When the D-cache reads and writes data to the UB, the response value returned by the bus is a non-zero value. fixp_error0 info: 0x1c85dd7, fixp_error1 info: 0xf, fsmId:1, tslot:3, thread:0, ctxid:0, blk:23, sublk:0, subErrType:4.
[ERROR] RUNTIME(712583,):2026-01-15-10:30:35.815.452 [device_error_core_proc.cc:333]717557 ProcessStarsCoreErrorInfo:report error module_type=5, module_name=EZ9999
[ERROR] RUNTIME(712583,):2026-01-15-10:30:35.815.456 [device_error_core_proc.cc:333]717557 ProcessStarsCoreErrorInfo:The error from device(chipId:2, dieId:1), serial number is 6, there is an exception of aivec error, core id is 8, error code = 0, dump info: pc start: 0x12c0c13f2470, current: 0x12c0c13f3320, vec error info: 0x73105ed2a1, mte error info: 0x4e77a455e0, ifu error info: 0x212c212111a00, ccu error info: 0x2d780b5400000000, cube error info: 0, biu error info: 0, aic error mask: 0x6500020bd00028c, para base: 0x12c145bae000.
[ERROR] RUNTIME(712583,):2026-01-15-10:30:35.815.464 [device_error_core_proc.cc:353]717557 ProcessStarsCoreErrorInfo:report error module_type=5, module_name=EZ9999
[ERROR] RUNTIME(712583,):2026-01-15-10:30:35.815.466 [device_error_core_proc.cc:353]717557 ProcessStarsCoreErrorInfo:The extend info: errcode:(0, 0x8000, 0) errorStr: When the D-cache reads and writes data to the UB, the response value returned by the bus is a non-zero value. fixp_error0 info: 0x7a455e0, fixp_error1 info: 0x4e, fsmId:1, tslot:3, thread:0, ctxid:0, blk:29, sublk:0, subErrType:4.
[ERROR] RUNTIME(712583,):2026-01-15-10:30:35.815.480 [device_error_core_proc.cc:333]717557 ProcessStarsCoreErrorInfo:report error module_type=5, module_name=EZ9999
[ERROR] RUNTIME(712583,):2026-01-15-10:30:35.815.484 [device_error_core_proc.cc:333]717557 ProcessStarsCoreErrorInfo:The error from device(chipId:2, dieId:1), serial number is 6, there is an exception of aivec error, core id is 10, error code = 0, dump info: pc start: 0x12c0c13f2470, current: 0x12c0c13f3320, vec error info: 0xc10e7c5671, mte error info: 0x7fabf31f, ifu error info: 0x212c212111a00, ccu error info: 0x3489384900000000, cube error info: 0, biu error info: 0, aic error mask: 0x6500020bd00028c, para base: 0x12c145bae000.
[ERROR] RUNTIME(712583,):2026-01-15-10:30:35.815.491 [device_error_core_proc.cc:353]717557 ProcessStarsCoreErrorInfo:report error module_type=5, module_name=EZ9999
[ERROR] RUNTIME(712583,):2026-01-15-10:30:35.815.494 [device_error_core_proc.cc:353]717557 ProcessStarsCoreErrorInfo:The extend info: errcode:(0, 0x8000, 0) errorStr: When the D-cache reads and writes data to the UB, the response value returned by the bus is a non-zero value. fixp_error0 info: 0xfabf31f, fixp_error1 info: 0, fsmId:1, tslot:3, thread:0, ctxid:0, blk:31, sublk:0, subErrType:4.
[ERROR] RUNTIME(712583,):2026-01-15-10:30:35.815.502 [device_error_core_proc.cc:333]717557 ProcessStarsCoreErrorInfo:report error module_type=5, module_name=EZ9999
[ERROR] RUNTIME(712583,):2026-01-15-10:30:35.815.506 [device_error_core_proc.cc:333]717557 ProcessStarsCoreErrorInfo:The error from device(chipId:2, dieId:1), serial number is 6, there is an exception of aivec error, core id is 11, error code = 0, dump info: pc start: 0x12c0c13f2470, current: 0x12c0c13f3320, vec error info: 0x2000348fb0, mte error info: 0x5b06000034, ifu error info: 0x212c1e0be8b40, ccu error info: 0x29bd1b300000000, cube error info: 0, biu error info: 0, aic error mask: 0x6500020bd00028c, para base: 0x12c145bae000.
[ERROR] RUNTIME(712583,):2026-01-15-10:30:35.815.514 [device_error_core_proc.cc:353]717557 ProcessStarsCoreErrorInfo:report error module_type=5, module_name=EZ9999
[ERROR] RUNTIME(712583,):2026-01-15-10:30:35.815.517 [device_error_core_proc.cc:353]717557 ProcessStarsCoreErrorInfo:The extend info: errcode:(0, 0x8000, 0) errorStr: When the D-cache reads and writes data to the UB, the response value returned by the bus is a non-zero value. fixp_error0 info: 0x6000034, fixp_error1 info: 0x5b, fsmId:1, tslot:3, thread:0, ctxid:0, blk:32, sublk:0, subErrType:4.
[ERROR] RUNTIME(712583,):2026-01-15-10:30:35.815.524 [device_error_core_proc.cc:333]717557 ProcessStarsCoreErrorInfo:report error module_type=5, module_name=EZ9999
[ERROR] RUNTIME(712583,):2026-01-15-10:30:35.815.528 [device_error_core_proc.cc:333]717557 ProcessStarsCoreErrorInfo:The error from device(chipId:2, dieId:1), serial number is 6, there is an exception of aivec error, core id is 12, error code = 0, dump info: pc start: 0x12c0c13f2470, current: 0x12c0c13f3320, vec error info: 0x2901b8deb4, mte error info: 0x8e717c6292, ifu error info: 0x212bea1cf1b40, ccu error info: 0x9b32fa1000000000, cube error info: 0, biu error info: 0, aic error mask: 0x6500020bd00028c, para base: 0x12c145bae000.
[ERROR] RUNTIME(712583,):2026-01-15-10:30:35.815.536 [device_error_core_proc.cc:353]717557 ProcessStarsCoreErrorInfo:report error module_type=5, module_name=EZ9999
[ERROR] RUNTIME(712583,):2026-01-15-10:30:35.815.539 [device_error_core_proc.cc:353]717557 ProcessStarsCoreErrorInfo:The extend info: errcode:(0, 0x8000, 0) errorStr: When the D-cache reads and writes data to the UB, the response value returned by the bus is a non-zero value. fixp_error0 info: 0x17c6292, fixp_error1 info: 0x8e, fsmId:1, tslot:3, thread:0, ctxid:0, blk:33, sublk:0, subErrType:4.
[ERROR] RUNTIME(712583,):2026-01-15-10:30:35.815.545 [device_error_core_proc.cc:333]717557 ProcessStarsCoreErrorInfo:report error module_type=5, module_name=EZ9999
[ERROR] RUNTIME(712583,):2026-01-15-10:30:35.815.549 [device_error_core_proc.cc:333]717557 ProcessStarsCoreErrorInfo:The error from device(chipId:2, dieId:1), serial number is 6, there is an exception of aivec error, core id is 16, error code = 0, dump info: pc start: 0x12c0c13f2470, current: 0x12c0c13f3320, vec error info: 0x8b02a602d4, mte error info: 0xb0daf40814, ifu error info: 0x212c1007dcb80, ccu error info: 0x3918a4fd00000000, cube error info: 0, biu error info: 0, aic error mask: 0x6500020bd00028c, para base: 0x12c145bae000.
[ERROR] RUNTIME(712583,):2026-01-15-10:30:35.815.570 [device_error_core_proc.cc:353]717557 ProcessStarsCoreErrorInfo:report error module_type=5, module_name=EZ9999
[ERROR] RUNTIME(712583,):2026-01-15-10:30:35.815.572 [device_error_core_proc.cc:353]717557 ProcessStarsCoreErrorInfo:The extend info: errcode:(0, 0x8000, 0) errorStr: When the D-cache reads and writes data to the UB, the response value returned by the bus is a non-zero value. fixp_error0 info: 0xaf40814, fixp_error1 info: 0xb0, fsmId:1, tslot:3, thread:0, ctxid:0, blk:37, sublk:0, subErrType:4.
[ERROR] RUNTIME(712583,):2026-01-15-10:30:35.815.580 [device_error_core_proc.cc:333]717557 ProcessStarsCoreErrorInfo:report error module_type=5, module_name=EZ9999
[ERROR] RUNTIME(712583,):2026-01-15-10:30:35.815.584 [device_error_core_proc.cc:333]717557 ProcessStarsCoreErrorInfo:The error from device(chipId:2, dieId:1), serial number is 6, there is an exception of aivec error, core id is 17, error code = 0, dump info: pc start: 0x12c0c13f2470, current: 0x12c0c13f3320, vec error info: 0x6f101709a7, mte error info: 0xd706000064, ifu error info: 0x212bf5fce4c40, ccu error info: 0x310e8d8e00000000, cube error info: 0, biu error info: 0, aic error mask: 0x6500020bd00028c, para base: 0x12c145bae000.
[ERROR] RUNTIME(712583,):2026-01-15-10:30:35.815.592 [device_error_core_proc.cc:353]717557 ProcessStarsCoreErrorInfo:report error module_type=5, module_name=EZ9999
[ERROR] RUNTIME(712583,):2026-01-15-10:30:35.815.595 [device_error_core_proc.cc:353]717557 ProcessStarsCoreErrorInfo:The extend info: errcode:(0, 0x8000, 0) errorStr: When the D-cache reads and writes data to the UB, the response value returned by the bus is a non-zero value. fixp_error0 info: 0x6000064, fixp_error1 info: 0xd7, fsmId:1, tslot:3, thread:0, ctxid:0, blk:38, sublk:0, subErrType:4.
[ERROR] RUNTIME(712583,):2026-01-15-10:30:35.815.602 [device_error_core_proc.cc:333]717557 ProcessStarsCoreErrorInfo:report error module_type=5, module_name=EZ9999
[ERROR] RUNTIME(712583,):2026-01-15-10:30:35.815.605 [device_error_core_proc.cc:333]717557 ProcessStarsCoreErrorInfo:The error from device(chipId:2, dieId:1), serial number is 6, there is an exception of aivec error, core id is 21, error code = 0, dump info: pc start: 0x12c0c13f2470, current: 0x12c0c13f3320, vec error info: 0xf81bcc1cc6, mte error info: 0x1306f1c879, ifu error info: 0x212c0710fce00, ccu error info: 0x148191a600000000, cube error info: 0, biu error info: 0, aic error mask: 0x6500020bd00028c, para base: 0x12c145bae000.
[ERROR] RUNTIME(712583,):2026-01-15-10:30:35.815.613 [device_error_core_proc.cc:353]717557 ProcessStarsCoreErrorInfo:report error module_type=5, module_name=EZ9999
[ERROR] RUNTIME(712583,):2026-01-15-10:30:35.815.615 [device_error_core_proc.cc:353]717557 ProcessStarsCoreErrorInfo:The extend info: errcode:(0, 0x8000, 0) errorStr: When the D-cache reads and writes data to the UB, the response value returned by the bus is a non-zero value. fixp_error0 info: 0x6f1c879, fixp_error1 info: 0x13, fsmId:1, tslot:3, thread:0, ctxid:0, blk:42, sublk:0, subErrType:4.
[ERROR] RUNTIME(712583,):2026-01-15-10:30:35.815.623 [device_error_core_proc.cc:333]717557 ProcessStarsCoreErrorInfo:report error module_type=5, module_name=EZ9999
[ERROR] RUNTIME(712583,):2026-01-15-10:30:35.815.626 [device_error_core_proc.cc:333]717557 ProcessStarsCoreErrorInfo:The error from device(chipId:2, dieId:1), serial number is 6, there is an exception of aivec error, core id is 22, error code = 0, dump info: pc start: 0x12c0c13f2470, current: 0x12c0c13f3320, vec error info: 0xb21d031d0c, mte error info: 0xd706000064, ifu error info: 0x212c1007dcb80, ccu error info: 0x5084100000000000, cube error info: 0, biu error info: 0, aic error mask: 0x6500020bd00028c, para base: 0x12c145bae000.
[ERROR] RUNTIME(712583,):2026-01-15-10:30:35.815.634 [device_error_core_proc.cc:353]717557 ProcessStarsCoreErrorInfo:report error module_type=5, module_name=EZ9999
[ERROR] RUNTIME(712583,):2026-01-15-10:30:35.815.636 [device_error_core_proc.cc:353]717557 ProcessStarsCoreErrorInfo:The extend info: errcode:(0, 0x8000, 0) errorStr: When the D-cache reads and writes data to the UB, the response value returned by the bus is a non-zero value. fixp_error0 info: 0x6000064, fixp_error1 info: 0xd7, fsmId:1, tslot:3, thread:0, ctxid:0, blk:43, sublk:0, subErrType:4.
[ERROR] RUNTIME(712583,):2026-01-15-10:30:35.815.643 [device_error_core_proc.cc:333]717557 ProcessStarsCoreErrorInfo:report error module_type=5, module_name=EZ9999
[ERROR] RUNTIME(712583,):2026-01-15-10:30:35.815.647 [device_error_core_proc.cc:333]717557 ProcessStarsCoreErrorInfo:The error from device(chipId:2, dieId:1), serial number is 6, there is an exception of aivec error, core id is 25, error code = 0, dump info: pc start: 0x12c0c13f2470, current: 0x12c0c13f3320, vec error info: 0xa314af15a1, mte error info: 0xd706000064, ifu error info: 0x212be52af0b00, ccu error info: 0x332082a300000000, cube error info: 0, biu error info: 0, aic error mask: 0x6500020bd00028c, para base: 0x12c145bae000.
[ERROR] RUNTIME(712583,):2026-01-15-10:30:35.815.654 [device_error_core_proc.cc:353]717557 ProcessStarsCoreErrorInfo:report error module_type=5, module_name=EZ9999
[ERROR] RUNTIME(712583,):2026-01-15-10:30:35.815.657 [device_error_core_proc.cc:353]717557 ProcessStarsCoreErrorInfo:The extend info: errcode:(0, 0x8000, 0) errorStr: When the D-cache reads and writes data to the UB, the response value returned by the bus is a non-zero value. fixp_error0 info: 0x6000064, fixp_error1 info: 0xd7, fsmId:1, tslot:3, thread:0, ctxid:0, blk:46, sublk:0, subErrType:4.
[ERROR] RUNTIME(712583,):2026-01-15-10:30:35.815.675 [device_error_core_proc.cc:333]717557 ProcessStarsCoreErrorInfo:report error module_type=5, module_name=EZ9999
[ERROR] RUNTIME(712583,):2026-01-15-10:30:35.815.679 [device_error_core_proc.cc:333]717557 ProcessStarsCoreErrorInfo:The error from device(chipId:2, dieId:1), serial number is 6, there is an exception of aivec error, core id is 26, error code = 0, dump info: pc start: 0x12c0c13f2470, current: 0x12c0c13f3320, vec error info: 0x610f159105, mte error info: 0x5b06000034, ifu error info: 0x212c212111a00, ccu error info: 0x19f8805d00000000, cube error info: 0, biu error info: 0, aic error mask: 0x6500020bd00028c, para base: 0x12c145bae000.
[ERROR] RUNTIME(712583,):2026-01-15-10:30:35.815.687 [device_error_core_proc.cc:353]717557 ProcessStarsCoreErrorInfo:report error module_type=5, module_name=EZ9999
[ERROR] RUNTIME(712583,):2026-01-15-10:30:35.815.689 [device_error_core_proc.cc:353]717557 ProcessStarsCoreErrorInfo:The extend info: errcode:(0, 0x8000, 0) errorStr: When the D-cache reads and writes data to the UB, the response value returned by the bus is a non-zero value. fixp_error0 info: 0x6000034, fixp_error1 info: 0x5b, fsmId:1, tslot:3, thread:0, ctxid:0, blk:47, sublk:0, subErrType:4.
[ERROR] RUNTIME(712583,):2026-01-15-10:30:35.815.697 [device_error_core_proc.cc:333]717557 ProcessStarsCoreErrorInfo:report error module_type=5, module_name=EZ9999
[ERROR] RUNTIME(712583,):2026-01-15-10:30:35.815.701 [device_error_core_proc.cc:333]717557 ProcessStarsCoreErrorInfo:The error from device(chipId:2, dieId:1), serial number is 6, there is an exception of aivec error, core id is 43, error code = 0, dump info: pc start: 0x12c0c13f2470, current: 0x12c0c13f3320, vec error info: 0x630b042389, mte error info: 0x172a0254a4, ifu error info: 0x212c0a12e4c40, ccu error info: 0xef358c1200000000, cube error info: 0, biu error info: 0, aic error mask: 0x6500020bd00028c, para base: 0x12c145bae000.
[ERROR] RUNTIME(712583,):2026-01-15-10:30:35.815.709 [device_error_core_proc.cc:353]717557 ProcessStarsCoreErrorInfo:report error module_type=5, module_name=EZ9999
[ERROR] RUNTIME(712583,):2026-01-15-10:30:35.815.712 [device_error_core_proc.cc:353]717557 ProcessStarsCoreErrorInfo:The extend info: errcode:(0, 0x8000, 0) errorStr: When the D-cache reads and writes data to the UB, the response value returned by the bus is a non-zero value. fixp_error0 info: 0xa0254a4, fixp_error1 info: 0x17, fsmId:1, tslot:3, thread:0, ctxid:0, blk:14, sublk:0, subErrType:4.
[ERROR] RUNTIME(712583,):2026-01-15-10:30:35.815.721 [device_error_core_proc.cc:369]717557 ProcessStarsCoreErrorInfo:mte error, devId=5, streamId=401, taskId=6133, errorCode=0.
[ERROR] RUNTIME(712583,):2026-01-15-10:30:35.815.730 [stream.cc:3285]717557 EnterFailureAbort:stream_id=401 enter failure abort.
[ERROR] RUNTIME(712583,):2026-01-15-10:30:35.815.749 [davinci_kernel_task.cc:1634]717557 SetStarsResultForDavinciTask:AIV Kernel happen error, retCode=0x31.
[ERROR] RUNTIME(712583,):2026-01-15-10:30:35.821.666 [davinci_kernel_task.cc:1555]717557 PreCheckTaskErr:report error module_type=5, module_name=EZ9999
[ERROR] RUNTIME(712583,):2026-01-15-10:30:35.821.674 [davinci_kernel_task.cc:1555]717557 PreCheckTaskErr:Kernel task happen error, retCode=0x31, [vector core exception].
[ERROR] RUNTIME(712583,):2026-01-15-10:30:35.821.695 [stream.cc:1188]717557 GetError:Stream Synchronize failed, stream_id=401, retCode=0x31, [vector core exception].
[ERROR] RUNTIME(712583,):2026-01-15-10:30:35.821.699 [stream.cc:1191]717557 GetError:report error module_type=5, module_name=EZ9999
[ERROR] RUNTIME(712583,):2026-01-15-10:30:35.821.700 [stream.cc:1191]717557 GetError:AIV Kernel happen error, retCode=0x31.
[ERROR] RUNTIME(712583,):2026-01-15-10:30:35.821.780 [davinci_kernel_task.cc:1397]717557 GetArgsInfo:[AIC_INFO] args(0 to 19) after execute:0x12c141800000, 0, 0x13db14730000, 0x13a700087c00, 0x13db08f64000, 0x13a700001200, 0x13a7000a7400, 0x13a700001a00, 0, 0, 0, 0, 0, 0, 0, 0, 0, 0, 0, 0x13a700295400,  
[ERROR] RUNTIME(712583,):2026-01-15-10:30:35.821.785 [davinci_kernel_task.cc:1397]717557 GetArgsInfo:[AIC_INFO] args(20 to 39) after execute:0x13db09828000, 0x12c145bae0c0, 0x12c100011000, 0, 0x200000064, 0x15800000040, 0, 0, 0, 0xc000000000000, 0, 0, 0x1000000, 0, 0x616e5f70756f7267, 0x335f656d, 0, 0, 0, 0,  
[ERROR] RUNTIME(712583,):2026-01-15-10:30:35.821.788 [davinci_kernel_task.cc:1397]717557 GetArgsInfo:[AIC_INFO] args(40 to 59) after execute:0, 0, 0, 0, 0, 0, 0, 0, 0, 0, 0x6c6c416f746c6c41, 0x3a306c6576656c3d, 0x6873656d6c6c7566, 0x3a316c6576656c3b, 0x6573697772696170, 0, 0, 0, 0, 0,  
[ERROR] RUNTIME(712583,):2026-01-15-10:30:35.821.792 [davinci_kernel_task.cc:1397]717557 GetArgsInfo:[AIC_INFO] args(60 to 79) after execute:0, 0, 0, 0, 0, 0, 0x8, 0x1000000, 0, 0, 0, 0, 0, 0, 0, 0, 0, 0, 0, 0,  
[ERROR] RUNTIME(712583,):2026-01-15-10:30:35.821.796 [davinci_kernel_task.cc:1397]717557 GetArgsInfo:[AIC_INFO] args(80 to 99) after execute:0, 0, 0, 0, 0, 0x6353656375646552, 0x656c3d7265747461, 0x6e69723a306c6576, 0x67, 0, 0, 0, 0, 0, 0, 0, 0, 0, 0, 0,  
[ERROR] RUNTIME(712583,):2026-01-15-10:30:35.821.800 [davinci_kernel_task.cc:1397]717557 GetArgsInfo:[AIC_INFO] args(100 to 117) after execute:0, 0x7, 0x100000010, 0x5, 0, 0x10000000000, 0x10, 0, 0x4600000460, 0x1c0000000008, 0x30, 0x2ff00, 0x64000000, 0, 0xa5a5a5a50a0136b2, 0xc8000000b0, 0x6b5f6c636362696c, 0x6f732e6c656e7265,  
[ERROR] RUNTIME(712583,):2026-01-15-10:30:35.821.802 [davinci_kernel_task.cc:1400]717557 GetArgsInfo:tilingKey = 10000, print 6 Times totalLen=(118*8), argsSize=944, blockDim=48
[ERROR] RUNTIME(712583,):2026-01-15-10:30:35.821.810 [davinci_kernel_task.cc:1441]717557 PrintErrorInfoForDavinciTask:[AIC_INFO] after execute:args print end
[ERROR] RUNTIME(712583,):2026-01-15-10:30:35.821.862 [davinci_kernel_task.cc:1471]717557 PrintErrorInfoForDavinciTask:Aicore kernel execute failed, device_id=5, stream_id=401, report_stream_id=401, task_id=6133, flip_num=0, fault kernel_name=MoeDistributeCombineV2_4030d5415709a15a5d3e30ef32635eec_10000, fault kernel info ext=none, program id=74, hash=14554461284017152246.
[ERROR] IDEDD(712583,):2026-01-15-10:30:35.829.079 [dump_args.cpp:1048][tid:717557] [AIC_INFO] args(0 to 20) after execute:0x12c141800000, 0, 0x13db14730000, 0x13a700087c00, 0x13db08f64000, 0x13a700001200, 0x13a7000a7400, 0x13a700001a00, 0, 0, 0, 0, 0, 0, 0, 0, 0, 0, 0, 0x13a700295400, 
[ERROR] IDEDD(712583,):2026-01-15-10:30:35.829.439 [dump_args.cpp:1048][tid:717557] [AIC_INFO] args(20 to 40) after execute:0x13db09828000, 0x12c145bae0c0, 0x12c100011000, 0, 0x200000064, 0x15800000040, 0, 0, 0, 0xc000000000000, 0, 0, 0x1000000, 0, 0x616e5f70756f7267, 0x335f656d, 0, 0, 0, 0, 
[ERROR] IDEDD(712583,):2026-01-15-10:30:35.829.619 [dump_args.cpp:1048][tid:717557] [AIC_INFO] args(40 to 60) after execute:0, 0, 0, 0, 0, 0, 0, 0, 0, 0, 0x6c6c416f746c6c41, 0x3a306c6576656c3d, 0x6873656d6c6c7566, 0x3a316c6576656c3b, 0x6573697772696170, 0, 0, 0, 0, 0, 
[ERROR] IDEDD(712583,):2026-01-15-10:30:35.829.762 [dump_args.cpp:1048][tid:717557] [AIC_INFO] args(60 to 80) after execute:0, 0, 0, 0, 0, 0, 0x8, 0x1000000, 0, 0, 0, 0, 0, 0, 0, 0, 0, 0, 0, 0, 
[ERROR] IDEDD(712583,):2026-01-15-10:30:35.829.883 [dump_args.cpp:1048][tid:717557] [AIC_INFO] args(80 to 100) after execute:0, 0, 0, 0, 0, 0x6353656375646552, 0x656c3d7265747461, 0x6e69723a306c6576, 0x67, 0, 0, 0, 0, 0, 0, 0, 0, 0, 0, 0, 
[ERROR] IDEDD(712583,):2026-01-15-10:30:35.829.986 [dump_args.cpp:1048][tid:717557] [AIC_INFO] args(100 to 118) after execute:0, 0x7, 0x100000010, 0x5, 0, 0x10000000000, 0x10, 0, 0x4600000460, 0x1c0000000008, 0x30, 0x2ff00, 0x64000000, 0, 0xa5a5a5a50a0136b2, 0xc8000000b0, 0x6b5f6c636362696c, 0x6f732e6c656e7265, 
[ERROR] IDEDD(712583,):2026-01-15-10:30:35.830.086 [dump_args.cpp:897][tid:717557] [AIC_INFO] after execute:args print end
[ERROR] IDEDD(712583,):2026-01-15-10:30:35.830.451 [dump_args.cpp:536][tid:717557] [Dump][Exception] begin to load mc2, index:0
[ERROR] IDEDD(712583,):2026-01-15-10:30:35.830.577 [dump_args.cpp:1048][tid:717557] [Dump][Exception] exception info dump mc2 data, addr:0x12c141800000; size:0 bytes
[ERROR] IDEDD(712583,):2026-01-15-10:30:35.830.675 [dump_args.cpp:545][tid:717557] [Dump][Exception] end to load mc2, index:0
[ERROR] IDEDD(712583,):2026-01-15-10:30:35.830.792 [dump_args.cpp:536][tid:717557] [Dump][Exception] begin to load mc2, index:1
[ERROR] IDEDD(712583,):2026-01-15-10:30:35.830.894 [dump_args.cpp:1048][tid:717557] [Dump][Exception] exception info dump mc2 data, addr:0; size:0 bytes
[ERROR] IDEDD(712583,):2026-01-15-10:30:35.830.995 [dump_args.cpp:545][tid:717557] [Dump][Exception] end to load mc2, index:1
[ERROR] IDEDD(712583,):2026-01-15-10:30:35.831.114 [dump_args.cpp:1048][tid:717557] [Dump][Exception] begin to load normal tensor, index:2
[ERROR] IDEDD(712583,):2026-01-15-10:30:35.831.216 [dump_args.cpp:415][tid:717557] [Dump][Exception] tensor type:2, pointer type:1
[ERROR] IDEDD(712583,):2026-01-15-10:30:35.831.309 [dump_args.cpp:1048][tid:717557] [Dump][Exception] exception info dump args data, addr:0x13db14730000; size:32 bytes
[ERROR] IDEDD(712583,):2026-01-15-10:30:35.831.401 [dump_args.cpp:1048][tid:717557] [Dump][Exception] end to load normal tensor, index:2
[ERROR] IDEDD(712583,):2026-01-15-10:30:35.831.522 [dump_args.cpp:1048][tid:717557] [Dump][Exception] begin to load normal tensor, index:3
[ERROR] IDEDD(712583,):2026-01-15-10:30:35.831.635 [dump_args.cpp:415][tid:717557] [Dump][Exception] tensor type:2, pointer type:1
[ERROR] IDEDD(712583,):2026-01-15-10:30:35.831.730 [dump_args.cpp:1048][tid:717557] [Dump][Exception] exception info dump args data, addr:0x13a700087c00; size:32 bytes
[ERROR] IDEDD(712583,):2026-01-15-10:30:35.831.824 [dump_args.cpp:1048][tid:717557] [Dump][Exception] end to load normal tensor, index:3
[ERROR] IDEDD(712583,):2026-01-15-10:30:35.831.935 [dump_args.cpp:1048][tid:717557] [Dump][Exception] begin to load normal tensor, index:4
[ERROR] IDEDD(712583,):2026-01-15-10:30:35.832.030 [dump_args.cpp:415][tid:717557] [Dump][Exception] tensor type:2, pointer type:1
[ERROR] IDEDD(712583,):2026-01-15-10:30:35.832.124 [dump_args.cpp:1048][tid:717557] [Dump][Exception] exception info dump args data, addr:0x13db08f64000; size:256901120 bytes
[ERROR] IDEDD(712583,):2026-01-15-10:30:35.832.215 [dump_args.cpp:1048][tid:717557] [Dump][Exception] end to load normal tensor, index:4
[ERROR] IDEDD(712583,):2026-01-15-10:30:35.832.317 [dump_args.cpp:1048][tid:717557] [Dump][Exception] begin to load normal tensor, index:5
[ERROR] IDEDD(712583,):2026-01-15-10:30:35.832.403 [dump_args.cpp:415][tid:717557] [Dump][Exception] tensor type:2, pointer type:1
[ERROR] IDEDD(712583,):2026-01-15-10:30:35.832.494 [dump_args.cpp:1048][tid:717557] [Dump][Exception] exception info dump args data, addr:0x13a700001200; size:2240 bytes
[ERROR] IDEDD(712583,):2026-01-15-10:30:35.832.579 [dump_args.cpp:1048][tid:717557] [Dump][Exception] end to load normal tensor, index:5
[ERROR] IDEDD(712583,):2026-01-15-10:30:35.832.678 [dump_args.cpp:1048][tid:717557] [Dump][Exception] begin to load normal tensor, index:6
[ERROR] IDEDD(712583,):2026-01-15-10:30:35.832.764 [dump_args.cpp:415][tid:717557] [Dump][Exception] tensor type:2, pointer type:1
[ERROR] IDEDD(712583,):2026-01-15-10:30:35.832.853 [dump_args.cpp:1048][tid:717557] [Dump][Exception] exception info dump args data, addr:0x13a7000a7400; size:9175040 bytes
[ERROR] IDEDD(712583,):2026-01-15-10:30:35.832.948 [dump_args.cpp:1048][tid:717557] [Dump][Exception] end to load normal tensor, index:6
[ERROR] IDEDD(712583,):2026-01-15-10:30:35.833.056 [dump_args.cpp:1048][tid:717557] [Dump][Exception] begin to load normal tensor, index:7
[ERROR] IDEDD(712583,):2026-01-15-10:30:35.833.144 [dump_args.cpp:415][tid:717557] [Dump][Exception] tensor type:2, pointer type:1
[ERROR] IDEDD(712583,):2026-01-15-10:30:35.833.229 [dump_args.cpp:1048][tid:717557] [Dump][Exception] exception info dump args data, addr:0x13a700001a00; size:1024 bytes
[ERROR] IDEDD(712583,):2026-01-15-10:30:35.833.315 [dump_args.cpp:1048][tid:717557] [Dump][Exception] end to load normal tensor, index:7
[ERROR] IDEDD(712583,):2026-01-15-10:30:35.833.410 [dump_args.cpp:1048][tid:717557] [Dump][Exception] begin to load normal tensor, index:8
[ERROR] IDEDD(712583,):2026-01-15-10:30:35.833.494 [dump_args.cpp:415][tid:717557] [Dump][Exception] tensor type:2, pointer type:1
[ERROR] IDEDD(712583,):2026-01-15-10:30:35.833.578 [dump_args.cpp:1048][tid:717557] [Dump][Exception] exception info dump args data, addr:0; size:2240 bytes
[ERROR] IDEDD(712583,):2026-01-15-10:30:35.833.661 [dump_args.cpp:1048][tid:717557] [Dump][Exception] end to load normal tensor, index:8
[ERROR] IDEDD(712583,):2026-01-15-10:30:35.833.755 [dump_args.cpp:1048][tid:717557] [Dump][Exception] begin to load normal tensor, index:9
[ERROR] IDEDD(712583,):2026-01-15-10:30:35.833.837 [dump_args.cpp:415][tid:717557] [Dump][Exception] tensor type:2, pointer type:1
[ERROR] IDEDD(712583,):2026-01-15-10:30:35.833.919 [dump_args.cpp:1048][tid:717557] [Dump][Exception] exception info dump args data, addr:0; size:32 bytes
[ERROR] IDEDD(712583,):2026-01-15-10:30:35.834.001 [dump_args.cpp:1048][tid:717557] [Dump][Exception] end to load normal tensor, index:9
[ERROR] IDEDD(712583,):2026-01-15-10:30:35.834.093 [dump_args.cpp:1048][tid:717557] [Dump][Exception] begin to load normal tensor, index:10
[ERROR] IDEDD(712583,):2026-01-15-10:30:35.834.176 [dump_args.cpp:415][tid:717557] [Dump][Exception] tensor type:2, pointer type:1
[ERROR] IDEDD(712583,):2026-01-15-10:30:35.834.257 [dump_args.cpp:1048][tid:717557] [Dump][Exception] exception info dump args data, addr:0; size:0 bytes
[ERROR] IDEDD(712583,):2026-01-15-10:30:35.834.337 [dump_args.cpp:1048][tid:717557] [Dump][Exception] end to load normal tensor, index:10
[ERROR] IDEDD(712583,):2026-01-15-10:30:35.834.430 [dump_args.cpp:1048][tid:717557] [Dump][Exception] begin to load normal tensor, index:11
[ERROR] IDEDD(712583,):2026-01-15-10:30:35.834.511 [dump_args.cpp:415][tid:717557] [Dump][Exception] tensor type:2, pointer type:1
[ERROR] IDEDD(712583,):2026-01-15-10:30:35.834.594 [dump_args.cpp:1048][tid:717557] [Dump][Exception] exception info dump args data, addr:0; size:0 bytes
[ERROR] IDEDD(712583,):2026-01-15-10:30:35.834.675 [dump_args.cpp:1048][tid:717557] [Dump][Exception] end to load normal tensor, index:11
[ERROR] IDEDD(712583,):2026-01-15-10:30:35.834.765 [dump_args.cpp:1048][tid:717557] [Dump][Exception] begin to load normal tensor, index:12
[ERROR] IDEDD(712583,):2026-01-15-10:30:35.834.847 [dump_args.cpp:415][tid:717557] [Dump][Exception] tensor type:2, pointer type:1
[ERROR] IDEDD(712583,):2026-01-15-10:30:35.834.936 [dump_args.cpp:1048][tid:717557] [Dump][Exception] exception info dump args data, addr:0; size:0 bytes
[ERROR] IDEDD(712583,):2026-01-15-10:30:35.835.017 [dump_args.cpp:1048][tid:717557] [Dump][Exception] end to load normal tensor, index:12
[ERROR] IDEDD(712583,):2026-01-15-10:30:35.835.106 [dump_args.cpp:1048][tid:717557] [Dump][Exception] begin to load normal tensor, index:13
[ERROR] IDEDD(712583,):2026-01-15-10:30:35.835.187 [dump_args.cpp:415][tid:717557] [Dump][Exception] tensor type:2, pointer type:1
[ERROR] IDEDD(712583,):2026-01-15-10:30:35.835.268 [dump_args.cpp:1048][tid:717557] [Dump][Exception] exception info dump args data, addr:0; size:0 bytes
[ERROR] IDEDD(712583,):2026-01-15-10:30:35.835.348 [dump_args.cpp:1048][tid:717557] [Dump][Exception] end to load normal tensor, index:13
[ERROR] IDEDD(712583,):2026-01-15-10:30:35.835.448 [dump_args.cpp:1048][tid:717557] [Dump][Exception] begin to load normal tensor, index:14
[ERROR] IDEDD(712583,):2026-01-15-10:30:35.835.529 [dump_args.cpp:415][tid:717557] [Dump][Exception] tensor type:2, pointer type:1
[ERROR] IDEDD(712583,):2026-01-15-10:30:35.835.610 [dump_args.cpp:1048][tid:717557] [Dump][Exception] exception info dump args data, addr:0; size:0 bytes
[ERROR] IDEDD(712583,):2026-01-15-10:30:35.835.698 [dump_args.cpp:1048][tid:717557] [Dump][Exception] end to load normal tensor, index:14
[ERROR] IDEDD(712583,):2026-01-15-10:30:35.835.800 [dump_args.cpp:1048][tid:717557] [Dump][Exception] begin to load normal tensor, index:15
[ERROR] IDEDD(712583,):2026-01-15-10:30:35.835.898 [dump_args.cpp:415][tid:717557] [Dump][Exception] tensor type:2, pointer type:1
[ERROR] IDEDD(712583,):2026-01-15-10:30:35.835.992 [dump_args.cpp:1048][tid:717557] [Dump][Exception] exception info dump args data, addr:0; size:0 bytes
[ERROR] IDEDD(712583,):2026-01-15-10:30:35.836.081 [dump_args.cpp:1048][tid:717557] [Dump][Exception] end to load normal tensor, index:15
[ERROR] IDEDD(712583,):2026-01-15-10:30:35.836.181 [dump_args.cpp:1048][tid:717557] [Dump][Exception] begin to load normal tensor, index:16
[ERROR] IDEDD(712583,):2026-01-15-10:30:35.836.280 [dump_args.cpp:415][tid:717557] [Dump][Exception] tensor type:2, pointer type:1
[ERROR] IDEDD(712583,):2026-01-15-10:30:35.836.367 [dump_args.cpp:1048][tid:717557] [Dump][Exception] exception info dump args data, addr:0; size:0 bytes
[ERROR] IDEDD(712583,):2026-01-15-10:30:35.836.450 [dump_args.cpp:1048][tid:717557] [Dump][Exception] end to load normal tensor, index:16
[ERROR] IDEDD(712583,):2026-01-15-10:30:35.836.538 [dump_args.cpp:1048][tid:717557] [Dump][Exception] begin to load normal tensor, index:17
[ERROR] IDEDD(712583,):2026-01-15-10:30:35.836.625 [dump_args.cpp:415][tid:717557] [Dump][Exception] tensor type:2, pointer type:1
[ERROR] IDEDD(712583,):2026-01-15-10:30:35.836.709 [dump_args.cpp:1048][tid:717557] [Dump][Exception] exception info dump args data, addr:0; size:0 bytes
[ERROR] IDEDD(712583,):2026-01-15-10:30:35.836.789 [dump_args.cpp:1048][tid:717557] [Dump][Exception] end to load normal tensor, index:17
[ERROR] IDEDD(712583,):2026-01-15-10:30:35.836.876 [dump_args.cpp:1048][tid:717557] [Dump][Exception] begin to load normal tensor, index:18
[ERROR] IDEDD(712583,):2026-01-15-10:30:35.836.959 [dump_args.cpp:415][tid:717557] [Dump][Exception] tensor type:2, pointer type:1
[ERROR] IDEDD(712583,):2026-01-15-10:30:35.837.047 [dump_args.cpp:1048][tid:717557] [Dump][Exception] exception info dump args data, addr:0; size:0 bytes
[ERROR] IDEDD(712583,):2026-01-15-10:30:35.837.144 [dump_args.cpp:1048][tid:717557] [Dump][Exception] end to load normal tensor, index:18
[ERROR] IDEDD(712583,):2026-01-15-10:30:35.837.246 [dump_args.cpp:1048][tid:717557] [Dump][Exception] begin to load normal tensor, index:19
[ERROR] IDEDD(712583,):2026-01-15-10:30:35.837.343 [dump_args.cpp:415][tid:717557] [Dump][Exception] tensor type:3, pointer type:1
[ERROR] IDEDD(712583,):2026-01-15-10:30:35.837.440 [dump_args.cpp:1048][tid:717557] [Dump][Exception] exception info dump args data, addr:0x13a700295400; size:0 bytes
[ERROR] IDEDD(712583,):2026-01-15-10:30:35.837.538 [dump_args.cpp:1048][tid:717557] [Dump][Exception] end to load normal tensor, index:19
[ERROR] IDEDD(712583,):2026-01-15-10:30:35.837.624 [dump_args.cpp:509][tid:717557] [Dump][Exception] begin to load workspace, index:20
[ERROR] IDEDD(712583,):2026-01-15-10:30:35.837.704 [dump_args.cpp:1048][tid:717557] [Dump][Exception] exception info dump args data, addr:0x13db09828000; size:0 bytes
[ERROR] IDEDD(712583,):2026-01-15-10:30:35.837.786 [dump_args.cpp:529][tid:717557] [Dump][Exception] end to load workspace, index:20
[ERROR] IDEDD(712583,):2026-01-15-10:30:35.837.868 [dump_args.cpp:581][tid:717557] [Dump][Exception] begin to load tiling data, index:21
[ERROR] IDEDD(712583,):2026-01-15-10:30:35.837.952 [dump_args.cpp:112][tid:717557] The shape data address[0xaaab218137b8] is over the max address[0xaaab218137b8].
[ERROR] IDEDD(712583,):2026-01-15-10:30:35.838.038 [dump_args.cpp:1048][tid:717557] [Dump][Exception] exception info dump args data, addr:0x12c145bae0c0; size:728 bytes
[ERROR] IDEDD(712583,):2026-01-15-10:30:35.838.120 [dump_args.cpp:595][tid:717557] [Dump][Exception] end to load tiling data, index:21
[ERROR] IDEDD(712583,):2026-01-15-10:30:35.854.662 [dump_file.cpp:165][tid:717557] [Dump][Exception] the address maybe invalid, addr info: 0;2240.
[ERROR] IDEDD(712583,):2026-01-15-10:30:35.854.863 [dump_file.cpp:165][tid:717557] [Dump][Exception] the address maybe invalid, addr info: 0;32.
[ERROR] IDEDD(712583,):2026-01-15-10:30:35.855.296 [adump_dsmi.cpp:143][tid:717557] Can't get device nums, ret=0
[ERROR] DRV(712583,):2026-01-15-10:30:36.683.745 [drv_share_log.c:238][ascend][curpid:712583,717557][drv][devmm][share_log_read_in_single_module]Invalid addr range. (va=0x13a7008a7400; mng->va=0x13a700000000; mng->size=74088185856) Oper address failed. (va=0x13a7000a7400; ref_flag=0xb8; ref_lock=0; ref_free:0; ref_count=5; convert=0; async=0)
[ERROR] DRV(712583,):2026-01-15-10:30:36.683.761 [devmm_svm.c:451][ascend][curpid:712583,717557][drv][devmm][devmm_copy_ioctl]<errno:22, 8> Ioctl error. (cmd=3243789573; ret=8; dst=0x12c045000000; src=0x13a7000a7400; size=9175040)
[ERROR] DRV(712583,):2026-01-15-10:30:36.683.767 [devmm_virt_com_heap.c:1613][ascend][curpid:712583,717557][drv][devmm][devmm_print_svm_va_info]<errno:22, 8> Va info. (va=0x13a7000a7400; start=0x13a700000000; end=0x13a7001fffff; module_name=APP; devid=5)
[ERROR] DRV(712583,):2026-01-15-10:30:36.683.772 [devmm_virt_com_heap.c:1613][ascend][curpid:712583,717557][drv][devmm][devmm_print_svm_va_info]<errno:22, 8> Va info. (va=0x12c045000000; start=0x12c045000000; end=0x12c0459fffff; module_name=IDEDD; devid=0)
[ERROR] RUNTIME(712583,):2026-01-15-10:30:36.683.828 [npu_driver.cc:2977]717557 MemCopySync:[drv api] drvMemcpy failed: destMax=9175040, size=9175040(bytes), kind=2, devId=4294967295, drvRetCode=8!
[ERROR] RUNTIME(712583,):2026-01-15-10:30:36.683.833 [api_error.cc:1519]717557 MemCopySync:Memory copy sync failed, cnt=9175040, kind=2.
[ERROR] RUNTIME(712583,):2026-01-15-10:30:36.683.850 [api_c.cc:1197]717557 rtMemcpy:ErrCode=507899, desc=[driver error:internal error], InnerCode=0x7020010
[ERROR] RUNTIME(712583,):2026-01-15-10:30:36.683.854 [error_message_manage.cc:53]717557 FuncErrorReason:report error module_type=3, module_name=EE8888
[ERROR] RUNTIME(712583,):2026-01-15-10:30:36.683.857 [error_message_manage.cc:53]717557 FuncErrorReason:rtMemcpy execute failed, reason=[driver error:internal error]
[ERROR] IDEDD(712583,):2026-01-15-10:30:36.684.088 [dump_memory.cpp:59][tid:717557] Call rtMemcpy failed, ret: 0x7BFFB
[ERROR] IDEDD(712583,):2026-01-15-10:30:36.684.186 [dump_file.cpp:506][tid:717557] [Dump][Exception] the address maybe invalid, D2H failed, addr info: 0x13a7000a7400;9175040.
[ERROR] RUNTIME(712583,):2026-01-15-10:30:36.695.370 [api_impl.cc:2164]717878 EventQueryStatus:context is abort, status=0x715005e.
[ERROR] RUNTIME(712583,):2026-01-15-10:30:36.695.387 [api_c.cc:844]717878 rtEventQueryStatus:ErrCode=507035, desc=[vector core exception], InnerCode=0x715005e
[ERROR] RUNTIME(712583,):2026-01-15-10:30:36.695.391 [error_message_manage.cc:53]717878 FuncErrorReason:report error module_type=3, module_name=EE8888
[ERROR] RUNTIME(712583,):2026-01-15-10:30:36.695.394 [error_message_manage.cc:53]717878 FuncErrorReason:rtEventQueryStatus execute failed, reason=[vector core exception]
[ERROR] ASCENDCL(712583,):2026-01-15-10:30:36.695.656 [event.cpp:150]717878 aclrtQueryEventStatusImpl: [Query][Status]query event recorded status failed, runtime result = 507035
[ERROR] APP(712583,):2026-01-15-10:30:36.699.594 [log_inner.cpp:77]aclAppLog call vsnprintf_s failed
