[ERROR] RUNTIME(712966,10):2026-01-15-10:28:25.810.217 [api_c_stream.cc:412]712966 rtsStreamSetAttribute:report error module_name=EE1001
[ERROR] RUNTIME(712966,10):2026-01-15-10:28:25.810.223 [api_c_stream.cc:412]712966 rtsStreamSetAttribute:Invalid stream attribute ID: 4, Supported stream attribute IDs: [1, 4).
[ERROR] RUNTIME(712966,10):2026-01-15-10:28:25.810.255 [api_c_stream.cc:416]712966 rtsStreamSetAttribute:ErrCode=107000, desc=[invalid value], InnerCode=0x7110001
[ERROR] RUNTIME(712966,10):2026-01-15-10:28:25.810.257 [error_message_manage.cc:48]712966 FuncErrorReason:report error module_name=EE1001
[ERROR] RUNTIME(712966,10):2026-01-15-10:28:25.810.260 [error_message_manage.cc:48]712966 FuncErrorReason:rtsStreamSetAttribute execute failed, reason=[invalid value]
[ERROR] ASCENDCL(712966,10):2026-01-15-10:28:25.810.435 [stream.cpp:299]712966 aclrtSetStreamAttributeImpl: call rtsStreamSetAttribute failed, runtime result = 107000
[ERROR] RUNTIME(712966,10):2026-01-15-10:28:26.712.816 [api_error.cc:1519]712966 MemCopySync:Memory copy sync failed, cnt=416, kind=1.
[ERROR] RUNTIME(712966,10):2026-01-15-10:28:26.712.827 [api_c.cc:1197]712966 rtMemcpy:ErrCode=107030, desc=[the current capture mode does not support this operation], InnerCode=0x703001c
[ERROR] RUNTIME(712966,10):2026-01-15-10:28:26.712.830 [error_message_manage.cc:53]712966 FuncErrorReason:report error module_type=3, module_name=EE8888
[ERROR] RUNTIME(712966,10):2026-01-15-10:28:26.712.833 [error_message_manage.cc:53]712966 FuncErrorReason:rtMemcpy execute failed, reason=[the current capture mode does not support this operation]
[ERROR] ASCENDCL(712966,10):2026-01-15-10:28:26.712.986 [memory.cpp:437]712966 aclrtMemcpyImpl: synchronized memcpy failed, kind = 1, runtime result = 107030
[ERROR] RUNTIME(712966,10):2026-01-15-10:28:26.736.135 [api_error.cc:1519]712966 MemCopySync:Memory copy sync failed, cnt=72, kind=1.
[ERROR] RUNTIME(712966,10):2026-01-15-10:28:26.736.145 [api_c.cc:1197]712966 rtMemcpy:ErrCode=107030, desc=[the current capture mode does not support this operation], InnerCode=0x703001c
[ERROR] RUNTIME(712966,10):2026-01-15-10:28:26.736.147 [error_message_manage.cc:53]712966 FuncErrorReason:report error module_type=3, module_name=EE8888
[ERROR] RUNTIME(712966,10):2026-01-15-10:28:26.736.150 [error_message_manage.cc:53]712966 FuncErrorReason:rtMemcpy execute failed, reason=[the current capture mode does not support this operation]
[ERROR] ASCENDCL(712966,10):2026-01-15-10:28:26.736.265 [memory.cpp:437]712966 aclrtMemcpyImpl: synchronized memcpy failed, kind = 1, runtime result = 107030
[ERROR] RUNTIME(712966,10):2026-01-15-10:28:28.225.578 [api_error.cc:1519]712966 MemCopySync:Memory copy sync failed, cnt=416, kind=1.
[ERROR] RUNTIME(712966,10):2026-01-15-10:28:28.225.588 [api_c.cc:1197]712966 rtMemcpy:ErrCode=107030, desc=[the current capture mode does not support this operation], InnerCode=0x703001c
[ERROR] RUNTIME(712966,10):2026-01-15-10:28:28.225.591 [error_message_manage.cc:53]712966 FuncErrorReason:report error module_type=3, module_name=EE8888
[ERROR] RUNTIME(712966,10):2026-01-15-10:28:28.225.594 [error_message_manage.cc:53]712966 FuncErrorReason:rtMemcpy execute failed, reason=[the current capture mode does not support this operation]
[ERROR] ASCENDCL(712966,10):2026-01-15-10:28:28.225.839 [memory.cpp:437]712966 aclrtMemcpyImpl: synchronized memcpy failed, kind = 1, runtime result = 107030
[ERROR] RUNTIME(712966,10):2026-01-15-10:28:28.962.685 [api_error.cc:1519]712966 MemCopySync:Memory copy sync failed, cnt=72, kind=1.
[ERROR] RUNTIME(712966,10):2026-01-15-10:28:28.962.694 [api_c.cc:1197]712966 rtMemcpy:ErrCode=107030, desc=[the current capture mode does not support this operation], InnerCode=0x703001c
[ERROR] RUNTIME(712966,10):2026-01-15-10:28:28.962.697 [error_message_manage.cc:53]712966 FuncErrorReason:report error module_type=3, module_name=EE8888
[ERROR] RUNTIME(712966,10):2026-01-15-10:28:28.962.700 [error_message_manage.cc:53]712966 FuncErrorReason:rtMemcpy execute failed, reason=[the current capture mode does not support this operation]
[ERROR] ASCENDCL(712966,10):2026-01-15-10:28:28.962.921 [memory.cpp:437]712966 aclrtMemcpyImpl: synchronized memcpy failed, kind = 1, runtime result = 107030
[ERROR] RUNTIME(712966,10):2026-01-15-10:28:29.721.173 [api_error.cc:1519]712966 MemCopySync:Memory copy sync failed, cnt=416, kind=1.
[ERROR] RUNTIME(712966,10):2026-01-15-10:28:29.721.183 [api_c.cc:1197]712966 rtMemcpy:ErrCode=107030, desc=[the current capture mode does not support this operation], InnerCode=0x703001c
[ERROR] RUNTIME(712966,10):2026-01-15-10:28:29.721.186 [error_message_manage.cc:53]712966 FuncErrorReason:report error module_type=3, module_name=EE8888
[ERROR] RUNTIME(712966,10):2026-01-15-10:28:29.721.189 [error_message_manage.cc:53]712966 FuncErrorReason:rtMemcpy execute failed, reason=[the current capture mode does not support this operation]
[ERROR] ASCENDCL(712966,10):2026-01-15-10:28:29.721.350 [memory.cpp:437]712966 aclrtMemcpyImpl: synchronized memcpy failed, kind = 1, runtime result = 107030
[ERROR] RUNTIME(712966,10):2026-01-15-10:28:30.613.714 [api_error.cc:1519]712966 MemCopySync:Memory copy sync failed, cnt=72, kind=1.
[ERROR] RUNTIME(712966,10):2026-01-15-10:28:30.613.724 [api_c.cc:1197]712966 rtMemcpy:ErrCode=107030, desc=[the current capture mode does not support this operation], InnerCode=0x703001c
[ERROR] RUNTIME(712966,10):2026-01-15-10:28:30.613.727 [error_message_manage.cc:53]712966 FuncErrorReason:report error module_type=3, module_name=EE8888
[ERROR] RUNTIME(712966,10):2026-01-15-10:28:30.613.731 [error_message_manage.cc:53]712966 FuncErrorReason:rtMemcpy execute failed, reason=[the current capture mode does not support this operation]
[ERROR] ASCENDCL(712966,10):2026-01-15-10:28:30.614.000 [memory.cpp:437]712966 aclrtMemcpyImpl: synchronized memcpy failed, kind = 1, runtime result = 107030
[ERROR] RUNTIME(712966,10):2026-01-15-10:28:31.430.118 [api_error.cc:1519]712966 MemCopySync:Memory copy sync failed, cnt=416, kind=1.
[ERROR] RUNTIME(712966,10):2026-01-15-10:28:31.430.127 [api_c.cc:1197]712966 rtMemcpy:ErrCode=107030, desc=[the current capture mode does not support this operation], InnerCode=0x703001c
[ERROR] RUNTIME(712966,10):2026-01-15-10:28:31.430.130 [error_message_manage.cc:53]712966 FuncErrorReason:report error module_type=3, module_name=EE8888
[ERROR] RUNTIME(712966,10):2026-01-15-10:28:31.430.133 [error_message_manage.cc:53]712966 FuncErrorReason:rtMemcpy execute failed, reason=[the current capture mode does not support this operation]
[ERROR] ASCENDCL(712966,10):2026-01-15-10:28:31.430.352 [memory.cpp:437]712966 aclrtMemcpyImpl: synchronized memcpy failed, kind = 1, runtime result = 107030
[ERROR] RUNTIME(712966,10):2026-01-15-10:28:32.244.062 [api_error.cc:1519]712966 MemCopySync:Memory copy sync failed, cnt=72, kind=1.
[ERROR] RUNTIME(712966,10):2026-01-15-10:28:32.244.073 [api_c.cc:1197]712966 rtMemcpy:ErrCode=107030, desc=[the current capture mode does not support this operation], InnerCode=0x703001c
[ERROR] RUNTIME(712966,10):2026-01-15-10:28:32.244.076 [error_message_manage.cc:53]712966 FuncErrorReason:report error module_type=3, module_name=EE8888
[ERROR] RUNTIME(712966,10):2026-01-15-10:28:32.244.079 [error_message_manage.cc:53]712966 FuncErrorReason:rtMemcpy execute failed, reason=[the current capture mode does not support this operation]
[ERROR] ASCENDCL(712966,10):2026-01-15-10:28:32.244.355 [memory.cpp:437]712966 aclrtMemcpyImpl: synchronized memcpy failed, kind = 1, runtime result = 107030
[ERROR] RUNTIME(712966,10):2026-01-15-10:28:32.321.906 [api_error.cc:1519]712966 MemCopySync:Memory copy sync failed, cnt=416, kind=1.
[ERROR] RUNTIME(712966,10):2026-01-15-10:28:32.321.915 [api_c.cc:1197]712966 rtMemcpy:ErrCode=107030, desc=[the current capture mode does not support this operation], InnerCode=0x703001c
[ERROR] RUNTIME(712966,10):2026-01-15-10:28:32.321.918 [error_message_manage.cc:53]712966 FuncErrorReason:report error module_type=3, module_name=EE8888
[ERROR] RUNTIME(712966,10):2026-01-15-10:28:32.321.921 [error_message_manage.cc:53]712966 FuncErrorReason:rtMemcpy execute failed, reason=[the current capture mode does not support this operation]
[ERROR] ASCENDCL(712966,10):2026-01-15-10:28:32.323.067 [memory.cpp:437]712966 aclrtMemcpyImpl: synchronized memcpy failed, kind = 1, runtime result = 107030
[ERROR] RUNTIME(712966,10):2026-01-15-10:28:32.394.723 [api_error.cc:1519]712966 MemCopySync:Memory copy sync failed, cnt=72, kind=1.
[ERROR] RUNTIME(712966,10):2026-01-15-10:28:32.394.731 [api_c.cc:1197]712966 rtMemcpy:ErrCode=107030, desc=[the current capture mode does not support this operation], InnerCode=0x703001c
[ERROR] RUNTIME(712966,10):2026-01-15-10:28:32.394.734 [error_message_manage.cc:53]712966 FuncErrorReason:report error module_type=3, module_name=EE8888
[ERROR] RUNTIME(712966,10):2026-01-15-10:28:32.394.737 [error_message_manage.cc:53]712966 FuncErrorReason:rtMemcpy execute failed, reason=[the current capture mode does not support this operation]
[ERROR] ASCENDCL(712966,10):2026-01-15-10:28:32.394.949 [memory.cpp:437]712966 aclrtMemcpyImpl: synchronized memcpy failed, kind = 1, runtime result = 107030
[ERROR] RUNTIME(712966,10):2026-01-15-10:28:32.475.999 [api_error.cc:1519]712966 MemCopySync:Memory copy sync failed, cnt=416, kind=1.
[ERROR] RUNTIME(712966,10):2026-01-15-10:28:32.476.008 [api_c.cc:1197]712966 rtMemcpy:ErrCode=107030, desc=[the current capture mode does not support this operation], InnerCode=0x703001c
[ERROR] RUNTIME(712966,10):2026-01-15-10:28:32.476.012 [error_message_manage.cc:53]712966 FuncErrorReason:report error module_type=3, module_name=EE8888
[ERROR] RUNTIME(712966,10):2026-01-15-10:28:32.476.015 [error_message_manage.cc:53]712966 FuncErrorReason:rtMemcpy execute failed, reason=[the current capture mode does not support this operation]
[ERROR] ASCENDCL(712966,10):2026-01-15-10:28:32.476.225 [memory.cpp:437]712966 aclrtMemcpyImpl: synchronized memcpy failed, kind = 1, runtime result = 107030
[ERROR] RUNTIME(712966,10):2026-01-15-10:28:32.539.698 [api_error.cc:1519]712966 MemCopySync:Memory copy sync failed, cnt=72, kind=1.
[ERROR] RUNTIME(712966,10):2026-01-15-10:28:32.539.706 [api_c.cc:1197]712966 rtMemcpy:ErrCode=107030, desc=[the current capture mode does not support this operation], InnerCode=0x703001c
[ERROR] RUNTIME(712966,10):2026-01-15-10:28:32.539.709 [error_message_manage.cc:53]712966 FuncErrorReason:report error module_type=3, module_name=EE8888
[ERROR] RUNTIME(712966,10):2026-01-15-10:28:32.539.711 [error_message_manage.cc:53]712966 FuncErrorReason:rtMemcpy execute failed, reason=[the current capture mode does not support this operation]
[ERROR] ASCENDCL(712966,10):2026-01-15-10:28:32.539.943 [memory.cpp:437]712966 aclrtMemcpyImpl: synchronized memcpy failed, kind = 1, runtime result = 107030
[ERROR] RUNTIME(712966,10):2026-01-15-10:28:32.661.258 [api_error.cc:1519]712966 MemCopySync:Memory copy sync failed, cnt=416, kind=1.
[ERROR] RUNTIME(712966,10):2026-01-15-10:28:32.661.268 [api_c.cc:1197]712966 rtMemcpy:ErrCode=107030, desc=[the current capture mode does not support this operation], InnerCode=0x703001c
[ERROR] RUNTIME(712966,10):2026-01-15-10:28:32.661.271 [error_message_manage.cc:53]712966 FuncErrorReason:report error module_type=3, module_name=EE8888
[ERROR] RUNTIME(712966,10):2026-01-15-10:28:32.661.274 [error_message_manage.cc:53]712966 FuncErrorReason:rtMemcpy execute failed, reason=[the current capture mode does not support this operation]
[ERROR] ASCENDCL(712966,10):2026-01-15-10:28:32.661.507 [memory.cpp:437]712966 aclrtMemcpyImpl: synchronized memcpy failed, kind = 1, runtime result = 107030
[ERROR] RUNTIME(712966,10):2026-01-15-10:28:32.741.982 [api_error.cc:1519]712966 MemCopySync:Memory copy sync failed, cnt=72, kind=1.
[ERROR] RUNTIME(712966,10):2026-01-15-10:28:32.741.991 [api_c.cc:1197]712966 rtMemcpy:ErrCode=107030, desc=[the current capture mode does not support this operation], InnerCode=0x703001c
[ERROR] RUNTIME(712966,10):2026-01-15-10:28:32.741.994 [error_message_manage.cc:53]712966 FuncErrorReason:report error module_type=3, module_name=EE8888
[ERROR] RUNTIME(712966,10):2026-01-15-10:28:32.741.997 [error_message_manage.cc:53]712966 FuncErrorReason:rtMemcpy execute failed, reason=[the current capture mode does not support this operation]
[ERROR] ASCENDCL(712966,10):2026-01-15-10:28:32.742.227 [memory.cpp:437]712966 aclrtMemcpyImpl: synchronized memcpy failed, kind = 1, runtime result = 107030
[ERROR] RUNTIME(712966,10):2026-01-15-10:28:32.815.838 [api_error.cc:1519]712966 MemCopySync:Memory copy sync failed, cnt=416, kind=1.
[ERROR] RUNTIME(712966,10):2026-01-15-10:28:32.815.846 [api_c.cc:1197]712966 rtMemcpy:ErrCode=107030, desc=[the current capture mode does not support this operation], InnerCode=0x703001c
[ERROR] RUNTIME(712966,10):2026-01-15-10:28:32.815.849 [error_message_manage.cc:53]712966 FuncErrorReason:report error module_type=3, module_name=EE8888
[ERROR] RUNTIME(712966,10):2026-01-15-10:28:32.815.852 [error_message_manage.cc:53]712966 FuncErrorReason:rtMemcpy execute failed, reason=[the current capture mode does not support this operation]
[ERROR] ASCENDCL(712966,10):2026-01-15-10:28:32.816.032 [memory.cpp:437]712966 aclrtMemcpyImpl: synchronized memcpy failed, kind = 1, runtime result = 107030
[ERROR] RUNTIME(712966,10):2026-01-15-10:28:32.891.101 [api_error.cc:1519]712966 MemCopySync:Memory copy sync failed, cnt=72, kind=1.
[ERROR] RUNTIME(712966,10):2026-01-15-10:28:32.891.109 [api_c.cc:1197]712966 rtMemcpy:ErrCode=107030, desc=[the current capture mode does not support this operation], InnerCode=0x703001c
[ERROR] RUNTIME(712966,10):2026-01-15-10:28:32.891.112 [error_message_manage.cc:53]712966 FuncErrorReason:report error module_type=3, module_name=EE8888
[ERROR] RUNTIME(712966,10):2026-01-15-10:28:32.891.115 [error_message_manage.cc:53]712966 FuncErrorReason:rtMemcpy execute failed, reason=[the current capture mode does not support this operation]
[ERROR] ASCENDCL(712966,10):2026-01-15-10:28:32.891.316 [memory.cpp:437]712966 aclrtMemcpyImpl: synchronized memcpy failed, kind = 1, runtime result = 107030
[ERROR] RUNTIME(712966,10):2026-01-15-10:28:32.965.544 [api_error.cc:1519]712966 MemCopySync:Memory copy sync failed, cnt=416, kind=1.
[ERROR] RUNTIME(712966,10):2026-01-15-10:28:32.965.552 [api_c.cc:1197]712966 rtMemcpy:ErrCode=107030, desc=[the current capture mode does not support this operation], InnerCode=0x703001c
[ERROR] RUNTIME(712966,10):2026-01-15-10:28:32.965.554 [error_message_manage.cc:53]712966 FuncErrorReason:report error module_type=3, module_name=EE8888
[ERROR] RUNTIME(712966,10):2026-01-15-10:28:32.965.557 [error_message_manage.cc:53]712966 FuncErrorReason:rtMemcpy execute failed, reason=[the current capture mode does not support this operation]
[ERROR] ASCENDCL(712966,10):2026-01-15-10:28:32.965.805 [memory.cpp:437]712966 aclrtMemcpyImpl: synchronized memcpy failed, kind = 1, runtime result = 107030
[ERROR] RUNTIME(712966,10):2026-01-15-10:28:33.036.221 [api_error.cc:1519]712966 MemCopySync:Memory copy sync failed, cnt=72, kind=1.
[ERROR] RUNTIME(712966,10):2026-01-15-10:28:33.036.229 [api_c.cc:1197]712966 rtMemcpy:ErrCode=107030, desc=[the current capture mode does not support this operation], InnerCode=0x703001c
[ERROR] RUNTIME(712966,10):2026-01-15-10:28:33.036.231 [error_message_manage.cc:53]712966 FuncErrorReason:report error module_type=3, module_name=EE8888
[ERROR] RUNTIME(712966,10):2026-01-15-10:28:33.036.234 [error_message_manage.cc:53]712966 FuncErrorReason:rtMemcpy execute failed, reason=[the current capture mode does not support this operation]
[ERROR] ASCENDCL(712966,10):2026-01-15-10:28:33.036.410 [memory.cpp:437]712966 aclrtMemcpyImpl: synchronized memcpy failed, kind = 1, runtime result = 107030
[ERROR] RUNTIME(712966,10):2026-01-15-10:28:33.106.496 [api_error.cc:1519]712966 MemCopySync:Memory copy sync failed, cnt=416, kind=1.
[ERROR] RUNTIME(712966,10):2026-01-15-10:28:33.106.504 [api_c.cc:1197]712966 rtMemcpy:ErrCode=107030, desc=[the current capture mode does not support this operation], InnerCode=0x703001c
[ERROR] RUNTIME(712966,10):2026-01-15-10:28:33.106.507 [error_message_manage.cc:53]712966 FuncErrorReason:report error module_type=3, module_name=EE8888
[ERROR] RUNTIME(712966,10):2026-01-15-10:28:33.106.510 [error_message_manage.cc:53]712966 FuncErrorReason:rtMemcpy execute failed, reason=[the current capture mode does not support this operation]
[ERROR] ASCENDCL(712966,10):2026-01-15-10:28:33.106.703 [memory.cpp:437]712966 aclrtMemcpyImpl: synchronized memcpy failed, kind = 1, runtime result = 107030
[ERROR] RUNTIME(712966,10):2026-01-15-10:28:33.181.932 [api_error.cc:1519]712966 MemCopySync:Memory copy sync failed, cnt=72, kind=1.
[ERROR] RUNTIME(712966,10):2026-01-15-10:28:33.181.941 [api_c.cc:1197]712966 rtMemcpy:ErrCode=107030, desc=[the current capture mode does not support this operation], InnerCode=0x703001c
[ERROR] RUNTIME(712966,10):2026-01-15-10:28:33.181.944 [error_message_manage.cc:53]712966 FuncErrorReason:report error module_type=3, module_name=EE8888
[ERROR] RUNTIME(712966,10):2026-01-15-10:28:33.181.947 [error_message_manage.cc:53]712966 FuncErrorReason:rtMemcpy execute failed, reason=[the current capture mode does not support this operation]
[ERROR] ASCENDCL(712966,10):2026-01-15-10:28:33.182.146 [memory.cpp:437]712966 aclrtMemcpyImpl: synchronized memcpy failed, kind = 1, runtime result = 107030
[ERROR] RUNTIME(712966,10):2026-01-15-10:28:33.256.322 [api_error.cc:1519]712966 MemCopySync:Memory copy sync failed, cnt=416, kind=1.
[ERROR] RUNTIME(712966,10):2026-01-15-10:28:33.256.330 [api_c.cc:1197]712966 rtMemcpy:ErrCode=107030, desc=[the current capture mode does not support this operation], InnerCode=0x703001c
[ERROR] RUNTIME(712966,10):2026-01-15-10:28:33.256.333 [error_message_manage.cc:53]712966 FuncErrorReason:report error module_type=3, module_name=EE8888
[ERROR] RUNTIME(712966,10):2026-01-15-10:28:33.256.336 [error_message_manage.cc:53]712966 FuncErrorReason:rtMemcpy execute failed, reason=[the current capture mode does not support this operation]
[ERROR] ASCENDCL(712966,10):2026-01-15-10:28:33.256.528 [memory.cpp:437]712966 aclrtMemcpyImpl: synchronized memcpy failed, kind = 1, runtime result = 107030
[ERROR] RUNTIME(712966,10):2026-01-15-10:28:33.328.216 [api_error.cc:1519]712966 MemCopySync:Memory copy sync failed, cnt=72, kind=1.
[ERROR] RUNTIME(712966,10):2026-01-15-10:28:33.328.224 [api_c.cc:1197]712966 rtMemcpy:ErrCode=107030, desc=[the current capture mode does not support this operation], InnerCode=0x703001c
[ERROR] RUNTIME(712966,10):2026-01-15-10:28:33.328.227 [error_message_manage.cc:53]712966 FuncErrorReason:report error module_type=3, module_name=EE8888
[ERROR] RUNTIME(712966,10):2026-01-15-10:28:33.328.230 [error_message_manage.cc:53]712966 FuncErrorReason:rtMemcpy execute failed, reason=[the current capture mode does not support this operation]
[ERROR] ASCENDCL(712966,10):2026-01-15-10:28:33.328.419 [memory.cpp:437]712966 aclrtMemcpyImpl: synchronized memcpy failed, kind = 1, runtime result = 107030
[ERROR] RUNTIME(712966,10):2026-01-15-10:28:33.403.769 [api_error.cc:1519]712966 MemCopySync:Memory copy sync failed, cnt=416, kind=1.
[ERROR] RUNTIME(712966,10):2026-01-15-10:28:33.403.777 [api_c.cc:1197]712966 rtMemcpy:ErrCode=107030, desc=[the current capture mode does not support this operation], InnerCode=0x703001c
[ERROR] RUNTIME(712966,10):2026-01-15-10:28:33.403.780 [error_message_manage.cc:53]712966 FuncErrorReason:report error module_type=3, module_name=EE8888
[ERROR] RUNTIME(712966,10):2026-01-15-10:28:33.403.783 [error_message_manage.cc:53]712966 FuncErrorReason:rtMemcpy execute failed, reason=[the current capture mode does not support this operation]
[ERROR] ASCENDCL(712966,10):2026-01-15-10:28:33.403.972 [memory.cpp:437]712966 aclrtMemcpyImpl: synchronized memcpy failed, kind = 1, runtime result = 107030
[ERROR] RUNTIME(712966,10):2026-01-15-10:28:33.480.273 [api_error.cc:1519]712966 MemCopySync:Memory copy sync failed, cnt=72, kind=1.
[ERROR] RUNTIME(712966,10):2026-01-15-10:28:33.480.282 [api_c.cc:1197]712966 rtMemcpy:ErrCode=107030, desc=[the current capture mode does not support this operation], InnerCode=0x703001c
[ERROR] RUNTIME(712966,10):2026-01-15-10:28:33.480.284 [error_message_manage.cc:53]712966 FuncErrorReason:report error module_type=3, module_name=EE8888
[ERROR] RUNTIME(712966,10):2026-01-15-10:28:33.480.287 [error_message_manage.cc:53]712966 FuncErrorReason:rtMemcpy execute failed, reason=[the current capture mode does not support this operation]
[ERROR] ASCENDCL(712966,10):2026-01-15-10:28:33.480.469 [memory.cpp:437]712966 aclrtMemcpyImpl: synchronized memcpy failed, kind = 1, runtime result = 107030
[ERROR] RUNTIME(712966,10):2026-01-15-10:28:33.554.057 [api_error.cc:1519]712966 MemCopySync:Memory copy sync failed, cnt=416, kind=1.
[ERROR] RUNTIME(712966,10):2026-01-15-10:28:33.554.066 [api_c.cc:1197]712966 rtMemcpy:ErrCode=107030, desc=[the current capture mode does not support this operation], InnerCode=0x703001c
[ERROR] RUNTIME(712966,10):2026-01-15-10:28:33.554.069 [error_message_manage.cc:53]712966 FuncErrorReason:report error module_type=3, module_name=EE8888
[ERROR] RUNTIME(712966,10):2026-01-15-10:28:33.554.071 [error_message_manage.cc:53]712966 FuncErrorReason:rtMemcpy execute failed, reason=[the current capture mode does not support this operation]
[ERROR] ASCENDCL(712966,10):2026-01-15-10:28:33.554.281 [memory.cpp:437]712966 aclrtMemcpyImpl: synchronized memcpy failed, kind = 1, runtime result = 107030
[ERROR] RUNTIME(712966,10):2026-01-15-10:28:33.624.893 [api_error.cc:1519]712966 MemCopySync:Memory copy sync failed, cnt=72, kind=1.
[ERROR] RUNTIME(712966,10):2026-01-15-10:28:33.624.902 [api_c.cc:1197]712966 rtMemcpy:ErrCode=107030, desc=[the current capture mode does not support this operation], InnerCode=0x703001c
[ERROR] RUNTIME(712966,10):2026-01-15-10:28:33.624.905 [error_message_manage.cc:53]712966 FuncErrorReason:report error module_type=3, module_name=EE8888
[ERROR] RUNTIME(712966,10):2026-01-15-10:28:33.624.907 [error_message_manage.cc:53]712966 FuncErrorReason:rtMemcpy execute failed, reason=[the current capture mode does not support this operation]
[ERROR] ASCENDCL(712966,10):2026-01-15-10:28:33.625.099 [memory.cpp:437]712966 aclrtMemcpyImpl: synchronized memcpy failed, kind = 1, runtime result = 107030
[ERROR] RUNTIME(712966,10):2026-01-15-10:28:33.705.690 [api_error.cc:1519]712966 MemCopySync:Memory copy sync failed, cnt=416, kind=1.
[ERROR] RUNTIME(712966,10):2026-01-15-10:28:33.705.699 [api_c.cc:1197]712966 rtMemcpy:ErrCode=107030, desc=[the current capture mode does not support this operation], InnerCode=0x703001c
[ERROR] RUNTIME(712966,10):2026-01-15-10:28:33.705.701 [error_message_manage.cc:53]712966 FuncErrorReason:report error module_type=3, module_name=EE8888
[ERROR] RUNTIME(712966,10):2026-01-15-10:28:33.705.704 [error_message_manage.cc:53]712966 FuncErrorReason:rtMemcpy execute failed, reason=[the current capture mode does not support this operation]
[ERROR] ASCENDCL(712966,10):2026-01-15-10:28:33.705.918 [memory.cpp:437]712966 aclrtMemcpyImpl: synchronized memcpy failed, kind = 1, runtime result = 107030
[ERROR] RUNTIME(712966,10):2026-01-15-10:28:33.778.663 [api_error.cc:1519]712966 MemCopySync:Memory copy sync failed, cnt=72, kind=1.
[ERROR] RUNTIME(712966,10):2026-01-15-10:28:33.778.671 [api_c.cc:1197]712966 rtMemcpy:ErrCode=107030, desc=[the current capture mode does not support this operation], InnerCode=0x703001c
[ERROR] RUNTIME(712966,10):2026-01-15-10:28:33.778.674 [error_message_manage.cc:53]712966 FuncErrorReason:report error module_type=3, module_name=EE8888
[ERROR] RUNTIME(712966,10):2026-01-15-10:28:33.778.677 [error_message_manage.cc:53]712966 FuncErrorReason:rtMemcpy execute failed, reason=[the current capture mode does not support this operation]
[ERROR] ASCENDCL(712966,10):2026-01-15-10:28:33.778.876 [memory.cpp:437]712966 aclrtMemcpyImpl: synchronized memcpy failed, kind = 1, runtime result = 107030
[ERROR] RUNTIME(712966,10):2026-01-15-10:28:33.866.055 [api_error.cc:1519]712966 MemCopySync:Memory copy sync failed, cnt=416, kind=1.
[ERROR] RUNTIME(712966,10):2026-01-15-10:28:33.866.063 [api_c.cc:1197]712966 rtMemcpy:ErrCode=107030, desc=[the current capture mode does not support this operation], InnerCode=0x703001c
[ERROR] RUNTIME(712966,10):2026-01-15-10:28:33.866.066 [error_message_manage.cc:53]712966 FuncErrorReason:report error module_type=3, module_name=EE8888
[ERROR] RUNTIME(712966,10):2026-01-15-10:28:33.866.069 [error_message_manage.cc:53]712966 FuncErrorReason:rtMemcpy execute failed, reason=[the current capture mode does not support this operation]
[ERROR] ASCENDCL(712966,10):2026-01-15-10:28:33.866.264 [memory.cpp:437]712966 aclrtMemcpyImpl: synchronized memcpy failed, kind = 1, runtime result = 107030
[ERROR] RUNTIME(712966,10):2026-01-15-10:28:33.934.142 [api_error.cc:1519]712966 MemCopySync:Memory copy sync failed, cnt=72, kind=1.
[ERROR] RUNTIME(712966,10):2026-01-15-10:28:33.934.150 [api_c.cc:1197]712966 rtMemcpy:ErrCode=107030, desc=[the current capture mode does not support this operation], InnerCode=0x703001c
[ERROR] RUNTIME(712966,10):2026-01-15-10:28:33.934.152 [error_message_manage.cc:53]712966 FuncErrorReason:report error module_type=3, module_name=EE8888
[ERROR] RUNTIME(712966,10):2026-01-15-10:28:33.934.155 [error_message_manage.cc:53]712966 FuncErrorReason:rtMemcpy execute failed, reason=[the current capture mode does not support this operation]
[ERROR] ASCENDCL(712966,10):2026-01-15-10:28:33.934.339 [memory.cpp:437]712966 aclrtMemcpyImpl: synchronized memcpy failed, kind = 1, runtime result = 107030
[ERROR] RUNTIME(712966,10):2026-01-15-10:28:34.008.634 [api_error.cc:1519]712966 MemCopySync:Memory copy sync failed, cnt=416, kind=1.
[ERROR] RUNTIME(712966,10):2026-01-15-10:28:34.008.643 [api_c.cc:1197]712966 rtMemcpy:ErrCode=107030, desc=[the current capture mode does not support this operation], InnerCode=0x703001c
[ERROR] RUNTIME(712966,10):2026-01-15-10:28:34.008.646 [error_message_manage.cc:53]712966 FuncErrorReason:report error module_type=3, module_name=EE8888
[ERROR] RUNTIME(712966,10):2026-01-15-10:28:34.008.648 [error_message_manage.cc:53]712966 FuncErrorReason:rtMemcpy execute failed, reason=[the current capture mode does not support this operation]
[ERROR] ASCENDCL(712966,10):2026-01-15-10:28:34.008.884 [memory.cpp:437]712966 aclrtMemcpyImpl: synchronized memcpy failed, kind = 1, runtime result = 107030
[ERROR] RUNTIME(712966,10):2026-01-15-10:28:34.079.311 [api_error.cc:1519]712966 MemCopySync:Memory copy sync failed, cnt=72, kind=1.
[ERROR] RUNTIME(712966,10):2026-01-15-10:28:34.079.320 [api_c.cc:1197]712966 rtMemcpy:ErrCode=107030, desc=[the current capture mode does not support this operation], InnerCode=0x703001c
[ERROR] RUNTIME(712966,10):2026-01-15-10:28:34.079.322 [error_message_manage.cc:53]712966 FuncErrorReason:report error module_type=3, module_name=EE8888
[ERROR] RUNTIME(712966,10):2026-01-15-10:28:34.079.325 [error_message_manage.cc:53]712966 FuncErrorReason:rtMemcpy execute failed, reason=[the current capture mode does not support this operation]
[ERROR] ASCENDCL(712966,10):2026-01-15-10:28:34.079.560 [memory.cpp:437]712966 aclrtMemcpyImpl: synchronized memcpy failed, kind = 1, runtime result = 107030
[ERROR] RUNTIME(712966,10):2026-01-15-10:28:34.152.976 [api_error.cc:1519]712966 MemCopySync:Memory copy sync failed, cnt=416, kind=1.
[ERROR] RUNTIME(712966,10):2026-01-15-10:28:34.152.984 [api_c.cc:1197]712966 rtMemcpy:ErrCode=107030, desc=[the current capture mode does not support this operation], InnerCode=0x703001c
[ERROR] RUNTIME(712966,10):2026-01-15-10:28:34.152.987 [error_message_manage.cc:53]712966 FuncErrorReason:report error module_type=3, module_name=EE8888
[ERROR] RUNTIME(712966,10):2026-01-15-10:28:34.152.990 [error_message_manage.cc:53]712966 FuncErrorReason:rtMemcpy execute failed, reason=[the current capture mode does not support this operation]
[ERROR] ASCENDCL(712966,10):2026-01-15-10:28:34.153.210 [memory.cpp:437]712966 aclrtMemcpyImpl: synchronized memcpy failed, kind = 1, runtime result = 107030
[ERROR] RUNTIME(712966,10):2026-01-15-10:28:34.229.107 [api_error.cc:1519]712966 MemCopySync:Memory copy sync failed, cnt=72, kind=1.
[ERROR] RUNTIME(712966,10):2026-01-15-10:28:34.229.116 [api_c.cc:1197]712966 rtMemcpy:ErrCode=107030, desc=[the current capture mode does not support this operation], InnerCode=0x703001c
[ERROR] RUNTIME(712966,10):2026-01-15-10:28:34.229.119 [error_message_manage.cc:53]712966 FuncErrorReason:report error module_type=3, module_name=EE8888
[ERROR] RUNTIME(712966,10):2026-01-15-10:28:34.229.122 [error_message_manage.cc:53]712966 FuncErrorReason:rtMemcpy execute failed, reason=[the current capture mode does not support this operation]
[ERROR] ASCENDCL(712966,10):2026-01-15-10:28:34.229.293 [memory.cpp:437]712966 aclrtMemcpyImpl: synchronized memcpy failed, kind = 1, runtime result = 107030
[ERROR] RUNTIME(712966,10):2026-01-15-10:28:34.296.831 [api_error.cc:1519]712966 MemCopySync:Memory copy sync failed, cnt=416, kind=1.
[ERROR] RUNTIME(712966,10):2026-01-15-10:28:34.296.840 [api_c.cc:1197]712966 rtMemcpy:ErrCode=107030, desc=[the current capture mode does not support this operation], InnerCode=0x703001c
[ERROR] RUNTIME(712966,10):2026-01-15-10:28:34.296.843 [error_message_manage.cc:53]712966 FuncErrorReason:report error module_type=3, module_name=EE8888
[ERROR] RUNTIME(712966,10):2026-01-15-10:28:34.296.846 [error_message_manage.cc:53]712966 FuncErrorReason:rtMemcpy execute failed, reason=[the current capture mode does not support this operation]
[ERROR] ASCENDCL(712966,10):2026-01-15-10:28:34.297.044 [memory.cpp:437]712966 aclrtMemcpyImpl: synchronized memcpy failed, kind = 1, runtime result = 107030
[ERROR] RUNTIME(712966,10):2026-01-15-10:28:34.373.946 [api_error.cc:1519]712966 MemCopySync:Memory copy sync failed, cnt=72, kind=1.
[ERROR] RUNTIME(712966,10):2026-01-15-10:28:34.373.955 [api_c.cc:1197]712966 rtMemcpy:ErrCode=107030, desc=[the current capture mode does not support this operation], InnerCode=0x703001c
[ERROR] RUNTIME(712966,10):2026-01-15-10:28:34.373.958 [error_message_manage.cc:53]712966 FuncErrorReason:report error module_type=3, module_name=EE8888
[ERROR] RUNTIME(712966,10):2026-01-15-10:28:34.373.961 [error_message_manage.cc:53]712966 FuncErrorReason:rtMemcpy execute failed, reason=[the current capture mode does not support this operation]
[ERROR] ASCENDCL(712966,10):2026-01-15-10:28:34.374.246 [memory.cpp:437]712966 aclrtMemcpyImpl: synchronized memcpy failed, kind = 1, runtime result = 107030
[ERROR] RUNTIME(712966,10):2026-01-15-10:28:34.452.166 [api_error.cc:1519]712966 MemCopySync:Memory copy sync failed, cnt=416, kind=1.
[ERROR] RUNTIME(712966,10):2026-01-15-10:28:34.452.175 [api_c.cc:1197]712966 rtMemcpy:ErrCode=107030, desc=[the current capture mode does not support this operation], InnerCode=0x703001c
[ERROR] RUNTIME(712966,10):2026-01-15-10:28:34.452.178 [error_message_manage.cc:53]712966 FuncErrorReason:report error module_type=3, module_name=EE8888
[ERROR] RUNTIME(712966,10):2026-01-15-10:28:34.452.181 [error_message_manage.cc:53]712966 FuncErrorReason:rtMemcpy execute failed, reason=[the current capture mode does not support this operation]
[ERROR] ASCENDCL(712966,10):2026-01-15-10:28:34.452.371 [memory.cpp:437]712966 aclrtMemcpyImpl: synchronized memcpy failed, kind = 1, runtime result = 107030
[ERROR] RUNTIME(712966,10):2026-01-15-10:28:34.524.565 [api_error.cc:1519]712966 MemCopySync:Memory copy sync failed, cnt=72, kind=1.
[ERROR] RUNTIME(712966,10):2026-01-15-10:28:34.524.573 [api_c.cc:1197]712966 rtMemcpy:ErrCode=107030, desc=[the current capture mode does not support this operation], InnerCode=0x703001c
[ERROR] RUNTIME(712966,10):2026-01-15-10:28:34.524.576 [error_message_manage.cc:53]712966 FuncErrorReason:report error module_type=3, module_name=EE8888
[ERROR] RUNTIME(712966,10):2026-01-15-10:28:34.524.579 [error_message_manage.cc:53]712966 FuncErrorReason:rtMemcpy execute failed, reason=[the current capture mode does not support this operation]
[ERROR] ASCENDCL(712966,10):2026-01-15-10:28:34.524.740 [memory.cpp:437]712966 aclrtMemcpyImpl: synchronized memcpy failed, kind = 1, runtime result = 107030
[ERROR] RUNTIME(712966,10):2026-01-15-10:28:34.602.193 [api_error.cc:1519]712966 MemCopySync:Memory copy sync failed, cnt=416, kind=1.
[ERROR] RUNTIME(712966,10):2026-01-15-10:28:34.602.202 [api_c.cc:1197]712966 rtMemcpy:ErrCode=107030, desc=[the current capture mode does not support this operation], InnerCode=0x703001c
[ERROR] RUNTIME(712966,10):2026-01-15-10:28:34.602.205 [error_message_manage.cc:53]712966 FuncErrorReason:report error module_type=3, module_name=EE8888
[ERROR] RUNTIME(712966,10):2026-01-15-10:28:34.602.207 [error_message_manage.cc:53]712966 FuncErrorReason:rtMemcpy execute failed, reason=[the current capture mode does not support this operation]
[ERROR] ASCENDCL(712966,10):2026-01-15-10:28:34.602.430 [memory.cpp:437]712966 aclrtMemcpyImpl: synchronized memcpy failed, kind = 1, runtime result = 107030
[ERROR] RUNTIME(712966,10):2026-01-15-10:28:34.676.046 [api_error.cc:1519]712966 MemCopySync:Memory copy sync failed, cnt=72, kind=1.
[ERROR] RUNTIME(712966,10):2026-01-15-10:28:34.676.054 [api_c.cc:1197]712966 rtMemcpy:ErrCode=107030, desc=[the current capture mode does not support this operation], InnerCode=0x703001c
[ERROR] RUNTIME(712966,10):2026-01-15-10:28:34.676.057 [error_message_manage.cc:53]712966 FuncErrorReason:report error module_type=3, module_name=EE8888
[ERROR] RUNTIME(712966,10):2026-01-15-10:28:34.676.060 [error_message_manage.cc:53]712966 FuncErrorReason:rtMemcpy execute failed, reason=[the current capture mode does not support this operation]
[ERROR] ASCENDCL(712966,10):2026-01-15-10:28:34.676.246 [memory.cpp:437]712966 aclrtMemcpyImpl: synchronized memcpy failed, kind = 1, runtime result = 107030
[ERROR] RUNTIME(712966,10):2026-01-15-10:28:34.753.805 [api_error.cc:1519]712966 MemCopySync:Memory copy sync failed, cnt=416, kind=1.
[ERROR] RUNTIME(712966,10):2026-01-15-10:28:34.753.814 [api_c.cc:1197]712966 rtMemcpy:ErrCode=107030, desc=[the current capture mode does not support this operation], InnerCode=0x703001c
[ERROR] RUNTIME(712966,10):2026-01-15-10:28:34.753.817 [error_message_manage.cc:53]712966 FuncErrorReason:report error module_type=3, module_name=EE8888
[ERROR] RUNTIME(712966,10):2026-01-15-10:28:34.753.820 [error_message_manage.cc:53]712966 FuncErrorReason:rtMemcpy execute failed, reason=[the current capture mode does not support this operation]
[ERROR] ASCENDCL(712966,10):2026-01-15-10:28:34.754.039 [memory.cpp:437]712966 aclrtMemcpyImpl: synchronized memcpy failed, kind = 1, runtime result = 107030
[ERROR] RUNTIME(712966,10):2026-01-15-10:28:34.821.136 [api_error.cc:1519]712966 MemCopySync:Memory copy sync failed, cnt=72, kind=1.
[ERROR] RUNTIME(712966,10):2026-01-15-10:28:34.821.145 [api_c.cc:1197]712966 rtMemcpy:ErrCode=107030, desc=[the current capture mode does not support this operation], InnerCode=0x703001c
[ERROR] RUNTIME(712966,10):2026-01-15-10:28:34.821.148 [error_message_manage.cc:53]712966 FuncErrorReason:report error module_type=3, module_name=EE8888
[ERROR] RUNTIME(712966,10):2026-01-15-10:28:34.821.150 [error_message_manage.cc:53]712966 FuncErrorReason:rtMemcpy execute failed, reason=[the current capture mode does not support this operation]
[ERROR] ASCENDCL(712966,10):2026-01-15-10:28:34.821.350 [memory.cpp:437]712966 aclrtMemcpyImpl: synchronized memcpy failed, kind = 1, runtime result = 107030
[ERROR] RUNTIME(712966,10):2026-01-15-10:28:34.895.472 [api_error.cc:1519]712966 MemCopySync:Memory copy sync failed, cnt=416, kind=1.
[ERROR] RUNTIME(712966,10):2026-01-15-10:28:34.895.482 [api_c.cc:1197]712966 rtMemcpy:ErrCode=107030, desc=[the current capture mode does not support this operation], InnerCode=0x703001c
[ERROR] RUNTIME(712966,10):2026-01-15-10:28:34.895.485 [error_message_manage.cc:53]712966 FuncErrorReason:report error module_type=3, module_name=EE8888
[ERROR] RUNTIME(712966,10):2026-01-15-10:28:34.895.487 [error_message_manage.cc:53]712966 FuncErrorReason:rtMemcpy execute failed, reason=[the current capture mode does not support this operation]
[ERROR] ASCENDCL(712966,10):2026-01-15-10:28:34.895.652 [memory.cpp:437]712966 aclrtMemcpyImpl: synchronized memcpy failed, kind = 1, runtime result = 107030
[ERROR] RUNTIME(712966,10):2026-01-15-10:28:34.964.596 [api_error.cc:1519]712966 MemCopySync:Memory copy sync failed, cnt=72, kind=1.
[ERROR] RUNTIME(712966,10):2026-01-15-10:28:34.964.604 [api_c.cc:1197]712966 rtMemcpy:ErrCode=107030, desc=[the current capture mode does not support this operation], InnerCode=0x703001c
[ERROR] RUNTIME(712966,10):2026-01-15-10:28:34.964.606 [error_message_manage.cc:53]712966 FuncErrorReason:report error module_type=3, module_name=EE8888
[ERROR] RUNTIME(712966,10):2026-01-15-10:28:34.964.609 [error_message_manage.cc:53]712966 FuncErrorReason:rtMemcpy execute failed, reason=[the current capture mode does not support this operation]
[ERROR] ASCENDCL(712966,10):2026-01-15-10:28:34.964.832 [memory.cpp:437]712966 aclrtMemcpyImpl: synchronized memcpy failed, kind = 1, runtime result = 107030
[ERROR] RUNTIME(712966,10):2026-01-15-10:28:35.040.934 [api_error.cc:1519]712966 MemCopySync:Memory copy sync failed, cnt=416, kind=1.
[ERROR] RUNTIME(712966,10):2026-01-15-10:28:35.040.943 [api_c.cc:1197]712966 rtMemcpy:ErrCode=107030, desc=[the current capture mode does not support this operation], InnerCode=0x703001c
[ERROR] RUNTIME(712966,10):2026-01-15-10:28:35.040.945 [error_message_manage.cc:53]712966 FuncErrorReason:report error module_type=3, module_name=EE8888
[ERROR] RUNTIME(712966,10):2026-01-15-10:28:35.040.948 [error_message_manage.cc:53]712966 FuncErrorReason:rtMemcpy execute failed, reason=[the current capture mode does not support this operation]
[ERROR] ASCENDCL(712966,10):2026-01-15-10:28:35.041.131 [memory.cpp:437]712966 aclrtMemcpyImpl: synchronized memcpy failed, kind = 1, runtime result = 107030
[ERROR] RUNTIME(712966,10):2026-01-15-10:28:35.109.727 [api_error.cc:1519]712966 MemCopySync:Memory copy sync failed, cnt=72, kind=1.
[ERROR] RUNTIME(712966,10):2026-01-15-10:28:35.109.736 [api_c.cc:1197]712966 rtMemcpy:ErrCode=107030, desc=[the current capture mode does not support this operation], InnerCode=0x703001c
[ERROR] RUNTIME(712966,10):2026-01-15-10:28:35.109.739 [error_message_manage.cc:53]712966 FuncErrorReason:report error module_type=3, module_name=EE8888
[ERROR] RUNTIME(712966,10):2026-01-15-10:28:35.109.742 [error_message_manage.cc:53]712966 FuncErrorReason:rtMemcpy execute failed, reason=[the current capture mode does not support this operation]
[ERROR] ASCENDCL(712966,10):2026-01-15-10:28:35.109.915 [memory.cpp:437]712966 aclrtMemcpyImpl: synchronized memcpy failed, kind = 1, runtime result = 107030
[ERROR] RUNTIME(712966,10):2026-01-15-10:28:35.187.233 [api_error.cc:1519]712966 MemCopySync:Memory copy sync failed, cnt=416, kind=1.
[ERROR] RUNTIME(712966,10):2026-01-15-10:28:35.187.242 [api_c.cc:1197]712966 rtMemcpy:ErrCode=107030, desc=[the current capture mode does not support this operation], InnerCode=0x703001c
[ERROR] RUNTIME(712966,10):2026-01-15-10:28:35.187.245 [error_message_manage.cc:53]712966 FuncErrorReason:report error module_type=3, module_name=EE8888
[ERROR] RUNTIME(712966,10):2026-01-15-10:28:35.187.248 [error_message_manage.cc:53]712966 FuncErrorReason:rtMemcpy execute failed, reason=[the current capture mode does not support this operation]
[ERROR] ASCENDCL(712966,10):2026-01-15-10:28:35.187.463 [memory.cpp:437]712966 aclrtMemcpyImpl: synchronized memcpy failed, kind = 1, runtime result = 107030
[ERROR] RUNTIME(712966,10):2026-01-15-10:28:35.255.218 [api_error.cc:1519]712966 MemCopySync:Memory copy sync failed, cnt=72, kind=1.
[ERROR] RUNTIME(712966,10):2026-01-15-10:28:35.255.226 [api_c.cc:1197]712966 rtMemcpy:ErrCode=107030, desc=[the current capture mode does not support this operation], InnerCode=0x703001c
[ERROR] RUNTIME(712966,10):2026-01-15-10:28:35.255.229 [error_message_manage.cc:53]712966 FuncErrorReason:report error module_type=3, module_name=EE8888
[ERROR] RUNTIME(712966,10):2026-01-15-10:28:35.255.232 [error_message_manage.cc:53]712966 FuncErrorReason:rtMemcpy execute failed, reason=[the current capture mode does not support this operation]
[ERROR] ASCENDCL(712966,10):2026-01-15-10:28:35.255.383 [memory.cpp:437]712966 aclrtMemcpyImpl: synchronized memcpy failed, kind = 1, runtime result = 107030
[ERROR] RUNTIME(712966,10):2026-01-15-10:28:35.327.318 [api_error.cc:1519]712966 MemCopySync:Memory copy sync failed, cnt=416, kind=1.
[ERROR] RUNTIME(712966,10):2026-01-15-10:28:35.327.327 [api_c.cc:1197]712966 rtMemcpy:ErrCode=107030, desc=[the current capture mode does not support this operation], InnerCode=0x703001c
[ERROR] RUNTIME(712966,10):2026-01-15-10:28:35.327.330 [error_message_manage.cc:53]712966 FuncErrorReason:report error module_type=3, module_name=EE8888
[ERROR] RUNTIME(712966,10):2026-01-15-10:28:35.327.333 [error_message_manage.cc:53]712966 FuncErrorReason:rtMemcpy execute failed, reason=[the current capture mode does not support this operation]
[ERROR] ASCENDCL(712966,10):2026-01-15-10:28:35.327.550 [memory.cpp:437]712966 aclrtMemcpyImpl: synchronized memcpy failed, kind = 1, runtime result = 107030
[ERROR] RUNTIME(712966,10):2026-01-15-10:28:35.396.913 [api_error.cc:1519]712966 MemCopySync:Memory copy sync failed, cnt=72, kind=1.
[ERROR] RUNTIME(712966,10):2026-01-15-10:28:35.396.922 [api_c.cc:1197]712966 rtMemcpy:ErrCode=107030, desc=[the current capture mode does not support this operation], InnerCode=0x703001c
[ERROR] RUNTIME(712966,10):2026-01-15-10:28:35.396.925 [error_message_manage.cc:53]712966 FuncErrorReason:report error module_type=3, module_name=EE8888
[ERROR] RUNTIME(712966,10):2026-01-15-10:28:35.396.928 [error_message_manage.cc:53]712966 FuncErrorReason:rtMemcpy execute failed, reason=[the current capture mode does not support this operation]
[ERROR] ASCENDCL(712966,10):2026-01-15-10:28:35.397.145 [memory.cpp:437]712966 aclrtMemcpyImpl: synchronized memcpy failed, kind = 1, runtime result = 107030
[ERROR] RUNTIME(712966,10):2026-01-15-10:28:35.471.295 [api_error.cc:1519]712966 MemCopySync:Memory copy sync failed, cnt=416, kind=1.
[ERROR] RUNTIME(712966,10):2026-01-15-10:28:35.471.304 [api_c.cc:1197]712966 rtMemcpy:ErrCode=107030, desc=[the current capture mode does not support this operation], InnerCode=0x703001c
[ERROR] RUNTIME(712966,10):2026-01-15-10:28:35.471.307 [error_message_manage.cc:53]712966 FuncErrorReason:report error module_type=3, module_name=EE8888
[ERROR] RUNTIME(712966,10):2026-01-15-10:28:35.471.309 [error_message_manage.cc:53]712966 FuncErrorReason:rtMemcpy execute failed, reason=[the current capture mode does not support this operation]
[ERROR] ASCENDCL(712966,10):2026-01-15-10:28:35.471.557 [memory.cpp:437]712966 aclrtMemcpyImpl: synchronized memcpy failed, kind = 1, runtime result = 107030
[ERROR] RUNTIME(712966,10):2026-01-15-10:28:35.546.054 [api_error.cc:1519]712966 MemCopySync:Memory copy sync failed, cnt=72, kind=1.
[ERROR] RUNTIME(712966,10):2026-01-15-10:28:35.546.062 [api_c.cc:1197]712966 rtMemcpy:ErrCode=107030, desc=[the current capture mode does not support this operation], InnerCode=0x703001c
[ERROR] RUNTIME(712966,10):2026-01-15-10:28:35.546.065 [error_message_manage.cc:53]712966 FuncErrorReason:report error module_type=3, module_name=EE8888
[ERROR] RUNTIME(712966,10):2026-01-15-10:28:35.546.067 [error_message_manage.cc:53]712966 FuncErrorReason:rtMemcpy execute failed, reason=[the current capture mode does not support this operation]
[ERROR] ASCENDCL(712966,10):2026-01-15-10:28:35.546.345 [memory.cpp:437]712966 aclrtMemcpyImpl: synchronized memcpy failed, kind = 1, runtime result = 107030
[ERROR] RUNTIME(712966,10):2026-01-15-10:28:35.626.699 [api_error.cc:1519]712966 MemCopySync:Memory copy sync failed, cnt=416, kind=1.
[ERROR] RUNTIME(712966,10):2026-01-15-10:28:35.626.708 [api_c.cc:1197]712966 rtMemcpy:ErrCode=107030, desc=[the current capture mode does not support this operation], InnerCode=0x703001c
[ERROR] RUNTIME(712966,10):2026-01-15-10:28:35.626.711 [error_message_manage.cc:53]712966 FuncErrorReason:report error module_type=3, module_name=EE8888
[ERROR] RUNTIME(712966,10):2026-01-15-10:28:35.626.713 [error_message_manage.cc:53]712966 FuncErrorReason:rtMemcpy execute failed, reason=[the current capture mode does not support this operation]
[ERROR] ASCENDCL(712966,10):2026-01-15-10:28:35.626.947 [memory.cpp:437]712966 aclrtMemcpyImpl: synchronized memcpy failed, kind = 1, runtime result = 107030
[ERROR] RUNTIME(712966,10):2026-01-15-10:28:35.704.218 [api_error.cc:1519]712966 MemCopySync:Memory copy sync failed, cnt=72, kind=1.
[ERROR] RUNTIME(712966,10):2026-01-15-10:28:35.704.227 [api_c.cc:1197]712966 rtMemcpy:ErrCode=107030, desc=[the current capture mode does not support this operation], InnerCode=0x703001c
[ERROR] RUNTIME(712966,10):2026-01-15-10:28:35.704.229 [error_message_manage.cc:53]712966 FuncErrorReason:report error module_type=3, module_name=EE8888
[ERROR] RUNTIME(712966,10):2026-01-15-10:28:35.704.232 [error_message_manage.cc:53]712966 FuncErrorReason:rtMemcpy execute failed, reason=[the current capture mode does not support this operation]
[ERROR] ASCENDCL(712966,10):2026-01-15-10:28:35.704.471 [memory.cpp:437]712966 aclrtMemcpyImpl: synchronized memcpy failed, kind = 1, runtime result = 107030
[ERROR] RUNTIME(712966,10):2026-01-15-10:28:35.784.845 [api_error.cc:1519]712966 MemCopySync:Memory copy sync failed, cnt=416, kind=1.
[ERROR] RUNTIME(712966,10):2026-01-15-10:28:35.784.854 [api_c.cc:1197]712966 rtMemcpy:ErrCode=107030, desc=[the current capture mode does not support this operation], InnerCode=0x703001c
[ERROR] RUNTIME(712966,10):2026-01-15-10:28:35.784.857 [error_message_manage.cc:53]712966 FuncErrorReason:report error module_type=3, module_name=EE8888
[ERROR] RUNTIME(712966,10):2026-01-15-10:28:35.784.860 [error_message_manage.cc:53]712966 FuncErrorReason:rtMemcpy execute failed, reason=[the current capture mode does not support this operation]
[ERROR] ASCENDCL(712966,10):2026-01-15-10:28:35.785.121 [memory.cpp:437]712966 aclrtMemcpyImpl: synchronized memcpy failed, kind = 1, runtime result = 107030
[ERROR] RUNTIME(712966,10):2026-01-15-10:28:35.861.121 [api_error.cc:1519]712966 MemCopySync:Memory copy sync failed, cnt=72, kind=1.
[ERROR] RUNTIME(712966,10):2026-01-15-10:28:35.861.129 [api_c.cc:1197]712966 rtMemcpy:ErrCode=107030, desc=[the current capture mode does not support this operation], InnerCode=0x703001c
[ERROR] RUNTIME(712966,10):2026-01-15-10:28:35.861.132 [error_message_manage.cc:53]712966 FuncErrorReason:report error module_type=3, module_name=EE8888
[ERROR] RUNTIME(712966,10):2026-01-15-10:28:35.861.135 [error_message_manage.cc:53]712966 FuncErrorReason:rtMemcpy execute failed, reason=[the current capture mode does not support this operation]
[ERROR] ASCENDCL(712966,10):2026-01-15-10:28:35.861.357 [memory.cpp:437]712966 aclrtMemcpyImpl: synchronized memcpy failed, kind = 1, runtime result = 107030
[ERROR] RUNTIME(712966,10):2026-01-15-10:28:35.930.401 [api_error.cc:1519]712966 MemCopySync:Memory copy sync failed, cnt=416, kind=1.
[ERROR] RUNTIME(712966,10):2026-01-15-10:28:35.930.410 [api_c.cc:1197]712966 rtMemcpy:ErrCode=107030, desc=[the current capture mode does not support this operation], InnerCode=0x703001c
[ERROR] RUNTIME(712966,10):2026-01-15-10:28:35.930.413 [error_message_manage.cc:53]712966 FuncErrorReason:report error module_type=3, module_name=EE8888
[ERROR] RUNTIME(712966,10):2026-01-15-10:28:35.930.415 [error_message_manage.cc:53]712966 FuncErrorReason:rtMemcpy execute failed, reason=[the current capture mode does not support this operation]
[ERROR] ASCENDCL(712966,10):2026-01-15-10:28:35.930.619 [memory.cpp:437]712966 aclrtMemcpyImpl: synchronized memcpy failed, kind = 1, runtime result = 107030
[ERROR] RUNTIME(712966,10):2026-01-15-10:28:36.002.174 [api_error.cc:1519]712966 MemCopySync:Memory copy sync failed, cnt=72, kind=1.
[ERROR] RUNTIME(712966,10):2026-01-15-10:28:36.002.182 [api_c.cc:1197]712966 rtMemcpy:ErrCode=107030, desc=[the current capture mode does not support this operation], InnerCode=0x703001c
[ERROR] RUNTIME(712966,10):2026-01-15-10:28:36.002.185 [error_message_manage.cc:53]712966 FuncErrorReason:report error module_type=3, module_name=EE8888
[ERROR] RUNTIME(712966,10):2026-01-15-10:28:36.002.188 [error_message_manage.cc:53]712966 FuncErrorReason:rtMemcpy execute failed, reason=[the current capture mode does not support this operation]
[ERROR] ASCENDCL(712966,10):2026-01-15-10:28:36.002.412 [memory.cpp:437]712966 aclrtMemcpyImpl: synchronized memcpy failed, kind = 1, runtime result = 107030
[ERROR] RUNTIME(712966,10):2026-01-15-10:28:36.074.066 [api_error.cc:1519]712966 MemCopySync:Memory copy sync failed, cnt=416, kind=1.
[ERROR] RUNTIME(712966,10):2026-01-15-10:28:36.074.075 [api_c.cc:1197]712966 rtMemcpy:ErrCode=107030, desc=[the current capture mode does not support this operation], InnerCode=0x703001c
[ERROR] RUNTIME(712966,10):2026-01-15-10:28:36.074.077 [error_message_manage.cc:53]712966 FuncErrorReason:report error module_type=3, module_name=EE8888
[ERROR] RUNTIME(712966,10):2026-01-15-10:28:36.074.080 [error_message_manage.cc:53]712966 FuncErrorReason:rtMemcpy execute failed, reason=[the current capture mode does not support this operation]
[ERROR] ASCENDCL(712966,10):2026-01-15-10:28:36.074.281 [memory.cpp:437]712966 aclrtMemcpyImpl: synchronized memcpy failed, kind = 1, runtime result = 107030
[ERROR] RUNTIME(712966,10):2026-01-15-10:28:36.141.034 [api_error.cc:1519]712966 MemCopySync:Memory copy sync failed, cnt=72, kind=1.
[ERROR] RUNTIME(712966,10):2026-01-15-10:28:36.141.043 [api_c.cc:1197]712966 rtMemcpy:ErrCode=107030, desc=[the current capture mode does not support this operation], InnerCode=0x703001c
[ERROR] RUNTIME(712966,10):2026-01-15-10:28:36.141.045 [error_message_manage.cc:53]712966 FuncErrorReason:report error module_type=3, module_name=EE8888
[ERROR] RUNTIME(712966,10):2026-01-15-10:28:36.141.048 [error_message_manage.cc:53]712966 FuncErrorReason:rtMemcpy execute failed, reason=[the current capture mode does not support this operation]
[ERROR] ASCENDCL(712966,10):2026-01-15-10:28:36.141.236 [memory.cpp:437]712966 aclrtMemcpyImpl: synchronized memcpy failed, kind = 1, runtime result = 107030
[ERROR] RUNTIME(712966,10):2026-01-15-10:28:36.221.303 [api_error.cc:1519]712966 MemCopySync:Memory copy sync failed, cnt=416, kind=1.
[ERROR] RUNTIME(712966,10):2026-01-15-10:28:36.221.312 [api_c.cc:1197]712966 rtMemcpy:ErrCode=107030, desc=[the current capture mode does not support this operation], InnerCode=0x703001c
[ERROR] RUNTIME(712966,10):2026-01-15-10:28:36.221.314 [error_message_manage.cc:53]712966 FuncErrorReason:report error module_type=3, module_name=EE8888
[ERROR] RUNTIME(712966,10):2026-01-15-10:28:36.221.317 [error_message_manage.cc:53]712966 FuncErrorReason:rtMemcpy execute failed, reason=[the current capture mode does not support this operation]
[ERROR] ASCENDCL(712966,10):2026-01-15-10:28:36.221.525 [memory.cpp:437]712966 aclrtMemcpyImpl: synchronized memcpy failed, kind = 1, runtime result = 107030
[ERROR] RUNTIME(712966,10):2026-01-15-10:28:36.289.875 [api_error.cc:1519]712966 MemCopySync:Memory copy sync failed, cnt=72, kind=1.
[ERROR] RUNTIME(712966,10):2026-01-15-10:28:36.289.883 [api_c.cc:1197]712966 rtMemcpy:ErrCode=107030, desc=[the current capture mode does not support this operation], InnerCode=0x703001c
[ERROR] RUNTIME(712966,10):2026-01-15-10:28:36.289.886 [error_message_manage.cc:53]712966 FuncErrorReason:report error module_type=3, module_name=EE8888
[ERROR] RUNTIME(712966,10):2026-01-15-10:28:36.289.889 [error_message_manage.cc:53]712966 FuncErrorReason:rtMemcpy execute failed, reason=[the current capture mode does not support this operation]
[ERROR] ASCENDCL(712966,10):2026-01-15-10:28:36.290.092 [memory.cpp:437]712966 aclrtMemcpyImpl: synchronized memcpy failed, kind = 1, runtime result = 107030
[ERROR] RUNTIME(712966,10):2026-01-15-10:28:36.359.939 [api_error.cc:1519]712966 MemCopySync:Memory copy sync failed, cnt=416, kind=1.
[ERROR] RUNTIME(712966,10):2026-01-15-10:28:36.359.948 [api_c.cc:1197]712966 rtMemcpy:ErrCode=107030, desc=[the current capture mode does not support this operation], InnerCode=0x703001c
[ERROR] RUNTIME(712966,10):2026-01-15-10:28:36.359.951 [error_message_manage.cc:53]712966 FuncErrorReason:report error module_type=3, module_name=EE8888
[ERROR] RUNTIME(712966,10):2026-01-15-10:28:36.359.954 [error_message_manage.cc:53]712966 FuncErrorReason:rtMemcpy execute failed, reason=[the current capture mode does not support this operation]
[ERROR] ASCENDCL(712966,10):2026-01-15-10:28:36.360.247 [memory.cpp:437]712966 aclrtMemcpyImpl: synchronized memcpy failed, kind = 1, runtime result = 107030
[ERROR] RUNTIME(712966,10):2026-01-15-10:28:36.430.116 [api_error.cc:1519]712966 MemCopySync:Memory copy sync failed, cnt=72, kind=1.
[ERROR] RUNTIME(712966,10):2026-01-15-10:28:36.430.124 [api_c.cc:1197]712966 rtMemcpy:ErrCode=107030, desc=[the current capture mode does not support this operation], InnerCode=0x703001c
[ERROR] RUNTIME(712966,10):2026-01-15-10:28:36.430.127 [error_message_manage.cc:53]712966 FuncErrorReason:report error module_type=3, module_name=EE8888
[ERROR] RUNTIME(712966,10):2026-01-15-10:28:36.430.130 [error_message_manage.cc:53]712966 FuncErrorReason:rtMemcpy execute failed, reason=[the current capture mode does not support this operation]
[ERROR] ASCENDCL(712966,10):2026-01-15-10:28:36.430.336 [memory.cpp:437]712966 aclrtMemcpyImpl: synchronized memcpy failed, kind = 1, runtime result = 107030
[ERROR] RUNTIME(712966,10):2026-01-15-10:28:36.505.586 [api_error.cc:1519]712966 MemCopySync:Memory copy sync failed, cnt=416, kind=1.
[ERROR] RUNTIME(712966,10):2026-01-15-10:28:36.505.594 [api_c.cc:1197]712966 rtMemcpy:ErrCode=107030, desc=[the current capture mode does not support this operation], InnerCode=0x703001c
[ERROR] RUNTIME(712966,10):2026-01-15-10:28:36.505.597 [error_message_manage.cc:53]712966 FuncErrorReason:report error module_type=3, module_name=EE8888
[ERROR] RUNTIME(712966,10):2026-01-15-10:28:36.505.600 [error_message_manage.cc:53]712966 FuncErrorReason:rtMemcpy execute failed, reason=[the current capture mode does not support this operation]
[ERROR] ASCENDCL(712966,10):2026-01-15-10:28:36.505.768 [memory.cpp:437]712966 aclrtMemcpyImpl: synchronized memcpy failed, kind = 1, runtime result = 107030
[ERROR] RUNTIME(712966,10):2026-01-15-10:28:36.574.045 [api_error.cc:1519]712966 MemCopySync:Memory copy sync failed, cnt=72, kind=1.
[ERROR] RUNTIME(712966,10):2026-01-15-10:28:36.574.053 [api_c.cc:1197]712966 rtMemcpy:ErrCode=107030, desc=[the current capture mode does not support this operation], InnerCode=0x703001c
[ERROR] RUNTIME(712966,10):2026-01-15-10:28:36.574.056 [error_message_manage.cc:53]712966 FuncErrorReason:report error module_type=3, module_name=EE8888
[ERROR] RUNTIME(712966,10):2026-01-15-10:28:36.574.058 [error_message_manage.cc:53]712966 FuncErrorReason:rtMemcpy execute failed, reason=[the current capture mode does not support this operation]
[ERROR] ASCENDCL(712966,10):2026-01-15-10:28:36.574.285 [memory.cpp:437]712966 aclrtMemcpyImpl: synchronized memcpy failed, kind = 1, runtime result = 107030
[ERROR] RUNTIME(712966,10):2026-01-15-10:28:36.638.535 [api_error.cc:1519]712966 MemCopySync:Memory copy sync failed, cnt=416, kind=1.
[ERROR] RUNTIME(712966,10):2026-01-15-10:28:36.638.543 [api_c.cc:1197]712966 rtMemcpy:ErrCode=107030, desc=[the current capture mode does not support this operation], InnerCode=0x703001c
[ERROR] RUNTIME(712966,10):2026-01-15-10:28:36.638.546 [error_message_manage.cc:53]712966 FuncErrorReason:report error module_type=3, module_name=EE8888
[ERROR] RUNTIME(712966,10):2026-01-15-10:28:36.638.549 [error_message_manage.cc:53]712966 FuncErrorReason:rtMemcpy execute failed, reason=[the current capture mode does not support this operation]
[ERROR] ASCENDCL(712966,10):2026-01-15-10:28:36.638.744 [memory.cpp:437]712966 aclrtMemcpyImpl: synchronized memcpy failed, kind = 1, runtime result = 107030
[ERROR] RUNTIME(712966,10):2026-01-15-10:28:36.706.739 [api_error.cc:1519]712966 MemCopySync:Memory copy sync failed, cnt=72, kind=1.
[ERROR] RUNTIME(712966,10):2026-01-15-10:28:36.706.748 [api_c.cc:1197]712966 rtMemcpy:ErrCode=107030, desc=[the current capture mode does not support this operation], InnerCode=0x703001c
[ERROR] RUNTIME(712966,10):2026-01-15-10:28:36.706.750 [error_message_manage.cc:53]712966 FuncErrorReason:report error module_type=3, module_name=EE8888
[ERROR] RUNTIME(712966,10):2026-01-15-10:28:36.706.753 [error_message_manage.cc:53]712966 FuncErrorReason:rtMemcpy execute failed, reason=[the current capture mode does not support this operation]
[ERROR] ASCENDCL(712966,10):2026-01-15-10:28:36.706.932 [memory.cpp:437]712966 aclrtMemcpyImpl: synchronized memcpy failed, kind = 1, runtime result = 107030
[ERROR] RUNTIME(712966,10):2026-01-15-10:28:36.780.893 [api_error.cc:1519]712966 MemCopySync:Memory copy sync failed, cnt=416, kind=1.
[ERROR] RUNTIME(712966,10):2026-01-15-10:28:36.780.902 [api_c.cc:1197]712966 rtMemcpy:ErrCode=107030, desc=[the current capture mode does not support this operation], InnerCode=0x703001c
[ERROR] RUNTIME(712966,10):2026-01-15-10:28:36.780.905 [error_message_manage.cc:53]712966 FuncErrorReason:report error module_type=3, module_name=EE8888
[ERROR] RUNTIME(712966,10):2026-01-15-10:28:36.780.907 [error_message_manage.cc:53]712966 FuncErrorReason:rtMemcpy execute failed, reason=[the current capture mode does not support this operation]
[ERROR] ASCENDCL(712966,10):2026-01-15-10:28:36.781.127 [memory.cpp:437]712966 aclrtMemcpyImpl: synchronized memcpy failed, kind = 1, runtime result = 107030
[ERROR] RUNTIME(712966,10):2026-01-15-10:28:36.861.928 [api_error.cc:1519]712966 MemCopySync:Memory copy sync failed, cnt=72, kind=1.
[ERROR] RUNTIME(712966,10):2026-01-15-10:28:36.861.937 [api_c.cc:1197]712966 rtMemcpy:ErrCode=107030, desc=[the current capture mode does not support this operation], InnerCode=0x703001c
[ERROR] RUNTIME(712966,10):2026-01-15-10:28:36.861.940 [error_message_manage.cc:53]712966 FuncErrorReason:report error module_type=3, module_name=EE8888
[ERROR] RUNTIME(712966,10):2026-01-15-10:28:36.861.943 [error_message_manage.cc:53]712966 FuncErrorReason:rtMemcpy execute failed, reason=[the current capture mode does not support this operation]
[ERROR] ASCENDCL(712966,10):2026-01-15-10:28:36.862.122 [memory.cpp:437]712966 aclrtMemcpyImpl: synchronized memcpy failed, kind = 1, runtime result = 107030
[ERROR] RUNTIME(712966,10):2026-01-15-10:28:36.937.608 [api_error.cc:1519]712966 MemCopySync:Memory copy sync failed, cnt=416, kind=1.
[ERROR] RUNTIME(712966,10):2026-01-15-10:28:36.937.616 [api_c.cc:1197]712966 rtMemcpy:ErrCode=107030, desc=[the current capture mode does not support this operation], InnerCode=0x703001c
[ERROR] RUNTIME(712966,10):2026-01-15-10:28:36.937.619 [error_message_manage.cc:53]712966 FuncErrorReason:report error module_type=3, module_name=EE8888
[ERROR] RUNTIME(712966,10):2026-01-15-10:28:36.937.622 [error_message_manage.cc:53]712966 FuncErrorReason:rtMemcpy execute failed, reason=[the current capture mode does not support this operation]
[ERROR] ASCENDCL(712966,10):2026-01-15-10:28:36.937.838 [memory.cpp:437]712966 aclrtMemcpyImpl: synchronized memcpy failed, kind = 1, runtime result = 107030
[ERROR] RUNTIME(712966,10):2026-01-15-10:28:37.015.395 [api_error.cc:1519]712966 MemCopySync:Memory copy sync failed, cnt=72, kind=1.
[ERROR] RUNTIME(712966,10):2026-01-15-10:28:37.015.404 [api_c.cc:1197]712966 rtMemcpy:ErrCode=107030, desc=[the current capture mode does not support this operation], InnerCode=0x703001c
[ERROR] RUNTIME(712966,10):2026-01-15-10:28:37.015.414 [error_message_manage.cc:53]712966 FuncErrorReason:report error module_type=3, module_name=EE8888
[ERROR] RUNTIME(712966,10):2026-01-15-10:28:37.015.418 [error_message_manage.cc:53]712966 FuncErrorReason:rtMemcpy execute failed, reason=[the current capture mode does not support this operation]
[ERROR] ASCENDCL(712966,10):2026-01-15-10:28:37.015.644 [memory.cpp:437]712966 aclrtMemcpyImpl: synchronized memcpy failed, kind = 1, runtime result = 107030
[ERROR] RUNTIME(712966,10):2026-01-15-10:28:37.089.862 [api_error.cc:1519]712966 MemCopySync:Memory copy sync failed, cnt=416, kind=1.
[ERROR] RUNTIME(712966,10):2026-01-15-10:28:37.089.871 [api_c.cc:1197]712966 rtMemcpy:ErrCode=107030, desc=[the current capture mode does not support this operation], InnerCode=0x703001c
[ERROR] RUNTIME(712966,10):2026-01-15-10:28:37.089.874 [error_message_manage.cc:53]712966 FuncErrorReason:report error module_type=3, module_name=EE8888
[ERROR] RUNTIME(712966,10):2026-01-15-10:28:37.089.876 [error_message_manage.cc:53]712966 FuncErrorReason:rtMemcpy execute failed, reason=[the current capture mode does not support this operation]
[ERROR] ASCENDCL(712966,10):2026-01-15-10:28:37.090.094 [memory.cpp:437]712966 aclrtMemcpyImpl: synchronized memcpy failed, kind = 1, runtime result = 107030
[ERROR] RUNTIME(712966,10):2026-01-15-10:28:37.159.303 [api_error.cc:1519]712966 MemCopySync:Memory copy sync failed, cnt=72, kind=1.
[ERROR] RUNTIME(712966,10):2026-01-15-10:28:37.159.311 [api_c.cc:1197]712966 rtMemcpy:ErrCode=107030, desc=[the current capture mode does not support this operation], InnerCode=0x703001c
[ERROR] RUNTIME(712966,10):2026-01-15-10:28:37.159.314 [error_message_manage.cc:53]712966 FuncErrorReason:report error module_type=3, module_name=EE8888
[ERROR] RUNTIME(712966,10):2026-01-15-10:28:37.159.316 [error_message_manage.cc:53]712966 FuncErrorReason:rtMemcpy execute failed, reason=[the current capture mode does not support this operation]
[ERROR] ASCENDCL(712966,10):2026-01-15-10:28:37.159.543 [memory.cpp:437]712966 aclrtMemcpyImpl: synchronized memcpy failed, kind = 1, runtime result = 107030
[ERROR] RUNTIME(712966,10):2026-01-15-10:28:37.239.259 [api_error.cc:1519]712966 MemCopySync:Memory copy sync failed, cnt=416, kind=1.
[ERROR] RUNTIME(712966,10):2026-01-15-10:28:37.239.268 [api_c.cc:1197]712966 rtMemcpy:ErrCode=107030, desc=[the current capture mode does not support this operation], InnerCode=0x703001c
[ERROR] RUNTIME(712966,10):2026-01-15-10:28:37.239.271 [error_message_manage.cc:53]712966 FuncErrorReason:report error module_type=3, module_name=EE8888
[ERROR] RUNTIME(712966,10):2026-01-15-10:28:37.239.274 [error_message_manage.cc:53]712966 FuncErrorReason:rtMemcpy execute failed, reason=[the current capture mode does not support this operation]
[ERROR] ASCENDCL(712966,10):2026-01-15-10:28:37.239.492 [memory.cpp:437]712966 aclrtMemcpyImpl: synchronized memcpy failed, kind = 1, runtime result = 107030
[ERROR] RUNTIME(712966,10):2026-01-15-10:28:37.313.720 [api_error.cc:1519]712966 MemCopySync:Memory copy sync failed, cnt=72, kind=1.
[ERROR] RUNTIME(712966,10):2026-01-15-10:28:37.313.729 [api_c.cc:1197]712966 rtMemcpy:ErrCode=107030, desc=[the current capture mode does not support this operation], InnerCode=0x703001c
[ERROR] RUNTIME(712966,10):2026-01-15-10:28:37.313.732 [error_message_manage.cc:53]712966 FuncErrorReason:report error module_type=3, module_name=EE8888
[ERROR] RUNTIME(712966,10):2026-01-15-10:28:37.313.735 [error_message_manage.cc:53]712966 FuncErrorReason:rtMemcpy execute failed, reason=[the current capture mode does not support this operation]
[ERROR] ASCENDCL(712966,10):2026-01-15-10:28:37.313.932 [memory.cpp:437]712966 aclrtMemcpyImpl: synchronized memcpy failed, kind = 1, runtime result = 107030
[ERROR] RUNTIME(712966,10):2026-01-15-10:28:37.387.075 [api_error.cc:1519]712966 MemCopySync:Memory copy sync failed, cnt=416, kind=1.
[ERROR] RUNTIME(712966,10):2026-01-15-10:28:37.387.084 [api_c.cc:1197]712966 rtMemcpy:ErrCode=107030, desc=[the current capture mode does not support this operation], InnerCode=0x703001c
[ERROR] RUNTIME(712966,10):2026-01-15-10:28:37.387.087 [error_message_manage.cc:53]712966 FuncErrorReason:report error module_type=3, module_name=EE8888
[ERROR] RUNTIME(712966,10):2026-01-15-10:28:37.387.090 [error_message_manage.cc:53]712966 FuncErrorReason:rtMemcpy execute failed, reason=[the current capture mode does not support this operation]
[ERROR] ASCENDCL(712966,10):2026-01-15-10:28:37.387.317 [memory.cpp:437]712966 aclrtMemcpyImpl: synchronized memcpy failed, kind = 1, runtime result = 107030
[ERROR] RUNTIME(712966,10):2026-01-15-10:28:37.455.886 [api_error.cc:1519]712966 MemCopySync:Memory copy sync failed, cnt=72, kind=1.
[ERROR] RUNTIME(712966,10):2026-01-15-10:28:37.455.895 [api_c.cc:1197]712966 rtMemcpy:ErrCode=107030, desc=[the current capture mode does not support this operation], InnerCode=0x703001c
[ERROR] RUNTIME(712966,10):2026-01-15-10:28:37.455.897 [error_message_manage.cc:53]712966 FuncErrorReason:report error module_type=3, module_name=EE8888
[ERROR] RUNTIME(712966,10):2026-01-15-10:28:37.455.900 [error_message_manage.cc:53]712966 FuncErrorReason:rtMemcpy execute failed, reason=[the current capture mode does not support this operation]
[ERROR] ASCENDCL(712966,10):2026-01-15-10:28:37.456.060 [memory.cpp:437]712966 aclrtMemcpyImpl: synchronized memcpy failed, kind = 1, runtime result = 107030
[ERROR] RUNTIME(712966,10):2026-01-15-10:28:37.530.381 [api_error.cc:1519]712966 MemCopySync:Memory copy sync failed, cnt=416, kind=1.
[ERROR] RUNTIME(712966,10):2026-01-15-10:28:37.530.389 [api_c.cc:1197]712966 rtMemcpy:ErrCode=107030, desc=[the current capture mode does not support this operation], InnerCode=0x703001c
[ERROR] RUNTIME(712966,10):2026-01-15-10:28:37.530.392 [error_message_manage.cc:53]712966 FuncErrorReason:report error module_type=3, module_name=EE8888
[ERROR] RUNTIME(712966,10):2026-01-15-10:28:37.530.394 [error_message_manage.cc:53]712966 FuncErrorReason:rtMemcpy execute failed, reason=[the current capture mode does not support this operation]
[ERROR] ASCENDCL(712966,10):2026-01-15-10:28:37.530.605 [memory.cpp:437]712966 aclrtMemcpyImpl: synchronized memcpy failed, kind = 1, runtime result = 107030
[ERROR] RUNTIME(712966,10):2026-01-15-10:28:37.600.499 [api_error.cc:1519]712966 MemCopySync:Memory copy sync failed, cnt=72, kind=1.
[ERROR] RUNTIME(712966,10):2026-01-15-10:28:37.600.507 [api_c.cc:1197]712966 rtMemcpy:ErrCode=107030, desc=[the current capture mode does not support this operation], InnerCode=0x703001c
[ERROR] RUNTIME(712966,10):2026-01-15-10:28:37.600.510 [error_message_manage.cc:53]712966 FuncErrorReason:report error module_type=3, module_name=EE8888
[ERROR] RUNTIME(712966,10):2026-01-15-10:28:37.600.513 [error_message_manage.cc:53]712966 FuncErrorReason:rtMemcpy execute failed, reason=[the current capture mode does not support this operation]
[ERROR] ASCENDCL(712966,10):2026-01-15-10:28:37.600.743 [memory.cpp:437]712966 aclrtMemcpyImpl: synchronized memcpy failed, kind = 1, runtime result = 107030
[ERROR] RUNTIME(712966,10):2026-01-15-10:28:37.673.054 [api_error.cc:1519]712966 MemCopySync:Memory copy sync failed, cnt=416, kind=1.
[ERROR] RUNTIME(712966,10):2026-01-15-10:28:37.673.064 [api_c.cc:1197]712966 rtMemcpy:ErrCode=107030, desc=[the current capture mode does not support this operation], InnerCode=0x703001c
[ERROR] RUNTIME(712966,10):2026-01-15-10:28:37.673.066 [error_message_manage.cc:53]712966 FuncErrorReason:report error module_type=3, module_name=EE8888
[ERROR] RUNTIME(712966,10):2026-01-15-10:28:37.673.069 [error_message_manage.cc:53]712966 FuncErrorReason:rtMemcpy execute failed, reason=[the current capture mode does not support this operation]
[ERROR] ASCENDCL(712966,10):2026-01-15-10:28:37.673.264 [memory.cpp:437]712966 aclrtMemcpyImpl: synchronized memcpy failed, kind = 1, runtime result = 107030
[ERROR] RUNTIME(712966,10):2026-01-15-10:28:37.740.737 [api_error.cc:1519]712966 MemCopySync:Memory copy sync failed, cnt=72, kind=1.
[ERROR] RUNTIME(712966,10):2026-01-15-10:28:37.740.746 [api_c.cc:1197]712966 rtMemcpy:ErrCode=107030, desc=[the current capture mode does not support this operation], InnerCode=0x703001c
[ERROR] RUNTIME(712966,10):2026-01-15-10:28:37.740.749 [error_message_manage.cc:53]712966 FuncErrorReason:report error module_type=3, module_name=EE8888
[ERROR] RUNTIME(712966,10):2026-01-15-10:28:37.740.751 [error_message_manage.cc:53]712966 FuncErrorReason:rtMemcpy execute failed, reason=[the current capture mode does not support this operation]
[ERROR] ASCENDCL(712966,10):2026-01-15-10:28:37.740.941 [memory.cpp:437]712966 aclrtMemcpyImpl: synchronized memcpy failed, kind = 1, runtime result = 107030
[ERROR] RUNTIME(712966,10):2026-01-15-10:28:37.816.173 [api_error.cc:1519]712966 MemCopySync:Memory copy sync failed, cnt=416, kind=1.
[ERROR] RUNTIME(712966,10):2026-01-15-10:28:37.816.182 [api_c.cc:1197]712966 rtMemcpy:ErrCode=107030, desc=[the current capture mode does not support this operation], InnerCode=0x703001c
[ERROR] RUNTIME(712966,10):2026-01-15-10:28:37.816.185 [error_message_manage.cc:53]712966 FuncErrorReason:report error module_type=3, module_name=EE8888
[ERROR] RUNTIME(712966,10):2026-01-15-10:28:37.816.188 [error_message_manage.cc:53]712966 FuncErrorReason:rtMemcpy execute failed, reason=[the current capture mode does not support this operation]
[ERROR] ASCENDCL(712966,10):2026-01-15-10:28:37.816.414 [memory.cpp:437]712966 aclrtMemcpyImpl: synchronized memcpy failed, kind = 1, runtime result = 107030
[ERROR] RUNTIME(712966,10):2026-01-15-10:28:37.888.447 [api_error.cc:1519]712966 MemCopySync:Memory copy sync failed, cnt=72, kind=1.
[ERROR] RUNTIME(712966,10):2026-01-15-10:28:37.888.457 [api_c.cc:1197]712966 rtMemcpy:ErrCode=107030, desc=[the current capture mode does not support this operation], InnerCode=0x703001c
[ERROR] RUNTIME(712966,10):2026-01-15-10:28:37.888.459 [error_message_manage.cc:53]712966 FuncErrorReason:report error module_type=3, module_name=EE8888
[ERROR] RUNTIME(712966,10):2026-01-15-10:28:37.888.462 [error_message_manage.cc:53]712966 FuncErrorReason:rtMemcpy execute failed, reason=[the current capture mode does not support this operation]
[ERROR] ASCENDCL(712966,10):2026-01-15-10:28:37.888.635 [memory.cpp:437]712966 aclrtMemcpyImpl: synchronized memcpy failed, kind = 1, runtime result = 107030
[ERROR] RUNTIME(712966,10):2026-01-15-10:28:37.959.907 [api_error.cc:1519]712966 MemCopySync:Memory copy sync failed, cnt=416, kind=1.
[ERROR] RUNTIME(712966,10):2026-01-15-10:28:37.959.916 [api_c.cc:1197]712966 rtMemcpy:ErrCode=107030, desc=[the current capture mode does not support this operation], InnerCode=0x703001c
[ERROR] RUNTIME(712966,10):2026-01-15-10:28:37.959.919 [error_message_manage.cc:53]712966 FuncErrorReason:report error module_type=3, module_name=EE8888
[ERROR] RUNTIME(712966,10):2026-01-15-10:28:37.959.922 [error_message_manage.cc:53]712966 FuncErrorReason:rtMemcpy execute failed, reason=[the current capture mode does not support this operation]
[ERROR] ASCENDCL(712966,10):2026-01-15-10:28:37.960.148 [memory.cpp:437]712966 aclrtMemcpyImpl: synchronized memcpy failed, kind = 1, runtime result = 107030
[ERROR] RUNTIME(712966,10):2026-01-15-10:28:38.029.809 [api_error.cc:1519]712966 MemCopySync:Memory copy sync failed, cnt=72, kind=1.
[ERROR] RUNTIME(712966,10):2026-01-15-10:28:38.029.818 [api_c.cc:1197]712966 rtMemcpy:ErrCode=107030, desc=[the current capture mode does not support this operation], InnerCode=0x703001c
[ERROR] RUNTIME(712966,10):2026-01-15-10:28:38.029.820 [error_message_manage.cc:53]712966 FuncErrorReason:report error module_type=3, module_name=EE8888
[ERROR] RUNTIME(712966,10):2026-01-15-10:28:38.029.823 [error_message_manage.cc:53]712966 FuncErrorReason:rtMemcpy execute failed, reason=[the current capture mode does not support this operation]
[ERROR] ASCENDCL(712966,10):2026-01-15-10:28:38.029.980 [memory.cpp:437]712966 aclrtMemcpyImpl: synchronized memcpy failed, kind = 1, runtime result = 107030
[ERROR] RUNTIME(712966,10):2026-01-15-10:28:38.103.717 [api_error.cc:1519]712966 MemCopySync:Memory copy sync failed, cnt=416, kind=1.
[ERROR] RUNTIME(712966,10):2026-01-15-10:28:38.103.727 [api_c.cc:1197]712966 rtMemcpy:ErrCode=107030, desc=[the current capture mode does not support this operation], InnerCode=0x703001c
[ERROR] RUNTIME(712966,10):2026-01-15-10:28:38.103.730 [error_message_manage.cc:53]712966 FuncErrorReason:report error module_type=3, module_name=EE8888
[ERROR] RUNTIME(712966,10):2026-01-15-10:28:38.103.733 [error_message_manage.cc:53]712966 FuncErrorReason:rtMemcpy execute failed, reason=[the current capture mode does not support this operation]
[ERROR] ASCENDCL(712966,10):2026-01-15-10:28:38.103.914 [memory.cpp:437]712966 aclrtMemcpyImpl: synchronized memcpy failed, kind = 1, runtime result = 107030
[ERROR] RUNTIME(712966,10):2026-01-15-10:28:38.173.420 [api_error.cc:1519]712966 MemCopySync:Memory copy sync failed, cnt=72, kind=1.
[ERROR] RUNTIME(712966,10):2026-01-15-10:28:38.173.429 [api_c.cc:1197]712966 rtMemcpy:ErrCode=107030, desc=[the current capture mode does not support this operation], InnerCode=0x703001c
[ERROR] RUNTIME(712966,10):2026-01-15-10:28:38.173.432 [error_message_manage.cc:53]712966 FuncErrorReason:report error module_type=3, module_name=EE8888
[ERROR] RUNTIME(712966,10):2026-01-15-10:28:38.173.434 [error_message_manage.cc:53]712966 FuncErrorReason:rtMemcpy execute failed, reason=[the current capture mode does not support this operation]
[ERROR] ASCENDCL(712966,10):2026-01-15-10:28:38.173.664 [memory.cpp:437]712966 aclrtMemcpyImpl: synchronized memcpy failed, kind = 1, runtime result = 107030
[ERROR] RUNTIME(712966,10):2026-01-15-10:28:38.250.435 [api_error.cc:1519]712966 MemCopySync:Memory copy sync failed, cnt=416, kind=1.
[ERROR] RUNTIME(712966,10):2026-01-15-10:28:38.250.444 [api_c.cc:1197]712966 rtMemcpy:ErrCode=107030, desc=[the current capture mode does not support this operation], InnerCode=0x703001c
[ERROR] RUNTIME(712966,10):2026-01-15-10:28:38.250.447 [error_message_manage.cc:53]712966 FuncErrorReason:report error module_type=3, module_name=EE8888
[ERROR] RUNTIME(712966,10):2026-01-15-10:28:38.250.450 [error_message_manage.cc:53]712966 FuncErrorReason:rtMemcpy execute failed, reason=[the current capture mode does not support this operation]
[ERROR] ASCENDCL(712966,10):2026-01-15-10:28:38.250.641 [memory.cpp:437]712966 aclrtMemcpyImpl: synchronized memcpy failed, kind = 1, runtime result = 107030
[ERROR] RUNTIME(712966,10):2026-01-15-10:28:38.323.149 [api_error.cc:1519]712966 MemCopySync:Memory copy sync failed, cnt=72, kind=1.
[ERROR] RUNTIME(712966,10):2026-01-15-10:28:38.323.158 [api_c.cc:1197]712966 rtMemcpy:ErrCode=107030, desc=[the current capture mode does not support this operation], InnerCode=0x703001c
[ERROR] RUNTIME(712966,10):2026-01-15-10:28:38.323.160 [error_message_manage.cc:53]712966 FuncErrorReason:report error module_type=3, module_name=EE8888
[ERROR] RUNTIME(712966,10):2026-01-15-10:28:38.323.163 [error_message_manage.cc:53]712966 FuncErrorReason:rtMemcpy execute failed, reason=[the current capture mode does not support this operation]
[ERROR] ASCENDCL(712966,10):2026-01-15-10:28:38.323.362 [memory.cpp:437]712966 aclrtMemcpyImpl: synchronized memcpy failed, kind = 1, runtime result = 107030
[ERROR] RUNTIME(712966,10):2026-01-15-10:28:38.398.160 [api_error.cc:1519]712966 MemCopySync:Memory copy sync failed, cnt=416, kind=1.
[ERROR] RUNTIME(712966,10):2026-01-15-10:28:38.398.169 [api_c.cc:1197]712966 rtMemcpy:ErrCode=107030, desc=[the current capture mode does not support this operation], InnerCode=0x703001c
[ERROR] RUNTIME(712966,10):2026-01-15-10:28:38.398.171 [error_message_manage.cc:53]712966 FuncErrorReason:report error module_type=3, module_name=EE8888
[ERROR] RUNTIME(712966,10):2026-01-15-10:28:38.398.174 [error_message_manage.cc:53]712966 FuncErrorReason:rtMemcpy execute failed, reason=[the current capture mode does not support this operation]
[ERROR] ASCENDCL(712966,10):2026-01-15-10:28:38.398.346 [memory.cpp:437]712966 aclrtMemcpyImpl: synchronized memcpy failed, kind = 1, runtime result = 107030
[ERROR] RUNTIME(712966,10):2026-01-15-10:28:38.465.702 [api_error.cc:1519]712966 MemCopySync:Memory copy sync failed, cnt=72, kind=1.
[ERROR] RUNTIME(712966,10):2026-01-15-10:28:38.465.711 [api_c.cc:1197]712966 rtMemcpy:ErrCode=107030, desc=[the current capture mode does not support this operation], InnerCode=0x703001c
[ERROR] RUNTIME(712966,10):2026-01-15-10:28:38.465.713 [error_message_manage.cc:53]712966 FuncErrorReason:report error module_type=3, module_name=EE8888
[ERROR] RUNTIME(712966,10):2026-01-15-10:28:38.465.716 [error_message_manage.cc:53]712966 FuncErrorReason:rtMemcpy execute failed, reason=[the current capture mode does not support this operation]
[ERROR] ASCENDCL(712966,10):2026-01-15-10:28:38.465.886 [memory.cpp:437]712966 aclrtMemcpyImpl: synchronized memcpy failed, kind = 1, runtime result = 107030
[ERROR] RUNTIME(712966,10):2026-01-15-10:28:38.537.016 [api_error.cc:1519]712966 MemCopySync:Memory copy sync failed, cnt=416, kind=1.
[ERROR] RUNTIME(712966,10):2026-01-15-10:28:38.537.024 [api_c.cc:1197]712966 rtMemcpy:ErrCode=107030, desc=[the current capture mode does not support this operation], InnerCode=0x703001c
[ERROR] RUNTIME(712966,10):2026-01-15-10:28:38.537.027 [error_message_manage.cc:53]712966 FuncErrorReason:report error module_type=3, module_name=EE8888
[ERROR] RUNTIME(712966,10):2026-01-15-10:28:38.537.030 [error_message_manage.cc:53]712966 FuncErrorReason:rtMemcpy execute failed, reason=[the current capture mode does not support this operation]
[ERROR] ASCENDCL(712966,10):2026-01-15-10:28:38.537.221 [memory.cpp:437]712966 aclrtMemcpyImpl: synchronized memcpy failed, kind = 1, runtime result = 107030
[ERROR] RUNTIME(712966,10):2026-01-15-10:28:38.608.719 [api_error.cc:1519]712966 MemCopySync:Memory copy sync failed, cnt=72, kind=1.
[ERROR] RUNTIME(712966,10):2026-01-15-10:28:38.608.727 [api_c.cc:1197]712966 rtMemcpy:ErrCode=107030, desc=[the current capture mode does not support this operation], InnerCode=0x703001c
[ERROR] RUNTIME(712966,10):2026-01-15-10:28:38.608.730 [error_message_manage.cc:53]712966 FuncErrorReason:report error module_type=3, module_name=EE8888
[ERROR] RUNTIME(712966,10):2026-01-15-10:28:38.608.733 [error_message_manage.cc:53]712966 FuncErrorReason:rtMemcpy execute failed, reason=[the current capture mode does not support this operation]
[ERROR] ASCENDCL(712966,10):2026-01-15-10:28:38.608.967 [memory.cpp:437]712966 aclrtMemcpyImpl: synchronized memcpy failed, kind = 1, runtime result = 107030
[ERROR] RUNTIME(712966,10):2026-01-15-10:28:38.677.137 [api_error.cc:1519]712966 MemCopySync:Memory copy sync failed, cnt=416, kind=1.
[ERROR] RUNTIME(712966,10):2026-01-15-10:28:38.677.146 [api_c.cc:1197]712966 rtMemcpy:ErrCode=107030, desc=[the current capture mode does not support this operation], InnerCode=0x703001c
[ERROR] RUNTIME(712966,10):2026-01-15-10:28:38.677.149 [error_message_manage.cc:53]712966 FuncErrorReason:report error module_type=3, module_name=EE8888
[ERROR] RUNTIME(712966,10):2026-01-15-10:28:38.677.151 [error_message_manage.cc:53]712966 FuncErrorReason:rtMemcpy execute failed, reason=[the current capture mode does not support this operation]
[ERROR] ASCENDCL(712966,10):2026-01-15-10:28:38.677.341 [memory.cpp:437]712966 aclrtMemcpyImpl: synchronized memcpy failed, kind = 1, runtime result = 107030
[ERROR] RUNTIME(712966,10):2026-01-15-10:28:38.752.946 [api_error.cc:1519]712966 MemCopySync:Memory copy sync failed, cnt=72, kind=1.
[ERROR] RUNTIME(712966,10):2026-01-15-10:28:38.752.955 [api_c.cc:1197]712966 rtMemcpy:ErrCode=107030, desc=[the current capture mode does not support this operation], InnerCode=0x703001c
[ERROR] RUNTIME(712966,10):2026-01-15-10:28:38.752.958 [error_message_manage.cc:53]712966 FuncErrorReason:report error module_type=3, module_name=EE8888
[ERROR] RUNTIME(712966,10):2026-01-15-10:28:38.752.961 [error_message_manage.cc:53]712966 FuncErrorReason:rtMemcpy execute failed, reason=[the current capture mode does not support this operation]
[ERROR] ASCENDCL(712966,10):2026-01-15-10:28:38.753.129 [memory.cpp:437]712966 aclrtMemcpyImpl: synchronized memcpy failed, kind = 1, runtime result = 107030
[ERROR] RUNTIME(712966,10):2026-01-15-10:28:38.826.274 [api_error.cc:1519]712966 MemCopySync:Memory copy sync failed, cnt=416, kind=1.
[ERROR] RUNTIME(712966,10):2026-01-15-10:28:38.826.283 [api_c.cc:1197]712966 rtMemcpy:ErrCode=107030, desc=[the current capture mode does not support this operation], InnerCode=0x703001c
[ERROR] RUNTIME(712966,10):2026-01-15-10:28:38.826.286 [error_message_manage.cc:53]712966 FuncErrorReason:report error module_type=3, module_name=EE8888
[ERROR] RUNTIME(712966,10):2026-01-15-10:28:38.826.289 [error_message_manage.cc:53]712966 FuncErrorReason:rtMemcpy execute failed, reason=[the current capture mode does not support this operation]
[ERROR] ASCENDCL(712966,10):2026-01-15-10:28:38.826.517 [memory.cpp:437]712966 aclrtMemcpyImpl: synchronized memcpy failed, kind = 1, runtime result = 107030
[ERROR] RUNTIME(712966,10):2026-01-15-10:28:38.896.404 [api_error.cc:1519]712966 MemCopySync:Memory copy sync failed, cnt=72, kind=1.
[ERROR] RUNTIME(712966,10):2026-01-15-10:28:38.896.412 [api_c.cc:1197]712966 rtMemcpy:ErrCode=107030, desc=[the current capture mode does not support this operation], InnerCode=0x703001c
[ERROR] RUNTIME(712966,10):2026-01-15-10:28:38.896.415 [error_message_manage.cc:53]712966 FuncErrorReason:report error module_type=3, module_name=EE8888
[ERROR] RUNTIME(712966,10):2026-01-15-10:28:38.896.418 [error_message_manage.cc:53]712966 FuncErrorReason:rtMemcpy execute failed, reason=[the current capture mode does not support this operation]
[ERROR] ASCENDCL(712966,10):2026-01-15-10:28:38.896.597 [memory.cpp:437]712966 aclrtMemcpyImpl: synchronized memcpy failed, kind = 1, runtime result = 107030
[ERROR] RUNTIME(712966,10):2026-01-15-10:28:38.969.391 [api_error.cc:1519]712966 MemCopySync:Memory copy sync failed, cnt=416, kind=1.
[ERROR] RUNTIME(712966,10):2026-01-15-10:28:38.969.400 [api_c.cc:1197]712966 rtMemcpy:ErrCode=107030, desc=[the current capture mode does not support this operation], InnerCode=0x703001c
[ERROR] RUNTIME(712966,10):2026-01-15-10:28:38.969.402 [error_message_manage.cc:53]712966 FuncErrorReason:report error module_type=3, module_name=EE8888
[ERROR] RUNTIME(712966,10):2026-01-15-10:28:38.969.405 [error_message_manage.cc:53]712966 FuncErrorReason:rtMemcpy execute failed, reason=[the current capture mode does not support this operation]
[ERROR] ASCENDCL(712966,10):2026-01-15-10:28:38.969.717 [memory.cpp:437]712966 aclrtMemcpyImpl: synchronized memcpy failed, kind = 1, runtime result = 107030
[ERROR] RUNTIME(712966,10):2026-01-15-10:28:39.037.040 [api_error.cc:1519]712966 MemCopySync:Memory copy sync failed, cnt=72, kind=1.
[ERROR] RUNTIME(712966,10):2026-01-15-10:28:39.037.048 [api_c.cc:1197]712966 rtMemcpy:ErrCode=107030, desc=[the current capture mode does not support this operation], InnerCode=0x703001c
[ERROR] RUNTIME(712966,10):2026-01-15-10:28:39.037.050 [error_message_manage.cc:53]712966 FuncErrorReason:report error module_type=3, module_name=EE8888
[ERROR] RUNTIME(712966,10):2026-01-15-10:28:39.037.053 [error_message_manage.cc:53]712966 FuncErrorReason:rtMemcpy execute failed, reason=[the current capture mode does not support this operation]
[ERROR] ASCENDCL(712966,10):2026-01-15-10:28:39.037.214 [memory.cpp:437]712966 aclrtMemcpyImpl: synchronized memcpy failed, kind = 1, runtime result = 107030
[ERROR] RUNTIME(712966,10):2026-01-15-10:28:39.111.856 [api_error.cc:1519]712966 MemCopySync:Memory copy sync failed, cnt=416, kind=1.
[ERROR] RUNTIME(712966,10):2026-01-15-10:28:39.111.866 [api_c.cc:1197]712966 rtMemcpy:ErrCode=107030, desc=[the current capture mode does not support this operation], InnerCode=0x703001c
[ERROR] RUNTIME(712966,10):2026-01-15-10:28:39.111.868 [error_message_manage.cc:53]712966 FuncErrorReason:report error module_type=3, module_name=EE8888
[ERROR] RUNTIME(712966,10):2026-01-15-10:28:39.111.871 [error_message_manage.cc:53]712966 FuncErrorReason:rtMemcpy execute failed, reason=[the current capture mode does not support this operation]
[ERROR] ASCENDCL(712966,10):2026-01-15-10:28:39.112.065 [memory.cpp:437]712966 aclrtMemcpyImpl: synchronized memcpy failed, kind = 1, runtime result = 107030
[ERROR] RUNTIME(712966,10):2026-01-15-10:28:39.179.778 [api_error.cc:1519]712966 MemCopySync:Memory copy sync failed, cnt=72, kind=1.
[ERROR] RUNTIME(712966,10):2026-01-15-10:28:39.179.787 [api_c.cc:1197]712966 rtMemcpy:ErrCode=107030, desc=[the current capture mode does not support this operation], InnerCode=0x703001c
[ERROR] RUNTIME(712966,10):2026-01-15-10:28:39.179.790 [error_message_manage.cc:53]712966 FuncErrorReason:report error module_type=3, module_name=EE8888
[ERROR] RUNTIME(712966,10):2026-01-15-10:28:39.179.793 [error_message_manage.cc:53]712966 FuncErrorReason:rtMemcpy execute failed, reason=[the current capture mode does not support this operation]
[ERROR] ASCENDCL(712966,10):2026-01-15-10:28:39.180.011 [memory.cpp:437]712966 aclrtMemcpyImpl: synchronized memcpy failed, kind = 1, runtime result = 107030
[ERROR] RUNTIME(712966,10):2026-01-15-10:28:39.251.239 [api_error.cc:1519]712966 MemCopySync:Memory copy sync failed, cnt=416, kind=1.
[ERROR] RUNTIME(712966,10):2026-01-15-10:28:39.251.248 [api_c.cc:1197]712966 rtMemcpy:ErrCode=107030, desc=[the current capture mode does not support this operation], InnerCode=0x703001c
[ERROR] RUNTIME(712966,10):2026-01-15-10:28:39.251.251 [error_message_manage.cc:53]712966 FuncErrorReason:report error module_type=3, module_name=EE8888
[ERROR] RUNTIME(712966,10):2026-01-15-10:28:39.251.254 [error_message_manage.cc:53]712966 FuncErrorReason:rtMemcpy execute failed, reason=[the current capture mode does not support this operation]
[ERROR] ASCENDCL(712966,10):2026-01-15-10:28:39.251.474 [memory.cpp:437]712966 aclrtMemcpyImpl: synchronized memcpy failed, kind = 1, runtime result = 107030
[ERROR] RUNTIME(712966,10):2026-01-15-10:28:39.322.462 [api_error.cc:1519]712966 MemCopySync:Memory copy sync failed, cnt=72, kind=1.
[ERROR] RUNTIME(712966,10):2026-01-15-10:28:39.322.470 [api_c.cc:1197]712966 rtMemcpy:ErrCode=107030, desc=[the current capture mode does not support this operation], InnerCode=0x703001c
[ERROR] RUNTIME(712966,10):2026-01-15-10:28:39.322.473 [error_message_manage.cc:53]712966 FuncErrorReason:report error module_type=3, module_name=EE8888
[ERROR] RUNTIME(712966,10):2026-01-15-10:28:39.322.476 [error_message_manage.cc:53]712966 FuncErrorReason:rtMemcpy execute failed, reason=[the current capture mode does not support this operation]
[ERROR] ASCENDCL(712966,10):2026-01-15-10:28:39.322.710 [memory.cpp:437]712966 aclrtMemcpyImpl: synchronized memcpy failed, kind = 1, runtime result = 107030
[ERROR] RUNTIME(712966,10):2026-01-15-10:28:39.393.172 [api_error.cc:1519]712966 MemCopySync:Memory copy sync failed, cnt=416, kind=1.
[ERROR] RUNTIME(712966,10):2026-01-15-10:28:39.393.182 [api_c.cc:1197]712966 rtMemcpy:ErrCode=107030, desc=[the current capture mode does not support this operation], InnerCode=0x703001c
[ERROR] RUNTIME(712966,10):2026-01-15-10:28:39.393.185 [error_message_manage.cc:53]712966 FuncErrorReason:report error module_type=3, module_name=EE8888
[ERROR] RUNTIME(712966,10):2026-01-15-10:28:39.393.188 [error_message_manage.cc:53]712966 FuncErrorReason:rtMemcpy execute failed, reason=[the current capture mode does not support this operation]
[ERROR] ASCENDCL(712966,10):2026-01-15-10:28:39.393.424 [memory.cpp:437]712966 aclrtMemcpyImpl: synchronized memcpy failed, kind = 1, runtime result = 107030
[ERROR] RUNTIME(712966,10):2026-01-15-10:28:39.463.832 [api_error.cc:1519]712966 MemCopySync:Memory copy sync failed, cnt=72, kind=1.
[ERROR] RUNTIME(712966,10):2026-01-15-10:28:39.463.840 [api_c.cc:1197]712966 rtMemcpy:ErrCode=107030, desc=[the current capture mode does not support this operation], InnerCode=0x703001c
[ERROR] RUNTIME(712966,10):2026-01-15-10:28:39.463.843 [error_message_manage.cc:53]712966 FuncErrorReason:report error module_type=3, module_name=EE8888
[ERROR] RUNTIME(712966,10):2026-01-15-10:28:39.463.846 [error_message_manage.cc:53]712966 FuncErrorReason:rtMemcpy execute failed, reason=[the current capture mode does not support this operation]
[ERROR] ASCENDCL(712966,10):2026-01-15-10:28:39.464.064 [memory.cpp:437]712966 aclrtMemcpyImpl: synchronized memcpy failed, kind = 1, runtime result = 107030
[ERROR] RUNTIME(712966,10):2026-01-15-10:28:39.535.505 [api_error.cc:1519]712966 MemCopySync:Memory copy sync failed, cnt=416, kind=1.
[ERROR] RUNTIME(712966,10):2026-01-15-10:28:39.535.515 [api_c.cc:1197]712966 rtMemcpy:ErrCode=107030, desc=[the current capture mode does not support this operation], InnerCode=0x703001c
[ERROR] RUNTIME(712966,10):2026-01-15-10:28:39.535.518 [error_message_manage.cc:53]712966 FuncErrorReason:report error module_type=3, module_name=EE8888
[ERROR] RUNTIME(712966,10):2026-01-15-10:28:39.535.521 [error_message_manage.cc:53]712966 FuncErrorReason:rtMemcpy execute failed, reason=[the current capture mode does not support this operation]
[ERROR] ASCENDCL(712966,10):2026-01-15-10:28:39.535.726 [memory.cpp:437]712966 aclrtMemcpyImpl: synchronized memcpy failed, kind = 1, runtime result = 107030
[ERROR] RUNTIME(712966,10):2026-01-15-10:28:39.597.690 [api_error.cc:1519]712966 MemCopySync:Memory copy sync failed, cnt=72, kind=1.
[ERROR] RUNTIME(712966,10):2026-01-15-10:28:39.597.698 [api_c.cc:1197]712966 rtMemcpy:ErrCode=107030, desc=[the current capture mode does not support this operation], InnerCode=0x703001c
[ERROR] RUNTIME(712966,10):2026-01-15-10:28:39.597.701 [error_message_manage.cc:53]712966 FuncErrorReason:report error module_type=3, module_name=EE8888
[ERROR] RUNTIME(712966,10):2026-01-15-10:28:39.597.704 [error_message_manage.cc:53]712966 FuncErrorReason:rtMemcpy execute failed, reason=[the current capture mode does not support this operation]
[ERROR] ASCENDCL(712966,10):2026-01-15-10:28:39.597.936 [memory.cpp:437]712966 aclrtMemcpyImpl: synchronized memcpy failed, kind = 1, runtime result = 107030
[ERROR] RUNTIME(712966,10):2026-01-15-10:28:39.666.137 [api_error.cc:1519]712966 MemCopySync:Memory copy sync failed, cnt=416, kind=1.
[ERROR] RUNTIME(712966,10):2026-01-15-10:28:39.666.146 [api_c.cc:1197]712966 rtMemcpy:ErrCode=107030, desc=[the current capture mode does not support this operation], InnerCode=0x703001c
[ERROR] RUNTIME(712966,10):2026-01-15-10:28:39.666.149 [error_message_manage.cc:53]712966 FuncErrorReason:report error module_type=3, module_name=EE8888
[ERROR] RUNTIME(712966,10):2026-01-15-10:28:39.666.152 [error_message_manage.cc:53]712966 FuncErrorReason:rtMemcpy execute failed, reason=[the current capture mode does not support this operation]
[ERROR] ASCENDCL(712966,10):2026-01-15-10:28:39.666.353 [memory.cpp:437]712966 aclrtMemcpyImpl: synchronized memcpy failed, kind = 1, runtime result = 107030
[ERROR] RUNTIME(712966,10):2026-01-15-10:28:39.733.160 [api_error.cc:1519]712966 MemCopySync:Memory copy sync failed, cnt=72, kind=1.
[ERROR] RUNTIME(712966,10):2026-01-15-10:28:39.733.169 [api_c.cc:1197]712966 rtMemcpy:ErrCode=107030, desc=[the current capture mode does not support this operation], InnerCode=0x703001c
[ERROR] RUNTIME(712966,10):2026-01-15-10:28:39.733.172 [error_message_manage.cc:53]712966 FuncErrorReason:report error module_type=3, module_name=EE8888
[ERROR] RUNTIME(712966,10):2026-01-15-10:28:39.733.174 [error_message_manage.cc:53]712966 FuncErrorReason:rtMemcpy execute failed, reason=[the current capture mode does not support this operation]
[ERROR] ASCENDCL(712966,10):2026-01-15-10:28:39.733.365 [memory.cpp:437]712966 aclrtMemcpyImpl: synchronized memcpy failed, kind = 1, runtime result = 107030
[ERROR] RUNTIME(712966,10):2026-01-15-10:28:39.803.514 [api_error.cc:1519]712966 MemCopySync:Memory copy sync failed, cnt=416, kind=1.
[ERROR] RUNTIME(712966,10):2026-01-15-10:28:39.803.524 [api_c.cc:1197]712966 rtMemcpy:ErrCode=107030, desc=[the current capture mode does not support this operation], InnerCode=0x703001c
[ERROR] RUNTIME(712966,10):2026-01-15-10:28:39.803.527 [error_message_manage.cc:53]712966 FuncErrorReason:report error module_type=3, module_name=EE8888
[ERROR] RUNTIME(712966,10):2026-01-15-10:28:39.803.529 [error_message_manage.cc:53]712966 FuncErrorReason:rtMemcpy execute failed, reason=[the current capture mode does not support this operation]
[ERROR] ASCENDCL(712966,10):2026-01-15-10:28:39.803.781 [memory.cpp:437]712966 aclrtMemcpyImpl: synchronized memcpy failed, kind = 1, runtime result = 107030
[ERROR] RUNTIME(712966,10):2026-01-15-10:28:39.874.506 [api_error.cc:1519]712966 MemCopySync:Memory copy sync failed, cnt=72, kind=1.
[ERROR] RUNTIME(712966,10):2026-01-15-10:28:39.874.515 [api_c.cc:1197]712966 rtMemcpy:ErrCode=107030, desc=[the current capture mode does not support this operation], InnerCode=0x703001c
[ERROR] RUNTIME(712966,10):2026-01-15-10:28:39.874.518 [error_message_manage.cc:53]712966 FuncErrorReason:report error module_type=3, module_name=EE8888
[ERROR] RUNTIME(712966,10):2026-01-15-10:28:39.874.520 [error_message_manage.cc:53]712966 FuncErrorReason:rtMemcpy execute failed, reason=[the current capture mode does not support this operation]
[ERROR] ASCENDCL(712966,10):2026-01-15-10:28:39.874.706 [memory.cpp:437]712966 aclrtMemcpyImpl: synchronized memcpy failed, kind = 1, runtime result = 107030
[ERROR] RUNTIME(712966,10):2026-01-15-10:28:39.943.574 [api_error.cc:1519]712966 MemCopySync:Memory copy sync failed, cnt=416, kind=1.
[ERROR] RUNTIME(712966,10):2026-01-15-10:28:39.943.583 [api_c.cc:1197]712966 rtMemcpy:ErrCode=107030, desc=[the current capture mode does not support this operation], InnerCode=0x703001c
[ERROR] RUNTIME(712966,10):2026-01-15-10:28:39.943.585 [error_message_manage.cc:53]712966 FuncErrorReason:report error module_type=3, module_name=EE8888
[ERROR] RUNTIME(712966,10):2026-01-15-10:28:39.943.588 [error_message_manage.cc:53]712966 FuncErrorReason:rtMemcpy execute failed, reason=[the current capture mode does not support this operation]
[ERROR] ASCENDCL(712966,10):2026-01-15-10:28:39.943.791 [memory.cpp:437]712966 aclrtMemcpyImpl: synchronized memcpy failed, kind = 1, runtime result = 107030
[ERROR] RUNTIME(712966,10):2026-01-15-10:28:40.012.575 [api_error.cc:1519]712966 MemCopySync:Memory copy sync failed, cnt=72, kind=1.
[ERROR] RUNTIME(712966,10):2026-01-15-10:28:40.012.583 [api_c.cc:1197]712966 rtMemcpy:ErrCode=107030, desc=[the current capture mode does not support this operation], InnerCode=0x703001c
[ERROR] RUNTIME(712966,10):2026-01-15-10:28:40.012.586 [error_message_manage.cc:53]712966 FuncErrorReason:report error module_type=3, module_name=EE8888
[ERROR] RUNTIME(712966,10):2026-01-15-10:28:40.012.589 [error_message_manage.cc:53]712966 FuncErrorReason:rtMemcpy execute failed, reason=[the current capture mode does not support this operation]
[ERROR] ASCENDCL(712966,10):2026-01-15-10:28:40.012.805 [memory.cpp:437]712966 aclrtMemcpyImpl: synchronized memcpy failed, kind = 1, runtime result = 107030
[ERROR] RUNTIME(712966,10):2026-01-15-10:28:40.086.440 [api_error.cc:1519]712966 MemCopySync:Memory copy sync failed, cnt=416, kind=1.
[ERROR] RUNTIME(712966,10):2026-01-15-10:28:40.086.448 [api_c.cc:1197]712966 rtMemcpy:ErrCode=107030, desc=[the current capture mode does not support this operation], InnerCode=0x703001c
[ERROR] RUNTIME(712966,10):2026-01-15-10:28:40.086.451 [error_message_manage.cc:53]712966 FuncErrorReason:report error module_type=3, module_name=EE8888
[ERROR] RUNTIME(712966,10):2026-01-15-10:28:40.086.454 [error_message_manage.cc:53]712966 FuncErrorReason:rtMemcpy execute failed, reason=[the current capture mode does not support this operation]
[ERROR] ASCENDCL(712966,10):2026-01-15-10:28:40.086.613 [memory.cpp:437]712966 aclrtMemcpyImpl: synchronized memcpy failed, kind = 1, runtime result = 107030
[ERROR] RUNTIME(712966,10):2026-01-15-10:28:40.159.784 [api_error.cc:1519]712966 MemCopySync:Memory copy sync failed, cnt=72, kind=1.
[ERROR] RUNTIME(712966,10):2026-01-15-10:28:40.159.792 [api_c.cc:1197]712966 rtMemcpy:ErrCode=107030, desc=[the current capture mode does not support this operation], InnerCode=0x703001c
[ERROR] RUNTIME(712966,10):2026-01-15-10:28:40.159.795 [error_message_manage.cc:53]712966 FuncErrorReason:report error module_type=3, module_name=EE8888
[ERROR] RUNTIME(712966,10):2026-01-15-10:28:40.159.798 [error_message_manage.cc:53]712966 FuncErrorReason:rtMemcpy execute failed, reason=[the current capture mode does not support this operation]
[ERROR] ASCENDCL(712966,10):2026-01-15-10:28:40.159.977 [memory.cpp:437]712966 aclrtMemcpyImpl: synchronized memcpy failed, kind = 1, runtime result = 107030
[ERROR] RUNTIME(712966,10):2026-01-15-10:28:40.226.184 [api_error.cc:1519]712966 MemCopySync:Memory copy sync failed, cnt=416, kind=1.
[ERROR] RUNTIME(712966,10):2026-01-15-10:28:40.226.191 [api_c.cc:1197]712966 rtMemcpy:ErrCode=107030, desc=[the current capture mode does not support this operation], InnerCode=0x703001c
[ERROR] RUNTIME(712966,10):2026-01-15-10:28:40.226.194 [error_message_manage.cc:53]712966 FuncErrorReason:report error module_type=3, module_name=EE8888
[ERROR] RUNTIME(712966,10):2026-01-15-10:28:40.226.197 [error_message_manage.cc:53]712966 FuncErrorReason:rtMemcpy execute failed, reason=[the current capture mode does not support this operation]
[ERROR] ASCENDCL(712966,10):2026-01-15-10:28:40.226.401 [memory.cpp:437]712966 aclrtMemcpyImpl: synchronized memcpy failed, kind = 1, runtime result = 107030
[ERROR] RUNTIME(712966,10):2026-01-15-10:28:40.290.246 [api_error.cc:1519]712966 MemCopySync:Memory copy sync failed, cnt=72, kind=1.
[ERROR] RUNTIME(712966,10):2026-01-15-10:28:40.290.255 [api_c.cc:1197]712966 rtMemcpy:ErrCode=107030, desc=[the current capture mode does not support this operation], InnerCode=0x703001c
[ERROR] RUNTIME(712966,10):2026-01-15-10:28:40.290.258 [error_message_manage.cc:53]712966 FuncErrorReason:report error module_type=3, module_name=EE8888
[ERROR] RUNTIME(712966,10):2026-01-15-10:28:40.290.261 [error_message_manage.cc:53]712966 FuncErrorReason:rtMemcpy execute failed, reason=[the current capture mode does not support this operation]
[ERROR] ASCENDCL(712966,10):2026-01-15-10:28:40.290.468 [memory.cpp:437]712966 aclrtMemcpyImpl: synchronized memcpy failed, kind = 1, runtime result = 107030
[ERROR] RUNTIME(712966,10):2026-01-15-10:28:40.354.633 [api_error.cc:1519]712966 MemCopySync:Memory copy sync failed, cnt=416, kind=1.
[ERROR] RUNTIME(712966,10):2026-01-15-10:28:40.354.641 [api_c.cc:1197]712966 rtMemcpy:ErrCode=107030, desc=[the current capture mode does not support this operation], InnerCode=0x703001c
[ERROR] RUNTIME(712966,10):2026-01-15-10:28:40.354.644 [error_message_manage.cc:53]712966 FuncErrorReason:report error module_type=3, module_name=EE8888
[ERROR] RUNTIME(712966,10):2026-01-15-10:28:40.354.647 [error_message_manage.cc:53]712966 FuncErrorReason:rtMemcpy execute failed, reason=[the current capture mode does not support this operation]
[ERROR] ASCENDCL(712966,10):2026-01-15-10:28:40.354.833 [memory.cpp:437]712966 aclrtMemcpyImpl: synchronized memcpy failed, kind = 1, runtime result = 107030
[ERROR] RUNTIME(712966,10):2026-01-15-10:28:40.422.638 [api_error.cc:1519]712966 MemCopySync:Memory copy sync failed, cnt=72, kind=1.
[ERROR] RUNTIME(712966,10):2026-01-15-10:28:40.422.646 [api_c.cc:1197]712966 rtMemcpy:ErrCode=107030, desc=[the current capture mode does not support this operation], InnerCode=0x703001c
[ERROR] RUNTIME(712966,10):2026-01-15-10:28:40.422.649 [error_message_manage.cc:53]712966 FuncErrorReason:report error module_type=3, module_name=EE8888
[ERROR] RUNTIME(712966,10):2026-01-15-10:28:40.422.652 [error_message_manage.cc:53]712966 FuncErrorReason:rtMemcpy execute failed, reason=[the current capture mode does not support this operation]
[ERROR] ASCENDCL(712966,10):2026-01-15-10:28:40.422.919 [memory.cpp:437]712966 aclrtMemcpyImpl: synchronized memcpy failed, kind = 1, runtime result = 107030
[ERROR] RUNTIME(712966,10):2026-01-15-10:28:40.499.383 [api_error.cc:1519]712966 MemCopySync:Memory copy sync failed, cnt=416, kind=1.
[ERROR] RUNTIME(712966,10):2026-01-15-10:28:40.499.391 [api_c.cc:1197]712966 rtMemcpy:ErrCode=107030, desc=[the current capture mode does not support this operation], InnerCode=0x703001c
[ERROR] RUNTIME(712966,10):2026-01-15-10:28:40.499.394 [error_message_manage.cc:53]712966 FuncErrorReason:report error module_type=3, module_name=EE8888
[ERROR] RUNTIME(712966,10):2026-01-15-10:28:40.499.396 [error_message_manage.cc:53]712966 FuncErrorReason:rtMemcpy execute failed, reason=[the current capture mode does not support this operation]
[ERROR] ASCENDCL(712966,10):2026-01-15-10:28:40.499.609 [memory.cpp:437]712966 aclrtMemcpyImpl: synchronized memcpy failed, kind = 1, runtime result = 107030
[ERROR] RUNTIME(712966,10):2026-01-15-10:28:40.574.125 [api_error.cc:1519]712966 MemCopySync:Memory copy sync failed, cnt=72, kind=1.
[ERROR] RUNTIME(712966,10):2026-01-15-10:28:40.574.134 [api_c.cc:1197]712966 rtMemcpy:ErrCode=107030, desc=[the current capture mode does not support this operation], InnerCode=0x703001c
[ERROR] RUNTIME(712966,10):2026-01-15-10:28:40.574.137 [error_message_manage.cc:53]712966 FuncErrorReason:report error module_type=3, module_name=EE8888
[ERROR] RUNTIME(712966,10):2026-01-15-10:28:40.574.139 [error_message_manage.cc:53]712966 FuncErrorReason:rtMemcpy execute failed, reason=[the current capture mode does not support this operation]
[ERROR] ASCENDCL(712966,10):2026-01-15-10:28:40.574.347 [memory.cpp:437]712966 aclrtMemcpyImpl: synchronized memcpy failed, kind = 1, runtime result = 107030
[ERROR] RUNTIME(712966,10):2026-01-15-10:28:40.785.925 [api_c_stream.cc:412]712966 rtsStreamSetAttribute:report error module_name=EE1001
[ERROR] RUNTIME(712966,10):2026-01-15-10:28:40.785.929 [api_c_stream.cc:412]712966 rtsStreamSetAttribute:Invalid stream attribute ID: 4, Supported stream attribute IDs: [1, 4).
[ERROR] RUNTIME(712966,10):2026-01-15-10:28:40.785.961 [api_c_stream.cc:416]712966 rtsStreamSetAttribute:ErrCode=107000, desc=[invalid value], InnerCode=0x7110001
[ERROR] RUNTIME(712966,10):2026-01-15-10:28:40.785.963 [error_message_manage.cc:48]712966 FuncErrorReason:report error module_name=EE1001
[ERROR] RUNTIME(712966,10):2026-01-15-10:28:40.785.966 [error_message_manage.cc:48]712966 FuncErrorReason:rtsStreamSetAttribute execute failed, reason=[invalid value]
[ERROR] ASCENDCL(712966,10):2026-01-15-10:28:40.786.244 [stream.cpp:299]712966 aclrtSetStreamAttributeImpl: call rtsStreamSetAttribute failed, runtime result = 107000
[ERROR] RUNTIME(712966,10):2026-01-15-10:28:41.372.442 [api_c_stream.cc:412]712966 rtsStreamSetAttribute:report error module_name=EE1001
[ERROR] RUNTIME(712966,10):2026-01-15-10:28:41.372.448 [api_c_stream.cc:412]712966 rtsStreamSetAttribute:Invalid stream attribute ID: 4, Supported stream attribute IDs: [1, 4).
[ERROR] RUNTIME(712966,10):2026-01-15-10:28:41.372.482 [api_c_stream.cc:416]712966 rtsStreamSetAttribute:ErrCode=107000, desc=[invalid value], InnerCode=0x7110001
[ERROR] RUNTIME(712966,10):2026-01-15-10:28:41.372.484 [error_message_manage.cc:48]712966 FuncErrorReason:report error module_name=EE1001
[ERROR] RUNTIME(712966,10):2026-01-15-10:28:41.372.487 [error_message_manage.cc:48]712966 FuncErrorReason:rtsStreamSetAttribute execute failed, reason=[invalid value]
[ERROR] ASCENDCL(712966,10):2026-01-15-10:28:41.372.626 [stream.cpp:299]712966 aclrtSetStreamAttributeImpl: call rtsStreamSetAttribute failed, runtime result = 107000
[ERROR] RUNTIME(712966,10):2026-01-15-10:28:41.686.781 [api_error.cc:1519]712966 MemCopySync:Memory copy sync failed, cnt=416, kind=1.
[ERROR] RUNTIME(712966,10):2026-01-15-10:28:41.686.791 [api_c.cc:1197]712966 rtMemcpy:ErrCode=107030, desc=[the current capture mode does not support this operation], InnerCode=0x703001c
[ERROR] RUNTIME(712966,10):2026-01-15-10:28:41.686.793 [error_message_manage.cc:53]712966 FuncErrorReason:report error module_type=3, module_name=EE8888
[ERROR] RUNTIME(712966,10):2026-01-15-10:28:41.686.796 [error_message_manage.cc:53]712966 FuncErrorReason:rtMemcpy execute failed, reason=[the current capture mode does not support this operation]
[ERROR] ASCENDCL(712966,10):2026-01-15-10:28:41.687.010 [memory.cpp:437]712966 aclrtMemcpyImpl: synchronized memcpy failed, kind = 1, runtime result = 107030
[ERROR] RUNTIME(712966,10):2026-01-15-10:28:41.688.113 [api_error.cc:1519]712966 MemCopySync:Memory copy sync failed, cnt=72, kind=1.
[ERROR] RUNTIME(712966,10):2026-01-15-10:28:41.688.122 [api_c.cc:1197]712966 rtMemcpy:ErrCode=107030, desc=[the current capture mode does not support this operation], InnerCode=0x703001c
[ERROR] RUNTIME(712966,10):2026-01-15-10:28:41.688.125 [error_message_manage.cc:53]712966 FuncErrorReason:report error module_type=3, module_name=EE8888
[ERROR] RUNTIME(712966,10):2026-01-15-10:28:41.688.128 [error_message_manage.cc:53]712966 FuncErrorReason:rtMemcpy execute failed, reason=[the current capture mode does not support this operation]
[ERROR] ASCENDCL(712966,10):2026-01-15-10:28:41.688.315 [memory.cpp:437]712966 aclrtMemcpyImpl: synchronized memcpy failed, kind = 1, runtime result = 107030
[ERROR] RUNTIME(712966,10):2026-01-15-10:28:42.438.426 [api_error.cc:1519]712966 MemCopySync:Memory copy sync failed, cnt=416, kind=1.
[ERROR] RUNTIME(712966,10):2026-01-15-10:28:42.438.436 [api_c.cc:1197]712966 rtMemcpy:ErrCode=107030, desc=[the current capture mode does not support this operation], InnerCode=0x703001c
[ERROR] RUNTIME(712966,10):2026-01-15-10:28:42.438.439 [error_message_manage.cc:53]712966 FuncErrorReason:report error module_type=3, module_name=EE8888
[ERROR] RUNTIME(712966,10):2026-01-15-10:28:42.438.443 [error_message_manage.cc:53]712966 FuncErrorReason:rtMemcpy execute failed, reason=[the current capture mode does not support this operation]
[ERROR] ASCENDCL(712966,10):2026-01-15-10:28:42.438.722 [memory.cpp:437]712966 aclrtMemcpyImpl: synchronized memcpy failed, kind = 1, runtime result = 107030
[ERROR] RUNTIME(712966,10):2026-01-15-10:28:43.206.448 [api_error.cc:1519]712966 MemCopySync:Memory copy sync failed, cnt=72, kind=1.
[ERROR] RUNTIME(712966,10):2026-01-15-10:28:43.206.459 [api_c.cc:1197]712966 rtMemcpy:ErrCode=107030, desc=[the current capture mode does not support this operation], InnerCode=0x703001c
[ERROR] RUNTIME(712966,10):2026-01-15-10:28:43.206.463 [error_message_manage.cc:53]712966 FuncErrorReason:report error module_type=3, module_name=EE8888
[ERROR] RUNTIME(712966,10):2026-01-15-10:28:43.206.466 [error_message_manage.cc:53]712966 FuncErrorReason:rtMemcpy execute failed, reason=[the current capture mode does not support this operation]
[ERROR] ASCENDCL(712966,10):2026-01-15-10:28:43.206.705 [memory.cpp:437]712966 aclrtMemcpyImpl: synchronized memcpy failed, kind = 1, runtime result = 107030
[ERROR] RUNTIME(712966,10):2026-01-15-10:28:43.954.028 [api_error.cc:1519]712966 MemCopySync:Memory copy sync failed, cnt=416, kind=1.
[ERROR] RUNTIME(712966,10):2026-01-15-10:28:43.954.037 [api_c.cc:1197]712966 rtMemcpy:ErrCode=107030, desc=[the current capture mode does not support this operation], InnerCode=0x703001c
[ERROR] RUNTIME(712966,10):2026-01-15-10:28:43.954.041 [error_message_manage.cc:53]712966 FuncErrorReason:report error module_type=3, module_name=EE8888
[ERROR] RUNTIME(712966,10):2026-01-15-10:28:43.954.044 [error_message_manage.cc:53]712966 FuncErrorReason:rtMemcpy execute failed, reason=[the current capture mode does not support this operation]
[ERROR] ASCENDCL(712966,10):2026-01-15-10:28:43.954.303 [memory.cpp:437]712966 aclrtMemcpyImpl: synchronized memcpy failed, kind = 1, runtime result = 107030
[ERROR] RUNTIME(712966,10):2026-01-15-10:28:44.706.151 [api_error.cc:1519]712966 MemCopySync:Memory copy sync failed, cnt=72, kind=1.
[ERROR] RUNTIME(712966,10):2026-01-15-10:28:44.706.161 [api_c.cc:1197]712966 rtMemcpy:ErrCode=107030, desc=[the current capture mode does not support this operation], InnerCode=0x703001c
[ERROR] RUNTIME(712966,10):2026-01-15-10:28:44.706.165 [error_message_manage.cc:53]712966 FuncErrorReason:report error module_type=3, module_name=EE8888
[ERROR] RUNTIME(712966,10):2026-01-15-10:28:44.706.168 [error_message_manage.cc:53]712966 FuncErrorReason:rtMemcpy execute failed, reason=[the current capture mode does not support this operation]
[ERROR] ASCENDCL(712966,10):2026-01-15-10:28:44.706.418 [memory.cpp:437]712966 aclrtMemcpyImpl: synchronized memcpy failed, kind = 1, runtime result = 107030
[ERROR] RUNTIME(712966,10):2026-01-15-10:28:45.469.987 [api_error.cc:1519]712966 MemCopySync:Memory copy sync failed, cnt=416, kind=1.
[ERROR] RUNTIME(712966,10):2026-01-15-10:28:45.469.996 [api_c.cc:1197]712966 rtMemcpy:ErrCode=107030, desc=[the current capture mode does not support this operation], InnerCode=0x703001c
[ERROR] RUNTIME(712966,10):2026-01-15-10:28:45.469.999 [error_message_manage.cc:53]712966 FuncErrorReason:report error module_type=3, module_name=EE8888
[ERROR] RUNTIME(712966,10):2026-01-15-10:28:45.470.002 [error_message_manage.cc:53]712966 FuncErrorReason:rtMemcpy execute failed, reason=[the current capture mode does not support this operation]
[ERROR] ASCENDCL(712966,10):2026-01-15-10:28:45.470.234 [memory.cpp:437]712966 aclrtMemcpyImpl: synchronized memcpy failed, kind = 1, runtime result = 107030
[ERROR] RUNTIME(712966,10):2026-01-15-10:28:46.210.673 [api_error.cc:1519]712966 MemCopySync:Memory copy sync failed, cnt=72, kind=1.
[ERROR] RUNTIME(712966,10):2026-01-15-10:28:46.210.683 [api_c.cc:1197]712966 rtMemcpy:ErrCode=107030, desc=[the current capture mode does not support this operation], InnerCode=0x703001c
[ERROR] RUNTIME(712966,10):2026-01-15-10:28:46.210.686 [error_message_manage.cc:53]712966 FuncErrorReason:report error module_type=3, module_name=EE8888
[ERROR] RUNTIME(712966,10):2026-01-15-10:28:46.210.690 [error_message_manage.cc:53]712966 FuncErrorReason:rtMemcpy execute failed, reason=[the current capture mode does not support this operation]
[ERROR] ASCENDCL(712966,10):2026-01-15-10:28:46.210.992 [memory.cpp:437]712966 aclrtMemcpyImpl: synchronized memcpy failed, kind = 1, runtime result = 107030
[ERROR] RUNTIME(712966,10):2026-01-15-10:28:46.285.043 [api_error.cc:1519]712966 MemCopySync:Memory copy sync failed, cnt=416, kind=1.
[ERROR] RUNTIME(712966,10):2026-01-15-10:28:46.285.051 [api_c.cc:1197]712966 rtMemcpy:ErrCode=107030, desc=[the current capture mode does not support this operation], InnerCode=0x703001c
[ERROR] RUNTIME(712966,10):2026-01-15-10:28:46.285.054 [error_message_manage.cc:53]712966 FuncErrorReason:report error module_type=3, module_name=EE8888
[ERROR] RUNTIME(712966,10):2026-01-15-10:28:46.285.057 [error_message_manage.cc:53]712966 FuncErrorReason:rtMemcpy execute failed, reason=[the current capture mode does not support this operation]
[ERROR] ASCENDCL(712966,10):2026-01-15-10:28:46.285.237 [memory.cpp:437]712966 aclrtMemcpyImpl: synchronized memcpy failed, kind = 1, runtime result = 107030
[ERROR] RUNTIME(712966,10):2026-01-15-10:28:46.361.201 [api_error.cc:1519]712966 MemCopySync:Memory copy sync failed, cnt=72, kind=1.
[ERROR] RUNTIME(712966,10):2026-01-15-10:28:46.361.209 [api_c.cc:1197]712966 rtMemcpy:ErrCode=107030, desc=[the current capture mode does not support this operation], InnerCode=0x703001c
[ERROR] RUNTIME(712966,10):2026-01-15-10:28:46.361.212 [error_message_manage.cc:53]712966 FuncErrorReason:report error module_type=3, module_name=EE8888
[ERROR] RUNTIME(712966,10):2026-01-15-10:28:46.361.215 [error_message_manage.cc:53]712966 FuncErrorReason:rtMemcpy execute failed, reason=[the current capture mode does not support this operation]
[ERROR] ASCENDCL(712966,10):2026-01-15-10:28:46.361.396 [memory.cpp:437]712966 aclrtMemcpyImpl: synchronized memcpy failed, kind = 1, runtime result = 107030
[ERROR] RUNTIME(712966,10):2026-01-15-10:28:46.440.147 [api_error.cc:1519]712966 MemCopySync:Memory copy sync failed, cnt=416, kind=1.
[ERROR] RUNTIME(712966,10):2026-01-15-10:28:46.440.155 [api_c.cc:1197]712966 rtMemcpy:ErrCode=107030, desc=[the current capture mode does not support this operation], InnerCode=0x703001c
[ERROR] RUNTIME(712966,10):2026-01-15-10:28:46.440.158 [error_message_manage.cc:53]712966 FuncErrorReason:report error module_type=3, module_name=EE8888
[ERROR] RUNTIME(712966,10):2026-01-15-10:28:46.440.160 [error_message_manage.cc:53]712966 FuncErrorReason:rtMemcpy execute failed, reason=[the current capture mode does not support this operation]
[ERROR] ASCENDCL(712966,10):2026-01-15-10:28:46.440.360 [memory.cpp:437]712966 aclrtMemcpyImpl: synchronized memcpy failed, kind = 1, runtime result = 107030
[ERROR] RUNTIME(712966,10):2026-01-15-10:28:46.518.085 [api_error.cc:1519]712966 MemCopySync:Memory copy sync failed, cnt=72, kind=1.
[ERROR] RUNTIME(712966,10):2026-01-15-10:28:46.518.093 [api_c.cc:1197]712966 rtMemcpy:ErrCode=107030, desc=[the current capture mode does not support this operation], InnerCode=0x703001c
[ERROR] RUNTIME(712966,10):2026-01-15-10:28:46.518.095 [error_message_manage.cc:53]712966 FuncErrorReason:report error module_type=3, module_name=EE8888
[ERROR] RUNTIME(712966,10):2026-01-15-10:28:46.518.098 [error_message_manage.cc:53]712966 FuncErrorReason:rtMemcpy execute failed, reason=[the current capture mode does not support this operation]
[ERROR] ASCENDCL(712966,10):2026-01-15-10:28:46.518.293 [memory.cpp:437]712966 aclrtMemcpyImpl: synchronized memcpy failed, kind = 1, runtime result = 107030
[ERROR] RUNTIME(712966,10):2026-01-15-10:28:46.589.608 [api_error.cc:1519]712966 MemCopySync:Memory copy sync failed, cnt=416, kind=1.
[ERROR] RUNTIME(712966,10):2026-01-15-10:28:46.589.616 [api_c.cc:1197]712966 rtMemcpy:ErrCode=107030, desc=[the current capture mode does not support this operation], InnerCode=0x703001c
[ERROR] RUNTIME(712966,10):2026-01-15-10:28:46.589.619 [error_message_manage.cc:53]712966 FuncErrorReason:report error module_type=3, module_name=EE8888
[ERROR] RUNTIME(712966,10):2026-01-15-10:28:46.589.622 [error_message_manage.cc:53]712966 FuncErrorReason:rtMemcpy execute failed, reason=[the current capture mode does not support this operation]
[ERROR] ASCENDCL(712966,10):2026-01-15-10:28:46.589.845 [memory.cpp:437]712966 aclrtMemcpyImpl: synchronized memcpy failed, kind = 1, runtime result = 107030
[ERROR] RUNTIME(712966,10):2026-01-15-10:28:46.666.516 [api_error.cc:1519]712966 MemCopySync:Memory copy sync failed, cnt=72, kind=1.
[ERROR] RUNTIME(712966,10):2026-01-15-10:28:46.666.524 [api_c.cc:1197]712966 rtMemcpy:ErrCode=107030, desc=[the current capture mode does not support this operation], InnerCode=0x703001c
[ERROR] RUNTIME(712966,10):2026-01-15-10:28:46.666.526 [error_message_manage.cc:53]712966 FuncErrorReason:report error module_type=3, module_name=EE8888
[ERROR] RUNTIME(712966,10):2026-01-15-10:28:46.666.529 [error_message_manage.cc:53]712966 FuncErrorReason:rtMemcpy execute failed, reason=[the current capture mode does not support this operation]
[ERROR] ASCENDCL(712966,10):2026-01-15-10:28:46.666.711 [memory.cpp:437]712966 aclrtMemcpyImpl: synchronized memcpy failed, kind = 1, runtime result = 107030
[ERROR] RUNTIME(712966,10):2026-01-15-10:28:46.737.183 [api_error.cc:1519]712966 MemCopySync:Memory copy sync failed, cnt=416, kind=1.
[ERROR] RUNTIME(712966,10):2026-01-15-10:28:46.737.191 [api_c.cc:1197]712966 rtMemcpy:ErrCode=107030, desc=[the current capture mode does not support this operation], InnerCode=0x703001c
[ERROR] RUNTIME(712966,10):2026-01-15-10:28:46.737.193 [error_message_manage.cc:53]712966 FuncErrorReason:report error module_type=3, module_name=EE8888
[ERROR] RUNTIME(712966,10):2026-01-15-10:28:46.737.196 [error_message_manage.cc:53]712966 FuncErrorReason:rtMemcpy execute failed, reason=[the current capture mode does not support this operation]
[ERROR] ASCENDCL(712966,10):2026-01-15-10:28:46.737.377 [memory.cpp:437]712966 aclrtMemcpyImpl: synchronized memcpy failed, kind = 1, runtime result = 107030
[ERROR] RUNTIME(712966,10):2026-01-15-10:28:46.806.659 [api_error.cc:1519]712966 MemCopySync:Memory copy sync failed, cnt=72, kind=1.
[ERROR] RUNTIME(712966,10):2026-01-15-10:28:46.806.666 [api_c.cc:1197]712966 rtMemcpy:ErrCode=107030, desc=[the current capture mode does not support this operation], InnerCode=0x703001c
[ERROR] RUNTIME(712966,10):2026-01-15-10:28:46.806.669 [error_message_manage.cc:53]712966 FuncErrorReason:report error module_type=3, module_name=EE8888
[ERROR] RUNTIME(712966,10):2026-01-15-10:28:46.806.671 [error_message_manage.cc:53]712966 FuncErrorReason:rtMemcpy execute failed, reason=[the current capture mode does not support this operation]
[ERROR] ASCENDCL(712966,10):2026-01-15-10:28:46.806.869 [memory.cpp:437]712966 aclrtMemcpyImpl: synchronized memcpy failed, kind = 1, runtime result = 107030
[ERROR] RUNTIME(712966,10):2026-01-15-10:28:46.880.584 [api_error.cc:1519]712966 MemCopySync:Memory copy sync failed, cnt=416, kind=1.
[ERROR] RUNTIME(712966,10):2026-01-15-10:28:46.880.592 [api_c.cc:1197]712966 rtMemcpy:ErrCode=107030, desc=[the current capture mode does not support this operation], InnerCode=0x703001c
[ERROR] RUNTIME(712966,10):2026-01-15-10:28:46.880.595 [error_message_manage.cc:53]712966 FuncErrorReason:report error module_type=3, module_name=EE8888
[ERROR] RUNTIME(712966,10):2026-01-15-10:28:46.880.597 [error_message_manage.cc:53]712966 FuncErrorReason:rtMemcpy execute failed, reason=[the current capture mode does not support this operation]
[ERROR] ASCENDCL(712966,10):2026-01-15-10:28:46.880.769 [memory.cpp:437]712966 aclrtMemcpyImpl: synchronized memcpy failed, kind = 1, runtime result = 107030
[ERROR] RUNTIME(712966,10):2026-01-15-10:28:46.950.289 [api_error.cc:1519]712966 MemCopySync:Memory copy sync failed, cnt=72, kind=1.
[ERROR] RUNTIME(712966,10):2026-01-15-10:28:46.950.296 [api_c.cc:1197]712966 rtMemcpy:ErrCode=107030, desc=[the current capture mode does not support this operation], InnerCode=0x703001c
[ERROR] RUNTIME(712966,10):2026-01-15-10:28:46.950.299 [error_message_manage.cc:53]712966 FuncErrorReason:report error module_type=3, module_name=EE8888
[ERROR] RUNTIME(712966,10):2026-01-15-10:28:46.950.301 [error_message_manage.cc:53]712966 FuncErrorReason:rtMemcpy execute failed, reason=[the current capture mode does not support this operation]
[ERROR] ASCENDCL(712966,10):2026-01-15-10:28:46.950.517 [memory.cpp:437]712966 aclrtMemcpyImpl: synchronized memcpy failed, kind = 1, runtime result = 107030
[ERROR] RUNTIME(712966,10):2026-01-15-10:28:47.034.648 [api_error.cc:1519]712966 MemCopySync:Memory copy sync failed, cnt=416, kind=1.
[ERROR] RUNTIME(712966,10):2026-01-15-10:28:47.034.656 [api_c.cc:1197]712966 rtMemcpy:ErrCode=107030, desc=[the current capture mode does not support this operation], InnerCode=0x703001c
[ERROR] RUNTIME(712966,10):2026-01-15-10:28:47.034.659 [error_message_manage.cc:53]712966 FuncErrorReason:report error module_type=3, module_name=EE8888
[ERROR] RUNTIME(712966,10):2026-01-15-10:28:47.034.662 [error_message_manage.cc:53]712966 FuncErrorReason:rtMemcpy execute failed, reason=[the current capture mode does not support this operation]
[ERROR] ASCENDCL(712966,10):2026-01-15-10:28:47.034.867 [memory.cpp:437]712966 aclrtMemcpyImpl: synchronized memcpy failed, kind = 1, runtime result = 107030
[ERROR] RUNTIME(712966,10):2026-01-15-10:28:47.103.393 [api_error.cc:1519]712966 MemCopySync:Memory copy sync failed, cnt=72, kind=1.
[ERROR] RUNTIME(712966,10):2026-01-15-10:28:47.103.401 [api_c.cc:1197]712966 rtMemcpy:ErrCode=107030, desc=[the current capture mode does not support this operation], InnerCode=0x703001c
[ERROR] RUNTIME(712966,10):2026-01-15-10:28:47.103.404 [error_message_manage.cc:53]712966 FuncErrorReason:report error module_type=3, module_name=EE8888
[ERROR] RUNTIME(712966,10):2026-01-15-10:28:47.103.425 [error_message_manage.cc:53]712966 FuncErrorReason:rtMemcpy execute failed, reason=[the current capture mode does not support this operation]
[ERROR] ASCENDCL(712966,10):2026-01-15-10:28:47.103.617 [memory.cpp:437]712966 aclrtMemcpyImpl: synchronized memcpy failed, kind = 1, runtime result = 107030
[ERROR] RUNTIME(712966,10):2026-01-15-10:28:47.181.618 [api_error.cc:1519]712966 MemCopySync:Memory copy sync failed, cnt=416, kind=1.
[ERROR] RUNTIME(712966,10):2026-01-15-10:28:47.181.626 [api_c.cc:1197]712966 rtMemcpy:ErrCode=107030, desc=[the current capture mode does not support this operation], InnerCode=0x703001c
[ERROR] RUNTIME(712966,10):2026-01-15-10:28:47.181.629 [error_message_manage.cc:53]712966 FuncErrorReason:report error module_type=3, module_name=EE8888
[ERROR] RUNTIME(712966,10):2026-01-15-10:28:47.181.632 [error_message_manage.cc:53]712966 FuncErrorReason:rtMemcpy execute failed, reason=[the current capture mode does not support this operation]
[ERROR] ASCENDCL(712966,10):2026-01-15-10:28:47.181.805 [memory.cpp:437]712966 aclrtMemcpyImpl: synchronized memcpy failed, kind = 1, runtime result = 107030
[ERROR] RUNTIME(712966,10):2026-01-15-10:28:47.248.654 [api_error.cc:1519]712966 MemCopySync:Memory copy sync failed, cnt=72, kind=1.
[ERROR] RUNTIME(712966,10):2026-01-15-10:28:47.248.661 [api_c.cc:1197]712966 rtMemcpy:ErrCode=107030, desc=[the current capture mode does not support this operation], InnerCode=0x703001c
[ERROR] RUNTIME(712966,10):2026-01-15-10:28:47.248.664 [error_message_manage.cc:53]712966 FuncErrorReason:report error module_type=3, module_name=EE8888
[ERROR] RUNTIME(712966,10):2026-01-15-10:28:47.248.666 [error_message_manage.cc:53]712966 FuncErrorReason:rtMemcpy execute failed, reason=[the current capture mode does not support this operation]
[ERROR] ASCENDCL(712966,10):2026-01-15-10:28:47.248.880 [memory.cpp:437]712966 aclrtMemcpyImpl: synchronized memcpy failed, kind = 1, runtime result = 107030
[ERROR] RUNTIME(712966,10):2026-01-15-10:28:47.328.038 [api_error.cc:1519]712966 MemCopySync:Memory copy sync failed, cnt=416, kind=1.
[ERROR] RUNTIME(712966,10):2026-01-15-10:28:47.328.047 [api_c.cc:1197]712966 rtMemcpy:ErrCode=107030, desc=[the current capture mode does not support this operation], InnerCode=0x703001c
[ERROR] RUNTIME(712966,10):2026-01-15-10:28:47.328.049 [error_message_manage.cc:53]712966 FuncErrorReason:report error module_type=3, module_name=EE8888
[ERROR] RUNTIME(712966,10):2026-01-15-10:28:47.328.052 [error_message_manage.cc:53]712966 FuncErrorReason:rtMemcpy execute failed, reason=[the current capture mode does not support this operation]
[ERROR] ASCENDCL(712966,10):2026-01-15-10:28:47.328.281 [memory.cpp:437]712966 aclrtMemcpyImpl: synchronized memcpy failed, kind = 1, runtime result = 107030
[ERROR] RUNTIME(712966,10):2026-01-15-10:28:47.395.304 [api_error.cc:1519]712966 MemCopySync:Memory copy sync failed, cnt=72, kind=1.
[ERROR] RUNTIME(712966,10):2026-01-15-10:28:47.395.312 [api_c.cc:1197]712966 rtMemcpy:ErrCode=107030, desc=[the current capture mode does not support this operation], InnerCode=0x703001c
[ERROR] RUNTIME(712966,10):2026-01-15-10:28:47.395.315 [error_message_manage.cc:53]712966 FuncErrorReason:report error module_type=3, module_name=EE8888
[ERROR] RUNTIME(712966,10):2026-01-15-10:28:47.395.317 [error_message_manage.cc:53]712966 FuncErrorReason:rtMemcpy execute failed, reason=[the current capture mode does not support this operation]
[ERROR] ASCENDCL(712966,10):2026-01-15-10:28:47.395.594 [memory.cpp:437]712966 aclrtMemcpyImpl: synchronized memcpy failed, kind = 1, runtime result = 107030
[ERROR] RUNTIME(712966,10):2026-01-15-10:28:47.472.586 [api_error.cc:1519]712966 MemCopySync:Memory copy sync failed, cnt=416, kind=1.
[ERROR] RUNTIME(712966,10):2026-01-15-10:28:47.472.595 [api_c.cc:1197]712966 rtMemcpy:ErrCode=107030, desc=[the current capture mode does not support this operation], InnerCode=0x703001c
[ERROR] RUNTIME(712966,10):2026-01-15-10:28:47.472.597 [error_message_manage.cc:53]712966 FuncErrorReason:report error module_type=3, module_name=EE8888
[ERROR] RUNTIME(712966,10):2026-01-15-10:28:47.472.600 [error_message_manage.cc:53]712966 FuncErrorReason:rtMemcpy execute failed, reason=[the current capture mode does not support this operation]
[ERROR] ASCENDCL(712966,10):2026-01-15-10:28:47.472.763 [memory.cpp:437]712966 aclrtMemcpyImpl: synchronized memcpy failed, kind = 1, runtime result = 107030
[ERROR] RUNTIME(712966,10):2026-01-15-10:28:47.542.865 [api_error.cc:1519]712966 MemCopySync:Memory copy sync failed, cnt=72, kind=1.
[ERROR] RUNTIME(712966,10):2026-01-15-10:28:47.542.872 [api_c.cc:1197]712966 rtMemcpy:ErrCode=107030, desc=[the current capture mode does not support this operation], InnerCode=0x703001c
[ERROR] RUNTIME(712966,10):2026-01-15-10:28:47.542.875 [error_message_manage.cc:53]712966 FuncErrorReason:report error module_type=3, module_name=EE8888
[ERROR] RUNTIME(712966,10):2026-01-15-10:28:47.542.878 [error_message_manage.cc:53]712966 FuncErrorReason:rtMemcpy execute failed, reason=[the current capture mode does not support this operation]
[ERROR] ASCENDCL(712966,10):2026-01-15-10:28:47.543.057 [memory.cpp:437]712966 aclrtMemcpyImpl: synchronized memcpy failed, kind = 1, runtime result = 107030
[ERROR] RUNTIME(712966,10):2026-01-15-10:28:47.621.555 [api_error.cc:1519]712966 MemCopySync:Memory copy sync failed, cnt=416, kind=1.
[ERROR] RUNTIME(712966,10):2026-01-15-10:28:47.621.563 [api_c.cc:1197]712966 rtMemcpy:ErrCode=107030, desc=[the current capture mode does not support this operation], InnerCode=0x703001c
[ERROR] RUNTIME(712966,10):2026-01-15-10:28:47.621.566 [error_message_manage.cc:53]712966 FuncErrorReason:report error module_type=3, module_name=EE8888
[ERROR] RUNTIME(712966,10):2026-01-15-10:28:47.621.569 [error_message_manage.cc:53]712966 FuncErrorReason:rtMemcpy execute failed, reason=[the current capture mode does not support this operation]
[ERROR] ASCENDCL(712966,10):2026-01-15-10:28:47.621.777 [memory.cpp:437]712966 aclrtMemcpyImpl: synchronized memcpy failed, kind = 1, runtime result = 107030
[ERROR] RUNTIME(712966,10):2026-01-15-10:28:47.691.485 [api_error.cc:1519]712966 MemCopySync:Memory copy sync failed, cnt=72, kind=1.
[ERROR] RUNTIME(712966,10):2026-01-15-10:28:47.691.492 [api_c.cc:1197]712966 rtMemcpy:ErrCode=107030, desc=[the current capture mode does not support this operation], InnerCode=0x703001c
[ERROR] RUNTIME(712966,10):2026-01-15-10:28:47.691.495 [error_message_manage.cc:53]712966 FuncErrorReason:report error module_type=3, module_name=EE8888
[ERROR] RUNTIME(712966,10):2026-01-15-10:28:47.691.497 [error_message_manage.cc:53]712966 FuncErrorReason:rtMemcpy execute failed, reason=[the current capture mode does not support this operation]
[ERROR] ASCENDCL(712966,10):2026-01-15-10:28:47.691.686 [memory.cpp:437]712966 aclrtMemcpyImpl: synchronized memcpy failed, kind = 1, runtime result = 107030
[ERROR] RUNTIME(712966,10):2026-01-15-10:28:47.766.278 [api_error.cc:1519]712966 MemCopySync:Memory copy sync failed, cnt=416, kind=1.
[ERROR] RUNTIME(712966,10):2026-01-15-10:28:47.766.286 [api_c.cc:1197]712966 rtMemcpy:ErrCode=107030, desc=[the current capture mode does not support this operation], InnerCode=0x703001c
[ERROR] RUNTIME(712966,10):2026-01-15-10:28:47.766.289 [error_message_manage.cc:53]712966 FuncErrorReason:report error module_type=3, module_name=EE8888
[ERROR] RUNTIME(712966,10):2026-01-15-10:28:47.766.291 [error_message_manage.cc:53]712966 FuncErrorReason:rtMemcpy execute failed, reason=[the current capture mode does not support this operation]
[ERROR] ASCENDCL(712966,10):2026-01-15-10:28:47.766.468 [memory.cpp:437]712966 aclrtMemcpyImpl: synchronized memcpy failed, kind = 1, runtime result = 107030
[ERROR] RUNTIME(712966,10):2026-01-15-10:28:47.838.712 [api_error.cc:1519]712966 MemCopySync:Memory copy sync failed, cnt=72, kind=1.
[ERROR] RUNTIME(712966,10):2026-01-15-10:28:47.838.720 [api_c.cc:1197]712966 rtMemcpy:ErrCode=107030, desc=[the current capture mode does not support this operation], InnerCode=0x703001c
[ERROR] RUNTIME(712966,10):2026-01-15-10:28:47.838.723 [error_message_manage.cc:53]712966 FuncErrorReason:report error module_type=3, module_name=EE8888
[ERROR] RUNTIME(712966,10):2026-01-15-10:28:47.838.725 [error_message_manage.cc:53]712966 FuncErrorReason:rtMemcpy execute failed, reason=[the current capture mode does not support this operation]
[ERROR] ASCENDCL(712966,10):2026-01-15-10:28:47.838.970 [memory.cpp:437]712966 aclrtMemcpyImpl: synchronized memcpy failed, kind = 1, runtime result = 107030
[ERROR] RUNTIME(712966,10):2026-01-15-10:28:47.912.436 [api_error.cc:1519]712966 MemCopySync:Memory copy sync failed, cnt=416, kind=1.
[ERROR] RUNTIME(712966,10):2026-01-15-10:28:47.912.444 [api_c.cc:1197]712966 rtMemcpy:ErrCode=107030, desc=[the current capture mode does not support this operation], InnerCode=0x703001c
[ERROR] RUNTIME(712966,10):2026-01-15-10:28:47.912.446 [error_message_manage.cc:53]712966 FuncErrorReason:report error module_type=3, module_name=EE8888
[ERROR] RUNTIME(712966,10):2026-01-15-10:28:47.912.449 [error_message_manage.cc:53]712966 FuncErrorReason:rtMemcpy execute failed, reason=[the current capture mode does not support this operation]
[ERROR] ASCENDCL(712966,10):2026-01-15-10:28:47.912.635 [memory.cpp:437]712966 aclrtMemcpyImpl: synchronized memcpy failed, kind = 1, runtime result = 107030
[ERROR] RUNTIME(712966,10):2026-01-15-10:28:47.982.851 [api_error.cc:1519]712966 MemCopySync:Memory copy sync failed, cnt=72, kind=1.
[ERROR] RUNTIME(712966,10):2026-01-15-10:28:47.982.859 [api_c.cc:1197]712966 rtMemcpy:ErrCode=107030, desc=[the current capture mode does not support this operation], InnerCode=0x703001c
[ERROR] RUNTIME(712966,10):2026-01-15-10:28:47.982.861 [error_message_manage.cc:53]712966 FuncErrorReason:report error module_type=3, module_name=EE8888
[ERROR] RUNTIME(712966,10):2026-01-15-10:28:47.982.864 [error_message_manage.cc:53]712966 FuncErrorReason:rtMemcpy execute failed, reason=[the current capture mode does not support this operation]
[ERROR] ASCENDCL(712966,10):2026-01-15-10:28:47.983.031 [memory.cpp:437]712966 aclrtMemcpyImpl: synchronized memcpy failed, kind = 1, runtime result = 107030
[ERROR] RUNTIME(712966,10):2026-01-15-10:28:48.056.753 [api_error.cc:1519]712966 MemCopySync:Memory copy sync failed, cnt=416, kind=1.
[ERROR] RUNTIME(712966,10):2026-01-15-10:28:48.056.761 [api_c.cc:1197]712966 rtMemcpy:ErrCode=107030, desc=[the current capture mode does not support this operation], InnerCode=0x703001c
[ERROR] RUNTIME(712966,10):2026-01-15-10:28:48.056.764 [error_message_manage.cc:53]712966 FuncErrorReason:report error module_type=3, module_name=EE8888
[ERROR] RUNTIME(712966,10):2026-01-15-10:28:48.056.767 [error_message_manage.cc:53]712966 FuncErrorReason:rtMemcpy execute failed, reason=[the current capture mode does not support this operation]
[ERROR] ASCENDCL(712966,10):2026-01-15-10:28:48.056.974 [memory.cpp:437]712966 aclrtMemcpyImpl: synchronized memcpy failed, kind = 1, runtime result = 107030
[ERROR] RUNTIME(712966,10):2026-01-15-10:28:48.130.291 [api_error.cc:1519]712966 MemCopySync:Memory copy sync failed, cnt=72, kind=1.
[ERROR] RUNTIME(712966,10):2026-01-15-10:28:48.130.299 [api_c.cc:1197]712966 rtMemcpy:ErrCode=107030, desc=[the current capture mode does not support this operation], InnerCode=0x703001c
[ERROR] RUNTIME(712966,10):2026-01-15-10:28:48.130.302 [error_message_manage.cc:53]712966 FuncErrorReason:report error module_type=3, module_name=EE8888
[ERROR] RUNTIME(712966,10):2026-01-15-10:28:48.130.304 [error_message_manage.cc:53]712966 FuncErrorReason:rtMemcpy execute failed, reason=[the current capture mode does not support this operation]
[ERROR] ASCENDCL(712966,10):2026-01-15-10:28:48.130.476 [memory.cpp:437]712966 aclrtMemcpyImpl: synchronized memcpy failed, kind = 1, runtime result = 107030
[ERROR] RUNTIME(712966,10):2026-01-15-10:28:48.211.024 [api_error.cc:1519]712966 MemCopySync:Memory copy sync failed, cnt=416, kind=1.
[ERROR] RUNTIME(712966,10):2026-01-15-10:28:48.211.032 [api_c.cc:1197]712966 rtMemcpy:ErrCode=107030, desc=[the current capture mode does not support this operation], InnerCode=0x703001c
[ERROR] RUNTIME(712966,10):2026-01-15-10:28:48.211.035 [error_message_manage.cc:53]712966 FuncErrorReason:report error module_type=3, module_name=EE8888
[ERROR] RUNTIME(712966,10):2026-01-15-10:28:48.211.038 [error_message_manage.cc:53]712966 FuncErrorReason:rtMemcpy execute failed, reason=[the current capture mode does not support this operation]
[ERROR] ASCENDCL(712966,10):2026-01-15-10:28:48.211.244 [memory.cpp:437]712966 aclrtMemcpyImpl: synchronized memcpy failed, kind = 1, runtime result = 107030
[ERROR] RUNTIME(712966,10):2026-01-15-10:28:48.288.435 [api_error.cc:1519]712966 MemCopySync:Memory copy sync failed, cnt=72, kind=1.
[ERROR] RUNTIME(712966,10):2026-01-15-10:28:48.288.443 [api_c.cc:1197]712966 rtMemcpy:ErrCode=107030, desc=[the current capture mode does not support this operation], InnerCode=0x703001c
[ERROR] RUNTIME(712966,10):2026-01-15-10:28:48.288.445 [error_message_manage.cc:53]712966 FuncErrorReason:report error module_type=3, module_name=EE8888
[ERROR] RUNTIME(712966,10):2026-01-15-10:28:48.288.448 [error_message_manage.cc:53]712966 FuncErrorReason:rtMemcpy execute failed, reason=[the current capture mode does not support this operation]
[ERROR] ASCENDCL(712966,10):2026-01-15-10:28:48.288.631 [memory.cpp:437]712966 aclrtMemcpyImpl: synchronized memcpy failed, kind = 1, runtime result = 107030
[ERROR] RUNTIME(712966,10):2026-01-15-10:28:48.362.225 [api_error.cc:1519]712966 MemCopySync:Memory copy sync failed, cnt=416, kind=1.
[ERROR] RUNTIME(712966,10):2026-01-15-10:28:48.362.233 [api_c.cc:1197]712966 rtMemcpy:ErrCode=107030, desc=[the current capture mode does not support this operation], InnerCode=0x703001c
[ERROR] RUNTIME(712966,10):2026-01-15-10:28:48.362.236 [error_message_manage.cc:53]712966 FuncErrorReason:report error module_type=3, module_name=EE8888
[ERROR] RUNTIME(712966,10):2026-01-15-10:28:48.362.239 [error_message_manage.cc:53]712966 FuncErrorReason:rtMemcpy execute failed, reason=[the current capture mode does not support this operation]
[ERROR] ASCENDCL(712966,10):2026-01-15-10:28:48.362.418 [memory.cpp:437]712966 aclrtMemcpyImpl: synchronized memcpy failed, kind = 1, runtime result = 107030
[ERROR] RUNTIME(712966,10):2026-01-15-10:28:48.434.549 [api_error.cc:1519]712966 MemCopySync:Memory copy sync failed, cnt=72, kind=1.
[ERROR] RUNTIME(712966,10):2026-01-15-10:28:48.434.557 [api_c.cc:1197]712966 rtMemcpy:ErrCode=107030, desc=[the current capture mode does not support this operation], InnerCode=0x703001c
[ERROR] RUNTIME(712966,10):2026-01-15-10:28:48.434.559 [error_message_manage.cc:53]712966 FuncErrorReason:report error module_type=3, module_name=EE8888
[ERROR] RUNTIME(712966,10):2026-01-15-10:28:48.434.562 [error_message_manage.cc:53]712966 FuncErrorReason:rtMemcpy execute failed, reason=[the current capture mode does not support this operation]
[ERROR] ASCENDCL(712966,10):2026-01-15-10:28:48.434.768 [memory.cpp:437]712966 aclrtMemcpyImpl: synchronized memcpy failed, kind = 1, runtime result = 107030
[ERROR] RUNTIME(712966,10):2026-01-15-10:28:48.511.008 [api_error.cc:1519]712966 MemCopySync:Memory copy sync failed, cnt=416, kind=1.
[ERROR] RUNTIME(712966,10):2026-01-15-10:28:48.511.016 [api_c.cc:1197]712966 rtMemcpy:ErrCode=107030, desc=[the current capture mode does not support this operation], InnerCode=0x703001c
[ERROR] RUNTIME(712966,10):2026-01-15-10:28:48.511.019 [error_message_manage.cc:53]712966 FuncErrorReason:report error module_type=3, module_name=EE8888
[ERROR] RUNTIME(712966,10):2026-01-15-10:28:48.511.022 [error_message_manage.cc:53]712966 FuncErrorReason:rtMemcpy execute failed, reason=[the current capture mode does not support this operation]
[ERROR] ASCENDCL(712966,10):2026-01-15-10:28:48.511.201 [memory.cpp:437]712966 aclrtMemcpyImpl: synchronized memcpy failed, kind = 1, runtime result = 107030
[ERROR] RUNTIME(712966,10):2026-01-15-10:28:48.580.118 [api_error.cc:1519]712966 MemCopySync:Memory copy sync failed, cnt=72, kind=1.
[ERROR] RUNTIME(712966,10):2026-01-15-10:28:48.580.126 [api_c.cc:1197]712966 rtMemcpy:ErrCode=107030, desc=[the current capture mode does not support this operation], InnerCode=0x703001c
[ERROR] RUNTIME(712966,10):2026-01-15-10:28:48.580.128 [error_message_manage.cc:53]712966 FuncErrorReason:report error module_type=3, module_name=EE8888
[ERROR] RUNTIME(712966,10):2026-01-15-10:28:48.580.131 [error_message_manage.cc:53]712966 FuncErrorReason:rtMemcpy execute failed, reason=[the current capture mode does not support this operation]
[ERROR] ASCENDCL(712966,10):2026-01-15-10:28:48.580.312 [memory.cpp:437]712966 aclrtMemcpyImpl: synchronized memcpy failed, kind = 1, runtime result = 107030
[ERROR] RUNTIME(712966,10):2026-01-15-10:28:48.648.757 [api_error.cc:1519]712966 MemCopySync:Memory copy sync failed, cnt=416, kind=1.
[ERROR] RUNTIME(712966,10):2026-01-15-10:28:48.648.765 [api_c.cc:1197]712966 rtMemcpy:ErrCode=107030, desc=[the current capture mode does not support this operation], InnerCode=0x703001c
[ERROR] RUNTIME(712966,10):2026-01-15-10:28:48.648.768 [error_message_manage.cc:53]712966 FuncErrorReason:report error module_type=3, module_name=EE8888
[ERROR] RUNTIME(712966,10):2026-01-15-10:28:48.648.770 [error_message_manage.cc:53]712966 FuncErrorReason:rtMemcpy execute failed, reason=[the current capture mode does not support this operation]
[ERROR] ASCENDCL(712966,10):2026-01-15-10:28:48.648.987 [memory.cpp:437]712966 aclrtMemcpyImpl: synchronized memcpy failed, kind = 1, runtime result = 107030
[ERROR] RUNTIME(712966,10):2026-01-15-10:28:48.716.662 [api_error.cc:1519]712966 MemCopySync:Memory copy sync failed, cnt=72, kind=1.
[ERROR] RUNTIME(712966,10):2026-01-15-10:28:48.716.670 [api_c.cc:1197]712966 rtMemcpy:ErrCode=107030, desc=[the current capture mode does not support this operation], InnerCode=0x703001c
[ERROR] RUNTIME(712966,10):2026-01-15-10:28:48.716.673 [error_message_manage.cc:53]712966 FuncErrorReason:report error module_type=3, module_name=EE8888
[ERROR] RUNTIME(712966,10):2026-01-15-10:28:48.716.675 [error_message_manage.cc:53]712966 FuncErrorReason:rtMemcpy execute failed, reason=[the current capture mode does not support this operation]
[ERROR] ASCENDCL(712966,10):2026-01-15-10:28:48.716.850 [memory.cpp:437]712966 aclrtMemcpyImpl: synchronized memcpy failed, kind = 1, runtime result = 107030
[ERROR] RUNTIME(712966,10):2026-01-15-10:28:48.804.212 [api_error.cc:1519]712966 MemCopySync:Memory copy sync failed, cnt=416, kind=1.
[ERROR] RUNTIME(712966,10):2026-01-15-10:28:48.804.221 [api_c.cc:1197]712966 rtMemcpy:ErrCode=107030, desc=[the current capture mode does not support this operation], InnerCode=0x703001c
[ERROR] RUNTIME(712966,10):2026-01-15-10:28:48.804.223 [error_message_manage.cc:53]712966 FuncErrorReason:report error module_type=3, module_name=EE8888
[ERROR] RUNTIME(712966,10):2026-01-15-10:28:48.804.226 [error_message_manage.cc:53]712966 FuncErrorReason:rtMemcpy execute failed, reason=[the current capture mode does not support this operation]
[ERROR] ASCENDCL(712966,10):2026-01-15-10:28:48.804.459 [memory.cpp:437]712966 aclrtMemcpyImpl: synchronized memcpy failed, kind = 1, runtime result = 107030
[ERROR] RUNTIME(712966,10):2026-01-15-10:28:48.893.272 [api_error.cc:1519]712966 MemCopySync:Memory copy sync failed, cnt=72, kind=1.
[ERROR] RUNTIME(712966,10):2026-01-15-10:28:48.893.280 [api_c.cc:1197]712966 rtMemcpy:ErrCode=107030, desc=[the current capture mode does not support this operation], InnerCode=0x703001c
[ERROR] RUNTIME(712966,10):2026-01-15-10:28:48.893.282 [error_message_manage.cc:53]712966 FuncErrorReason:report error module_type=3, module_name=EE8888
[ERROR] RUNTIME(712966,10):2026-01-15-10:28:48.893.285 [error_message_manage.cc:53]712966 FuncErrorReason:rtMemcpy execute failed, reason=[the current capture mode does not support this operation]
[ERROR] ASCENDCL(712966,10):2026-01-15-10:28:48.893.441 [memory.cpp:437]712966 aclrtMemcpyImpl: synchronized memcpy failed, kind = 1, runtime result = 107030
[ERROR] RUNTIME(712966,10):2026-01-15-10:28:48.964.184 [api_error.cc:1519]712966 MemCopySync:Memory copy sync failed, cnt=416, kind=1.
[ERROR] RUNTIME(712966,10):2026-01-15-10:28:48.964.193 [api_c.cc:1197]712966 rtMemcpy:ErrCode=107030, desc=[the current capture mode does not support this operation], InnerCode=0x703001c
[ERROR] RUNTIME(712966,10):2026-01-15-10:28:48.964.195 [error_message_manage.cc:53]712966 FuncErrorReason:report error module_type=3, module_name=EE8888
[ERROR] RUNTIME(712966,10):2026-01-15-10:28:48.964.198 [error_message_manage.cc:53]712966 FuncErrorReason:rtMemcpy execute failed, reason=[the current capture mode does not support this operation]
[ERROR] ASCENDCL(712966,10):2026-01-15-10:28:48.964.397 [memory.cpp:437]712966 aclrtMemcpyImpl: synchronized memcpy failed, kind = 1, runtime result = 107030
[ERROR] RUNTIME(712966,10):2026-01-15-10:28:49.029.291 [api_error.cc:1519]712966 MemCopySync:Memory copy sync failed, cnt=72, kind=1.
[ERROR] RUNTIME(712966,10):2026-01-15-10:28:49.029.298 [api_c.cc:1197]712966 rtMemcpy:ErrCode=107030, desc=[the current capture mode does not support this operation], InnerCode=0x703001c
[ERROR] RUNTIME(712966,10):2026-01-15-10:28:49.029.301 [error_message_manage.cc:53]712966 FuncErrorReason:report error module_type=3, module_name=EE8888
[ERROR] RUNTIME(712966,10):2026-01-15-10:28:49.029.304 [error_message_manage.cc:53]712966 FuncErrorReason:rtMemcpy execute failed, reason=[the current capture mode does not support this operation]
[ERROR] ASCENDCL(712966,10):2026-01-15-10:28:49.029.518 [memory.cpp:437]712966 aclrtMemcpyImpl: synchronized memcpy failed, kind = 1, runtime result = 107030
[ERROR] RUNTIME(712966,10):2026-01-15-10:28:49.104.372 [api_error.cc:1519]712966 MemCopySync:Memory copy sync failed, cnt=416, kind=1.
[ERROR] RUNTIME(712966,10):2026-01-15-10:28:49.104.380 [api_c.cc:1197]712966 rtMemcpy:ErrCode=107030, desc=[the current capture mode does not support this operation], InnerCode=0x703001c
[ERROR] RUNTIME(712966,10):2026-01-15-10:28:49.104.382 [error_message_manage.cc:53]712966 FuncErrorReason:report error module_type=3, module_name=EE8888
[ERROR] RUNTIME(712966,10):2026-01-15-10:28:49.104.385 [error_message_manage.cc:53]712966 FuncErrorReason:rtMemcpy execute failed, reason=[the current capture mode does not support this operation]
[ERROR] ASCENDCL(712966,10):2026-01-15-10:28:49.104.557 [memory.cpp:437]712966 aclrtMemcpyImpl: synchronized memcpy failed, kind = 1, runtime result = 107030
[ERROR] RUNTIME(712966,10):2026-01-15-10:28:49.182.864 [api_error.cc:1519]712966 MemCopySync:Memory copy sync failed, cnt=72, kind=1.
[ERROR] RUNTIME(712966,10):2026-01-15-10:28:49.182.871 [api_c.cc:1197]712966 rtMemcpy:ErrCode=107030, desc=[the current capture mode does not support this operation], InnerCode=0x703001c
[ERROR] RUNTIME(712966,10):2026-01-15-10:28:49.182.874 [error_message_manage.cc:53]712966 FuncErrorReason:report error module_type=3, module_name=EE8888
[ERROR] RUNTIME(712966,10):2026-01-15-10:28:49.182.876 [error_message_manage.cc:53]712966 FuncErrorReason:rtMemcpy execute failed, reason=[the current capture mode does not support this operation]
[ERROR] ASCENDCL(712966,10):2026-01-15-10:28:49.183.069 [memory.cpp:437]712966 aclrtMemcpyImpl: synchronized memcpy failed, kind = 1, runtime result = 107030
[ERROR] RUNTIME(712966,10):2026-01-15-10:28:49.260.702 [api_error.cc:1519]712966 MemCopySync:Memory copy sync failed, cnt=416, kind=1.
[ERROR] RUNTIME(712966,10):2026-01-15-10:28:49.260.711 [api_c.cc:1197]712966 rtMemcpy:ErrCode=107030, desc=[the current capture mode does not support this operation], InnerCode=0x703001c
[ERROR] RUNTIME(712966,10):2026-01-15-10:28:49.260.714 [error_message_manage.cc:53]712966 FuncErrorReason:report error module_type=3, module_name=EE8888
[ERROR] RUNTIME(712966,10):2026-01-15-10:28:49.260.718 [error_message_manage.cc:53]712966 FuncErrorReason:rtMemcpy execute failed, reason=[the current capture mode does not support this operation]
[ERROR] ASCENDCL(712966,10):2026-01-15-10:28:49.260.955 [memory.cpp:437]712966 aclrtMemcpyImpl: synchronized memcpy failed, kind = 1, runtime result = 107030
[ERROR] RUNTIME(712966,10):2026-01-15-10:28:49.338.059 [api_error.cc:1519]712966 MemCopySync:Memory copy sync failed, cnt=72, kind=1.
[ERROR] RUNTIME(712966,10):2026-01-15-10:28:49.338.069 [api_c.cc:1197]712966 rtMemcpy:ErrCode=107030, desc=[the current capture mode does not support this operation], InnerCode=0x703001c
[ERROR] RUNTIME(712966,10):2026-01-15-10:28:49.338.072 [error_message_manage.cc:53]712966 FuncErrorReason:report error module_type=3, module_name=EE8888
[ERROR] RUNTIME(712966,10):2026-01-15-10:28:49.338.075 [error_message_manage.cc:53]712966 FuncErrorReason:rtMemcpy execute failed, reason=[the current capture mode does not support this operation]
[ERROR] ASCENDCL(712966,10):2026-01-15-10:28:49.338.251 [memory.cpp:437]712966 aclrtMemcpyImpl: synchronized memcpy failed, kind = 1, runtime result = 107030
[ERROR] RUNTIME(712966,10):2026-01-15-10:28:49.412.014 [api_error.cc:1519]712966 MemCopySync:Memory copy sync failed, cnt=416, kind=1.
[ERROR] RUNTIME(712966,10):2026-01-15-10:28:49.412.033 [api_c.cc:1197]712966 rtMemcpy:ErrCode=107030, desc=[the current capture mode does not support this operation], InnerCode=0x703001c
[ERROR] RUNTIME(712966,10):2026-01-15-10:28:49.412.036 [error_message_manage.cc:53]712966 FuncErrorReason:report error module_type=3, module_name=EE8888
[ERROR] RUNTIME(712966,10):2026-01-15-10:28:49.412.039 [error_message_manage.cc:53]712966 FuncErrorReason:rtMemcpy execute failed, reason=[the current capture mode does not support this operation]
[ERROR] ASCENDCL(712966,10):2026-01-15-10:28:49.412.302 [memory.cpp:437]712966 aclrtMemcpyImpl: synchronized memcpy failed, kind = 1, runtime result = 107030
[ERROR] RUNTIME(712966,10):2026-01-15-10:28:49.475.295 [api_error.cc:1519]712966 MemCopySync:Memory copy sync failed, cnt=72, kind=1.
[ERROR] RUNTIME(712966,10):2026-01-15-10:28:49.475.304 [api_c.cc:1197]712966 rtMemcpy:ErrCode=107030, desc=[the current capture mode does not support this operation], InnerCode=0x703001c
[ERROR] RUNTIME(712966,10):2026-01-15-10:28:49.475.307 [error_message_manage.cc:53]712966 FuncErrorReason:report error module_type=3, module_name=EE8888
[ERROR] RUNTIME(712966,10):2026-01-15-10:28:49.475.310 [error_message_manage.cc:53]712966 FuncErrorReason:rtMemcpy execute failed, reason=[the current capture mode does not support this operation]
[ERROR] ASCENDCL(712966,10):2026-01-15-10:28:49.475.490 [memory.cpp:437]712966 aclrtMemcpyImpl: synchronized memcpy failed, kind = 1, runtime result = 107030
[ERROR] RUNTIME(712966,10):2026-01-15-10:28:49.547.072 [api_error.cc:1519]712966 MemCopySync:Memory copy sync failed, cnt=416, kind=1.
[ERROR] RUNTIME(712966,10):2026-01-15-10:28:49.547.082 [api_c.cc:1197]712966 rtMemcpy:ErrCode=107030, desc=[the current capture mode does not support this operation], InnerCode=0x703001c
[ERROR] RUNTIME(712966,10):2026-01-15-10:28:49.547.085 [error_message_manage.cc:53]712966 FuncErrorReason:report error module_type=3, module_name=EE8888
[ERROR] RUNTIME(712966,10):2026-01-15-10:28:49.547.088 [error_message_manage.cc:53]712966 FuncErrorReason:rtMemcpy execute failed, reason=[the current capture mode does not support this operation]
[ERROR] ASCENDCL(712966,10):2026-01-15-10:28:49.547.300 [memory.cpp:437]712966 aclrtMemcpyImpl: synchronized memcpy failed, kind = 1, runtime result = 107030
[ERROR] RUNTIME(712966,10):2026-01-15-10:28:49.613.698 [api_error.cc:1519]712966 MemCopySync:Memory copy sync failed, cnt=72, kind=1.
[ERROR] RUNTIME(712966,10):2026-01-15-10:28:49.613.707 [api_c.cc:1197]712966 rtMemcpy:ErrCode=107030, desc=[the current capture mode does not support this operation], InnerCode=0x703001c
[ERROR] RUNTIME(712966,10):2026-01-15-10:28:49.613.710 [error_message_manage.cc:53]712966 FuncErrorReason:report error module_type=3, module_name=EE8888
[ERROR] RUNTIME(712966,10):2026-01-15-10:28:49.613.712 [error_message_manage.cc:53]712966 FuncErrorReason:rtMemcpy execute failed, reason=[the current capture mode does not support this operation]
[ERROR] ASCENDCL(712966,10):2026-01-15-10:28:49.613.924 [memory.cpp:437]712966 aclrtMemcpyImpl: synchronized memcpy failed, kind = 1, runtime result = 107030
[ERROR] RUNTIME(712966,10):2026-01-15-10:28:49.688.627 [api_error.cc:1519]712966 MemCopySync:Memory copy sync failed, cnt=416, kind=1.
[ERROR] RUNTIME(712966,10):2026-01-15-10:28:49.688.636 [api_c.cc:1197]712966 rtMemcpy:ErrCode=107030, desc=[the current capture mode does not support this operation], InnerCode=0x703001c
[ERROR] RUNTIME(712966,10):2026-01-15-10:28:49.688.639 [error_message_manage.cc:53]712966 FuncErrorReason:report error module_type=3, module_name=EE8888
[ERROR] RUNTIME(712966,10):2026-01-15-10:28:49.688.642 [error_message_manage.cc:53]712966 FuncErrorReason:rtMemcpy execute failed, reason=[the current capture mode does not support this operation]
[ERROR] ASCENDCL(712966,10):2026-01-15-10:28:49.688.829 [memory.cpp:437]712966 aclrtMemcpyImpl: synchronized memcpy failed, kind = 1, runtime result = 107030
[ERROR] RUNTIME(712966,10):2026-01-15-10:28:49.756.864 [api_error.cc:1519]712966 MemCopySync:Memory copy sync failed, cnt=72, kind=1.
[ERROR] RUNTIME(712966,10):2026-01-15-10:28:49.756.872 [api_c.cc:1197]712966 rtMemcpy:ErrCode=107030, desc=[the current capture mode does not support this operation], InnerCode=0x703001c
[ERROR] RUNTIME(712966,10):2026-01-15-10:28:49.756.875 [error_message_manage.cc:53]712966 FuncErrorReason:report error module_type=3, module_name=EE8888
[ERROR] RUNTIME(712966,10):2026-01-15-10:28:49.756.877 [error_message_manage.cc:53]712966 FuncErrorReason:rtMemcpy execute failed, reason=[the current capture mode does not support this operation]
[ERROR] ASCENDCL(712966,10):2026-01-15-10:28:49.757.074 [memory.cpp:437]712966 aclrtMemcpyImpl: synchronized memcpy failed, kind = 1, runtime result = 107030
[ERROR] RUNTIME(712966,10):2026-01-15-10:28:49.827.159 [api_error.cc:1519]712966 MemCopySync:Memory copy sync failed, cnt=416, kind=1.
[ERROR] RUNTIME(712966,10):2026-01-15-10:28:49.827.169 [api_c.cc:1197]712966 rtMemcpy:ErrCode=107030, desc=[the current capture mode does not support this operation], InnerCode=0x703001c
[ERROR] RUNTIME(712966,10):2026-01-15-10:28:49.827.171 [error_message_manage.cc:53]712966 FuncErrorReason:report error module_type=3, module_name=EE8888
[ERROR] RUNTIME(712966,10):2026-01-15-10:28:49.827.174 [error_message_manage.cc:53]712966 FuncErrorReason:rtMemcpy execute failed, reason=[the current capture mode does not support this operation]
[ERROR] ASCENDCL(712966,10):2026-01-15-10:28:49.827.389 [memory.cpp:437]712966 aclrtMemcpyImpl: synchronized memcpy failed, kind = 1, runtime result = 107030
[ERROR] RUNTIME(712966,10):2026-01-15-10:28:49.901.992 [api_error.cc:1519]712966 MemCopySync:Memory copy sync failed, cnt=72, kind=1.
[ERROR] RUNTIME(712966,10):2026-01-15-10:28:49.902.001 [api_c.cc:1197]712966 rtMemcpy:ErrCode=107030, desc=[the current capture mode does not support this operation], InnerCode=0x703001c
[ERROR] RUNTIME(712966,10):2026-01-15-10:28:49.902.003 [error_message_manage.cc:53]712966 FuncErrorReason:report error module_type=3, module_name=EE8888
[ERROR] RUNTIME(712966,10):2026-01-15-10:28:49.902.006 [error_message_manage.cc:53]712966 FuncErrorReason:rtMemcpy execute failed, reason=[the current capture mode does not support this operation]
[ERROR] ASCENDCL(712966,10):2026-01-15-10:28:49.902.172 [memory.cpp:437]712966 aclrtMemcpyImpl: synchronized memcpy failed, kind = 1, runtime result = 107030
[ERROR] RUNTIME(712966,10):2026-01-15-10:28:49.982.728 [api_error.cc:1519]712966 MemCopySync:Memory copy sync failed, cnt=416, kind=1.
[ERROR] RUNTIME(712966,10):2026-01-15-10:28:49.982.738 [api_c.cc:1197]712966 rtMemcpy:ErrCode=107030, desc=[the current capture mode does not support this operation], InnerCode=0x703001c
[ERROR] RUNTIME(712966,10):2026-01-15-10:28:49.982.741 [error_message_manage.cc:53]712966 FuncErrorReason:report error module_type=3, module_name=EE8888
[ERROR] RUNTIME(712966,10):2026-01-15-10:28:49.982.743 [error_message_manage.cc:53]712966 FuncErrorReason:rtMemcpy execute failed, reason=[the current capture mode does not support this operation]
[ERROR] ASCENDCL(712966,10):2026-01-15-10:28:49.982.926 [memory.cpp:437]712966 aclrtMemcpyImpl: synchronized memcpy failed, kind = 1, runtime result = 107030
[ERROR] RUNTIME(712966,10):2026-01-15-10:28:50.054.013 [api_error.cc:1519]712966 MemCopySync:Memory copy sync failed, cnt=72, kind=1.
[ERROR] RUNTIME(712966,10):2026-01-15-10:28:50.054.022 [api_c.cc:1197]712966 rtMemcpy:ErrCode=107030, desc=[the current capture mode does not support this operation], InnerCode=0x703001c
[ERROR] RUNTIME(712966,10):2026-01-15-10:28:50.054.025 [error_message_manage.cc:53]712966 FuncErrorReason:report error module_type=3, module_name=EE8888
[ERROR] RUNTIME(712966,10):2026-01-15-10:28:50.054.028 [error_message_manage.cc:53]712966 FuncErrorReason:rtMemcpy execute failed, reason=[the current capture mode does not support this operation]
[ERROR] ASCENDCL(712966,10):2026-01-15-10:28:50.054.242 [memory.cpp:437]712966 aclrtMemcpyImpl: synchronized memcpy failed, kind = 1, runtime result = 107030
[ERROR] RUNTIME(712966,10):2026-01-15-10:28:50.127.184 [api_error.cc:1519]712966 MemCopySync:Memory copy sync failed, cnt=416, kind=1.
[ERROR] RUNTIME(712966,10):2026-01-15-10:28:50.127.194 [api_c.cc:1197]712966 rtMemcpy:ErrCode=107030, desc=[the current capture mode does not support this operation], InnerCode=0x703001c
[ERROR] RUNTIME(712966,10):2026-01-15-10:28:50.127.197 [error_message_manage.cc:53]712966 FuncErrorReason:report error module_type=3, module_name=EE8888
[ERROR] RUNTIME(712966,10):2026-01-15-10:28:50.127.199 [error_message_manage.cc:53]712966 FuncErrorReason:rtMemcpy execute failed, reason=[the current capture mode does not support this operation]
[ERROR] ASCENDCL(712966,10):2026-01-15-10:28:50.127.440 [memory.cpp:437]712966 aclrtMemcpyImpl: synchronized memcpy failed, kind = 1, runtime result = 107030
[ERROR] RUNTIME(712966,10):2026-01-15-10:28:50.197.961 [api_error.cc:1519]712966 MemCopySync:Memory copy sync failed, cnt=72, kind=1.
[ERROR] RUNTIME(712966,10):2026-01-15-10:28:50.197.970 [api_c.cc:1197]712966 rtMemcpy:ErrCode=107030, desc=[the current capture mode does not support this operation], InnerCode=0x703001c
[ERROR] RUNTIME(712966,10):2026-01-15-10:28:50.197.973 [error_message_manage.cc:53]712966 FuncErrorReason:report error module_type=3, module_name=EE8888
[ERROR] RUNTIME(712966,10):2026-01-15-10:28:50.197.976 [error_message_manage.cc:53]712966 FuncErrorReason:rtMemcpy execute failed, reason=[the current capture mode does not support this operation]
[ERROR] ASCENDCL(712966,10):2026-01-15-10:28:50.198.132 [memory.cpp:437]712966 aclrtMemcpyImpl: synchronized memcpy failed, kind = 1, runtime result = 107030
[ERROR] RUNTIME(712966,10):2026-01-15-10:28:50.277.149 [api_error.cc:1519]712966 MemCopySync:Memory copy sync failed, cnt=416, kind=1.
[ERROR] RUNTIME(712966,10):2026-01-15-10:28:50.277.158 [api_c.cc:1197]712966 rtMemcpy:ErrCode=107030, desc=[the current capture mode does not support this operation], InnerCode=0x703001c
[ERROR] RUNTIME(712966,10):2026-01-15-10:28:50.277.161 [error_message_manage.cc:53]712966 FuncErrorReason:report error module_type=3, module_name=EE8888
[ERROR] RUNTIME(712966,10):2026-01-15-10:28:50.277.163 [error_message_manage.cc:53]712966 FuncErrorReason:rtMemcpy execute failed, reason=[the current capture mode does not support this operation]
[ERROR] ASCENDCL(712966,10):2026-01-15-10:28:50.277.378 [memory.cpp:437]712966 aclrtMemcpyImpl: synchronized memcpy failed, kind = 1, runtime result = 107030
[ERROR] RUNTIME(712966,10):2026-01-15-10:28:50.342.013 [api_error.cc:1519]712966 MemCopySync:Memory copy sync failed, cnt=72, kind=1.
[ERROR] RUNTIME(712966,10):2026-01-15-10:28:50.342.021 [api_c.cc:1197]712966 rtMemcpy:ErrCode=107030, desc=[the current capture mode does not support this operation], InnerCode=0x703001c
[ERROR] RUNTIME(712966,10):2026-01-15-10:28:50.342.024 [error_message_manage.cc:53]712966 FuncErrorReason:report error module_type=3, module_name=EE8888
[ERROR] RUNTIME(712966,10):2026-01-15-10:28:50.342.027 [error_message_manage.cc:53]712966 FuncErrorReason:rtMemcpy execute failed, reason=[the current capture mode does not support this operation]
[ERROR] ASCENDCL(712966,10):2026-01-15-10:28:50.342.213 [memory.cpp:437]712966 aclrtMemcpyImpl: synchronized memcpy failed, kind = 1, runtime result = 107030
[ERROR] RUNTIME(712966,10):2026-01-15-10:28:50.410.936 [api_error.cc:1519]712966 MemCopySync:Memory copy sync failed, cnt=416, kind=1.
[ERROR] RUNTIME(712966,10):2026-01-15-10:28:50.410.945 [api_c.cc:1197]712966 rtMemcpy:ErrCode=107030, desc=[the current capture mode does not support this operation], InnerCode=0x703001c
[ERROR] RUNTIME(712966,10):2026-01-15-10:28:50.410.948 [error_message_manage.cc:53]712966 FuncErrorReason:report error module_type=3, module_name=EE8888
[ERROR] RUNTIME(712966,10):2026-01-15-10:28:50.410.951 [error_message_manage.cc:53]712966 FuncErrorReason:rtMemcpy execute failed, reason=[the current capture mode does not support this operation]
[ERROR] ASCENDCL(712966,10):2026-01-15-10:28:50.411.169 [memory.cpp:437]712966 aclrtMemcpyImpl: synchronized memcpy failed, kind = 1, runtime result = 107030
[ERROR] RUNTIME(712966,10):2026-01-15-10:28:50.480.302 [api_error.cc:1519]712966 MemCopySync:Memory copy sync failed, cnt=72, kind=1.
[ERROR] RUNTIME(712966,10):2026-01-15-10:28:50.480.311 [api_c.cc:1197]712966 rtMemcpy:ErrCode=107030, desc=[the current capture mode does not support this operation], InnerCode=0x703001c
[ERROR] RUNTIME(712966,10):2026-01-15-10:28:50.480.314 [error_message_manage.cc:53]712966 FuncErrorReason:report error module_type=3, module_name=EE8888
[ERROR] RUNTIME(712966,10):2026-01-15-10:28:50.480.316 [error_message_manage.cc:53]712966 FuncErrorReason:rtMemcpy execute failed, reason=[the current capture mode does not support this operation]
[ERROR] ASCENDCL(712966,10):2026-01-15-10:28:50.480.477 [memory.cpp:437]712966 aclrtMemcpyImpl: synchronized memcpy failed, kind = 1, runtime result = 107030
[ERROR] RUNTIME(712966,10):2026-01-15-10:28:50.548.868 [api_error.cc:1519]712966 MemCopySync:Memory copy sync failed, cnt=416, kind=1.
[ERROR] RUNTIME(712966,10):2026-01-15-10:28:50.548.877 [api_c.cc:1197]712966 rtMemcpy:ErrCode=107030, desc=[the current capture mode does not support this operation], InnerCode=0x703001c
[ERROR] RUNTIME(712966,10):2026-01-15-10:28:50.548.880 [error_message_manage.cc:53]712966 FuncErrorReason:report error module_type=3, module_name=EE8888
[ERROR] RUNTIME(712966,10):2026-01-15-10:28:50.548.883 [error_message_manage.cc:53]712966 FuncErrorReason:rtMemcpy execute failed, reason=[the current capture mode does not support this operation]
[ERROR] ASCENDCL(712966,10):2026-01-15-10:28:50.549.070 [memory.cpp:437]712966 aclrtMemcpyImpl: synchronized memcpy failed, kind = 1, runtime result = 107030
[ERROR] RUNTIME(712966,10):2026-01-15-10:28:50.620.955 [api_error.cc:1519]712966 MemCopySync:Memory copy sync failed, cnt=72, kind=1.
[ERROR] RUNTIME(712966,10):2026-01-15-10:28:50.620.964 [api_c.cc:1197]712966 rtMemcpy:ErrCode=107030, desc=[the current capture mode does not support this operation], InnerCode=0x703001c
[ERROR] RUNTIME(712966,10):2026-01-15-10:28:50.620.967 [error_message_manage.cc:53]712966 FuncErrorReason:report error module_type=3, module_name=EE8888
[ERROR] RUNTIME(712966,10):2026-01-15-10:28:50.620.974 [error_message_manage.cc:53]712966 FuncErrorReason:rtMemcpy execute failed, reason=[the current capture mode does not support this operation]
[ERROR] ASCENDCL(712966,10):2026-01-15-10:28:50.621.222 [memory.cpp:437]712966 aclrtMemcpyImpl: synchronized memcpy failed, kind = 1, runtime result = 107030
[ERROR] RUNTIME(712966,10):2026-01-15-10:28:50.699.595 [api_error.cc:1519]712966 MemCopySync:Memory copy sync failed, cnt=416, kind=1.
[ERROR] RUNTIME(712966,10):2026-01-15-10:28:50.699.605 [api_c.cc:1197]712966 rtMemcpy:ErrCode=107030, desc=[the current capture mode does not support this operation], InnerCode=0x703001c
[ERROR] RUNTIME(712966,10):2026-01-15-10:28:50.699.608 [error_message_manage.cc:53]712966 FuncErrorReason:report error module_type=3, module_name=EE8888
[ERROR] RUNTIME(712966,10):2026-01-15-10:28:50.699.611 [error_message_manage.cc:53]712966 FuncErrorReason:rtMemcpy execute failed, reason=[the current capture mode does not support this operation]
[ERROR] ASCENDCL(712966,10):2026-01-15-10:28:50.699.786 [memory.cpp:437]712966 aclrtMemcpyImpl: synchronized memcpy failed, kind = 1, runtime result = 107030
[ERROR] RUNTIME(712966,10):2026-01-15-10:28:50.771.279 [api_error.cc:1519]712966 MemCopySync:Memory copy sync failed, cnt=72, kind=1.
[ERROR] RUNTIME(712966,10):2026-01-15-10:28:50.771.288 [api_c.cc:1197]712966 rtMemcpy:ErrCode=107030, desc=[the current capture mode does not support this operation], InnerCode=0x703001c
[ERROR] RUNTIME(712966,10):2026-01-15-10:28:50.771.290 [error_message_manage.cc:53]712966 FuncErrorReason:report error module_type=3, module_name=EE8888
[ERROR] RUNTIME(712966,10):2026-01-15-10:28:50.771.293 [error_message_manage.cc:53]712966 FuncErrorReason:rtMemcpy execute failed, reason=[the current capture mode does not support this operation]
[ERROR] ASCENDCL(712966,10):2026-01-15-10:28:50.771.518 [memory.cpp:437]712966 aclrtMemcpyImpl: synchronized memcpy failed, kind = 1, runtime result = 107030
[ERROR] RUNTIME(712966,10):2026-01-15-10:28:50.839.571 [api_error.cc:1519]712966 MemCopySync:Memory copy sync failed, cnt=416, kind=1.
[ERROR] RUNTIME(712966,10):2026-01-15-10:28:50.839.581 [api_c.cc:1197]712966 rtMemcpy:ErrCode=107030, desc=[the current capture mode does not support this operation], InnerCode=0x703001c
[ERROR] RUNTIME(712966,10):2026-01-15-10:28:50.839.583 [error_message_manage.cc:53]712966 FuncErrorReason:report error module_type=3, module_name=EE8888
[ERROR] RUNTIME(712966,10):2026-01-15-10:28:50.839.586 [error_message_manage.cc:53]712966 FuncErrorReason:rtMemcpy execute failed, reason=[the current capture mode does not support this operation]
[ERROR] ASCENDCL(712966,10):2026-01-15-10:28:50.839.820 [memory.cpp:437]712966 aclrtMemcpyImpl: synchronized memcpy failed, kind = 1, runtime result = 107030
[ERROR] RUNTIME(712966,10):2026-01-15-10:28:50.914.417 [api_error.cc:1519]712966 MemCopySync:Memory copy sync failed, cnt=72, kind=1.
[ERROR] RUNTIME(712966,10):2026-01-15-10:28:50.914.426 [api_c.cc:1197]712966 rtMemcpy:ErrCode=107030, desc=[the current capture mode does not support this operation], InnerCode=0x703001c
[ERROR] RUNTIME(712966,10):2026-01-15-10:28:50.914.429 [error_message_manage.cc:53]712966 FuncErrorReason:report error module_type=3, module_name=EE8888
[ERROR] RUNTIME(712966,10):2026-01-15-10:28:50.914.431 [error_message_manage.cc:53]712966 FuncErrorReason:rtMemcpy execute failed, reason=[the current capture mode does not support this operation]
[ERROR] ASCENDCL(712966,10):2026-01-15-10:28:50.914.634 [memory.cpp:437]712966 aclrtMemcpyImpl: synchronized memcpy failed, kind = 1, runtime result = 107030
[ERROR] RUNTIME(712966,10):2026-01-15-10:28:50.977.264 [api_error.cc:1519]712966 MemCopySync:Memory copy sync failed, cnt=416, kind=1.
[ERROR] RUNTIME(712966,10):2026-01-15-10:28:50.977.273 [api_c.cc:1197]712966 rtMemcpy:ErrCode=107030, desc=[the current capture mode does not support this operation], InnerCode=0x703001c
[ERROR] RUNTIME(712966,10):2026-01-15-10:28:50.977.275 [error_message_manage.cc:53]712966 FuncErrorReason:report error module_type=3, module_name=EE8888
[ERROR] RUNTIME(712966,10):2026-01-15-10:28:50.977.278 [error_message_manage.cc:53]712966 FuncErrorReason:rtMemcpy execute failed, reason=[the current capture mode does not support this operation]
[ERROR] ASCENDCL(712966,10):2026-01-15-10:28:50.977.470 [memory.cpp:437]712966 aclrtMemcpyImpl: synchronized memcpy failed, kind = 1, runtime result = 107030
[ERROR] RUNTIME(712966,10):2026-01-15-10:28:51.039.526 [api_error.cc:1519]712966 MemCopySync:Memory copy sync failed, cnt=72, kind=1.
[ERROR] RUNTIME(712966,10):2026-01-15-10:28:51.039.535 [api_c.cc:1197]712966 rtMemcpy:ErrCode=107030, desc=[the current capture mode does not support this operation], InnerCode=0x703001c
[ERROR] RUNTIME(712966,10):2026-01-15-10:28:51.039.538 [error_message_manage.cc:53]712966 FuncErrorReason:report error module_type=3, module_name=EE8888
[ERROR] RUNTIME(712966,10):2026-01-15-10:28:51.039.540 [error_message_manage.cc:53]712966 FuncErrorReason:rtMemcpy execute failed, reason=[the current capture mode does not support this operation]
[ERROR] ASCENDCL(712966,10):2026-01-15-10:28:51.039.746 [memory.cpp:437]712966 aclrtMemcpyImpl: synchronized memcpy failed, kind = 1, runtime result = 107030
[ERROR] RUNTIME(712966,10):2026-01-15-10:28:51.108.152 [api_error.cc:1519]712966 MemCopySync:Memory copy sync failed, cnt=416, kind=1.
[ERROR] RUNTIME(712966,10):2026-01-15-10:28:51.108.161 [api_c.cc:1197]712966 rtMemcpy:ErrCode=107030, desc=[the current capture mode does not support this operation], InnerCode=0x703001c
[ERROR] RUNTIME(712966,10):2026-01-15-10:28:51.108.165 [error_message_manage.cc:53]712966 FuncErrorReason:report error module_type=3, module_name=EE8888
[ERROR] RUNTIME(712966,10):2026-01-15-10:28:51.108.168 [error_message_manage.cc:53]712966 FuncErrorReason:rtMemcpy execute failed, reason=[the current capture mode does not support this operation]
[ERROR] ASCENDCL(712966,10):2026-01-15-10:28:51.108.358 [memory.cpp:437]712966 aclrtMemcpyImpl: synchronized memcpy failed, kind = 1, runtime result = 107030
[ERROR] RUNTIME(712966,10):2026-01-15-10:28:51.172.956 [api_error.cc:1519]712966 MemCopySync:Memory copy sync failed, cnt=72, kind=1.
[ERROR] RUNTIME(712966,10):2026-01-15-10:28:51.172.964 [api_c.cc:1197]712966 rtMemcpy:ErrCode=107030, desc=[the current capture mode does not support this operation], InnerCode=0x703001c
[ERROR] RUNTIME(712966,10):2026-01-15-10:28:51.172.967 [error_message_manage.cc:53]712966 FuncErrorReason:report error module_type=3, module_name=EE8888
[ERROR] RUNTIME(712966,10):2026-01-15-10:28:51.172.969 [error_message_manage.cc:53]712966 FuncErrorReason:rtMemcpy execute failed, reason=[the current capture mode does not support this operation]
[ERROR] ASCENDCL(712966,10):2026-01-15-10:28:51.173.137 [memory.cpp:437]712966 aclrtMemcpyImpl: synchronized memcpy failed, kind = 1, runtime result = 107030
[ERROR] RUNTIME(712966,10):2026-01-15-10:28:51.241.672 [api_error.cc:1519]712966 MemCopySync:Memory copy sync failed, cnt=416, kind=1.
[ERROR] RUNTIME(712966,10):2026-01-15-10:28:51.241.682 [api_c.cc:1197]712966 rtMemcpy:ErrCode=107030, desc=[the current capture mode does not support this operation], InnerCode=0x703001c
[ERROR] RUNTIME(712966,10):2026-01-15-10:28:51.241.685 [error_message_manage.cc:53]712966 FuncErrorReason:report error module_type=3, module_name=EE8888
[ERROR] RUNTIME(712966,10):2026-01-15-10:28:51.241.688 [error_message_manage.cc:53]712966 FuncErrorReason:rtMemcpy execute failed, reason=[the current capture mode does not support this operation]
[ERROR] ASCENDCL(712966,10):2026-01-15-10:28:51.241.906 [memory.cpp:437]712966 aclrtMemcpyImpl: synchronized memcpy failed, kind = 1, runtime result = 107030
[ERROR] RUNTIME(712966,10):2026-01-15-10:28:51.310.305 [api_error.cc:1519]712966 MemCopySync:Memory copy sync failed, cnt=72, kind=1.
[ERROR] RUNTIME(712966,10):2026-01-15-10:28:51.310.314 [api_c.cc:1197]712966 rtMemcpy:ErrCode=107030, desc=[the current capture mode does not support this operation], InnerCode=0x703001c
[ERROR] RUNTIME(712966,10):2026-01-15-10:28:51.310.317 [error_message_manage.cc:53]712966 FuncErrorReason:report error module_type=3, module_name=EE8888
[ERROR] RUNTIME(712966,10):2026-01-15-10:28:51.310.319 [error_message_manage.cc:53]712966 FuncErrorReason:rtMemcpy execute failed, reason=[the current capture mode does not support this operation]
[ERROR] ASCENDCL(712966,10):2026-01-15-10:28:51.310.481 [memory.cpp:437]712966 aclrtMemcpyImpl: synchronized memcpy failed, kind = 1, runtime result = 107030
[ERROR] RUNTIME(712966,10):2026-01-15-10:28:51.385.666 [api_error.cc:1519]712966 MemCopySync:Memory copy sync failed, cnt=416, kind=1.
[ERROR] RUNTIME(712966,10):2026-01-15-10:28:51.385.675 [api_c.cc:1197]712966 rtMemcpy:ErrCode=107030, desc=[the current capture mode does not support this operation], InnerCode=0x703001c
[ERROR] RUNTIME(712966,10):2026-01-15-10:28:51.385.678 [error_message_manage.cc:53]712966 FuncErrorReason:report error module_type=3, module_name=EE8888
[ERROR] RUNTIME(712966,10):2026-01-15-10:28:51.385.681 [error_message_manage.cc:53]712966 FuncErrorReason:rtMemcpy execute failed, reason=[the current capture mode does not support this operation]
[ERROR] ASCENDCL(712966,10):2026-01-15-10:28:51.385.863 [memory.cpp:437]712966 aclrtMemcpyImpl: synchronized memcpy failed, kind = 1, runtime result = 107030
[ERROR] RUNTIME(712966,10):2026-01-15-10:28:51.452.941 [api_error.cc:1519]712966 MemCopySync:Memory copy sync failed, cnt=72, kind=1.
[ERROR] RUNTIME(712966,10):2026-01-15-10:28:51.452.950 [api_c.cc:1197]712966 rtMemcpy:ErrCode=107030, desc=[the current capture mode does not support this operation], InnerCode=0x703001c
[ERROR] RUNTIME(712966,10):2026-01-15-10:28:51.452.952 [error_message_manage.cc:53]712966 FuncErrorReason:report error module_type=3, module_name=EE8888
[ERROR] RUNTIME(712966,10):2026-01-15-10:28:51.452.955 [error_message_manage.cc:53]712966 FuncErrorReason:rtMemcpy execute failed, reason=[the current capture mode does not support this operation]
[ERROR] ASCENDCL(712966,10):2026-01-15-10:28:51.453.223 [memory.cpp:437]712966 aclrtMemcpyImpl: synchronized memcpy failed, kind = 1, runtime result = 107030
[ERROR] RUNTIME(712966,10):2026-01-15-10:28:51.527.064 [api_error.cc:1519]712966 MemCopySync:Memory copy sync failed, cnt=416, kind=1.
[ERROR] RUNTIME(712966,10):2026-01-15-10:28:51.527.073 [api_c.cc:1197]712966 rtMemcpy:ErrCode=107030, desc=[the current capture mode does not support this operation], InnerCode=0x703001c
[ERROR] RUNTIME(712966,10):2026-01-15-10:28:51.527.075 [error_message_manage.cc:53]712966 FuncErrorReason:report error module_type=3, module_name=EE8888
[ERROR] RUNTIME(712966,10):2026-01-15-10:28:51.527.086 [error_message_manage.cc:53]712966 FuncErrorReason:rtMemcpy execute failed, reason=[the current capture mode does not support this operation]
[ERROR] ASCENDCL(712966,10):2026-01-15-10:28:51.527.259 [memory.cpp:437]712966 aclrtMemcpyImpl: synchronized memcpy failed, kind = 1, runtime result = 107030
[ERROR] RUNTIME(712966,10):2026-01-15-10:28:51.598.544 [api_error.cc:1519]712966 MemCopySync:Memory copy sync failed, cnt=72, kind=1.
[ERROR] RUNTIME(712966,10):2026-01-15-10:28:51.598.552 [api_c.cc:1197]712966 rtMemcpy:ErrCode=107030, desc=[the current capture mode does not support this operation], InnerCode=0x703001c
[ERROR] RUNTIME(712966,10):2026-01-15-10:28:51.598.555 [error_message_manage.cc:53]712966 FuncErrorReason:report error module_type=3, module_name=EE8888
[ERROR] RUNTIME(712966,10):2026-01-15-10:28:51.598.557 [error_message_manage.cc:53]712966 FuncErrorReason:rtMemcpy execute failed, reason=[the current capture mode does not support this operation]
[ERROR] ASCENDCL(712966,10):2026-01-15-10:28:51.598.722 [memory.cpp:437]712966 aclrtMemcpyImpl: synchronized memcpy failed, kind = 1, runtime result = 107030
[ERROR] RUNTIME(712966,10):2026-01-15-10:28:51.677.717 [api_error.cc:1519]712966 MemCopySync:Memory copy sync failed, cnt=416, kind=1.
[ERROR] RUNTIME(712966,10):2026-01-15-10:28:51.677.726 [api_c.cc:1197]712966 rtMemcpy:ErrCode=107030, desc=[the current capture mode does not support this operation], InnerCode=0x703001c
[ERROR] RUNTIME(712966,10):2026-01-15-10:28:51.677.729 [error_message_manage.cc:53]712966 FuncErrorReason:report error module_type=3, module_name=EE8888
[ERROR] RUNTIME(712966,10):2026-01-15-10:28:51.677.732 [error_message_manage.cc:53]712966 FuncErrorReason:rtMemcpy execute failed, reason=[the current capture mode does not support this operation]
[ERROR] ASCENDCL(712966,10):2026-01-15-10:28:51.677.940 [memory.cpp:437]712966 aclrtMemcpyImpl: synchronized memcpy failed, kind = 1, runtime result = 107030
[ERROR] RUNTIME(712966,10):2026-01-15-10:28:51.752.762 [api_error.cc:1519]712966 MemCopySync:Memory copy sync failed, cnt=72, kind=1.
[ERROR] RUNTIME(712966,10):2026-01-15-10:28:51.752.770 [api_c.cc:1197]712966 rtMemcpy:ErrCode=107030, desc=[the current capture mode does not support this operation], InnerCode=0x703001c
[ERROR] RUNTIME(712966,10):2026-01-15-10:28:51.752.773 [error_message_manage.cc:53]712966 FuncErrorReason:report error module_type=3, module_name=EE8888
[ERROR] RUNTIME(712966,10):2026-01-15-10:28:51.752.775 [error_message_manage.cc:53]712966 FuncErrorReason:rtMemcpy execute failed, reason=[the current capture mode does not support this operation]
[ERROR] ASCENDCL(712966,10):2026-01-15-10:28:51.752.987 [memory.cpp:437]712966 aclrtMemcpyImpl: synchronized memcpy failed, kind = 1, runtime result = 107030
[ERROR] RUNTIME(712966,10):2026-01-15-10:28:51.824.212 [api_error.cc:1519]712966 MemCopySync:Memory copy sync failed, cnt=416, kind=1.
[ERROR] RUNTIME(712966,10):2026-01-15-10:28:51.824.221 [api_c.cc:1197]712966 rtMemcpy:ErrCode=107030, desc=[the current capture mode does not support this operation], InnerCode=0x703001c
[ERROR] RUNTIME(712966,10):2026-01-15-10:28:51.824.224 [error_message_manage.cc:53]712966 FuncErrorReason:report error module_type=3, module_name=EE8888
[ERROR] RUNTIME(712966,10):2026-01-15-10:28:51.824.226 [error_message_manage.cc:53]712966 FuncErrorReason:rtMemcpy execute failed, reason=[the current capture mode does not support this operation]
[ERROR] ASCENDCL(712966,10):2026-01-15-10:28:51.824.427 [memory.cpp:437]712966 aclrtMemcpyImpl: synchronized memcpy failed, kind = 1, runtime result = 107030
[ERROR] RUNTIME(712966,10):2026-01-15-10:28:51.899.529 [api_error.cc:1519]712966 MemCopySync:Memory copy sync failed, cnt=72, kind=1.
[ERROR] RUNTIME(712966,10):2026-01-15-10:28:51.899.537 [api_c.cc:1197]712966 rtMemcpy:ErrCode=107030, desc=[the current capture mode does not support this operation], InnerCode=0x703001c
[ERROR] RUNTIME(712966,10):2026-01-15-10:28:51.899.540 [error_message_manage.cc:53]712966 FuncErrorReason:report error module_type=3, module_name=EE8888
[ERROR] RUNTIME(712966,10):2026-01-15-10:28:51.899.543 [error_message_manage.cc:53]712966 FuncErrorReason:rtMemcpy execute failed, reason=[the current capture mode does not support this operation]
[ERROR] ASCENDCL(712966,10):2026-01-15-10:28:51.899.756 [memory.cpp:437]712966 aclrtMemcpyImpl: synchronized memcpy failed, kind = 1, runtime result = 107030
[ERROR] RUNTIME(712966,10):2026-01-15-10:28:51.971.562 [api_error.cc:1519]712966 MemCopySync:Memory copy sync failed, cnt=416, kind=1.
[ERROR] RUNTIME(712966,10):2026-01-15-10:28:51.971.572 [api_c.cc:1197]712966 rtMemcpy:ErrCode=107030, desc=[the current capture mode does not support this operation], InnerCode=0x703001c
[ERROR] RUNTIME(712966,10):2026-01-15-10:28:51.971.575 [error_message_manage.cc:53]712966 FuncErrorReason:report error module_type=3, module_name=EE8888
[ERROR] RUNTIME(712966,10):2026-01-15-10:28:51.971.577 [error_message_manage.cc:53]712966 FuncErrorReason:rtMemcpy execute failed, reason=[the current capture mode does not support this operation]
[ERROR] ASCENDCL(712966,10):2026-01-15-10:28:51.971.756 [memory.cpp:437]712966 aclrtMemcpyImpl: synchronized memcpy failed, kind = 1, runtime result = 107030
[ERROR] RUNTIME(712966,10):2026-01-15-10:28:52.046.291 [api_error.cc:1519]712966 MemCopySync:Memory copy sync failed, cnt=72, kind=1.
[ERROR] RUNTIME(712966,10):2026-01-15-10:28:52.046.299 [api_c.cc:1197]712966 rtMemcpy:ErrCode=107030, desc=[the current capture mode does not support this operation], InnerCode=0x703001c
[ERROR] RUNTIME(712966,10):2026-01-15-10:28:52.046.302 [error_message_manage.cc:53]712966 FuncErrorReason:report error module_type=3, module_name=EE8888
[ERROR] RUNTIME(712966,10):2026-01-15-10:28:52.046.305 [error_message_manage.cc:53]712966 FuncErrorReason:rtMemcpy execute failed, reason=[the current capture mode does not support this operation]
[ERROR] ASCENDCL(712966,10):2026-01-15-10:28:52.046.508 [memory.cpp:437]712966 aclrtMemcpyImpl: synchronized memcpy failed, kind = 1, runtime result = 107030
[ERROR] RUNTIME(712966,10):2026-01-15-10:28:52.120.505 [api_error.cc:1519]712966 MemCopySync:Memory copy sync failed, cnt=416, kind=1.
[ERROR] RUNTIME(712966,10):2026-01-15-10:28:52.120.514 [api_c.cc:1197]712966 rtMemcpy:ErrCode=107030, desc=[the current capture mode does not support this operation], InnerCode=0x703001c
[ERROR] RUNTIME(712966,10):2026-01-15-10:28:52.120.517 [error_message_manage.cc:53]712966 FuncErrorReason:report error module_type=3, module_name=EE8888
[ERROR] RUNTIME(712966,10):2026-01-15-10:28:52.120.520 [error_message_manage.cc:53]712966 FuncErrorReason:rtMemcpy execute failed, reason=[the current capture mode does not support this operation]
[ERROR] ASCENDCL(712966,10):2026-01-15-10:28:52.120.699 [memory.cpp:437]712966 aclrtMemcpyImpl: synchronized memcpy failed, kind = 1, runtime result = 107030
[ERROR] RUNTIME(712966,10):2026-01-15-10:28:52.193.284 [api_error.cc:1519]712966 MemCopySync:Memory copy sync failed, cnt=72, kind=1.
[ERROR] RUNTIME(712966,10):2026-01-15-10:28:52.193.293 [api_c.cc:1197]712966 rtMemcpy:ErrCode=107030, desc=[the current capture mode does not support this operation], InnerCode=0x703001c
[ERROR] RUNTIME(712966,10):2026-01-15-10:28:52.193.296 [error_message_manage.cc:53]712966 FuncErrorReason:report error module_type=3, module_name=EE8888
[ERROR] RUNTIME(712966,10):2026-01-15-10:28:52.193.299 [error_message_manage.cc:53]712966 FuncErrorReason:rtMemcpy execute failed, reason=[the current capture mode does not support this operation]
[ERROR] ASCENDCL(712966,10):2026-01-15-10:28:52.193.499 [memory.cpp:437]712966 aclrtMemcpyImpl: synchronized memcpy failed, kind = 1, runtime result = 107030
[ERROR] RUNTIME(712966,10):2026-01-15-10:28:52.270.012 [api_error.cc:1519]712966 MemCopySync:Memory copy sync failed, cnt=416, kind=1.
[ERROR] RUNTIME(712966,10):2026-01-15-10:28:52.270.022 [api_c.cc:1197]712966 rtMemcpy:ErrCode=107030, desc=[the current capture mode does not support this operation], InnerCode=0x703001c
[ERROR] RUNTIME(712966,10):2026-01-15-10:28:52.270.024 [error_message_manage.cc:53]712966 FuncErrorReason:report error module_type=3, module_name=EE8888
[ERROR] RUNTIME(712966,10):2026-01-15-10:28:52.270.027 [error_message_manage.cc:53]712966 FuncErrorReason:rtMemcpy execute failed, reason=[the current capture mode does not support this operation]
[ERROR] ASCENDCL(712966,10):2026-01-15-10:28:52.270.236 [memory.cpp:437]712966 aclrtMemcpyImpl: synchronized memcpy failed, kind = 1, runtime result = 107030
[ERROR] RUNTIME(712966,10):2026-01-15-10:28:52.339.806 [api_error.cc:1519]712966 MemCopySync:Memory copy sync failed, cnt=72, kind=1.
[ERROR] RUNTIME(712966,10):2026-01-15-10:28:52.339.814 [api_c.cc:1197]712966 rtMemcpy:ErrCode=107030, desc=[the current capture mode does not support this operation], InnerCode=0x703001c
[ERROR] RUNTIME(712966,10):2026-01-15-10:28:52.339.817 [error_message_manage.cc:53]712966 FuncErrorReason:report error module_type=3, module_name=EE8888
[ERROR] RUNTIME(712966,10):2026-01-15-10:28:52.339.820 [error_message_manage.cc:53]712966 FuncErrorReason:rtMemcpy execute failed, reason=[the current capture mode does not support this operation]
[ERROR] ASCENDCL(712966,10):2026-01-15-10:28:52.339.976 [memory.cpp:437]712966 aclrtMemcpyImpl: synchronized memcpy failed, kind = 1, runtime result = 107030
[ERROR] RUNTIME(712966,10):2026-01-15-10:28:52.407.011 [api_error.cc:1519]712966 MemCopySync:Memory copy sync failed, cnt=416, kind=1.
[ERROR] RUNTIME(712966,10):2026-01-15-10:28:52.407.020 [api_c.cc:1197]712966 rtMemcpy:ErrCode=107030, desc=[the current capture mode does not support this operation], InnerCode=0x703001c
[ERROR] RUNTIME(712966,10):2026-01-15-10:28:52.407.023 [error_message_manage.cc:53]712966 FuncErrorReason:report error module_type=3, module_name=EE8888
[ERROR] RUNTIME(712966,10):2026-01-15-10:28:52.407.026 [error_message_manage.cc:53]712966 FuncErrorReason:rtMemcpy execute failed, reason=[the current capture mode does not support this operation]
[ERROR] ASCENDCL(712966,10):2026-01-15-10:28:52.407.197 [memory.cpp:437]712966 aclrtMemcpyImpl: synchronized memcpy failed, kind = 1, runtime result = 107030
[ERROR] RUNTIME(712966,10):2026-01-15-10:28:52.481.620 [api_error.cc:1519]712966 MemCopySync:Memory copy sync failed, cnt=72, kind=1.
[ERROR] RUNTIME(712966,10):2026-01-15-10:28:52.481.627 [api_c.cc:1197]712966 rtMemcpy:ErrCode=107030, desc=[the current capture mode does not support this operation], InnerCode=0x703001c
[ERROR] RUNTIME(712966,10):2026-01-15-10:28:52.481.630 [error_message_manage.cc:53]712966 FuncErrorReason:report error module_type=3, module_name=EE8888
[ERROR] RUNTIME(712966,10):2026-01-15-10:28:52.481.633 [error_message_manage.cc:53]712966 FuncErrorReason:rtMemcpy execute failed, reason=[the current capture mode does not support this operation]
[ERROR] ASCENDCL(712966,10):2026-01-15-10:28:52.481.859 [memory.cpp:437]712966 aclrtMemcpyImpl: synchronized memcpy failed, kind = 1, runtime result = 107030
[ERROR] RUNTIME(712966,10):2026-01-15-10:28:52.561.397 [api_error.cc:1519]712966 MemCopySync:Memory copy sync failed, cnt=416, kind=1.
[ERROR] RUNTIME(712966,10):2026-01-15-10:28:52.561.406 [api_c.cc:1197]712966 rtMemcpy:ErrCode=107030, desc=[the current capture mode does not support this operation], InnerCode=0x703001c
[ERROR] RUNTIME(712966,10):2026-01-15-10:28:52.561.409 [error_message_manage.cc:53]712966 FuncErrorReason:report error module_type=3, module_name=EE8888
[ERROR] RUNTIME(712966,10):2026-01-15-10:28:52.561.412 [error_message_manage.cc:53]712966 FuncErrorReason:rtMemcpy execute failed, reason=[the current capture mode does not support this operation]
[ERROR] ASCENDCL(712966,10):2026-01-15-10:28:52.561.605 [memory.cpp:437]712966 aclrtMemcpyImpl: synchronized memcpy failed, kind = 1, runtime result = 107030
[ERROR] RUNTIME(712966,10):2026-01-15-10:28:52.637.724 [api_error.cc:1519]712966 MemCopySync:Memory copy sync failed, cnt=72, kind=1.
[ERROR] RUNTIME(712966,10):2026-01-15-10:28:52.637.731 [api_c.cc:1197]712966 rtMemcpy:ErrCode=107030, desc=[the current capture mode does not support this operation], InnerCode=0x703001c
[ERROR] RUNTIME(712966,10):2026-01-15-10:28:52.637.734 [error_message_manage.cc:53]712966 FuncErrorReason:report error module_type=3, module_name=EE8888
[ERROR] RUNTIME(712966,10):2026-01-15-10:28:52.637.736 [error_message_manage.cc:53]712966 FuncErrorReason:rtMemcpy execute failed, reason=[the current capture mode does not support this operation]
[ERROR] ASCENDCL(712966,10):2026-01-15-10:28:52.637.974 [memory.cpp:437]712966 aclrtMemcpyImpl: synchronized memcpy failed, kind = 1, runtime result = 107030
[ERROR] RUNTIME(712966,10):2026-01-15-10:28:52.722.324 [api_error.cc:1519]712966 MemCopySync:Memory copy sync failed, cnt=416, kind=1.
[ERROR] RUNTIME(712966,10):2026-01-15-10:28:52.722.332 [api_c.cc:1197]712966 rtMemcpy:ErrCode=107030, desc=[the current capture mode does not support this operation], InnerCode=0x703001c
[ERROR] RUNTIME(712966,10):2026-01-15-10:28:52.722.335 [error_message_manage.cc:53]712966 FuncErrorReason:report error module_type=3, module_name=EE8888
[ERROR] RUNTIME(712966,10):2026-01-15-10:28:52.722.337 [error_message_manage.cc:53]712966 FuncErrorReason:rtMemcpy execute failed, reason=[the current capture mode does not support this operation]
[ERROR] ASCENDCL(712966,10):2026-01-15-10:28:52.722.545 [memory.cpp:437]712966 aclrtMemcpyImpl: synchronized memcpy failed, kind = 1, runtime result = 107030
[ERROR] RUNTIME(712966,10):2026-01-15-10:28:52.793.486 [api_error.cc:1519]712966 MemCopySync:Memory copy sync failed, cnt=72, kind=1.
[ERROR] RUNTIME(712966,10):2026-01-15-10:28:52.793.494 [api_c.cc:1197]712966 rtMemcpy:ErrCode=107030, desc=[the current capture mode does not support this operation], InnerCode=0x703001c
[ERROR] RUNTIME(712966,10):2026-01-15-10:28:52.793.496 [error_message_manage.cc:53]712966 FuncErrorReason:report error module_type=3, module_name=EE8888
[ERROR] RUNTIME(712966,10):2026-01-15-10:28:52.793.499 [error_message_manage.cc:53]712966 FuncErrorReason:rtMemcpy execute failed, reason=[the current capture mode does not support this operation]
[ERROR] ASCENDCL(712966,10):2026-01-15-10:28:52.793.687 [memory.cpp:437]712966 aclrtMemcpyImpl: synchronized memcpy failed, kind = 1, runtime result = 107030
[ERROR] RUNTIME(712966,10):2026-01-15-10:28:52.855.871 [api_error.cc:1519]712966 MemCopySync:Memory copy sync failed, cnt=416, kind=1.
[ERROR] RUNTIME(712966,10):2026-01-15-10:28:52.855.879 [api_c.cc:1197]712966 rtMemcpy:ErrCode=107030, desc=[the current capture mode does not support this operation], InnerCode=0x703001c
[ERROR] RUNTIME(712966,10):2026-01-15-10:28:52.855.882 [error_message_manage.cc:53]712966 FuncErrorReason:report error module_type=3, module_name=EE8888
[ERROR] RUNTIME(712966,10):2026-01-15-10:28:52.855.885 [error_message_manage.cc:53]712966 FuncErrorReason:rtMemcpy execute failed, reason=[the current capture mode does not support this operation]
[ERROR] ASCENDCL(712966,10):2026-01-15-10:28:52.856.122 [memory.cpp:437]712966 aclrtMemcpyImpl: synchronized memcpy failed, kind = 1, runtime result = 107030
[ERROR] RUNTIME(712966,10):2026-01-15-10:28:52.914.908 [api_error.cc:1519]712966 MemCopySync:Memory copy sync failed, cnt=72, kind=1.
[ERROR] RUNTIME(712966,10):2026-01-15-10:28:52.914.916 [api_c.cc:1197]712966 rtMemcpy:ErrCode=107030, desc=[the current capture mode does not support this operation], InnerCode=0x703001c
[ERROR] RUNTIME(712966,10):2026-01-15-10:28:52.914.918 [error_message_manage.cc:53]712966 FuncErrorReason:report error module_type=3, module_name=EE8888
[ERROR] RUNTIME(712966,10):2026-01-15-10:28:52.914.921 [error_message_manage.cc:53]712966 FuncErrorReason:rtMemcpy execute failed, reason=[the current capture mode does not support this operation]
[ERROR] ASCENDCL(712966,10):2026-01-15-10:28:52.915.080 [memory.cpp:437]712966 aclrtMemcpyImpl: synchronized memcpy failed, kind = 1, runtime result = 107030
[ERROR] RUNTIME(712966,10):2026-01-15-10:28:52.978.014 [api_error.cc:1519]712966 MemCopySync:Memory copy sync failed, cnt=416, kind=1.
[ERROR] RUNTIME(712966,10):2026-01-15-10:28:52.978.022 [api_c.cc:1197]712966 rtMemcpy:ErrCode=107030, desc=[the current capture mode does not support this operation], InnerCode=0x703001c
[ERROR] RUNTIME(712966,10):2026-01-15-10:28:52.978.025 [error_message_manage.cc:53]712966 FuncErrorReason:report error module_type=3, module_name=EE8888
[ERROR] RUNTIME(712966,10):2026-01-15-10:28:52.978.028 [error_message_manage.cc:53]712966 FuncErrorReason:rtMemcpy execute failed, reason=[the current capture mode does not support this operation]
[ERROR] ASCENDCL(712966,10):2026-01-15-10:28:52.978.204 [memory.cpp:437]712966 aclrtMemcpyImpl: synchronized memcpy failed, kind = 1, runtime result = 107030
[ERROR] RUNTIME(712966,10):2026-01-15-10:28:53.046.438 [api_error.cc:1519]712966 MemCopySync:Memory copy sync failed, cnt=72, kind=1.
[ERROR] RUNTIME(712966,10):2026-01-15-10:28:53.046.446 [api_c.cc:1197]712966 rtMemcpy:ErrCode=107030, desc=[the current capture mode does not support this operation], InnerCode=0x703001c
[ERROR] RUNTIME(712966,10):2026-01-15-10:28:53.046.448 [error_message_manage.cc:53]712966 FuncErrorReason:report error module_type=3, module_name=EE8888
[ERROR] RUNTIME(712966,10):2026-01-15-10:28:53.046.451 [error_message_manage.cc:53]712966 FuncErrorReason:rtMemcpy execute failed, reason=[the current capture mode does not support this operation]
[ERROR] ASCENDCL(712966,10):2026-01-15-10:28:53.046.660 [memory.cpp:437]712966 aclrtMemcpyImpl: synchronized memcpy failed, kind = 1, runtime result = 107030
[ERROR] RUNTIME(712966,10):2026-01-15-10:28:53.126.440 [api_error.cc:1519]712966 MemCopySync:Memory copy sync failed, cnt=416, kind=1.
[ERROR] RUNTIME(712966,10):2026-01-15-10:28:53.126.449 [api_c.cc:1197]712966 rtMemcpy:ErrCode=107030, desc=[the current capture mode does not support this operation], InnerCode=0x703001c
[ERROR] RUNTIME(712966,10):2026-01-15-10:28:53.126.452 [error_message_manage.cc:53]712966 FuncErrorReason:report error module_type=3, module_name=EE8888
[ERROR] RUNTIME(712966,10):2026-01-15-10:28:53.126.455 [error_message_manage.cc:53]712966 FuncErrorReason:rtMemcpy execute failed, reason=[the current capture mode does not support this operation]
[ERROR] ASCENDCL(712966,10):2026-01-15-10:28:53.126.644 [memory.cpp:437]712966 aclrtMemcpyImpl: synchronized memcpy failed, kind = 1, runtime result = 107030
[ERROR] RUNTIME(712966,10):2026-01-15-10:28:53.205.702 [api_error.cc:1519]712966 MemCopySync:Memory copy sync failed, cnt=72, kind=1.
[ERROR] RUNTIME(712966,10):2026-01-15-10:28:53.205.711 [api_c.cc:1197]712966 rtMemcpy:ErrCode=107030, desc=[the current capture mode does not support this operation], InnerCode=0x703001c
[ERROR] RUNTIME(712966,10):2026-01-15-10:28:53.205.714 [error_message_manage.cc:53]712966 FuncErrorReason:report error module_type=3, module_name=EE8888
[ERROR] RUNTIME(712966,10):2026-01-15-10:28:53.205.716 [error_message_manage.cc:53]712966 FuncErrorReason:rtMemcpy execute failed, reason=[the current capture mode does not support this operation]
[ERROR] ASCENDCL(712966,10):2026-01-15-10:28:53.205.912 [memory.cpp:437]712966 aclrtMemcpyImpl: synchronized memcpy failed, kind = 1, runtime result = 107030
[ERROR] RUNTIME(712966,10):2026-01-15-10:28:53.284.543 [api_error.cc:1519]712966 MemCopySync:Memory copy sync failed, cnt=416, kind=1.
[ERROR] RUNTIME(712966,10):2026-01-15-10:28:53.284.552 [api_c.cc:1197]712966 rtMemcpy:ErrCode=107030, desc=[the current capture mode does not support this operation], InnerCode=0x703001c
[ERROR] RUNTIME(712966,10):2026-01-15-10:28:53.284.555 [error_message_manage.cc:53]712966 FuncErrorReason:report error module_type=3, module_name=EE8888
[ERROR] RUNTIME(712966,10):2026-01-15-10:28:53.284.557 [error_message_manage.cc:53]712966 FuncErrorReason:rtMemcpy execute failed, reason=[the current capture mode does not support this operation]
[ERROR] ASCENDCL(712966,10):2026-01-15-10:28:53.284.781 [memory.cpp:437]712966 aclrtMemcpyImpl: synchronized memcpy failed, kind = 1, runtime result = 107030
[ERROR] RUNTIME(712966,10):2026-01-15-10:28:53.357.122 [api_error.cc:1519]712966 MemCopySync:Memory copy sync failed, cnt=72, kind=1.
[ERROR] RUNTIME(712966,10):2026-01-15-10:28:53.357.129 [api_c.cc:1197]712966 rtMemcpy:ErrCode=107030, desc=[the current capture mode does not support this operation], InnerCode=0x703001c
[ERROR] RUNTIME(712966,10):2026-01-15-10:28:53.357.132 [error_message_manage.cc:53]712966 FuncErrorReason:report error module_type=3, module_name=EE8888
[ERROR] RUNTIME(712966,10):2026-01-15-10:28:53.357.134 [error_message_manage.cc:53]712966 FuncErrorReason:rtMemcpy execute failed, reason=[the current capture mode does not support this operation]
[ERROR] ASCENDCL(712966,10):2026-01-15-10:28:53.357.341 [memory.cpp:437]712966 aclrtMemcpyImpl: synchronized memcpy failed, kind = 1, runtime result = 107030
[ERROR] RUNTIME(712966,10):2026-01-15-10:28:53.433.346 [api_error.cc:1519]712966 MemCopySync:Memory copy sync failed, cnt=416, kind=1.
[ERROR] RUNTIME(712966,10):2026-01-15-10:28:53.433.354 [api_c.cc:1197]712966 rtMemcpy:ErrCode=107030, desc=[the current capture mode does not support this operation], InnerCode=0x703001c
[ERROR] RUNTIME(712966,10):2026-01-15-10:28:53.433.357 [error_message_manage.cc:53]712966 FuncErrorReason:report error module_type=3, module_name=EE8888
[ERROR] RUNTIME(712966,10):2026-01-15-10:28:53.433.360 [error_message_manage.cc:53]712966 FuncErrorReason:rtMemcpy execute failed, reason=[the current capture mode does not support this operation]
[ERROR] ASCENDCL(712966,10):2026-01-15-10:28:53.433.585 [memory.cpp:437]712966 aclrtMemcpyImpl: synchronized memcpy failed, kind = 1, runtime result = 107030
[ERROR] RUNTIME(712966,10):2026-01-15-10:28:53.504.715 [api_error.cc:1519]712966 MemCopySync:Memory copy sync failed, cnt=72, kind=1.
[ERROR] RUNTIME(712966,10):2026-01-15-10:28:53.504.722 [api_c.cc:1197]712966 rtMemcpy:ErrCode=107030, desc=[the current capture mode does not support this operation], InnerCode=0x703001c
[ERROR] RUNTIME(712966,10):2026-01-15-10:28:53.504.725 [error_message_manage.cc:53]712966 FuncErrorReason:report error module_type=3, module_name=EE8888
[ERROR] RUNTIME(712966,10):2026-01-15-10:28:53.504.728 [error_message_manage.cc:53]712966 FuncErrorReason:rtMemcpy execute failed, reason=[the current capture mode does not support this operation]
[ERROR] ASCENDCL(712966,10):2026-01-15-10:28:53.504.914 [memory.cpp:437]712966 aclrtMemcpyImpl: synchronized memcpy failed, kind = 1, runtime result = 107030
[ERROR] RUNTIME(712966,10):2026-01-15-10:28:53.572.143 [api_error.cc:1519]712966 MemCopySync:Memory copy sync failed, cnt=416, kind=1.
[ERROR] RUNTIME(712966,10):2026-01-15-10:28:53.572.152 [api_c.cc:1197]712966 rtMemcpy:ErrCode=107030, desc=[the current capture mode does not support this operation], InnerCode=0x703001c
[ERROR] RUNTIME(712966,10):2026-01-15-10:28:53.572.154 [error_message_manage.cc:53]712966 FuncErrorReason:report error module_type=3, module_name=EE8888
[ERROR] RUNTIME(712966,10):2026-01-15-10:28:53.572.157 [error_message_manage.cc:53]712966 FuncErrorReason:rtMemcpy execute failed, reason=[the current capture mode does not support this operation]
[ERROR] ASCENDCL(712966,10):2026-01-15-10:28:53.572.402 [memory.cpp:437]712966 aclrtMemcpyImpl: synchronized memcpy failed, kind = 1, runtime result = 107030
[ERROR] RUNTIME(712966,10):2026-01-15-10:28:53.638.602 [api_error.cc:1519]712966 MemCopySync:Memory copy sync failed, cnt=72, kind=1.
[ERROR] RUNTIME(712966,10):2026-01-15-10:28:53.638.610 [api_c.cc:1197]712966 rtMemcpy:ErrCode=107030, desc=[the current capture mode does not support this operation], InnerCode=0x703001c
[ERROR] RUNTIME(712966,10):2026-01-15-10:28:53.638.612 [error_message_manage.cc:53]712966 FuncErrorReason:report error module_type=3, module_name=EE8888
[ERROR] RUNTIME(712966,10):2026-01-15-10:28:53.638.615 [error_message_manage.cc:53]712966 FuncErrorReason:rtMemcpy execute failed, reason=[the current capture mode does not support this operation]
[ERROR] ASCENDCL(712966,10):2026-01-15-10:28:53.638.820 [memory.cpp:437]712966 aclrtMemcpyImpl: synchronized memcpy failed, kind = 1, runtime result = 107030
[ERROR] RUNTIME(712966,10):2026-01-15-10:28:53.710.406 [api_error.cc:1519]712966 MemCopySync:Memory copy sync failed, cnt=416, kind=1.
[ERROR] RUNTIME(712966,10):2026-01-15-10:28:53.710.414 [api_c.cc:1197]712966 rtMemcpy:ErrCode=107030, desc=[the current capture mode does not support this operation], InnerCode=0x703001c
[ERROR] RUNTIME(712966,10):2026-01-15-10:28:53.710.417 [error_message_manage.cc:53]712966 FuncErrorReason:report error module_type=3, module_name=EE8888
[ERROR] RUNTIME(712966,10):2026-01-15-10:28:53.710.420 [error_message_manage.cc:53]712966 FuncErrorReason:rtMemcpy execute failed, reason=[the current capture mode does not support this operation]
[ERROR] ASCENDCL(712966,10):2026-01-15-10:28:53.710.614 [memory.cpp:437]712966 aclrtMemcpyImpl: synchronized memcpy failed, kind = 1, runtime result = 107030
[ERROR] RUNTIME(712966,10):2026-01-15-10:28:53.778.482 [api_error.cc:1519]712966 MemCopySync:Memory copy sync failed, cnt=72, kind=1.
[ERROR] RUNTIME(712966,10):2026-01-15-10:28:53.778.490 [api_c.cc:1197]712966 rtMemcpy:ErrCode=107030, desc=[the current capture mode does not support this operation], InnerCode=0x703001c
[ERROR] RUNTIME(712966,10):2026-01-15-10:28:53.778.493 [error_message_manage.cc:53]712966 FuncErrorReason:report error module_type=3, module_name=EE8888
[ERROR] RUNTIME(712966,10):2026-01-15-10:28:53.778.495 [error_message_manage.cc:53]712966 FuncErrorReason:rtMemcpy execute failed, reason=[the current capture mode does not support this operation]
[ERROR] ASCENDCL(712966,10):2026-01-15-10:28:53.778.684 [memory.cpp:437]712966 aclrtMemcpyImpl: synchronized memcpy failed, kind = 1, runtime result = 107030
[ERROR] RUNTIME(712966,10):2026-01-15-10:28:53.848.508 [api_error.cc:1519]712966 MemCopySync:Memory copy sync failed, cnt=416, kind=1.
[ERROR] RUNTIME(712966,10):2026-01-15-10:28:53.848.516 [api_c.cc:1197]712966 rtMemcpy:ErrCode=107030, desc=[the current capture mode does not support this operation], InnerCode=0x703001c
[ERROR] RUNTIME(712966,10):2026-01-15-10:28:53.848.519 [error_message_manage.cc:53]712966 FuncErrorReason:report error module_type=3, module_name=EE8888
[ERROR] RUNTIME(712966,10):2026-01-15-10:28:53.848.522 [error_message_manage.cc:53]712966 FuncErrorReason:rtMemcpy execute failed, reason=[the current capture mode does not support this operation]
[ERROR] ASCENDCL(712966,10):2026-01-15-10:28:53.848.762 [memory.cpp:437]712966 aclrtMemcpyImpl: synchronized memcpy failed, kind = 1, runtime result = 107030
[ERROR] RUNTIME(712966,10):2026-01-15-10:28:53.920.740 [api_error.cc:1519]712966 MemCopySync:Memory copy sync failed, cnt=72, kind=1.
[ERROR] RUNTIME(712966,10):2026-01-15-10:28:53.920.748 [api_c.cc:1197]712966 rtMemcpy:ErrCode=107030, desc=[the current capture mode does not support this operation], InnerCode=0x703001c
[ERROR] RUNTIME(712966,10):2026-01-15-10:28:53.920.751 [error_message_manage.cc:53]712966 FuncErrorReason:report error module_type=3, module_name=EE8888
[ERROR] RUNTIME(712966,10):2026-01-15-10:28:53.920.754 [error_message_manage.cc:53]712966 FuncErrorReason:rtMemcpy execute failed, reason=[the current capture mode does not support this operation]
[ERROR] ASCENDCL(712966,10):2026-01-15-10:28:53.920.941 [memory.cpp:437]712966 aclrtMemcpyImpl: synchronized memcpy failed, kind = 1, runtime result = 107030
[ERROR] RUNTIME(712966,10):2026-01-15-10:28:53.989.198 [api_error.cc:1519]712966 MemCopySync:Memory copy sync failed, cnt=416, kind=1.
[ERROR] RUNTIME(712966,10):2026-01-15-10:28:53.989.206 [api_c.cc:1197]712966 rtMemcpy:ErrCode=107030, desc=[the current capture mode does not support this operation], InnerCode=0x703001c
[ERROR] RUNTIME(712966,10):2026-01-15-10:28:53.989.209 [error_message_manage.cc:53]712966 FuncErrorReason:report error module_type=3, module_name=EE8888
[ERROR] RUNTIME(712966,10):2026-01-15-10:28:53.989.212 [error_message_manage.cc:53]712966 FuncErrorReason:rtMemcpy execute failed, reason=[the current capture mode does not support this operation]
[ERROR] ASCENDCL(712966,10):2026-01-15-10:28:53.989.404 [memory.cpp:437]712966 aclrtMemcpyImpl: synchronized memcpy failed, kind = 1, runtime result = 107030
[ERROR] RUNTIME(712966,10):2026-01-15-10:28:54.058.827 [api_error.cc:1519]712966 MemCopySync:Memory copy sync failed, cnt=72, kind=1.
[ERROR] RUNTIME(712966,10):2026-01-15-10:28:54.058.835 [api_c.cc:1197]712966 rtMemcpy:ErrCode=107030, desc=[the current capture mode does not support this operation], InnerCode=0x703001c
[ERROR] RUNTIME(712966,10):2026-01-15-10:28:54.058.837 [error_message_manage.cc:53]712966 FuncErrorReason:report error module_type=3, module_name=EE8888
[ERROR] RUNTIME(712966,10):2026-01-15-10:28:54.058.840 [error_message_manage.cc:53]712966 FuncErrorReason:rtMemcpy execute failed, reason=[the current capture mode does not support this operation]
[ERROR] ASCENDCL(712966,10):2026-01-15-10:28:54.059.049 [memory.cpp:437]712966 aclrtMemcpyImpl: synchronized memcpy failed, kind = 1, runtime result = 107030
[ERROR] RUNTIME(712966,10):2026-01-15-10:28:54.130.329 [api_error.cc:1519]712966 MemCopySync:Memory copy sync failed, cnt=416, kind=1.
[ERROR] RUNTIME(712966,10):2026-01-15-10:28:54.130.337 [api_c.cc:1197]712966 rtMemcpy:ErrCode=107030, desc=[the current capture mode does not support this operation], InnerCode=0x703001c
[ERROR] RUNTIME(712966,10):2026-01-15-10:28:54.130.339 [error_message_manage.cc:53]712966 FuncErrorReason:report error module_type=3, module_name=EE8888
[ERROR] RUNTIME(712966,10):2026-01-15-10:28:54.130.342 [error_message_manage.cc:53]712966 FuncErrorReason:rtMemcpy execute failed, reason=[the current capture mode does not support this operation]
[ERROR] ASCENDCL(712966,10):2026-01-15-10:28:54.130.572 [memory.cpp:437]712966 aclrtMemcpyImpl: synchronized memcpy failed, kind = 1, runtime result = 107030
[ERROR] RUNTIME(712966,10):2026-01-15-10:28:54.199.974 [api_error.cc:1519]712966 MemCopySync:Memory copy sync failed, cnt=72, kind=1.
[ERROR] RUNTIME(712966,10):2026-01-15-10:28:54.199.982 [api_c.cc:1197]712966 rtMemcpy:ErrCode=107030, desc=[the current capture mode does not support this operation], InnerCode=0x703001c
[ERROR] RUNTIME(712966,10):2026-01-15-10:28:54.199.985 [error_message_manage.cc:53]712966 FuncErrorReason:report error module_type=3, module_name=EE8888
[ERROR] RUNTIME(712966,10):2026-01-15-10:28:54.199.988 [error_message_manage.cc:53]712966 FuncErrorReason:rtMemcpy execute failed, reason=[the current capture mode does not support this operation]
[ERROR] ASCENDCL(712966,10):2026-01-15-10:28:54.200.162 [memory.cpp:437]712966 aclrtMemcpyImpl: synchronized memcpy failed, kind = 1, runtime result = 107030
[ERROR] RUNTIME(712966,10):2026-01-15-10:28:54.269.427 [api_error.cc:1519]712966 MemCopySync:Memory copy sync failed, cnt=416, kind=1.
[ERROR] RUNTIME(712966,10):2026-01-15-10:28:54.269.435 [api_c.cc:1197]712966 rtMemcpy:ErrCode=107030, desc=[the current capture mode does not support this operation], InnerCode=0x703001c
[ERROR] RUNTIME(712966,10):2026-01-15-10:28:54.269.438 [error_message_manage.cc:53]712966 FuncErrorReason:report error module_type=3, module_name=EE8888
[ERROR] RUNTIME(712966,10):2026-01-15-10:28:54.269.441 [error_message_manage.cc:53]712966 FuncErrorReason:rtMemcpy execute failed, reason=[the current capture mode does not support this operation]
[ERROR] ASCENDCL(712966,10):2026-01-15-10:28:54.269.687 [memory.cpp:437]712966 aclrtMemcpyImpl: synchronized memcpy failed, kind = 1, runtime result = 107030
[ERROR] RUNTIME(712966,10):2026-01-15-10:28:54.337.475 [api_error.cc:1519]712966 MemCopySync:Memory copy sync failed, cnt=72, kind=1.
[ERROR] RUNTIME(712966,10):2026-01-15-10:28:54.337.483 [api_c.cc:1197]712966 rtMemcpy:ErrCode=107030, desc=[the current capture mode does not support this operation], InnerCode=0x703001c
[ERROR] RUNTIME(712966,10):2026-01-15-10:28:54.337.486 [error_message_manage.cc:53]712966 FuncErrorReason:report error module_type=3, module_name=EE8888
[ERROR] RUNTIME(712966,10):2026-01-15-10:28:54.337.488 [error_message_manage.cc:53]712966 FuncErrorReason:rtMemcpy execute failed, reason=[the current capture mode does not support this operation]
[ERROR] ASCENDCL(712966,10):2026-01-15-10:28:54.337.684 [memory.cpp:437]712966 aclrtMemcpyImpl: synchronized memcpy failed, kind = 1, runtime result = 107030
[ERROR] RUNTIME(712966,10):2026-01-15-10:28:54.408.178 [api_error.cc:1519]712966 MemCopySync:Memory copy sync failed, cnt=416, kind=1.
[ERROR] RUNTIME(712966,10):2026-01-15-10:28:54.408.187 [api_c.cc:1197]712966 rtMemcpy:ErrCode=107030, desc=[the current capture mode does not support this operation], InnerCode=0x703001c
[ERROR] RUNTIME(712966,10):2026-01-15-10:28:54.408.189 [error_message_manage.cc:53]712966 FuncErrorReason:report error module_type=3, module_name=EE8888
[ERROR] RUNTIME(712966,10):2026-01-15-10:28:54.408.192 [error_message_manage.cc:53]712966 FuncErrorReason:rtMemcpy execute failed, reason=[the current capture mode does not support this operation]
[ERROR] ASCENDCL(712966,10):2026-01-15-10:28:54.408.363 [memory.cpp:437]712966 aclrtMemcpyImpl: synchronized memcpy failed, kind = 1, runtime result = 107030
[ERROR] RUNTIME(712966,10):2026-01-15-10:28:54.474.626 [api_error.cc:1519]712966 MemCopySync:Memory copy sync failed, cnt=72, kind=1.
[ERROR] RUNTIME(712966,10):2026-01-15-10:28:54.474.634 [api_c.cc:1197]712966 rtMemcpy:ErrCode=107030, desc=[the current capture mode does not support this operation], InnerCode=0x703001c
[ERROR] RUNTIME(712966,10):2026-01-15-10:28:54.474.636 [error_message_manage.cc:53]712966 FuncErrorReason:report error module_type=3, module_name=EE8888
[ERROR] RUNTIME(712966,10):2026-01-15-10:28:54.474.639 [error_message_manage.cc:53]712966 FuncErrorReason:rtMemcpy execute failed, reason=[the current capture mode does not support this operation]
[ERROR] ASCENDCL(712966,10):2026-01-15-10:28:54.474.836 [memory.cpp:437]712966 aclrtMemcpyImpl: synchronized memcpy failed, kind = 1, runtime result = 107030
[ERROR] RUNTIME(712966,10):2026-01-15-10:28:54.688.764 [api_c_stream.cc:412]712966 rtsStreamSetAttribute:report error module_name=EE1001
[ERROR] RUNTIME(712966,10):2026-01-15-10:28:54.688.769 [api_c_stream.cc:412]712966 rtsStreamSetAttribute:Invalid stream attribute ID: 4, Supported stream attribute IDs: [1, 4).
[ERROR] RUNTIME(712966,10):2026-01-15-10:28:54.688.803 [api_c_stream.cc:416]712966 rtsStreamSetAttribute:ErrCode=107000, desc=[invalid value], InnerCode=0x7110001
[ERROR] RUNTIME(712966,10):2026-01-15-10:28:54.688.805 [error_message_manage.cc:48]712966 FuncErrorReason:report error module_name=EE1001
[ERROR] RUNTIME(712966,10):2026-01-15-10:28:54.688.808 [error_message_manage.cc:48]712966 FuncErrorReason:rtsStreamSetAttribute execute failed, reason=[invalid value]
[ERROR] ASCENDCL(712966,10):2026-01-15-10:28:54.689.018 [stream.cpp:299]712966 aclrtSetStreamAttributeImpl: call rtsStreamSetAttribute failed, runtime result = 107000
[ERROR] RUNTIME(712966,10):2026-01-15-10:28:55.206.631 [api_c_stream.cc:412]712966 rtsStreamSetAttribute:report error module_name=EE1001
[ERROR] RUNTIME(712966,10):2026-01-15-10:28:55.206.638 [api_c_stream.cc:412]712966 rtsStreamSetAttribute:Invalid stream attribute ID: 4, Supported stream attribute IDs: [1, 4).
[ERROR] RUNTIME(712966,10):2026-01-15-10:28:55.206.672 [api_c_stream.cc:416]712966 rtsStreamSetAttribute:ErrCode=107000, desc=[invalid value], InnerCode=0x7110001
[ERROR] RUNTIME(712966,10):2026-01-15-10:28:55.206.674 [error_message_manage.cc:48]712966 FuncErrorReason:report error module_name=EE1001
[ERROR] RUNTIME(712966,10):2026-01-15-10:28:55.206.677 [error_message_manage.cc:48]712966 FuncErrorReason:rtsStreamSetAttribute execute failed, reason=[invalid value]
[ERROR] ASCENDCL(712966,10):2026-01-15-10:28:55.206.804 [stream.cpp:299]712966 aclrtSetStreamAttributeImpl: call rtsStreamSetAttribute failed, runtime result = 107000
[ERROR] RUNTIME(712966,10):2026-01-15-10:28:55.691.819 [api_error.cc:1519]712966 MemCopySync:Memory copy sync failed, cnt=416, kind=1.
[ERROR] RUNTIME(712966,10):2026-01-15-10:28:55.691.829 [api_c.cc:1197]712966 rtMemcpy:ErrCode=107030, desc=[the current capture mode does not support this operation], InnerCode=0x703001c
[ERROR] RUNTIME(712966,10):2026-01-15-10:28:55.691.832 [error_message_manage.cc:53]712966 FuncErrorReason:report error module_type=3, module_name=EE8888
[ERROR] RUNTIME(712966,10):2026-01-15-10:28:55.691.835 [error_message_manage.cc:53]712966 FuncErrorReason:rtMemcpy execute failed, reason=[the current capture mode does not support this operation]
[ERROR] ASCENDCL(712966,10):2026-01-15-10:28:55.692.021 [memory.cpp:437]712966 aclrtMemcpyImpl: synchronized memcpy failed, kind = 1, runtime result = 107030
[ERROR] RUNTIME(712966,10):2026-01-15-10:28:55.693.133 [api_error.cc:1519]712966 MemCopySync:Memory copy sync failed, cnt=72, kind=1.
[ERROR] RUNTIME(712966,10):2026-01-15-10:28:55.693.142 [api_c.cc:1197]712966 rtMemcpy:ErrCode=107030, desc=[the current capture mode does not support this operation], InnerCode=0x703001c
[ERROR] RUNTIME(712966,10):2026-01-15-10:28:55.693.145 [error_message_manage.cc:53]712966 FuncErrorReason:report error module_type=3, module_name=EE8888
[ERROR] RUNTIME(712966,10):2026-01-15-10:28:55.693.148 [error_message_manage.cc:53]712966 FuncErrorReason:rtMemcpy execute failed, reason=[the current capture mode does not support this operation]
[ERROR] ASCENDCL(712966,10):2026-01-15-10:28:55.693.274 [memory.cpp:437]712966 aclrtMemcpyImpl: synchronized memcpy failed, kind = 1, runtime result = 107030
[ERROR] RUNTIME(712966,10):2026-01-15-10:28:56.459.859 [api_error.cc:1519]712966 MemCopySync:Memory copy sync failed, cnt=416, kind=1.
[ERROR] RUNTIME(712966,10):2026-01-15-10:28:56.459.869 [api_c.cc:1197]712966 rtMemcpy:ErrCode=107030, desc=[the current capture mode does not support this operation], InnerCode=0x703001c
[ERROR] RUNTIME(712966,10):2026-01-15-10:28:56.459.872 [error_message_manage.cc:53]712966 FuncErrorReason:report error module_type=3, module_name=EE8888
[ERROR] RUNTIME(712966,10):2026-01-15-10:28:56.459.875 [error_message_manage.cc:53]712966 FuncErrorReason:rtMemcpy execute failed, reason=[the current capture mode does not support this operation]
[ERROR] ASCENDCL(712966,10):2026-01-15-10:28:56.460.106 [memory.cpp:437]712966 aclrtMemcpyImpl: synchronized memcpy failed, kind = 1, runtime result = 107030
[ERROR] RUNTIME(712966,10):2026-01-15-10:28:57.229.830 [api_error.cc:1519]712966 MemCopySync:Memory copy sync failed, cnt=72, kind=1.
[ERROR] RUNTIME(712966,10):2026-01-15-10:28:57.229.841 [api_c.cc:1197]712966 rtMemcpy:ErrCode=107030, desc=[the current capture mode does not support this operation], InnerCode=0x703001c
[ERROR] RUNTIME(712966,10):2026-01-15-10:28:57.229.844 [error_message_manage.cc:53]712966 FuncErrorReason:report error module_type=3, module_name=EE8888
[ERROR] RUNTIME(712966,10):2026-01-15-10:28:57.229.848 [error_message_manage.cc:53]712966 FuncErrorReason:rtMemcpy execute failed, reason=[the current capture mode does not support this operation]
[ERROR] ASCENDCL(712966,10):2026-01-15-10:28:57.230.095 [memory.cpp:437]712966 aclrtMemcpyImpl: synchronized memcpy failed, kind = 1, runtime result = 107030
[ERROR] RUNTIME(712966,10):2026-01-15-10:28:57.992.167 [api_error.cc:1519]712966 MemCopySync:Memory copy sync failed, cnt=416, kind=1.
[ERROR] RUNTIME(712966,10):2026-01-15-10:28:57.992.177 [api_c.cc:1197]712966 rtMemcpy:ErrCode=107030, desc=[the current capture mode does not support this operation], InnerCode=0x703001c
[ERROR] RUNTIME(712966,10):2026-01-15-10:28:57.992.180 [error_message_manage.cc:53]712966 FuncErrorReason:report error module_type=3, module_name=EE8888
[ERROR] RUNTIME(712966,10):2026-01-15-10:28:57.992.183 [error_message_manage.cc:53]712966 FuncErrorReason:rtMemcpy execute failed, reason=[the current capture mode does not support this operation]
[ERROR] ASCENDCL(712966,10):2026-01-15-10:28:57.992.425 [memory.cpp:437]712966 aclrtMemcpyImpl: synchronized memcpy failed, kind = 1, runtime result = 107030
[ERROR] RUNTIME(712966,10):2026-01-15-10:28:58.740.585 [api_error.cc:1519]712966 MemCopySync:Memory copy sync failed, cnt=72, kind=1.
[ERROR] RUNTIME(712966,10):2026-01-15-10:28:58.740.595 [api_c.cc:1197]712966 rtMemcpy:ErrCode=107030, desc=[the current capture mode does not support this operation], InnerCode=0x703001c
[ERROR] RUNTIME(712966,10):2026-01-15-10:28:58.740.598 [error_message_manage.cc:53]712966 FuncErrorReason:report error module_type=3, module_name=EE8888
[ERROR] RUNTIME(712966,10):2026-01-15-10:28:58.740.601 [error_message_manage.cc:53]712966 FuncErrorReason:rtMemcpy execute failed, reason=[the current capture mode does not support this operation]
[ERROR] ASCENDCL(712966,10):2026-01-15-10:28:58.740.863 [memory.cpp:437]712966 aclrtMemcpyImpl: synchronized memcpy failed, kind = 1, runtime result = 107030
[ERROR] RUNTIME(712966,10):2026-01-15-10:28:59.504.032 [api_error.cc:1519]712966 MemCopySync:Memory copy sync failed, cnt=416, kind=1.
[ERROR] RUNTIME(712966,10):2026-01-15-10:28:59.504.041 [api_c.cc:1197]712966 rtMemcpy:ErrCode=107030, desc=[the current capture mode does not support this operation], InnerCode=0x703001c
[ERROR] RUNTIME(712966,10):2026-01-15-10:28:59.504.045 [error_message_manage.cc:53]712966 FuncErrorReason:report error module_type=3, module_name=EE8888
[ERROR] RUNTIME(712966,10):2026-01-15-10:28:59.504.048 [error_message_manage.cc:53]712966 FuncErrorReason:rtMemcpy execute failed, reason=[the current capture mode does not support this operation]
[ERROR] ASCENDCL(712966,10):2026-01-15-10:28:59.504.283 [memory.cpp:437]712966 aclrtMemcpyImpl: synchronized memcpy failed, kind = 1, runtime result = 107030
[ERROR] RUNTIME(712966,10):2026-01-15-10:29:00.282.123 [api_error.cc:1519]712966 MemCopySync:Memory copy sync failed, cnt=72, kind=1.
[ERROR] RUNTIME(712966,10):2026-01-15-10:29:00.282.132 [api_c.cc:1197]712966 rtMemcpy:ErrCode=107030, desc=[the current capture mode does not support this operation], InnerCode=0x703001c
[ERROR] RUNTIME(712966,10):2026-01-15-10:29:00.282.135 [error_message_manage.cc:53]712966 FuncErrorReason:report error module_type=3, module_name=EE8888
[ERROR] RUNTIME(712966,10):2026-01-15-10:29:00.282.138 [error_message_manage.cc:53]712966 FuncErrorReason:rtMemcpy execute failed, reason=[the current capture mode does not support this operation]
[ERROR] ASCENDCL(712966,10):2026-01-15-10:29:00.282.355 [memory.cpp:437]712966 aclrtMemcpyImpl: synchronized memcpy failed, kind = 1, runtime result = 107030
[ERROR] RUNTIME(712966,10):2026-01-15-10:29:00.357.502 [api_error.cc:1519]712966 MemCopySync:Memory copy sync failed, cnt=416, kind=1.
[ERROR] RUNTIME(712966,10):2026-01-15-10:29:00.357.511 [api_c.cc:1197]712966 rtMemcpy:ErrCode=107030, desc=[the current capture mode does not support this operation], InnerCode=0x703001c
[ERROR] RUNTIME(712966,10):2026-01-15-10:29:00.357.514 [error_message_manage.cc:53]712966 FuncErrorReason:report error module_type=3, module_name=EE8888
[ERROR] RUNTIME(712966,10):2026-01-15-10:29:00.357.517 [error_message_manage.cc:53]712966 FuncErrorReason:rtMemcpy execute failed, reason=[the current capture mode does not support this operation]
[ERROR] ASCENDCL(712966,10):2026-01-15-10:29:00.357.725 [memory.cpp:437]712966 aclrtMemcpyImpl: synchronized memcpy failed, kind = 1, runtime result = 107030
[ERROR] RUNTIME(712966,10):2026-01-15-10:29:00.419.162 [api_error.cc:1519]712966 MemCopySync:Memory copy sync failed, cnt=72, kind=1.
[ERROR] RUNTIME(712966,10):2026-01-15-10:29:00.419.170 [api_c.cc:1197]712966 rtMemcpy:ErrCode=107030, desc=[the current capture mode does not support this operation], InnerCode=0x703001c
[ERROR] RUNTIME(712966,10):2026-01-15-10:29:00.419.172 [error_message_manage.cc:53]712966 FuncErrorReason:report error module_type=3, module_name=EE8888
[ERROR] RUNTIME(712966,10):2026-01-15-10:29:00.419.175 [error_message_manage.cc:53]712966 FuncErrorReason:rtMemcpy execute failed, reason=[the current capture mode does not support this operation]
[ERROR] ASCENDCL(712966,10):2026-01-15-10:29:00.419.356 [memory.cpp:437]712966 aclrtMemcpyImpl: synchronized memcpy failed, kind = 1, runtime result = 107030
[ERROR] RUNTIME(712966,10):2026-01-15-10:29:00.474.594 [api_error.cc:1519]712966 MemCopySync:Memory copy sync failed, cnt=416, kind=1.
[ERROR] RUNTIME(712966,10):2026-01-15-10:29:00.474.602 [api_c.cc:1197]712966 rtMemcpy:ErrCode=107030, desc=[the current capture mode does not support this operation], InnerCode=0x703001c
[ERROR] RUNTIME(712966,10):2026-01-15-10:29:00.474.605 [error_message_manage.cc:53]712966 FuncErrorReason:report error module_type=3, module_name=EE8888
[ERROR] RUNTIME(712966,10):2026-01-15-10:29:00.474.608 [error_message_manage.cc:53]712966 FuncErrorReason:rtMemcpy execute failed, reason=[the current capture mode does not support this operation]
[ERROR] ASCENDCL(712966,10):2026-01-15-10:29:00.474.838 [memory.cpp:437]712966 aclrtMemcpyImpl: synchronized memcpy failed, kind = 1, runtime result = 107030
[ERROR] RUNTIME(712966,10):2026-01-15-10:29:00.534.858 [api_error.cc:1519]712966 MemCopySync:Memory copy sync failed, cnt=72, kind=1.
[ERROR] RUNTIME(712966,10):2026-01-15-10:29:00.534.865 [api_c.cc:1197]712966 rtMemcpy:ErrCode=107030, desc=[the current capture mode does not support this operation], InnerCode=0x703001c
[ERROR] RUNTIME(712966,10):2026-01-15-10:29:00.534.868 [error_message_manage.cc:53]712966 FuncErrorReason:report error module_type=3, module_name=EE8888
[ERROR] RUNTIME(712966,10):2026-01-15-10:29:00.534.871 [error_message_manage.cc:53]712966 FuncErrorReason:rtMemcpy execute failed, reason=[the current capture mode does not support this operation]
[ERROR] ASCENDCL(712966,10):2026-01-15-10:29:00.535.044 [memory.cpp:437]712966 aclrtMemcpyImpl: synchronized memcpy failed, kind = 1, runtime result = 107030
[ERROR] RUNTIME(712966,10):2026-01-15-10:29:00.605.927 [api_error.cc:1519]712966 MemCopySync:Memory copy sync failed, cnt=416, kind=1.
[ERROR] RUNTIME(712966,10):2026-01-15-10:29:00.605.935 [api_c.cc:1197]712966 rtMemcpy:ErrCode=107030, desc=[the current capture mode does not support this operation], InnerCode=0x703001c
[ERROR] RUNTIME(712966,10):2026-01-15-10:29:00.605.938 [error_message_manage.cc:53]712966 FuncErrorReason:report error module_type=3, module_name=EE8888
[ERROR] RUNTIME(712966,10):2026-01-15-10:29:00.605.940 [error_message_manage.cc:53]712966 FuncErrorReason:rtMemcpy execute failed, reason=[the current capture mode does not support this operation]
[ERROR] ASCENDCL(712966,10):2026-01-15-10:29:00.606.103 [memory.cpp:437]712966 aclrtMemcpyImpl: synchronized memcpy failed, kind = 1, runtime result = 107030
[ERROR] RUNTIME(712966,10):2026-01-15-10:29:00.683.825 [api_error.cc:1519]712966 MemCopySync:Memory copy sync failed, cnt=72, kind=1.
[ERROR] RUNTIME(712966,10):2026-01-15-10:29:00.683.833 [api_c.cc:1197]712966 rtMemcpy:ErrCode=107030, desc=[the current capture mode does not support this operation], InnerCode=0x703001c
[ERROR] RUNTIME(712966,10):2026-01-15-10:29:00.683.835 [error_message_manage.cc:53]712966 FuncErrorReason:report error module_type=3, module_name=EE8888
[ERROR] RUNTIME(712966,10):2026-01-15-10:29:00.683.838 [error_message_manage.cc:53]712966 FuncErrorReason:rtMemcpy execute failed, reason=[the current capture mode does not support this operation]
[ERROR] ASCENDCL(712966,10):2026-01-15-10:29:00.684.032 [memory.cpp:437]712966 aclrtMemcpyImpl: synchronized memcpy failed, kind = 1, runtime result = 107030
[ERROR] RUNTIME(712966,10):2026-01-15-10:29:00.769.618 [api_error.cc:1519]712966 MemCopySync:Memory copy sync failed, cnt=416, kind=1.
[ERROR] RUNTIME(712966,10):2026-01-15-10:29:00.769.626 [api_c.cc:1197]712966 rtMemcpy:ErrCode=107030, desc=[the current capture mode does not support this operation], InnerCode=0x703001c
[ERROR] RUNTIME(712966,10):2026-01-15-10:29:00.769.629 [error_message_manage.cc:53]712966 FuncErrorReason:report error module_type=3, module_name=EE8888
[ERROR] RUNTIME(712966,10):2026-01-15-10:29:00.769.632 [error_message_manage.cc:53]712966 FuncErrorReason:rtMemcpy execute failed, reason=[the current capture mode does not support this operation]
[ERROR] ASCENDCL(712966,10):2026-01-15-10:29:00.769.811 [memory.cpp:437]712966 aclrtMemcpyImpl: synchronized memcpy failed, kind = 1, runtime result = 107030
[ERROR] RUNTIME(712966,10):2026-01-15-10:29:00.851.431 [api_error.cc:1519]712966 MemCopySync:Memory copy sync failed, cnt=72, kind=1.
[ERROR] RUNTIME(712966,10):2026-01-15-10:29:00.851.439 [api_c.cc:1197]712966 rtMemcpy:ErrCode=107030, desc=[the current capture mode does not support this operation], InnerCode=0x703001c
[ERROR] RUNTIME(712966,10):2026-01-15-10:29:00.851.442 [error_message_manage.cc:53]712966 FuncErrorReason:report error module_type=3, module_name=EE8888
[ERROR] RUNTIME(712966,10):2026-01-15-10:29:00.851.445 [error_message_manage.cc:53]712966 FuncErrorReason:rtMemcpy execute failed, reason=[the current capture mode does not support this operation]
[ERROR] ASCENDCL(712966,10):2026-01-15-10:29:00.851.687 [memory.cpp:437]712966 aclrtMemcpyImpl: synchronized memcpy failed, kind = 1, runtime result = 107030
[ERROR] RUNTIME(712966,10):2026-01-15-10:29:00.934.503 [api_error.cc:1519]712966 MemCopySync:Memory copy sync failed, cnt=416, kind=1.
[ERROR] RUNTIME(712966,10):2026-01-15-10:29:00.934.511 [api_c.cc:1197]712966 rtMemcpy:ErrCode=107030, desc=[the current capture mode does not support this operation], InnerCode=0x703001c
[ERROR] RUNTIME(712966,10):2026-01-15-10:29:00.934.514 [error_message_manage.cc:53]712966 FuncErrorReason:report error module_type=3, module_name=EE8888
[ERROR] RUNTIME(712966,10):2026-01-15-10:29:00.934.517 [error_message_manage.cc:53]712966 FuncErrorReason:rtMemcpy execute failed, reason=[the current capture mode does not support this operation]
[ERROR] ASCENDCL(712966,10):2026-01-15-10:29:00.934.704 [memory.cpp:437]712966 aclrtMemcpyImpl: synchronized memcpy failed, kind = 1, runtime result = 107030
[ERROR] RUNTIME(712966,10):2026-01-15-10:29:01.016.671 [api_error.cc:1519]712966 MemCopySync:Memory copy sync failed, cnt=72, kind=1.
[ERROR] RUNTIME(712966,10):2026-01-15-10:29:01.016.679 [api_c.cc:1197]712966 rtMemcpy:ErrCode=107030, desc=[the current capture mode does not support this operation], InnerCode=0x703001c
[ERROR] RUNTIME(712966,10):2026-01-15-10:29:01.016.682 [error_message_manage.cc:53]712966 FuncErrorReason:report error module_type=3, module_name=EE8888
[ERROR] RUNTIME(712966,10):2026-01-15-10:29:01.016.684 [error_message_manage.cc:53]712966 FuncErrorReason:rtMemcpy execute failed, reason=[the current capture mode does not support this operation]
[ERROR] ASCENDCL(712966,10):2026-01-15-10:29:01.016.857 [memory.cpp:437]712966 aclrtMemcpyImpl: synchronized memcpy failed, kind = 1, runtime result = 107030
[ERROR] RUNTIME(712966,10):2026-01-15-10:29:01.101.855 [api_error.cc:1519]712966 MemCopySync:Memory copy sync failed, cnt=416, kind=1.
[ERROR] RUNTIME(712966,10):2026-01-15-10:29:01.101.863 [api_c.cc:1197]712966 rtMemcpy:ErrCode=107030, desc=[the current capture mode does not support this operation], InnerCode=0x703001c
[ERROR] RUNTIME(712966,10):2026-01-15-10:29:01.101.866 [error_message_manage.cc:53]712966 FuncErrorReason:report error module_type=3, module_name=EE8888
[ERROR] RUNTIME(712966,10):2026-01-15-10:29:01.101.869 [error_message_manage.cc:53]712966 FuncErrorReason:rtMemcpy execute failed, reason=[the current capture mode does not support this operation]
[ERROR] ASCENDCL(712966,10):2026-01-15-10:29:01.102.092 [memory.cpp:437]712966 aclrtMemcpyImpl: synchronized memcpy failed, kind = 1, runtime result = 107030
[ERROR] RUNTIME(712966,10):2026-01-15-10:29:01.184.525 [api_error.cc:1519]712966 MemCopySync:Memory copy sync failed, cnt=72, kind=1.
[ERROR] RUNTIME(712966,10):2026-01-15-10:29:01.184.533 [api_c.cc:1197]712966 rtMemcpy:ErrCode=107030, desc=[the current capture mode does not support this operation], InnerCode=0x703001c
[ERROR] RUNTIME(712966,10):2026-01-15-10:29:01.184.535 [error_message_manage.cc:53]712966 FuncErrorReason:report error module_type=3, module_name=EE8888
[ERROR] RUNTIME(712966,10):2026-01-15-10:29:01.184.538 [error_message_manage.cc:53]712966 FuncErrorReason:rtMemcpy execute failed, reason=[the current capture mode does not support this operation]
[ERROR] ASCENDCL(712966,10):2026-01-15-10:29:01.184.707 [memory.cpp:437]712966 aclrtMemcpyImpl: synchronized memcpy failed, kind = 1, runtime result = 107030
[ERROR] RUNTIME(712966,10):2026-01-15-10:29:01.267.201 [api_error.cc:1519]712966 MemCopySync:Memory copy sync failed, cnt=416, kind=1.
[ERROR] RUNTIME(712966,10):2026-01-15-10:29:01.267.210 [api_c.cc:1197]712966 rtMemcpy:ErrCode=107030, desc=[the current capture mode does not support this operation], InnerCode=0x703001c
[ERROR] RUNTIME(712966,10):2026-01-15-10:29:01.267.213 [error_message_manage.cc:53]712966 FuncErrorReason:report error module_type=3, module_name=EE8888
[ERROR] RUNTIME(712966,10):2026-01-15-10:29:01.267.216 [error_message_manage.cc:53]712966 FuncErrorReason:rtMemcpy execute failed, reason=[the current capture mode does not support this operation]
[ERROR] ASCENDCL(712966,10):2026-01-15-10:29:01.267.443 [memory.cpp:437]712966 aclrtMemcpyImpl: synchronized memcpy failed, kind = 1, runtime result = 107030
[ERROR] RUNTIME(712966,10):2026-01-15-10:29:01.348.930 [api_error.cc:1519]712966 MemCopySync:Memory copy sync failed, cnt=72, kind=1.
[ERROR] RUNTIME(712966,10):2026-01-15-10:29:01.348.939 [api_c.cc:1197]712966 rtMemcpy:ErrCode=107030, desc=[the current capture mode does not support this operation], InnerCode=0x703001c
[ERROR] RUNTIME(712966,10):2026-01-15-10:29:01.348.941 [error_message_manage.cc:53]712966 FuncErrorReason:report error module_type=3, module_name=EE8888
[ERROR] RUNTIME(712966,10):2026-01-15-10:29:01.348.944 [error_message_manage.cc:53]712966 FuncErrorReason:rtMemcpy execute failed, reason=[the current capture mode does not support this operation]
[ERROR] ASCENDCL(712966,10):2026-01-15-10:29:01.349.138 [memory.cpp:437]712966 aclrtMemcpyImpl: synchronized memcpy failed, kind = 1, runtime result = 107030
[ERROR] RUNTIME(712966,10):2026-01-15-10:29:01.432.763 [api_error.cc:1519]712966 MemCopySync:Memory copy sync failed, cnt=416, kind=1.
[ERROR] RUNTIME(712966,10):2026-01-15-10:29:01.432.772 [api_c.cc:1197]712966 rtMemcpy:ErrCode=107030, desc=[the current capture mode does not support this operation], InnerCode=0x703001c
[ERROR] RUNTIME(712966,10):2026-01-15-10:29:01.432.775 [error_message_manage.cc:53]712966 FuncErrorReason:report error module_type=3, module_name=EE8888
[ERROR] RUNTIME(712966,10):2026-01-15-10:29:01.432.777 [error_message_manage.cc:53]712966 FuncErrorReason:rtMemcpy execute failed, reason=[the current capture mode does not support this operation]
[ERROR] ASCENDCL(712966,10):2026-01-15-10:29:01.432.945 [memory.cpp:437]712966 aclrtMemcpyImpl: synchronized memcpy failed, kind = 1, runtime result = 107030
[ERROR] RUNTIME(712966,10):2026-01-15-10:29:01.513.407 [api_error.cc:1519]712966 MemCopySync:Memory copy sync failed, cnt=72, kind=1.
[ERROR] RUNTIME(712966,10):2026-01-15-10:29:01.513.415 [api_c.cc:1197]712966 rtMemcpy:ErrCode=107030, desc=[the current capture mode does not support this operation], InnerCode=0x703001c
[ERROR] RUNTIME(712966,10):2026-01-15-10:29:01.513.417 [error_message_manage.cc:53]712966 FuncErrorReason:report error module_type=3, module_name=EE8888
[ERROR] RUNTIME(712966,10):2026-01-15-10:29:01.513.420 [error_message_manage.cc:53]712966 FuncErrorReason:rtMemcpy execute failed, reason=[the current capture mode does not support this operation]
[ERROR] ASCENDCL(712966,10):2026-01-15-10:29:01.513.618 [memory.cpp:437]712966 aclrtMemcpyImpl: synchronized memcpy failed, kind = 1, runtime result = 107030
[ERROR] RUNTIME(712966,10):2026-01-15-10:29:01.593.845 [api_error.cc:1519]712966 MemCopySync:Memory copy sync failed, cnt=416, kind=1.
[ERROR] RUNTIME(712966,10):2026-01-15-10:29:01.593.853 [api_c.cc:1197]712966 rtMemcpy:ErrCode=107030, desc=[the current capture mode does not support this operation], InnerCode=0x703001c
[ERROR] RUNTIME(712966,10):2026-01-15-10:29:01.593.856 [error_message_manage.cc:53]712966 FuncErrorReason:report error module_type=3, module_name=EE8888
[ERROR] RUNTIME(712966,10):2026-01-15-10:29:01.593.859 [error_message_manage.cc:53]712966 FuncErrorReason:rtMemcpy execute failed, reason=[the current capture mode does not support this operation]
[ERROR] ASCENDCL(712966,10):2026-01-15-10:29:01.594.034 [memory.cpp:437]712966 aclrtMemcpyImpl: synchronized memcpy failed, kind = 1, runtime result = 107030
[ERROR] RUNTIME(712966,10):2026-01-15-10:29:01.674.547 [api_error.cc:1519]712966 MemCopySync:Memory copy sync failed, cnt=72, kind=1.
[ERROR] RUNTIME(712966,10):2026-01-15-10:29:01.674.555 [api_c.cc:1197]712966 rtMemcpy:ErrCode=107030, desc=[the current capture mode does not support this operation], InnerCode=0x703001c
[ERROR] RUNTIME(712966,10):2026-01-15-10:29:01.674.558 [error_message_manage.cc:53]712966 FuncErrorReason:report error module_type=3, module_name=EE8888
[ERROR] RUNTIME(712966,10):2026-01-15-10:29:01.674.561 [error_message_manage.cc:53]712966 FuncErrorReason:rtMemcpy execute failed, reason=[the current capture mode does not support this operation]
[ERROR] ASCENDCL(712966,10):2026-01-15-10:29:01.674.762 [memory.cpp:437]712966 aclrtMemcpyImpl: synchronized memcpy failed, kind = 1, runtime result = 107030
[ERROR] RUNTIME(712966,10):2026-01-15-10:29:01.751.754 [api_error.cc:1519]712966 MemCopySync:Memory copy sync failed, cnt=416, kind=1.
[ERROR] RUNTIME(712966,10):2026-01-15-10:29:01.751.762 [api_c.cc:1197]712966 rtMemcpy:ErrCode=107030, desc=[the current capture mode does not support this operation], InnerCode=0x703001c
[ERROR] RUNTIME(712966,10):2026-01-15-10:29:01.751.765 [error_message_manage.cc:53]712966 FuncErrorReason:report error module_type=3, module_name=EE8888
[ERROR] RUNTIME(712966,10):2026-01-15-10:29:01.751.768 [error_message_manage.cc:53]712966 FuncErrorReason:rtMemcpy execute failed, reason=[the current capture mode does not support this operation]
[ERROR] ASCENDCL(712966,10):2026-01-15-10:29:01.751.942 [memory.cpp:437]712966 aclrtMemcpyImpl: synchronized memcpy failed, kind = 1, runtime result = 107030
[ERROR] RUNTIME(712966,10):2026-01-15-10:29:01.825.050 [api_error.cc:1519]712966 MemCopySync:Memory copy sync failed, cnt=72, kind=1.
[ERROR] RUNTIME(712966,10):2026-01-15-10:29:01.825.059 [api_c.cc:1197]712966 rtMemcpy:ErrCode=107030, desc=[the current capture mode does not support this operation], InnerCode=0x703001c
[ERROR] RUNTIME(712966,10):2026-01-15-10:29:01.825.061 [error_message_manage.cc:53]712966 FuncErrorReason:report error module_type=3, module_name=EE8888
[ERROR] RUNTIME(712966,10):2026-01-15-10:29:01.825.064 [error_message_manage.cc:53]712966 FuncErrorReason:rtMemcpy execute failed, reason=[the current capture mode does not support this operation]
[ERROR] ASCENDCL(712966,10):2026-01-15-10:29:01.825.217 [memory.cpp:437]712966 aclrtMemcpyImpl: synchronized memcpy failed, kind = 1, runtime result = 107030
[ERROR] RUNTIME(712966,10):2026-01-15-10:29:01.890.572 [api_error.cc:1519]712966 MemCopySync:Memory copy sync failed, cnt=416, kind=1.
[ERROR] RUNTIME(712966,10):2026-01-15-10:29:01.890.581 [api_c.cc:1197]712966 rtMemcpy:ErrCode=107030, desc=[the current capture mode does not support this operation], InnerCode=0x703001c
[ERROR] RUNTIME(712966,10):2026-01-15-10:29:01.890.583 [error_message_manage.cc:53]712966 FuncErrorReason:report error module_type=3, module_name=EE8888
[ERROR] RUNTIME(712966,10):2026-01-15-10:29:01.890.586 [error_message_manage.cc:53]712966 FuncErrorReason:rtMemcpy execute failed, reason=[the current capture mode does not support this operation]
[ERROR] ASCENDCL(712966,10):2026-01-15-10:29:01.890.797 [memory.cpp:437]712966 aclrtMemcpyImpl: synchronized memcpy failed, kind = 1, runtime result = 107030
[ERROR] RUNTIME(712966,10):2026-01-15-10:29:01.966.296 [api_error.cc:1519]712966 MemCopySync:Memory copy sync failed, cnt=72, kind=1.
[ERROR] RUNTIME(712966,10):2026-01-15-10:29:01.966.304 [api_c.cc:1197]712966 rtMemcpy:ErrCode=107030, desc=[the current capture mode does not support this operation], InnerCode=0x703001c
[ERROR] RUNTIME(712966,10):2026-01-15-10:29:01.966.306 [error_message_manage.cc:53]712966 FuncErrorReason:report error module_type=3, module_name=EE8888
[ERROR] RUNTIME(712966,10):2026-01-15-10:29:01.966.309 [error_message_manage.cc:53]712966 FuncErrorReason:rtMemcpy execute failed, reason=[the current capture mode does not support this operation]
[ERROR] ASCENDCL(712966,10):2026-01-15-10:29:01.966.483 [memory.cpp:437]712966 aclrtMemcpyImpl: synchronized memcpy failed, kind = 1, runtime result = 107030
[ERROR] RUNTIME(712966,10):2026-01-15-10:29:02.043.132 [api_error.cc:1519]712966 MemCopySync:Memory copy sync failed, cnt=416, kind=1.
[ERROR] RUNTIME(712966,10):2026-01-15-10:29:02.043.140 [api_c.cc:1197]712966 rtMemcpy:ErrCode=107030, desc=[the current capture mode does not support this operation], InnerCode=0x703001c
[ERROR] RUNTIME(712966,10):2026-01-15-10:29:02.043.143 [error_message_manage.cc:53]712966 FuncErrorReason:report error module_type=3, module_name=EE8888
[ERROR] RUNTIME(712966,10):2026-01-15-10:29:02.043.146 [error_message_manage.cc:53]712966 FuncErrorReason:rtMemcpy execute failed, reason=[the current capture mode does not support this operation]
[ERROR] ASCENDCL(712966,10):2026-01-15-10:29:02.043.302 [memory.cpp:437]712966 aclrtMemcpyImpl: synchronized memcpy failed, kind = 1, runtime result = 107030
[ERROR] RUNTIME(712966,10):2026-01-15-10:29:02.116.648 [api_error.cc:1519]712966 MemCopySync:Memory copy sync failed, cnt=72, kind=1.
[ERROR] RUNTIME(712966,10):2026-01-15-10:29:02.116.656 [api_c.cc:1197]712966 rtMemcpy:ErrCode=107030, desc=[the current capture mode does not support this operation], InnerCode=0x703001c
[ERROR] RUNTIME(712966,10):2026-01-15-10:29:02.116.658 [error_message_manage.cc:53]712966 FuncErrorReason:report error module_type=3, module_name=EE8888
[ERROR] RUNTIME(712966,10):2026-01-15-10:29:02.116.661 [error_message_manage.cc:53]712966 FuncErrorReason:rtMemcpy execute failed, reason=[the current capture mode does not support this operation]
[ERROR] ASCENDCL(712966,10):2026-01-15-10:29:02.116.860 [memory.cpp:437]712966 aclrtMemcpyImpl: synchronized memcpy failed, kind = 1, runtime result = 107030
[ERROR] RUNTIME(712966,10):2026-01-15-10:29:02.190.852 [api_error.cc:1519]712966 MemCopySync:Memory copy sync failed, cnt=416, kind=1.
[ERROR] RUNTIME(712966,10):2026-01-15-10:29:02.190.861 [api_c.cc:1197]712966 rtMemcpy:ErrCode=107030, desc=[the current capture mode does not support this operation], InnerCode=0x703001c
[ERROR] RUNTIME(712966,10):2026-01-15-10:29:02.190.864 [error_message_manage.cc:53]712966 FuncErrorReason:report error module_type=3, module_name=EE8888
[ERROR] RUNTIME(712966,10):2026-01-15-10:29:02.190.867 [error_message_manage.cc:53]712966 FuncErrorReason:rtMemcpy execute failed, reason=[the current capture mode does not support this operation]
[ERROR] ASCENDCL(712966,10):2026-01-15-10:29:02.191.041 [memory.cpp:437]712966 aclrtMemcpyImpl: synchronized memcpy failed, kind = 1, runtime result = 107030
[ERROR] RUNTIME(712966,10):2026-01-15-10:29:02.268.944 [api_error.cc:1519]712966 MemCopySync:Memory copy sync failed, cnt=72, kind=1.
[ERROR] RUNTIME(712966,10):2026-01-15-10:29:02.268.952 [api_c.cc:1197]712966 rtMemcpy:ErrCode=107030, desc=[the current capture mode does not support this operation], InnerCode=0x703001c
[ERROR] RUNTIME(712966,10):2026-01-15-10:29:02.268.955 [error_message_manage.cc:53]712966 FuncErrorReason:report error module_type=3, module_name=EE8888
[ERROR] RUNTIME(712966,10):2026-01-15-10:29:02.268.957 [error_message_manage.cc:53]712966 FuncErrorReason:rtMemcpy execute failed, reason=[the current capture mode does not support this operation]
[ERROR] ASCENDCL(712966,10):2026-01-15-10:29:02.269.158 [memory.cpp:437]712966 aclrtMemcpyImpl: synchronized memcpy failed, kind = 1, runtime result = 107030
[ERROR] RUNTIME(712966,10):2026-01-15-10:29:02.388.103 [api_error.cc:1519]712966 MemCopySync:Memory copy sync failed, cnt=416, kind=1.
[ERROR] RUNTIME(712966,10):2026-01-15-10:29:02.388.111 [api_c.cc:1197]712966 rtMemcpy:ErrCode=107030, desc=[the current capture mode does not support this operation], InnerCode=0x703001c
[ERROR] RUNTIME(712966,10):2026-01-15-10:29:02.388.114 [error_message_manage.cc:53]712966 FuncErrorReason:report error module_type=3, module_name=EE8888
[ERROR] RUNTIME(712966,10):2026-01-15-10:29:02.388.117 [error_message_manage.cc:53]712966 FuncErrorReason:rtMemcpy execute failed, reason=[the current capture mode does not support this operation]
[ERROR] ASCENDCL(712966,10):2026-01-15-10:29:02.388.288 [memory.cpp:437]712966 aclrtMemcpyImpl: synchronized memcpy failed, kind = 1, runtime result = 107030
[ERROR] RUNTIME(712966,10):2026-01-15-10:29:02.471.935 [api_error.cc:1519]712966 MemCopySync:Memory copy sync failed, cnt=72, kind=1.
[ERROR] RUNTIME(712966,10):2026-01-15-10:29:02.471.943 [api_c.cc:1197]712966 rtMemcpy:ErrCode=107030, desc=[the current capture mode does not support this operation], InnerCode=0x703001c
[ERROR] RUNTIME(712966,10):2026-01-15-10:29:02.471.946 [error_message_manage.cc:53]712966 FuncErrorReason:report error module_type=3, module_name=EE8888
[ERROR] RUNTIME(712966,10):2026-01-15-10:29:02.471.949 [error_message_manage.cc:53]712966 FuncErrorReason:rtMemcpy execute failed, reason=[the current capture mode does not support this operation]
[ERROR] ASCENDCL(712966,10):2026-01-15-10:29:02.472.144 [memory.cpp:437]712966 aclrtMemcpyImpl: synchronized memcpy failed, kind = 1, runtime result = 107030
[ERROR] RUNTIME(712966,10):2026-01-15-10:29:02.591.710 [api_error.cc:1519]712966 MemCopySync:Memory copy sync failed, cnt=416, kind=1.
[ERROR] RUNTIME(712966,10):2026-01-15-10:29:02.591.719 [api_c.cc:1197]712966 rtMemcpy:ErrCode=107030, desc=[the current capture mode does not support this operation], InnerCode=0x703001c
[ERROR] RUNTIME(712966,10):2026-01-15-10:29:02.591.722 [error_message_manage.cc:53]712966 FuncErrorReason:report error module_type=3, module_name=EE8888
[ERROR] RUNTIME(712966,10):2026-01-15-10:29:02.591.725 [error_message_manage.cc:53]712966 FuncErrorReason:rtMemcpy execute failed, reason=[the current capture mode does not support this operation]
[ERROR] ASCENDCL(712966,10):2026-01-15-10:29:02.591.932 [memory.cpp:437]712966 aclrtMemcpyImpl: synchronized memcpy failed, kind = 1, runtime result = 107030
[ERROR] RUNTIME(712966,10):2026-01-15-10:29:02.673.014 [api_error.cc:1519]712966 MemCopySync:Memory copy sync failed, cnt=72, kind=1.
[ERROR] RUNTIME(712966,10):2026-01-15-10:29:02.673.022 [api_c.cc:1197]712966 rtMemcpy:ErrCode=107030, desc=[the current capture mode does not support this operation], InnerCode=0x703001c
[ERROR] RUNTIME(712966,10):2026-01-15-10:29:02.673.025 [error_message_manage.cc:53]712966 FuncErrorReason:report error module_type=3, module_name=EE8888
[ERROR] RUNTIME(712966,10):2026-01-15-10:29:02.673.028 [error_message_manage.cc:53]712966 FuncErrorReason:rtMemcpy execute failed, reason=[the current capture mode does not support this operation]
[ERROR] ASCENDCL(712966,10):2026-01-15-10:29:02.673.255 [memory.cpp:437]712966 aclrtMemcpyImpl: synchronized memcpy failed, kind = 1, runtime result = 107030
[ERROR] RUNTIME(712966,10):2026-01-15-10:29:02.755.348 [api_error.cc:1519]712966 MemCopySync:Memory copy sync failed, cnt=416, kind=1.
[ERROR] RUNTIME(712966,10):2026-01-15-10:29:02.755.357 [api_c.cc:1197]712966 rtMemcpy:ErrCode=107030, desc=[the current capture mode does not support this operation], InnerCode=0x703001c
[ERROR] RUNTIME(712966,10):2026-01-15-10:29:02.755.360 [error_message_manage.cc:53]712966 FuncErrorReason:report error module_type=3, module_name=EE8888
[ERROR] RUNTIME(712966,10):2026-01-15-10:29:02.755.362 [error_message_manage.cc:53]712966 FuncErrorReason:rtMemcpy execute failed, reason=[the current capture mode does not support this operation]
[ERROR] ASCENDCL(712966,10):2026-01-15-10:29:02.755.575 [memory.cpp:437]712966 aclrtMemcpyImpl: synchronized memcpy failed, kind = 1, runtime result = 107030
[ERROR] RUNTIME(712966,10):2026-01-15-10:29:02.822.676 [api_error.cc:1519]712966 MemCopySync:Memory copy sync failed, cnt=72, kind=1.
[ERROR] RUNTIME(712966,10):2026-01-15-10:29:02.822.684 [api_c.cc:1197]712966 rtMemcpy:ErrCode=107030, desc=[the current capture mode does not support this operation], InnerCode=0x703001c
[ERROR] RUNTIME(712966,10):2026-01-15-10:29:02.822.686 [error_message_manage.cc:53]712966 FuncErrorReason:report error module_type=3, module_name=EE8888
[ERROR] RUNTIME(712966,10):2026-01-15-10:29:02.822.689 [error_message_manage.cc:53]712966 FuncErrorReason:rtMemcpy execute failed, reason=[the current capture mode does not support this operation]
[ERROR] ASCENDCL(712966,10):2026-01-15-10:29:02.822.868 [memory.cpp:437]712966 aclrtMemcpyImpl: synchronized memcpy failed, kind = 1, runtime result = 107030
[ERROR] RUNTIME(712966,10):2026-01-15-10:29:02.888.045 [api_error.cc:1519]712966 MemCopySync:Memory copy sync failed, cnt=416, kind=1.
[ERROR] RUNTIME(712966,10):2026-01-15-10:29:02.888.054 [api_c.cc:1197]712966 rtMemcpy:ErrCode=107030, desc=[the current capture mode does not support this operation], InnerCode=0x703001c
[ERROR] RUNTIME(712966,10):2026-01-15-10:29:02.888.056 [error_message_manage.cc:53]712966 FuncErrorReason:report error module_type=3, module_name=EE8888
[ERROR] RUNTIME(712966,10):2026-01-15-10:29:02.888.059 [error_message_manage.cc:53]712966 FuncErrorReason:rtMemcpy execute failed, reason=[the current capture mode does not support this operation]
[ERROR] ASCENDCL(712966,10):2026-01-15-10:29:02.888.243 [memory.cpp:437]712966 aclrtMemcpyImpl: synchronized memcpy failed, kind = 1, runtime result = 107030
[ERROR] RUNTIME(712966,10):2026-01-15-10:29:02.941.990 [api_error.cc:1519]712966 MemCopySync:Memory copy sync failed, cnt=72, kind=1.
[ERROR] RUNTIME(712966,10):2026-01-15-10:29:02.941.999 [api_c.cc:1197]712966 rtMemcpy:ErrCode=107030, desc=[the current capture mode does not support this operation], InnerCode=0x703001c
[ERROR] RUNTIME(712966,10):2026-01-15-10:29:02.942.001 [error_message_manage.cc:53]712966 FuncErrorReason:report error module_type=3, module_name=EE8888
[ERROR] RUNTIME(712966,10):2026-01-15-10:29:02.942.004 [error_message_manage.cc:53]712966 FuncErrorReason:rtMemcpy execute failed, reason=[the current capture mode does not support this operation]
[ERROR] ASCENDCL(712966,10):2026-01-15-10:29:02.942.190 [memory.cpp:437]712966 aclrtMemcpyImpl: synchronized memcpy failed, kind = 1, runtime result = 107030
[ERROR] RUNTIME(712966,10):2026-01-15-10:29:02.998.754 [api_error.cc:1519]712966 MemCopySync:Memory copy sync failed, cnt=416, kind=1.
[ERROR] RUNTIME(712966,10):2026-01-15-10:29:02.998.763 [api_c.cc:1197]712966 rtMemcpy:ErrCode=107030, desc=[the current capture mode does not support this operation], InnerCode=0x703001c
[ERROR] RUNTIME(712966,10):2026-01-15-10:29:02.998.766 [error_message_manage.cc:53]712966 FuncErrorReason:report error module_type=3, module_name=EE8888
[ERROR] RUNTIME(712966,10):2026-01-15-10:29:02.998.768 [error_message_manage.cc:53]712966 FuncErrorReason:rtMemcpy execute failed, reason=[the current capture mode does not support this operation]
[ERROR] ASCENDCL(712966,10):2026-01-15-10:29:02.998.945 [memory.cpp:437]712966 aclrtMemcpyImpl: synchronized memcpy failed, kind = 1, runtime result = 107030
[ERROR] RUNTIME(712966,10):2026-01-15-10:29:03.066.923 [api_error.cc:1519]712966 MemCopySync:Memory copy sync failed, cnt=72, kind=1.
[ERROR] RUNTIME(712966,10):2026-01-15-10:29:03.066.931 [api_c.cc:1197]712966 rtMemcpy:ErrCode=107030, desc=[the current capture mode does not support this operation], InnerCode=0x703001c
[ERROR] RUNTIME(712966,10):2026-01-15-10:29:03.066.934 [error_message_manage.cc:53]712966 FuncErrorReason:report error module_type=3, module_name=EE8888
[ERROR] RUNTIME(712966,10):2026-01-15-10:29:03.066.936 [error_message_manage.cc:53]712966 FuncErrorReason:rtMemcpy execute failed, reason=[the current capture mode does not support this operation]
[ERROR] ASCENDCL(712966,10):2026-01-15-10:29:03.067.171 [memory.cpp:437]712966 aclrtMemcpyImpl: synchronized memcpy failed, kind = 1, runtime result = 107030
[ERROR] RUNTIME(712966,10):2026-01-15-10:29:03.140.119 [api_error.cc:1519]712966 MemCopySync:Memory copy sync failed, cnt=416, kind=1.
[ERROR] RUNTIME(712966,10):2026-01-15-10:29:03.140.127 [api_c.cc:1197]712966 rtMemcpy:ErrCode=107030, desc=[the current capture mode does not support this operation], InnerCode=0x703001c
[ERROR] RUNTIME(712966,10):2026-01-15-10:29:03.140.130 [error_message_manage.cc:53]712966 FuncErrorReason:report error module_type=3, module_name=EE8888
[ERROR] RUNTIME(712966,10):2026-01-15-10:29:03.140.132 [error_message_manage.cc:53]712966 FuncErrorReason:rtMemcpy execute failed, reason=[the current capture mode does not support this operation]
[ERROR] ASCENDCL(712966,10):2026-01-15-10:29:03.140.324 [memory.cpp:437]712966 aclrtMemcpyImpl: synchronized memcpy failed, kind = 1, runtime result = 107030
[ERROR] RUNTIME(712966,10):2026-01-15-10:29:03.213.443 [api_error.cc:1519]712966 MemCopySync:Memory copy sync failed, cnt=72, kind=1.
[ERROR] RUNTIME(712966,10):2026-01-15-10:29:03.213.452 [api_c.cc:1197]712966 rtMemcpy:ErrCode=107030, desc=[the current capture mode does not support this operation], InnerCode=0x703001c
[ERROR] RUNTIME(712966,10):2026-01-15-10:29:03.213.455 [error_message_manage.cc:53]712966 FuncErrorReason:report error module_type=3, module_name=EE8888
[ERROR] RUNTIME(712966,10):2026-01-15-10:29:03.213.457 [error_message_manage.cc:53]712966 FuncErrorReason:rtMemcpy execute failed, reason=[the current capture mode does not support this operation]
[ERROR] ASCENDCL(712966,10):2026-01-15-10:29:03.213.676 [memory.cpp:437]712966 aclrtMemcpyImpl: synchronized memcpy failed, kind = 1, runtime result = 107030
[ERROR] RUNTIME(712966,10):2026-01-15-10:29:03.283.273 [api_error.cc:1519]712966 MemCopySync:Memory copy sync failed, cnt=416, kind=1.
[ERROR] RUNTIME(712966,10):2026-01-15-10:29:03.283.284 [api_c.cc:1197]712966 rtMemcpy:ErrCode=107030, desc=[the current capture mode does not support this operation], InnerCode=0x703001c
[ERROR] RUNTIME(712966,10):2026-01-15-10:29:03.283.286 [error_message_manage.cc:53]712966 FuncErrorReason:report error module_type=3, module_name=EE8888
[ERROR] RUNTIME(712966,10):2026-01-15-10:29:03.283.289 [error_message_manage.cc:53]712966 FuncErrorReason:rtMemcpy execute failed, reason=[the current capture mode does not support this operation]
[ERROR] ASCENDCL(712966,10):2026-01-15-10:29:03.283.551 [memory.cpp:437]712966 aclrtMemcpyImpl: synchronized memcpy failed, kind = 1, runtime result = 107030
[ERROR] RUNTIME(712966,10):2026-01-15-10:29:03.362.224 [api_error.cc:1519]712966 MemCopySync:Memory copy sync failed, cnt=72, kind=1.
[ERROR] RUNTIME(712966,10):2026-01-15-10:29:03.362.234 [api_c.cc:1197]712966 rtMemcpy:ErrCode=107030, desc=[the current capture mode does not support this operation], InnerCode=0x703001c
[ERROR] RUNTIME(712966,10):2026-01-15-10:29:03.362.237 [error_message_manage.cc:53]712966 FuncErrorReason:report error module_type=3, module_name=EE8888
[ERROR] RUNTIME(712966,10):2026-01-15-10:29:03.362.240 [error_message_manage.cc:53]712966 FuncErrorReason:rtMemcpy execute failed, reason=[the current capture mode does not support this operation]
[ERROR] ASCENDCL(712966,10):2026-01-15-10:29:03.362.428 [memory.cpp:437]712966 aclrtMemcpyImpl: synchronized memcpy failed, kind = 1, runtime result = 107030
[ERROR] RUNTIME(712966,10):2026-01-15-10:29:03.429.759 [api_error.cc:1519]712966 MemCopySync:Memory copy sync failed, cnt=416, kind=1.
[ERROR] RUNTIME(712966,10):2026-01-15-10:29:03.429.768 [api_c.cc:1197]712966 rtMemcpy:ErrCode=107030, desc=[the current capture mode does not support this operation], InnerCode=0x703001c
[ERROR] RUNTIME(712966,10):2026-01-15-10:29:03.429.771 [error_message_manage.cc:53]712966 FuncErrorReason:report error module_type=3, module_name=EE8888
[ERROR] RUNTIME(712966,10):2026-01-15-10:29:03.429.774 [error_message_manage.cc:53]712966 FuncErrorReason:rtMemcpy execute failed, reason=[the current capture mode does not support this operation]
[ERROR] ASCENDCL(712966,10):2026-01-15-10:29:03.430.008 [memory.cpp:437]712966 aclrtMemcpyImpl: synchronized memcpy failed, kind = 1, runtime result = 107030
[ERROR] RUNTIME(712966,10):2026-01-15-10:29:03.492.707 [api_error.cc:1519]712966 MemCopySync:Memory copy sync failed, cnt=72, kind=1.
[ERROR] RUNTIME(712966,10):2026-01-15-10:29:03.492.715 [api_c.cc:1197]712966 rtMemcpy:ErrCode=107030, desc=[the current capture mode does not support this operation], InnerCode=0x703001c
[ERROR] RUNTIME(712966,10):2026-01-15-10:29:03.492.718 [error_message_manage.cc:53]712966 FuncErrorReason:report error module_type=3, module_name=EE8888
[ERROR] RUNTIME(712966,10):2026-01-15-10:29:03.492.721 [error_message_manage.cc:53]712966 FuncErrorReason:rtMemcpy execute failed, reason=[the current capture mode does not support this operation]
[ERROR] ASCENDCL(712966,10):2026-01-15-10:29:03.492.957 [memory.cpp:437]712966 aclrtMemcpyImpl: synchronized memcpy failed, kind = 1, runtime result = 107030
[ERROR] RUNTIME(712966,10):2026-01-15-10:29:03.554.739 [api_error.cc:1519]712966 MemCopySync:Memory copy sync failed, cnt=416, kind=1.
[ERROR] RUNTIME(712966,10):2026-01-15-10:29:03.554.748 [api_c.cc:1197]712966 rtMemcpy:ErrCode=107030, desc=[the current capture mode does not support this operation], InnerCode=0x703001c
[ERROR] RUNTIME(712966,10):2026-01-15-10:29:03.554.751 [error_message_manage.cc:53]712966 FuncErrorReason:report error module_type=3, module_name=EE8888
[ERROR] RUNTIME(712966,10):2026-01-15-10:29:03.554.753 [error_message_manage.cc:53]712966 FuncErrorReason:rtMemcpy execute failed, reason=[the current capture mode does not support this operation]
[ERROR] ASCENDCL(712966,10):2026-01-15-10:29:03.554.906 [memory.cpp:437]712966 aclrtMemcpyImpl: synchronized memcpy failed, kind = 1, runtime result = 107030
[ERROR] RUNTIME(712966,10):2026-01-15-10:29:03.629.018 [api_error.cc:1519]712966 MemCopySync:Memory copy sync failed, cnt=72, kind=1.
[ERROR] RUNTIME(712966,10):2026-01-15-10:29:03.629.026 [api_c.cc:1197]712966 rtMemcpy:ErrCode=107030, desc=[the current capture mode does not support this operation], InnerCode=0x703001c
[ERROR] RUNTIME(712966,10):2026-01-15-10:29:03.629.029 [error_message_manage.cc:53]712966 FuncErrorReason:report error module_type=3, module_name=EE8888
[ERROR] RUNTIME(712966,10):2026-01-15-10:29:03.629.032 [error_message_manage.cc:53]712966 FuncErrorReason:rtMemcpy execute failed, reason=[the current capture mode does not support this operation]
[ERROR] ASCENDCL(712966,10):2026-01-15-10:29:03.629.223 [memory.cpp:437]712966 aclrtMemcpyImpl: synchronized memcpy failed, kind = 1, runtime result = 107030
[ERROR] RUNTIME(712966,10):2026-01-15-10:29:03.699.856 [api_error.cc:1519]712966 MemCopySync:Memory copy sync failed, cnt=416, kind=1.
[ERROR] RUNTIME(712966,10):2026-01-15-10:29:03.699.865 [api_c.cc:1197]712966 rtMemcpy:ErrCode=107030, desc=[the current capture mode does not support this operation], InnerCode=0x703001c
[ERROR] RUNTIME(712966,10):2026-01-15-10:29:03.699.868 [error_message_manage.cc:53]712966 FuncErrorReason:report error module_type=3, module_name=EE8888
[ERROR] RUNTIME(712966,10):2026-01-15-10:29:03.699.870 [error_message_manage.cc:53]712966 FuncErrorReason:rtMemcpy execute failed, reason=[the current capture mode does not support this operation]
[ERROR] ASCENDCL(712966,10):2026-01-15-10:29:03.700.056 [memory.cpp:437]712966 aclrtMemcpyImpl: synchronized memcpy failed, kind = 1, runtime result = 107030
[ERROR] RUNTIME(712966,10):2026-01-15-10:29:03.761.256 [api_error.cc:1519]712966 MemCopySync:Memory copy sync failed, cnt=72, kind=1.
[ERROR] RUNTIME(712966,10):2026-01-15-10:29:03.761.264 [api_c.cc:1197]712966 rtMemcpy:ErrCode=107030, desc=[the current capture mode does not support this operation], InnerCode=0x703001c
[ERROR] RUNTIME(712966,10):2026-01-15-10:29:03.761.266 [error_message_manage.cc:53]712966 FuncErrorReason:report error module_type=3, module_name=EE8888
[ERROR] RUNTIME(712966,10):2026-01-15-10:29:03.761.269 [error_message_manage.cc:53]712966 FuncErrorReason:rtMemcpy execute failed, reason=[the current capture mode does not support this operation]
[ERROR] ASCENDCL(712966,10):2026-01-15-10:29:03.761.432 [memory.cpp:437]712966 aclrtMemcpyImpl: synchronized memcpy failed, kind = 1, runtime result = 107030
[ERROR] RUNTIME(712966,10):2026-01-15-10:29:03.833.852 [api_error.cc:1519]712966 MemCopySync:Memory copy sync failed, cnt=416, kind=1.
[ERROR] RUNTIME(712966,10):2026-01-15-10:29:03.833.860 [api_c.cc:1197]712966 rtMemcpy:ErrCode=107030, desc=[the current capture mode does not support this operation], InnerCode=0x703001c
[ERROR] RUNTIME(712966,10):2026-01-15-10:29:03.833.863 [error_message_manage.cc:53]712966 FuncErrorReason:report error module_type=3, module_name=EE8888
[ERROR] RUNTIME(712966,10):2026-01-15-10:29:03.833.866 [error_message_manage.cc:53]712966 FuncErrorReason:rtMemcpy execute failed, reason=[the current capture mode does not support this operation]
[ERROR] ASCENDCL(712966,10):2026-01-15-10:29:03.834.053 [memory.cpp:437]712966 aclrtMemcpyImpl: synchronized memcpy failed, kind = 1, runtime result = 107030
[ERROR] RUNTIME(712966,10):2026-01-15-10:29:03.902.324 [api_error.cc:1519]712966 MemCopySync:Memory copy sync failed, cnt=72, kind=1.
[ERROR] RUNTIME(712966,10):2026-01-15-10:29:03.902.332 [api_c.cc:1197]712966 rtMemcpy:ErrCode=107030, desc=[the current capture mode does not support this operation], InnerCode=0x703001c
[ERROR] RUNTIME(712966,10):2026-01-15-10:29:03.902.334 [error_message_manage.cc:53]712966 FuncErrorReason:report error module_type=3, module_name=EE8888
[ERROR] RUNTIME(712966,10):2026-01-15-10:29:03.902.337 [error_message_manage.cc:53]712966 FuncErrorReason:rtMemcpy execute failed, reason=[the current capture mode does not support this operation]
[ERROR] ASCENDCL(712966,10):2026-01-15-10:29:03.902.531 [memory.cpp:437]712966 aclrtMemcpyImpl: synchronized memcpy failed, kind = 1, runtime result = 107030
[ERROR] RUNTIME(712966,10):2026-01-15-10:29:03.976.495 [api_error.cc:1519]712966 MemCopySync:Memory copy sync failed, cnt=416, kind=1.
[ERROR] RUNTIME(712966,10):2026-01-15-10:29:03.976.504 [api_c.cc:1197]712966 rtMemcpy:ErrCode=107030, desc=[the current capture mode does not support this operation], InnerCode=0x703001c
[ERROR] RUNTIME(712966,10):2026-01-15-10:29:03.976.507 [error_message_manage.cc:53]712966 FuncErrorReason:report error module_type=3, module_name=EE8888
[ERROR] RUNTIME(712966,10):2026-01-15-10:29:03.976.509 [error_message_manage.cc:53]712966 FuncErrorReason:rtMemcpy execute failed, reason=[the current capture mode does not support this operation]
[ERROR] ASCENDCL(712966,10):2026-01-15-10:29:03.976.700 [memory.cpp:437]712966 aclrtMemcpyImpl: synchronized memcpy failed, kind = 1, runtime result = 107030
[ERROR] RUNTIME(712966,10):2026-01-15-10:29:04.043.050 [api_error.cc:1519]712966 MemCopySync:Memory copy sync failed, cnt=72, kind=1.
[ERROR] RUNTIME(712966,10):2026-01-15-10:29:04.043.058 [api_c.cc:1197]712966 rtMemcpy:ErrCode=107030, desc=[the current capture mode does not support this operation], InnerCode=0x703001c
[ERROR] RUNTIME(712966,10):2026-01-15-10:29:04.043.061 [error_message_manage.cc:53]712966 FuncErrorReason:report error module_type=3, module_name=EE8888
[ERROR] RUNTIME(712966,10):2026-01-15-10:29:04.043.063 [error_message_manage.cc:53]712966 FuncErrorReason:rtMemcpy execute failed, reason=[the current capture mode does not support this operation]
[ERROR] ASCENDCL(712966,10):2026-01-15-10:29:04.043.222 [memory.cpp:437]712966 aclrtMemcpyImpl: synchronized memcpy failed, kind = 1, runtime result = 107030
[ERROR] RUNTIME(712966,10):2026-01-15-10:29:04.116.152 [api_error.cc:1519]712966 MemCopySync:Memory copy sync failed, cnt=416, kind=1.
[ERROR] RUNTIME(712966,10):2026-01-15-10:29:04.116.160 [api_c.cc:1197]712966 rtMemcpy:ErrCode=107030, desc=[the current capture mode does not support this operation], InnerCode=0x703001c
[ERROR] RUNTIME(712966,10):2026-01-15-10:29:04.116.163 [error_message_manage.cc:53]712966 FuncErrorReason:report error module_type=3, module_name=EE8888
[ERROR] RUNTIME(712966,10):2026-01-15-10:29:04.116.166 [error_message_manage.cc:53]712966 FuncErrorReason:rtMemcpy execute failed, reason=[the current capture mode does not support this operation]
[ERROR] ASCENDCL(712966,10):2026-01-15-10:29:04.116.362 [memory.cpp:437]712966 aclrtMemcpyImpl: synchronized memcpy failed, kind = 1, runtime result = 107030
[ERROR] RUNTIME(712966,10):2026-01-15-10:29:04.191.588 [api_error.cc:1519]712966 MemCopySync:Memory copy sync failed, cnt=72, kind=1.
[ERROR] RUNTIME(712966,10):2026-01-15-10:29:04.191.596 [api_c.cc:1197]712966 rtMemcpy:ErrCode=107030, desc=[the current capture mode does not support this operation], InnerCode=0x703001c
[ERROR] RUNTIME(712966,10):2026-01-15-10:29:04.191.599 [error_message_manage.cc:53]712966 FuncErrorReason:report error module_type=3, module_name=EE8888
[ERROR] RUNTIME(712966,10):2026-01-15-10:29:04.191.601 [error_message_manage.cc:53]712966 FuncErrorReason:rtMemcpy execute failed, reason=[the current capture mode does not support this operation]
[ERROR] ASCENDCL(712966,10):2026-01-15-10:29:04.191.791 [memory.cpp:437]712966 aclrtMemcpyImpl: synchronized memcpy failed, kind = 1, runtime result = 107030
[ERROR] RUNTIME(712966,10):2026-01-15-10:29:04.261.567 [api_error.cc:1519]712966 MemCopySync:Memory copy sync failed, cnt=416, kind=1.
[ERROR] RUNTIME(712966,10):2026-01-15-10:29:04.261.577 [api_c.cc:1197]712966 rtMemcpy:ErrCode=107030, desc=[the current capture mode does not support this operation], InnerCode=0x703001c
[ERROR] RUNTIME(712966,10):2026-01-15-10:29:04.261.580 [error_message_manage.cc:53]712966 FuncErrorReason:report error module_type=3, module_name=EE8888
[ERROR] RUNTIME(712966,10):2026-01-15-10:29:04.261.583 [error_message_manage.cc:53]712966 FuncErrorReason:rtMemcpy execute failed, reason=[the current capture mode does not support this operation]
[ERROR] ASCENDCL(712966,10):2026-01-15-10:29:04.261.778 [memory.cpp:437]712966 aclrtMemcpyImpl: synchronized memcpy failed, kind = 1, runtime result = 107030
[ERROR] RUNTIME(712966,10):2026-01-15-10:29:04.328.331 [api_error.cc:1519]712966 MemCopySync:Memory copy sync failed, cnt=72, kind=1.
[ERROR] RUNTIME(712966,10):2026-01-15-10:29:04.328.341 [api_c.cc:1197]712966 rtMemcpy:ErrCode=107030, desc=[the current capture mode does not support this operation], InnerCode=0x703001c
[ERROR] RUNTIME(712966,10):2026-01-15-10:29:04.328.343 [error_message_manage.cc:53]712966 FuncErrorReason:report error module_type=3, module_name=EE8888
[ERROR] RUNTIME(712966,10):2026-01-15-10:29:04.328.346 [error_message_manage.cc:53]712966 FuncErrorReason:rtMemcpy execute failed, reason=[the current capture mode does not support this operation]
[ERROR] ASCENDCL(712966,10):2026-01-15-10:29:04.328.562 [memory.cpp:437]712966 aclrtMemcpyImpl: synchronized memcpy failed, kind = 1, runtime result = 107030
[ERROR] RUNTIME(712966,10):2026-01-15-10:29:04.401.372 [api_error.cc:1519]712966 MemCopySync:Memory copy sync failed, cnt=416, kind=1.
[ERROR] RUNTIME(712966,10):2026-01-15-10:29:04.401.381 [api_c.cc:1197]712966 rtMemcpy:ErrCode=107030, desc=[the current capture mode does not support this operation], InnerCode=0x703001c
[ERROR] RUNTIME(712966,10):2026-01-15-10:29:04.401.384 [error_message_manage.cc:53]712966 FuncErrorReason:report error module_type=3, module_name=EE8888
[ERROR] RUNTIME(712966,10):2026-01-15-10:29:04.401.387 [error_message_manage.cc:53]712966 FuncErrorReason:rtMemcpy execute failed, reason=[the current capture mode does not support this operation]
[ERROR] ASCENDCL(712966,10):2026-01-15-10:29:04.401.587 [memory.cpp:437]712966 aclrtMemcpyImpl: synchronized memcpy failed, kind = 1, runtime result = 107030
[ERROR] RUNTIME(712966,10):2026-01-15-10:29:04.466.890 [api_error.cc:1519]712966 MemCopySync:Memory copy sync failed, cnt=72, kind=1.
[ERROR] RUNTIME(712966,10):2026-01-15-10:29:04.466.899 [api_c.cc:1197]712966 rtMemcpy:ErrCode=107030, desc=[the current capture mode does not support this operation], InnerCode=0x703001c
[ERROR] RUNTIME(712966,10):2026-01-15-10:29:04.466.902 [error_message_manage.cc:53]712966 FuncErrorReason:report error module_type=3, module_name=EE8888
[ERROR] RUNTIME(712966,10):2026-01-15-10:29:04.466.905 [error_message_manage.cc:53]712966 FuncErrorReason:rtMemcpy execute failed, reason=[the current capture mode does not support this operation]
[ERROR] ASCENDCL(712966,10):2026-01-15-10:29:04.467.114 [memory.cpp:437]712966 aclrtMemcpyImpl: synchronized memcpy failed, kind = 1, runtime result = 107030
[ERROR] RUNTIME(712966,10):2026-01-15-10:29:04.532.837 [api_error.cc:1519]712966 MemCopySync:Memory copy sync failed, cnt=416, kind=1.
[ERROR] RUNTIME(712966,10):2026-01-15-10:29:04.532.847 [api_c.cc:1197]712966 rtMemcpy:ErrCode=107030, desc=[the current capture mode does not support this operation], InnerCode=0x703001c
[ERROR] RUNTIME(712966,10):2026-01-15-10:29:04.532.850 [error_message_manage.cc:53]712966 FuncErrorReason:report error module_type=3, module_name=EE8888
[ERROR] RUNTIME(712966,10):2026-01-15-10:29:04.532.853 [error_message_manage.cc:53]712966 FuncErrorReason:rtMemcpy execute failed, reason=[the current capture mode does not support this operation]
[ERROR] ASCENDCL(712966,10):2026-01-15-10:29:04.533.028 [memory.cpp:437]712966 aclrtMemcpyImpl: synchronized memcpy failed, kind = 1, runtime result = 107030
[ERROR] RUNTIME(712966,10):2026-01-15-10:29:04.597.349 [api_error.cc:1519]712966 MemCopySync:Memory copy sync failed, cnt=72, kind=1.
[ERROR] RUNTIME(712966,10):2026-01-15-10:29:04.597.357 [api_c.cc:1197]712966 rtMemcpy:ErrCode=107030, desc=[the current capture mode does not support this operation], InnerCode=0x703001c
[ERROR] RUNTIME(712966,10):2026-01-15-10:29:04.597.359 [error_message_manage.cc:53]712966 FuncErrorReason:report error module_type=3, module_name=EE8888
[ERROR] RUNTIME(712966,10):2026-01-15-10:29:04.597.362 [error_message_manage.cc:53]712966 FuncErrorReason:rtMemcpy execute failed, reason=[the current capture mode does not support this operation]
[ERROR] ASCENDCL(712966,10):2026-01-15-10:29:04.597.558 [memory.cpp:437]712966 aclrtMemcpyImpl: synchronized memcpy failed, kind = 1, runtime result = 107030
[ERROR] RUNTIME(712966,10):2026-01-15-10:29:04.663.636 [api_error.cc:1519]712966 MemCopySync:Memory copy sync failed, cnt=416, kind=1.
[ERROR] RUNTIME(712966,10):2026-01-15-10:29:04.663.645 [api_c.cc:1197]712966 rtMemcpy:ErrCode=107030, desc=[the current capture mode does not support this operation], InnerCode=0x703001c
[ERROR] RUNTIME(712966,10):2026-01-15-10:29:04.663.648 [error_message_manage.cc:53]712966 FuncErrorReason:report error module_type=3, module_name=EE8888
[ERROR] RUNTIME(712966,10):2026-01-15-10:29:04.663.650 [error_message_manage.cc:53]712966 FuncErrorReason:rtMemcpy execute failed, reason=[the current capture mode does not support this operation]
[ERROR] ASCENDCL(712966,10):2026-01-15-10:29:04.663.868 [memory.cpp:437]712966 aclrtMemcpyImpl: synchronized memcpy failed, kind = 1, runtime result = 107030
[ERROR] RUNTIME(712966,10):2026-01-15-10:29:04.734.014 [api_error.cc:1519]712966 MemCopySync:Memory copy sync failed, cnt=72, kind=1.
[ERROR] RUNTIME(712966,10):2026-01-15-10:29:04.734.022 [api_c.cc:1197]712966 rtMemcpy:ErrCode=107030, desc=[the current capture mode does not support this operation], InnerCode=0x703001c
[ERROR] RUNTIME(712966,10):2026-01-15-10:29:04.734.025 [error_message_manage.cc:53]712966 FuncErrorReason:report error module_type=3, module_name=EE8888
[ERROR] RUNTIME(712966,10):2026-01-15-10:29:04.734.028 [error_message_manage.cc:53]712966 FuncErrorReason:rtMemcpy execute failed, reason=[the current capture mode does not support this operation]
[ERROR] ASCENDCL(712966,10):2026-01-15-10:29:04.734.255 [memory.cpp:437]712966 aclrtMemcpyImpl: synchronized memcpy failed, kind = 1, runtime result = 107030
[ERROR] RUNTIME(712966,10):2026-01-15-10:29:04.810.538 [api_error.cc:1519]712966 MemCopySync:Memory copy sync failed, cnt=416, kind=1.
[ERROR] RUNTIME(712966,10):2026-01-15-10:29:04.810.546 [api_c.cc:1197]712966 rtMemcpy:ErrCode=107030, desc=[the current capture mode does not support this operation], InnerCode=0x703001c
[ERROR] RUNTIME(712966,10):2026-01-15-10:29:04.810.549 [error_message_manage.cc:53]712966 FuncErrorReason:report error module_type=3, module_name=EE8888
[ERROR] RUNTIME(712966,10):2026-01-15-10:29:04.810.552 [error_message_manage.cc:53]712966 FuncErrorReason:rtMemcpy execute failed, reason=[the current capture mode does not support this operation]
[ERROR] ASCENDCL(712966,10):2026-01-15-10:29:04.810.745 [memory.cpp:437]712966 aclrtMemcpyImpl: synchronized memcpy failed, kind = 1, runtime result = 107030
[ERROR] RUNTIME(712966,10):2026-01-15-10:29:04.884.788 [api_error.cc:1519]712966 MemCopySync:Memory copy sync failed, cnt=72, kind=1.
[ERROR] RUNTIME(712966,10):2026-01-15-10:29:04.884.797 [api_c.cc:1197]712966 rtMemcpy:ErrCode=107030, desc=[the current capture mode does not support this operation], InnerCode=0x703001c
[ERROR] RUNTIME(712966,10):2026-01-15-10:29:04.884.799 [error_message_manage.cc:53]712966 FuncErrorReason:report error module_type=3, module_name=EE8888
[ERROR] RUNTIME(712966,10):2026-01-15-10:29:04.884.802 [error_message_manage.cc:53]712966 FuncErrorReason:rtMemcpy execute failed, reason=[the current capture mode does not support this operation]
[ERROR] ASCENDCL(712966,10):2026-01-15-10:29:04.885.023 [memory.cpp:437]712966 aclrtMemcpyImpl: synchronized memcpy failed, kind = 1, runtime result = 107030
[ERROR] RUNTIME(712966,10):2026-01-15-10:29:04.953.885 [api_error.cc:1519]712966 MemCopySync:Memory copy sync failed, cnt=416, kind=1.
[ERROR] RUNTIME(712966,10):2026-01-15-10:29:04.953.894 [api_c.cc:1197]712966 rtMemcpy:ErrCode=107030, desc=[the current capture mode does not support this operation], InnerCode=0x703001c
[ERROR] RUNTIME(712966,10):2026-01-15-10:29:04.953.897 [error_message_manage.cc:53]712966 FuncErrorReason:report error module_type=3, module_name=EE8888
[ERROR] RUNTIME(712966,10):2026-01-15-10:29:04.953.900 [error_message_manage.cc:53]712966 FuncErrorReason:rtMemcpy execute failed, reason=[the current capture mode does not support this operation]
[ERROR] ASCENDCL(712966,10):2026-01-15-10:29:04.954.101 [memory.cpp:437]712966 aclrtMemcpyImpl: synchronized memcpy failed, kind = 1, runtime result = 107030
[ERROR] RUNTIME(712966,10):2026-01-15-10:29:05.020.676 [api_error.cc:1519]712966 MemCopySync:Memory copy sync failed, cnt=72, kind=1.
[ERROR] RUNTIME(712966,10):2026-01-15-10:29:05.020.684 [api_c.cc:1197]712966 rtMemcpy:ErrCode=107030, desc=[the current capture mode does not support this operation], InnerCode=0x703001c
[ERROR] RUNTIME(712966,10):2026-01-15-10:29:05.020.687 [error_message_manage.cc:53]712966 FuncErrorReason:report error module_type=3, module_name=EE8888
[ERROR] RUNTIME(712966,10):2026-01-15-10:29:05.020.690 [error_message_manage.cc:53]712966 FuncErrorReason:rtMemcpy execute failed, reason=[the current capture mode does not support this operation]
[ERROR] ASCENDCL(712966,10):2026-01-15-10:29:05.020.916 [memory.cpp:437]712966 aclrtMemcpyImpl: synchronized memcpy failed, kind = 1, runtime result = 107030
[ERROR] RUNTIME(712966,10):2026-01-15-10:29:05.098.473 [api_error.cc:1519]712966 MemCopySync:Memory copy sync failed, cnt=416, kind=1.
[ERROR] RUNTIME(712966,10):2026-01-15-10:29:05.098.481 [api_c.cc:1197]712966 rtMemcpy:ErrCode=107030, desc=[the current capture mode does not support this operation], InnerCode=0x703001c
[ERROR] RUNTIME(712966,10):2026-01-15-10:29:05.098.484 [error_message_manage.cc:53]712966 FuncErrorReason:report error module_type=3, module_name=EE8888
[ERROR] RUNTIME(712966,10):2026-01-15-10:29:05.098.487 [error_message_manage.cc:53]712966 FuncErrorReason:rtMemcpy execute failed, reason=[the current capture mode does not support this operation]
[ERROR] ASCENDCL(712966,10):2026-01-15-10:29:05.098.700 [memory.cpp:437]712966 aclrtMemcpyImpl: synchronized memcpy failed, kind = 1, runtime result = 107030
[ERROR] RUNTIME(712966,10):2026-01-15-10:29:05.167.280 [api_error.cc:1519]712966 MemCopySync:Memory copy sync failed, cnt=72, kind=1.
[ERROR] RUNTIME(712966,10):2026-01-15-10:29:05.167.288 [api_c.cc:1197]712966 rtMemcpy:ErrCode=107030, desc=[the current capture mode does not support this operation], InnerCode=0x703001c
[ERROR] RUNTIME(712966,10):2026-01-15-10:29:05.167.291 [error_message_manage.cc:53]712966 FuncErrorReason:report error module_type=3, module_name=EE8888
[ERROR] RUNTIME(712966,10):2026-01-15-10:29:05.167.293 [error_message_manage.cc:53]712966 FuncErrorReason:rtMemcpy execute failed, reason=[the current capture mode does not support this operation]
[ERROR] ASCENDCL(712966,10):2026-01-15-10:29:05.167.482 [memory.cpp:437]712966 aclrtMemcpyImpl: synchronized memcpy failed, kind = 1, runtime result = 107030
[ERROR] RUNTIME(712966,10):2026-01-15-10:29:05.237.187 [api_error.cc:1519]712966 MemCopySync:Memory copy sync failed, cnt=416, kind=1.
[ERROR] RUNTIME(712966,10):2026-01-15-10:29:05.237.196 [api_c.cc:1197]712966 rtMemcpy:ErrCode=107030, desc=[the current capture mode does not support this operation], InnerCode=0x703001c
[ERROR] RUNTIME(712966,10):2026-01-15-10:29:05.237.198 [error_message_manage.cc:53]712966 FuncErrorReason:report error module_type=3, module_name=EE8888
[ERROR] RUNTIME(712966,10):2026-01-15-10:29:05.237.202 [error_message_manage.cc:53]712966 FuncErrorReason:rtMemcpy execute failed, reason=[the current capture mode does not support this operation]
[ERROR] ASCENDCL(712966,10):2026-01-15-10:29:05.237.417 [memory.cpp:437]712966 aclrtMemcpyImpl: synchronized memcpy failed, kind = 1, runtime result = 107030
[ERROR] RUNTIME(712966,10):2026-01-15-10:29:05.308.580 [api_error.cc:1519]712966 MemCopySync:Memory copy sync failed, cnt=72, kind=1.
[ERROR] RUNTIME(712966,10):2026-01-15-10:29:05.308.588 [api_c.cc:1197]712966 rtMemcpy:ErrCode=107030, desc=[the current capture mode does not support this operation], InnerCode=0x703001c
[ERROR] RUNTIME(712966,10):2026-01-15-10:29:05.308.591 [error_message_manage.cc:53]712966 FuncErrorReason:report error module_type=3, module_name=EE8888
[ERROR] RUNTIME(712966,10):2026-01-15-10:29:05.308.594 [error_message_manage.cc:53]712966 FuncErrorReason:rtMemcpy execute failed, reason=[the current capture mode does not support this operation]
[ERROR] ASCENDCL(712966,10):2026-01-15-10:29:05.308.786 [memory.cpp:437]712966 aclrtMemcpyImpl: synchronized memcpy failed, kind = 1, runtime result = 107030
[ERROR] RUNTIME(712966,10):2026-01-15-10:29:05.376.721 [api_error.cc:1519]712966 MemCopySync:Memory copy sync failed, cnt=416, kind=1.
[ERROR] RUNTIME(712966,10):2026-01-15-10:29:05.376.729 [api_c.cc:1197]712966 rtMemcpy:ErrCode=107030, desc=[the current capture mode does not support this operation], InnerCode=0x703001c
[ERROR] RUNTIME(712966,10):2026-01-15-10:29:05.376.732 [error_message_manage.cc:53]712966 FuncErrorReason:report error module_type=3, module_name=EE8888
[ERROR] RUNTIME(712966,10):2026-01-15-10:29:05.376.735 [error_message_manage.cc:53]712966 FuncErrorReason:rtMemcpy execute failed, reason=[the current capture mode does not support this operation]
[ERROR] ASCENDCL(712966,10):2026-01-15-10:29:05.376.954 [memory.cpp:437]712966 aclrtMemcpyImpl: synchronized memcpy failed, kind = 1, runtime result = 107030
[ERROR] RUNTIME(712966,10):2026-01-15-10:29:05.444.939 [api_error.cc:1519]712966 MemCopySync:Memory copy sync failed, cnt=72, kind=1.
[ERROR] RUNTIME(712966,10):2026-01-15-10:29:05.444.947 [api_c.cc:1197]712966 rtMemcpy:ErrCode=107030, desc=[the current capture mode does not support this operation], InnerCode=0x703001c
[ERROR] RUNTIME(712966,10):2026-01-15-10:29:05.444.949 [error_message_manage.cc:53]712966 FuncErrorReason:report error module_type=3, module_name=EE8888
[ERROR] RUNTIME(712966,10):2026-01-15-10:29:05.444.952 [error_message_manage.cc:53]712966 FuncErrorReason:rtMemcpy execute failed, reason=[the current capture mode does not support this operation]
[ERROR] ASCENDCL(712966,10):2026-01-15-10:29:05.445.133 [memory.cpp:437]712966 aclrtMemcpyImpl: synchronized memcpy failed, kind = 1, runtime result = 107030
[ERROR] RUNTIME(712966,10):2026-01-15-10:29:05.517.908 [api_error.cc:1519]712966 MemCopySync:Memory copy sync failed, cnt=416, kind=1.
[ERROR] RUNTIME(712966,10):2026-01-15-10:29:05.517.915 [api_c.cc:1197]712966 rtMemcpy:ErrCode=107030, desc=[the current capture mode does not support this operation], InnerCode=0x703001c
[ERROR] RUNTIME(712966,10):2026-01-15-10:29:05.517.918 [error_message_manage.cc:53]712966 FuncErrorReason:report error module_type=3, module_name=EE8888
[ERROR] RUNTIME(712966,10):2026-01-15-10:29:05.517.921 [error_message_manage.cc:53]712966 FuncErrorReason:rtMemcpy execute failed, reason=[the current capture mode does not support this operation]
[ERROR] ASCENDCL(712966,10):2026-01-15-10:29:05.518.123 [memory.cpp:437]712966 aclrtMemcpyImpl: synchronized memcpy failed, kind = 1, runtime result = 107030
[ERROR] RUNTIME(712966,10):2026-01-15-10:29:05.587.895 [api_error.cc:1519]712966 MemCopySync:Memory copy sync failed, cnt=72, kind=1.
[ERROR] RUNTIME(712966,10):2026-01-15-10:29:05.587.903 [api_c.cc:1197]712966 rtMemcpy:ErrCode=107030, desc=[the current capture mode does not support this operation], InnerCode=0x703001c
[ERROR] RUNTIME(712966,10):2026-01-15-10:29:05.587.906 [error_message_manage.cc:53]712966 FuncErrorReason:report error module_type=3, module_name=EE8888
[ERROR] RUNTIME(712966,10):2026-01-15-10:29:05.587.909 [error_message_manage.cc:53]712966 FuncErrorReason:rtMemcpy execute failed, reason=[the current capture mode does not support this operation]
[ERROR] ASCENDCL(712966,10):2026-01-15-10:29:05.588.117 [memory.cpp:437]712966 aclrtMemcpyImpl: synchronized memcpy failed, kind = 1, runtime result = 107030
[ERROR] RUNTIME(712966,10):2026-01-15-10:29:05.658.318 [api_error.cc:1519]712966 MemCopySync:Memory copy sync failed, cnt=416, kind=1.
[ERROR] RUNTIME(712966,10):2026-01-15-10:29:05.658.326 [api_c.cc:1197]712966 rtMemcpy:ErrCode=107030, desc=[the current capture mode does not support this operation], InnerCode=0x703001c
[ERROR] RUNTIME(712966,10):2026-01-15-10:29:05.658.329 [error_message_manage.cc:53]712966 FuncErrorReason:report error module_type=3, module_name=EE8888
[ERROR] RUNTIME(712966,10):2026-01-15-10:29:05.658.332 [error_message_manage.cc:53]712966 FuncErrorReason:rtMemcpy execute failed, reason=[the current capture mode does not support this operation]
[ERROR] ASCENDCL(712966,10):2026-01-15-10:29:05.658.508 [memory.cpp:437]712966 aclrtMemcpyImpl: synchronized memcpy failed, kind = 1, runtime result = 107030
[ERROR] RUNTIME(712966,10):2026-01-15-10:29:05.722.973 [api_error.cc:1519]712966 MemCopySync:Memory copy sync failed, cnt=72, kind=1.
[ERROR] RUNTIME(712966,10):2026-01-15-10:29:05.722.981 [api_c.cc:1197]712966 rtMemcpy:ErrCode=107030, desc=[the current capture mode does not support this operation], InnerCode=0x703001c
[ERROR] RUNTIME(712966,10):2026-01-15-10:29:05.722.984 [error_message_manage.cc:53]712966 FuncErrorReason:report error module_type=3, module_name=EE8888
[ERROR] RUNTIME(712966,10):2026-01-15-10:29:05.722.986 [error_message_manage.cc:53]712966 FuncErrorReason:rtMemcpy execute failed, reason=[the current capture mode does not support this operation]
[ERROR] ASCENDCL(712966,10):2026-01-15-10:29:05.723.212 [memory.cpp:437]712966 aclrtMemcpyImpl: synchronized memcpy failed, kind = 1, runtime result = 107030
[ERROR] RUNTIME(712966,10):2026-01-15-10:29:05.786.881 [api_error.cc:1519]712966 MemCopySync:Memory copy sync failed, cnt=416, kind=1.
[ERROR] RUNTIME(712966,10):2026-01-15-10:29:05.786.889 [api_c.cc:1197]712966 rtMemcpy:ErrCode=107030, desc=[the current capture mode does not support this operation], InnerCode=0x703001c
[ERROR] RUNTIME(712966,10):2026-01-15-10:29:05.786.892 [error_message_manage.cc:53]712966 FuncErrorReason:report error module_type=3, module_name=EE8888
[ERROR] RUNTIME(712966,10):2026-01-15-10:29:05.786.895 [error_message_manage.cc:53]712966 FuncErrorReason:rtMemcpy execute failed, reason=[the current capture mode does not support this operation]
[ERROR] ASCENDCL(712966,10):2026-01-15-10:29:05.787.075 [memory.cpp:437]712966 aclrtMemcpyImpl: synchronized memcpy failed, kind = 1, runtime result = 107030
[ERROR] RUNTIME(712966,10):2026-01-15-10:29:05.842.055 [api_error.cc:1519]712966 MemCopySync:Memory copy sync failed, cnt=72, kind=1.
[ERROR] RUNTIME(712966,10):2026-01-15-10:29:05.842.062 [api_c.cc:1197]712966 rtMemcpy:ErrCode=107030, desc=[the current capture mode does not support this operation], InnerCode=0x703001c
[ERROR] RUNTIME(712966,10):2026-01-15-10:29:05.842.065 [error_message_manage.cc:53]712966 FuncErrorReason:report error module_type=3, module_name=EE8888
[ERROR] RUNTIME(712966,10):2026-01-15-10:29:05.842.068 [error_message_manage.cc:53]712966 FuncErrorReason:rtMemcpy execute failed, reason=[the current capture mode does not support this operation]
[ERROR] ASCENDCL(712966,10):2026-01-15-10:29:05.842.232 [memory.cpp:437]712966 aclrtMemcpyImpl: synchronized memcpy failed, kind = 1, runtime result = 107030
[ERROR] RUNTIME(712966,10):2026-01-15-10:29:05.906.450 [api_error.cc:1519]712966 MemCopySync:Memory copy sync failed, cnt=416, kind=1.
[ERROR] RUNTIME(712966,10):2026-01-15-10:29:05.906.458 [api_c.cc:1197]712966 rtMemcpy:ErrCode=107030, desc=[the current capture mode does not support this operation], InnerCode=0x703001c
[ERROR] RUNTIME(712966,10):2026-01-15-10:29:05.906.461 [error_message_manage.cc:53]712966 FuncErrorReason:report error module_type=3, module_name=EE8888
[ERROR] RUNTIME(712966,10):2026-01-15-10:29:05.906.464 [error_message_manage.cc:53]712966 FuncErrorReason:rtMemcpy execute failed, reason=[the current capture mode does not support this operation]
[ERROR] ASCENDCL(712966,10):2026-01-15-10:29:05.906.665 [memory.cpp:437]712966 aclrtMemcpyImpl: synchronized memcpy failed, kind = 1, runtime result = 107030
[ERROR] RUNTIME(712966,10):2026-01-15-10:29:05.974.322 [api_error.cc:1519]712966 MemCopySync:Memory copy sync failed, cnt=72, kind=1.
[ERROR] RUNTIME(712966,10):2026-01-15-10:29:05.974.330 [api_c.cc:1197]712966 rtMemcpy:ErrCode=107030, desc=[the current capture mode does not support this operation], InnerCode=0x703001c
[ERROR] RUNTIME(712966,10):2026-01-15-10:29:05.974.333 [error_message_manage.cc:53]712966 FuncErrorReason:report error module_type=3, module_name=EE8888
[ERROR] RUNTIME(712966,10):2026-01-15-10:29:05.974.335 [error_message_manage.cc:53]712966 FuncErrorReason:rtMemcpy execute failed, reason=[the current capture mode does not support this operation]
[ERROR] ASCENDCL(712966,10):2026-01-15-10:29:05.974.541 [memory.cpp:437]712966 aclrtMemcpyImpl: synchronized memcpy failed, kind = 1, runtime result = 107030
[ERROR] RUNTIME(712966,10):2026-01-15-10:29:06.045.771 [api_error.cc:1519]712966 MemCopySync:Memory copy sync failed, cnt=416, kind=1.
[ERROR] RUNTIME(712966,10):2026-01-15-10:29:06.045.780 [api_c.cc:1197]712966 rtMemcpy:ErrCode=107030, desc=[the current capture mode does not support this operation], InnerCode=0x703001c
[ERROR] RUNTIME(712966,10):2026-01-15-10:29:06.045.783 [error_message_manage.cc:53]712966 FuncErrorReason:report error module_type=3, module_name=EE8888
[ERROR] RUNTIME(712966,10):2026-01-15-10:29:06.045.785 [error_message_manage.cc:53]712966 FuncErrorReason:rtMemcpy execute failed, reason=[the current capture mode does not support this operation]
[ERROR] ASCENDCL(712966,10):2026-01-15-10:29:06.046.057 [memory.cpp:437]712966 aclrtMemcpyImpl: synchronized memcpy failed, kind = 1, runtime result = 107030
[ERROR] RUNTIME(712966,10):2026-01-15-10:29:06.115.050 [api_error.cc:1519]712966 MemCopySync:Memory copy sync failed, cnt=72, kind=1.
[ERROR] RUNTIME(712966,10):2026-01-15-10:29:06.115.058 [api_c.cc:1197]712966 rtMemcpy:ErrCode=107030, desc=[the current capture mode does not support this operation], InnerCode=0x703001c
[ERROR] RUNTIME(712966,10):2026-01-15-10:29:06.115.061 [error_message_manage.cc:53]712966 FuncErrorReason:report error module_type=3, module_name=EE8888
[ERROR] RUNTIME(712966,10):2026-01-15-10:29:06.115.063 [error_message_manage.cc:53]712966 FuncErrorReason:rtMemcpy execute failed, reason=[the current capture mode does not support this operation]
[ERROR] ASCENDCL(712966,10):2026-01-15-10:29:06.115.273 [memory.cpp:437]712966 aclrtMemcpyImpl: synchronized memcpy failed, kind = 1, runtime result = 107030
[ERROR] RUNTIME(712966,10):2026-01-15-10:29:06.190.098 [api_error.cc:1519]712966 MemCopySync:Memory copy sync failed, cnt=416, kind=1.
[ERROR] RUNTIME(712966,10):2026-01-15-10:29:06.190.106 [api_c.cc:1197]712966 rtMemcpy:ErrCode=107030, desc=[the current capture mode does not support this operation], InnerCode=0x703001c
[ERROR] RUNTIME(712966,10):2026-01-15-10:29:06.190.109 [error_message_manage.cc:53]712966 FuncErrorReason:report error module_type=3, module_name=EE8888
[ERROR] RUNTIME(712966,10):2026-01-15-10:29:06.190.112 [error_message_manage.cc:53]712966 FuncErrorReason:rtMemcpy execute failed, reason=[the current capture mode does not support this operation]
[ERROR] ASCENDCL(712966,10):2026-01-15-10:29:06.190.288 [memory.cpp:437]712966 aclrtMemcpyImpl: synchronized memcpy failed, kind = 1, runtime result = 107030
[ERROR] RUNTIME(712966,10):2026-01-15-10:29:06.261.914 [api_error.cc:1519]712966 MemCopySync:Memory copy sync failed, cnt=72, kind=1.
[ERROR] RUNTIME(712966,10):2026-01-15-10:29:06.261.922 [api_c.cc:1197]712966 rtMemcpy:ErrCode=107030, desc=[the current capture mode does not support this operation], InnerCode=0x703001c
[ERROR] RUNTIME(712966,10):2026-01-15-10:29:06.261.925 [error_message_manage.cc:53]712966 FuncErrorReason:report error module_type=3, module_name=EE8888
[ERROR] RUNTIME(712966,10):2026-01-15-10:29:06.261.928 [error_message_manage.cc:53]712966 FuncErrorReason:rtMemcpy execute failed, reason=[the current capture mode does not support this operation]
[ERROR] ASCENDCL(712966,10):2026-01-15-10:29:06.262.113 [memory.cpp:437]712966 aclrtMemcpyImpl: synchronized memcpy failed, kind = 1, runtime result = 107030
[ERROR] RUNTIME(712966,10):2026-01-15-10:29:06.331.825 [api_error.cc:1519]712966 MemCopySync:Memory copy sync failed, cnt=416, kind=1.
[ERROR] RUNTIME(712966,10):2026-01-15-10:29:06.331.833 [api_c.cc:1197]712966 rtMemcpy:ErrCode=107030, desc=[the current capture mode does not support this operation], InnerCode=0x703001c
[ERROR] RUNTIME(712966,10):2026-01-15-10:29:06.331.836 [error_message_manage.cc:53]712966 FuncErrorReason:report error module_type=3, module_name=EE8888
[ERROR] RUNTIME(712966,10):2026-01-15-10:29:06.331.839 [error_message_manage.cc:53]712966 FuncErrorReason:rtMemcpy execute failed, reason=[the current capture mode does not support this operation]
[ERROR] ASCENDCL(712966,10):2026-01-15-10:29:06.332.055 [memory.cpp:437]712966 aclrtMemcpyImpl: synchronized memcpy failed, kind = 1, runtime result = 107030
[ERROR] RUNTIME(712966,10):2026-01-15-10:29:06.406.546 [api_error.cc:1519]712966 MemCopySync:Memory copy sync failed, cnt=72, kind=1.
[ERROR] RUNTIME(712966,10):2026-01-15-10:29:06.406.555 [api_c.cc:1197]712966 rtMemcpy:ErrCode=107030, desc=[the current capture mode does not support this operation], InnerCode=0x703001c
[ERROR] RUNTIME(712966,10):2026-01-15-10:29:06.406.557 [error_message_manage.cc:53]712966 FuncErrorReason:report error module_type=3, module_name=EE8888
[ERROR] RUNTIME(712966,10):2026-01-15-10:29:06.406.560 [error_message_manage.cc:53]712966 FuncErrorReason:rtMemcpy execute failed, reason=[the current capture mode does not support this operation]
[ERROR] ASCENDCL(712966,10):2026-01-15-10:29:06.406.763 [memory.cpp:437]712966 aclrtMemcpyImpl: synchronized memcpy failed, kind = 1, runtime result = 107030
[ERROR] RUNTIME(712966,10):2026-01-15-10:29:06.484.777 [api_error.cc:1519]712966 MemCopySync:Memory copy sync failed, cnt=416, kind=1.
[ERROR] RUNTIME(712966,10):2026-01-15-10:29:06.484.786 [api_c.cc:1197]712966 rtMemcpy:ErrCode=107030, desc=[the current capture mode does not support this operation], InnerCode=0x703001c
[ERROR] RUNTIME(712966,10):2026-01-15-10:29:06.484.789 [error_message_manage.cc:53]712966 FuncErrorReason:report error module_type=3, module_name=EE8888
[ERROR] RUNTIME(712966,10):2026-01-15-10:29:06.484.792 [error_message_manage.cc:53]712966 FuncErrorReason:rtMemcpy execute failed, reason=[the current capture mode does not support this operation]
[ERROR] ASCENDCL(712966,10):2026-01-15-10:29:06.485.025 [memory.cpp:437]712966 aclrtMemcpyImpl: synchronized memcpy failed, kind = 1, runtime result = 107030
[ERROR] RUNTIME(712966,10):2026-01-15-10:29:06.547.120 [api_error.cc:1519]712966 MemCopySync:Memory copy sync failed, cnt=72, kind=1.
[ERROR] RUNTIME(712966,10):2026-01-15-10:29:06.547.128 [api_c.cc:1197]712966 rtMemcpy:ErrCode=107030, desc=[the current capture mode does not support this operation], InnerCode=0x703001c
[ERROR] RUNTIME(712966,10):2026-01-15-10:29:06.547.130 [error_message_manage.cc:53]712966 FuncErrorReason:report error module_type=3, module_name=EE8888
[ERROR] RUNTIME(712966,10):2026-01-15-10:29:06.547.133 [error_message_manage.cc:53]712966 FuncErrorReason:rtMemcpy execute failed, reason=[the current capture mode does not support this operation]
[ERROR] ASCENDCL(712966,10):2026-01-15-10:29:06.547.336 [memory.cpp:437]712966 aclrtMemcpyImpl: synchronized memcpy failed, kind = 1, runtime result = 107030
[ERROR] RUNTIME(712966,10):2026-01-15-10:29:06.611.208 [api_error.cc:1519]712966 MemCopySync:Memory copy sync failed, cnt=416, kind=1.
[ERROR] RUNTIME(712966,10):2026-01-15-10:29:06.611.216 [api_c.cc:1197]712966 rtMemcpy:ErrCode=107030, desc=[the current capture mode does not support this operation], InnerCode=0x703001c
[ERROR] RUNTIME(712966,10):2026-01-15-10:29:06.611.219 [error_message_manage.cc:53]712966 FuncErrorReason:report error module_type=3, module_name=EE8888
[ERROR] RUNTIME(712966,10):2026-01-15-10:29:06.611.222 [error_message_manage.cc:53]712966 FuncErrorReason:rtMemcpy execute failed, reason=[the current capture mode does not support this operation]
[ERROR] ASCENDCL(712966,10):2026-01-15-10:29:06.611.469 [memory.cpp:437]712966 aclrtMemcpyImpl: synchronized memcpy failed, kind = 1, runtime result = 107030
[ERROR] RUNTIME(712966,10):2026-01-15-10:29:06.671.727 [api_error.cc:1519]712966 MemCopySync:Memory copy sync failed, cnt=72, kind=1.
[ERROR] RUNTIME(712966,10):2026-01-15-10:29:06.671.734 [api_c.cc:1197]712966 rtMemcpy:ErrCode=107030, desc=[the current capture mode does not support this operation], InnerCode=0x703001c
[ERROR] RUNTIME(712966,10):2026-01-15-10:29:06.671.737 [error_message_manage.cc:53]712966 FuncErrorReason:report error module_type=3, module_name=EE8888
[ERROR] RUNTIME(712966,10):2026-01-15-10:29:06.671.740 [error_message_manage.cc:53]712966 FuncErrorReason:rtMemcpy execute failed, reason=[the current capture mode does not support this operation]
[ERROR] ASCENDCL(712966,10):2026-01-15-10:29:06.671.956 [memory.cpp:437]712966 aclrtMemcpyImpl: synchronized memcpy failed, kind = 1, runtime result = 107030
[ERROR] RUNTIME(712966,10):2026-01-15-10:29:06.745.557 [api_error.cc:1519]712966 MemCopySync:Memory copy sync failed, cnt=416, kind=1.
[ERROR] RUNTIME(712966,10):2026-01-15-10:29:06.745.566 [api_c.cc:1197]712966 rtMemcpy:ErrCode=107030, desc=[the current capture mode does not support this operation], InnerCode=0x703001c
[ERROR] RUNTIME(712966,10):2026-01-15-10:29:06.745.569 [error_message_manage.cc:53]712966 FuncErrorReason:report error module_type=3, module_name=EE8888
[ERROR] RUNTIME(712966,10):2026-01-15-10:29:06.745.571 [error_message_manage.cc:53]712966 FuncErrorReason:rtMemcpy execute failed, reason=[the current capture mode does not support this operation]
[ERROR] ASCENDCL(712966,10):2026-01-15-10:29:06.745.786 [memory.cpp:437]712966 aclrtMemcpyImpl: synchronized memcpy failed, kind = 1, runtime result = 107030
[ERROR] RUNTIME(712966,10):2026-01-15-10:29:06.818.535 [api_error.cc:1519]712966 MemCopySync:Memory copy sync failed, cnt=72, kind=1.
[ERROR] RUNTIME(712966,10):2026-01-15-10:29:06.818.543 [api_c.cc:1197]712966 rtMemcpy:ErrCode=107030, desc=[the current capture mode does not support this operation], InnerCode=0x703001c
[ERROR] RUNTIME(712966,10):2026-01-15-10:29:06.818.546 [error_message_manage.cc:53]712966 FuncErrorReason:report error module_type=3, module_name=EE8888
[ERROR] RUNTIME(712966,10):2026-01-15-10:29:06.818.549 [error_message_manage.cc:53]712966 FuncErrorReason:rtMemcpy execute failed, reason=[the current capture mode does not support this operation]
[ERROR] ASCENDCL(712966,10):2026-01-15-10:29:06.818.743 [memory.cpp:437]712966 aclrtMemcpyImpl: synchronized memcpy failed, kind = 1, runtime result = 107030
[ERROR] RUNTIME(712966,10):2026-01-15-10:29:06.896.226 [api_error.cc:1519]712966 MemCopySync:Memory copy sync failed, cnt=416, kind=1.
[ERROR] RUNTIME(712966,10):2026-01-15-10:29:06.896.234 [api_c.cc:1197]712966 rtMemcpy:ErrCode=107030, desc=[the current capture mode does not support this operation], InnerCode=0x703001c
[ERROR] RUNTIME(712966,10):2026-01-15-10:29:06.896.237 [error_message_manage.cc:53]712966 FuncErrorReason:report error module_type=3, module_name=EE8888
[ERROR] RUNTIME(712966,10):2026-01-15-10:29:06.896.240 [error_message_manage.cc:53]712966 FuncErrorReason:rtMemcpy execute failed, reason=[the current capture mode does not support this operation]
[ERROR] ASCENDCL(712966,10):2026-01-15-10:29:06.896.462 [memory.cpp:437]712966 aclrtMemcpyImpl: synchronized memcpy failed, kind = 1, runtime result = 107030
[ERROR] RUNTIME(712966,10):2026-01-15-10:29:06.971.998 [api_error.cc:1519]712966 MemCopySync:Memory copy sync failed, cnt=72, kind=1.
[ERROR] RUNTIME(712966,10):2026-01-15-10:29:06.972.006 [api_c.cc:1197]712966 rtMemcpy:ErrCode=107030, desc=[the current capture mode does not support this operation], InnerCode=0x703001c
[ERROR] RUNTIME(712966,10):2026-01-15-10:29:06.972.009 [error_message_manage.cc:53]712966 FuncErrorReason:report error module_type=3, module_name=EE8888
[ERROR] RUNTIME(712966,10):2026-01-15-10:29:06.972.011 [error_message_manage.cc:53]712966 FuncErrorReason:rtMemcpy execute failed, reason=[the current capture mode does not support this operation]
[ERROR] ASCENDCL(712966,10):2026-01-15-10:29:06.972.202 [memory.cpp:437]712966 aclrtMemcpyImpl: synchronized memcpy failed, kind = 1, runtime result = 107030
[ERROR] RUNTIME(712966,10):2026-01-15-10:29:07.052.675 [api_error.cc:1519]712966 MemCopySync:Memory copy sync failed, cnt=416, kind=1.
[ERROR] RUNTIME(712966,10):2026-01-15-10:29:07.052.683 [api_c.cc:1197]712966 rtMemcpy:ErrCode=107030, desc=[the current capture mode does not support this operation], InnerCode=0x703001c
[ERROR] RUNTIME(712966,10):2026-01-15-10:29:07.052.686 [error_message_manage.cc:53]712966 FuncErrorReason:report error module_type=3, module_name=EE8888
[ERROR] RUNTIME(712966,10):2026-01-15-10:29:07.052.689 [error_message_manage.cc:53]712966 FuncErrorReason:rtMemcpy execute failed, reason=[the current capture mode does not support this operation]
[ERROR] ASCENDCL(712966,10):2026-01-15-10:29:07.052.901 [memory.cpp:437]712966 aclrtMemcpyImpl: synchronized memcpy failed, kind = 1, runtime result = 107030
[ERROR] RUNTIME(712966,10):2026-01-15-10:29:07.124.529 [api_error.cc:1519]712966 MemCopySync:Memory copy sync failed, cnt=72, kind=1.
[ERROR] RUNTIME(712966,10):2026-01-15-10:29:07.124.537 [api_c.cc:1197]712966 rtMemcpy:ErrCode=107030, desc=[the current capture mode does not support this operation], InnerCode=0x703001c
[ERROR] RUNTIME(712966,10):2026-01-15-10:29:07.124.539 [error_message_manage.cc:53]712966 FuncErrorReason:report error module_type=3, module_name=EE8888
[ERROR] RUNTIME(712966,10):2026-01-15-10:29:07.124.542 [error_message_manage.cc:53]712966 FuncErrorReason:rtMemcpy execute failed, reason=[the current capture mode does not support this operation]
[ERROR] ASCENDCL(712966,10):2026-01-15-10:29:07.124.777 [memory.cpp:437]712966 aclrtMemcpyImpl: synchronized memcpy failed, kind = 1, runtime result = 107030
[ERROR] RUNTIME(712966,10):2026-01-15-10:29:07.200.600 [api_error.cc:1519]712966 MemCopySync:Memory copy sync failed, cnt=416, kind=1.
[ERROR] RUNTIME(712966,10):2026-01-15-10:29:07.200.608 [api_c.cc:1197]712966 rtMemcpy:ErrCode=107030, desc=[the current capture mode does not support this operation], InnerCode=0x703001c
[ERROR] RUNTIME(712966,10):2026-01-15-10:29:07.200.611 [error_message_manage.cc:53]712966 FuncErrorReason:report error module_type=3, module_name=EE8888
[ERROR] RUNTIME(712966,10):2026-01-15-10:29:07.200.614 [error_message_manage.cc:53]712966 FuncErrorReason:rtMemcpy execute failed, reason=[the current capture mode does not support this operation]
[ERROR] ASCENDCL(712966,10):2026-01-15-10:29:07.200.838 [memory.cpp:437]712966 aclrtMemcpyImpl: synchronized memcpy failed, kind = 1, runtime result = 107030
[ERROR] RUNTIME(712966,10):2026-01-15-10:29:07.282.555 [api_error.cc:1519]712966 MemCopySync:Memory copy sync failed, cnt=72, kind=1.
[ERROR] RUNTIME(712966,10):2026-01-15-10:29:07.282.563 [api_c.cc:1197]712966 rtMemcpy:ErrCode=107030, desc=[the current capture mode does not support this operation], InnerCode=0x703001c
[ERROR] RUNTIME(712966,10):2026-01-15-10:29:07.282.566 [error_message_manage.cc:53]712966 FuncErrorReason:report error module_type=3, module_name=EE8888
[ERROR] RUNTIME(712966,10):2026-01-15-10:29:07.282.569 [error_message_manage.cc:53]712966 FuncErrorReason:rtMemcpy execute failed, reason=[the current capture mode does not support this operation]
[ERROR] ASCENDCL(712966,10):2026-01-15-10:29:07.282.829 [memory.cpp:437]712966 aclrtMemcpyImpl: synchronized memcpy failed, kind = 1, runtime result = 107030
[ERROR] RUNTIME(712966,10):2026-01-15-10:29:07.358.299 [api_error.cc:1519]712966 MemCopySync:Memory copy sync failed, cnt=416, kind=1.
[ERROR] RUNTIME(712966,10):2026-01-15-10:29:07.358.307 [api_c.cc:1197]712966 rtMemcpy:ErrCode=107030, desc=[the current capture mode does not support this operation], InnerCode=0x703001c
[ERROR] RUNTIME(712966,10):2026-01-15-10:29:07.358.310 [error_message_manage.cc:53]712966 FuncErrorReason:report error module_type=3, module_name=EE8888
[ERROR] RUNTIME(712966,10):2026-01-15-10:29:07.358.313 [error_message_manage.cc:53]712966 FuncErrorReason:rtMemcpy execute failed, reason=[the current capture mode does not support this operation]
[ERROR] ASCENDCL(712966,10):2026-01-15-10:29:07.358.538 [memory.cpp:437]712966 aclrtMemcpyImpl: synchronized memcpy failed, kind = 1, runtime result = 107030
[ERROR] RUNTIME(712966,10):2026-01-15-10:29:07.431.875 [api_error.cc:1519]712966 MemCopySync:Memory copy sync failed, cnt=72, kind=1.
[ERROR] RUNTIME(712966,10):2026-01-15-10:29:07.431.883 [api_c.cc:1197]712966 rtMemcpy:ErrCode=107030, desc=[the current capture mode does not support this operation], InnerCode=0x703001c
[ERROR] RUNTIME(712966,10):2026-01-15-10:29:07.431.886 [error_message_manage.cc:53]712966 FuncErrorReason:report error module_type=3, module_name=EE8888
[ERROR] RUNTIME(712966,10):2026-01-15-10:29:07.431.888 [error_message_manage.cc:53]712966 FuncErrorReason:rtMemcpy execute failed, reason=[the current capture mode does not support this operation]
[ERROR] ASCENDCL(712966,10):2026-01-15-10:29:07.432.078 [memory.cpp:437]712966 aclrtMemcpyImpl: synchronized memcpy failed, kind = 1, runtime result = 107030
[ERROR] RUNTIME(712966,10):2026-01-15-10:29:07.496.474 [api_error.cc:1519]712966 MemCopySync:Memory copy sync failed, cnt=416, kind=1.
[ERROR] RUNTIME(712966,10):2026-01-15-10:29:07.496.482 [api_c.cc:1197]712966 rtMemcpy:ErrCode=107030, desc=[the current capture mode does not support this operation], InnerCode=0x703001c
[ERROR] RUNTIME(712966,10):2026-01-15-10:29:07.496.485 [error_message_manage.cc:53]712966 FuncErrorReason:report error module_type=3, module_name=EE8888
[ERROR] RUNTIME(712966,10):2026-01-15-10:29:07.496.488 [error_message_manage.cc:53]712966 FuncErrorReason:rtMemcpy execute failed, reason=[the current capture mode does not support this operation]
[ERROR] ASCENDCL(712966,10):2026-01-15-10:29:07.496.724 [memory.cpp:437]712966 aclrtMemcpyImpl: synchronized memcpy failed, kind = 1, runtime result = 107030
[ERROR] RUNTIME(712966,10):2026-01-15-10:29:07.546.552 [api_error.cc:1519]712966 MemCopySync:Memory copy sync failed, cnt=72, kind=1.
[ERROR] RUNTIME(712966,10):2026-01-15-10:29:07.546.561 [api_c.cc:1197]712966 rtMemcpy:ErrCode=107030, desc=[the current capture mode does not support this operation], InnerCode=0x703001c
[ERROR] RUNTIME(712966,10):2026-01-15-10:29:07.546.563 [error_message_manage.cc:53]712966 FuncErrorReason:report error module_type=3, module_name=EE8888
[ERROR] RUNTIME(712966,10):2026-01-15-10:29:07.546.566 [error_message_manage.cc:53]712966 FuncErrorReason:rtMemcpy execute failed, reason=[the current capture mode does not support this operation]
[ERROR] ASCENDCL(712966,10):2026-01-15-10:29:07.546.769 [memory.cpp:437]712966 aclrtMemcpyImpl: synchronized memcpy failed, kind = 1, runtime result = 107030
[ERROR] RUNTIME(712966,10):2026-01-15-10:29:07.615.944 [api_error.cc:1519]712966 MemCopySync:Memory copy sync failed, cnt=416, kind=1.
[ERROR] RUNTIME(712966,10):2026-01-15-10:29:07.615.953 [api_c.cc:1197]712966 rtMemcpy:ErrCode=107030, desc=[the current capture mode does not support this operation], InnerCode=0x703001c
[ERROR] RUNTIME(712966,10):2026-01-15-10:29:07.615.955 [error_message_manage.cc:53]712966 FuncErrorReason:report error module_type=3, module_name=EE8888
[ERROR] RUNTIME(712966,10):2026-01-15-10:29:07.615.958 [error_message_manage.cc:53]712966 FuncErrorReason:rtMemcpy execute failed, reason=[the current capture mode does not support this operation]
[ERROR] ASCENDCL(712966,10):2026-01-15-10:29:07.616.140 [memory.cpp:437]712966 aclrtMemcpyImpl: synchronized memcpy failed, kind = 1, runtime result = 107030
[ERROR] RUNTIME(712966,10):2026-01-15-10:29:07.683.833 [api_error.cc:1519]712966 MemCopySync:Memory copy sync failed, cnt=72, kind=1.
[ERROR] RUNTIME(712966,10):2026-01-15-10:29:07.683.841 [api_c.cc:1197]712966 rtMemcpy:ErrCode=107030, desc=[the current capture mode does not support this operation], InnerCode=0x703001c
[ERROR] RUNTIME(712966,10):2026-01-15-10:29:07.683.843 [error_message_manage.cc:53]712966 FuncErrorReason:report error module_type=3, module_name=EE8888
[ERROR] RUNTIME(712966,10):2026-01-15-10:29:07.683.846 [error_message_manage.cc:53]712966 FuncErrorReason:rtMemcpy execute failed, reason=[the current capture mode does not support this operation]
[ERROR] ASCENDCL(712966,10):2026-01-15-10:29:07.684.073 [memory.cpp:437]712966 aclrtMemcpyImpl: synchronized memcpy failed, kind = 1, runtime result = 107030
[ERROR] RUNTIME(712966,10):2026-01-15-10:29:07.759.020 [api_error.cc:1519]712966 MemCopySync:Memory copy sync failed, cnt=416, kind=1.
[ERROR] RUNTIME(712966,10):2026-01-15-10:29:07.759.029 [api_c.cc:1197]712966 rtMemcpy:ErrCode=107030, desc=[the current capture mode does not support this operation], InnerCode=0x703001c
[ERROR] RUNTIME(712966,10):2026-01-15-10:29:07.759.032 [error_message_manage.cc:53]712966 FuncErrorReason:report error module_type=3, module_name=EE8888
[ERROR] RUNTIME(712966,10):2026-01-15-10:29:07.759.035 [error_message_manage.cc:53]712966 FuncErrorReason:rtMemcpy execute failed, reason=[the current capture mode does not support this operation]
[ERROR] ASCENDCL(712966,10):2026-01-15-10:29:07.759.237 [memory.cpp:437]712966 aclrtMemcpyImpl: synchronized memcpy failed, kind = 1, runtime result = 107030
[ERROR] RUNTIME(712966,10):2026-01-15-10:29:07.831.287 [api_error.cc:1519]712966 MemCopySync:Memory copy sync failed, cnt=72, kind=1.
[ERROR] RUNTIME(712966,10):2026-01-15-10:29:07.831.295 [api_c.cc:1197]712966 rtMemcpy:ErrCode=107030, desc=[the current capture mode does not support this operation], InnerCode=0x703001c
[ERROR] RUNTIME(712966,10):2026-01-15-10:29:07.831.298 [error_message_manage.cc:53]712966 FuncErrorReason:report error module_type=3, module_name=EE8888
[ERROR] RUNTIME(712966,10):2026-01-15-10:29:07.831.300 [error_message_manage.cc:53]712966 FuncErrorReason:rtMemcpy execute failed, reason=[the current capture mode does not support this operation]
[ERROR] ASCENDCL(712966,10):2026-01-15-10:29:07.831.517 [memory.cpp:437]712966 aclrtMemcpyImpl: synchronized memcpy failed, kind = 1, runtime result = 107030
[ERROR] RUNTIME(712966,10):2026-01-15-10:29:07.909.818 [api_error.cc:1519]712966 MemCopySync:Memory copy sync failed, cnt=416, kind=1.
[ERROR] RUNTIME(712966,10):2026-01-15-10:29:07.909.827 [api_c.cc:1197]712966 rtMemcpy:ErrCode=107030, desc=[the current capture mode does not support this operation], InnerCode=0x703001c
[ERROR] RUNTIME(712966,10):2026-01-15-10:29:07.909.829 [error_message_manage.cc:53]712966 FuncErrorReason:report error module_type=3, module_name=EE8888
[ERROR] RUNTIME(712966,10):2026-01-15-10:29:07.909.832 [error_message_manage.cc:53]712966 FuncErrorReason:rtMemcpy execute failed, reason=[the current capture mode does not support this operation]
[ERROR] ASCENDCL(712966,10):2026-01-15-10:29:07.910.056 [memory.cpp:437]712966 aclrtMemcpyImpl: synchronized memcpy failed, kind = 1, runtime result = 107030
[ERROR] RUNTIME(712966,10):2026-01-15-10:29:07.976.983 [api_error.cc:1519]712966 MemCopySync:Memory copy sync failed, cnt=72, kind=1.
[ERROR] RUNTIME(712966,10):2026-01-15-10:29:07.976.992 [api_c.cc:1197]712966 rtMemcpy:ErrCode=107030, desc=[the current capture mode does not support this operation], InnerCode=0x703001c
[ERROR] RUNTIME(712966,10):2026-01-15-10:29:07.976.994 [error_message_manage.cc:53]712966 FuncErrorReason:report error module_type=3, module_name=EE8888
[ERROR] RUNTIME(712966,10):2026-01-15-10:29:07.976.997 [error_message_manage.cc:53]712966 FuncErrorReason:rtMemcpy execute failed, reason=[the current capture mode does not support this operation]
[ERROR] ASCENDCL(712966,10):2026-01-15-10:29:07.977.152 [memory.cpp:437]712966 aclrtMemcpyImpl: synchronized memcpy failed, kind = 1, runtime result = 107030
[ERROR] RUNTIME(712966,10):2026-01-15-10:29:08.052.789 [api_error.cc:1519]712966 MemCopySync:Memory copy sync failed, cnt=416, kind=1.
[ERROR] RUNTIME(712966,10):2026-01-15-10:29:08.052.798 [api_c.cc:1197]712966 rtMemcpy:ErrCode=107030, desc=[the current capture mode does not support this operation], InnerCode=0x703001c
[ERROR] RUNTIME(712966,10):2026-01-15-10:29:08.052.800 [error_message_manage.cc:53]712966 FuncErrorReason:report error module_type=3, module_name=EE8888
[ERROR] RUNTIME(712966,10):2026-01-15-10:29:08.052.803 [error_message_manage.cc:53]712966 FuncErrorReason:rtMemcpy execute failed, reason=[the current capture mode does not support this operation]
[ERROR] ASCENDCL(712966,10):2026-01-15-10:29:08.053.019 [memory.cpp:437]712966 aclrtMemcpyImpl: synchronized memcpy failed, kind = 1, runtime result = 107030
[ERROR] RUNTIME(712966,10):2026-01-15-10:29:08.139.143 [api_error.cc:1519]712966 MemCopySync:Memory copy sync failed, cnt=72, kind=1.
[ERROR] RUNTIME(712966,10):2026-01-15-10:29:08.139.151 [api_c.cc:1197]712966 rtMemcpy:ErrCode=107030, desc=[the current capture mode does not support this operation], InnerCode=0x703001c
[ERROR] RUNTIME(712966,10):2026-01-15-10:29:08.139.154 [error_message_manage.cc:53]712966 FuncErrorReason:report error module_type=3, module_name=EE8888
[ERROR] RUNTIME(712966,10):2026-01-15-10:29:08.139.157 [error_message_manage.cc:53]712966 FuncErrorReason:rtMemcpy execute failed, reason=[the current capture mode does not support this operation]
[ERROR] ASCENDCL(712966,10):2026-01-15-10:29:08.139.383 [memory.cpp:437]712966 aclrtMemcpyImpl: synchronized memcpy failed, kind = 1, runtime result = 107030
[ERROR] RUNTIME(712966,10):2026-01-15-10:29:08.217.723 [api_error.cc:1519]712966 MemCopySync:Memory copy sync failed, cnt=416, kind=1.
[ERROR] RUNTIME(712966,10):2026-01-15-10:29:08.217.732 [api_c.cc:1197]712966 rtMemcpy:ErrCode=107030, desc=[the current capture mode does not support this operation], InnerCode=0x703001c
[ERROR] RUNTIME(712966,10):2026-01-15-10:29:08.217.735 [error_message_manage.cc:53]712966 FuncErrorReason:report error module_type=3, module_name=EE8888
[ERROR] RUNTIME(712966,10):2026-01-15-10:29:08.217.738 [error_message_manage.cc:53]712966 FuncErrorReason:rtMemcpy execute failed, reason=[the current capture mode does not support this operation]
[ERROR] ASCENDCL(712966,10):2026-01-15-10:29:08.217.913 [memory.cpp:437]712966 aclrtMemcpyImpl: synchronized memcpy failed, kind = 1, runtime result = 107030
[ERROR] RUNTIME(712966,10):2026-01-15-10:29:08.277.894 [api_error.cc:1519]712966 MemCopySync:Memory copy sync failed, cnt=72, kind=1.
[ERROR] RUNTIME(712966,10):2026-01-15-10:29:08.277.902 [api_c.cc:1197]712966 rtMemcpy:ErrCode=107030, desc=[the current capture mode does not support this operation], InnerCode=0x703001c
[ERROR] RUNTIME(712966,10):2026-01-15-10:29:08.277.904 [error_message_manage.cc:53]712966 FuncErrorReason:report error module_type=3, module_name=EE8888
[ERROR] RUNTIME(712966,10):2026-01-15-10:29:08.277.907 [error_message_manage.cc:53]712966 FuncErrorReason:rtMemcpy execute failed, reason=[the current capture mode does not support this operation]
[ERROR] ASCENDCL(712966,10):2026-01-15-10:29:08.278.128 [memory.cpp:437]712966 aclrtMemcpyImpl: synchronized memcpy failed, kind = 1, runtime result = 107030
[ERROR] RUNTIME(712966,10):2026-01-15-10:29:08.316.047 [api_error.cc:1519]712966 MemCopySync:Memory copy sync failed, cnt=416, kind=1.
[ERROR] RUNTIME(712966,10):2026-01-15-10:29:08.316.055 [api_c.cc:1197]712966 rtMemcpy:ErrCode=107030, desc=[the current capture mode does not support this operation], InnerCode=0x703001c
[ERROR] RUNTIME(712966,10):2026-01-15-10:29:08.316.058 [error_message_manage.cc:53]712966 FuncErrorReason:report error module_type=3, module_name=EE8888
[ERROR] RUNTIME(712966,10):2026-01-15-10:29:08.316.061 [error_message_manage.cc:53]712966 FuncErrorReason:rtMemcpy execute failed, reason=[the current capture mode does not support this operation]
[ERROR] ASCENDCL(712966,10):2026-01-15-10:29:08.316.284 [memory.cpp:437]712966 aclrtMemcpyImpl: synchronized memcpy failed, kind = 1, runtime result = 107030
[ERROR] RUNTIME(712966,10):2026-01-15-10:29:08.385.731 [api_error.cc:1519]712966 MemCopySync:Memory copy sync failed, cnt=72, kind=1.
[ERROR] RUNTIME(712966,10):2026-01-15-10:29:08.385.738 [api_c.cc:1197]712966 rtMemcpy:ErrCode=107030, desc=[the current capture mode does not support this operation], InnerCode=0x703001c
[ERROR] RUNTIME(712966,10):2026-01-15-10:29:08.385.741 [error_message_manage.cc:53]712966 FuncErrorReason:report error module_type=3, module_name=EE8888
[ERROR] RUNTIME(712966,10):2026-01-15-10:29:08.385.744 [error_message_manage.cc:53]712966 FuncErrorReason:rtMemcpy execute failed, reason=[the current capture mode does not support this operation]
[ERROR] ASCENDCL(712966,10):2026-01-15-10:29:08.385.921 [memory.cpp:437]712966 aclrtMemcpyImpl: synchronized memcpy failed, kind = 1, runtime result = 107030
[ERROR] RUNTIME(712966,10):2026-01-15-10:29:08.468.667 [api_error.cc:1519]712966 MemCopySync:Memory copy sync failed, cnt=416, kind=1.
[ERROR] RUNTIME(712966,10):2026-01-15-10:29:08.468.676 [api_c.cc:1197]712966 rtMemcpy:ErrCode=107030, desc=[the current capture mode does not support this operation], InnerCode=0x703001c
[ERROR] RUNTIME(712966,10):2026-01-15-10:29:08.468.679 [error_message_manage.cc:53]712966 FuncErrorReason:report error module_type=3, module_name=EE8888
[ERROR] RUNTIME(712966,10):2026-01-15-10:29:08.468.682 [error_message_manage.cc:53]712966 FuncErrorReason:rtMemcpy execute failed, reason=[the current capture mode does not support this operation]
[ERROR] ASCENDCL(712966,10):2026-01-15-10:29:08.468.852 [memory.cpp:437]712966 aclrtMemcpyImpl: synchronized memcpy failed, kind = 1, runtime result = 107030
[ERROR] RUNTIME(712966,10):2026-01-15-10:29:08.545.893 [api_error.cc:1519]712966 MemCopySync:Memory copy sync failed, cnt=72, kind=1.
[ERROR] RUNTIME(712966,10):2026-01-15-10:29:08.545.901 [api_c.cc:1197]712966 rtMemcpy:ErrCode=107030, desc=[the current capture mode does not support this operation], InnerCode=0x703001c
[ERROR] RUNTIME(712966,10):2026-01-15-10:29:08.545.904 [error_message_manage.cc:53]712966 FuncErrorReason:report error module_type=3, module_name=EE8888
[ERROR] RUNTIME(712966,10):2026-01-15-10:29:08.545.906 [error_message_manage.cc:53]712966 FuncErrorReason:rtMemcpy execute failed, reason=[the current capture mode does not support this operation]
[ERROR] ASCENDCL(712966,10):2026-01-15-10:29:08.546.100 [memory.cpp:437]712966 aclrtMemcpyImpl: synchronized memcpy failed, kind = 1, runtime result = 107030
[ERROR] RUNTIME(712966,10):2026-01-15-10:29:08.762.615 [api_c_stream.cc:412]712966 rtsStreamSetAttribute:report error module_name=EE1001
[ERROR] RUNTIME(712966,10):2026-01-15-10:29:08.762.620 [api_c_stream.cc:412]712966 rtsStreamSetAttribute:Invalid stream attribute ID: 4, Supported stream attribute IDs: [1, 4).
[ERROR] RUNTIME(712966,10):2026-01-15-10:29:08.762.653 [api_c_stream.cc:416]712966 rtsStreamSetAttribute:ErrCode=107000, desc=[invalid value], InnerCode=0x7110001
[ERROR] RUNTIME(712966,10):2026-01-15-10:29:08.762.655 [error_message_manage.cc:48]712966 FuncErrorReason:report error module_name=EE1001
[ERROR] RUNTIME(712966,10):2026-01-15-10:29:08.762.658 [error_message_manage.cc:48]712966 FuncErrorReason:rtsStreamSetAttribute execute failed, reason=[invalid value]
[ERROR] ASCENDCL(712966,10):2026-01-15-10:29:08.762.862 [stream.cpp:299]712966 aclrtSetStreamAttributeImpl: call rtsStreamSetAttribute failed, runtime result = 107000
[ERROR] RUNTIME(712966,10):2026-01-15-10:29:09.250.542 [api_c_stream.cc:412]712966 rtsStreamSetAttribute:report error module_name=EE1001
[ERROR] RUNTIME(712966,10):2026-01-15-10:29:09.250.548 [api_c_stream.cc:412]712966 rtsStreamSetAttribute:Invalid stream attribute ID: 4, Supported stream attribute IDs: [1, 4).
[ERROR] RUNTIME(712966,10):2026-01-15-10:29:09.250.581 [api_c_stream.cc:416]712966 rtsStreamSetAttribute:ErrCode=107000, desc=[invalid value], InnerCode=0x7110001
[ERROR] RUNTIME(712966,10):2026-01-15-10:29:09.250.584 [error_message_manage.cc:48]712966 FuncErrorReason:report error module_name=EE1001
[ERROR] RUNTIME(712966,10):2026-01-15-10:29:09.250.587 [error_message_manage.cc:48]712966 FuncErrorReason:rtsStreamSetAttribute execute failed, reason=[invalid value]
[ERROR] ASCENDCL(712966,10):2026-01-15-10:29:09.250.716 [stream.cpp:299]712966 aclrtSetStreamAttributeImpl: call rtsStreamSetAttribute failed, runtime result = 107000
[ERROR] RUNTIME(712966,10):2026-01-15-10:29:09.685.652 [api_error.cc:1519]712966 MemCopySync:Memory copy sync failed, cnt=416, kind=1.
[ERROR] RUNTIME(712966,10):2026-01-15-10:29:09.685.662 [api_c.cc:1197]712966 rtMemcpy:ErrCode=107030, desc=[the current capture mode does not support this operation], InnerCode=0x703001c
[ERROR] RUNTIME(712966,10):2026-01-15-10:29:09.685.665 [error_message_manage.cc:53]712966 FuncErrorReason:report error module_type=3, module_name=EE8888
[ERROR] RUNTIME(712966,10):2026-01-15-10:29:09.685.667 [error_message_manage.cc:53]712966 FuncErrorReason:rtMemcpy execute failed, reason=[the current capture mode does not support this operation]
[ERROR] ASCENDCL(712966,10):2026-01-15-10:29:09.685.878 [memory.cpp:437]712966 aclrtMemcpyImpl: synchronized memcpy failed, kind = 1, runtime result = 107030
[ERROR] RUNTIME(712966,10):2026-01-15-10:29:09.687.037 [api_error.cc:1519]712966 MemCopySync:Memory copy sync failed, cnt=72, kind=1.
[ERROR] RUNTIME(712966,10):2026-01-15-10:29:09.687.047 [api_c.cc:1197]712966 rtMemcpy:ErrCode=107030, desc=[the current capture mode does not support this operation], InnerCode=0x703001c
[ERROR] RUNTIME(712966,10):2026-01-15-10:29:09.687.049 [error_message_manage.cc:53]712966 FuncErrorReason:report error module_type=3, module_name=EE8888
[ERROR] RUNTIME(712966,10):2026-01-15-10:29:09.687.052 [error_message_manage.cc:53]712966 FuncErrorReason:rtMemcpy execute failed, reason=[the current capture mode does not support this operation]
[ERROR] ASCENDCL(712966,10):2026-01-15-10:29:09.687.194 [memory.cpp:437]712966 aclrtMemcpyImpl: synchronized memcpy failed, kind = 1, runtime result = 107030
[ERROR] RUNTIME(712966,10):2026-01-15-10:29:10.469.294 [api_error.cc:1519]712966 MemCopySync:Memory copy sync failed, cnt=416, kind=1.
[ERROR] RUNTIME(712966,10):2026-01-15-10:29:10.469.303 [api_c.cc:1197]712966 rtMemcpy:ErrCode=107030, desc=[the current capture mode does not support this operation], InnerCode=0x703001c
[ERROR] RUNTIME(712966,10):2026-01-15-10:29:10.469.306 [error_message_manage.cc:53]712966 FuncErrorReason:report error module_type=3, module_name=EE8888
[ERROR] RUNTIME(712966,10):2026-01-15-10:29:10.469.309 [error_message_manage.cc:53]712966 FuncErrorReason:rtMemcpy execute failed, reason=[the current capture mode does not support this operation]
[ERROR] ASCENDCL(712966,10):2026-01-15-10:29:10.469.493 [memory.cpp:437]712966 aclrtMemcpyImpl: synchronized memcpy failed, kind = 1, runtime result = 107030
[ERROR] RUNTIME(712966,10):2026-01-15-10:29:11.228.043 [api_error.cc:1519]712966 MemCopySync:Memory copy sync failed, cnt=72, kind=1.
[ERROR] RUNTIME(712966,10):2026-01-15-10:29:11.228.053 [api_c.cc:1197]712966 rtMemcpy:ErrCode=107030, desc=[the current capture mode does not support this operation], InnerCode=0x703001c
[ERROR] RUNTIME(712966,10):2026-01-15-10:29:11.228.056 [error_message_manage.cc:53]712966 FuncErrorReason:report error module_type=3, module_name=EE8888
[ERROR] RUNTIME(712966,10):2026-01-15-10:29:11.228.059 [error_message_manage.cc:53]712966 FuncErrorReason:rtMemcpy execute failed, reason=[the current capture mode does not support this operation]
[ERROR] ASCENDCL(712966,10):2026-01-15-10:29:11.228.341 [memory.cpp:437]712966 aclrtMemcpyImpl: synchronized memcpy failed, kind = 1, runtime result = 107030
[ERROR] RUNTIME(712966,10):2026-01-15-10:29:11.974.059 [api_error.cc:1519]712966 MemCopySync:Memory copy sync failed, cnt=416, kind=1.
[ERROR] RUNTIME(712966,10):2026-01-15-10:29:11.974.068 [api_c.cc:1197]712966 rtMemcpy:ErrCode=107030, desc=[the current capture mode does not support this operation], InnerCode=0x703001c
[ERROR] RUNTIME(712966,10):2026-01-15-10:29:11.974.071 [error_message_manage.cc:53]712966 FuncErrorReason:report error module_type=3, module_name=EE8888
[ERROR] RUNTIME(712966,10):2026-01-15-10:29:11.974.074 [error_message_manage.cc:53]712966 FuncErrorReason:rtMemcpy execute failed, reason=[the current capture mode does not support this operation]
[ERROR] ASCENDCL(712966,10):2026-01-15-10:29:11.974.327 [memory.cpp:437]712966 aclrtMemcpyImpl: synchronized memcpy failed, kind = 1, runtime result = 107030
[ERROR] RUNTIME(712966,10):2026-01-15-10:29:12.745.274 [api_error.cc:1519]712966 MemCopySync:Memory copy sync failed, cnt=72, kind=1.
[ERROR] RUNTIME(712966,10):2026-01-15-10:29:12.745.283 [api_c.cc:1197]712966 rtMemcpy:ErrCode=107030, desc=[the current capture mode does not support this operation], InnerCode=0x703001c
[ERROR] RUNTIME(712966,10):2026-01-15-10:29:12.745.286 [error_message_manage.cc:53]712966 FuncErrorReason:report error module_type=3, module_name=EE8888
[ERROR] RUNTIME(712966,10):2026-01-15-10:29:12.745.288 [error_message_manage.cc:53]712966 FuncErrorReason:rtMemcpy execute failed, reason=[the current capture mode does not support this operation]
[ERROR] ASCENDCL(712966,10):2026-01-15-10:29:12.745.517 [memory.cpp:437]712966 aclrtMemcpyImpl: synchronized memcpy failed, kind = 1, runtime result = 107030
[ERROR] RUNTIME(712966,10):2026-01-15-10:29:13.490.539 [api_error.cc:1519]712966 MemCopySync:Memory copy sync failed, cnt=416, kind=1.
[ERROR] RUNTIME(712966,10):2026-01-15-10:29:13.490.548 [api_c.cc:1197]712966 rtMemcpy:ErrCode=107030, desc=[the current capture mode does not support this operation], InnerCode=0x703001c
[ERROR] RUNTIME(712966,10):2026-01-15-10:29:13.490.551 [error_message_manage.cc:53]712966 FuncErrorReason:report error module_type=3, module_name=EE8888
[ERROR] RUNTIME(712966,10):2026-01-15-10:29:13.490.553 [error_message_manage.cc:53]712966 FuncErrorReason:rtMemcpy execute failed, reason=[the current capture mode does not support this operation]
[ERROR] ASCENDCL(712966,10):2026-01-15-10:29:13.490.775 [memory.cpp:437]712966 aclrtMemcpyImpl: synchronized memcpy failed, kind = 1, runtime result = 107030
[ERROR] RUNTIME(712966,10):2026-01-15-10:29:14.244.651 [api_error.cc:1519]712966 MemCopySync:Memory copy sync failed, cnt=72, kind=1.
[ERROR] RUNTIME(712966,10):2026-01-15-10:29:14.244.661 [api_c.cc:1197]712966 rtMemcpy:ErrCode=107030, desc=[the current capture mode does not support this operation], InnerCode=0x703001c
[ERROR] RUNTIME(712966,10):2026-01-15-10:29:14.244.664 [error_message_manage.cc:53]712966 FuncErrorReason:report error module_type=3, module_name=EE8888
[ERROR] RUNTIME(712966,10):2026-01-15-10:29:14.244.667 [error_message_manage.cc:53]712966 FuncErrorReason:rtMemcpy execute failed, reason=[the current capture mode does not support this operation]
[ERROR] ASCENDCL(712966,10):2026-01-15-10:29:14.244.894 [memory.cpp:437]712966 aclrtMemcpyImpl: synchronized memcpy failed, kind = 1, runtime result = 107030
[ERROR] RUNTIME(712966,10):2026-01-15-10:29:14.327.834 [api_error.cc:1519]712966 MemCopySync:Memory copy sync failed, cnt=416, kind=1.
[ERROR] RUNTIME(712966,10):2026-01-15-10:29:14.327.843 [api_c.cc:1197]712966 rtMemcpy:ErrCode=107030, desc=[the current capture mode does not support this operation], InnerCode=0x703001c
[ERROR] RUNTIME(712966,10):2026-01-15-10:29:14.327.846 [error_message_manage.cc:53]712966 FuncErrorReason:report error module_type=3, module_name=EE8888
[ERROR] RUNTIME(712966,10):2026-01-15-10:29:14.327.849 [error_message_manage.cc:53]712966 FuncErrorReason:rtMemcpy execute failed, reason=[the current capture mode does not support this operation]
[ERROR] ASCENDCL(712966,10):2026-01-15-10:29:14.328.100 [memory.cpp:437]712966 aclrtMemcpyImpl: synchronized memcpy failed, kind = 1, runtime result = 107030
[ERROR] RUNTIME(712966,10):2026-01-15-10:29:14.399.327 [api_error.cc:1519]712966 MemCopySync:Memory copy sync failed, cnt=72, kind=1.
[ERROR] RUNTIME(712966,10):2026-01-15-10:29:14.399.335 [api_c.cc:1197]712966 rtMemcpy:ErrCode=107030, desc=[the current capture mode does not support this operation], InnerCode=0x703001c
[ERROR] RUNTIME(712966,10):2026-01-15-10:29:14.399.338 [error_message_manage.cc:53]712966 FuncErrorReason:report error module_type=3, module_name=EE8888
[ERROR] RUNTIME(712966,10):2026-01-15-10:29:14.399.340 [error_message_manage.cc:53]712966 FuncErrorReason:rtMemcpy execute failed, reason=[the current capture mode does not support this operation]
[ERROR] ASCENDCL(712966,10):2026-01-15-10:29:14.399.500 [memory.cpp:437]712966 aclrtMemcpyImpl: synchronized memcpy failed, kind = 1, runtime result = 107030
[ERROR] RUNTIME(712966,10):2026-01-15-10:29:14.472.870 [api_error.cc:1519]712966 MemCopySync:Memory copy sync failed, cnt=416, kind=1.
[ERROR] RUNTIME(712966,10):2026-01-15-10:29:14.472.879 [api_c.cc:1197]712966 rtMemcpy:ErrCode=107030, desc=[the current capture mode does not support this operation], InnerCode=0x703001c
[ERROR] RUNTIME(712966,10):2026-01-15-10:29:14.472.882 [error_message_manage.cc:53]712966 FuncErrorReason:report error module_type=3, module_name=EE8888
[ERROR] RUNTIME(712966,10):2026-01-15-10:29:14.472.885 [error_message_manage.cc:53]712966 FuncErrorReason:rtMemcpy execute failed, reason=[the current capture mode does not support this operation]
[ERROR] ASCENDCL(712966,10):2026-01-15-10:29:14.473.081 [memory.cpp:437]712966 aclrtMemcpyImpl: synchronized memcpy failed, kind = 1, runtime result = 107030
[ERROR] RUNTIME(712966,10):2026-01-15-10:29:14.522.181 [api_error.cc:1519]712966 MemCopySync:Memory copy sync failed, cnt=72, kind=1.
[ERROR] RUNTIME(712966,10):2026-01-15-10:29:14.522.190 [api_c.cc:1197]712966 rtMemcpy:ErrCode=107030, desc=[the current capture mode does not support this operation], InnerCode=0x703001c
[ERROR] RUNTIME(712966,10):2026-01-15-10:29:14.522.193 [error_message_manage.cc:53]712966 FuncErrorReason:report error module_type=3, module_name=EE8888
[ERROR] RUNTIME(712966,10):2026-01-15-10:29:14.522.195 [error_message_manage.cc:53]712966 FuncErrorReason:rtMemcpy execute failed, reason=[the current capture mode does not support this operation]
[ERROR] ASCENDCL(712966,10):2026-01-15-10:29:14.522.417 [memory.cpp:437]712966 aclrtMemcpyImpl: synchronized memcpy failed, kind = 1, runtime result = 107030
[ERROR] RUNTIME(712966,10):2026-01-15-10:29:14.584.609 [api_error.cc:1519]712966 MemCopySync:Memory copy sync failed, cnt=416, kind=1.
[ERROR] RUNTIME(712966,10):2026-01-15-10:29:14.584.618 [api_c.cc:1197]712966 rtMemcpy:ErrCode=107030, desc=[the current capture mode does not support this operation], InnerCode=0x703001c
[ERROR] RUNTIME(712966,10):2026-01-15-10:29:14.584.620 [error_message_manage.cc:53]712966 FuncErrorReason:report error module_type=3, module_name=EE8888
[ERROR] RUNTIME(712966,10):2026-01-15-10:29:14.584.623 [error_message_manage.cc:53]712966 FuncErrorReason:rtMemcpy execute failed, reason=[the current capture mode does not support this operation]
[ERROR] ASCENDCL(712966,10):2026-01-15-10:29:14.584.803 [memory.cpp:437]712966 aclrtMemcpyImpl: synchronized memcpy failed, kind = 1, runtime result = 107030
[ERROR] RUNTIME(712966,10):2026-01-15-10:29:14.660.070 [api_error.cc:1519]712966 MemCopySync:Memory copy sync failed, cnt=72, kind=1.
[ERROR] RUNTIME(712966,10):2026-01-15-10:29:14.660.078 [api_c.cc:1197]712966 rtMemcpy:ErrCode=107030, desc=[the current capture mode does not support this operation], InnerCode=0x703001c
[ERROR] RUNTIME(712966,10):2026-01-15-10:29:14.660.081 [error_message_manage.cc:53]712966 FuncErrorReason:report error module_type=3, module_name=EE8888
[ERROR] RUNTIME(712966,10):2026-01-15-10:29:14.660.084 [error_message_manage.cc:53]712966 FuncErrorReason:rtMemcpy execute failed, reason=[the current capture mode does not support this operation]
[ERROR] ASCENDCL(712966,10):2026-01-15-10:29:14.660.248 [memory.cpp:437]712966 aclrtMemcpyImpl: synchronized memcpy failed, kind = 1, runtime result = 107030
[ERROR] RUNTIME(712966,10):2026-01-15-10:29:14.743.965 [api_error.cc:1519]712966 MemCopySync:Memory copy sync failed, cnt=416, kind=1.
[ERROR] RUNTIME(712966,10):2026-01-15-10:29:14.743.975 [api_c.cc:1197]712966 rtMemcpy:ErrCode=107030, desc=[the current capture mode does not support this operation], InnerCode=0x703001c
[ERROR] RUNTIME(712966,10):2026-01-15-10:29:14.743.978 [error_message_manage.cc:53]712966 FuncErrorReason:report error module_type=3, module_name=EE8888
[ERROR] RUNTIME(712966,10):2026-01-15-10:29:14.743.981 [error_message_manage.cc:53]712966 FuncErrorReason:rtMemcpy execute failed, reason=[the current capture mode does not support this operation]
[ERROR] ASCENDCL(712966,10):2026-01-15-10:29:14.744.194 [memory.cpp:437]712966 aclrtMemcpyImpl: synchronized memcpy failed, kind = 1, runtime result = 107030
[ERROR] RUNTIME(712966,10):2026-01-15-10:29:14.825.893 [api_error.cc:1519]712966 MemCopySync:Memory copy sync failed, cnt=72, kind=1.
[ERROR] RUNTIME(712966,10):2026-01-15-10:29:14.825.901 [api_c.cc:1197]712966 rtMemcpy:ErrCode=107030, desc=[the current capture mode does not support this operation], InnerCode=0x703001c
[ERROR] RUNTIME(712966,10):2026-01-15-10:29:14.825.904 [error_message_manage.cc:53]712966 FuncErrorReason:report error module_type=3, module_name=EE8888
[ERROR] RUNTIME(712966,10):2026-01-15-10:29:14.825.906 [error_message_manage.cc:53]712966 FuncErrorReason:rtMemcpy execute failed, reason=[the current capture mode does not support this operation]
[ERROR] ASCENDCL(712966,10):2026-01-15-10:29:14.826.149 [memory.cpp:437]712966 aclrtMemcpyImpl: synchronized memcpy failed, kind = 1, runtime result = 107030
[ERROR] RUNTIME(712966,10):2026-01-15-10:29:14.910.341 [api_error.cc:1519]712966 MemCopySync:Memory copy sync failed, cnt=416, kind=1.
[ERROR] RUNTIME(712966,10):2026-01-15-10:29:14.910.350 [api_c.cc:1197]712966 rtMemcpy:ErrCode=107030, desc=[the current capture mode does not support this operation], InnerCode=0x703001c
[ERROR] RUNTIME(712966,10):2026-01-15-10:29:14.910.353 [error_message_manage.cc:53]712966 FuncErrorReason:report error module_type=3, module_name=EE8888
[ERROR] RUNTIME(712966,10):2026-01-15-10:29:14.910.356 [error_message_manage.cc:53]712966 FuncErrorReason:rtMemcpy execute failed, reason=[the current capture mode does not support this operation]
[ERROR] ASCENDCL(712966,10):2026-01-15-10:29:14.910.629 [memory.cpp:437]712966 aclrtMemcpyImpl: synchronized memcpy failed, kind = 1, runtime result = 107030
[ERROR] RUNTIME(712966,10):2026-01-15-10:29:14.998.008 [api_error.cc:1519]712966 MemCopySync:Memory copy sync failed, cnt=72, kind=1.
[ERROR] RUNTIME(712966,10):2026-01-15-10:29:14.998.016 [api_c.cc:1197]712966 rtMemcpy:ErrCode=107030, desc=[the current capture mode does not support this operation], InnerCode=0x703001c
[ERROR] RUNTIME(712966,10):2026-01-15-10:29:14.998.019 [error_message_manage.cc:53]712966 FuncErrorReason:report error module_type=3, module_name=EE8888
[ERROR] RUNTIME(712966,10):2026-01-15-10:29:14.998.022 [error_message_manage.cc:53]712966 FuncErrorReason:rtMemcpy execute failed, reason=[the current capture mode does not support this operation]
[ERROR] ASCENDCL(712966,10):2026-01-15-10:29:14.998.203 [memory.cpp:437]712966 aclrtMemcpyImpl: synchronized memcpy failed, kind = 1, runtime result = 107030
[ERROR] RUNTIME(712966,10):2026-01-15-10:29:15.087.955 [api_error.cc:1519]712966 MemCopySync:Memory copy sync failed, cnt=416, kind=1.
[ERROR] RUNTIME(712966,10):2026-01-15-10:29:15.087.963 [api_c.cc:1197]712966 rtMemcpy:ErrCode=107030, desc=[the current capture mode does not support this operation], InnerCode=0x703001c
[ERROR] RUNTIME(712966,10):2026-01-15-10:29:15.087.966 [error_message_manage.cc:53]712966 FuncErrorReason:report error module_type=3, module_name=EE8888
[ERROR] RUNTIME(712966,10):2026-01-15-10:29:15.087.969 [error_message_manage.cc:53]712966 FuncErrorReason:rtMemcpy execute failed, reason=[the current capture mode does not support this operation]
[ERROR] ASCENDCL(712966,10):2026-01-15-10:29:15.088.106 [memory.cpp:437]712966 aclrtMemcpyImpl: synchronized memcpy failed, kind = 1, runtime result = 107030
[ERROR] RUNTIME(712966,10):2026-01-15-10:29:15.173.188 [api_error.cc:1519]712966 MemCopySync:Memory copy sync failed, cnt=72, kind=1.
[ERROR] RUNTIME(712966,10):2026-01-15-10:29:15.173.196 [api_c.cc:1197]712966 rtMemcpy:ErrCode=107030, desc=[the current capture mode does not support this operation], InnerCode=0x703001c
[ERROR] RUNTIME(712966,10):2026-01-15-10:29:15.173.198 [error_message_manage.cc:53]712966 FuncErrorReason:report error module_type=3, module_name=EE8888
[ERROR] RUNTIME(712966,10):2026-01-15-10:29:15.173.201 [error_message_manage.cc:53]712966 FuncErrorReason:rtMemcpy execute failed, reason=[the current capture mode does not support this operation]
[ERROR] ASCENDCL(712966,10):2026-01-15-10:29:15.173.423 [memory.cpp:437]712966 aclrtMemcpyImpl: synchronized memcpy failed, kind = 1, runtime result = 107030
[ERROR] RUNTIME(712966,10):2026-01-15-10:29:15.259.427 [api_error.cc:1519]712966 MemCopySync:Memory copy sync failed, cnt=416, kind=1.
[ERROR] RUNTIME(712966,10):2026-01-15-10:29:15.259.436 [api_c.cc:1197]712966 rtMemcpy:ErrCode=107030, desc=[the current capture mode does not support this operation], InnerCode=0x703001c
[ERROR] RUNTIME(712966,10):2026-01-15-10:29:15.259.439 [error_message_manage.cc:53]712966 FuncErrorReason:report error module_type=3, module_name=EE8888
[ERROR] RUNTIME(712966,10):2026-01-15-10:29:15.259.441 [error_message_manage.cc:53]712966 FuncErrorReason:rtMemcpy execute failed, reason=[the current capture mode does not support this operation]
[ERROR] ASCENDCL(712966,10):2026-01-15-10:29:15.259.636 [memory.cpp:437]712966 aclrtMemcpyImpl: synchronized memcpy failed, kind = 1, runtime result = 107030
[ERROR] RUNTIME(712966,10):2026-01-15-10:29:15.340.175 [api_error.cc:1519]712966 MemCopySync:Memory copy sync failed, cnt=72, kind=1.
[ERROR] RUNTIME(712966,10):2026-01-15-10:29:15.340.183 [api_c.cc:1197]712966 rtMemcpy:ErrCode=107030, desc=[the current capture mode does not support this operation], InnerCode=0x703001c
[ERROR] RUNTIME(712966,10):2026-01-15-10:29:15.340.186 [error_message_manage.cc:53]712966 FuncErrorReason:report error module_type=3, module_name=EE8888
[ERROR] RUNTIME(712966,10):2026-01-15-10:29:15.340.188 [error_message_manage.cc:53]712966 FuncErrorReason:rtMemcpy execute failed, reason=[the current capture mode does not support this operation]
[ERROR] ASCENDCL(712966,10):2026-01-15-10:29:15.340.398 [memory.cpp:437]712966 aclrtMemcpyImpl: synchronized memcpy failed, kind = 1, runtime result = 107030
[ERROR] RUNTIME(712966,10):2026-01-15-10:29:15.426.191 [api_error.cc:1519]712966 MemCopySync:Memory copy sync failed, cnt=416, kind=1.
[ERROR] RUNTIME(712966,10):2026-01-15-10:29:15.426.200 [api_c.cc:1197]712966 rtMemcpy:ErrCode=107030, desc=[the current capture mode does not support this operation], InnerCode=0x703001c
[ERROR] RUNTIME(712966,10):2026-01-15-10:29:15.426.203 [error_message_manage.cc:53]712966 FuncErrorReason:report error module_type=3, module_name=EE8888
[ERROR] RUNTIME(712966,10):2026-01-15-10:29:15.426.206 [error_message_manage.cc:53]712966 FuncErrorReason:rtMemcpy execute failed, reason=[the current capture mode does not support this operation]
[ERROR] ASCENDCL(712966,10):2026-01-15-10:29:15.426.376 [memory.cpp:437]712966 aclrtMemcpyImpl: synchronized memcpy failed, kind = 1, runtime result = 107030
[ERROR] RUNTIME(712966,10):2026-01-15-10:29:15.511.245 [api_error.cc:1519]712966 MemCopySync:Memory copy sync failed, cnt=72, kind=1.
[ERROR] RUNTIME(712966,10):2026-01-15-10:29:15.511.253 [api_c.cc:1197]712966 rtMemcpy:ErrCode=107030, desc=[the current capture mode does not support this operation], InnerCode=0x703001c
[ERROR] RUNTIME(712966,10):2026-01-15-10:29:15.511.256 [error_message_manage.cc:53]712966 FuncErrorReason:report error module_type=3, module_name=EE8888
[ERROR] RUNTIME(712966,10):2026-01-15-10:29:15.511.259 [error_message_manage.cc:53]712966 FuncErrorReason:rtMemcpy execute failed, reason=[the current capture mode does not support this operation]
[ERROR] ASCENDCL(712966,10):2026-01-15-10:29:15.511.532 [memory.cpp:437]712966 aclrtMemcpyImpl: synchronized memcpy failed, kind = 1, runtime result = 107030
[ERROR] RUNTIME(712966,10):2026-01-15-10:29:15.600.022 [api_error.cc:1519]712966 MemCopySync:Memory copy sync failed, cnt=416, kind=1.
[ERROR] RUNTIME(712966,10):2026-01-15-10:29:15.600.031 [api_c.cc:1197]712966 rtMemcpy:ErrCode=107030, desc=[the current capture mode does not support this operation], InnerCode=0x703001c
[ERROR] RUNTIME(712966,10):2026-01-15-10:29:15.600.034 [error_message_manage.cc:53]712966 FuncErrorReason:report error module_type=3, module_name=EE8888
[ERROR] RUNTIME(712966,10):2026-01-15-10:29:15.600.036 [error_message_manage.cc:53]712966 FuncErrorReason:rtMemcpy execute failed, reason=[the current capture mode does not support this operation]
[ERROR] ASCENDCL(712966,10):2026-01-15-10:29:15.600.214 [memory.cpp:437]712966 aclrtMemcpyImpl: synchronized memcpy failed, kind = 1, runtime result = 107030
[ERROR] RUNTIME(712966,10):2026-01-15-10:29:15.683.114 [api_error.cc:1519]712966 MemCopySync:Memory copy sync failed, cnt=72, kind=1.
[ERROR] RUNTIME(712966,10):2026-01-15-10:29:15.683.122 [api_c.cc:1197]712966 rtMemcpy:ErrCode=107030, desc=[the current capture mode does not support this operation], InnerCode=0x703001c
[ERROR] RUNTIME(712966,10):2026-01-15-10:29:15.683.125 [error_message_manage.cc:53]712966 FuncErrorReason:report error module_type=3, module_name=EE8888
[ERROR] RUNTIME(712966,10):2026-01-15-10:29:15.683.127 [error_message_manage.cc:53]712966 FuncErrorReason:rtMemcpy execute failed, reason=[the current capture mode does not support this operation]
[ERROR] ASCENDCL(712966,10):2026-01-15-10:29:15.683.276 [memory.cpp:437]712966 aclrtMemcpyImpl: synchronized memcpy failed, kind = 1, runtime result = 107030
[ERROR] RUNTIME(712966,10):2026-01-15-10:29:15.771.427 [api_error.cc:1519]712966 MemCopySync:Memory copy sync failed, cnt=416, kind=1.
[ERROR] RUNTIME(712966,10):2026-01-15-10:29:15.771.436 [api_c.cc:1197]712966 rtMemcpy:ErrCode=107030, desc=[the current capture mode does not support this operation], InnerCode=0x703001c
[ERROR] RUNTIME(712966,10):2026-01-15-10:29:15.771.439 [error_message_manage.cc:53]712966 FuncErrorReason:report error module_type=3, module_name=EE8888
[ERROR] RUNTIME(712966,10):2026-01-15-10:29:15.771.442 [error_message_manage.cc:53]712966 FuncErrorReason:rtMemcpy execute failed, reason=[the current capture mode does not support this operation]
[ERROR] ASCENDCL(712966,10):2026-01-15-10:29:15.771.649 [memory.cpp:437]712966 aclrtMemcpyImpl: synchronized memcpy failed, kind = 1, runtime result = 107030
[ERROR] RUNTIME(712966,10):2026-01-15-10:29:15.854.729 [api_error.cc:1519]712966 MemCopySync:Memory copy sync failed, cnt=72, kind=1.
[ERROR] RUNTIME(712966,10):2026-01-15-10:29:15.854.737 [api_c.cc:1197]712966 rtMemcpy:ErrCode=107030, desc=[the current capture mode does not support this operation], InnerCode=0x703001c
[ERROR] RUNTIME(712966,10):2026-01-15-10:29:15.854.740 [error_message_manage.cc:53]712966 FuncErrorReason:report error module_type=3, module_name=EE8888
[ERROR] RUNTIME(712966,10):2026-01-15-10:29:15.854.743 [error_message_manage.cc:53]712966 FuncErrorReason:rtMemcpy execute failed, reason=[the current capture mode does not support this operation]
[ERROR] ASCENDCL(712966,10):2026-01-15-10:29:15.854.924 [memory.cpp:437]712966 aclrtMemcpyImpl: synchronized memcpy failed, kind = 1, runtime result = 107030
[ERROR] RUNTIME(712966,10):2026-01-15-10:29:15.941.787 [api_error.cc:1519]712966 MemCopySync:Memory copy sync failed, cnt=416, kind=1.
[ERROR] RUNTIME(712966,10):2026-01-15-10:29:15.941.796 [api_c.cc:1197]712966 rtMemcpy:ErrCode=107030, desc=[the current capture mode does not support this operation], InnerCode=0x703001c
[ERROR] RUNTIME(712966,10):2026-01-15-10:29:15.941.800 [error_message_manage.cc:53]712966 FuncErrorReason:report error module_type=3, module_name=EE8888
[ERROR] RUNTIME(712966,10):2026-01-15-10:29:15.941.803 [error_message_manage.cc:53]712966 FuncErrorReason:rtMemcpy execute failed, reason=[the current capture mode does not support this operation]
[ERROR] ASCENDCL(712966,10):2026-01-15-10:29:15.942.004 [memory.cpp:437]712966 aclrtMemcpyImpl: synchronized memcpy failed, kind = 1, runtime result = 107030
[ERROR] RUNTIME(712966,10):2026-01-15-10:29:16.026.912 [api_error.cc:1519]712966 MemCopySync:Memory copy sync failed, cnt=72, kind=1.
[ERROR] RUNTIME(712966,10):2026-01-15-10:29:16.026.920 [api_c.cc:1197]712966 rtMemcpy:ErrCode=107030, desc=[the current capture mode does not support this operation], InnerCode=0x703001c
[ERROR] RUNTIME(712966,10):2026-01-15-10:29:16.026.923 [error_message_manage.cc:53]712966 FuncErrorReason:report error module_type=3, module_name=EE8888
[ERROR] RUNTIME(712966,10):2026-01-15-10:29:16.026.926 [error_message_manage.cc:53]712966 FuncErrorReason:rtMemcpy execute failed, reason=[the current capture mode does not support this operation]
[ERROR] ASCENDCL(712966,10):2026-01-15-10:29:16.027.089 [memory.cpp:437]712966 aclrtMemcpyImpl: synchronized memcpy failed, kind = 1, runtime result = 107030
[ERROR] RUNTIME(712966,10):2026-01-15-10:29:16.109.725 [api_error.cc:1519]712966 MemCopySync:Memory copy sync failed, cnt=416, kind=1.
[ERROR] RUNTIME(712966,10):2026-01-15-10:29:16.109.734 [api_c.cc:1197]712966 rtMemcpy:ErrCode=107030, desc=[the current capture mode does not support this operation], InnerCode=0x703001c
[ERROR] RUNTIME(712966,10):2026-01-15-10:29:16.109.737 [error_message_manage.cc:53]712966 FuncErrorReason:report error module_type=3, module_name=EE8888
[ERROR] RUNTIME(712966,10):2026-01-15-10:29:16.109.740 [error_message_manage.cc:53]712966 FuncErrorReason:rtMemcpy execute failed, reason=[the current capture mode does not support this operation]
[ERROR] ASCENDCL(712966,10):2026-01-15-10:29:16.109.952 [memory.cpp:437]712966 aclrtMemcpyImpl: synchronized memcpy failed, kind = 1, runtime result = 107030
[ERROR] RUNTIME(712966,10):2026-01-15-10:29:16.183.484 [api_error.cc:1519]712966 MemCopySync:Memory copy sync failed, cnt=72, kind=1.
[ERROR] RUNTIME(712966,10):2026-01-15-10:29:16.183.492 [api_c.cc:1197]712966 rtMemcpy:ErrCode=107030, desc=[the current capture mode does not support this operation], InnerCode=0x703001c
[ERROR] RUNTIME(712966,10):2026-01-15-10:29:16.183.495 [error_message_manage.cc:53]712966 FuncErrorReason:report error module_type=3, module_name=EE8888
[ERROR] RUNTIME(712966,10):2026-01-15-10:29:16.183.498 [error_message_manage.cc:53]712966 FuncErrorReason:rtMemcpy execute failed, reason=[the current capture mode does not support this operation]
[ERROR] ASCENDCL(712966,10):2026-01-15-10:29:16.183.665 [memory.cpp:437]712966 aclrtMemcpyImpl: synchronized memcpy failed, kind = 1, runtime result = 107030
[ERROR] RUNTIME(712966,10):2026-01-15-10:29:16.254.711 [api_error.cc:1519]712966 MemCopySync:Memory copy sync failed, cnt=416, kind=1.
[ERROR] RUNTIME(712966,10):2026-01-15-10:29:16.254.720 [api_c.cc:1197]712966 rtMemcpy:ErrCode=107030, desc=[the current capture mode does not support this operation], InnerCode=0x703001c
[ERROR] RUNTIME(712966,10):2026-01-15-10:29:16.254.722 [error_message_manage.cc:53]712966 FuncErrorReason:report error module_type=3, module_name=EE8888
[ERROR] RUNTIME(712966,10):2026-01-15-10:29:16.254.725 [error_message_manage.cc:53]712966 FuncErrorReason:rtMemcpy execute failed, reason=[the current capture mode does not support this operation]
[ERROR] ASCENDCL(712966,10):2026-01-15-10:29:16.254.935 [memory.cpp:437]712966 aclrtMemcpyImpl: synchronized memcpy failed, kind = 1, runtime result = 107030
[ERROR] RUNTIME(712966,10):2026-01-15-10:29:16.290.683 [api_error.cc:1519]712966 MemCopySync:Memory copy sync failed, cnt=72, kind=1.
[ERROR] RUNTIME(712966,10):2026-01-15-10:29:16.290.691 [api_c.cc:1197]712966 rtMemcpy:ErrCode=107030, desc=[the current capture mode does not support this operation], InnerCode=0x703001c
[ERROR] RUNTIME(712966,10):2026-01-15-10:29:16.290.694 [error_message_manage.cc:53]712966 FuncErrorReason:report error module_type=3, module_name=EE8888
[ERROR] RUNTIME(712966,10):2026-01-15-10:29:16.290.697 [error_message_manage.cc:53]712966 FuncErrorReason:rtMemcpy execute failed, reason=[the current capture mode does not support this operation]
[ERROR] ASCENDCL(712966,10):2026-01-15-10:29:16.290.843 [memory.cpp:437]712966 aclrtMemcpyImpl: synchronized memcpy failed, kind = 1, runtime result = 107030
[ERROR] RUNTIME(712966,10):2026-01-15-10:29:16.363.697 [api_error.cc:1519]712966 MemCopySync:Memory copy sync failed, cnt=416, kind=1.
[ERROR] RUNTIME(712966,10):2026-01-15-10:29:16.363.705 [api_c.cc:1197]712966 rtMemcpy:ErrCode=107030, desc=[the current capture mode does not support this operation], InnerCode=0x703001c
[ERROR] RUNTIME(712966,10):2026-01-15-10:29:16.363.708 [error_message_manage.cc:53]712966 FuncErrorReason:report error module_type=3, module_name=EE8888
[ERROR] RUNTIME(712966,10):2026-01-15-10:29:16.363.710 [error_message_manage.cc:53]712966 FuncErrorReason:rtMemcpy execute failed, reason=[the current capture mode does not support this operation]
[ERROR] ASCENDCL(712966,10):2026-01-15-10:29:16.363.877 [memory.cpp:437]712966 aclrtMemcpyImpl: synchronized memcpy failed, kind = 1, runtime result = 107030
[ERROR] RUNTIME(712966,10):2026-01-15-10:29:16.451.720 [api_error.cc:1519]712966 MemCopySync:Memory copy sync failed, cnt=72, kind=1.
[ERROR] RUNTIME(712966,10):2026-01-15-10:29:16.451.728 [api_c.cc:1197]712966 rtMemcpy:ErrCode=107030, desc=[the current capture mode does not support this operation], InnerCode=0x703001c
[ERROR] RUNTIME(712966,10):2026-01-15-10:29:16.451.731 [error_message_manage.cc:53]712966 FuncErrorReason:report error module_type=3, module_name=EE8888
[ERROR] RUNTIME(712966,10):2026-01-15-10:29:16.451.734 [error_message_manage.cc:53]712966 FuncErrorReason:rtMemcpy execute failed, reason=[the current capture mode does not support this operation]
[ERROR] ASCENDCL(712966,10):2026-01-15-10:29:16.451.931 [memory.cpp:437]712966 aclrtMemcpyImpl: synchronized memcpy failed, kind = 1, runtime result = 107030
[ERROR] RUNTIME(712966,10):2026-01-15-10:29:16.544.805 [api_error.cc:1519]712966 MemCopySync:Memory copy sync failed, cnt=416, kind=1.
[ERROR] RUNTIME(712966,10):2026-01-15-10:29:16.544.814 [api_c.cc:1197]712966 rtMemcpy:ErrCode=107030, desc=[the current capture mode does not support this operation], InnerCode=0x703001c
[ERROR] RUNTIME(712966,10):2026-01-15-10:29:16.544.817 [error_message_manage.cc:53]712966 FuncErrorReason:report error module_type=3, module_name=EE8888
[ERROR] RUNTIME(712966,10):2026-01-15-10:29:16.544.820 [error_message_manage.cc:53]712966 FuncErrorReason:rtMemcpy execute failed, reason=[the current capture mode does not support this operation]
[ERROR] ASCENDCL(712966,10):2026-01-15-10:29:16.545.032 [memory.cpp:437]712966 aclrtMemcpyImpl: synchronized memcpy failed, kind = 1, runtime result = 107030
[ERROR] RUNTIME(712966,10):2026-01-15-10:29:16.630.805 [api_error.cc:1519]712966 MemCopySync:Memory copy sync failed, cnt=72, kind=1.
[ERROR] RUNTIME(712966,10):2026-01-15-10:29:16.630.813 [api_c.cc:1197]712966 rtMemcpy:ErrCode=107030, desc=[the current capture mode does not support this operation], InnerCode=0x703001c
[ERROR] RUNTIME(712966,10):2026-01-15-10:29:16.630.815 [error_message_manage.cc:53]712966 FuncErrorReason:report error module_type=3, module_name=EE8888
[ERROR] RUNTIME(712966,10):2026-01-15-10:29:16.630.818 [error_message_manage.cc:53]712966 FuncErrorReason:rtMemcpy execute failed, reason=[the current capture mode does not support this operation]
[ERROR] ASCENDCL(712966,10):2026-01-15-10:29:16.630.993 [memory.cpp:437]712966 aclrtMemcpyImpl: synchronized memcpy failed, kind = 1, runtime result = 107030
[ERROR] RUNTIME(712966,10):2026-01-15-10:29:16.719.968 [api_error.cc:1519]712966 MemCopySync:Memory copy sync failed, cnt=416, kind=1.
[ERROR] RUNTIME(712966,10):2026-01-15-10:29:16.719.977 [api_c.cc:1197]712966 rtMemcpy:ErrCode=107030, desc=[the current capture mode does not support this operation], InnerCode=0x703001c
[ERROR] RUNTIME(712966,10):2026-01-15-10:29:16.719.979 [error_message_manage.cc:53]712966 FuncErrorReason:report error module_type=3, module_name=EE8888
[ERROR] RUNTIME(712966,10):2026-01-15-10:29:16.719.982 [error_message_manage.cc:53]712966 FuncErrorReason:rtMemcpy execute failed, reason=[the current capture mode does not support this operation]
[ERROR] ASCENDCL(712966,10):2026-01-15-10:29:16.720.180 [memory.cpp:437]712966 aclrtMemcpyImpl: synchronized memcpy failed, kind = 1, runtime result = 107030
[ERROR] RUNTIME(712966,10):2026-01-15-10:29:16.798.201 [api_error.cc:1519]712966 MemCopySync:Memory copy sync failed, cnt=72, kind=1.
[ERROR] RUNTIME(712966,10):2026-01-15-10:29:16.798.209 [api_c.cc:1197]712966 rtMemcpy:ErrCode=107030, desc=[the current capture mode does not support this operation], InnerCode=0x703001c
[ERROR] RUNTIME(712966,10):2026-01-15-10:29:16.798.212 [error_message_manage.cc:53]712966 FuncErrorReason:report error module_type=3, module_name=EE8888
[ERROR] RUNTIME(712966,10):2026-01-15-10:29:16.798.215 [error_message_manage.cc:53]712966 FuncErrorReason:rtMemcpy execute failed, reason=[the current capture mode does not support this operation]
[ERROR] ASCENDCL(712966,10):2026-01-15-10:29:16.798.382 [memory.cpp:437]712966 aclrtMemcpyImpl: synchronized memcpy failed, kind = 1, runtime result = 107030
[ERROR] RUNTIME(712966,10):2026-01-15-10:29:16.876.423 [api_error.cc:1519]712966 MemCopySync:Memory copy sync failed, cnt=416, kind=1.
[ERROR] RUNTIME(712966,10):2026-01-15-10:29:16.876.431 [api_c.cc:1197]712966 rtMemcpy:ErrCode=107030, desc=[the current capture mode does not support this operation], InnerCode=0x703001c
[ERROR] RUNTIME(712966,10):2026-01-15-10:29:16.876.434 [error_message_manage.cc:53]712966 FuncErrorReason:report error module_type=3, module_name=EE8888
[ERROR] RUNTIME(712966,10):2026-01-15-10:29:16.876.437 [error_message_manage.cc:53]712966 FuncErrorReason:rtMemcpy execute failed, reason=[the current capture mode does not support this operation]
[ERROR] ASCENDCL(712966,10):2026-01-15-10:29:16.876.625 [memory.cpp:437]712966 aclrtMemcpyImpl: synchronized memcpy failed, kind = 1, runtime result = 107030
[ERROR] RUNTIME(712966,10):2026-01-15-10:29:16.958.142 [api_error.cc:1519]712966 MemCopySync:Memory copy sync failed, cnt=72, kind=1.
[ERROR] RUNTIME(712966,10):2026-01-15-10:29:16.958.150 [api_c.cc:1197]712966 rtMemcpy:ErrCode=107030, desc=[the current capture mode does not support this operation], InnerCode=0x703001c
[ERROR] RUNTIME(712966,10):2026-01-15-10:29:16.958.153 [error_message_manage.cc:53]712966 FuncErrorReason:report error module_type=3, module_name=EE8888
[ERROR] RUNTIME(712966,10):2026-01-15-10:29:16.958.156 [error_message_manage.cc:53]712966 FuncErrorReason:rtMemcpy execute failed, reason=[the current capture mode does not support this operation]
[ERROR] ASCENDCL(712966,10):2026-01-15-10:29:16.958.362 [memory.cpp:437]712966 aclrtMemcpyImpl: synchronized memcpy failed, kind = 1, runtime result = 107030
[ERROR] RUNTIME(712966,10):2026-01-15-10:29:17.033.441 [api_error.cc:1519]712966 MemCopySync:Memory copy sync failed, cnt=416, kind=1.
[ERROR] RUNTIME(712966,10):2026-01-15-10:29:17.033.450 [api_c.cc:1197]712966 rtMemcpy:ErrCode=107030, desc=[the current capture mode does not support this operation], InnerCode=0x703001c
[ERROR] RUNTIME(712966,10):2026-01-15-10:29:17.033.453 [error_message_manage.cc:53]712966 FuncErrorReason:report error module_type=3, module_name=EE8888
[ERROR] RUNTIME(712966,10):2026-01-15-10:29:17.033.456 [error_message_manage.cc:53]712966 FuncErrorReason:rtMemcpy execute failed, reason=[the current capture mode does not support this operation]
[ERROR] ASCENDCL(712966,10):2026-01-15-10:29:17.033.649 [memory.cpp:437]712966 aclrtMemcpyImpl: synchronized memcpy failed, kind = 1, runtime result = 107030
[ERROR] RUNTIME(712966,10):2026-01-15-10:29:17.105.862 [api_error.cc:1519]712966 MemCopySync:Memory copy sync failed, cnt=72, kind=1.
[ERROR] RUNTIME(712966,10):2026-01-15-10:29:17.105.870 [api_c.cc:1197]712966 rtMemcpy:ErrCode=107030, desc=[the current capture mode does not support this operation], InnerCode=0x703001c
[ERROR] RUNTIME(712966,10):2026-01-15-10:29:17.105.872 [error_message_manage.cc:53]712966 FuncErrorReason:report error module_type=3, module_name=EE8888
[ERROR] RUNTIME(712966,10):2026-01-15-10:29:17.105.875 [error_message_manage.cc:53]712966 FuncErrorReason:rtMemcpy execute failed, reason=[the current capture mode does not support this operation]
[ERROR] ASCENDCL(712966,10):2026-01-15-10:29:17.106.090 [memory.cpp:437]712966 aclrtMemcpyImpl: synchronized memcpy failed, kind = 1, runtime result = 107030
[ERROR] RUNTIME(712966,10):2026-01-15-10:29:17.180.068 [api_error.cc:1519]712966 MemCopySync:Memory copy sync failed, cnt=416, kind=1.
[ERROR] RUNTIME(712966,10):2026-01-15-10:29:17.180.077 [api_c.cc:1197]712966 rtMemcpy:ErrCode=107030, desc=[the current capture mode does not support this operation], InnerCode=0x703001c
[ERROR] RUNTIME(712966,10):2026-01-15-10:29:17.180.080 [error_message_manage.cc:53]712966 FuncErrorReason:report error module_type=3, module_name=EE8888
[ERROR] RUNTIME(712966,10):2026-01-15-10:29:17.180.083 [error_message_manage.cc:53]712966 FuncErrorReason:rtMemcpy execute failed, reason=[the current capture mode does not support this operation]
[ERROR] ASCENDCL(712966,10):2026-01-15-10:29:17.180.263 [memory.cpp:437]712966 aclrtMemcpyImpl: synchronized memcpy failed, kind = 1, runtime result = 107030
[ERROR] RUNTIME(712966,10):2026-01-15-10:29:17.247.069 [api_error.cc:1519]712966 MemCopySync:Memory copy sync failed, cnt=72, kind=1.
[ERROR] RUNTIME(712966,10):2026-01-15-10:29:17.247.077 [api_c.cc:1197]712966 rtMemcpy:ErrCode=107030, desc=[the current capture mode does not support this operation], InnerCode=0x703001c
[ERROR] RUNTIME(712966,10):2026-01-15-10:29:17.247.080 [error_message_manage.cc:53]712966 FuncErrorReason:report error module_type=3, module_name=EE8888
[ERROR] RUNTIME(712966,10):2026-01-15-10:29:17.247.083 [error_message_manage.cc:53]712966 FuncErrorReason:rtMemcpy execute failed, reason=[the current capture mode does not support this operation]
[ERROR] ASCENDCL(712966,10):2026-01-15-10:29:17.247.252 [memory.cpp:437]712966 aclrtMemcpyImpl: synchronized memcpy failed, kind = 1, runtime result = 107030
[ERROR] RUNTIME(712966,10):2026-01-15-10:29:17.312.275 [api_error.cc:1519]712966 MemCopySync:Memory copy sync failed, cnt=416, kind=1.
[ERROR] RUNTIME(712966,10):2026-01-15-10:29:17.312.284 [api_c.cc:1197]712966 rtMemcpy:ErrCode=107030, desc=[the current capture mode does not support this operation], InnerCode=0x703001c
[ERROR] RUNTIME(712966,10):2026-01-15-10:29:17.312.287 [error_message_manage.cc:53]712966 FuncErrorReason:report error module_type=3, module_name=EE8888
[ERROR] RUNTIME(712966,10):2026-01-15-10:29:17.312.290 [error_message_manage.cc:53]712966 FuncErrorReason:rtMemcpy execute failed, reason=[the current capture mode does not support this operation]
[ERROR] ASCENDCL(712966,10):2026-01-15-10:29:17.312.508 [memory.cpp:437]712966 aclrtMemcpyImpl: synchronized memcpy failed, kind = 1, runtime result = 107030
[ERROR] RUNTIME(712966,10):2026-01-15-10:29:17.372.601 [api_error.cc:1519]712966 MemCopySync:Memory copy sync failed, cnt=72, kind=1.
[ERROR] RUNTIME(712966,10):2026-01-15-10:29:17.372.609 [api_c.cc:1197]712966 rtMemcpy:ErrCode=107030, desc=[the current capture mode does not support this operation], InnerCode=0x703001c
[ERROR] RUNTIME(712966,10):2026-01-15-10:29:17.372.612 [error_message_manage.cc:53]712966 FuncErrorReason:report error module_type=3, module_name=EE8888
[ERROR] RUNTIME(712966,10):2026-01-15-10:29:17.372.615 [error_message_manage.cc:53]712966 FuncErrorReason:rtMemcpy execute failed, reason=[the current capture mode does not support this operation]
[ERROR] ASCENDCL(712966,10):2026-01-15-10:29:17.372.781 [memory.cpp:437]712966 aclrtMemcpyImpl: synchronized memcpy failed, kind = 1, runtime result = 107030
[ERROR] RUNTIME(712966,10):2026-01-15-10:29:17.437.604 [api_error.cc:1519]712966 MemCopySync:Memory copy sync failed, cnt=416, kind=1.
[ERROR] RUNTIME(712966,10):2026-01-15-10:29:17.437.613 [api_c.cc:1197]712966 rtMemcpy:ErrCode=107030, desc=[the current capture mode does not support this operation], InnerCode=0x703001c
[ERROR] RUNTIME(712966,10):2026-01-15-10:29:17.437.616 [error_message_manage.cc:53]712966 FuncErrorReason:report error module_type=3, module_name=EE8888
[ERROR] RUNTIME(712966,10):2026-01-15-10:29:17.437.619 [error_message_manage.cc:53]712966 FuncErrorReason:rtMemcpy execute failed, reason=[the current capture mode does not support this operation]
[ERROR] ASCENDCL(712966,10):2026-01-15-10:29:17.437.808 [memory.cpp:437]712966 aclrtMemcpyImpl: synchronized memcpy failed, kind = 1, runtime result = 107030
[ERROR] RUNTIME(712966,10):2026-01-15-10:29:17.507.662 [api_error.cc:1519]712966 MemCopySync:Memory copy sync failed, cnt=72, kind=1.
[ERROR] RUNTIME(712966,10):2026-01-15-10:29:17.507.670 [api_c.cc:1197]712966 rtMemcpy:ErrCode=107030, desc=[the current capture mode does not support this operation], InnerCode=0x703001c
[ERROR] RUNTIME(712966,10):2026-01-15-10:29:17.507.672 [error_message_manage.cc:53]712966 FuncErrorReason:report error module_type=3, module_name=EE8888
[ERROR] RUNTIME(712966,10):2026-01-15-10:29:17.507.675 [error_message_manage.cc:53]712966 FuncErrorReason:rtMemcpy execute failed, reason=[the current capture mode does not support this operation]
[ERROR] ASCENDCL(712966,10):2026-01-15-10:29:17.507.903 [memory.cpp:437]712966 aclrtMemcpyImpl: synchronized memcpy failed, kind = 1, runtime result = 107030
[ERROR] RUNTIME(712966,10):2026-01-15-10:29:17.583.601 [api_error.cc:1519]712966 MemCopySync:Memory copy sync failed, cnt=416, kind=1.
[ERROR] RUNTIME(712966,10):2026-01-15-10:29:17.583.610 [api_c.cc:1197]712966 rtMemcpy:ErrCode=107030, desc=[the current capture mode does not support this operation], InnerCode=0x703001c
[ERROR] RUNTIME(712966,10):2026-01-15-10:29:17.583.613 [error_message_manage.cc:53]712966 FuncErrorReason:report error module_type=3, module_name=EE8888
[ERROR] RUNTIME(712966,10):2026-01-15-10:29:17.583.616 [error_message_manage.cc:53]712966 FuncErrorReason:rtMemcpy execute failed, reason=[the current capture mode does not support this operation]
[ERROR] ASCENDCL(712966,10):2026-01-15-10:29:17.583.818 [memory.cpp:437]712966 aclrtMemcpyImpl: synchronized memcpy failed, kind = 1, runtime result = 107030
[ERROR] RUNTIME(712966,10):2026-01-15-10:29:17.652.690 [api_error.cc:1519]712966 MemCopySync:Memory copy sync failed, cnt=72, kind=1.
[ERROR] RUNTIME(712966,10):2026-01-15-10:29:17.652.698 [api_c.cc:1197]712966 rtMemcpy:ErrCode=107030, desc=[the current capture mode does not support this operation], InnerCode=0x703001c
[ERROR] RUNTIME(712966,10):2026-01-15-10:29:17.652.700 [error_message_manage.cc:53]712966 FuncErrorReason:report error module_type=3, module_name=EE8888
[ERROR] RUNTIME(712966,10):2026-01-15-10:29:17.652.703 [error_message_manage.cc:53]712966 FuncErrorReason:rtMemcpy execute failed, reason=[the current capture mode does not support this operation]
[ERROR] ASCENDCL(712966,10):2026-01-15-10:29:17.652.865 [memory.cpp:437]712966 aclrtMemcpyImpl: synchronized memcpy failed, kind = 1, runtime result = 107030
[ERROR] RUNTIME(712966,10):2026-01-15-10:29:17.724.865 [api_error.cc:1519]712966 MemCopySync:Memory copy sync failed, cnt=416, kind=1.
[ERROR] RUNTIME(712966,10):2026-01-15-10:29:17.724.875 [api_c.cc:1197]712966 rtMemcpy:ErrCode=107030, desc=[the current capture mode does not support this operation], InnerCode=0x703001c
[ERROR] RUNTIME(712966,10):2026-01-15-10:29:17.724.878 [error_message_manage.cc:53]712966 FuncErrorReason:report error module_type=3, module_name=EE8888
[ERROR] RUNTIME(712966,10):2026-01-15-10:29:17.724.881 [error_message_manage.cc:53]712966 FuncErrorReason:rtMemcpy execute failed, reason=[the current capture mode does not support this operation]
[ERROR] ASCENDCL(712966,10):2026-01-15-10:29:17.725.087 [memory.cpp:437]712966 aclrtMemcpyImpl: synchronized memcpy failed, kind = 1, runtime result = 107030
[ERROR] RUNTIME(712966,10):2026-01-15-10:29:17.793.719 [api_error.cc:1519]712966 MemCopySync:Memory copy sync failed, cnt=72, kind=1.
[ERROR] RUNTIME(712966,10):2026-01-15-10:29:17.793.727 [api_c.cc:1197]712966 rtMemcpy:ErrCode=107030, desc=[the current capture mode does not support this operation], InnerCode=0x703001c
[ERROR] RUNTIME(712966,10):2026-01-15-10:29:17.793.730 [error_message_manage.cc:53]712966 FuncErrorReason:report error module_type=3, module_name=EE8888
[ERROR] RUNTIME(712966,10):2026-01-15-10:29:17.793.733 [error_message_manage.cc:53]712966 FuncErrorReason:rtMemcpy execute failed, reason=[the current capture mode does not support this operation]
[ERROR] ASCENDCL(712966,10):2026-01-15-10:29:17.793.939 [memory.cpp:437]712966 aclrtMemcpyImpl: synchronized memcpy failed, kind = 1, runtime result = 107030
[ERROR] RUNTIME(712966,10):2026-01-15-10:29:17.853.865 [api_error.cc:1519]712966 MemCopySync:Memory copy sync failed, cnt=416, kind=1.
[ERROR] RUNTIME(712966,10):2026-01-15-10:29:17.853.874 [api_c.cc:1197]712966 rtMemcpy:ErrCode=107030, desc=[the current capture mode does not support this operation], InnerCode=0x703001c
[ERROR] RUNTIME(712966,10):2026-01-15-10:29:17.853.877 [error_message_manage.cc:53]712966 FuncErrorReason:report error module_type=3, module_name=EE8888
[ERROR] RUNTIME(712966,10):2026-01-15-10:29:17.853.879 [error_message_manage.cc:53]712966 FuncErrorReason:rtMemcpy execute failed, reason=[the current capture mode does not support this operation]
[ERROR] ASCENDCL(712966,10):2026-01-15-10:29:17.854.049 [memory.cpp:437]712966 aclrtMemcpyImpl: synchronized memcpy failed, kind = 1, runtime result = 107030
[ERROR] RUNTIME(712966,10):2026-01-15-10:29:17.897.884 [api_error.cc:1519]712966 MemCopySync:Memory copy sync failed, cnt=72, kind=1.
[ERROR] RUNTIME(712966,10):2026-01-15-10:29:17.897.892 [api_c.cc:1197]712966 rtMemcpy:ErrCode=107030, desc=[the current capture mode does not support this operation], InnerCode=0x703001c
[ERROR] RUNTIME(712966,10):2026-01-15-10:29:17.897.895 [error_message_manage.cc:53]712966 FuncErrorReason:report error module_type=3, module_name=EE8888
[ERROR] RUNTIME(712966,10):2026-01-15-10:29:17.897.897 [error_message_manage.cc:53]712966 FuncErrorReason:rtMemcpy execute failed, reason=[the current capture mode does not support this operation]
[ERROR] ASCENDCL(712966,10):2026-01-15-10:29:17.898.057 [memory.cpp:437]712966 aclrtMemcpyImpl: synchronized memcpy failed, kind = 1, runtime result = 107030
[ERROR] RUNTIME(712966,10):2026-01-15-10:29:17.964.441 [api_error.cc:1519]712966 MemCopySync:Memory copy sync failed, cnt=416, kind=1.
[ERROR] RUNTIME(712966,10):2026-01-15-10:29:17.964.449 [api_c.cc:1197]712966 rtMemcpy:ErrCode=107030, desc=[the current capture mode does not support this operation], InnerCode=0x703001c
[ERROR] RUNTIME(712966,10):2026-01-15-10:29:17.964.452 [error_message_manage.cc:53]712966 FuncErrorReason:report error module_type=3, module_name=EE8888
[ERROR] RUNTIME(712966,10):2026-01-15-10:29:17.964.455 [error_message_manage.cc:53]712966 FuncErrorReason:rtMemcpy execute failed, reason=[the current capture mode does not support this operation]
[ERROR] ASCENDCL(712966,10):2026-01-15-10:29:17.964.653 [memory.cpp:437]712966 aclrtMemcpyImpl: synchronized memcpy failed, kind = 1, runtime result = 107030
[ERROR] RUNTIME(712966,10):2026-01-15-10:29:18.048.281 [api_error.cc:1519]712966 MemCopySync:Memory copy sync failed, cnt=72, kind=1.
[ERROR] RUNTIME(712966,10):2026-01-15-10:29:18.048.290 [api_c.cc:1197]712966 rtMemcpy:ErrCode=107030, desc=[the current capture mode does not support this operation], InnerCode=0x703001c
[ERROR] RUNTIME(712966,10):2026-01-15-10:29:18.048.292 [error_message_manage.cc:53]712966 FuncErrorReason:report error module_type=3, module_name=EE8888
[ERROR] RUNTIME(712966,10):2026-01-15-10:29:18.048.295 [error_message_manage.cc:53]712966 FuncErrorReason:rtMemcpy execute failed, reason=[the current capture mode does not support this operation]
[ERROR] ASCENDCL(712966,10):2026-01-15-10:29:18.048.463 [memory.cpp:437]712966 aclrtMemcpyImpl: synchronized memcpy failed, kind = 1, runtime result = 107030
[ERROR] RUNTIME(712966,10):2026-01-15-10:29:18.126.229 [api_error.cc:1519]712966 MemCopySync:Memory copy sync failed, cnt=416, kind=1.
[ERROR] RUNTIME(712966,10):2026-01-15-10:29:18.126.238 [api_c.cc:1197]712966 rtMemcpy:ErrCode=107030, desc=[the current capture mode does not support this operation], InnerCode=0x703001c
[ERROR] RUNTIME(712966,10):2026-01-15-10:29:18.126.241 [error_message_manage.cc:53]712966 FuncErrorReason:report error module_type=3, module_name=EE8888
[ERROR] RUNTIME(712966,10):2026-01-15-10:29:18.126.244 [error_message_manage.cc:53]712966 FuncErrorReason:rtMemcpy execute failed, reason=[the current capture mode does not support this operation]
[ERROR] ASCENDCL(712966,10):2026-01-15-10:29:18.126.497 [memory.cpp:437]712966 aclrtMemcpyImpl: synchronized memcpy failed, kind = 1, runtime result = 107030
[ERROR] RUNTIME(712966,10):2026-01-15-10:29:18.203.916 [api_error.cc:1519]712966 MemCopySync:Memory copy sync failed, cnt=72, kind=1.
[ERROR] RUNTIME(712966,10):2026-01-15-10:29:18.203.924 [api_c.cc:1197]712966 rtMemcpy:ErrCode=107030, desc=[the current capture mode does not support this operation], InnerCode=0x703001c
[ERROR] RUNTIME(712966,10):2026-01-15-10:29:18.203.927 [error_message_manage.cc:53]712966 FuncErrorReason:report error module_type=3, module_name=EE8888
[ERROR] RUNTIME(712966,10):2026-01-15-10:29:18.203.930 [error_message_manage.cc:53]712966 FuncErrorReason:rtMemcpy execute failed, reason=[the current capture mode does not support this operation]
[ERROR] ASCENDCL(712966,10):2026-01-15-10:29:18.204.102 [memory.cpp:437]712966 aclrtMemcpyImpl: synchronized memcpy failed, kind = 1, runtime result = 107030
[ERROR] RUNTIME(712966,10):2026-01-15-10:29:18.279.256 [api_error.cc:1519]712966 MemCopySync:Memory copy sync failed, cnt=416, kind=1.
[ERROR] RUNTIME(712966,10):2026-01-15-10:29:18.279.265 [api_c.cc:1197]712966 rtMemcpy:ErrCode=107030, desc=[the current capture mode does not support this operation], InnerCode=0x703001c
[ERROR] RUNTIME(712966,10):2026-01-15-10:29:18.279.268 [error_message_manage.cc:53]712966 FuncErrorReason:report error module_type=3, module_name=EE8888
[ERROR] RUNTIME(712966,10):2026-01-15-10:29:18.279.270 [error_message_manage.cc:53]712966 FuncErrorReason:rtMemcpy execute failed, reason=[the current capture mode does not support this operation]
[ERROR] ASCENDCL(712966,10):2026-01-15-10:29:18.279.463 [memory.cpp:437]712966 aclrtMemcpyImpl: synchronized memcpy failed, kind = 1, runtime result = 107030
[ERROR] RUNTIME(712966,10):2026-01-15-10:29:18.355.641 [api_error.cc:1519]712966 MemCopySync:Memory copy sync failed, cnt=72, kind=1.
[ERROR] RUNTIME(712966,10):2026-01-15-10:29:18.355.650 [api_c.cc:1197]712966 rtMemcpy:ErrCode=107030, desc=[the current capture mode does not support this operation], InnerCode=0x703001c
[ERROR] RUNTIME(712966,10):2026-01-15-10:29:18.355.653 [error_message_manage.cc:53]712966 FuncErrorReason:report error module_type=3, module_name=EE8888
[ERROR] RUNTIME(712966,10):2026-01-15-10:29:18.355.655 [error_message_manage.cc:53]712966 FuncErrorReason:rtMemcpy execute failed, reason=[the current capture mode does not support this operation]
[ERROR] ASCENDCL(712966,10):2026-01-15-10:29:18.355.876 [memory.cpp:437]712966 aclrtMemcpyImpl: synchronized memcpy failed, kind = 1, runtime result = 107030
[ERROR] RUNTIME(712966,10):2026-01-15-10:29:18.431.237 [api_error.cc:1519]712966 MemCopySync:Memory copy sync failed, cnt=416, kind=1.
[ERROR] RUNTIME(712966,10):2026-01-15-10:29:18.431.246 [api_c.cc:1197]712966 rtMemcpy:ErrCode=107030, desc=[the current capture mode does not support this operation], InnerCode=0x703001c
[ERROR] RUNTIME(712966,10):2026-01-15-10:29:18.431.249 [error_message_manage.cc:53]712966 FuncErrorReason:report error module_type=3, module_name=EE8888
[ERROR] RUNTIME(712966,10):2026-01-15-10:29:18.431.252 [error_message_manage.cc:53]712966 FuncErrorReason:rtMemcpy execute failed, reason=[the current capture mode does not support this operation]
[ERROR] ASCENDCL(712966,10):2026-01-15-10:29:18.431.454 [memory.cpp:437]712966 aclrtMemcpyImpl: synchronized memcpy failed, kind = 1, runtime result = 107030
[ERROR] RUNTIME(712966,10):2026-01-15-10:29:18.502.610 [api_error.cc:1519]712966 MemCopySync:Memory copy sync failed, cnt=72, kind=1.
[ERROR] RUNTIME(712966,10):2026-01-15-10:29:18.502.619 [api_c.cc:1197]712966 rtMemcpy:ErrCode=107030, desc=[the current capture mode does not support this operation], InnerCode=0x703001c
[ERROR] RUNTIME(712966,10):2026-01-15-10:29:18.502.622 [error_message_manage.cc:53]712966 FuncErrorReason:report error module_type=3, module_name=EE8888
[ERROR] RUNTIME(712966,10):2026-01-15-10:29:18.502.625 [error_message_manage.cc:53]712966 FuncErrorReason:rtMemcpy execute failed, reason=[the current capture mode does not support this operation]
[ERROR] ASCENDCL(712966,10):2026-01-15-10:29:18.502.769 [memory.cpp:437]712966 aclrtMemcpyImpl: synchronized memcpy failed, kind = 1, runtime result = 107030
[ERROR] RUNTIME(712966,10):2026-01-15-10:29:18.575.461 [api_error.cc:1519]712966 MemCopySync:Memory copy sync failed, cnt=416, kind=1.
[ERROR] RUNTIME(712966,10):2026-01-15-10:29:18.575.471 [api_c.cc:1197]712966 rtMemcpy:ErrCode=107030, desc=[the current capture mode does not support this operation], InnerCode=0x703001c
[ERROR] RUNTIME(712966,10):2026-01-15-10:29:18.575.474 [error_message_manage.cc:53]712966 FuncErrorReason:report error module_type=3, module_name=EE8888
[ERROR] RUNTIME(712966,10):2026-01-15-10:29:18.575.477 [error_message_manage.cc:53]712966 FuncErrorReason:rtMemcpy execute failed, reason=[the current capture mode does not support this operation]
[ERROR] ASCENDCL(712966,10):2026-01-15-10:29:18.575.644 [memory.cpp:437]712966 aclrtMemcpyImpl: synchronized memcpy failed, kind = 1, runtime result = 107030
[ERROR] RUNTIME(712966,10):2026-01-15-10:29:18.633.823 [api_error.cc:1519]712966 MemCopySync:Memory copy sync failed, cnt=72, kind=1.
[ERROR] RUNTIME(712966,10):2026-01-15-10:29:18.633.832 [api_c.cc:1197]712966 rtMemcpy:ErrCode=107030, desc=[the current capture mode does not support this operation], InnerCode=0x703001c
[ERROR] RUNTIME(712966,10):2026-01-15-10:29:18.633.835 [error_message_manage.cc:53]712966 FuncErrorReason:report error module_type=3, module_name=EE8888
[ERROR] RUNTIME(712966,10):2026-01-15-10:29:18.633.838 [error_message_manage.cc:53]712966 FuncErrorReason:rtMemcpy execute failed, reason=[the current capture mode does not support this operation]
[ERROR] ASCENDCL(712966,10):2026-01-15-10:29:18.634.049 [memory.cpp:437]712966 aclrtMemcpyImpl: synchronized memcpy failed, kind = 1, runtime result = 107030
[ERROR] RUNTIME(712966,10):2026-01-15-10:29:18.696.587 [api_error.cc:1519]712966 MemCopySync:Memory copy sync failed, cnt=416, kind=1.
[ERROR] RUNTIME(712966,10):2026-01-15-10:29:18.696.596 [api_c.cc:1197]712966 rtMemcpy:ErrCode=107030, desc=[the current capture mode does not support this operation], InnerCode=0x703001c
[ERROR] RUNTIME(712966,10):2026-01-15-10:29:18.696.599 [error_message_manage.cc:53]712966 FuncErrorReason:report error module_type=3, module_name=EE8888
[ERROR] RUNTIME(712966,10):2026-01-15-10:29:18.696.602 [error_message_manage.cc:53]712966 FuncErrorReason:rtMemcpy execute failed, reason=[the current capture mode does not support this operation]
[ERROR] ASCENDCL(712966,10):2026-01-15-10:29:18.696.740 [memory.cpp:437]712966 aclrtMemcpyImpl: synchronized memcpy failed, kind = 1, runtime result = 107030
[ERROR] RUNTIME(712966,10):2026-01-15-10:29:18.753.670 [api_error.cc:1519]712966 MemCopySync:Memory copy sync failed, cnt=72, kind=1.
[ERROR] RUNTIME(712966,10):2026-01-15-10:29:18.753.679 [api_c.cc:1197]712966 rtMemcpy:ErrCode=107030, desc=[the current capture mode does not support this operation], InnerCode=0x703001c
[ERROR] RUNTIME(712966,10):2026-01-15-10:29:18.753.682 [error_message_manage.cc:53]712966 FuncErrorReason:report error module_type=3, module_name=EE8888
[ERROR] RUNTIME(712966,10):2026-01-15-10:29:18.753.685 [error_message_manage.cc:53]712966 FuncErrorReason:rtMemcpy execute failed, reason=[the current capture mode does not support this operation]
[ERROR] ASCENDCL(712966,10):2026-01-15-10:29:18.753.897 [memory.cpp:437]712966 aclrtMemcpyImpl: synchronized memcpy failed, kind = 1, runtime result = 107030
[ERROR] RUNTIME(712966,10):2026-01-15-10:29:18.826.192 [api_error.cc:1519]712966 MemCopySync:Memory copy sync failed, cnt=416, kind=1.
[ERROR] RUNTIME(712966,10):2026-01-15-10:29:18.826.201 [api_c.cc:1197]712966 rtMemcpy:ErrCode=107030, desc=[the current capture mode does not support this operation], InnerCode=0x703001c
[ERROR] RUNTIME(712966,10):2026-01-15-10:29:18.826.204 [error_message_manage.cc:53]712966 FuncErrorReason:report error module_type=3, module_name=EE8888
[ERROR] RUNTIME(712966,10):2026-01-15-10:29:18.826.207 [error_message_manage.cc:53]712966 FuncErrorReason:rtMemcpy execute failed, reason=[the current capture mode does not support this operation]
[ERROR] ASCENDCL(712966,10):2026-01-15-10:29:18.826.411 [memory.cpp:437]712966 aclrtMemcpyImpl: synchronized memcpy failed, kind = 1, runtime result = 107030
[ERROR] RUNTIME(712966,10):2026-01-15-10:29:18.900.790 [api_error.cc:1519]712966 MemCopySync:Memory copy sync failed, cnt=72, kind=1.
[ERROR] RUNTIME(712966,10):2026-01-15-10:29:18.900.800 [api_c.cc:1197]712966 rtMemcpy:ErrCode=107030, desc=[the current capture mode does not support this operation], InnerCode=0x703001c
[ERROR] RUNTIME(712966,10):2026-01-15-10:29:18.900.803 [error_message_manage.cc:53]712966 FuncErrorReason:report error module_type=3, module_name=EE8888
[ERROR] RUNTIME(712966,10):2026-01-15-10:29:18.900.806 [error_message_manage.cc:53]712966 FuncErrorReason:rtMemcpy execute failed, reason=[the current capture mode does not support this operation]
[ERROR] ASCENDCL(712966,10):2026-01-15-10:29:18.900.963 [memory.cpp:437]712966 aclrtMemcpyImpl: synchronized memcpy failed, kind = 1, runtime result = 107030
[ERROR] RUNTIME(712966,10):2026-01-15-10:29:18.980.218 [api_error.cc:1519]712966 MemCopySync:Memory copy sync failed, cnt=416, kind=1.
[ERROR] RUNTIME(712966,10):2026-01-15-10:29:18.980.227 [api_c.cc:1197]712966 rtMemcpy:ErrCode=107030, desc=[the current capture mode does not support this operation], InnerCode=0x703001c
[ERROR] RUNTIME(712966,10):2026-01-15-10:29:18.980.230 [error_message_manage.cc:53]712966 FuncErrorReason:report error module_type=3, module_name=EE8888
[ERROR] RUNTIME(712966,10):2026-01-15-10:29:18.980.233 [error_message_manage.cc:53]712966 FuncErrorReason:rtMemcpy execute failed, reason=[the current capture mode does not support this operation]
[ERROR] ASCENDCL(712966,10):2026-01-15-10:29:18.980.427 [memory.cpp:437]712966 aclrtMemcpyImpl: synchronized memcpy failed, kind = 1, runtime result = 107030
[ERROR] RUNTIME(712966,10):2026-01-15-10:29:19.051.301 [api_error.cc:1519]712966 MemCopySync:Memory copy sync failed, cnt=72, kind=1.
[ERROR] RUNTIME(712966,10):2026-01-15-10:29:19.051.310 [api_c.cc:1197]712966 rtMemcpy:ErrCode=107030, desc=[the current capture mode does not support this operation], InnerCode=0x703001c
[ERROR] RUNTIME(712966,10):2026-01-15-10:29:19.051.312 [error_message_manage.cc:53]712966 FuncErrorReason:report error module_type=3, module_name=EE8888
[ERROR] RUNTIME(712966,10):2026-01-15-10:29:19.051.315 [error_message_manage.cc:53]712966 FuncErrorReason:rtMemcpy execute failed, reason=[the current capture mode does not support this operation]
[ERROR] ASCENDCL(712966,10):2026-01-15-10:29:19.051.513 [memory.cpp:437]712966 aclrtMemcpyImpl: synchronized memcpy failed, kind = 1, runtime result = 107030
[ERROR] RUNTIME(712966,10):2026-01-15-10:29:19.137.484 [api_error.cc:1519]712966 MemCopySync:Memory copy sync failed, cnt=416, kind=1.
[ERROR] RUNTIME(712966,10):2026-01-15-10:29:19.137.494 [api_c.cc:1197]712966 rtMemcpy:ErrCode=107030, desc=[the current capture mode does not support this operation], InnerCode=0x703001c
[ERROR] RUNTIME(712966,10):2026-01-15-10:29:19.137.497 [error_message_manage.cc:53]712966 FuncErrorReason:report error module_type=3, module_name=EE8888
[ERROR] RUNTIME(712966,10):2026-01-15-10:29:19.137.500 [error_message_manage.cc:53]712966 FuncErrorReason:rtMemcpy execute failed, reason=[the current capture mode does not support this operation]
[ERROR] ASCENDCL(712966,10):2026-01-15-10:29:19.137.706 [memory.cpp:437]712966 aclrtMemcpyImpl: synchronized memcpy failed, kind = 1, runtime result = 107030
[ERROR] RUNTIME(712966,10):2026-01-15-10:29:19.210.736 [api_error.cc:1519]712966 MemCopySync:Memory copy sync failed, cnt=72, kind=1.
[ERROR] RUNTIME(712966,10):2026-01-15-10:29:19.210.745 [api_c.cc:1197]712966 rtMemcpy:ErrCode=107030, desc=[the current capture mode does not support this operation], InnerCode=0x703001c
[ERROR] RUNTIME(712966,10):2026-01-15-10:29:19.210.748 [error_message_manage.cc:53]712966 FuncErrorReason:report error module_type=3, module_name=EE8888
[ERROR] RUNTIME(712966,10):2026-01-15-10:29:19.210.750 [error_message_manage.cc:53]712966 FuncErrorReason:rtMemcpy execute failed, reason=[the current capture mode does not support this operation]
[ERROR] ASCENDCL(712966,10):2026-01-15-10:29:19.210.939 [memory.cpp:437]712966 aclrtMemcpyImpl: synchronized memcpy failed, kind = 1, runtime result = 107030
[ERROR] RUNTIME(712966,10):2026-01-15-10:29:19.282.744 [api_error.cc:1519]712966 MemCopySync:Memory copy sync failed, cnt=416, kind=1.
[ERROR] RUNTIME(712966,10):2026-01-15-10:29:19.282.752 [api_c.cc:1197]712966 rtMemcpy:ErrCode=107030, desc=[the current capture mode does not support this operation], InnerCode=0x703001c
[ERROR] RUNTIME(712966,10):2026-01-15-10:29:19.282.755 [error_message_manage.cc:53]712966 FuncErrorReason:report error module_type=3, module_name=EE8888
[ERROR] RUNTIME(712966,10):2026-01-15-10:29:19.282.758 [error_message_manage.cc:53]712966 FuncErrorReason:rtMemcpy execute failed, reason=[the current capture mode does not support this operation]
[ERROR] ASCENDCL(712966,10):2026-01-15-10:29:19.282.954 [memory.cpp:437]712966 aclrtMemcpyImpl: synchronized memcpy failed, kind = 1, runtime result = 107030
[ERROR] RUNTIME(712966,10):2026-01-15-10:29:19.346.118 [api_error.cc:1519]712966 MemCopySync:Memory copy sync failed, cnt=72, kind=1.
[ERROR] RUNTIME(712966,10):2026-01-15-10:29:19.346.127 [api_c.cc:1197]712966 rtMemcpy:ErrCode=107030, desc=[the current capture mode does not support this operation], InnerCode=0x703001c
[ERROR] RUNTIME(712966,10):2026-01-15-10:29:19.346.130 [error_message_manage.cc:53]712966 FuncErrorReason:report error module_type=3, module_name=EE8888
[ERROR] RUNTIME(712966,10):2026-01-15-10:29:19.346.132 [error_message_manage.cc:53]712966 FuncErrorReason:rtMemcpy execute failed, reason=[the current capture mode does not support this operation]
[ERROR] ASCENDCL(712966,10):2026-01-15-10:29:19.346.339 [memory.cpp:437]712966 aclrtMemcpyImpl: synchronized memcpy failed, kind = 1, runtime result = 107030
[ERROR] RUNTIME(712966,10):2026-01-15-10:29:19.413.881 [api_error.cc:1519]712966 MemCopySync:Memory copy sync failed, cnt=416, kind=1.
[ERROR] RUNTIME(712966,10):2026-01-15-10:29:19.413.890 [api_c.cc:1197]712966 rtMemcpy:ErrCode=107030, desc=[the current capture mode does not support this operation], InnerCode=0x703001c
[ERROR] RUNTIME(712966,10):2026-01-15-10:29:19.413.893 [error_message_manage.cc:53]712966 FuncErrorReason:report error module_type=3, module_name=EE8888
[ERROR] RUNTIME(712966,10):2026-01-15-10:29:19.413.896 [error_message_manage.cc:53]712966 FuncErrorReason:rtMemcpy execute failed, reason=[the current capture mode does not support this operation]
[ERROR] ASCENDCL(712966,10):2026-01-15-10:29:19.414.049 [memory.cpp:437]712966 aclrtMemcpyImpl: synchronized memcpy failed, kind = 1, runtime result = 107030
[ERROR] RUNTIME(712966,10):2026-01-15-10:29:19.475.198 [api_error.cc:1519]712966 MemCopySync:Memory copy sync failed, cnt=72, kind=1.
[ERROR] RUNTIME(712966,10):2026-01-15-10:29:19.475.207 [api_c.cc:1197]712966 rtMemcpy:ErrCode=107030, desc=[the current capture mode does not support this operation], InnerCode=0x703001c
[ERROR] RUNTIME(712966,10):2026-01-15-10:29:19.475.209 [error_message_manage.cc:53]712966 FuncErrorReason:report error module_type=3, module_name=EE8888
[ERROR] RUNTIME(712966,10):2026-01-15-10:29:19.475.212 [error_message_manage.cc:53]712966 FuncErrorReason:rtMemcpy execute failed, reason=[the current capture mode does not support this operation]
[ERROR] ASCENDCL(712966,10):2026-01-15-10:29:19.475.380 [memory.cpp:437]712966 aclrtMemcpyImpl: synchronized memcpy failed, kind = 1, runtime result = 107030
[ERROR] RUNTIME(712966,10):2026-01-15-10:29:19.541.171 [api_error.cc:1519]712966 MemCopySync:Memory copy sync failed, cnt=416, kind=1.
[ERROR] RUNTIME(712966,10):2026-01-15-10:29:19.541.180 [api_c.cc:1197]712966 rtMemcpy:ErrCode=107030, desc=[the current capture mode does not support this operation], InnerCode=0x703001c
[ERROR] RUNTIME(712966,10):2026-01-15-10:29:19.541.183 [error_message_manage.cc:53]712966 FuncErrorReason:report error module_type=3, module_name=EE8888
[ERROR] RUNTIME(712966,10):2026-01-15-10:29:19.541.186 [error_message_manage.cc:53]712966 FuncErrorReason:rtMemcpy execute failed, reason=[the current capture mode does not support this operation]
[ERROR] ASCENDCL(712966,10):2026-01-15-10:29:19.541.399 [memory.cpp:437]712966 aclrtMemcpyImpl: synchronized memcpy failed, kind = 1, runtime result = 107030
[ERROR] RUNTIME(712966,10):2026-01-15-10:29:19.608.106 [api_error.cc:1519]712966 MemCopySync:Memory copy sync failed, cnt=72, kind=1.
[ERROR] RUNTIME(712966,10):2026-01-15-10:29:19.608.116 [api_c.cc:1197]712966 rtMemcpy:ErrCode=107030, desc=[the current capture mode does not support this operation], InnerCode=0x703001c
[ERROR] RUNTIME(712966,10):2026-01-15-10:29:19.608.119 [error_message_manage.cc:53]712966 FuncErrorReason:report error module_type=3, module_name=EE8888
[ERROR] RUNTIME(712966,10):2026-01-15-10:29:19.608.122 [error_message_manage.cc:53]712966 FuncErrorReason:rtMemcpy execute failed, reason=[the current capture mode does not support this operation]
[ERROR] ASCENDCL(712966,10):2026-01-15-10:29:19.608.311 [memory.cpp:437]712966 aclrtMemcpyImpl: synchronized memcpy failed, kind = 1, runtime result = 107030
[ERROR] RUNTIME(712966,10):2026-01-15-10:29:19.674.019 [api_error.cc:1519]712966 MemCopySync:Memory copy sync failed, cnt=416, kind=1.
[ERROR] RUNTIME(712966,10):2026-01-15-10:29:19.674.028 [api_c.cc:1197]712966 rtMemcpy:ErrCode=107030, desc=[the current capture mode does not support this operation], InnerCode=0x703001c
[ERROR] RUNTIME(712966,10):2026-01-15-10:29:19.674.031 [error_message_manage.cc:53]712966 FuncErrorReason:report error module_type=3, module_name=EE8888
[ERROR] RUNTIME(712966,10):2026-01-15-10:29:19.674.034 [error_message_manage.cc:53]712966 FuncErrorReason:rtMemcpy execute failed, reason=[the current capture mode does not support this operation]
[ERROR] ASCENDCL(712966,10):2026-01-15-10:29:19.674.238 [memory.cpp:437]712966 aclrtMemcpyImpl: synchronized memcpy failed, kind = 1, runtime result = 107030
[ERROR] RUNTIME(712966,10):2026-01-15-10:29:19.741.856 [api_error.cc:1519]712966 MemCopySync:Memory copy sync failed, cnt=72, kind=1.
[ERROR] RUNTIME(712966,10):2026-01-15-10:29:19.741.865 [api_c.cc:1197]712966 rtMemcpy:ErrCode=107030, desc=[the current capture mode does not support this operation], InnerCode=0x703001c
[ERROR] RUNTIME(712966,10):2026-01-15-10:29:19.741.868 [error_message_manage.cc:53]712966 FuncErrorReason:report error module_type=3, module_name=EE8888
[ERROR] RUNTIME(712966,10):2026-01-15-10:29:19.741.871 [error_message_manage.cc:53]712966 FuncErrorReason:rtMemcpy execute failed, reason=[the current capture mode does not support this operation]
[ERROR] ASCENDCL(712966,10):2026-01-15-10:29:19.742.090 [memory.cpp:437]712966 aclrtMemcpyImpl: synchronized memcpy failed, kind = 1, runtime result = 107030
[ERROR] RUNTIME(712966,10):2026-01-15-10:29:19.817.221 [api_error.cc:1519]712966 MemCopySync:Memory copy sync failed, cnt=416, kind=1.
[ERROR] RUNTIME(712966,10):2026-01-15-10:29:19.817.231 [api_c.cc:1197]712966 rtMemcpy:ErrCode=107030, desc=[the current capture mode does not support this operation], InnerCode=0x703001c
[ERROR] RUNTIME(712966,10):2026-01-15-10:29:19.817.234 [error_message_manage.cc:53]712966 FuncErrorReason:report error module_type=3, module_name=EE8888
[ERROR] RUNTIME(712966,10):2026-01-15-10:29:19.817.237 [error_message_manage.cc:53]712966 FuncErrorReason:rtMemcpy execute failed, reason=[the current capture mode does not support this operation]
[ERROR] ASCENDCL(712966,10):2026-01-15-10:29:19.817.427 [memory.cpp:437]712966 aclrtMemcpyImpl: synchronized memcpy failed, kind = 1, runtime result = 107030
[ERROR] RUNTIME(712966,10):2026-01-15-10:29:19.879.447 [api_error.cc:1519]712966 MemCopySync:Memory copy sync failed, cnt=72, kind=1.
[ERROR] RUNTIME(712966,10):2026-01-15-10:29:19.879.457 [api_c.cc:1197]712966 rtMemcpy:ErrCode=107030, desc=[the current capture mode does not support this operation], InnerCode=0x703001c
[ERROR] RUNTIME(712966,10):2026-01-15-10:29:19.879.460 [error_message_manage.cc:53]712966 FuncErrorReason:report error module_type=3, module_name=EE8888
[ERROR] RUNTIME(712966,10):2026-01-15-10:29:19.879.463 [error_message_manage.cc:53]712966 FuncErrorReason:rtMemcpy execute failed, reason=[the current capture mode does not support this operation]
[ERROR] ASCENDCL(712966,10):2026-01-15-10:29:19.879.667 [memory.cpp:437]712966 aclrtMemcpyImpl: synchronized memcpy failed, kind = 1, runtime result = 107030
[ERROR] RUNTIME(712966,10):2026-01-15-10:29:19.952.155 [api_error.cc:1519]712966 MemCopySync:Memory copy sync failed, cnt=416, kind=1.
[ERROR] RUNTIME(712966,10):2026-01-15-10:29:19.952.165 [api_c.cc:1197]712966 rtMemcpy:ErrCode=107030, desc=[the current capture mode does not support this operation], InnerCode=0x703001c
[ERROR] RUNTIME(712966,10):2026-01-15-10:29:19.952.168 [error_message_manage.cc:53]712966 FuncErrorReason:report error module_type=3, module_name=EE8888
[ERROR] RUNTIME(712966,10):2026-01-15-10:29:19.952.171 [error_message_manage.cc:53]712966 FuncErrorReason:rtMemcpy execute failed, reason=[the current capture mode does not support this operation]
[ERROR] ASCENDCL(712966,10):2026-01-15-10:29:19.952.390 [memory.cpp:437]712966 aclrtMemcpyImpl: synchronized memcpy failed, kind = 1, runtime result = 107030
[ERROR] RUNTIME(712966,10):2026-01-15-10:29:20.023.090 [api_error.cc:1519]712966 MemCopySync:Memory copy sync failed, cnt=72, kind=1.
[ERROR] RUNTIME(712966,10):2026-01-15-10:29:20.023.099 [api_c.cc:1197]712966 rtMemcpy:ErrCode=107030, desc=[the current capture mode does not support this operation], InnerCode=0x703001c
[ERROR] RUNTIME(712966,10):2026-01-15-10:29:20.023.101 [error_message_manage.cc:53]712966 FuncErrorReason:report error module_type=3, module_name=EE8888
[ERROR] RUNTIME(712966,10):2026-01-15-10:29:20.023.104 [error_message_manage.cc:53]712966 FuncErrorReason:rtMemcpy execute failed, reason=[the current capture mode does not support this operation]
[ERROR] ASCENDCL(712966,10):2026-01-15-10:29:20.023.293 [memory.cpp:437]712966 aclrtMemcpyImpl: synchronized memcpy failed, kind = 1, runtime result = 107030
[ERROR] RUNTIME(712966,10):2026-01-15-10:29:20.096.525 [api_error.cc:1519]712966 MemCopySync:Memory copy sync failed, cnt=416, kind=1.
[ERROR] RUNTIME(712966,10):2026-01-15-10:29:20.096.534 [api_c.cc:1197]712966 rtMemcpy:ErrCode=107030, desc=[the current capture mode does not support this operation], InnerCode=0x703001c
[ERROR] RUNTIME(712966,10):2026-01-15-10:29:20.096.537 [error_message_manage.cc:53]712966 FuncErrorReason:report error module_type=3, module_name=EE8888
[ERROR] RUNTIME(712966,10):2026-01-15-10:29:20.096.539 [error_message_manage.cc:53]712966 FuncErrorReason:rtMemcpy execute failed, reason=[the current capture mode does not support this operation]
[ERROR] ASCENDCL(712966,10):2026-01-15-10:29:20.096.724 [memory.cpp:437]712966 aclrtMemcpyImpl: synchronized memcpy failed, kind = 1, runtime result = 107030
[ERROR] RUNTIME(712966,10):2026-01-15-10:29:20.156.303 [api_error.cc:1519]712966 MemCopySync:Memory copy sync failed, cnt=72, kind=1.
[ERROR] RUNTIME(712966,10):2026-01-15-10:29:20.156.312 [api_c.cc:1197]712966 rtMemcpy:ErrCode=107030, desc=[the current capture mode does not support this operation], InnerCode=0x703001c
[ERROR] RUNTIME(712966,10):2026-01-15-10:29:20.156.315 [error_message_manage.cc:53]712966 FuncErrorReason:report error module_type=3, module_name=EE8888
[ERROR] RUNTIME(712966,10):2026-01-15-10:29:20.156.318 [error_message_manage.cc:53]712966 FuncErrorReason:rtMemcpy execute failed, reason=[the current capture mode does not support this operation]
[ERROR] ASCENDCL(712966,10):2026-01-15-10:29:20.156.536 [memory.cpp:437]712966 aclrtMemcpyImpl: synchronized memcpy failed, kind = 1, runtime result = 107030
[ERROR] RUNTIME(712966,10):2026-01-15-10:29:20.221.055 [api_error.cc:1519]712966 MemCopySync:Memory copy sync failed, cnt=416, kind=1.
[ERROR] RUNTIME(712966,10):2026-01-15-10:29:20.221.064 [api_c.cc:1197]712966 rtMemcpy:ErrCode=107030, desc=[the current capture mode does not support this operation], InnerCode=0x703001c
[ERROR] RUNTIME(712966,10):2026-01-15-10:29:20.221.067 [error_message_manage.cc:53]712966 FuncErrorReason:report error module_type=3, module_name=EE8888
[ERROR] RUNTIME(712966,10):2026-01-15-10:29:20.221.070 [error_message_manage.cc:53]712966 FuncErrorReason:rtMemcpy execute failed, reason=[the current capture mode does not support this operation]
[ERROR] ASCENDCL(712966,10):2026-01-15-10:29:20.221.297 [memory.cpp:437]712966 aclrtMemcpyImpl: synchronized memcpy failed, kind = 1, runtime result = 107030
[ERROR] RUNTIME(712966,10):2026-01-15-10:29:20.286.035 [api_error.cc:1519]712966 MemCopySync:Memory copy sync failed, cnt=72, kind=1.
[ERROR] RUNTIME(712966,10):2026-01-15-10:29:20.286.044 [api_c.cc:1197]712966 rtMemcpy:ErrCode=107030, desc=[the current capture mode does not support this operation], InnerCode=0x703001c
[ERROR] RUNTIME(712966,10):2026-01-15-10:29:20.286.047 [error_message_manage.cc:53]712966 FuncErrorReason:report error module_type=3, module_name=EE8888
[ERROR] RUNTIME(712966,10):2026-01-15-10:29:20.286.050 [error_message_manage.cc:53]712966 FuncErrorReason:rtMemcpy execute failed, reason=[the current capture mode does not support this operation]
[ERROR] ASCENDCL(712966,10):2026-01-15-10:29:20.286.252 [memory.cpp:437]712966 aclrtMemcpyImpl: synchronized memcpy failed, kind = 1, runtime result = 107030
[ERROR] RUNTIME(712966,10):2026-01-15-10:29:20.355.013 [api_error.cc:1519]712966 MemCopySync:Memory copy sync failed, cnt=416, kind=1.
[ERROR] RUNTIME(712966,10):2026-01-15-10:29:20.355.021 [api_c.cc:1197]712966 rtMemcpy:ErrCode=107030, desc=[the current capture mode does not support this operation], InnerCode=0x703001c
[ERROR] RUNTIME(712966,10):2026-01-15-10:29:20.355.024 [error_message_manage.cc:53]712966 FuncErrorReason:report error module_type=3, module_name=EE8888
[ERROR] RUNTIME(712966,10):2026-01-15-10:29:20.355.027 [error_message_manage.cc:53]712966 FuncErrorReason:rtMemcpy execute failed, reason=[the current capture mode does not support this operation]
[ERROR] ASCENDCL(712966,10):2026-01-15-10:29:20.355.241 [memory.cpp:437]712966 aclrtMemcpyImpl: synchronized memcpy failed, kind = 1, runtime result = 107030
[ERROR] RUNTIME(712966,10):2026-01-15-10:29:20.425.452 [api_error.cc:1519]712966 MemCopySync:Memory copy sync failed, cnt=72, kind=1.
[ERROR] RUNTIME(712966,10):2026-01-15-10:29:20.425.460 [api_c.cc:1197]712966 rtMemcpy:ErrCode=107030, desc=[the current capture mode does not support this operation], InnerCode=0x703001c
[ERROR] RUNTIME(712966,10):2026-01-15-10:29:20.425.463 [error_message_manage.cc:53]712966 FuncErrorReason:report error module_type=3, module_name=EE8888
[ERROR] RUNTIME(712966,10):2026-01-15-10:29:20.425.465 [error_message_manage.cc:53]712966 FuncErrorReason:rtMemcpy execute failed, reason=[the current capture mode does not support this operation]
[ERROR] ASCENDCL(712966,10):2026-01-15-10:29:20.425.714 [memory.cpp:437]712966 aclrtMemcpyImpl: synchronized memcpy failed, kind = 1, runtime result = 107030
[ERROR] RUNTIME(712966,10):2026-01-15-10:29:20.507.206 [api_error.cc:1519]712966 MemCopySync:Memory copy sync failed, cnt=416, kind=1.
[ERROR] RUNTIME(712966,10):2026-01-15-10:29:20.507.215 [api_c.cc:1197]712966 rtMemcpy:ErrCode=107030, desc=[the current capture mode does not support this operation], InnerCode=0x703001c
[ERROR] RUNTIME(712966,10):2026-01-15-10:29:20.507.218 [error_message_manage.cc:53]712966 FuncErrorReason:report error module_type=3, module_name=EE8888
[ERROR] RUNTIME(712966,10):2026-01-15-10:29:20.507.221 [error_message_manage.cc:53]712966 FuncErrorReason:rtMemcpy execute failed, reason=[the current capture mode does not support this operation]
[ERROR] ASCENDCL(712966,10):2026-01-15-10:29:20.507.394 [memory.cpp:437]712966 aclrtMemcpyImpl: synchronized memcpy failed, kind = 1, runtime result = 107030
[ERROR] RUNTIME(712966,10):2026-01-15-10:29:20.588.212 [api_error.cc:1519]712966 MemCopySync:Memory copy sync failed, cnt=72, kind=1.
[ERROR] RUNTIME(712966,10):2026-01-15-10:29:20.588.220 [api_c.cc:1197]712966 rtMemcpy:ErrCode=107030, desc=[the current capture mode does not support this operation], InnerCode=0x703001c
[ERROR] RUNTIME(712966,10):2026-01-15-10:29:20.588.223 [error_message_manage.cc:53]712966 FuncErrorReason:report error module_type=3, module_name=EE8888
[ERROR] RUNTIME(712966,10):2026-01-15-10:29:20.588.226 [error_message_manage.cc:53]712966 FuncErrorReason:rtMemcpy execute failed, reason=[the current capture mode does not support this operation]
[ERROR] ASCENDCL(712966,10):2026-01-15-10:29:20.588.416 [memory.cpp:437]712966 aclrtMemcpyImpl: synchronized memcpy failed, kind = 1, runtime result = 107030
[ERROR] RUNTIME(712966,10):2026-01-15-10:29:20.659.293 [api_error.cc:1519]712966 MemCopySync:Memory copy sync failed, cnt=416, kind=1.
[ERROR] RUNTIME(712966,10):2026-01-15-10:29:20.659.303 [api_c.cc:1197]712966 rtMemcpy:ErrCode=107030, desc=[the current capture mode does not support this operation], InnerCode=0x703001c
[ERROR] RUNTIME(712966,10):2026-01-15-10:29:20.659.306 [error_message_manage.cc:53]712966 FuncErrorReason:report error module_type=3, module_name=EE8888
[ERROR] RUNTIME(712966,10):2026-01-15-10:29:20.659.309 [error_message_manage.cc:53]712966 FuncErrorReason:rtMemcpy execute failed, reason=[the current capture mode does not support this operation]
[ERROR] ASCENDCL(712966,10):2026-01-15-10:29:20.659.523 [memory.cpp:437]712966 aclrtMemcpyImpl: synchronized memcpy failed, kind = 1, runtime result = 107030
[ERROR] RUNTIME(712966,10):2026-01-15-10:29:20.711.280 [api_error.cc:1519]712966 MemCopySync:Memory copy sync failed, cnt=72, kind=1.
[ERROR] RUNTIME(712966,10):2026-01-15-10:29:20.711.289 [api_c.cc:1197]712966 rtMemcpy:ErrCode=107030, desc=[the current capture mode does not support this operation], InnerCode=0x703001c
[ERROR] RUNTIME(712966,10):2026-01-15-10:29:20.711.291 [error_message_manage.cc:53]712966 FuncErrorReason:report error module_type=3, module_name=EE8888
[ERROR] RUNTIME(712966,10):2026-01-15-10:29:20.711.294 [error_message_manage.cc:53]712966 FuncErrorReason:rtMemcpy execute failed, reason=[the current capture mode does not support this operation]
[ERROR] ASCENDCL(712966,10):2026-01-15-10:29:20.711.494 [memory.cpp:437]712966 aclrtMemcpyImpl: synchronized memcpy failed, kind = 1, runtime result = 107030
[ERROR] RUNTIME(712966,10):2026-01-15-10:29:20.770.601 [api_error.cc:1519]712966 MemCopySync:Memory copy sync failed, cnt=416, kind=1.
[ERROR] RUNTIME(712966,10):2026-01-15-10:29:20.770.610 [api_c.cc:1197]712966 rtMemcpy:ErrCode=107030, desc=[the current capture mode does not support this operation], InnerCode=0x703001c
[ERROR] RUNTIME(712966,10):2026-01-15-10:29:20.770.612 [error_message_manage.cc:53]712966 FuncErrorReason:report error module_type=3, module_name=EE8888
[ERROR] RUNTIME(712966,10):2026-01-15-10:29:20.770.615 [error_message_manage.cc:53]712966 FuncErrorReason:rtMemcpy execute failed, reason=[the current capture mode does not support this operation]
[ERROR] ASCENDCL(712966,10):2026-01-15-10:29:20.770.840 [memory.cpp:437]712966 aclrtMemcpyImpl: synchronized memcpy failed, kind = 1, runtime result = 107030
[ERROR] RUNTIME(712966,10):2026-01-15-10:29:20.842.444 [api_error.cc:1519]712966 MemCopySync:Memory copy sync failed, cnt=72, kind=1.
[ERROR] RUNTIME(712966,10):2026-01-15-10:29:20.842.453 [api_c.cc:1197]712966 rtMemcpy:ErrCode=107030, desc=[the current capture mode does not support this operation], InnerCode=0x703001c
[ERROR] RUNTIME(712966,10):2026-01-15-10:29:20.842.455 [error_message_manage.cc:53]712966 FuncErrorReason:report error module_type=3, module_name=EE8888
[ERROR] RUNTIME(712966,10):2026-01-15-10:29:20.842.458 [error_message_manage.cc:53]712966 FuncErrorReason:rtMemcpy execute failed, reason=[the current capture mode does not support this operation]
[ERROR] ASCENDCL(712966,10):2026-01-15-10:29:20.842.639 [memory.cpp:437]712966 aclrtMemcpyImpl: synchronized memcpy failed, kind = 1, runtime result = 107030
[ERROR] RUNTIME(712966,10):2026-01-15-10:29:20.921.029 [api_error.cc:1519]712966 MemCopySync:Memory copy sync failed, cnt=416, kind=1.
[ERROR] RUNTIME(712966,10):2026-01-15-10:29:20.921.038 [api_c.cc:1197]712966 rtMemcpy:ErrCode=107030, desc=[the current capture mode does not support this operation], InnerCode=0x703001c
[ERROR] RUNTIME(712966,10):2026-01-15-10:29:20.921.041 [error_message_manage.cc:53]712966 FuncErrorReason:report error module_type=3, module_name=EE8888
[ERROR] RUNTIME(712966,10):2026-01-15-10:29:20.921.044 [error_message_manage.cc:53]712966 FuncErrorReason:rtMemcpy execute failed, reason=[the current capture mode does not support this operation]
[ERROR] ASCENDCL(712966,10):2026-01-15-10:29:20.921.206 [memory.cpp:437]712966 aclrtMemcpyImpl: synchronized memcpy failed, kind = 1, runtime result = 107030
[ERROR] RUNTIME(712966,10):2026-01-15-10:29:20.993.507 [api_error.cc:1519]712966 MemCopySync:Memory copy sync failed, cnt=72, kind=1.
[ERROR] RUNTIME(712966,10):2026-01-15-10:29:20.993.515 [api_c.cc:1197]712966 rtMemcpy:ErrCode=107030, desc=[the current capture mode does not support this operation], InnerCode=0x703001c
[ERROR] RUNTIME(712966,10):2026-01-15-10:29:20.993.518 [error_message_manage.cc:53]712966 FuncErrorReason:report error module_type=3, module_name=EE8888
[ERROR] RUNTIME(712966,10):2026-01-15-10:29:20.993.520 [error_message_manage.cc:53]712966 FuncErrorReason:rtMemcpy execute failed, reason=[the current capture mode does not support this operation]
[ERROR] ASCENDCL(712966,10):2026-01-15-10:29:20.993.771 [memory.cpp:437]712966 aclrtMemcpyImpl: synchronized memcpy failed, kind = 1, runtime result = 107030
[ERROR] RUNTIME(712966,10):2026-01-15-10:29:21.070.212 [api_error.cc:1519]712966 MemCopySync:Memory copy sync failed, cnt=416, kind=1.
[ERROR] RUNTIME(712966,10):2026-01-15-10:29:21.070.222 [api_c.cc:1197]712966 rtMemcpy:ErrCode=107030, desc=[the current capture mode does not support this operation], InnerCode=0x703001c
[ERROR] RUNTIME(712966,10):2026-01-15-10:29:21.070.225 [error_message_manage.cc:53]712966 FuncErrorReason:report error module_type=3, module_name=EE8888
[ERROR] RUNTIME(712966,10):2026-01-15-10:29:21.070.227 [error_message_manage.cc:53]712966 FuncErrorReason:rtMemcpy execute failed, reason=[the current capture mode does not support this operation]
[ERROR] ASCENDCL(712966,10):2026-01-15-10:29:21.070.444 [memory.cpp:437]712966 aclrtMemcpyImpl: synchronized memcpy failed, kind = 1, runtime result = 107030
[ERROR] RUNTIME(712966,10):2026-01-15-10:29:21.143.750 [api_error.cc:1519]712966 MemCopySync:Memory copy sync failed, cnt=72, kind=1.
[ERROR] RUNTIME(712966,10):2026-01-15-10:29:21.143.759 [api_c.cc:1197]712966 rtMemcpy:ErrCode=107030, desc=[the current capture mode does not support this operation], InnerCode=0x703001c
[ERROR] RUNTIME(712966,10):2026-01-15-10:29:21.143.762 [error_message_manage.cc:53]712966 FuncErrorReason:report error module_type=3, module_name=EE8888
[ERROR] RUNTIME(712966,10):2026-01-15-10:29:21.143.765 [error_message_manage.cc:53]712966 FuncErrorReason:rtMemcpy execute failed, reason=[the current capture mode does not support this operation]
[ERROR] ASCENDCL(712966,10):2026-01-15-10:29:21.143.980 [memory.cpp:437]712966 aclrtMemcpyImpl: synchronized memcpy failed, kind = 1, runtime result = 107030
[ERROR] RUNTIME(712966,10):2026-01-15-10:29:21.207.267 [api_error.cc:1519]712966 MemCopySync:Memory copy sync failed, cnt=416, kind=1.
[ERROR] RUNTIME(712966,10):2026-01-15-10:29:21.207.276 [api_c.cc:1197]712966 rtMemcpy:ErrCode=107030, desc=[the current capture mode does not support this operation], InnerCode=0x703001c
[ERROR] RUNTIME(712966,10):2026-01-15-10:29:21.207.279 [error_message_manage.cc:53]712966 FuncErrorReason:report error module_type=3, module_name=EE8888
[ERROR] RUNTIME(712966,10):2026-01-15-10:29:21.207.282 [error_message_manage.cc:53]712966 FuncErrorReason:rtMemcpy execute failed, reason=[the current capture mode does not support this operation]
[ERROR] ASCENDCL(712966,10):2026-01-15-10:29:21.207.483 [memory.cpp:437]712966 aclrtMemcpyImpl: synchronized memcpy failed, kind = 1, runtime result = 107030
[ERROR] RUNTIME(712966,10):2026-01-15-10:29:21.254.788 [api_error.cc:1519]712966 MemCopySync:Memory copy sync failed, cnt=72, kind=1.
[ERROR] RUNTIME(712966,10):2026-01-15-10:29:21.254.797 [api_c.cc:1197]712966 rtMemcpy:ErrCode=107030, desc=[the current capture mode does not support this operation], InnerCode=0x703001c
[ERROR] RUNTIME(712966,10):2026-01-15-10:29:21.254.800 [error_message_manage.cc:53]712966 FuncErrorReason:report error module_type=3, module_name=EE8888
[ERROR] RUNTIME(712966,10):2026-01-15-10:29:21.254.803 [error_message_manage.cc:53]712966 FuncErrorReason:rtMemcpy execute failed, reason=[the current capture mode does not support this operation]
[ERROR] ASCENDCL(712966,10):2026-01-15-10:29:21.254.992 [memory.cpp:437]712966 aclrtMemcpyImpl: synchronized memcpy failed, kind = 1, runtime result = 107030
[ERROR] RUNTIME(712966,10):2026-01-15-10:29:21.327.070 [api_error.cc:1519]712966 MemCopySync:Memory copy sync failed, cnt=416, kind=1.
[ERROR] RUNTIME(712966,10):2026-01-15-10:29:21.327.080 [api_c.cc:1197]712966 rtMemcpy:ErrCode=107030, desc=[the current capture mode does not support this operation], InnerCode=0x703001c
[ERROR] RUNTIME(712966,10):2026-01-15-10:29:21.327.082 [error_message_manage.cc:53]712966 FuncErrorReason:report error module_type=3, module_name=EE8888
[ERROR] RUNTIME(712966,10):2026-01-15-10:29:21.327.085 [error_message_manage.cc:53]712966 FuncErrorReason:rtMemcpy execute failed, reason=[the current capture mode does not support this operation]
[ERROR] ASCENDCL(712966,10):2026-01-15-10:29:21.327.306 [memory.cpp:437]712966 aclrtMemcpyImpl: synchronized memcpy failed, kind = 1, runtime result = 107030
[ERROR] RUNTIME(712966,10):2026-01-15-10:29:21.400.599 [api_error.cc:1519]712966 MemCopySync:Memory copy sync failed, cnt=72, kind=1.
[ERROR] RUNTIME(712966,10):2026-01-15-10:29:21.400.608 [api_c.cc:1197]712966 rtMemcpy:ErrCode=107030, desc=[the current capture mode does not support this operation], InnerCode=0x703001c
[ERROR] RUNTIME(712966,10):2026-01-15-10:29:21.400.610 [error_message_manage.cc:53]712966 FuncErrorReason:report error module_type=3, module_name=EE8888
[ERROR] RUNTIME(712966,10):2026-01-15-10:29:21.400.613 [error_message_manage.cc:53]712966 FuncErrorReason:rtMemcpy execute failed, reason=[the current capture mode does not support this operation]
[ERROR] ASCENDCL(712966,10):2026-01-15-10:29:21.400.787 [memory.cpp:437]712966 aclrtMemcpyImpl: synchronized memcpy failed, kind = 1, runtime result = 107030
[ERROR] RUNTIME(712966,10):2026-01-15-10:29:21.473.669 [api_error.cc:1519]712966 MemCopySync:Memory copy sync failed, cnt=416, kind=1.
[ERROR] RUNTIME(712966,10):2026-01-15-10:29:21.473.678 [api_c.cc:1197]712966 rtMemcpy:ErrCode=107030, desc=[the current capture mode does not support this operation], InnerCode=0x703001c
[ERROR] RUNTIME(712966,10):2026-01-15-10:29:21.473.681 [error_message_manage.cc:53]712966 FuncErrorReason:report error module_type=3, module_name=EE8888
[ERROR] RUNTIME(712966,10):2026-01-15-10:29:21.473.684 [error_message_manage.cc:53]712966 FuncErrorReason:rtMemcpy execute failed, reason=[the current capture mode does not support this operation]
[ERROR] ASCENDCL(712966,10):2026-01-15-10:29:21.473.875 [memory.cpp:437]712966 aclrtMemcpyImpl: synchronized memcpy failed, kind = 1, runtime result = 107030
[ERROR] RUNTIME(712966,10):2026-01-15-10:29:21.544.562 [api_error.cc:1519]712966 MemCopySync:Memory copy sync failed, cnt=72, kind=1.
[ERROR] RUNTIME(712966,10):2026-01-15-10:29:21.544.572 [api_c.cc:1197]712966 rtMemcpy:ErrCode=107030, desc=[the current capture mode does not support this operation], InnerCode=0x703001c
[ERROR] RUNTIME(712966,10):2026-01-15-10:29:21.544.574 [error_message_manage.cc:53]712966 FuncErrorReason:report error module_type=3, module_name=EE8888
[ERROR] RUNTIME(712966,10):2026-01-15-10:29:21.544.577 [error_message_manage.cc:53]712966 FuncErrorReason:rtMemcpy execute failed, reason=[the current capture mode does not support this operation]
[ERROR] ASCENDCL(712966,10):2026-01-15-10:29:21.544.813 [memory.cpp:437]712966 aclrtMemcpyImpl: synchronized memcpy failed, kind = 1, runtime result = 107030
[ERROR] RUNTIME(712966,10):2026-01-15-10:29:21.616.321 [api_error.cc:1519]712966 MemCopySync:Memory copy sync failed, cnt=416, kind=1.
[ERROR] RUNTIME(712966,10):2026-01-15-10:29:21.616.331 [api_c.cc:1197]712966 rtMemcpy:ErrCode=107030, desc=[the current capture mode does not support this operation], InnerCode=0x703001c
[ERROR] RUNTIME(712966,10):2026-01-15-10:29:21.616.333 [error_message_manage.cc:53]712966 FuncErrorReason:report error module_type=3, module_name=EE8888
[ERROR] RUNTIME(712966,10):2026-01-15-10:29:21.616.336 [error_message_manage.cc:53]712966 FuncErrorReason:rtMemcpy execute failed, reason=[the current capture mode does not support this operation]
[ERROR] ASCENDCL(712966,10):2026-01-15-10:29:21.616.550 [memory.cpp:437]712966 aclrtMemcpyImpl: synchronized memcpy failed, kind = 1, runtime result = 107030
[ERROR] RUNTIME(712966,10):2026-01-15-10:29:21.691.733 [api_error.cc:1519]712966 MemCopySync:Memory copy sync failed, cnt=72, kind=1.
[ERROR] RUNTIME(712966,10):2026-01-15-10:29:21.691.741 [api_c.cc:1197]712966 rtMemcpy:ErrCode=107030, desc=[the current capture mode does not support this operation], InnerCode=0x703001c
[ERROR] RUNTIME(712966,10):2026-01-15-10:29:21.691.744 [error_message_manage.cc:53]712966 FuncErrorReason:report error module_type=3, module_name=EE8888
[ERROR] RUNTIME(712966,10):2026-01-15-10:29:21.691.747 [error_message_manage.cc:53]712966 FuncErrorReason:rtMemcpy execute failed, reason=[the current capture mode does not support this operation]
[ERROR] ASCENDCL(712966,10):2026-01-15-10:29:21.691.988 [memory.cpp:437]712966 aclrtMemcpyImpl: synchronized memcpy failed, kind = 1, runtime result = 107030
[ERROR] RUNTIME(712966,10):2026-01-15-10:29:21.767.037 [api_error.cc:1519]712966 MemCopySync:Memory copy sync failed, cnt=416, kind=1.
[ERROR] RUNTIME(712966,10):2026-01-15-10:29:21.767.047 [api_c.cc:1197]712966 rtMemcpy:ErrCode=107030, desc=[the current capture mode does not support this operation], InnerCode=0x703001c
[ERROR] RUNTIME(712966,10):2026-01-15-10:29:21.767.049 [error_message_manage.cc:53]712966 FuncErrorReason:report error module_type=3, module_name=EE8888
[ERROR] RUNTIME(712966,10):2026-01-15-10:29:21.767.052 [error_message_manage.cc:53]712966 FuncErrorReason:rtMemcpy execute failed, reason=[the current capture mode does not support this operation]
[ERROR] ASCENDCL(712966,10):2026-01-15-10:29:21.767.306 [memory.cpp:437]712966 aclrtMemcpyImpl: synchronized memcpy failed, kind = 1, runtime result = 107030
[ERROR] RUNTIME(712966,10):2026-01-15-10:29:21.838.287 [api_error.cc:1519]712966 MemCopySync:Memory copy sync failed, cnt=72, kind=1.
[ERROR] RUNTIME(712966,10):2026-01-15-10:29:21.838.296 [api_c.cc:1197]712966 rtMemcpy:ErrCode=107030, desc=[the current capture mode does not support this operation], InnerCode=0x703001c
[ERROR] RUNTIME(712966,10):2026-01-15-10:29:21.838.298 [error_message_manage.cc:53]712966 FuncErrorReason:report error module_type=3, module_name=EE8888
[ERROR] RUNTIME(712966,10):2026-01-15-10:29:21.838.301 [error_message_manage.cc:53]712966 FuncErrorReason:rtMemcpy execute failed, reason=[the current capture mode does not support this operation]
[ERROR] ASCENDCL(712966,10):2026-01-15-10:29:21.838.493 [memory.cpp:437]712966 aclrtMemcpyImpl: synchronized memcpy failed, kind = 1, runtime result = 107030
[ERROR] RUNTIME(712966,10):2026-01-15-10:29:21.909.617 [api_error.cc:1519]712966 MemCopySync:Memory copy sync failed, cnt=416, kind=1.
[ERROR] RUNTIME(712966,10):2026-01-15-10:29:21.909.627 [api_c.cc:1197]712966 rtMemcpy:ErrCode=107030, desc=[the current capture mode does not support this operation], InnerCode=0x703001c
[ERROR] RUNTIME(712966,10):2026-01-15-10:29:21.909.629 [error_message_manage.cc:53]712966 FuncErrorReason:report error module_type=3, module_name=EE8888
[ERROR] RUNTIME(712966,10):2026-01-15-10:29:21.909.632 [error_message_manage.cc:53]712966 FuncErrorReason:rtMemcpy execute failed, reason=[the current capture mode does not support this operation]
[ERROR] ASCENDCL(712966,10):2026-01-15-10:29:21.909.804 [memory.cpp:437]712966 aclrtMemcpyImpl: synchronized memcpy failed, kind = 1, runtime result = 107030
[ERROR] RUNTIME(712966,10):2026-01-15-10:29:21.974.687 [api_error.cc:1519]712966 MemCopySync:Memory copy sync failed, cnt=72, kind=1.
[ERROR] RUNTIME(712966,10):2026-01-15-10:29:21.974.695 [api_c.cc:1197]712966 rtMemcpy:ErrCode=107030, desc=[the current capture mode does not support this operation], InnerCode=0x703001c
[ERROR] RUNTIME(712966,10):2026-01-15-10:29:21.974.698 [error_message_manage.cc:53]712966 FuncErrorReason:report error module_type=3, module_name=EE8888
[ERROR] RUNTIME(712966,10):2026-01-15-10:29:21.974.701 [error_message_manage.cc:53]712966 FuncErrorReason:rtMemcpy execute failed, reason=[the current capture mode does not support this operation]
[ERROR] ASCENDCL(712966,10):2026-01-15-10:29:21.974.896 [memory.cpp:437]712966 aclrtMemcpyImpl: synchronized memcpy failed, kind = 1, runtime result = 107030
[ERROR] RUNTIME(712966,10):2026-01-15-10:29:22.041.583 [api_error.cc:1519]712966 MemCopySync:Memory copy sync failed, cnt=416, kind=1.
[ERROR] RUNTIME(712966,10):2026-01-15-10:29:22.041.591 [api_c.cc:1197]712966 rtMemcpy:ErrCode=107030, desc=[the current capture mode does not support this operation], InnerCode=0x703001c
[ERROR] RUNTIME(712966,10):2026-01-15-10:29:22.041.594 [error_message_manage.cc:53]712966 FuncErrorReason:report error module_type=3, module_name=EE8888
[ERROR] RUNTIME(712966,10):2026-01-15-10:29:22.041.597 [error_message_manage.cc:53]712966 FuncErrorReason:rtMemcpy execute failed, reason=[the current capture mode does not support this operation]
[ERROR] ASCENDCL(712966,10):2026-01-15-10:29:22.041.792 [memory.cpp:437]712966 aclrtMemcpyImpl: synchronized memcpy failed, kind = 1, runtime result = 107030
[ERROR] RUNTIME(712966,10):2026-01-15-10:29:22.111.258 [api_error.cc:1519]712966 MemCopySync:Memory copy sync failed, cnt=72, kind=1.
[ERROR] RUNTIME(712966,10):2026-01-15-10:29:22.111.267 [api_c.cc:1197]712966 rtMemcpy:ErrCode=107030, desc=[the current capture mode does not support this operation], InnerCode=0x703001c
[ERROR] RUNTIME(712966,10):2026-01-15-10:29:22.111.269 [error_message_manage.cc:53]712966 FuncErrorReason:report error module_type=3, module_name=EE8888
[ERROR] RUNTIME(712966,10):2026-01-15-10:29:22.111.272 [error_message_manage.cc:53]712966 FuncErrorReason:rtMemcpy execute failed, reason=[the current capture mode does not support this operation]
[ERROR] ASCENDCL(712966,10):2026-01-15-10:29:22.111.459 [memory.cpp:437]712966 aclrtMemcpyImpl: synchronized memcpy failed, kind = 1, runtime result = 107030
[ERROR] RUNTIME(712966,10):2026-01-15-10:29:22.180.258 [api_error.cc:1519]712966 MemCopySync:Memory copy sync failed, cnt=416, kind=1.
[ERROR] RUNTIME(712966,10):2026-01-15-10:29:22.180.267 [api_c.cc:1197]712966 rtMemcpy:ErrCode=107030, desc=[the current capture mode does not support this operation], InnerCode=0x703001c
[ERROR] RUNTIME(712966,10):2026-01-15-10:29:22.180.270 [error_message_manage.cc:53]712966 FuncErrorReason:report error module_type=3, module_name=EE8888
[ERROR] RUNTIME(712966,10):2026-01-15-10:29:22.180.273 [error_message_manage.cc:53]712966 FuncErrorReason:rtMemcpy execute failed, reason=[the current capture mode does not support this operation]
[ERROR] ASCENDCL(712966,10):2026-01-15-10:29:22.180.484 [memory.cpp:437]712966 aclrtMemcpyImpl: synchronized memcpy failed, kind = 1, runtime result = 107030
[ERROR] RUNTIME(712966,10):2026-01-15-10:29:22.247.862 [api_error.cc:1519]712966 MemCopySync:Memory copy sync failed, cnt=72, kind=1.
[ERROR] RUNTIME(712966,10):2026-01-15-10:29:22.247.870 [api_c.cc:1197]712966 rtMemcpy:ErrCode=107030, desc=[the current capture mode does not support this operation], InnerCode=0x703001c
[ERROR] RUNTIME(712966,10):2026-01-15-10:29:22.247.873 [error_message_manage.cc:53]712966 FuncErrorReason:report error module_type=3, module_name=EE8888
[ERROR] RUNTIME(712966,10):2026-01-15-10:29:22.247.876 [error_message_manage.cc:53]712966 FuncErrorReason:rtMemcpy execute failed, reason=[the current capture mode does not support this operation]
[ERROR] ASCENDCL(712966,10):2026-01-15-10:29:22.248.068 [memory.cpp:437]712966 aclrtMemcpyImpl: synchronized memcpy failed, kind = 1, runtime result = 107030
[ERROR] RUNTIME(712966,10):2026-01-15-10:29:22.323.547 [api_error.cc:1519]712966 MemCopySync:Memory copy sync failed, cnt=416, kind=1.
[ERROR] RUNTIME(712966,10):2026-01-15-10:29:22.323.556 [api_c.cc:1197]712966 rtMemcpy:ErrCode=107030, desc=[the current capture mode does not support this operation], InnerCode=0x703001c
[ERROR] RUNTIME(712966,10):2026-01-15-10:29:22.323.558 [error_message_manage.cc:53]712966 FuncErrorReason:report error module_type=3, module_name=EE8888
[ERROR] RUNTIME(712966,10):2026-01-15-10:29:22.323.561 [error_message_manage.cc:53]712966 FuncErrorReason:rtMemcpy execute failed, reason=[the current capture mode does not support this operation]
[ERROR] ASCENDCL(712966,10):2026-01-15-10:29:22.323.724 [memory.cpp:437]712966 aclrtMemcpyImpl: synchronized memcpy failed, kind = 1, runtime result = 107030
[ERROR] RUNTIME(712966,10):2026-01-15-10:29:22.395.662 [api_error.cc:1519]712966 MemCopySync:Memory copy sync failed, cnt=72, kind=1.
[ERROR] RUNTIME(712966,10):2026-01-15-10:29:22.395.671 [api_c.cc:1197]712966 rtMemcpy:ErrCode=107030, desc=[the current capture mode does not support this operation], InnerCode=0x703001c
[ERROR] RUNTIME(712966,10):2026-01-15-10:29:22.395.674 [error_message_manage.cc:53]712966 FuncErrorReason:report error module_type=3, module_name=EE8888
[ERROR] RUNTIME(712966,10):2026-01-15-10:29:22.395.677 [error_message_manage.cc:53]712966 FuncErrorReason:rtMemcpy execute failed, reason=[the current capture mode does not support this operation]
[ERROR] ASCENDCL(712966,10):2026-01-15-10:29:22.395.909 [memory.cpp:437]712966 aclrtMemcpyImpl: synchronized memcpy failed, kind = 1, runtime result = 107030
[ERROR] RUNTIME(712966,10):2026-01-15-10:29:22.467.853 [api_error.cc:1519]712966 MemCopySync:Memory copy sync failed, cnt=416, kind=1.
[ERROR] RUNTIME(712966,10):2026-01-15-10:29:22.467.862 [api_c.cc:1197]712966 rtMemcpy:ErrCode=107030, desc=[the current capture mode does not support this operation], InnerCode=0x703001c
[ERROR] RUNTIME(712966,10):2026-01-15-10:29:22.467.865 [error_message_manage.cc:53]712966 FuncErrorReason:report error module_type=3, module_name=EE8888
[ERROR] RUNTIME(712966,10):2026-01-15-10:29:22.467.867 [error_message_manage.cc:53]712966 FuncErrorReason:rtMemcpy execute failed, reason=[the current capture mode does not support this operation]
[ERROR] ASCENDCL(712966,10):2026-01-15-10:29:22.469.104 [memory.cpp:437]712966 aclrtMemcpyImpl: synchronized memcpy failed, kind = 1, runtime result = 107030
[ERROR] RUNTIME(712966,10):2026-01-15-10:29:22.536.790 [api_error.cc:1519]712966 MemCopySync:Memory copy sync failed, cnt=72, kind=1.
[ERROR] RUNTIME(712966,10):2026-01-15-10:29:22.536.799 [api_c.cc:1197]712966 rtMemcpy:ErrCode=107030, desc=[the current capture mode does not support this operation], InnerCode=0x703001c
[ERROR] RUNTIME(712966,10):2026-01-15-10:29:22.536.802 [error_message_manage.cc:53]712966 FuncErrorReason:report error module_type=3, module_name=EE8888
[ERROR] RUNTIME(712966,10):2026-01-15-10:29:22.536.805 [error_message_manage.cc:53]712966 FuncErrorReason:rtMemcpy execute failed, reason=[the current capture mode does not support this operation]
[ERROR] ASCENDCL(712966,10):2026-01-15-10:29:22.537.001 [memory.cpp:437]712966 aclrtMemcpyImpl: synchronized memcpy failed, kind = 1, runtime result = 107030
[ERROR] RUNTIME(712966,10):2026-01-15-10:29:22.674.537 [api_c_stream.cc:412]712966 rtsStreamSetAttribute:report error module_name=EE1001
[ERROR] RUNTIME(712966,10):2026-01-15-10:29:22.674.542 [api_c_stream.cc:412]712966 rtsStreamSetAttribute:Invalid stream attribute ID: 4, Supported stream attribute IDs: [1, 4).
[ERROR] RUNTIME(712966,10):2026-01-15-10:29:22.674.573 [api_c_stream.cc:416]712966 rtsStreamSetAttribute:ErrCode=107000, desc=[invalid value], InnerCode=0x7110001
[ERROR] RUNTIME(712966,10):2026-01-15-10:29:22.674.575 [error_message_manage.cc:48]712966 FuncErrorReason:report error module_name=EE1001
[ERROR] RUNTIME(712966,10):2026-01-15-10:29:22.674.578 [error_message_manage.cc:48]712966 FuncErrorReason:rtsStreamSetAttribute execute failed, reason=[invalid value]
[ERROR] ASCENDCL(712966,10):2026-01-15-10:29:22.674.849 [stream.cpp:299]712966 aclrtSetStreamAttributeImpl: call rtsStreamSetAttribute failed, runtime result = 107000
[ERROR] RUNTIME(712966,10):2026-01-15-10:29:23.132.039 [api_c_stream.cc:412]712966 rtsStreamSetAttribute:report error module_name=EE1001
[ERROR] RUNTIME(712966,10):2026-01-15-10:29:23.132.045 [api_c_stream.cc:412]712966 rtsStreamSetAttribute:Invalid stream attribute ID: 4, Supported stream attribute IDs: [1, 4).
[ERROR] RUNTIME(712966,10):2026-01-15-10:29:23.132.077 [api_c_stream.cc:416]712966 rtsStreamSetAttribute:ErrCode=107000, desc=[invalid value], InnerCode=0x7110001
[ERROR] RUNTIME(712966,10):2026-01-15-10:29:23.132.080 [error_message_manage.cc:48]712966 FuncErrorReason:report error module_name=EE1001
[ERROR] RUNTIME(712966,10):2026-01-15-10:29:23.132.083 [error_message_manage.cc:48]712966 FuncErrorReason:rtsStreamSetAttribute execute failed, reason=[invalid value]
[ERROR] ASCENDCL(712966,10):2026-01-15-10:29:23.132.214 [stream.cpp:299]712966 aclrtSetStreamAttributeImpl: call rtsStreamSetAttribute failed, runtime result = 107000
[ERROR] RUNTIME(712966,10):2026-01-15-10:29:23.687.500 [api_error.cc:1519]712966 MemCopySync:Memory copy sync failed, cnt=416, kind=1.
[ERROR] RUNTIME(712966,10):2026-01-15-10:29:23.687.511 [api_c.cc:1197]712966 rtMemcpy:ErrCode=107030, desc=[the current capture mode does not support this operation], InnerCode=0x703001c
[ERROR] RUNTIME(712966,10):2026-01-15-10:29:23.687.513 [error_message_manage.cc:53]712966 FuncErrorReason:report error module_type=3, module_name=EE8888
[ERROR] RUNTIME(712966,10):2026-01-15-10:29:23.687.516 [error_message_manage.cc:53]712966 FuncErrorReason:rtMemcpy execute failed, reason=[the current capture mode does not support this operation]
[ERROR] ASCENDCL(712966,10):2026-01-15-10:29:23.687.754 [memory.cpp:437]712966 aclrtMemcpyImpl: synchronized memcpy failed, kind = 1, runtime result = 107030
[ERROR] RUNTIME(712966,10):2026-01-15-10:29:23.688.876 [api_error.cc:1519]712966 MemCopySync:Memory copy sync failed, cnt=72, kind=1.
[ERROR] RUNTIME(712966,10):2026-01-15-10:29:23.688.886 [api_c.cc:1197]712966 rtMemcpy:ErrCode=107030, desc=[the current capture mode does not support this operation], InnerCode=0x703001c
[ERROR] RUNTIME(712966,10):2026-01-15-10:29:23.688.889 [error_message_manage.cc:53]712966 FuncErrorReason:report error module_type=3, module_name=EE8888
[ERROR] RUNTIME(712966,10):2026-01-15-10:29:23.688.892 [error_message_manage.cc:53]712966 FuncErrorReason:rtMemcpy execute failed, reason=[the current capture mode does not support this operation]
[ERROR] ASCENDCL(712966,10):2026-01-15-10:29:23.689.036 [memory.cpp:437]712966 aclrtMemcpyImpl: synchronized memcpy failed, kind = 1, runtime result = 107030
[ERROR] RUNTIME(712966,10):2026-01-15-10:29:24.473.203 [api_error.cc:1519]712966 MemCopySync:Memory copy sync failed, cnt=416, kind=1.
[ERROR] RUNTIME(712966,10):2026-01-15-10:29:24.473.212 [api_c.cc:1197]712966 rtMemcpy:ErrCode=107030, desc=[the current capture mode does not support this operation], InnerCode=0x703001c
[ERROR] RUNTIME(712966,10):2026-01-15-10:29:24.473.215 [error_message_manage.cc:53]712966 FuncErrorReason:report error module_type=3, module_name=EE8888
[ERROR] RUNTIME(712966,10):2026-01-15-10:29:24.473.218 [error_message_manage.cc:53]712966 FuncErrorReason:rtMemcpy execute failed, reason=[the current capture mode does not support this operation]
[ERROR] ASCENDCL(712966,10):2026-01-15-10:29:24.473.463 [memory.cpp:437]712966 aclrtMemcpyImpl: synchronized memcpy failed, kind = 1, runtime result = 107030
[ERROR] RUNTIME(712966,10):2026-01-15-10:29:25.250.906 [api_error.cc:1519]712966 MemCopySync:Memory copy sync failed, cnt=72, kind=1.
[ERROR] RUNTIME(712966,10):2026-01-15-10:29:25.250.917 [api_c.cc:1197]712966 rtMemcpy:ErrCode=107030, desc=[the current capture mode does not support this operation], InnerCode=0x703001c
[ERROR] RUNTIME(712966,10):2026-01-15-10:29:25.250.920 [error_message_manage.cc:53]712966 FuncErrorReason:report error module_type=3, module_name=EE8888
[ERROR] RUNTIME(712966,10):2026-01-15-10:29:25.250.923 [error_message_manage.cc:53]712966 FuncErrorReason:rtMemcpy execute failed, reason=[the current capture mode does not support this operation]
[ERROR] ASCENDCL(712966,10):2026-01-15-10:29:25.251.176 [memory.cpp:437]712966 aclrtMemcpyImpl: synchronized memcpy failed, kind = 1, runtime result = 107030
[ERROR] RUNTIME(712966,10):2026-01-15-10:29:25.986.313 [api_error.cc:1519]712966 MemCopySync:Memory copy sync failed, cnt=416, kind=1.
[ERROR] RUNTIME(712966,10):2026-01-15-10:29:25.986.323 [api_c.cc:1197]712966 rtMemcpy:ErrCode=107030, desc=[the current capture mode does not support this operation], InnerCode=0x703001c
[ERROR] RUNTIME(712966,10):2026-01-15-10:29:25.986.326 [error_message_manage.cc:53]712966 FuncErrorReason:report error module_type=3, module_name=EE8888
[ERROR] RUNTIME(712966,10):2026-01-15-10:29:25.986.329 [error_message_manage.cc:53]712966 FuncErrorReason:rtMemcpy execute failed, reason=[the current capture mode does not support this operation]
[ERROR] ASCENDCL(712966,10):2026-01-15-10:29:25.986.590 [memory.cpp:437]712966 aclrtMemcpyImpl: synchronized memcpy failed, kind = 1, runtime result = 107030
[ERROR] RUNTIME(712966,10):2026-01-15-10:29:26.746.404 [api_error.cc:1519]712966 MemCopySync:Memory copy sync failed, cnt=72, kind=1.
[ERROR] RUNTIME(712966,10):2026-01-15-10:29:26.746.415 [api_c.cc:1197]712966 rtMemcpy:ErrCode=107030, desc=[the current capture mode does not support this operation], InnerCode=0x703001c
[ERROR] RUNTIME(712966,10):2026-01-15-10:29:26.746.418 [error_message_manage.cc:53]712966 FuncErrorReason:report error module_type=3, module_name=EE8888
[ERROR] RUNTIME(712966,10):2026-01-15-10:29:26.746.421 [error_message_manage.cc:53]712966 FuncErrorReason:rtMemcpy execute failed, reason=[the current capture mode does not support this operation]
[ERROR] ASCENDCL(712966,10):2026-01-15-10:29:26.746.682 [memory.cpp:437]712966 aclrtMemcpyImpl: synchronized memcpy failed, kind = 1, runtime result = 107030
[ERROR] RUNTIME(712966,10):2026-01-15-10:29:27.491.918 [api_error.cc:1519]712966 MemCopySync:Memory copy sync failed, cnt=416, kind=1.
[ERROR] RUNTIME(712966,10):2026-01-15-10:29:27.491.927 [api_c.cc:1197]712966 rtMemcpy:ErrCode=107030, desc=[the current capture mode does not support this operation], InnerCode=0x703001c
[ERROR] RUNTIME(712966,10):2026-01-15-10:29:27.491.931 [error_message_manage.cc:53]712966 FuncErrorReason:report error module_type=3, module_name=EE8888
[ERROR] RUNTIME(712966,10):2026-01-15-10:29:27.491.934 [error_message_manage.cc:53]712966 FuncErrorReason:rtMemcpy execute failed, reason=[the current capture mode does not support this operation]
[ERROR] ASCENDCL(712966,10):2026-01-15-10:29:27.492.210 [memory.cpp:437]712966 aclrtMemcpyImpl: synchronized memcpy failed, kind = 1, runtime result = 107030
[ERROR] RUNTIME(712966,10):2026-01-15-10:29:28.261.965 [api_error.cc:1519]712966 MemCopySync:Memory copy sync failed, cnt=72, kind=1.
[ERROR] RUNTIME(712966,10):2026-01-15-10:29:28.261.975 [api_c.cc:1197]712966 rtMemcpy:ErrCode=107030, desc=[the current capture mode does not support this operation], InnerCode=0x703001c
[ERROR] RUNTIME(712966,10):2026-01-15-10:29:28.261.978 [error_message_manage.cc:53]712966 FuncErrorReason:report error module_type=3, module_name=EE8888
[ERROR] RUNTIME(712966,10):2026-01-15-10:29:28.261.981 [error_message_manage.cc:53]712966 FuncErrorReason:rtMemcpy execute failed, reason=[the current capture mode does not support this operation]
[ERROR] ASCENDCL(712966,10):2026-01-15-10:29:28.262.205 [memory.cpp:437]712966 aclrtMemcpyImpl: synchronized memcpy failed, kind = 1, runtime result = 107030
[ERROR] RUNTIME(712966,10):2026-01-15-10:29:28.353.069 [api_error.cc:1519]712966 MemCopySync:Memory copy sync failed, cnt=416, kind=1.
[ERROR] RUNTIME(712966,10):2026-01-15-10:29:28.353.078 [api_c.cc:1197]712966 rtMemcpy:ErrCode=107030, desc=[the current capture mode does not support this operation], InnerCode=0x703001c
[ERROR] RUNTIME(712966,10):2026-01-15-10:29:28.353.081 [error_message_manage.cc:53]712966 FuncErrorReason:report error module_type=3, module_name=EE8888
[ERROR] RUNTIME(712966,10):2026-01-15-10:29:28.353.084 [error_message_manage.cc:53]712966 FuncErrorReason:rtMemcpy execute failed, reason=[the current capture mode does not support this operation]
[ERROR] ASCENDCL(712966,10):2026-01-15-10:29:28.353.316 [memory.cpp:437]712966 aclrtMemcpyImpl: synchronized memcpy failed, kind = 1, runtime result = 107030
[ERROR] RUNTIME(712966,10):2026-01-15-10:29:28.446.814 [api_error.cc:1519]712966 MemCopySync:Memory copy sync failed, cnt=72, kind=1.
[ERROR] RUNTIME(712966,10):2026-01-15-10:29:28.446.822 [api_c.cc:1197]712966 rtMemcpy:ErrCode=107030, desc=[the current capture mode does not support this operation], InnerCode=0x703001c
[ERROR] RUNTIME(712966,10):2026-01-15-10:29:28.446.825 [error_message_manage.cc:53]712966 FuncErrorReason:report error module_type=3, module_name=EE8888
[ERROR] RUNTIME(712966,10):2026-01-15-10:29:28.446.828 [error_message_manage.cc:53]712966 FuncErrorReason:rtMemcpy execute failed, reason=[the current capture mode does not support this operation]
[ERROR] ASCENDCL(712966,10):2026-01-15-10:29:28.447.019 [memory.cpp:437]712966 aclrtMemcpyImpl: synchronized memcpy failed, kind = 1, runtime result = 107030
[ERROR] RUNTIME(712966,10):2026-01-15-10:29:28.537.919 [api_error.cc:1519]712966 MemCopySync:Memory copy sync failed, cnt=416, kind=1.
[ERROR] RUNTIME(712966,10):2026-01-15-10:29:28.537.928 [api_c.cc:1197]712966 rtMemcpy:ErrCode=107030, desc=[the current capture mode does not support this operation], InnerCode=0x703001c
[ERROR] RUNTIME(712966,10):2026-01-15-10:29:28.537.930 [error_message_manage.cc:53]712966 FuncErrorReason:report error module_type=3, module_name=EE8888
[ERROR] RUNTIME(712966,10):2026-01-15-10:29:28.537.933 [error_message_manage.cc:53]712966 FuncErrorReason:rtMemcpy execute failed, reason=[the current capture mode does not support this operation]
[ERROR] ASCENDCL(712966,10):2026-01-15-10:29:28.538.103 [memory.cpp:437]712966 aclrtMemcpyImpl: synchronized memcpy failed, kind = 1, runtime result = 107030
[ERROR] RUNTIME(712966,10):2026-01-15-10:29:28.628.465 [api_error.cc:1519]712966 MemCopySync:Memory copy sync failed, cnt=72, kind=1.
[ERROR] RUNTIME(712966,10):2026-01-15-10:29:28.628.473 [api_c.cc:1197]712966 rtMemcpy:ErrCode=107030, desc=[the current capture mode does not support this operation], InnerCode=0x703001c
[ERROR] RUNTIME(712966,10):2026-01-15-10:29:28.628.475 [error_message_manage.cc:53]712966 FuncErrorReason:report error module_type=3, module_name=EE8888
[ERROR] RUNTIME(712966,10):2026-01-15-10:29:28.628.478 [error_message_manage.cc:53]712966 FuncErrorReason:rtMemcpy execute failed, reason=[the current capture mode does not support this operation]
[ERROR] ASCENDCL(712966,10):2026-01-15-10:29:28.628.665 [memory.cpp:437]712966 aclrtMemcpyImpl: synchronized memcpy failed, kind = 1, runtime result = 107030
[ERROR] RUNTIME(712966,10):2026-01-15-10:29:28.720.498 [api_error.cc:1519]712966 MemCopySync:Memory copy sync failed, cnt=416, kind=1.
[ERROR] RUNTIME(712966,10):2026-01-15-10:29:28.720.507 [api_c.cc:1197]712966 rtMemcpy:ErrCode=107030, desc=[the current capture mode does not support this operation], InnerCode=0x703001c
[ERROR] RUNTIME(712966,10):2026-01-15-10:29:28.720.509 [error_message_manage.cc:53]712966 FuncErrorReason:report error module_type=3, module_name=EE8888
[ERROR] RUNTIME(712966,10):2026-01-15-10:29:28.720.512 [error_message_manage.cc:53]712966 FuncErrorReason:rtMemcpy execute failed, reason=[the current capture mode does not support this operation]
[ERROR] ASCENDCL(712966,10):2026-01-15-10:29:28.720.702 [memory.cpp:437]712966 aclrtMemcpyImpl: synchronized memcpy failed, kind = 1, runtime result = 107030
[ERROR] RUNTIME(712966,10):2026-01-15-10:29:28.805.871 [api_error.cc:1519]712966 MemCopySync:Memory copy sync failed, cnt=72, kind=1.
[ERROR] RUNTIME(712966,10):2026-01-15-10:29:28.805.879 [api_c.cc:1197]712966 rtMemcpy:ErrCode=107030, desc=[the current capture mode does not support this operation], InnerCode=0x703001c
[ERROR] RUNTIME(712966,10):2026-01-15-10:29:28.805.882 [error_message_manage.cc:53]712966 FuncErrorReason:report error module_type=3, module_name=EE8888
[ERROR] RUNTIME(712966,10):2026-01-15-10:29:28.805.885 [error_message_manage.cc:53]712966 FuncErrorReason:rtMemcpy execute failed, reason=[the current capture mode does not support this operation]
[ERROR] ASCENDCL(712966,10):2026-01-15-10:29:28.806.087 [memory.cpp:437]712966 aclrtMemcpyImpl: synchronized memcpy failed, kind = 1, runtime result = 107030
[ERROR] RUNTIME(712966,10):2026-01-15-10:29:28.890.961 [api_error.cc:1519]712966 MemCopySync:Memory copy sync failed, cnt=416, kind=1.
[ERROR] RUNTIME(712966,10):2026-01-15-10:29:28.890.970 [api_c.cc:1197]712966 rtMemcpy:ErrCode=107030, desc=[the current capture mode does not support this operation], InnerCode=0x703001c
[ERROR] RUNTIME(712966,10):2026-01-15-10:29:28.890.973 [error_message_manage.cc:53]712966 FuncErrorReason:report error module_type=3, module_name=EE8888
[ERROR] RUNTIME(712966,10):2026-01-15-10:29:28.890.975 [error_message_manage.cc:53]712966 FuncErrorReason:rtMemcpy execute failed, reason=[the current capture mode does not support this operation]
[ERROR] ASCENDCL(712966,10):2026-01-15-10:29:28.891.157 [memory.cpp:437]712966 aclrtMemcpyImpl: synchronized memcpy failed, kind = 1, runtime result = 107030
[ERROR] RUNTIME(712966,10):2026-01-15-10:29:28.965.208 [api_error.cc:1519]712966 MemCopySync:Memory copy sync failed, cnt=72, kind=1.
[ERROR] RUNTIME(712966,10):2026-01-15-10:29:28.965.217 [api_c.cc:1197]712966 rtMemcpy:ErrCode=107030, desc=[the current capture mode does not support this operation], InnerCode=0x703001c
[ERROR] RUNTIME(712966,10):2026-01-15-10:29:28.965.219 [error_message_manage.cc:53]712966 FuncErrorReason:report error module_type=3, module_name=EE8888
[ERROR] RUNTIME(712966,10):2026-01-15-10:29:28.965.222 [error_message_manage.cc:53]712966 FuncErrorReason:rtMemcpy execute failed, reason=[the current capture mode does not support this operation]
[ERROR] ASCENDCL(712966,10):2026-01-15-10:29:28.965.428 [memory.cpp:437]712966 aclrtMemcpyImpl: synchronized memcpy failed, kind = 1, runtime result = 107030
[ERROR] RUNTIME(712966,10):2026-01-15-10:29:29.023.827 [api_error.cc:1519]712966 MemCopySync:Memory copy sync failed, cnt=416, kind=1.
[ERROR] RUNTIME(712966,10):2026-01-15-10:29:29.023.836 [api_c.cc:1197]712966 rtMemcpy:ErrCode=107030, desc=[the current capture mode does not support this operation], InnerCode=0x703001c
[ERROR] RUNTIME(712966,10):2026-01-15-10:29:29.023.838 [error_message_manage.cc:53]712966 FuncErrorReason:report error module_type=3, module_name=EE8888
[ERROR] RUNTIME(712966,10):2026-01-15-10:29:29.023.841 [error_message_manage.cc:53]712966 FuncErrorReason:rtMemcpy execute failed, reason=[the current capture mode does not support this operation]
[ERROR] ASCENDCL(712966,10):2026-01-15-10:29:29.023.993 [memory.cpp:437]712966 aclrtMemcpyImpl: synchronized memcpy failed, kind = 1, runtime result = 107030
[ERROR] RUNTIME(712966,10):2026-01-15-10:29:29.070.859 [api_error.cc:1519]712966 MemCopySync:Memory copy sync failed, cnt=72, kind=1.
[ERROR] RUNTIME(712966,10):2026-01-15-10:29:29.070.867 [api_c.cc:1197]712966 rtMemcpy:ErrCode=107030, desc=[the current capture mode does not support this operation], InnerCode=0x703001c
[ERROR] RUNTIME(712966,10):2026-01-15-10:29:29.070.870 [error_message_manage.cc:53]712966 FuncErrorReason:report error module_type=3, module_name=EE8888
[ERROR] RUNTIME(712966,10):2026-01-15-10:29:29.070.872 [error_message_manage.cc:53]712966 FuncErrorReason:rtMemcpy execute failed, reason=[the current capture mode does not support this operation]
[ERROR] ASCENDCL(712966,10):2026-01-15-10:29:29.071.029 [memory.cpp:437]712966 aclrtMemcpyImpl: synchronized memcpy failed, kind = 1, runtime result = 107030
[ERROR] RUNTIME(712966,10):2026-01-15-10:29:29.144.049 [api_error.cc:1519]712966 MemCopySync:Memory copy sync failed, cnt=416, kind=1.
[ERROR] RUNTIME(712966,10):2026-01-15-10:29:29.144.058 [api_c.cc:1197]712966 rtMemcpy:ErrCode=107030, desc=[the current capture mode does not support this operation], InnerCode=0x703001c
[ERROR] RUNTIME(712966,10):2026-01-15-10:29:29.144.061 [error_message_manage.cc:53]712966 FuncErrorReason:report error module_type=3, module_name=EE8888
[ERROR] RUNTIME(712966,10):2026-01-15-10:29:29.144.064 [error_message_manage.cc:53]712966 FuncErrorReason:rtMemcpy execute failed, reason=[the current capture mode does not support this operation]
[ERROR] ASCENDCL(712966,10):2026-01-15-10:29:29.144.207 [memory.cpp:437]712966 aclrtMemcpyImpl: synchronized memcpy failed, kind = 1, runtime result = 107030
[ERROR] RUNTIME(712966,10):2026-01-15-10:29:29.224.024 [api_error.cc:1519]712966 MemCopySync:Memory copy sync failed, cnt=72, kind=1.
[ERROR] RUNTIME(712966,10):2026-01-15-10:29:29.224.032 [api_c.cc:1197]712966 rtMemcpy:ErrCode=107030, desc=[the current capture mode does not support this operation], InnerCode=0x703001c
[ERROR] RUNTIME(712966,10):2026-01-15-10:29:29.224.035 [error_message_manage.cc:53]712966 FuncErrorReason:report error module_type=3, module_name=EE8888
[ERROR] RUNTIME(712966,10):2026-01-15-10:29:29.224.038 [error_message_manage.cc:53]712966 FuncErrorReason:rtMemcpy execute failed, reason=[the current capture mode does not support this operation]
[ERROR] ASCENDCL(712966,10):2026-01-15-10:29:29.224.208 [memory.cpp:437]712966 aclrtMemcpyImpl: synchronized memcpy failed, kind = 1, runtime result = 107030
[ERROR] RUNTIME(712966,10):2026-01-15-10:29:29.307.420 [api_error.cc:1519]712966 MemCopySync:Memory copy sync failed, cnt=416, kind=1.
[ERROR] RUNTIME(712966,10):2026-01-15-10:29:29.307.429 [api_c.cc:1197]712966 rtMemcpy:ErrCode=107030, desc=[the current capture mode does not support this operation], InnerCode=0x703001c
[ERROR] RUNTIME(712966,10):2026-01-15-10:29:29.307.432 [error_message_manage.cc:53]712966 FuncErrorReason:report error module_type=3, module_name=EE8888
[ERROR] RUNTIME(712966,10):2026-01-15-10:29:29.307.435 [error_message_manage.cc:53]712966 FuncErrorReason:rtMemcpy execute failed, reason=[the current capture mode does not support this operation]
[ERROR] ASCENDCL(712966,10):2026-01-15-10:29:29.307.618 [memory.cpp:437]712966 aclrtMemcpyImpl: synchronized memcpy failed, kind = 1, runtime result = 107030
[ERROR] RUNTIME(712966,10):2026-01-15-10:29:29.380.751 [api_error.cc:1519]712966 MemCopySync:Memory copy sync failed, cnt=72, kind=1.
[ERROR] RUNTIME(712966,10):2026-01-15-10:29:29.380.759 [api_c.cc:1197]712966 rtMemcpy:ErrCode=107030, desc=[the current capture mode does not support this operation], InnerCode=0x703001c
[ERROR] RUNTIME(712966,10):2026-01-15-10:29:29.380.762 [error_message_manage.cc:53]712966 FuncErrorReason:report error module_type=3, module_name=EE8888
[ERROR] RUNTIME(712966,10):2026-01-15-10:29:29.380.764 [error_message_manage.cc:53]712966 FuncErrorReason:rtMemcpy execute failed, reason=[the current capture mode does not support this operation]
[ERROR] ASCENDCL(712966,10):2026-01-15-10:29:29.381.007 [memory.cpp:437]712966 aclrtMemcpyImpl: synchronized memcpy failed, kind = 1, runtime result = 107030
[ERROR] RUNTIME(712966,10):2026-01-15-10:29:29.457.636 [api_error.cc:1519]712966 MemCopySync:Memory copy sync failed, cnt=416, kind=1.
[ERROR] RUNTIME(712966,10):2026-01-15-10:29:29.457.645 [api_c.cc:1197]712966 rtMemcpy:ErrCode=107030, desc=[the current capture mode does not support this operation], InnerCode=0x703001c
[ERROR] RUNTIME(712966,10):2026-01-15-10:29:29.457.648 [error_message_manage.cc:53]712966 FuncErrorReason:report error module_type=3, module_name=EE8888
[ERROR] RUNTIME(712966,10):2026-01-15-10:29:29.457.651 [error_message_manage.cc:53]712966 FuncErrorReason:rtMemcpy execute failed, reason=[the current capture mode does not support this operation]
[ERROR] ASCENDCL(712966,10):2026-01-15-10:29:29.457.824 [memory.cpp:437]712966 aclrtMemcpyImpl: synchronized memcpy failed, kind = 1, runtime result = 107030
[ERROR] RUNTIME(712966,10):2026-01-15-10:29:29.523.790 [api_error.cc:1519]712966 MemCopySync:Memory copy sync failed, cnt=72, kind=1.
[ERROR] RUNTIME(712966,10):2026-01-15-10:29:29.523.798 [api_c.cc:1197]712966 rtMemcpy:ErrCode=107030, desc=[the current capture mode does not support this operation], InnerCode=0x703001c
[ERROR] RUNTIME(712966,10):2026-01-15-10:29:29.523.801 [error_message_manage.cc:53]712966 FuncErrorReason:report error module_type=3, module_name=EE8888
[ERROR] RUNTIME(712966,10):2026-01-15-10:29:29.523.803 [error_message_manage.cc:53]712966 FuncErrorReason:rtMemcpy execute failed, reason=[the current capture mode does not support this operation]
[ERROR] ASCENDCL(712966,10):2026-01-15-10:29:29.523.970 [memory.cpp:437]712966 aclrtMemcpyImpl: synchronized memcpy failed, kind = 1, runtime result = 107030
[ERROR] RUNTIME(712966,10):2026-01-15-10:29:29.579.513 [api_error.cc:1519]712966 MemCopySync:Memory copy sync failed, cnt=416, kind=1.
[ERROR] RUNTIME(712966,10):2026-01-15-10:29:29.579.522 [api_c.cc:1197]712966 rtMemcpy:ErrCode=107030, desc=[the current capture mode does not support this operation], InnerCode=0x703001c
[ERROR] RUNTIME(712966,10):2026-01-15-10:29:29.579.525 [error_message_manage.cc:53]712966 FuncErrorReason:report error module_type=3, module_name=EE8888
[ERROR] RUNTIME(712966,10):2026-01-15-10:29:29.579.527 [error_message_manage.cc:53]712966 FuncErrorReason:rtMemcpy execute failed, reason=[the current capture mode does not support this operation]
[ERROR] ASCENDCL(712966,10):2026-01-15-10:29:29.579.723 [memory.cpp:437]712966 aclrtMemcpyImpl: synchronized memcpy failed, kind = 1, runtime result = 107030
[ERROR] RUNTIME(712966,10):2026-01-15-10:29:29.638.915 [api_error.cc:1519]712966 MemCopySync:Memory copy sync failed, cnt=72, kind=1.
[ERROR] RUNTIME(712966,10):2026-01-15-10:29:29.638.923 [api_c.cc:1197]712966 rtMemcpy:ErrCode=107030, desc=[the current capture mode does not support this operation], InnerCode=0x703001c
[ERROR] RUNTIME(712966,10):2026-01-15-10:29:29.638.926 [error_message_manage.cc:53]712966 FuncErrorReason:report error module_type=3, module_name=EE8888
[ERROR] RUNTIME(712966,10):2026-01-15-10:29:29.638.929 [error_message_manage.cc:53]712966 FuncErrorReason:rtMemcpy execute failed, reason=[the current capture mode does not support this operation]
[ERROR] ASCENDCL(712966,10):2026-01-15-10:29:29.639.119 [memory.cpp:437]712966 aclrtMemcpyImpl: synchronized memcpy failed, kind = 1, runtime result = 107030
[ERROR] RUNTIME(712966,10):2026-01-15-10:29:29.705.750 [api_error.cc:1519]712966 MemCopySync:Memory copy sync failed, cnt=416, kind=1.
[ERROR] RUNTIME(712966,10):2026-01-15-10:29:29.705.758 [api_c.cc:1197]712966 rtMemcpy:ErrCode=107030, desc=[the current capture mode does not support this operation], InnerCode=0x703001c
[ERROR] RUNTIME(712966,10):2026-01-15-10:29:29.705.761 [error_message_manage.cc:53]712966 FuncErrorReason:report error module_type=3, module_name=EE8888
[ERROR] RUNTIME(712966,10):2026-01-15-10:29:29.705.764 [error_message_manage.cc:53]712966 FuncErrorReason:rtMemcpy execute failed, reason=[the current capture mode does not support this operation]
[ERROR] ASCENDCL(712966,10):2026-01-15-10:29:29.705.934 [memory.cpp:437]712966 aclrtMemcpyImpl: synchronized memcpy failed, kind = 1, runtime result = 107030
[ERROR] RUNTIME(712966,10):2026-01-15-10:29:29.781.218 [api_error.cc:1519]712966 MemCopySync:Memory copy sync failed, cnt=72, kind=1.
[ERROR] RUNTIME(712966,10):2026-01-15-10:29:29.781.227 [api_c.cc:1197]712966 rtMemcpy:ErrCode=107030, desc=[the current capture mode does not support this operation], InnerCode=0x703001c
[ERROR] RUNTIME(712966,10):2026-01-15-10:29:29.781.230 [error_message_manage.cc:53]712966 FuncErrorReason:report error module_type=3, module_name=EE8888
[ERROR] RUNTIME(712966,10):2026-01-15-10:29:29.781.232 [error_message_manage.cc:53]712966 FuncErrorReason:rtMemcpy execute failed, reason=[the current capture mode does not support this operation]
[ERROR] ASCENDCL(712966,10):2026-01-15-10:29:29.781.438 [memory.cpp:437]712966 aclrtMemcpyImpl: synchronized memcpy failed, kind = 1, runtime result = 107030
[ERROR] RUNTIME(712966,10):2026-01-15-10:29:29.853.800 [api_error.cc:1519]712966 MemCopySync:Memory copy sync failed, cnt=416, kind=1.
[ERROR] RUNTIME(712966,10):2026-01-15-10:29:29.853.810 [api_c.cc:1197]712966 rtMemcpy:ErrCode=107030, desc=[the current capture mode does not support this operation], InnerCode=0x703001c
[ERROR] RUNTIME(712966,10):2026-01-15-10:29:29.853.813 [error_message_manage.cc:53]712966 FuncErrorReason:report error module_type=3, module_name=EE8888
[ERROR] RUNTIME(712966,10):2026-01-15-10:29:29.853.816 [error_message_manage.cc:53]712966 FuncErrorReason:rtMemcpy execute failed, reason=[the current capture mode does not support this operation]
[ERROR] ASCENDCL(712966,10):2026-01-15-10:29:29.854.015 [memory.cpp:437]712966 aclrtMemcpyImpl: synchronized memcpy failed, kind = 1, runtime result = 107030
[ERROR] RUNTIME(712966,10):2026-01-15-10:29:29.923.239 [api_error.cc:1519]712966 MemCopySync:Memory copy sync failed, cnt=72, kind=1.
[ERROR] RUNTIME(712966,10):2026-01-15-10:29:29.923.248 [api_c.cc:1197]712966 rtMemcpy:ErrCode=107030, desc=[the current capture mode does not support this operation], InnerCode=0x703001c
[ERROR] RUNTIME(712966,10):2026-01-15-10:29:29.923.250 [error_message_manage.cc:53]712966 FuncErrorReason:report error module_type=3, module_name=EE8888
[ERROR] RUNTIME(712966,10):2026-01-15-10:29:29.923.253 [error_message_manage.cc:53]712966 FuncErrorReason:rtMemcpy execute failed, reason=[the current capture mode does not support this operation]
[ERROR] ASCENDCL(712966,10):2026-01-15-10:29:29.923.432 [memory.cpp:437]712966 aclrtMemcpyImpl: synchronized memcpy failed, kind = 1, runtime result = 107030
[ERROR] RUNTIME(712966,10):2026-01-15-10:29:29.988.531 [api_error.cc:1519]712966 MemCopySync:Memory copy sync failed, cnt=416, kind=1.
[ERROR] RUNTIME(712966,10):2026-01-15-10:29:29.988.540 [api_c.cc:1197]712966 rtMemcpy:ErrCode=107030, desc=[the current capture mode does not support this operation], InnerCode=0x703001c
[ERROR] RUNTIME(712966,10):2026-01-15-10:29:29.988.543 [error_message_manage.cc:53]712966 FuncErrorReason:report error module_type=3, module_name=EE8888
[ERROR] RUNTIME(712966,10):2026-01-15-10:29:29.988.545 [error_message_manage.cc:53]712966 FuncErrorReason:rtMemcpy execute failed, reason=[the current capture mode does not support this operation]
[ERROR] ASCENDCL(712966,10):2026-01-15-10:29:29.988.739 [memory.cpp:437]712966 aclrtMemcpyImpl: synchronized memcpy failed, kind = 1, runtime result = 107030
[ERROR] RUNTIME(712966,10):2026-01-15-10:29:30.046.792 [api_error.cc:1519]712966 MemCopySync:Memory copy sync failed, cnt=72, kind=1.
[ERROR] RUNTIME(712966,10):2026-01-15-10:29:30.046.801 [api_c.cc:1197]712966 rtMemcpy:ErrCode=107030, desc=[the current capture mode does not support this operation], InnerCode=0x703001c
[ERROR] RUNTIME(712966,10):2026-01-15-10:29:30.046.804 [error_message_manage.cc:53]712966 FuncErrorReason:report error module_type=3, module_name=EE8888
[ERROR] RUNTIME(712966,10):2026-01-15-10:29:30.046.806 [error_message_manage.cc:53]712966 FuncErrorReason:rtMemcpy execute failed, reason=[the current capture mode does not support this operation]
[ERROR] ASCENDCL(712966,10):2026-01-15-10:29:30.046.998 [memory.cpp:437]712966 aclrtMemcpyImpl: synchronized memcpy failed, kind = 1, runtime result = 107030
[ERROR] RUNTIME(712966,10):2026-01-15-10:29:30.117.600 [api_error.cc:1519]712966 MemCopySync:Memory copy sync failed, cnt=416, kind=1.
[ERROR] RUNTIME(712966,10):2026-01-15-10:29:30.117.609 [api_c.cc:1197]712966 rtMemcpy:ErrCode=107030, desc=[the current capture mode does not support this operation], InnerCode=0x703001c
[ERROR] RUNTIME(712966,10):2026-01-15-10:29:30.117.612 [error_message_manage.cc:53]712966 FuncErrorReason:report error module_type=3, module_name=EE8888
[ERROR] RUNTIME(712966,10):2026-01-15-10:29:30.117.615 [error_message_manage.cc:53]712966 FuncErrorReason:rtMemcpy execute failed, reason=[the current capture mode does not support this operation]
[ERROR] ASCENDCL(712966,10):2026-01-15-10:29:30.117.823 [memory.cpp:437]712966 aclrtMemcpyImpl: synchronized memcpy failed, kind = 1, runtime result = 107030
[ERROR] RUNTIME(712966,10):2026-01-15-10:29:30.199.511 [api_error.cc:1519]712966 MemCopySync:Memory copy sync failed, cnt=72, kind=1.
[ERROR] RUNTIME(712966,10):2026-01-15-10:29:30.199.521 [api_c.cc:1197]712966 rtMemcpy:ErrCode=107030, desc=[the current capture mode does not support this operation], InnerCode=0x703001c
[ERROR] RUNTIME(712966,10):2026-01-15-10:29:30.199.523 [error_message_manage.cc:53]712966 FuncErrorReason:report error module_type=3, module_name=EE8888
[ERROR] RUNTIME(712966,10):2026-01-15-10:29:30.199.526 [error_message_manage.cc:53]712966 FuncErrorReason:rtMemcpy execute failed, reason=[the current capture mode does not support this operation]
[ERROR] ASCENDCL(712966,10):2026-01-15-10:29:30.199.751 [memory.cpp:437]712966 aclrtMemcpyImpl: synchronized memcpy failed, kind = 1, runtime result = 107030
[ERROR] RUNTIME(712966,10):2026-01-15-10:29:30.275.400 [api_error.cc:1519]712966 MemCopySync:Memory copy sync failed, cnt=416, kind=1.
[ERROR] RUNTIME(712966,10):2026-01-15-10:29:30.275.424 [api_c.cc:1197]712966 rtMemcpy:ErrCode=107030, desc=[the current capture mode does not support this operation], InnerCode=0x703001c
[ERROR] RUNTIME(712966,10):2026-01-15-10:29:30.275.427 [error_message_manage.cc:53]712966 FuncErrorReason:report error module_type=3, module_name=EE8888
[ERROR] RUNTIME(712966,10):2026-01-15-10:29:30.275.430 [error_message_manage.cc:53]712966 FuncErrorReason:rtMemcpy execute failed, reason=[the current capture mode does not support this operation]
[ERROR] ASCENDCL(712966,10):2026-01-15-10:29:30.275.646 [memory.cpp:437]712966 aclrtMemcpyImpl: synchronized memcpy failed, kind = 1, runtime result = 107030
[ERROR] RUNTIME(712966,10):2026-01-15-10:29:30.345.585 [api_error.cc:1519]712966 MemCopySync:Memory copy sync failed, cnt=72, kind=1.
[ERROR] RUNTIME(712966,10):2026-01-15-10:29:30.345.595 [api_c.cc:1197]712966 rtMemcpy:ErrCode=107030, desc=[the current capture mode does not support this operation], InnerCode=0x703001c
[ERROR] RUNTIME(712966,10):2026-01-15-10:29:30.345.598 [error_message_manage.cc:53]712966 FuncErrorReason:report error module_type=3, module_name=EE8888
[ERROR] RUNTIME(712966,10):2026-01-15-10:29:30.345.601 [error_message_manage.cc:53]712966 FuncErrorReason:rtMemcpy execute failed, reason=[the current capture mode does not support this operation]
[ERROR] ASCENDCL(712966,10):2026-01-15-10:29:30.345.752 [memory.cpp:437]712966 aclrtMemcpyImpl: synchronized memcpy failed, kind = 1, runtime result = 107030
[ERROR] RUNTIME(712966,10):2026-01-15-10:29:30.409.038 [api_error.cc:1519]712966 MemCopySync:Memory copy sync failed, cnt=416, kind=1.
[ERROR] RUNTIME(712966,10):2026-01-15-10:29:30.409.048 [api_c.cc:1197]712966 rtMemcpy:ErrCode=107030, desc=[the current capture mode does not support this operation], InnerCode=0x703001c
[ERROR] RUNTIME(712966,10):2026-01-15-10:29:30.409.051 [error_message_manage.cc:53]712966 FuncErrorReason:report error module_type=3, module_name=EE8888
[ERROR] RUNTIME(712966,10):2026-01-15-10:29:30.409.054 [error_message_manage.cc:53]712966 FuncErrorReason:rtMemcpy execute failed, reason=[the current capture mode does not support this operation]
[ERROR] ASCENDCL(712966,10):2026-01-15-10:29:30.409.247 [memory.cpp:437]712966 aclrtMemcpyImpl: synchronized memcpy failed, kind = 1, runtime result = 107030
[ERROR] RUNTIME(712966,10):2026-01-15-10:29:30.458.509 [api_error.cc:1519]712966 MemCopySync:Memory copy sync failed, cnt=72, kind=1.
[ERROR] RUNTIME(712966,10):2026-01-15-10:29:30.458.518 [api_c.cc:1197]712966 rtMemcpy:ErrCode=107030, desc=[the current capture mode does not support this operation], InnerCode=0x703001c
[ERROR] RUNTIME(712966,10):2026-01-15-10:29:30.458.522 [error_message_manage.cc:53]712966 FuncErrorReason:report error module_type=3, module_name=EE8888
[ERROR] RUNTIME(712966,10):2026-01-15-10:29:30.458.525 [error_message_manage.cc:53]712966 FuncErrorReason:rtMemcpy execute failed, reason=[the current capture mode does not support this operation]
[ERROR] ASCENDCL(712966,10):2026-01-15-10:29:30.458.770 [memory.cpp:437]712966 aclrtMemcpyImpl: synchronized memcpy failed, kind = 1, runtime result = 107030
[ERROR] RUNTIME(712966,10):2026-01-15-10:29:30.533.243 [api_error.cc:1519]712966 MemCopySync:Memory copy sync failed, cnt=416, kind=1.
[ERROR] RUNTIME(712966,10):2026-01-15-10:29:30.533.251 [api_c.cc:1197]712966 rtMemcpy:ErrCode=107030, desc=[the current capture mode does not support this operation], InnerCode=0x703001c
[ERROR] RUNTIME(712966,10):2026-01-15-10:29:30.533.254 [error_message_manage.cc:53]712966 FuncErrorReason:report error module_type=3, module_name=EE8888
[ERROR] RUNTIME(712966,10):2026-01-15-10:29:30.533.257 [error_message_manage.cc:53]712966 FuncErrorReason:rtMemcpy execute failed, reason=[the current capture mode does not support this operation]
[ERROR] ASCENDCL(712966,10):2026-01-15-10:29:30.533.559 [memory.cpp:437]712966 aclrtMemcpyImpl: synchronized memcpy failed, kind = 1, runtime result = 107030
[ERROR] RUNTIME(712966,10):2026-01-15-10:29:30.608.268 [api_error.cc:1519]712966 MemCopySync:Memory copy sync failed, cnt=72, kind=1.
[ERROR] RUNTIME(712966,10):2026-01-15-10:29:30.608.278 [api_c.cc:1197]712966 rtMemcpy:ErrCode=107030, desc=[the current capture mode does not support this operation], InnerCode=0x703001c
[ERROR] RUNTIME(712966,10):2026-01-15-10:29:30.608.280 [error_message_manage.cc:53]712966 FuncErrorReason:report error module_type=3, module_name=EE8888
[ERROR] RUNTIME(712966,10):2026-01-15-10:29:30.608.283 [error_message_manage.cc:53]712966 FuncErrorReason:rtMemcpy execute failed, reason=[the current capture mode does not support this operation]
[ERROR] ASCENDCL(712966,10):2026-01-15-10:29:30.608.588 [memory.cpp:437]712966 aclrtMemcpyImpl: synchronized memcpy failed, kind = 1, runtime result = 107030
[ERROR] RUNTIME(712966,10):2026-01-15-10:29:30.687.846 [api_error.cc:1519]712966 MemCopySync:Memory copy sync failed, cnt=416, kind=1.
[ERROR] RUNTIME(712966,10):2026-01-15-10:29:30.687.854 [api_c.cc:1197]712966 rtMemcpy:ErrCode=107030, desc=[the current capture mode does not support this operation], InnerCode=0x703001c
[ERROR] RUNTIME(712966,10):2026-01-15-10:29:30.687.857 [error_message_manage.cc:53]712966 FuncErrorReason:report error module_type=3, module_name=EE8888
[ERROR] RUNTIME(712966,10):2026-01-15-10:29:30.687.860 [error_message_manage.cc:53]712966 FuncErrorReason:rtMemcpy execute failed, reason=[the current capture mode does not support this operation]
[ERROR] ASCENDCL(712966,10):2026-01-15-10:29:30.688.061 [memory.cpp:437]712966 aclrtMemcpyImpl: synchronized memcpy failed, kind = 1, runtime result = 107030
[ERROR] RUNTIME(712966,10):2026-01-15-10:29:30.759.334 [api_error.cc:1519]712966 MemCopySync:Memory copy sync failed, cnt=72, kind=1.
[ERROR] RUNTIME(712966,10):2026-01-15-10:29:30.759.342 [api_c.cc:1197]712966 rtMemcpy:ErrCode=107030, desc=[the current capture mode does not support this operation], InnerCode=0x703001c
[ERROR] RUNTIME(712966,10):2026-01-15-10:29:30.759.345 [error_message_manage.cc:53]712966 FuncErrorReason:report error module_type=3, module_name=EE8888
[ERROR] RUNTIME(712966,10):2026-01-15-10:29:30.759.347 [error_message_manage.cc:53]712966 FuncErrorReason:rtMemcpy execute failed, reason=[the current capture mode does not support this operation]
[ERROR] ASCENDCL(712966,10):2026-01-15-10:29:30.759.564 [memory.cpp:437]712966 aclrtMemcpyImpl: synchronized memcpy failed, kind = 1, runtime result = 107030
[ERROR] RUNTIME(712966,10):2026-01-15-10:29:30.824.252 [api_error.cc:1519]712966 MemCopySync:Memory copy sync failed, cnt=416, kind=1.
[ERROR] RUNTIME(712966,10):2026-01-15-10:29:30.824.261 [api_c.cc:1197]712966 rtMemcpy:ErrCode=107030, desc=[the current capture mode does not support this operation], InnerCode=0x703001c
[ERROR] RUNTIME(712966,10):2026-01-15-10:29:30.824.263 [error_message_manage.cc:53]712966 FuncErrorReason:report error module_type=3, module_name=EE8888
[ERROR] RUNTIME(712966,10):2026-01-15-10:29:30.824.266 [error_message_manage.cc:53]712966 FuncErrorReason:rtMemcpy execute failed, reason=[the current capture mode does not support this operation]
[ERROR] ASCENDCL(712966,10):2026-01-15-10:29:30.824.448 [memory.cpp:437]712966 aclrtMemcpyImpl: synchronized memcpy failed, kind = 1, runtime result = 107030
[ERROR] RUNTIME(712966,10):2026-01-15-10:29:30.886.304 [api_error.cc:1519]712966 MemCopySync:Memory copy sync failed, cnt=72, kind=1.
[ERROR] RUNTIME(712966,10):2026-01-15-10:29:30.886.312 [api_c.cc:1197]712966 rtMemcpy:ErrCode=107030, desc=[the current capture mode does not support this operation], InnerCode=0x703001c
[ERROR] RUNTIME(712966,10):2026-01-15-10:29:30.886.315 [error_message_manage.cc:53]712966 FuncErrorReason:report error module_type=3, module_name=EE8888
[ERROR] RUNTIME(712966,10):2026-01-15-10:29:30.886.318 [error_message_manage.cc:53]712966 FuncErrorReason:rtMemcpy execute failed, reason=[the current capture mode does not support this operation]
[ERROR] ASCENDCL(712966,10):2026-01-15-10:29:30.886.501 [memory.cpp:437]712966 aclrtMemcpyImpl: synchronized memcpy failed, kind = 1, runtime result = 107030
[ERROR] RUNTIME(712966,10):2026-01-15-10:29:30.948.269 [api_error.cc:1519]712966 MemCopySync:Memory copy sync failed, cnt=416, kind=1.
[ERROR] RUNTIME(712966,10):2026-01-15-10:29:30.948.278 [api_c.cc:1197]712966 rtMemcpy:ErrCode=107030, desc=[the current capture mode does not support this operation], InnerCode=0x703001c
[ERROR] RUNTIME(712966,10):2026-01-15-10:29:30.948.281 [error_message_manage.cc:53]712966 FuncErrorReason:report error module_type=3, module_name=EE8888
[ERROR] RUNTIME(712966,10):2026-01-15-10:29:30.948.284 [error_message_manage.cc:53]712966 FuncErrorReason:rtMemcpy execute failed, reason=[the current capture mode does not support this operation]
[ERROR] ASCENDCL(712966,10):2026-01-15-10:29:30.948.427 [memory.cpp:437]712966 aclrtMemcpyImpl: synchronized memcpy failed, kind = 1, runtime result = 107030
[ERROR] RUNTIME(712966,10):2026-01-15-10:29:31.024.320 [api_error.cc:1519]712966 MemCopySync:Memory copy sync failed, cnt=72, kind=1.
[ERROR] RUNTIME(712966,10):2026-01-15-10:29:31.024.328 [api_c.cc:1197]712966 rtMemcpy:ErrCode=107030, desc=[the current capture mode does not support this operation], InnerCode=0x703001c
[ERROR] RUNTIME(712966,10):2026-01-15-10:29:31.024.331 [error_message_manage.cc:53]712966 FuncErrorReason:report error module_type=3, module_name=EE8888
[ERROR] RUNTIME(712966,10):2026-01-15-10:29:31.024.334 [error_message_manage.cc:53]712966 FuncErrorReason:rtMemcpy execute failed, reason=[the current capture mode does not support this operation]
[ERROR] ASCENDCL(712966,10):2026-01-15-10:29:31.024.527 [memory.cpp:437]712966 aclrtMemcpyImpl: synchronized memcpy failed, kind = 1, runtime result = 107030
[ERROR] RUNTIME(712966,10):2026-01-15-10:29:31.107.481 [api_error.cc:1519]712966 MemCopySync:Memory copy sync failed, cnt=416, kind=1.
[ERROR] RUNTIME(712966,10):2026-01-15-10:29:31.107.490 [api_c.cc:1197]712966 rtMemcpy:ErrCode=107030, desc=[the current capture mode does not support this operation], InnerCode=0x703001c
[ERROR] RUNTIME(712966,10):2026-01-15-10:29:31.107.493 [error_message_manage.cc:53]712966 FuncErrorReason:report error module_type=3, module_name=EE8888
[ERROR] RUNTIME(712966,10):2026-01-15-10:29:31.107.496 [error_message_manage.cc:53]712966 FuncErrorReason:rtMemcpy execute failed, reason=[the current capture mode does not support this operation]
[ERROR] ASCENDCL(712966,10):2026-01-15-10:29:31.107.653 [memory.cpp:437]712966 aclrtMemcpyImpl: synchronized memcpy failed, kind = 1, runtime result = 107030
[ERROR] RUNTIME(712966,10):2026-01-15-10:29:31.180.176 [api_error.cc:1519]712966 MemCopySync:Memory copy sync failed, cnt=72, kind=1.
[ERROR] RUNTIME(712966,10):2026-01-15-10:29:31.180.184 [api_c.cc:1197]712966 rtMemcpy:ErrCode=107030, desc=[the current capture mode does not support this operation], InnerCode=0x703001c
[ERROR] RUNTIME(712966,10):2026-01-15-10:29:31.180.187 [error_message_manage.cc:53]712966 FuncErrorReason:report error module_type=3, module_name=EE8888
[ERROR] RUNTIME(712966,10):2026-01-15-10:29:31.180.189 [error_message_manage.cc:53]712966 FuncErrorReason:rtMemcpy execute failed, reason=[the current capture mode does not support this operation]
[ERROR] ASCENDCL(712966,10):2026-01-15-10:29:31.180.409 [memory.cpp:437]712966 aclrtMemcpyImpl: synchronized memcpy failed, kind = 1, runtime result = 107030
[ERROR] RUNTIME(712966,10):2026-01-15-10:29:31.258.317 [api_error.cc:1519]712966 MemCopySync:Memory copy sync failed, cnt=416, kind=1.
[ERROR] RUNTIME(712966,10):2026-01-15-10:29:31.258.327 [api_c.cc:1197]712966 rtMemcpy:ErrCode=107030, desc=[the current capture mode does not support this operation], InnerCode=0x703001c
[ERROR] RUNTIME(712966,10):2026-01-15-10:29:31.258.329 [error_message_manage.cc:53]712966 FuncErrorReason:report error module_type=3, module_name=EE8888
[ERROR] RUNTIME(712966,10):2026-01-15-10:29:31.258.332 [error_message_manage.cc:53]712966 FuncErrorReason:rtMemcpy execute failed, reason=[the current capture mode does not support this operation]
[ERROR] ASCENDCL(712966,10):2026-01-15-10:29:31.258.512 [memory.cpp:437]712966 aclrtMemcpyImpl: synchronized memcpy failed, kind = 1, runtime result = 107030
[ERROR] RUNTIME(712966,10):2026-01-15-10:29:31.331.915 [api_error.cc:1519]712966 MemCopySync:Memory copy sync failed, cnt=72, kind=1.
[ERROR] RUNTIME(712966,10):2026-01-15-10:29:31.331.923 [api_c.cc:1197]712966 rtMemcpy:ErrCode=107030, desc=[the current capture mode does not support this operation], InnerCode=0x703001c
[ERROR] RUNTIME(712966,10):2026-01-15-10:29:31.331.926 [error_message_manage.cc:53]712966 FuncErrorReason:report error module_type=3, module_name=EE8888
[ERROR] RUNTIME(712966,10):2026-01-15-10:29:31.331.928 [error_message_manage.cc:53]712966 FuncErrorReason:rtMemcpy execute failed, reason=[the current capture mode does not support this operation]
[ERROR] ASCENDCL(712966,10):2026-01-15-10:29:31.332.102 [memory.cpp:437]712966 aclrtMemcpyImpl: synchronized memcpy failed, kind = 1, runtime result = 107030
[ERROR] RUNTIME(712966,10):2026-01-15-10:29:31.411.475 [api_error.cc:1519]712966 MemCopySync:Memory copy sync failed, cnt=416, kind=1.
[ERROR] RUNTIME(712966,10):2026-01-15-10:29:31.411.485 [api_c.cc:1197]712966 rtMemcpy:ErrCode=107030, desc=[the current capture mode does not support this operation], InnerCode=0x703001c
[ERROR] RUNTIME(712966,10):2026-01-15-10:29:31.411.487 [error_message_manage.cc:53]712966 FuncErrorReason:report error module_type=3, module_name=EE8888
[ERROR] RUNTIME(712966,10):2026-01-15-10:29:31.411.490 [error_message_manage.cc:53]712966 FuncErrorReason:rtMemcpy execute failed, reason=[the current capture mode does not support this operation]
[ERROR] ASCENDCL(712966,10):2026-01-15-10:29:31.411.765 [memory.cpp:437]712966 aclrtMemcpyImpl: synchronized memcpy failed, kind = 1, runtime result = 107030
[ERROR] RUNTIME(712966,10):2026-01-15-10:29:31.489.474 [api_error.cc:1519]712966 MemCopySync:Memory copy sync failed, cnt=72, kind=1.
[ERROR] RUNTIME(712966,10):2026-01-15-10:29:31.489.484 [api_c.cc:1197]712966 rtMemcpy:ErrCode=107030, desc=[the current capture mode does not support this operation], InnerCode=0x703001c
[ERROR] RUNTIME(712966,10):2026-01-15-10:29:31.489.486 [error_message_manage.cc:53]712966 FuncErrorReason:report error module_type=3, module_name=EE8888
[ERROR] RUNTIME(712966,10):2026-01-15-10:29:31.489.489 [error_message_manage.cc:53]712966 FuncErrorReason:rtMemcpy execute failed, reason=[the current capture mode does not support this operation]
[ERROR] ASCENDCL(712966,10):2026-01-15-10:29:31.489.672 [memory.cpp:437]712966 aclrtMemcpyImpl: synchronized memcpy failed, kind = 1, runtime result = 107030
[ERROR] RUNTIME(712966,10):2026-01-15-10:29:31.562.263 [api_error.cc:1519]712966 MemCopySync:Memory copy sync failed, cnt=416, kind=1.
[ERROR] RUNTIME(712966,10):2026-01-15-10:29:31.562.272 [api_c.cc:1197]712966 rtMemcpy:ErrCode=107030, desc=[the current capture mode does not support this operation], InnerCode=0x703001c
[ERROR] RUNTIME(712966,10):2026-01-15-10:29:31.562.275 [error_message_manage.cc:53]712966 FuncErrorReason:report error module_type=3, module_name=EE8888
[ERROR] RUNTIME(712966,10):2026-01-15-10:29:31.562.278 [error_message_manage.cc:53]712966 FuncErrorReason:rtMemcpy execute failed, reason=[the current capture mode does not support this operation]
[ERROR] ASCENDCL(712966,10):2026-01-15-10:29:31.562.495 [memory.cpp:437]712966 aclrtMemcpyImpl: synchronized memcpy failed, kind = 1, runtime result = 107030
[ERROR] RUNTIME(712966,10):2026-01-15-10:29:31.633.727 [api_error.cc:1519]712966 MemCopySync:Memory copy sync failed, cnt=72, kind=1.
[ERROR] RUNTIME(712966,10):2026-01-15-10:29:31.633.735 [api_c.cc:1197]712966 rtMemcpy:ErrCode=107030, desc=[the current capture mode does not support this operation], InnerCode=0x703001c
[ERROR] RUNTIME(712966,10):2026-01-15-10:29:31.633.738 [error_message_manage.cc:53]712966 FuncErrorReason:report error module_type=3, module_name=EE8888
[ERROR] RUNTIME(712966,10):2026-01-15-10:29:31.633.741 [error_message_manage.cc:53]712966 FuncErrorReason:rtMemcpy execute failed, reason=[the current capture mode does not support this operation]
[ERROR] ASCENDCL(712966,10):2026-01-15-10:29:31.633.921 [memory.cpp:437]712966 aclrtMemcpyImpl: synchronized memcpy failed, kind = 1, runtime result = 107030
[ERROR] RUNTIME(712966,10):2026-01-15-10:29:31.700.933 [api_error.cc:1519]712966 MemCopySync:Memory copy sync failed, cnt=416, kind=1.
[ERROR] RUNTIME(712966,10):2026-01-15-10:29:31.700.942 [api_c.cc:1197]712966 rtMemcpy:ErrCode=107030, desc=[the current capture mode does not support this operation], InnerCode=0x703001c
[ERROR] RUNTIME(712966,10):2026-01-15-10:29:31.700.945 [error_message_manage.cc:53]712966 FuncErrorReason:report error module_type=3, module_name=EE8888
[ERROR] RUNTIME(712966,10):2026-01-15-10:29:31.700.948 [error_message_manage.cc:53]712966 FuncErrorReason:rtMemcpy execute failed, reason=[the current capture mode does not support this operation]
[ERROR] ASCENDCL(712966,10):2026-01-15-10:29:31.701.140 [memory.cpp:437]712966 aclrtMemcpyImpl: synchronized memcpy failed, kind = 1, runtime result = 107030
[ERROR] RUNTIME(712966,10):2026-01-15-10:29:31.764.026 [api_error.cc:1519]712966 MemCopySync:Memory copy sync failed, cnt=72, kind=1.
[ERROR] RUNTIME(712966,10):2026-01-15-10:29:31.764.035 [api_c.cc:1197]712966 rtMemcpy:ErrCode=107030, desc=[the current capture mode does not support this operation], InnerCode=0x703001c
[ERROR] RUNTIME(712966,10):2026-01-15-10:29:31.764.037 [error_message_manage.cc:53]712966 FuncErrorReason:report error module_type=3, module_name=EE8888
[ERROR] RUNTIME(712966,10):2026-01-15-10:29:31.764.040 [error_message_manage.cc:53]712966 FuncErrorReason:rtMemcpy execute failed, reason=[the current capture mode does not support this operation]
[ERROR] ASCENDCL(712966,10):2026-01-15-10:29:31.764.262 [memory.cpp:437]712966 aclrtMemcpyImpl: synchronized memcpy failed, kind = 1, runtime result = 107030
[ERROR] RUNTIME(712966,10):2026-01-15-10:29:31.833.188 [api_error.cc:1519]712966 MemCopySync:Memory copy sync failed, cnt=416, kind=1.
[ERROR] RUNTIME(712966,10):2026-01-15-10:29:31.833.196 [api_c.cc:1197]712966 rtMemcpy:ErrCode=107030, desc=[the current capture mode does not support this operation], InnerCode=0x703001c
[ERROR] RUNTIME(712966,10):2026-01-15-10:29:31.833.199 [error_message_manage.cc:53]712966 FuncErrorReason:report error module_type=3, module_name=EE8888
[ERROR] RUNTIME(712966,10):2026-01-15-10:29:31.833.202 [error_message_manage.cc:53]712966 FuncErrorReason:rtMemcpy execute failed, reason=[the current capture mode does not support this operation]
[ERROR] ASCENDCL(712966,10):2026-01-15-10:29:31.833.408 [memory.cpp:437]712966 aclrtMemcpyImpl: synchronized memcpy failed, kind = 1, runtime result = 107030
[ERROR] RUNTIME(712966,10):2026-01-15-10:29:31.909.387 [api_error.cc:1519]712966 MemCopySync:Memory copy sync failed, cnt=72, kind=1.
[ERROR] RUNTIME(712966,10):2026-01-15-10:29:31.909.394 [api_c.cc:1197]712966 rtMemcpy:ErrCode=107030, desc=[the current capture mode does not support this operation], InnerCode=0x703001c
[ERROR] RUNTIME(712966,10):2026-01-15-10:29:31.909.397 [error_message_manage.cc:53]712966 FuncErrorReason:report error module_type=3, module_name=EE8888
[ERROR] RUNTIME(712966,10):2026-01-15-10:29:31.909.400 [error_message_manage.cc:53]712966 FuncErrorReason:rtMemcpy execute failed, reason=[the current capture mode does not support this operation]
[ERROR] ASCENDCL(712966,10):2026-01-15-10:29:31.909.661 [memory.cpp:437]712966 aclrtMemcpyImpl: synchronized memcpy failed, kind = 1, runtime result = 107030
[ERROR] RUNTIME(712966,10):2026-01-15-10:29:31.990.068 [api_error.cc:1519]712966 MemCopySync:Memory copy sync failed, cnt=416, kind=1.
[ERROR] RUNTIME(712966,10):2026-01-15-10:29:31.990.076 [api_c.cc:1197]712966 rtMemcpy:ErrCode=107030, desc=[the current capture mode does not support this operation], InnerCode=0x703001c
[ERROR] RUNTIME(712966,10):2026-01-15-10:29:31.990.079 [error_message_manage.cc:53]712966 FuncErrorReason:report error module_type=3, module_name=EE8888
[ERROR] RUNTIME(712966,10):2026-01-15-10:29:31.990.082 [error_message_manage.cc:53]712966 FuncErrorReason:rtMemcpy execute failed, reason=[the current capture mode does not support this operation]
[ERROR] ASCENDCL(712966,10):2026-01-15-10:29:31.990.303 [memory.cpp:437]712966 aclrtMemcpyImpl: synchronized memcpy failed, kind = 1, runtime result = 107030
[ERROR] RUNTIME(712966,10):2026-01-15-10:29:32.071.184 [api_error.cc:1519]712966 MemCopySync:Memory copy sync failed, cnt=72, kind=1.
[ERROR] RUNTIME(712966,10):2026-01-15-10:29:32.071.192 [api_c.cc:1197]712966 rtMemcpy:ErrCode=107030, desc=[the current capture mode does not support this operation], InnerCode=0x703001c
[ERROR] RUNTIME(712966,10):2026-01-15-10:29:32.071.195 [error_message_manage.cc:53]712966 FuncErrorReason:report error module_type=3, module_name=EE8888
[ERROR] RUNTIME(712966,10):2026-01-15-10:29:32.071.198 [error_message_manage.cc:53]712966 FuncErrorReason:rtMemcpy execute failed, reason=[the current capture mode does not support this operation]
[ERROR] ASCENDCL(712966,10):2026-01-15-10:29:32.071.388 [memory.cpp:437]712966 aclrtMemcpyImpl: synchronized memcpy failed, kind = 1, runtime result = 107030
[ERROR] RUNTIME(712966,10):2026-01-15-10:29:32.148.525 [api_error.cc:1519]712966 MemCopySync:Memory copy sync failed, cnt=416, kind=1.
[ERROR] RUNTIME(712966,10):2026-01-15-10:29:32.148.534 [api_c.cc:1197]712966 rtMemcpy:ErrCode=107030, desc=[the current capture mode does not support this operation], InnerCode=0x703001c
[ERROR] RUNTIME(712966,10):2026-01-15-10:29:32.148.537 [error_message_manage.cc:53]712966 FuncErrorReason:report error module_type=3, module_name=EE8888
[ERROR] RUNTIME(712966,10):2026-01-15-10:29:32.148.540 [error_message_manage.cc:53]712966 FuncErrorReason:rtMemcpy execute failed, reason=[the current capture mode does not support this operation]
[ERROR] ASCENDCL(712966,10):2026-01-15-10:29:32.148.683 [memory.cpp:437]712966 aclrtMemcpyImpl: synchronized memcpy failed, kind = 1, runtime result = 107030
[ERROR] RUNTIME(712966,10):2026-01-15-10:29:32.230.103 [api_error.cc:1519]712966 MemCopySync:Memory copy sync failed, cnt=72, kind=1.
[ERROR] RUNTIME(712966,10):2026-01-15-10:29:32.230.111 [api_c.cc:1197]712966 rtMemcpy:ErrCode=107030, desc=[the current capture mode does not support this operation], InnerCode=0x703001c
[ERROR] RUNTIME(712966,10):2026-01-15-10:29:32.230.114 [error_message_manage.cc:53]712966 FuncErrorReason:report error module_type=3, module_name=EE8888
[ERROR] RUNTIME(712966,10):2026-01-15-10:29:32.230.117 [error_message_manage.cc:53]712966 FuncErrorReason:rtMemcpy execute failed, reason=[the current capture mode does not support this operation]
[ERROR] ASCENDCL(712966,10):2026-01-15-10:29:32.230.288 [memory.cpp:437]712966 aclrtMemcpyImpl: synchronized memcpy failed, kind = 1, runtime result = 107030
[ERROR] RUNTIME(712966,10):2026-01-15-10:29:32.304.129 [api_error.cc:1519]712966 MemCopySync:Memory copy sync failed, cnt=416, kind=1.
[ERROR] RUNTIME(712966,10):2026-01-15-10:29:32.304.137 [api_c.cc:1197]712966 rtMemcpy:ErrCode=107030, desc=[the current capture mode does not support this operation], InnerCode=0x703001c
[ERROR] RUNTIME(712966,10):2026-01-15-10:29:32.304.140 [error_message_manage.cc:53]712966 FuncErrorReason:report error module_type=3, module_name=EE8888
[ERROR] RUNTIME(712966,10):2026-01-15-10:29:32.304.143 [error_message_manage.cc:53]712966 FuncErrorReason:rtMemcpy execute failed, reason=[the current capture mode does not support this operation]
[ERROR] ASCENDCL(712966,10):2026-01-15-10:29:32.304.308 [memory.cpp:437]712966 aclrtMemcpyImpl: synchronized memcpy failed, kind = 1, runtime result = 107030
[ERROR] RUNTIME(712966,10):2026-01-15-10:29:32.366.221 [api_error.cc:1519]712966 MemCopySync:Memory copy sync failed, cnt=72, kind=1.
[ERROR] RUNTIME(712966,10):2026-01-15-10:29:32.366.230 [api_c.cc:1197]712966 rtMemcpy:ErrCode=107030, desc=[the current capture mode does not support this operation], InnerCode=0x703001c
[ERROR] RUNTIME(712966,10):2026-01-15-10:29:32.366.233 [error_message_manage.cc:53]712966 FuncErrorReason:report error module_type=3, module_name=EE8888
[ERROR] RUNTIME(712966,10):2026-01-15-10:29:32.366.235 [error_message_manage.cc:53]712966 FuncErrorReason:rtMemcpy execute failed, reason=[the current capture mode does not support this operation]
[ERROR] ASCENDCL(712966,10):2026-01-15-10:29:32.366.460 [memory.cpp:437]712966 aclrtMemcpyImpl: synchronized memcpy failed, kind = 1, runtime result = 107030
[ERROR] RUNTIME(712966,10):2026-01-15-10:29:32.422.454 [api_error.cc:1519]712966 MemCopySync:Memory copy sync failed, cnt=416, kind=1.
[ERROR] RUNTIME(712966,10):2026-01-15-10:29:32.422.462 [api_c.cc:1197]712966 rtMemcpy:ErrCode=107030, desc=[the current capture mode does not support this operation], InnerCode=0x703001c
[ERROR] RUNTIME(712966,10):2026-01-15-10:29:32.422.465 [error_message_manage.cc:53]712966 FuncErrorReason:report error module_type=3, module_name=EE8888
[ERROR] RUNTIME(712966,10):2026-01-15-10:29:32.422.468 [error_message_manage.cc:53]712966 FuncErrorReason:rtMemcpy execute failed, reason=[the current capture mode does not support this operation]
[ERROR] ASCENDCL(712966,10):2026-01-15-10:29:32.422.663 [memory.cpp:437]712966 aclrtMemcpyImpl: synchronized memcpy failed, kind = 1, runtime result = 107030
[ERROR] RUNTIME(712966,10):2026-01-15-10:29:32.483.741 [api_error.cc:1519]712966 MemCopySync:Memory copy sync failed, cnt=72, kind=1.
[ERROR] RUNTIME(712966,10):2026-01-15-10:29:32.483.749 [api_c.cc:1197]712966 rtMemcpy:ErrCode=107030, desc=[the current capture mode does not support this operation], InnerCode=0x703001c
[ERROR] RUNTIME(712966,10):2026-01-15-10:29:32.483.751 [error_message_manage.cc:53]712966 FuncErrorReason:report error module_type=3, module_name=EE8888
[ERROR] RUNTIME(712966,10):2026-01-15-10:29:32.483.754 [error_message_manage.cc:53]712966 FuncErrorReason:rtMemcpy execute failed, reason=[the current capture mode does not support this operation]
[ERROR] ASCENDCL(712966,10):2026-01-15-10:29:32.483.964 [memory.cpp:437]712966 aclrtMemcpyImpl: synchronized memcpy failed, kind = 1, runtime result = 107030
[ERROR] RUNTIME(712966,10):2026-01-15-10:29:32.557.747 [api_error.cc:1519]712966 MemCopySync:Memory copy sync failed, cnt=416, kind=1.
[ERROR] RUNTIME(712966,10):2026-01-15-10:29:32.557.756 [api_c.cc:1197]712966 rtMemcpy:ErrCode=107030, desc=[the current capture mode does not support this operation], InnerCode=0x703001c
[ERROR] RUNTIME(712966,10):2026-01-15-10:29:32.557.758 [error_message_manage.cc:53]712966 FuncErrorReason:report error module_type=3, module_name=EE8888
[ERROR] RUNTIME(712966,10):2026-01-15-10:29:32.557.761 [error_message_manage.cc:53]712966 FuncErrorReason:rtMemcpy execute failed, reason=[the current capture mode does not support this operation]
[ERROR] ASCENDCL(712966,10):2026-01-15-10:29:32.557.940 [memory.cpp:437]712966 aclrtMemcpyImpl: synchronized memcpy failed, kind = 1, runtime result = 107030
[ERROR] RUNTIME(712966,10):2026-01-15-10:29:32.630.411 [api_error.cc:1519]712966 MemCopySync:Memory copy sync failed, cnt=72, kind=1.
[ERROR] RUNTIME(712966,10):2026-01-15-10:29:32.630.419 [api_c.cc:1197]712966 rtMemcpy:ErrCode=107030, desc=[the current capture mode does not support this operation], InnerCode=0x703001c
[ERROR] RUNTIME(712966,10):2026-01-15-10:29:32.630.422 [error_message_manage.cc:53]712966 FuncErrorReason:report error module_type=3, module_name=EE8888
[ERROR] RUNTIME(712966,10):2026-01-15-10:29:32.630.425 [error_message_manage.cc:53]712966 FuncErrorReason:rtMemcpy execute failed, reason=[the current capture mode does not support this operation]
[ERROR] ASCENDCL(712966,10):2026-01-15-10:29:32.630.602 [memory.cpp:437]712966 aclrtMemcpyImpl: synchronized memcpy failed, kind = 1, runtime result = 107030
[ERROR] RUNTIME(712966,10):2026-01-15-10:29:32.709.163 [api_error.cc:1519]712966 MemCopySync:Memory copy sync failed, cnt=416, kind=1.
[ERROR] RUNTIME(712966,10):2026-01-15-10:29:32.709.173 [api_c.cc:1197]712966 rtMemcpy:ErrCode=107030, desc=[the current capture mode does not support this operation], InnerCode=0x703001c
[ERROR] RUNTIME(712966,10):2026-01-15-10:29:32.709.176 [error_message_manage.cc:53]712966 FuncErrorReason:report error module_type=3, module_name=EE8888
[ERROR] RUNTIME(712966,10):2026-01-15-10:29:32.709.179 [error_message_manage.cc:53]712966 FuncErrorReason:rtMemcpy execute failed, reason=[the current capture mode does not support this operation]
[ERROR] ASCENDCL(712966,10):2026-01-15-10:29:32.709.405 [memory.cpp:437]712966 aclrtMemcpyImpl: synchronized memcpy failed, kind = 1, runtime result = 107030
[ERROR] RUNTIME(712966,10):2026-01-15-10:29:32.766.468 [api_error.cc:1519]712966 MemCopySync:Memory copy sync failed, cnt=72, kind=1.
[ERROR] RUNTIME(712966,10):2026-01-15-10:29:32.766.477 [api_c.cc:1197]712966 rtMemcpy:ErrCode=107030, desc=[the current capture mode does not support this operation], InnerCode=0x703001c
[ERROR] RUNTIME(712966,10):2026-01-15-10:29:32.766.480 [error_message_manage.cc:53]712966 FuncErrorReason:report error module_type=3, module_name=EE8888
[ERROR] RUNTIME(712966,10):2026-01-15-10:29:32.766.482 [error_message_manage.cc:53]712966 FuncErrorReason:rtMemcpy execute failed, reason=[the current capture mode does not support this operation]
[ERROR] ASCENDCL(712966,10):2026-01-15-10:29:32.766.684 [memory.cpp:437]712966 aclrtMemcpyImpl: synchronized memcpy failed, kind = 1, runtime result = 107030
[ERROR] RUNTIME(712966,10):2026-01-15-10:29:32.833.515 [api_error.cc:1519]712966 MemCopySync:Memory copy sync failed, cnt=416, kind=1.
[ERROR] RUNTIME(712966,10):2026-01-15-10:29:32.833.524 [api_c.cc:1197]712966 rtMemcpy:ErrCode=107030, desc=[the current capture mode does not support this operation], InnerCode=0x703001c
[ERROR] RUNTIME(712966,10):2026-01-15-10:29:32.833.526 [error_message_manage.cc:53]712966 FuncErrorReason:report error module_type=3, module_name=EE8888
[ERROR] RUNTIME(712966,10):2026-01-15-10:29:32.833.529 [error_message_manage.cc:53]712966 FuncErrorReason:rtMemcpy execute failed, reason=[the current capture mode does not support this operation]
[ERROR] ASCENDCL(712966,10):2026-01-15-10:29:32.833.717 [memory.cpp:437]712966 aclrtMemcpyImpl: synchronized memcpy failed, kind = 1, runtime result = 107030
[ERROR] RUNTIME(712966,10):2026-01-15-10:29:32.887.127 [api_error.cc:1519]712966 MemCopySync:Memory copy sync failed, cnt=72, kind=1.
[ERROR] RUNTIME(712966,10):2026-01-15-10:29:32.887.136 [api_c.cc:1197]712966 rtMemcpy:ErrCode=107030, desc=[the current capture mode does not support this operation], InnerCode=0x703001c
[ERROR] RUNTIME(712966,10):2026-01-15-10:29:32.887.139 [error_message_manage.cc:53]712966 FuncErrorReason:report error module_type=3, module_name=EE8888
[ERROR] RUNTIME(712966,10):2026-01-15-10:29:32.887.141 [error_message_manage.cc:53]712966 FuncErrorReason:rtMemcpy execute failed, reason=[the current capture mode does not support this operation]
[ERROR] ASCENDCL(712966,10):2026-01-15-10:29:32.887.309 [memory.cpp:437]712966 aclrtMemcpyImpl: synchronized memcpy failed, kind = 1, runtime result = 107030
[ERROR] RUNTIME(712966,10):2026-01-15-10:29:32.944.624 [api_error.cc:1519]712966 MemCopySync:Memory copy sync failed, cnt=416, kind=1.
[ERROR] RUNTIME(712966,10):2026-01-15-10:29:32.944.633 [api_c.cc:1197]712966 rtMemcpy:ErrCode=107030, desc=[the current capture mode does not support this operation], InnerCode=0x703001c
[ERROR] RUNTIME(712966,10):2026-01-15-10:29:32.944.636 [error_message_manage.cc:53]712966 FuncErrorReason:report error module_type=3, module_name=EE8888
[ERROR] RUNTIME(712966,10):2026-01-15-10:29:32.944.639 [error_message_manage.cc:53]712966 FuncErrorReason:rtMemcpy execute failed, reason=[the current capture mode does not support this operation]
[ERROR] ASCENDCL(712966,10):2026-01-15-10:29:32.944.797 [memory.cpp:437]712966 aclrtMemcpyImpl: synchronized memcpy failed, kind = 1, runtime result = 107030
[ERROR] RUNTIME(712966,10):2026-01-15-10:29:33.009.894 [api_error.cc:1519]712966 MemCopySync:Memory copy sync failed, cnt=72, kind=1.
[ERROR] RUNTIME(712966,10):2026-01-15-10:29:33.009.903 [api_c.cc:1197]712966 rtMemcpy:ErrCode=107030, desc=[the current capture mode does not support this operation], InnerCode=0x703001c
[ERROR] RUNTIME(712966,10):2026-01-15-10:29:33.009.906 [error_message_manage.cc:53]712966 FuncErrorReason:report error module_type=3, module_name=EE8888
[ERROR] RUNTIME(712966,10):2026-01-15-10:29:33.009.908 [error_message_manage.cc:53]712966 FuncErrorReason:rtMemcpy execute failed, reason=[the current capture mode does not support this operation]
[ERROR] ASCENDCL(712966,10):2026-01-15-10:29:33.010.110 [memory.cpp:437]712966 aclrtMemcpyImpl: synchronized memcpy failed, kind = 1, runtime result = 107030
[ERROR] RUNTIME(712966,10):2026-01-15-10:29:33.082.701 [api_error.cc:1519]712966 MemCopySync:Memory copy sync failed, cnt=416, kind=1.
[ERROR] RUNTIME(712966,10):2026-01-15-10:29:33.082.710 [api_c.cc:1197]712966 rtMemcpy:ErrCode=107030, desc=[the current capture mode does not support this operation], InnerCode=0x703001c
[ERROR] RUNTIME(712966,10):2026-01-15-10:29:33.082.713 [error_message_manage.cc:53]712966 FuncErrorReason:report error module_type=3, module_name=EE8888
[ERROR] RUNTIME(712966,10):2026-01-15-10:29:33.082.716 [error_message_manage.cc:53]712966 FuncErrorReason:rtMemcpy execute failed, reason=[the current capture mode does not support this operation]
[ERROR] ASCENDCL(712966,10):2026-01-15-10:29:33.082.906 [memory.cpp:437]712966 aclrtMemcpyImpl: synchronized memcpy failed, kind = 1, runtime result = 107030
[ERROR] RUNTIME(712966,10):2026-01-15-10:29:33.155.005 [api_error.cc:1519]712966 MemCopySync:Memory copy sync failed, cnt=72, kind=1.
[ERROR] RUNTIME(712966,10):2026-01-15-10:29:33.155.013 [api_c.cc:1197]712966 rtMemcpy:ErrCode=107030, desc=[the current capture mode does not support this operation], InnerCode=0x703001c
[ERROR] RUNTIME(712966,10):2026-01-15-10:29:33.155.016 [error_message_manage.cc:53]712966 FuncErrorReason:report error module_type=3, module_name=EE8888
[ERROR] RUNTIME(712966,10):2026-01-15-10:29:33.155.019 [error_message_manage.cc:53]712966 FuncErrorReason:rtMemcpy execute failed, reason=[the current capture mode does not support this operation]
[ERROR] ASCENDCL(712966,10):2026-01-15-10:29:33.155.162 [memory.cpp:437]712966 aclrtMemcpyImpl: synchronized memcpy failed, kind = 1, runtime result = 107030
[ERROR] RUNTIME(712966,10):2026-01-15-10:29:33.211.131 [api_error.cc:1519]712966 MemCopySync:Memory copy sync failed, cnt=416, kind=1.
[ERROR] RUNTIME(712966,10):2026-01-15-10:29:33.211.141 [api_c.cc:1197]712966 rtMemcpy:ErrCode=107030, desc=[the current capture mode does not support this operation], InnerCode=0x703001c
[ERROR] RUNTIME(712966,10):2026-01-15-10:29:33.211.144 [error_message_manage.cc:53]712966 FuncErrorReason:report error module_type=3, module_name=EE8888
[ERROR] RUNTIME(712966,10):2026-01-15-10:29:33.211.147 [error_message_manage.cc:53]712966 FuncErrorReason:rtMemcpy execute failed, reason=[the current capture mode does not support this operation]
[ERROR] ASCENDCL(712966,10):2026-01-15-10:29:33.211.349 [memory.cpp:437]712966 aclrtMemcpyImpl: synchronized memcpy failed, kind = 1, runtime result = 107030
[ERROR] RUNTIME(712966,10):2026-01-15-10:29:33.265.482 [api_error.cc:1519]712966 MemCopySync:Memory copy sync failed, cnt=72, kind=1.
[ERROR] RUNTIME(712966,10):2026-01-15-10:29:33.265.490 [api_c.cc:1197]712966 rtMemcpy:ErrCode=107030, desc=[the current capture mode does not support this operation], InnerCode=0x703001c
[ERROR] RUNTIME(712966,10):2026-01-15-10:29:33.265.493 [error_message_manage.cc:53]712966 FuncErrorReason:report error module_type=3, module_name=EE8888
[ERROR] RUNTIME(712966,10):2026-01-15-10:29:33.265.496 [error_message_manage.cc:53]712966 FuncErrorReason:rtMemcpy execute failed, reason=[the current capture mode does not support this operation]
[ERROR] ASCENDCL(712966,10):2026-01-15-10:29:33.265.661 [memory.cpp:437]712966 aclrtMemcpyImpl: synchronized memcpy failed, kind = 1, runtime result = 107030
[ERROR] RUNTIME(712966,10):2026-01-15-10:29:33.334.705 [api_error.cc:1519]712966 MemCopySync:Memory copy sync failed, cnt=416, kind=1.
[ERROR] RUNTIME(712966,10):2026-01-15-10:29:33.334.714 [api_c.cc:1197]712966 rtMemcpy:ErrCode=107030, desc=[the current capture mode does not support this operation], InnerCode=0x703001c
[ERROR] RUNTIME(712966,10):2026-01-15-10:29:33.334.717 [error_message_manage.cc:53]712966 FuncErrorReason:report error module_type=3, module_name=EE8888
[ERROR] RUNTIME(712966,10):2026-01-15-10:29:33.334.720 [error_message_manage.cc:53]712966 FuncErrorReason:rtMemcpy execute failed, reason=[the current capture mode does not support this operation]
[ERROR] ASCENDCL(712966,10):2026-01-15-10:29:33.334.921 [memory.cpp:437]712966 aclrtMemcpyImpl: synchronized memcpy failed, kind = 1, runtime result = 107030
[ERROR] RUNTIME(712966,10):2026-01-15-10:29:33.407.854 [api_error.cc:1519]712966 MemCopySync:Memory copy sync failed, cnt=72, kind=1.
[ERROR] RUNTIME(712966,10):2026-01-15-10:29:33.407.862 [api_c.cc:1197]712966 rtMemcpy:ErrCode=107030, desc=[the current capture mode does not support this operation], InnerCode=0x703001c
[ERROR] RUNTIME(712966,10):2026-01-15-10:29:33.407.865 [error_message_manage.cc:53]712966 FuncErrorReason:report error module_type=3, module_name=EE8888
[ERROR] RUNTIME(712966,10):2026-01-15-10:29:33.407.868 [error_message_manage.cc:53]712966 FuncErrorReason:rtMemcpy execute failed, reason=[the current capture mode does not support this operation]
[ERROR] ASCENDCL(712966,10):2026-01-15-10:29:33.408.089 [memory.cpp:437]712966 aclrtMemcpyImpl: synchronized memcpy failed, kind = 1, runtime result = 107030
[ERROR] RUNTIME(712966,10):2026-01-15-10:29:33.479.873 [api_error.cc:1519]712966 MemCopySync:Memory copy sync failed, cnt=416, kind=1.
[ERROR] RUNTIME(712966,10):2026-01-15-10:29:33.479.882 [api_c.cc:1197]712966 rtMemcpy:ErrCode=107030, desc=[the current capture mode does not support this operation], InnerCode=0x703001c
[ERROR] RUNTIME(712966,10):2026-01-15-10:29:33.479.885 [error_message_manage.cc:53]712966 FuncErrorReason:report error module_type=3, module_name=EE8888
[ERROR] RUNTIME(712966,10):2026-01-15-10:29:33.479.887 [error_message_manage.cc:53]712966 FuncErrorReason:rtMemcpy execute failed, reason=[the current capture mode does not support this operation]
[ERROR] ASCENDCL(712966,10):2026-01-15-10:29:33.480.107 [memory.cpp:437]712966 aclrtMemcpyImpl: synchronized memcpy failed, kind = 1, runtime result = 107030
[ERROR] RUNTIME(712966,10):2026-01-15-10:29:33.550.871 [api_error.cc:1519]712966 MemCopySync:Memory copy sync failed, cnt=72, kind=1.
[ERROR] RUNTIME(712966,10):2026-01-15-10:29:33.550.880 [api_c.cc:1197]712966 rtMemcpy:ErrCode=107030, desc=[the current capture mode does not support this operation], InnerCode=0x703001c
[ERROR] RUNTIME(712966,10):2026-01-15-10:29:33.550.883 [error_message_manage.cc:53]712966 FuncErrorReason:report error module_type=3, module_name=EE8888
[ERROR] RUNTIME(712966,10):2026-01-15-10:29:33.550.886 [error_message_manage.cc:53]712966 FuncErrorReason:rtMemcpy execute failed, reason=[the current capture mode does not support this operation]
[ERROR] ASCENDCL(712966,10):2026-01-15-10:29:33.551.044 [memory.cpp:437]712966 aclrtMemcpyImpl: synchronized memcpy failed, kind = 1, runtime result = 107030
[ERROR] RUNTIME(712966,10):2026-01-15-10:29:33.615.894 [api_error.cc:1519]712966 MemCopySync:Memory copy sync failed, cnt=416, kind=1.
[ERROR] RUNTIME(712966,10):2026-01-15-10:29:33.615.903 [api_c.cc:1197]712966 rtMemcpy:ErrCode=107030, desc=[the current capture mode does not support this operation], InnerCode=0x703001c
[ERROR] RUNTIME(712966,10):2026-01-15-10:29:33.615.906 [error_message_manage.cc:53]712966 FuncErrorReason:report error module_type=3, module_name=EE8888
[ERROR] RUNTIME(712966,10):2026-01-15-10:29:33.615.909 [error_message_manage.cc:53]712966 FuncErrorReason:rtMemcpy execute failed, reason=[the current capture mode does not support this operation]
[ERROR] ASCENDCL(712966,10):2026-01-15-10:29:33.616.101 [memory.cpp:437]712966 aclrtMemcpyImpl: synchronized memcpy failed, kind = 1, runtime result = 107030
[ERROR] RUNTIME(712966,10):2026-01-15-10:29:33.664.805 [api_error.cc:1519]712966 MemCopySync:Memory copy sync failed, cnt=72, kind=1.
[ERROR] RUNTIME(712966,10):2026-01-15-10:29:33.664.814 [api_c.cc:1197]712966 rtMemcpy:ErrCode=107030, desc=[the current capture mode does not support this operation], InnerCode=0x703001c
[ERROR] RUNTIME(712966,10):2026-01-15-10:29:33.664.816 [error_message_manage.cc:53]712966 FuncErrorReason:report error module_type=3, module_name=EE8888
[ERROR] RUNTIME(712966,10):2026-01-15-10:29:33.664.819 [error_message_manage.cc:53]712966 FuncErrorReason:rtMemcpy execute failed, reason=[the current capture mode does not support this operation]
[ERROR] ASCENDCL(712966,10):2026-01-15-10:29:33.665.012 [memory.cpp:437]712966 aclrtMemcpyImpl: synchronized memcpy failed, kind = 1, runtime result = 107030
[ERROR] RUNTIME(712966,10):2026-01-15-10:29:33.739.729 [api_error.cc:1519]712966 MemCopySync:Memory copy sync failed, cnt=416, kind=1.
[ERROR] RUNTIME(712966,10):2026-01-15-10:29:33.739.738 [api_c.cc:1197]712966 rtMemcpy:ErrCode=107030, desc=[the current capture mode does not support this operation], InnerCode=0x703001c
[ERROR] RUNTIME(712966,10):2026-01-15-10:29:33.739.741 [error_message_manage.cc:53]712966 FuncErrorReason:report error module_type=3, module_name=EE8888
[ERROR] RUNTIME(712966,10):2026-01-15-10:29:33.739.744 [error_message_manage.cc:53]712966 FuncErrorReason:rtMemcpy execute failed, reason=[the current capture mode does not support this operation]
[ERROR] ASCENDCL(712966,10):2026-01-15-10:29:33.739.933 [memory.cpp:437]712966 aclrtMemcpyImpl: synchronized memcpy failed, kind = 1, runtime result = 107030
[ERROR] RUNTIME(712966,10):2026-01-15-10:29:33.813.264 [api_error.cc:1519]712966 MemCopySync:Memory copy sync failed, cnt=72, kind=1.
[ERROR] RUNTIME(712966,10):2026-01-15-10:29:33.813.273 [api_c.cc:1197]712966 rtMemcpy:ErrCode=107030, desc=[the current capture mode does not support this operation], InnerCode=0x703001c
[ERROR] RUNTIME(712966,10):2026-01-15-10:29:33.813.275 [error_message_manage.cc:53]712966 FuncErrorReason:report error module_type=3, module_name=EE8888
[ERROR] RUNTIME(712966,10):2026-01-15-10:29:33.813.278 [error_message_manage.cc:53]712966 FuncErrorReason:rtMemcpy execute failed, reason=[the current capture mode does not support this operation]
[ERROR] ASCENDCL(712966,10):2026-01-15-10:29:33.813.496 [memory.cpp:437]712966 aclrtMemcpyImpl: synchronized memcpy failed, kind = 1, runtime result = 107030
[ERROR] RUNTIME(712966,10):2026-01-15-10:29:33.887.546 [api_error.cc:1519]712966 MemCopySync:Memory copy sync failed, cnt=416, kind=1.
[ERROR] RUNTIME(712966,10):2026-01-15-10:29:33.887.555 [api_c.cc:1197]712966 rtMemcpy:ErrCode=107030, desc=[the current capture mode does not support this operation], InnerCode=0x703001c
[ERROR] RUNTIME(712966,10):2026-01-15-10:29:33.887.557 [error_message_manage.cc:53]712966 FuncErrorReason:report error module_type=3, module_name=EE8888
[ERROR] RUNTIME(712966,10):2026-01-15-10:29:33.887.560 [error_message_manage.cc:53]712966 FuncErrorReason:rtMemcpy execute failed, reason=[the current capture mode does not support this operation]
[ERROR] ASCENDCL(712966,10):2026-01-15-10:29:33.887.725 [memory.cpp:437]712966 aclrtMemcpyImpl: synchronized memcpy failed, kind = 1, runtime result = 107030
[ERROR] RUNTIME(712966,10):2026-01-15-10:29:33.937.456 [api_error.cc:1519]712966 MemCopySync:Memory copy sync failed, cnt=72, kind=1.
[ERROR] RUNTIME(712966,10):2026-01-15-10:29:33.937.464 [api_c.cc:1197]712966 rtMemcpy:ErrCode=107030, desc=[the current capture mode does not support this operation], InnerCode=0x703001c
[ERROR] RUNTIME(712966,10):2026-01-15-10:29:33.937.467 [error_message_manage.cc:53]712966 FuncErrorReason:report error module_type=3, module_name=EE8888
[ERROR] RUNTIME(712966,10):2026-01-15-10:29:33.937.470 [error_message_manage.cc:53]712966 FuncErrorReason:rtMemcpy execute failed, reason=[the current capture mode does not support this operation]
[ERROR] ASCENDCL(712966,10):2026-01-15-10:29:33.937.649 [memory.cpp:437]712966 aclrtMemcpyImpl: synchronized memcpy failed, kind = 1, runtime result = 107030
[ERROR] RUNTIME(712966,10):2026-01-15-10:29:34.000.842 [api_error.cc:1519]712966 MemCopySync:Memory copy sync failed, cnt=416, kind=1.
[ERROR] RUNTIME(712966,10):2026-01-15-10:29:34.000.851 [api_c.cc:1197]712966 rtMemcpy:ErrCode=107030, desc=[the current capture mode does not support this operation], InnerCode=0x703001c
[ERROR] RUNTIME(712966,10):2026-01-15-10:29:34.000.854 [error_message_manage.cc:53]712966 FuncErrorReason:report error module_type=3, module_name=EE8888
[ERROR] RUNTIME(712966,10):2026-01-15-10:29:34.000.857 [error_message_manage.cc:53]712966 FuncErrorReason:rtMemcpy execute failed, reason=[the current capture mode does not support this operation]
[ERROR] ASCENDCL(712966,10):2026-01-15-10:29:34.001.074 [memory.cpp:437]712966 aclrtMemcpyImpl: synchronized memcpy failed, kind = 1, runtime result = 107030
[ERROR] RUNTIME(712966,10):2026-01-15-10:29:34.073.593 [api_error.cc:1519]712966 MemCopySync:Memory copy sync failed, cnt=72, kind=1.
[ERROR] RUNTIME(712966,10):2026-01-15-10:29:34.073.602 [api_c.cc:1197]712966 rtMemcpy:ErrCode=107030, desc=[the current capture mode does not support this operation], InnerCode=0x703001c
[ERROR] RUNTIME(712966,10):2026-01-15-10:29:34.073.604 [error_message_manage.cc:53]712966 FuncErrorReason:report error module_type=3, module_name=EE8888
[ERROR] RUNTIME(712966,10):2026-01-15-10:29:34.073.607 [error_message_manage.cc:53]712966 FuncErrorReason:rtMemcpy execute failed, reason=[the current capture mode does not support this operation]
[ERROR] ASCENDCL(712966,10):2026-01-15-10:29:34.073.798 [memory.cpp:437]712966 aclrtMemcpyImpl: synchronized memcpy failed, kind = 1, runtime result = 107030
[ERROR] RUNTIME(712966,10):2026-01-15-10:29:34.148.387 [api_error.cc:1519]712966 MemCopySync:Memory copy sync failed, cnt=416, kind=1.
[ERROR] RUNTIME(712966,10):2026-01-15-10:29:34.148.395 [api_c.cc:1197]712966 rtMemcpy:ErrCode=107030, desc=[the current capture mode does not support this operation], InnerCode=0x703001c
[ERROR] RUNTIME(712966,10):2026-01-15-10:29:34.148.398 [error_message_manage.cc:53]712966 FuncErrorReason:report error module_type=3, module_name=EE8888
[ERROR] RUNTIME(712966,10):2026-01-15-10:29:34.148.401 [error_message_manage.cc:53]712966 FuncErrorReason:rtMemcpy execute failed, reason=[the current capture mode does not support this operation]
[ERROR] ASCENDCL(712966,10):2026-01-15-10:29:34.148.585 [memory.cpp:437]712966 aclrtMemcpyImpl: synchronized memcpy failed, kind = 1, runtime result = 107030
[ERROR] RUNTIME(712966,10):2026-01-15-10:29:34.220.860 [api_error.cc:1519]712966 MemCopySync:Memory copy sync failed, cnt=72, kind=1.
[ERROR] RUNTIME(712966,10):2026-01-15-10:29:34.220.868 [api_c.cc:1197]712966 rtMemcpy:ErrCode=107030, desc=[the current capture mode does not support this operation], InnerCode=0x703001c
[ERROR] RUNTIME(712966,10):2026-01-15-10:29:34.220.870 [error_message_manage.cc:53]712966 FuncErrorReason:report error module_type=3, module_name=EE8888
[ERROR] RUNTIME(712966,10):2026-01-15-10:29:34.220.873 [error_message_manage.cc:53]712966 FuncErrorReason:rtMemcpy execute failed, reason=[the current capture mode does not support this operation]
[ERROR] ASCENDCL(712966,10):2026-01-15-10:29:34.221.080 [memory.cpp:437]712966 aclrtMemcpyImpl: synchronized memcpy failed, kind = 1, runtime result = 107030
[ERROR] RUNTIME(712966,10):2026-01-15-10:29:34.293.764 [api_error.cc:1519]712966 MemCopySync:Memory copy sync failed, cnt=416, kind=1.
[ERROR] RUNTIME(712966,10):2026-01-15-10:29:34.293.772 [api_c.cc:1197]712966 rtMemcpy:ErrCode=107030, desc=[the current capture mode does not support this operation], InnerCode=0x703001c
[ERROR] RUNTIME(712966,10):2026-01-15-10:29:34.293.775 [error_message_manage.cc:53]712966 FuncErrorReason:report error module_type=3, module_name=EE8888
[ERROR] RUNTIME(712966,10):2026-01-15-10:29:34.293.778 [error_message_manage.cc:53]712966 FuncErrorReason:rtMemcpy execute failed, reason=[the current capture mode does not support this operation]
[ERROR] ASCENDCL(712966,10):2026-01-15-10:29:34.293.948 [memory.cpp:437]712966 aclrtMemcpyImpl: synchronized memcpy failed, kind = 1, runtime result = 107030
[ERROR] RUNTIME(712966,10):2026-01-15-10:29:34.358.382 [api_error.cc:1519]712966 MemCopySync:Memory copy sync failed, cnt=72, kind=1.
[ERROR] RUNTIME(712966,10):2026-01-15-10:29:34.358.391 [api_c.cc:1197]712966 rtMemcpy:ErrCode=107030, desc=[the current capture mode does not support this operation], InnerCode=0x703001c
[ERROR] RUNTIME(712966,10):2026-01-15-10:29:34.358.394 [error_message_manage.cc:53]712966 FuncErrorReason:report error module_type=3, module_name=EE8888
[ERROR] RUNTIME(712966,10):2026-01-15-10:29:34.358.397 [error_message_manage.cc:53]712966 FuncErrorReason:rtMemcpy execute failed, reason=[the current capture mode does not support this operation]
[ERROR] ASCENDCL(712966,10):2026-01-15-10:29:34.358.586 [memory.cpp:437]712966 aclrtMemcpyImpl: synchronized memcpy failed, kind = 1, runtime result = 107030
[ERROR] RUNTIME(712966,10):2026-01-15-10:29:34.419.308 [api_error.cc:1519]712966 MemCopySync:Memory copy sync failed, cnt=416, kind=1.
[ERROR] RUNTIME(712966,10):2026-01-15-10:29:34.419.316 [api_c.cc:1197]712966 rtMemcpy:ErrCode=107030, desc=[the current capture mode does not support this operation], InnerCode=0x703001c
[ERROR] RUNTIME(712966,10):2026-01-15-10:29:34.419.319 [error_message_manage.cc:53]712966 FuncErrorReason:report error module_type=3, module_name=EE8888
[ERROR] RUNTIME(712966,10):2026-01-15-10:29:34.419.322 [error_message_manage.cc:53]712966 FuncErrorReason:rtMemcpy execute failed, reason=[the current capture mode does not support this operation]
[ERROR] ASCENDCL(712966,10):2026-01-15-10:29:34.419.534 [memory.cpp:437]712966 aclrtMemcpyImpl: synchronized memcpy failed, kind = 1, runtime result = 107030
[ERROR] RUNTIME(712966,10):2026-01-15-10:29:34.488.629 [api_error.cc:1519]712966 MemCopySync:Memory copy sync failed, cnt=72, kind=1.
[ERROR] RUNTIME(712966,10):2026-01-15-10:29:34.488.638 [api_c.cc:1197]712966 rtMemcpy:ErrCode=107030, desc=[the current capture mode does not support this operation], InnerCode=0x703001c
[ERROR] RUNTIME(712966,10):2026-01-15-10:29:34.488.640 [error_message_manage.cc:53]712966 FuncErrorReason:report error module_type=3, module_name=EE8888
[ERROR] RUNTIME(712966,10):2026-01-15-10:29:34.488.643 [error_message_manage.cc:53]712966 FuncErrorReason:rtMemcpy execute failed, reason=[the current capture mode does not support this operation]
[ERROR] ASCENDCL(712966,10):2026-01-15-10:29:34.488.837 [memory.cpp:437]712966 aclrtMemcpyImpl: synchronized memcpy failed, kind = 1, runtime result = 107030
[ERROR] RUNTIME(712966,10):2026-01-15-10:29:34.554.398 [api_error.cc:1519]712966 MemCopySync:Memory copy sync failed, cnt=416, kind=1.
[ERROR] RUNTIME(712966,10):2026-01-15-10:29:34.554.407 [api_c.cc:1197]712966 rtMemcpy:ErrCode=107030, desc=[the current capture mode does not support this operation], InnerCode=0x703001c
[ERROR] RUNTIME(712966,10):2026-01-15-10:29:34.554.410 [error_message_manage.cc:53]712966 FuncErrorReason:report error module_type=3, module_name=EE8888
[ERROR] RUNTIME(712966,10):2026-01-15-10:29:34.554.413 [error_message_manage.cc:53]712966 FuncErrorReason:rtMemcpy execute failed, reason=[the current capture mode does not support this operation]
[ERROR] ASCENDCL(712966,10):2026-01-15-10:29:34.554.583 [memory.cpp:437]712966 aclrtMemcpyImpl: synchronized memcpy failed, kind = 1, runtime result = 107030
[ERROR] RUNTIME(712966,10):2026-01-15-10:29:34.622.497 [api_error.cc:1519]712966 MemCopySync:Memory copy sync failed, cnt=72, kind=1.
[ERROR] RUNTIME(712966,10):2026-01-15-10:29:34.622.505 [api_c.cc:1197]712966 rtMemcpy:ErrCode=107030, desc=[the current capture mode does not support this operation], InnerCode=0x703001c
[ERROR] RUNTIME(712966,10):2026-01-15-10:29:34.622.508 [error_message_manage.cc:53]712966 FuncErrorReason:report error module_type=3, module_name=EE8888
[ERROR] RUNTIME(712966,10):2026-01-15-10:29:34.622.511 [error_message_manage.cc:53]712966 FuncErrorReason:rtMemcpy execute failed, reason=[the current capture mode does not support this operation]
[ERROR] ASCENDCL(712966,10):2026-01-15-10:29:34.622.760 [memory.cpp:437]712966 aclrtMemcpyImpl: synchronized memcpy failed, kind = 1, runtime result = 107030
[ERROR] RUNTIME(712966,10):2026-01-15-10:29:34.693.648 [api_error.cc:1519]712966 MemCopySync:Memory copy sync failed, cnt=416, kind=1.
[ERROR] RUNTIME(712966,10):2026-01-15-10:29:34.693.657 [api_c.cc:1197]712966 rtMemcpy:ErrCode=107030, desc=[the current capture mode does not support this operation], InnerCode=0x703001c
[ERROR] RUNTIME(712966,10):2026-01-15-10:29:34.693.659 [error_message_manage.cc:53]712966 FuncErrorReason:report error module_type=3, module_name=EE8888
[ERROR] RUNTIME(712966,10):2026-01-15-10:29:34.693.662 [error_message_manage.cc:53]712966 FuncErrorReason:rtMemcpy execute failed, reason=[the current capture mode does not support this operation]
[ERROR] ASCENDCL(712966,10):2026-01-15-10:29:34.693.880 [memory.cpp:437]712966 aclrtMemcpyImpl: synchronized memcpy failed, kind = 1, runtime result = 107030
[ERROR] RUNTIME(712966,10):2026-01-15-10:29:34.764.454 [api_error.cc:1519]712966 MemCopySync:Memory copy sync failed, cnt=72, kind=1.
[ERROR] RUNTIME(712966,10):2026-01-15-10:29:34.764.462 [api_c.cc:1197]712966 rtMemcpy:ErrCode=107030, desc=[the current capture mode does not support this operation], InnerCode=0x703001c
[ERROR] RUNTIME(712966,10):2026-01-15-10:29:34.764.464 [error_message_manage.cc:53]712966 FuncErrorReason:report error module_type=3, module_name=EE8888
[ERROR] RUNTIME(712966,10):2026-01-15-10:29:34.764.467 [error_message_manage.cc:53]712966 FuncErrorReason:rtMemcpy execute failed, reason=[the current capture mode does not support this operation]
[ERROR] ASCENDCL(712966,10):2026-01-15-10:29:34.764.635 [memory.cpp:437]712966 aclrtMemcpyImpl: synchronized memcpy failed, kind = 1, runtime result = 107030
[ERROR] RUNTIME(712966,10):2026-01-15-10:29:34.832.172 [api_error.cc:1519]712966 MemCopySync:Memory copy sync failed, cnt=416, kind=1.
[ERROR] RUNTIME(712966,10):2026-01-15-10:29:34.832.180 [api_c.cc:1197]712966 rtMemcpy:ErrCode=107030, desc=[the current capture mode does not support this operation], InnerCode=0x703001c
[ERROR] RUNTIME(712966,10):2026-01-15-10:29:34.832.183 [error_message_manage.cc:53]712966 FuncErrorReason:report error module_type=3, module_name=EE8888
[ERROR] RUNTIME(712966,10):2026-01-15-10:29:34.832.186 [error_message_manage.cc:53]712966 FuncErrorReason:rtMemcpy execute failed, reason=[the current capture mode does not support this operation]
[ERROR] ASCENDCL(712966,10):2026-01-15-10:29:34.832.445 [memory.cpp:437]712966 aclrtMemcpyImpl: synchronized memcpy failed, kind = 1, runtime result = 107030
[ERROR] RUNTIME(712966,10):2026-01-15-10:29:34.898.762 [api_error.cc:1519]712966 MemCopySync:Memory copy sync failed, cnt=72, kind=1.
[ERROR] RUNTIME(712966,10):2026-01-15-10:29:34.898.770 [api_c.cc:1197]712966 rtMemcpy:ErrCode=107030, desc=[the current capture mode does not support this operation], InnerCode=0x703001c
[ERROR] RUNTIME(712966,10):2026-01-15-10:29:34.898.772 [error_message_manage.cc:53]712966 FuncErrorReason:report error module_type=3, module_name=EE8888
[ERROR] RUNTIME(712966,10):2026-01-15-10:29:34.898.775 [error_message_manage.cc:53]712966 FuncErrorReason:rtMemcpy execute failed, reason=[the current capture mode does not support this operation]
[ERROR] ASCENDCL(712966,10):2026-01-15-10:29:34.898.939 [memory.cpp:437]712966 aclrtMemcpyImpl: synchronized memcpy failed, kind = 1, runtime result = 107030
[ERROR] RUNTIME(712966,10):2026-01-15-10:29:34.962.462 [api_error.cc:1519]712966 MemCopySync:Memory copy sync failed, cnt=416, kind=1.
[ERROR] RUNTIME(712966,10):2026-01-15-10:29:34.962.470 [api_c.cc:1197]712966 rtMemcpy:ErrCode=107030, desc=[the current capture mode does not support this operation], InnerCode=0x703001c
[ERROR] RUNTIME(712966,10):2026-01-15-10:29:34.962.473 [error_message_manage.cc:53]712966 FuncErrorReason:report error module_type=3, module_name=EE8888
[ERROR] RUNTIME(712966,10):2026-01-15-10:29:34.962.475 [error_message_manage.cc:53]712966 FuncErrorReason:rtMemcpy execute failed, reason=[the current capture mode does not support this operation]
[ERROR] ASCENDCL(712966,10):2026-01-15-10:29:34.962.636 [memory.cpp:437]712966 aclrtMemcpyImpl: synchronized memcpy failed, kind = 1, runtime result = 107030
[ERROR] RUNTIME(712966,10):2026-01-15-10:29:35.028.154 [api_error.cc:1519]712966 MemCopySync:Memory copy sync failed, cnt=72, kind=1.
[ERROR] RUNTIME(712966,10):2026-01-15-10:29:35.028.162 [api_c.cc:1197]712966 rtMemcpy:ErrCode=107030, desc=[the current capture mode does not support this operation], InnerCode=0x703001c
[ERROR] RUNTIME(712966,10):2026-01-15-10:29:35.028.165 [error_message_manage.cc:53]712966 FuncErrorReason:report error module_type=3, module_name=EE8888
[ERROR] RUNTIME(712966,10):2026-01-15-10:29:35.028.167 [error_message_manage.cc:53]712966 FuncErrorReason:rtMemcpy execute failed, reason=[the current capture mode does not support this operation]
[ERROR] ASCENDCL(712966,10):2026-01-15-10:29:35.028.366 [memory.cpp:437]712966 aclrtMemcpyImpl: synchronized memcpy failed, kind = 1, runtime result = 107030
[ERROR] RUNTIME(712966,10):2026-01-15-10:29:35.098.243 [api_error.cc:1519]712966 MemCopySync:Memory copy sync failed, cnt=416, kind=1.
[ERROR] RUNTIME(712966,10):2026-01-15-10:29:35.098.251 [api_c.cc:1197]712966 rtMemcpy:ErrCode=107030, desc=[the current capture mode does not support this operation], InnerCode=0x703001c
[ERROR] RUNTIME(712966,10):2026-01-15-10:29:35.098.254 [error_message_manage.cc:53]712966 FuncErrorReason:report error module_type=3, module_name=EE8888
[ERROR] RUNTIME(712966,10):2026-01-15-10:29:35.098.257 [error_message_manage.cc:53]712966 FuncErrorReason:rtMemcpy execute failed, reason=[the current capture mode does not support this operation]
[ERROR] ASCENDCL(712966,10):2026-01-15-10:29:35.098.444 [memory.cpp:437]712966 aclrtMemcpyImpl: synchronized memcpy failed, kind = 1, runtime result = 107030
[ERROR] RUNTIME(712966,10):2026-01-15-10:29:35.170.035 [api_error.cc:1519]712966 MemCopySync:Memory copy sync failed, cnt=72, kind=1.
[ERROR] RUNTIME(712966,10):2026-01-15-10:29:35.170.043 [api_c.cc:1197]712966 rtMemcpy:ErrCode=107030, desc=[the current capture mode does not support this operation], InnerCode=0x703001c
[ERROR] RUNTIME(712966,10):2026-01-15-10:29:35.170.046 [error_message_manage.cc:53]712966 FuncErrorReason:report error module_type=3, module_name=EE8888
[ERROR] RUNTIME(712966,10):2026-01-15-10:29:35.170.048 [error_message_manage.cc:53]712966 FuncErrorReason:rtMemcpy execute failed, reason=[the current capture mode does not support this operation]
[ERROR] ASCENDCL(712966,10):2026-01-15-10:29:35.170.230 [memory.cpp:437]712966 aclrtMemcpyImpl: synchronized memcpy failed, kind = 1, runtime result = 107030
[ERROR] RUNTIME(712966,10):2026-01-15-10:29:35.239.422 [api_error.cc:1519]712966 MemCopySync:Memory copy sync failed, cnt=416, kind=1.
[ERROR] RUNTIME(712966,10):2026-01-15-10:29:35.239.432 [api_c.cc:1197]712966 rtMemcpy:ErrCode=107030, desc=[the current capture mode does not support this operation], InnerCode=0x703001c
[ERROR] RUNTIME(712966,10):2026-01-15-10:29:35.239.435 [error_message_manage.cc:53]712966 FuncErrorReason:report error module_type=3, module_name=EE8888
[ERROR] RUNTIME(712966,10):2026-01-15-10:29:35.239.438 [error_message_manage.cc:53]712966 FuncErrorReason:rtMemcpy execute failed, reason=[the current capture mode does not support this operation]
[ERROR] ASCENDCL(712966,10):2026-01-15-10:29:35.239.636 [memory.cpp:437]712966 aclrtMemcpyImpl: synchronized memcpy failed, kind = 1, runtime result = 107030
[ERROR] RUNTIME(712966,10):2026-01-15-10:29:35.295.845 [api_error.cc:1519]712966 MemCopySync:Memory copy sync failed, cnt=72, kind=1.
[ERROR] RUNTIME(712966,10):2026-01-15-10:29:35.295.853 [api_c.cc:1197]712966 rtMemcpy:ErrCode=107030, desc=[the current capture mode does not support this operation], InnerCode=0x703001c
[ERROR] RUNTIME(712966,10):2026-01-15-10:29:35.295.856 [error_message_manage.cc:53]712966 FuncErrorReason:report error module_type=3, module_name=EE8888
[ERROR] RUNTIME(712966,10):2026-01-15-10:29:35.295.858 [error_message_manage.cc:53]712966 FuncErrorReason:rtMemcpy execute failed, reason=[the current capture mode does not support this operation]
[ERROR] ASCENDCL(712966,10):2026-01-15-10:29:35.296.089 [memory.cpp:437]712966 aclrtMemcpyImpl: synchronized memcpy failed, kind = 1, runtime result = 107030
[ERROR] RUNTIME(712966,10):2026-01-15-10:29:35.353.836 [api_error.cc:1519]712966 MemCopySync:Memory copy sync failed, cnt=416, kind=1.
[ERROR] RUNTIME(712966,10):2026-01-15-10:29:35.353.845 [api_c.cc:1197]712966 rtMemcpy:ErrCode=107030, desc=[the current capture mode does not support this operation], InnerCode=0x703001c
[ERROR] RUNTIME(712966,10):2026-01-15-10:29:35.353.848 [error_message_manage.cc:53]712966 FuncErrorReason:report error module_type=3, module_name=EE8888
[ERROR] RUNTIME(712966,10):2026-01-15-10:29:35.353.851 [error_message_manage.cc:53]712966 FuncErrorReason:rtMemcpy execute failed, reason=[the current capture mode does not support this operation]
[ERROR] ASCENDCL(712966,10):2026-01-15-10:29:35.354.015 [memory.cpp:437]712966 aclrtMemcpyImpl: synchronized memcpy failed, kind = 1, runtime result = 107030
[ERROR] RUNTIME(712966,10):2026-01-15-10:29:35.422.063 [api_error.cc:1519]712966 MemCopySync:Memory copy sync failed, cnt=72, kind=1.
[ERROR] RUNTIME(712966,10):2026-01-15-10:29:35.422.071 [api_c.cc:1197]712966 rtMemcpy:ErrCode=107030, desc=[the current capture mode does not support this operation], InnerCode=0x703001c
[ERROR] RUNTIME(712966,10):2026-01-15-10:29:35.422.074 [error_message_manage.cc:53]712966 FuncErrorReason:report error module_type=3, module_name=EE8888
[ERROR] RUNTIME(712966,10):2026-01-15-10:29:35.422.076 [error_message_manage.cc:53]712966 FuncErrorReason:rtMemcpy execute failed, reason=[the current capture mode does not support this operation]
[ERROR] ASCENDCL(712966,10):2026-01-15-10:29:35.422.307 [memory.cpp:437]712966 aclrtMemcpyImpl: synchronized memcpy failed, kind = 1, runtime result = 107030
[ERROR] RUNTIME(712966,10):2026-01-15-10:29:35.498.406 [api_error.cc:1519]712966 MemCopySync:Memory copy sync failed, cnt=416, kind=1.
[ERROR] RUNTIME(712966,10):2026-01-15-10:29:35.498.415 [api_c.cc:1197]712966 rtMemcpy:ErrCode=107030, desc=[the current capture mode does not support this operation], InnerCode=0x703001c
[ERROR] RUNTIME(712966,10):2026-01-15-10:29:35.498.418 [error_message_manage.cc:53]712966 FuncErrorReason:report error module_type=3, module_name=EE8888
[ERROR] RUNTIME(712966,10):2026-01-15-10:29:35.498.420 [error_message_manage.cc:53]712966 FuncErrorReason:rtMemcpy execute failed, reason=[the current capture mode does not support this operation]
[ERROR] ASCENDCL(712966,10):2026-01-15-10:29:35.498.615 [memory.cpp:437]712966 aclrtMemcpyImpl: synchronized memcpy failed, kind = 1, runtime result = 107030
[ERROR] RUNTIME(712966,10):2026-01-15-10:29:35.567.888 [api_error.cc:1519]712966 MemCopySync:Memory copy sync failed, cnt=72, kind=1.
[ERROR] RUNTIME(712966,10):2026-01-15-10:29:35.567.897 [api_c.cc:1197]712966 rtMemcpy:ErrCode=107030, desc=[the current capture mode does not support this operation], InnerCode=0x703001c
[ERROR] RUNTIME(712966,10):2026-01-15-10:29:35.567.899 [error_message_manage.cc:53]712966 FuncErrorReason:report error module_type=3, module_name=EE8888
[ERROR] RUNTIME(712966,10):2026-01-15-10:29:35.567.902 [error_message_manage.cc:53]712966 FuncErrorReason:rtMemcpy execute failed, reason=[the current capture mode does not support this operation]
[ERROR] ASCENDCL(712966,10):2026-01-15-10:29:35.568.073 [memory.cpp:437]712966 aclrtMemcpyImpl: synchronized memcpy failed, kind = 1, runtime result = 107030
[ERROR] RUNTIME(712966,10):2026-01-15-10:29:35.647.614 [api_error.cc:1519]712966 MemCopySync:Memory copy sync failed, cnt=416, kind=1.
[ERROR] RUNTIME(712966,10):2026-01-15-10:29:35.647.622 [api_c.cc:1197]712966 rtMemcpy:ErrCode=107030, desc=[the current capture mode does not support this operation], InnerCode=0x703001c
[ERROR] RUNTIME(712966,10):2026-01-15-10:29:35.647.625 [error_message_manage.cc:53]712966 FuncErrorReason:report error module_type=3, module_name=EE8888
[ERROR] RUNTIME(712966,10):2026-01-15-10:29:35.647.628 [error_message_manage.cc:53]712966 FuncErrorReason:rtMemcpy execute failed, reason=[the current capture mode does not support this operation]
[ERROR] ASCENDCL(712966,10):2026-01-15-10:29:35.647.848 [memory.cpp:437]712966 aclrtMemcpyImpl: synchronized memcpy failed, kind = 1, runtime result = 107030
[ERROR] RUNTIME(712966,10):2026-01-15-10:29:35.718.448 [api_error.cc:1519]712966 MemCopySync:Memory copy sync failed, cnt=72, kind=1.
[ERROR] RUNTIME(712966,10):2026-01-15-10:29:35.718.456 [api_c.cc:1197]712966 rtMemcpy:ErrCode=107030, desc=[the current capture mode does not support this operation], InnerCode=0x703001c
[ERROR] RUNTIME(712966,10):2026-01-15-10:29:35.718.459 [error_message_manage.cc:53]712966 FuncErrorReason:report error module_type=3, module_name=EE8888
[ERROR] RUNTIME(712966,10):2026-01-15-10:29:35.718.462 [error_message_manage.cc:53]712966 FuncErrorReason:rtMemcpy execute failed, reason=[the current capture mode does not support this operation]
[ERROR] ASCENDCL(712966,10):2026-01-15-10:29:35.718.676 [memory.cpp:437]712966 aclrtMemcpyImpl: synchronized memcpy failed, kind = 1, runtime result = 107030
[ERROR] RUNTIME(712966,10):2026-01-15-10:29:35.779.169 [api_error.cc:1519]712966 MemCopySync:Memory copy sync failed, cnt=416, kind=1.
[ERROR] RUNTIME(712966,10):2026-01-15-10:29:35.779.177 [api_c.cc:1197]712966 rtMemcpy:ErrCode=107030, desc=[the current capture mode does not support this operation], InnerCode=0x703001c
[ERROR] RUNTIME(712966,10):2026-01-15-10:29:35.779.180 [error_message_manage.cc:53]712966 FuncErrorReason:report error module_type=3, module_name=EE8888
[ERROR] RUNTIME(712966,10):2026-01-15-10:29:35.779.183 [error_message_manage.cc:53]712966 FuncErrorReason:rtMemcpy execute failed, reason=[the current capture mode does not support this operation]
[ERROR] ASCENDCL(712966,10):2026-01-15-10:29:35.779.439 [memory.cpp:437]712966 aclrtMemcpyImpl: synchronized memcpy failed, kind = 1, runtime result = 107030
[ERROR] RUNTIME(712966,10):2026-01-15-10:29:35.828.020 [api_error.cc:1519]712966 MemCopySync:Memory copy sync failed, cnt=72, kind=1.
[ERROR] RUNTIME(712966,10):2026-01-15-10:29:35.828.028 [api_c.cc:1197]712966 rtMemcpy:ErrCode=107030, desc=[the current capture mode does not support this operation], InnerCode=0x703001c
[ERROR] RUNTIME(712966,10):2026-01-15-10:29:35.828.031 [error_message_manage.cc:53]712966 FuncErrorReason:report error module_type=3, module_name=EE8888
[ERROR] RUNTIME(712966,10):2026-01-15-10:29:35.828.034 [error_message_manage.cc:53]712966 FuncErrorReason:rtMemcpy execute failed, reason=[the current capture mode does not support this operation]
[ERROR] ASCENDCL(712966,10):2026-01-15-10:29:35.828.240 [memory.cpp:437]712966 aclrtMemcpyImpl: synchronized memcpy failed, kind = 1, runtime result = 107030
[ERROR] RUNTIME(712966,10):2026-01-15-10:29:35.897.769 [api_error.cc:1519]712966 MemCopySync:Memory copy sync failed, cnt=416, kind=1.
[ERROR] RUNTIME(712966,10):2026-01-15-10:29:35.897.777 [api_c.cc:1197]712966 rtMemcpy:ErrCode=107030, desc=[the current capture mode does not support this operation], InnerCode=0x703001c
[ERROR] RUNTIME(712966,10):2026-01-15-10:29:35.897.779 [error_message_manage.cc:53]712966 FuncErrorReason:report error module_type=3, module_name=EE8888
[ERROR] RUNTIME(712966,10):2026-01-15-10:29:35.897.782 [error_message_manage.cc:53]712966 FuncErrorReason:rtMemcpy execute failed, reason=[the current capture mode does not support this operation]
[ERROR] ASCENDCL(712966,10):2026-01-15-10:29:35.898.015 [memory.cpp:437]712966 aclrtMemcpyImpl: synchronized memcpy failed, kind = 1, runtime result = 107030
[ERROR] RUNTIME(712966,10):2026-01-15-10:29:35.974.048 [api_error.cc:1519]712966 MemCopySync:Memory copy sync failed, cnt=72, kind=1.
[ERROR] RUNTIME(712966,10):2026-01-15-10:29:35.974.056 [api_c.cc:1197]712966 rtMemcpy:ErrCode=107030, desc=[the current capture mode does not support this operation], InnerCode=0x703001c
[ERROR] RUNTIME(712966,10):2026-01-15-10:29:35.974.059 [error_message_manage.cc:53]712966 FuncErrorReason:report error module_type=3, module_name=EE8888
[ERROR] RUNTIME(712966,10):2026-01-15-10:29:35.974.061 [error_message_manage.cc:53]712966 FuncErrorReason:rtMemcpy execute failed, reason=[the current capture mode does not support this operation]
[ERROR] ASCENDCL(712966,10):2026-01-15-10:29:35.974.271 [memory.cpp:437]712966 aclrtMemcpyImpl: synchronized memcpy failed, kind = 1, runtime result = 107030
[ERROR] RUNTIME(712966,10):2026-01-15-10:29:36.053.576 [api_error.cc:1519]712966 MemCopySync:Memory copy sync failed, cnt=416, kind=1.
[ERROR] RUNTIME(712966,10):2026-01-15-10:29:36.053.584 [api_c.cc:1197]712966 rtMemcpy:ErrCode=107030, desc=[the current capture mode does not support this operation], InnerCode=0x703001c
[ERROR] RUNTIME(712966,10):2026-01-15-10:29:36.053.587 [error_message_manage.cc:53]712966 FuncErrorReason:report error module_type=3, module_name=EE8888
[ERROR] RUNTIME(712966,10):2026-01-15-10:29:36.053.590 [error_message_manage.cc:53]712966 FuncErrorReason:rtMemcpy execute failed, reason=[the current capture mode does not support this operation]
[ERROR] ASCENDCL(712966,10):2026-01-15-10:29:36.053.789 [memory.cpp:437]712966 aclrtMemcpyImpl: synchronized memcpy failed, kind = 1, runtime result = 107030
[ERROR] RUNTIME(712966,10):2026-01-15-10:29:36.128.651 [api_error.cc:1519]712966 MemCopySync:Memory copy sync failed, cnt=72, kind=1.
[ERROR] RUNTIME(712966,10):2026-01-15-10:29:36.128.659 [api_c.cc:1197]712966 rtMemcpy:ErrCode=107030, desc=[the current capture mode does not support this operation], InnerCode=0x703001c
[ERROR] RUNTIME(712966,10):2026-01-15-10:29:36.128.661 [error_message_manage.cc:53]712966 FuncErrorReason:report error module_type=3, module_name=EE8888
[ERROR] RUNTIME(712966,10):2026-01-15-10:29:36.128.664 [error_message_manage.cc:53]712966 FuncErrorReason:rtMemcpy execute failed, reason=[the current capture mode does not support this operation]
[ERROR] ASCENDCL(712966,10):2026-01-15-10:29:36.128.869 [memory.cpp:437]712966 aclrtMemcpyImpl: synchronized memcpy failed, kind = 1, runtime result = 107030
[ERROR] RUNTIME(712966,10):2026-01-15-10:29:36.198.955 [api_error.cc:1519]712966 MemCopySync:Memory copy sync failed, cnt=416, kind=1.
[ERROR] RUNTIME(712966,10):2026-01-15-10:29:36.198.963 [api_c.cc:1197]712966 rtMemcpy:ErrCode=107030, desc=[the current capture mode does not support this operation], InnerCode=0x703001c
[ERROR] RUNTIME(712966,10):2026-01-15-10:29:36.198.966 [error_message_manage.cc:53]712966 FuncErrorReason:report error module_type=3, module_name=EE8888
[ERROR] RUNTIME(712966,10):2026-01-15-10:29:36.198.968 [error_message_manage.cc:53]712966 FuncErrorReason:rtMemcpy execute failed, reason=[the current capture mode does not support this operation]
[ERROR] ASCENDCL(712966,10):2026-01-15-10:29:36.199.182 [memory.cpp:437]712966 aclrtMemcpyImpl: synchronized memcpy failed, kind = 1, runtime result = 107030
[ERROR] RUNTIME(712966,10):2026-01-15-10:29:36.265.301 [api_error.cc:1519]712966 MemCopySync:Memory copy sync failed, cnt=72, kind=1.
[ERROR] RUNTIME(712966,10):2026-01-15-10:29:36.265.309 [api_c.cc:1197]712966 rtMemcpy:ErrCode=107030, desc=[the current capture mode does not support this operation], InnerCode=0x703001c
[ERROR] RUNTIME(712966,10):2026-01-15-10:29:36.265.312 [error_message_manage.cc:53]712966 FuncErrorReason:report error module_type=3, module_name=EE8888
[ERROR] RUNTIME(712966,10):2026-01-15-10:29:36.265.315 [error_message_manage.cc:53]712966 FuncErrorReason:rtMemcpy execute failed, reason=[the current capture mode does not support this operation]
[ERROR] ASCENDCL(712966,10):2026-01-15-10:29:36.265.481 [memory.cpp:437]712966 aclrtMemcpyImpl: synchronized memcpy failed, kind = 1, runtime result = 107030
[ERROR] RUNTIME(712966,10):2026-01-15-10:29:36.429.559 [api_c_stream.cc:412]712966 rtsStreamSetAttribute:report error module_name=EE1001
[ERROR] RUNTIME(712966,10):2026-01-15-10:29:36.429.564 [api_c_stream.cc:412]712966 rtsStreamSetAttribute:Invalid stream attribute ID: 4, Supported stream attribute IDs: [1, 4).
[ERROR] RUNTIME(712966,10):2026-01-15-10:29:36.429.596 [api_c_stream.cc:416]712966 rtsStreamSetAttribute:ErrCode=107000, desc=[invalid value], InnerCode=0x7110001
[ERROR] RUNTIME(712966,10):2026-01-15-10:29:36.429.598 [error_message_manage.cc:48]712966 FuncErrorReason:report error module_name=EE1001
[ERROR] RUNTIME(712966,10):2026-01-15-10:29:36.429.601 [error_message_manage.cc:48]712966 FuncErrorReason:rtsStreamSetAttribute execute failed, reason=[invalid value]
[ERROR] ASCENDCL(712966,10):2026-01-15-10:29:36.429.800 [stream.cpp:299]712966 aclrtSetStreamAttributeImpl: call rtsStreamSetAttribute failed, runtime result = 107000
[ERROR] RUNTIME(712966,10):2026-01-15-10:29:36.855.515 [api_c_stream.cc:412]712966 rtsStreamSetAttribute:report error module_name=EE1001
[ERROR] RUNTIME(712966,10):2026-01-15-10:29:36.855.521 [api_c_stream.cc:412]712966 rtsStreamSetAttribute:Invalid stream attribute ID: 4, Supported stream attribute IDs: [1, 4).
[ERROR] RUNTIME(712966,10):2026-01-15-10:29:36.855.552 [api_c_stream.cc:416]712966 rtsStreamSetAttribute:ErrCode=107000, desc=[invalid value], InnerCode=0x7110001
[ERROR] RUNTIME(712966,10):2026-01-15-10:29:36.855.555 [error_message_manage.cc:48]712966 FuncErrorReason:report error module_name=EE1001
[ERROR] RUNTIME(712966,10):2026-01-15-10:29:36.855.558 [error_message_manage.cc:48]712966 FuncErrorReason:rtsStreamSetAttribute execute failed, reason=[invalid value]
[ERROR] ASCENDCL(712966,10):2026-01-15-10:29:36.855.701 [stream.cpp:299]712966 aclrtSetStreamAttributeImpl: call rtsStreamSetAttribute failed, runtime result = 107000
[ERROR] RUNTIME(712966,10):2026-01-15-10:29:37.692.433 [api_error.cc:1519]712966 MemCopySync:Memory copy sync failed, cnt=416, kind=1.
[ERROR] RUNTIME(712966,10):2026-01-15-10:29:37.692.442 [api_c.cc:1197]712966 rtMemcpy:ErrCode=107030, desc=[the current capture mode does not support this operation], InnerCode=0x703001c
[ERROR] RUNTIME(712966,10):2026-01-15-10:29:37.692.445 [error_message_manage.cc:53]712966 FuncErrorReason:report error module_type=3, module_name=EE8888
[ERROR] RUNTIME(712966,10):2026-01-15-10:29:37.692.448 [error_message_manage.cc:53]712966 FuncErrorReason:rtMemcpy execute failed, reason=[the current capture mode does not support this operation]
[ERROR] ASCENDCL(712966,10):2026-01-15-10:29:37.692.652 [memory.cpp:437]712966 aclrtMemcpyImpl: synchronized memcpy failed, kind = 1, runtime result = 107030
[ERROR] RUNTIME(712966,10):2026-01-15-10:29:37.693.781 [api_error.cc:1519]712966 MemCopySync:Memory copy sync failed, cnt=72, kind=1.
[ERROR] RUNTIME(712966,10):2026-01-15-10:29:37.693.789 [api_c.cc:1197]712966 rtMemcpy:ErrCode=107030, desc=[the current capture mode does not support this operation], InnerCode=0x703001c
[ERROR] RUNTIME(712966,10):2026-01-15-10:29:37.693.792 [error_message_manage.cc:53]712966 FuncErrorReason:report error module_type=3, module_name=EE8888
[ERROR] RUNTIME(712966,10):2026-01-15-10:29:37.693.795 [error_message_manage.cc:53]712966 FuncErrorReason:rtMemcpy execute failed, reason=[the current capture mode does not support this operation]
[ERROR] ASCENDCL(712966,10):2026-01-15-10:29:37.693.961 [memory.cpp:437]712966 aclrtMemcpyImpl: synchronized memcpy failed, kind = 1, runtime result = 107030
[ERROR] RUNTIME(712966,10):2026-01-15-10:29:38.474.938 [api_error.cc:1519]712966 MemCopySync:Memory copy sync failed, cnt=416, kind=1.
[ERROR] RUNTIME(712966,10):2026-01-15-10:29:38.474.947 [api_c.cc:1197]712966 rtMemcpy:ErrCode=107030, desc=[the current capture mode does not support this operation], InnerCode=0x703001c
[ERROR] RUNTIME(712966,10):2026-01-15-10:29:38.474.950 [error_message_manage.cc:53]712966 FuncErrorReason:report error module_type=3, module_name=EE8888
[ERROR] RUNTIME(712966,10):2026-01-15-10:29:38.474.953 [error_message_manage.cc:53]712966 FuncErrorReason:rtMemcpy execute failed, reason=[the current capture mode does not support this operation]
[ERROR] ASCENDCL(712966,10):2026-01-15-10:29:38.475.218 [memory.cpp:437]712966 aclrtMemcpyImpl: synchronized memcpy failed, kind = 1, runtime result = 107030
[ERROR] RUNTIME(712966,10):2026-01-15-10:29:39.242.074 [api_error.cc:1519]712966 MemCopySync:Memory copy sync failed, cnt=72, kind=1.
[ERROR] RUNTIME(712966,10):2026-01-15-10:29:39.242.084 [api_c.cc:1197]712966 rtMemcpy:ErrCode=107030, desc=[the current capture mode does not support this operation], InnerCode=0x703001c
[ERROR] RUNTIME(712966,10):2026-01-15-10:29:39.242.086 [error_message_manage.cc:53]712966 FuncErrorReason:report error module_type=3, module_name=EE8888
[ERROR] RUNTIME(712966,10):2026-01-15-10:29:39.242.090 [error_message_manage.cc:53]712966 FuncErrorReason:rtMemcpy execute failed, reason=[the current capture mode does not support this operation]
[ERROR] ASCENDCL(712966,10):2026-01-15-10:29:39.242.306 [memory.cpp:437]712966 aclrtMemcpyImpl: synchronized memcpy failed, kind = 1, runtime result = 107030
[ERROR] RUNTIME(712966,10):2026-01-15-10:29:39.984.607 [api_error.cc:1519]712966 MemCopySync:Memory copy sync failed, cnt=416, kind=1.
[ERROR] RUNTIME(712966,10):2026-01-15-10:29:39.984.617 [api_c.cc:1197]712966 rtMemcpy:ErrCode=107030, desc=[the current capture mode does not support this operation], InnerCode=0x703001c
[ERROR] RUNTIME(712966,10):2026-01-15-10:29:39.984.620 [error_message_manage.cc:53]712966 FuncErrorReason:report error module_type=3, module_name=EE8888
[ERROR] RUNTIME(712966,10):2026-01-15-10:29:39.984.623 [error_message_manage.cc:53]712966 FuncErrorReason:rtMemcpy execute failed, reason=[the current capture mode does not support this operation]
[ERROR] ASCENDCL(712966,10):2026-01-15-10:29:39.984.884 [memory.cpp:437]712966 aclrtMemcpyImpl: synchronized memcpy failed, kind = 1, runtime result = 107030
[ERROR] RUNTIME(712966,10):2026-01-15-10:29:40.751.744 [api_error.cc:1519]712966 MemCopySync:Memory copy sync failed, cnt=72, kind=1.
[ERROR] RUNTIME(712966,10):2026-01-15-10:29:40.751.753 [api_c.cc:1197]712966 rtMemcpy:ErrCode=107030, desc=[the current capture mode does not support this operation], InnerCode=0x703001c
[ERROR] RUNTIME(712966,10):2026-01-15-10:29:40.751.756 [error_message_manage.cc:53]712966 FuncErrorReason:report error module_type=3, module_name=EE8888
[ERROR] RUNTIME(712966,10):2026-01-15-10:29:40.751.759 [error_message_manage.cc:53]712966 FuncErrorReason:rtMemcpy execute failed, reason=[the current capture mode does not support this operation]
[ERROR] ASCENDCL(712966,10):2026-01-15-10:29:40.751.966 [memory.cpp:437]712966 aclrtMemcpyImpl: synchronized memcpy failed, kind = 1, runtime result = 107030
[ERROR] RUNTIME(712966,10):2026-01-15-10:29:41.496.924 [api_error.cc:1519]712966 MemCopySync:Memory copy sync failed, cnt=416, kind=1.
[ERROR] RUNTIME(712966,10):2026-01-15-10:29:41.496.933 [api_c.cc:1197]712966 rtMemcpy:ErrCode=107030, desc=[the current capture mode does not support this operation], InnerCode=0x703001c
[ERROR] RUNTIME(712966,10):2026-01-15-10:29:41.496.936 [error_message_manage.cc:53]712966 FuncErrorReason:report error module_type=3, module_name=EE8888
[ERROR] RUNTIME(712966,10):2026-01-15-10:29:41.496.939 [error_message_manage.cc:53]712966 FuncErrorReason:rtMemcpy execute failed, reason=[the current capture mode does not support this operation]
[ERROR] ASCENDCL(712966,10):2026-01-15-10:29:41.497.279 [memory.cpp:437]712966 aclrtMemcpyImpl: synchronized memcpy failed, kind = 1, runtime result = 107030
[ERROR] RUNTIME(712966,10):2026-01-15-10:29:42.272.492 [api_error.cc:1519]712966 MemCopySync:Memory copy sync failed, cnt=72, kind=1.
[ERROR] RUNTIME(712966,10):2026-01-15-10:29:42.272.501 [api_c.cc:1197]712966 rtMemcpy:ErrCode=107030, desc=[the current capture mode does not support this operation], InnerCode=0x703001c
[ERROR] RUNTIME(712966,10):2026-01-15-10:29:42.272.504 [error_message_manage.cc:53]712966 FuncErrorReason:report error module_type=3, module_name=EE8888
[ERROR] RUNTIME(712966,10):2026-01-15-10:29:42.272.507 [error_message_manage.cc:53]712966 FuncErrorReason:rtMemcpy execute failed, reason=[the current capture mode does not support this operation]
[ERROR] ASCENDCL(712966,10):2026-01-15-10:29:42.272.715 [memory.cpp:437]712966 aclrtMemcpyImpl: synchronized memcpy failed, kind = 1, runtime result = 107030
[ERROR] RUNTIME(712966,10):2026-01-15-10:29:42.372.632 [api_error.cc:1519]712966 MemCopySync:Memory copy sync failed, cnt=416, kind=1.
[ERROR] RUNTIME(712966,10):2026-01-15-10:29:42.372.640 [api_c.cc:1197]712966 rtMemcpy:ErrCode=107030, desc=[the current capture mode does not support this operation], InnerCode=0x703001c
[ERROR] RUNTIME(712966,10):2026-01-15-10:29:42.372.643 [error_message_manage.cc:53]712966 FuncErrorReason:report error module_type=3, module_name=EE8888
[ERROR] RUNTIME(712966,10):2026-01-15-10:29:42.372.646 [error_message_manage.cc:53]712966 FuncErrorReason:rtMemcpy execute failed, reason=[the current capture mode does not support this operation]
[ERROR] ASCENDCL(712966,10):2026-01-15-10:29:42.372.841 [memory.cpp:437]712966 aclrtMemcpyImpl: synchronized memcpy failed, kind = 1, runtime result = 107030
[ERROR] RUNTIME(712966,10):2026-01-15-10:29:42.469.819 [api_error.cc:1519]712966 MemCopySync:Memory copy sync failed, cnt=72, kind=1.
[ERROR] RUNTIME(712966,10):2026-01-15-10:29:42.469.827 [api_c.cc:1197]712966 rtMemcpy:ErrCode=107030, desc=[the current capture mode does not support this operation], InnerCode=0x703001c
[ERROR] RUNTIME(712966,10):2026-01-15-10:29:42.469.829 [error_message_manage.cc:53]712966 FuncErrorReason:report error module_type=3, module_name=EE8888
[ERROR] RUNTIME(712966,10):2026-01-15-10:29:42.469.832 [error_message_manage.cc:53]712966 FuncErrorReason:rtMemcpy execute failed, reason=[the current capture mode does not support this operation]
[ERROR] ASCENDCL(712966,10):2026-01-15-10:29:42.470.038 [memory.cpp:437]712966 aclrtMemcpyImpl: synchronized memcpy failed, kind = 1, runtime result = 107030
[ERROR] RUNTIME(712966,10):2026-01-15-10:29:42.570.173 [api_error.cc:1519]712966 MemCopySync:Memory copy sync failed, cnt=416, kind=1.
[ERROR] RUNTIME(712966,10):2026-01-15-10:29:42.570.182 [api_c.cc:1197]712966 rtMemcpy:ErrCode=107030, desc=[the current capture mode does not support this operation], InnerCode=0x703001c
[ERROR] RUNTIME(712966,10):2026-01-15-10:29:42.570.184 [error_message_manage.cc:53]712966 FuncErrorReason:report error module_type=3, module_name=EE8888
[ERROR] RUNTIME(712966,10):2026-01-15-10:29:42.570.187 [error_message_manage.cc:53]712966 FuncErrorReason:rtMemcpy execute failed, reason=[the current capture mode does not support this operation]
[ERROR] ASCENDCL(712966,10):2026-01-15-10:29:42.570.369 [memory.cpp:437]712966 aclrtMemcpyImpl: synchronized memcpy failed, kind = 1, runtime result = 107030
[ERROR] RUNTIME(712966,10):2026-01-15-10:29:42.660.580 [api_error.cc:1519]712966 MemCopySync:Memory copy sync failed, cnt=72, kind=1.
[ERROR] RUNTIME(712966,10):2026-01-15-10:29:42.660.588 [api_c.cc:1197]712966 rtMemcpy:ErrCode=107030, desc=[the current capture mode does not support this operation], InnerCode=0x703001c
[ERROR] RUNTIME(712966,10):2026-01-15-10:29:42.660.591 [error_message_manage.cc:53]712966 FuncErrorReason:report error module_type=3, module_name=EE8888
[ERROR] RUNTIME(712966,10):2026-01-15-10:29:42.660.593 [error_message_manage.cc:53]712966 FuncErrorReason:rtMemcpy execute failed, reason=[the current capture mode does not support this operation]
[ERROR] ASCENDCL(712966,10):2026-01-15-10:29:42.660.798 [memory.cpp:437]712966 aclrtMemcpyImpl: synchronized memcpy failed, kind = 1, runtime result = 107030
[ERROR] RUNTIME(712966,10):2026-01-15-10:29:42.753.156 [api_error.cc:1519]712966 MemCopySync:Memory copy sync failed, cnt=416, kind=1.
[ERROR] RUNTIME(712966,10):2026-01-15-10:29:42.753.164 [api_c.cc:1197]712966 rtMemcpy:ErrCode=107030, desc=[the current capture mode does not support this operation], InnerCode=0x703001c
[ERROR] RUNTIME(712966,10):2026-01-15-10:29:42.753.167 [error_message_manage.cc:53]712966 FuncErrorReason:report error module_type=3, module_name=EE8888
[ERROR] RUNTIME(712966,10):2026-01-15-10:29:42.753.170 [error_message_manage.cc:53]712966 FuncErrorReason:rtMemcpy execute failed, reason=[the current capture mode does not support this operation]
[ERROR] ASCENDCL(712966,10):2026-01-15-10:29:42.753.374 [memory.cpp:437]712966 aclrtMemcpyImpl: synchronized memcpy failed, kind = 1, runtime result = 107030
[ERROR] RUNTIME(712966,10):2026-01-15-10:29:42.845.837 [api_error.cc:1519]712966 MemCopySync:Memory copy sync failed, cnt=72, kind=1.
[ERROR] RUNTIME(712966,10):2026-01-15-10:29:42.845.845 [api_c.cc:1197]712966 rtMemcpy:ErrCode=107030, desc=[the current capture mode does not support this operation], InnerCode=0x703001c
[ERROR] RUNTIME(712966,10):2026-01-15-10:29:42.845.847 [error_message_manage.cc:53]712966 FuncErrorReason:report error module_type=3, module_name=EE8888
[ERROR] RUNTIME(712966,10):2026-01-15-10:29:42.845.850 [error_message_manage.cc:53]712966 FuncErrorReason:rtMemcpy execute failed, reason=[the current capture mode does not support this operation]
[ERROR] ASCENDCL(712966,10):2026-01-15-10:29:42.846.075 [memory.cpp:437]712966 aclrtMemcpyImpl: synchronized memcpy failed, kind = 1, runtime result = 107030
[ERROR] RUNTIME(712966,10):2026-01-15-10:29:42.942.669 [api_error.cc:1519]712966 MemCopySync:Memory copy sync failed, cnt=416, kind=1.
[ERROR] RUNTIME(712966,10):2026-01-15-10:29:42.942.677 [api_c.cc:1197]712966 rtMemcpy:ErrCode=107030, desc=[the current capture mode does not support this operation], InnerCode=0x703001c
[ERROR] RUNTIME(712966,10):2026-01-15-10:29:42.942.680 [error_message_manage.cc:53]712966 FuncErrorReason:report error module_type=3, module_name=EE8888
[ERROR] RUNTIME(712966,10):2026-01-15-10:29:42.942.683 [error_message_manage.cc:53]712966 FuncErrorReason:rtMemcpy execute failed, reason=[the current capture mode does not support this operation]
[ERROR] ASCENDCL(712966,10):2026-01-15-10:29:42.942.887 [memory.cpp:437]712966 aclrtMemcpyImpl: synchronized memcpy failed, kind = 1, runtime result = 107030
[ERROR] RUNTIME(712966,10):2026-01-15-10:29:43.033.300 [api_error.cc:1519]712966 MemCopySync:Memory copy sync failed, cnt=72, kind=1.
[ERROR] RUNTIME(712966,10):2026-01-15-10:29:43.033.308 [api_c.cc:1197]712966 rtMemcpy:ErrCode=107030, desc=[the current capture mode does not support this operation], InnerCode=0x703001c
[ERROR] RUNTIME(712966,10):2026-01-15-10:29:43.033.311 [error_message_manage.cc:53]712966 FuncErrorReason:report error module_type=3, module_name=EE8888
[ERROR] RUNTIME(712966,10):2026-01-15-10:29:43.033.314 [error_message_manage.cc:53]712966 FuncErrorReason:rtMemcpy execute failed, reason=[the current capture mode does not support this operation]
[ERROR] ASCENDCL(712966,10):2026-01-15-10:29:43.033.510 [memory.cpp:437]712966 aclrtMemcpyImpl: synchronized memcpy failed, kind = 1, runtime result = 107030
[ERROR] RUNTIME(712966,10):2026-01-15-10:29:43.133.380 [api_error.cc:1519]712966 MemCopySync:Memory copy sync failed, cnt=416, kind=1.
[ERROR] RUNTIME(712966,10):2026-01-15-10:29:43.133.389 [api_c.cc:1197]712966 rtMemcpy:ErrCode=107030, desc=[the current capture mode does not support this operation], InnerCode=0x703001c
[ERROR] RUNTIME(712966,10):2026-01-15-10:29:43.133.392 [error_message_manage.cc:53]712966 FuncErrorReason:report error module_type=3, module_name=EE8888
[ERROR] RUNTIME(712966,10):2026-01-15-10:29:43.133.395 [error_message_manage.cc:53]712966 FuncErrorReason:rtMemcpy execute failed, reason=[the current capture mode does not support this operation]
[ERROR] ASCENDCL(712966,10):2026-01-15-10:29:43.133.619 [memory.cpp:437]712966 aclrtMemcpyImpl: synchronized memcpy failed, kind = 1, runtime result = 107030
[ERROR] RUNTIME(712966,10):2026-01-15-10:29:43.220.083 [api_error.cc:1519]712966 MemCopySync:Memory copy sync failed, cnt=72, kind=1.
[ERROR] RUNTIME(712966,10):2026-01-15-10:29:43.220.091 [api_c.cc:1197]712966 rtMemcpy:ErrCode=107030, desc=[the current capture mode does not support this operation], InnerCode=0x703001c
[ERROR] RUNTIME(712966,10):2026-01-15-10:29:43.220.094 [error_message_manage.cc:53]712966 FuncErrorReason:report error module_type=3, module_name=EE8888
[ERROR] RUNTIME(712966,10):2026-01-15-10:29:43.220.097 [error_message_manage.cc:53]712966 FuncErrorReason:rtMemcpy execute failed, reason=[the current capture mode does not support this operation]
[ERROR] ASCENDCL(712966,10):2026-01-15-10:29:43.220.321 [memory.cpp:437]712966 aclrtMemcpyImpl: synchronized memcpy failed, kind = 1, runtime result = 107030
[ERROR] RUNTIME(712966,10):2026-01-15-10:29:43.318.811 [api_error.cc:1519]712966 MemCopySync:Memory copy sync failed, cnt=416, kind=1.
[ERROR] RUNTIME(712966,10):2026-01-15-10:29:43.318.819 [api_c.cc:1197]712966 rtMemcpy:ErrCode=107030, desc=[the current capture mode does not support this operation], InnerCode=0x703001c
[ERROR] RUNTIME(712966,10):2026-01-15-10:29:43.318.822 [error_message_manage.cc:53]712966 FuncErrorReason:report error module_type=3, module_name=EE8888
[ERROR] RUNTIME(712966,10):2026-01-15-10:29:43.318.825 [error_message_manage.cc:53]712966 FuncErrorReason:rtMemcpy execute failed, reason=[the current capture mode does not support this operation]
[ERROR] ASCENDCL(712966,10):2026-01-15-10:29:43.318.993 [memory.cpp:437]712966 aclrtMemcpyImpl: synchronized memcpy failed, kind = 1, runtime result = 107030
[ERROR] RUNTIME(712966,10):2026-01-15-10:29:43.410.393 [api_error.cc:1519]712966 MemCopySync:Memory copy sync failed, cnt=72, kind=1.
[ERROR] RUNTIME(712966,10):2026-01-15-10:29:43.410.401 [api_c.cc:1197]712966 rtMemcpy:ErrCode=107030, desc=[the current capture mode does not support this operation], InnerCode=0x703001c
[ERROR] RUNTIME(712966,10):2026-01-15-10:29:43.410.404 [error_message_manage.cc:53]712966 FuncErrorReason:report error module_type=3, module_name=EE8888
[ERROR] RUNTIME(712966,10):2026-01-15-10:29:43.410.406 [error_message_manage.cc:53]712966 FuncErrorReason:rtMemcpy execute failed, reason=[the current capture mode does not support this operation]
[ERROR] ASCENDCL(712966,10):2026-01-15-10:29:43.410.642 [memory.cpp:437]712966 aclrtMemcpyImpl: synchronized memcpy failed, kind = 1, runtime result = 107030
[ERROR] RUNTIME(712966,10):2026-01-15-10:29:43.507.393 [api_error.cc:1519]712966 MemCopySync:Memory copy sync failed, cnt=416, kind=1.
[ERROR] RUNTIME(712966,10):2026-01-15-10:29:43.507.401 [api_c.cc:1197]712966 rtMemcpy:ErrCode=107030, desc=[the current capture mode does not support this operation], InnerCode=0x703001c
[ERROR] RUNTIME(712966,10):2026-01-15-10:29:43.507.404 [error_message_manage.cc:53]712966 FuncErrorReason:report error module_type=3, module_name=EE8888
[ERROR] RUNTIME(712966,10):2026-01-15-10:29:43.507.419 [error_message_manage.cc:53]712966 FuncErrorReason:rtMemcpy execute failed, reason=[the current capture mode does not support this operation]
[ERROR] ASCENDCL(712966,10):2026-01-15-10:29:43.507.585 [memory.cpp:437]712966 aclrtMemcpyImpl: synchronized memcpy failed, kind = 1, runtime result = 107030
[ERROR] RUNTIME(712966,10):2026-01-15-10:29:43.606.742 [api_error.cc:1519]712966 MemCopySync:Memory copy sync failed, cnt=72, kind=1.
[ERROR] RUNTIME(712966,10):2026-01-15-10:29:43.606.751 [api_c.cc:1197]712966 rtMemcpy:ErrCode=107030, desc=[the current capture mode does not support this operation], InnerCode=0x703001c
[ERROR] RUNTIME(712966,10):2026-01-15-10:29:43.606.753 [error_message_manage.cc:53]712966 FuncErrorReason:report error module_type=3, module_name=EE8888
[ERROR] RUNTIME(712966,10):2026-01-15-10:29:43.606.756 [error_message_manage.cc:53]712966 FuncErrorReason:rtMemcpy execute failed, reason=[the current capture mode does not support this operation]
[ERROR] ASCENDCL(712966,10):2026-01-15-10:29:43.606.902 [memory.cpp:437]712966 aclrtMemcpyImpl: synchronized memcpy failed, kind = 1, runtime result = 107030
[ERROR] RUNTIME(712966,10):2026-01-15-10:29:43.705.653 [api_error.cc:1519]712966 MemCopySync:Memory copy sync failed, cnt=416, kind=1.
[ERROR] RUNTIME(712966,10):2026-01-15-10:29:43.705.661 [api_c.cc:1197]712966 rtMemcpy:ErrCode=107030, desc=[the current capture mode does not support this operation], InnerCode=0x703001c
[ERROR] RUNTIME(712966,10):2026-01-15-10:29:43.705.664 [error_message_manage.cc:53]712966 FuncErrorReason:report error module_type=3, module_name=EE8888
[ERROR] RUNTIME(712966,10):2026-01-15-10:29:43.705.667 [error_message_manage.cc:53]712966 FuncErrorReason:rtMemcpy execute failed, reason=[the current capture mode does not support this operation]
[ERROR] ASCENDCL(712966,10):2026-01-15-10:29:43.705.855 [memory.cpp:437]712966 aclrtMemcpyImpl: synchronized memcpy failed, kind = 1, runtime result = 107030
[ERROR] RUNTIME(712966,10):2026-01-15-10:29:43.790.472 [api_error.cc:1519]712966 MemCopySync:Memory copy sync failed, cnt=72, kind=1.
[ERROR] RUNTIME(712966,10):2026-01-15-10:29:43.790.480 [api_c.cc:1197]712966 rtMemcpy:ErrCode=107030, desc=[the current capture mode does not support this operation], InnerCode=0x703001c
[ERROR] RUNTIME(712966,10):2026-01-15-10:29:43.790.483 [error_message_manage.cc:53]712966 FuncErrorReason:report error module_type=3, module_name=EE8888
[ERROR] RUNTIME(712966,10):2026-01-15-10:29:43.790.486 [error_message_manage.cc:53]712966 FuncErrorReason:rtMemcpy execute failed, reason=[the current capture mode does not support this operation]
[ERROR] ASCENDCL(712966,10):2026-01-15-10:29:43.790.635 [memory.cpp:437]712966 aclrtMemcpyImpl: synchronized memcpy failed, kind = 1, runtime result = 107030
[ERROR] RUNTIME(712966,10):2026-01-15-10:29:43.870.973 [api_error.cc:1519]712966 MemCopySync:Memory copy sync failed, cnt=416, kind=1.
[ERROR] RUNTIME(712966,10):2026-01-15-10:29:43.870.982 [api_c.cc:1197]712966 rtMemcpy:ErrCode=107030, desc=[the current capture mode does not support this operation], InnerCode=0x703001c
[ERROR] RUNTIME(712966,10):2026-01-15-10:29:43.870.985 [error_message_manage.cc:53]712966 FuncErrorReason:report error module_type=3, module_name=EE8888
[ERROR] RUNTIME(712966,10):2026-01-15-10:29:43.870.988 [error_message_manage.cc:53]712966 FuncErrorReason:rtMemcpy execute failed, reason=[the current capture mode does not support this operation]
[ERROR] ASCENDCL(712966,10):2026-01-15-10:29:43.871.182 [memory.cpp:437]712966 aclrtMemcpyImpl: synchronized memcpy failed, kind = 1, runtime result = 107030
[ERROR] RUNTIME(712966,10):2026-01-15-10:29:43.944.479 [api_error.cc:1519]712966 MemCopySync:Memory copy sync failed, cnt=72, kind=1.
[ERROR] RUNTIME(712966,10):2026-01-15-10:29:43.944.487 [api_c.cc:1197]712966 rtMemcpy:ErrCode=107030, desc=[the current capture mode does not support this operation], InnerCode=0x703001c
[ERROR] RUNTIME(712966,10):2026-01-15-10:29:43.944.489 [error_message_manage.cc:53]712966 FuncErrorReason:report error module_type=3, module_name=EE8888
[ERROR] RUNTIME(712966,10):2026-01-15-10:29:43.944.492 [error_message_manage.cc:53]712966 FuncErrorReason:rtMemcpy execute failed, reason=[the current capture mode does not support this operation]
[ERROR] ASCENDCL(712966,10):2026-01-15-10:29:43.944.654 [memory.cpp:437]712966 aclrtMemcpyImpl: synchronized memcpy failed, kind = 1, runtime result = 107030
[ERROR] RUNTIME(712966,10):2026-01-15-10:29:44.021.040 [api_error.cc:1519]712966 MemCopySync:Memory copy sync failed, cnt=416, kind=1.
[ERROR] RUNTIME(712966,10):2026-01-15-10:29:44.021.049 [api_c.cc:1197]712966 rtMemcpy:ErrCode=107030, desc=[the current capture mode does not support this operation], InnerCode=0x703001c
[ERROR] RUNTIME(712966,10):2026-01-15-10:29:44.021.051 [error_message_manage.cc:53]712966 FuncErrorReason:report error module_type=3, module_name=EE8888
[ERROR] RUNTIME(712966,10):2026-01-15-10:29:44.021.054 [error_message_manage.cc:53]712966 FuncErrorReason:rtMemcpy execute failed, reason=[the current capture mode does not support this operation]
[ERROR] ASCENDCL(712966,10):2026-01-15-10:29:44.021.258 [memory.cpp:437]712966 aclrtMemcpyImpl: synchronized memcpy failed, kind = 1, runtime result = 107030
[ERROR] RUNTIME(712966,10):2026-01-15-10:29:44.099.272 [api_error.cc:1519]712966 MemCopySync:Memory copy sync failed, cnt=72, kind=1.
[ERROR] RUNTIME(712966,10):2026-01-15-10:29:44.099.281 [api_c.cc:1197]712966 rtMemcpy:ErrCode=107030, desc=[the current capture mode does not support this operation], InnerCode=0x703001c
[ERROR] RUNTIME(712966,10):2026-01-15-10:29:44.099.283 [error_message_manage.cc:53]712966 FuncErrorReason:report error module_type=3, module_name=EE8888
[ERROR] RUNTIME(712966,10):2026-01-15-10:29:44.099.286 [error_message_manage.cc:53]712966 FuncErrorReason:rtMemcpy execute failed, reason=[the current capture mode does not support this operation]
[ERROR] ASCENDCL(712966,10):2026-01-15-10:29:44.099.460 [memory.cpp:437]712966 aclrtMemcpyImpl: synchronized memcpy failed, kind = 1, runtime result = 107030
[ERROR] RUNTIME(712966,10):2026-01-15-10:29:44.184.291 [api_error.cc:1519]712966 MemCopySync:Memory copy sync failed, cnt=416, kind=1.
[ERROR] RUNTIME(712966,10):2026-01-15-10:29:44.184.300 [api_c.cc:1197]712966 rtMemcpy:ErrCode=107030, desc=[the current capture mode does not support this operation], InnerCode=0x703001c
[ERROR] RUNTIME(712966,10):2026-01-15-10:29:44.184.302 [error_message_manage.cc:53]712966 FuncErrorReason:report error module_type=3, module_name=EE8888
[ERROR] RUNTIME(712966,10):2026-01-15-10:29:44.184.305 [error_message_manage.cc:53]712966 FuncErrorReason:rtMemcpy execute failed, reason=[the current capture mode does not support this operation]
[ERROR] ASCENDCL(712966,10):2026-01-15-10:29:44.184.452 [memory.cpp:437]712966 aclrtMemcpyImpl: synchronized memcpy failed, kind = 1, runtime result = 107030
[ERROR] RUNTIME(712966,10):2026-01-15-10:29:44.264.745 [api_error.cc:1519]712966 MemCopySync:Memory copy sync failed, cnt=72, kind=1.
[ERROR] RUNTIME(712966,10):2026-01-15-10:29:44.264.754 [api_c.cc:1197]712966 rtMemcpy:ErrCode=107030, desc=[the current capture mode does not support this operation], InnerCode=0x703001c
[ERROR] RUNTIME(712966,10):2026-01-15-10:29:44.264.756 [error_message_manage.cc:53]712966 FuncErrorReason:report error module_type=3, module_name=EE8888
[ERROR] RUNTIME(712966,10):2026-01-15-10:29:44.264.759 [error_message_manage.cc:53]712966 FuncErrorReason:rtMemcpy execute failed, reason=[the current capture mode does not support this operation]
[ERROR] ASCENDCL(712966,10):2026-01-15-10:29:44.264.965 [memory.cpp:437]712966 aclrtMemcpyImpl: synchronized memcpy failed, kind = 1, runtime result = 107030
[ERROR] RUNTIME(712966,10):2026-01-15-10:29:44.347.075 [api_error.cc:1519]712966 MemCopySync:Memory copy sync failed, cnt=416, kind=1.
[ERROR] RUNTIME(712966,10):2026-01-15-10:29:44.347.085 [api_c.cc:1197]712966 rtMemcpy:ErrCode=107030, desc=[the current capture mode does not support this operation], InnerCode=0x703001c
[ERROR] RUNTIME(712966,10):2026-01-15-10:29:44.347.087 [error_message_manage.cc:53]712966 FuncErrorReason:report error module_type=3, module_name=EE8888
[ERROR] RUNTIME(712966,10):2026-01-15-10:29:44.347.090 [error_message_manage.cc:53]712966 FuncErrorReason:rtMemcpy execute failed, reason=[the current capture mode does not support this operation]
[ERROR] ASCENDCL(712966,10):2026-01-15-10:29:44.347.287 [memory.cpp:437]712966 aclrtMemcpyImpl: synchronized memcpy failed, kind = 1, runtime result = 107030
[ERROR] RUNTIME(712966,10):2026-01-15-10:29:44.415.578 [api_error.cc:1519]712966 MemCopySync:Memory copy sync failed, cnt=72, kind=1.
[ERROR] RUNTIME(712966,10):2026-01-15-10:29:44.415.592 [api_c.cc:1197]712966 rtMemcpy:ErrCode=107030, desc=[the current capture mode does not support this operation], InnerCode=0x703001c
[ERROR] RUNTIME(712966,10):2026-01-15-10:29:44.415.595 [error_message_manage.cc:53]712966 FuncErrorReason:report error module_type=3, module_name=EE8888
[ERROR] RUNTIME(712966,10):2026-01-15-10:29:44.415.598 [error_message_manage.cc:53]712966 FuncErrorReason:rtMemcpy execute failed, reason=[the current capture mode does not support this operation]
[ERROR] ASCENDCL(712966,10):2026-01-15-10:29:44.415.874 [memory.cpp:437]712966 aclrtMemcpyImpl: synchronized memcpy failed, kind = 1, runtime result = 107030
[ERROR] RUNTIME(712966,10):2026-01-15-10:29:44.462.663 [api_error.cc:1519]712966 MemCopySync:Memory copy sync failed, cnt=416, kind=1.
[ERROR] RUNTIME(712966,10):2026-01-15-10:29:44.462.672 [api_c.cc:1197]712966 rtMemcpy:ErrCode=107030, desc=[the current capture mode does not support this operation], InnerCode=0x703001c
[ERROR] RUNTIME(712966,10):2026-01-15-10:29:44.462.675 [error_message_manage.cc:53]712966 FuncErrorReason:report error module_type=3, module_name=EE8888
[ERROR] RUNTIME(712966,10):2026-01-15-10:29:44.462.677 [error_message_manage.cc:53]712966 FuncErrorReason:rtMemcpy execute failed, reason=[the current capture mode does not support this operation]
[ERROR] ASCENDCL(712966,10):2026-01-15-10:29:44.462.857 [memory.cpp:437]712966 aclrtMemcpyImpl: synchronized memcpy failed, kind = 1, runtime result = 107030
[ERROR] RUNTIME(712966,10):2026-01-15-10:29:44.539.111 [api_error.cc:1519]712966 MemCopySync:Memory copy sync failed, cnt=72, kind=1.
[ERROR] RUNTIME(712966,10):2026-01-15-10:29:44.539.119 [api_c.cc:1197]712966 rtMemcpy:ErrCode=107030, desc=[the current capture mode does not support this operation], InnerCode=0x703001c
[ERROR] RUNTIME(712966,10):2026-01-15-10:29:44.539.122 [error_message_manage.cc:53]712966 FuncErrorReason:report error module_type=3, module_name=EE8888
[ERROR] RUNTIME(712966,10):2026-01-15-10:29:44.539.125 [error_message_manage.cc:53]712966 FuncErrorReason:rtMemcpy execute failed, reason=[the current capture mode does not support this operation]
[ERROR] ASCENDCL(712966,10):2026-01-15-10:29:44.539.289 [memory.cpp:437]712966 aclrtMemcpyImpl: synchronized memcpy failed, kind = 1, runtime result = 107030
[ERROR] RUNTIME(712966,10):2026-01-15-10:29:44.611.108 [api_error.cc:1519]712966 MemCopySync:Memory copy sync failed, cnt=416, kind=1.
[ERROR] RUNTIME(712966,10):2026-01-15-10:29:44.611.117 [api_c.cc:1197]712966 rtMemcpy:ErrCode=107030, desc=[the current capture mode does not support this operation], InnerCode=0x703001c
[ERROR] RUNTIME(712966,10):2026-01-15-10:29:44.611.120 [error_message_manage.cc:53]712966 FuncErrorReason:report error module_type=3, module_name=EE8888
[ERROR] RUNTIME(712966,10):2026-01-15-10:29:44.611.123 [error_message_manage.cc:53]712966 FuncErrorReason:rtMemcpy execute failed, reason=[the current capture mode does not support this operation]
[ERROR] ASCENDCL(712966,10):2026-01-15-10:29:44.611.329 [memory.cpp:437]712966 aclrtMemcpyImpl: synchronized memcpy failed, kind = 1, runtime result = 107030
[ERROR] RUNTIME(712966,10):2026-01-15-10:29:44.689.369 [api_error.cc:1519]712966 MemCopySync:Memory copy sync failed, cnt=72, kind=1.
[ERROR] RUNTIME(712966,10):2026-01-15-10:29:44.689.377 [api_c.cc:1197]712966 rtMemcpy:ErrCode=107030, desc=[the current capture mode does not support this operation], InnerCode=0x703001c
[ERROR] RUNTIME(712966,10):2026-01-15-10:29:44.689.380 [error_message_manage.cc:53]712966 FuncErrorReason:report error module_type=3, module_name=EE8888
[ERROR] RUNTIME(712966,10):2026-01-15-10:29:44.689.383 [error_message_manage.cc:53]712966 FuncErrorReason:rtMemcpy execute failed, reason=[the current capture mode does not support this operation]
[ERROR] ASCENDCL(712966,10):2026-01-15-10:29:44.689.562 [memory.cpp:437]712966 aclrtMemcpyImpl: synchronized memcpy failed, kind = 1, runtime result = 107030
[ERROR] RUNTIME(712966,10):2026-01-15-10:29:44.766.691 [api_error.cc:1519]712966 MemCopySync:Memory copy sync failed, cnt=416, kind=1.
[ERROR] RUNTIME(712966,10):2026-01-15-10:29:44.766.700 [api_c.cc:1197]712966 rtMemcpy:ErrCode=107030, desc=[the current capture mode does not support this operation], InnerCode=0x703001c
[ERROR] RUNTIME(712966,10):2026-01-15-10:29:44.766.702 [error_message_manage.cc:53]712966 FuncErrorReason:report error module_type=3, module_name=EE8888
[ERROR] RUNTIME(712966,10):2026-01-15-10:29:44.766.705 [error_message_manage.cc:53]712966 FuncErrorReason:rtMemcpy execute failed, reason=[the current capture mode does not support this operation]
[ERROR] ASCENDCL(712966,10):2026-01-15-10:29:44.766.921 [memory.cpp:437]712966 aclrtMemcpyImpl: synchronized memcpy failed, kind = 1, runtime result = 107030
[ERROR] RUNTIME(712966,10):2026-01-15-10:29:44.832.790 [api_error.cc:1519]712966 MemCopySync:Memory copy sync failed, cnt=72, kind=1.
[ERROR] RUNTIME(712966,10):2026-01-15-10:29:44.832.798 [api_c.cc:1197]712966 rtMemcpy:ErrCode=107030, desc=[the current capture mode does not support this operation], InnerCode=0x703001c
[ERROR] RUNTIME(712966,10):2026-01-15-10:29:44.832.801 [error_message_manage.cc:53]712966 FuncErrorReason:report error module_type=3, module_name=EE8888
[ERROR] RUNTIME(712966,10):2026-01-15-10:29:44.832.804 [error_message_manage.cc:53]712966 FuncErrorReason:rtMemcpy execute failed, reason=[the current capture mode does not support this operation]
[ERROR] ASCENDCL(712966,10):2026-01-15-10:29:44.832.997 [memory.cpp:437]712966 aclrtMemcpyImpl: synchronized memcpy failed, kind = 1, runtime result = 107030
[ERROR] RUNTIME(712966,10):2026-01-15-10:29:44.886.771 [api_error.cc:1519]712966 MemCopySync:Memory copy sync failed, cnt=416, kind=1.
[ERROR] RUNTIME(712966,10):2026-01-15-10:29:44.886.780 [api_c.cc:1197]712966 rtMemcpy:ErrCode=107030, desc=[the current capture mode does not support this operation], InnerCode=0x703001c
[ERROR] RUNTIME(712966,10):2026-01-15-10:29:44.886.783 [error_message_manage.cc:53]712966 FuncErrorReason:report error module_type=3, module_name=EE8888
[ERROR] RUNTIME(712966,10):2026-01-15-10:29:44.886.786 [error_message_manage.cc:53]712966 FuncErrorReason:rtMemcpy execute failed, reason=[the current capture mode does not support this operation]
[ERROR] ASCENDCL(712966,10):2026-01-15-10:29:44.886.953 [memory.cpp:437]712966 aclrtMemcpyImpl: synchronized memcpy failed, kind = 1, runtime result = 107030
[ERROR] RUNTIME(712966,10):2026-01-15-10:29:44.950.220 [api_error.cc:1519]712966 MemCopySync:Memory copy sync failed, cnt=72, kind=1.
[ERROR] RUNTIME(712966,10):2026-01-15-10:29:44.950.229 [api_c.cc:1197]712966 rtMemcpy:ErrCode=107030, desc=[the current capture mode does not support this operation], InnerCode=0x703001c
[ERROR] RUNTIME(712966,10):2026-01-15-10:29:44.950.231 [error_message_manage.cc:53]712966 FuncErrorReason:report error module_type=3, module_name=EE8888
[ERROR] RUNTIME(712966,10):2026-01-15-10:29:44.950.234 [error_message_manage.cc:53]712966 FuncErrorReason:rtMemcpy execute failed, reason=[the current capture mode does not support this operation]
[ERROR] ASCENDCL(712966,10):2026-01-15-10:29:44.950.403 [memory.cpp:437]712966 aclrtMemcpyImpl: synchronized memcpy failed, kind = 1, runtime result = 107030
[ERROR] RUNTIME(712966,10):2026-01-15-10:29:45.016.615 [api_error.cc:1519]712966 MemCopySync:Memory copy sync failed, cnt=416, kind=1.
[ERROR] RUNTIME(712966,10):2026-01-15-10:29:45.016.624 [api_c.cc:1197]712966 rtMemcpy:ErrCode=107030, desc=[the current capture mode does not support this operation], InnerCode=0x703001c
[ERROR] RUNTIME(712966,10):2026-01-15-10:29:45.016.627 [error_message_manage.cc:53]712966 FuncErrorReason:report error module_type=3, module_name=EE8888
[ERROR] RUNTIME(712966,10):2026-01-15-10:29:45.016.629 [error_message_manage.cc:53]712966 FuncErrorReason:rtMemcpy execute failed, reason=[the current capture mode does not support this operation]
[ERROR] ASCENDCL(712966,10):2026-01-15-10:29:45.016.829 [memory.cpp:437]712966 aclrtMemcpyImpl: synchronized memcpy failed, kind = 1, runtime result = 107030
[ERROR] RUNTIME(712966,10):2026-01-15-10:29:45.086.167 [api_error.cc:1519]712966 MemCopySync:Memory copy sync failed, cnt=72, kind=1.
[ERROR] RUNTIME(712966,10):2026-01-15-10:29:45.086.175 [api_c.cc:1197]712966 rtMemcpy:ErrCode=107030, desc=[the current capture mode does not support this operation], InnerCode=0x703001c
[ERROR] RUNTIME(712966,10):2026-01-15-10:29:45.086.178 [error_message_manage.cc:53]712966 FuncErrorReason:report error module_type=3, module_name=EE8888
[ERROR] RUNTIME(712966,10):2026-01-15-10:29:45.086.181 [error_message_manage.cc:53]712966 FuncErrorReason:rtMemcpy execute failed, reason=[the current capture mode does not support this operation]
[ERROR] ASCENDCL(712966,10):2026-01-15-10:29:45.086.359 [memory.cpp:437]712966 aclrtMemcpyImpl: synchronized memcpy failed, kind = 1, runtime result = 107030
[ERROR] RUNTIME(712966,10):2026-01-15-10:29:45.158.804 [api_error.cc:1519]712966 MemCopySync:Memory copy sync failed, cnt=416, kind=1.
[ERROR] RUNTIME(712966,10):2026-01-15-10:29:45.158.813 [api_c.cc:1197]712966 rtMemcpy:ErrCode=107030, desc=[the current capture mode does not support this operation], InnerCode=0x703001c
[ERROR] RUNTIME(712966,10):2026-01-15-10:29:45.158.816 [error_message_manage.cc:53]712966 FuncErrorReason:report error module_type=3, module_name=EE8888
[ERROR] RUNTIME(712966,10):2026-01-15-10:29:45.158.819 [error_message_manage.cc:53]712966 FuncErrorReason:rtMemcpy execute failed, reason=[the current capture mode does not support this operation]
[ERROR] ASCENDCL(712966,10):2026-01-15-10:29:45.159.050 [memory.cpp:437]712966 aclrtMemcpyImpl: synchronized memcpy failed, kind = 1, runtime result = 107030
[ERROR] RUNTIME(712966,10):2026-01-15-10:29:45.226.756 [api_error.cc:1519]712966 MemCopySync:Memory copy sync failed, cnt=72, kind=1.
[ERROR] RUNTIME(712966,10):2026-01-15-10:29:45.226.764 [api_c.cc:1197]712966 rtMemcpy:ErrCode=107030, desc=[the current capture mode does not support this operation], InnerCode=0x703001c
[ERROR] RUNTIME(712966,10):2026-01-15-10:29:45.226.767 [error_message_manage.cc:53]712966 FuncErrorReason:report error module_type=3, module_name=EE8888
[ERROR] RUNTIME(712966,10):2026-01-15-10:29:45.226.770 [error_message_manage.cc:53]712966 FuncErrorReason:rtMemcpy execute failed, reason=[the current capture mode does not support this operation]
[ERROR] ASCENDCL(712966,10):2026-01-15-10:29:45.227.010 [memory.cpp:437]712966 aclrtMemcpyImpl: synchronized memcpy failed, kind = 1, runtime result = 107030
[ERROR] RUNTIME(712966,10):2026-01-15-10:29:45.294.200 [api_error.cc:1519]712966 MemCopySync:Memory copy sync failed, cnt=416, kind=1.
[ERROR] RUNTIME(712966,10):2026-01-15-10:29:45.294.209 [api_c.cc:1197]712966 rtMemcpy:ErrCode=107030, desc=[the current capture mode does not support this operation], InnerCode=0x703001c
[ERROR] RUNTIME(712966,10):2026-01-15-10:29:45.294.212 [error_message_manage.cc:53]712966 FuncErrorReason:report error module_type=3, module_name=EE8888
[ERROR] RUNTIME(712966,10):2026-01-15-10:29:45.294.214 [error_message_manage.cc:53]712966 FuncErrorReason:rtMemcpy execute failed, reason=[the current capture mode does not support this operation]
[ERROR] ASCENDCL(712966,10):2026-01-15-10:29:45.294.431 [memory.cpp:437]712966 aclrtMemcpyImpl: synchronized memcpy failed, kind = 1, runtime result = 107030
[ERROR] RUNTIME(712966,10):2026-01-15-10:29:45.357.794 [api_error.cc:1519]712966 MemCopySync:Memory copy sync failed, cnt=72, kind=1.
[ERROR] RUNTIME(712966,10):2026-01-15-10:29:45.357.801 [api_c.cc:1197]712966 rtMemcpy:ErrCode=107030, desc=[the current capture mode does not support this operation], InnerCode=0x703001c
[ERROR] RUNTIME(712966,10):2026-01-15-10:29:45.357.804 [error_message_manage.cc:53]712966 FuncErrorReason:report error module_type=3, module_name=EE8888
[ERROR] RUNTIME(712966,10):2026-01-15-10:29:45.357.807 [error_message_manage.cc:53]712966 FuncErrorReason:rtMemcpy execute failed, reason=[the current capture mode does not support this operation]
[ERROR] ASCENDCL(712966,10):2026-01-15-10:29:45.357.989 [memory.cpp:437]712966 aclrtMemcpyImpl: synchronized memcpy failed, kind = 1, runtime result = 107030
[ERROR] RUNTIME(712966,10):2026-01-15-10:29:45.431.152 [api_error.cc:1519]712966 MemCopySync:Memory copy sync failed, cnt=416, kind=1.
[ERROR] RUNTIME(712966,10):2026-01-15-10:29:45.431.160 [api_c.cc:1197]712966 rtMemcpy:ErrCode=107030, desc=[the current capture mode does not support this operation], InnerCode=0x703001c
[ERROR] RUNTIME(712966,10):2026-01-15-10:29:45.431.163 [error_message_manage.cc:53]712966 FuncErrorReason:report error module_type=3, module_name=EE8888
[ERROR] RUNTIME(712966,10):2026-01-15-10:29:45.431.166 [error_message_manage.cc:53]712966 FuncErrorReason:rtMemcpy execute failed, reason=[the current capture mode does not support this operation]
[ERROR] ASCENDCL(712966,10):2026-01-15-10:29:45.431.367 [memory.cpp:437]712966 aclrtMemcpyImpl: synchronized memcpy failed, kind = 1, runtime result = 107030
[ERROR] RUNTIME(712966,10):2026-01-15-10:29:45.494.911 [api_error.cc:1519]712966 MemCopySync:Memory copy sync failed, cnt=72, kind=1.
[ERROR] RUNTIME(712966,10):2026-01-15-10:29:45.494.919 [api_c.cc:1197]712966 rtMemcpy:ErrCode=107030, desc=[the current capture mode does not support this operation], InnerCode=0x703001c
[ERROR] RUNTIME(712966,10):2026-01-15-10:29:45.494.922 [error_message_manage.cc:53]712966 FuncErrorReason:report error module_type=3, module_name=EE8888
[ERROR] RUNTIME(712966,10):2026-01-15-10:29:45.494.924 [error_message_manage.cc:53]712966 FuncErrorReason:rtMemcpy execute failed, reason=[the current capture mode does not support this operation]
[ERROR] ASCENDCL(712966,10):2026-01-15-10:29:45.495.129 [memory.cpp:437]712966 aclrtMemcpyImpl: synchronized memcpy failed, kind = 1, runtime result = 107030
[ERROR] RUNTIME(712966,10):2026-01-15-10:29:45.555.314 [api_error.cc:1519]712966 MemCopySync:Memory copy sync failed, cnt=416, kind=1.
[ERROR] RUNTIME(712966,10):2026-01-15-10:29:45.555.322 [api_c.cc:1197]712966 rtMemcpy:ErrCode=107030, desc=[the current capture mode does not support this operation], InnerCode=0x703001c
[ERROR] RUNTIME(712966,10):2026-01-15-10:29:45.555.325 [error_message_manage.cc:53]712966 FuncErrorReason:report error module_type=3, module_name=EE8888
[ERROR] RUNTIME(712966,10):2026-01-15-10:29:45.555.328 [error_message_manage.cc:53]712966 FuncErrorReason:rtMemcpy execute failed, reason=[the current capture mode does not support this operation]
[ERROR] ASCENDCL(712966,10):2026-01-15-10:29:45.555.522 [memory.cpp:437]712966 aclrtMemcpyImpl: synchronized memcpy failed, kind = 1, runtime result = 107030
[ERROR] RUNTIME(712966,10):2026-01-15-10:29:45.621.086 [api_error.cc:1519]712966 MemCopySync:Memory copy sync failed, cnt=72, kind=1.
[ERROR] RUNTIME(712966,10):2026-01-15-10:29:45.621.094 [api_c.cc:1197]712966 rtMemcpy:ErrCode=107030, desc=[the current capture mode does not support this operation], InnerCode=0x703001c
[ERROR] RUNTIME(712966,10):2026-01-15-10:29:45.621.096 [error_message_manage.cc:53]712966 FuncErrorReason:report error module_type=3, module_name=EE8888
[ERROR] RUNTIME(712966,10):2026-01-15-10:29:45.621.099 [error_message_manage.cc:53]712966 FuncErrorReason:rtMemcpy execute failed, reason=[the current capture mode does not support this operation]
[ERROR] ASCENDCL(712966,10):2026-01-15-10:29:45.621.379 [memory.cpp:437]712966 aclrtMemcpyImpl: synchronized memcpy failed, kind = 1, runtime result = 107030
[ERROR] RUNTIME(712966,10):2026-01-15-10:29:45.686.901 [api_error.cc:1519]712966 MemCopySync:Memory copy sync failed, cnt=416, kind=1.
[ERROR] RUNTIME(712966,10):2026-01-15-10:29:45.686.909 [api_c.cc:1197]712966 rtMemcpy:ErrCode=107030, desc=[the current capture mode does not support this operation], InnerCode=0x703001c
[ERROR] RUNTIME(712966,10):2026-01-15-10:29:45.686.912 [error_message_manage.cc:53]712966 FuncErrorReason:report error module_type=3, module_name=EE8888
[ERROR] RUNTIME(712966,10):2026-01-15-10:29:45.686.915 [error_message_manage.cc:53]712966 FuncErrorReason:rtMemcpy execute failed, reason=[the current capture mode does not support this operation]
[ERROR] ASCENDCL(712966,10):2026-01-15-10:29:45.687.106 [memory.cpp:437]712966 aclrtMemcpyImpl: synchronized memcpy failed, kind = 1, runtime result = 107030
[ERROR] RUNTIME(712966,10):2026-01-15-10:29:45.751.774 [api_error.cc:1519]712966 MemCopySync:Memory copy sync failed, cnt=72, kind=1.
[ERROR] RUNTIME(712966,10):2026-01-15-10:29:45.751.782 [api_c.cc:1197]712966 rtMemcpy:ErrCode=107030, desc=[the current capture mode does not support this operation], InnerCode=0x703001c
[ERROR] RUNTIME(712966,10):2026-01-15-10:29:45.751.785 [error_message_manage.cc:53]712966 FuncErrorReason:report error module_type=3, module_name=EE8888
[ERROR] RUNTIME(712966,10):2026-01-15-10:29:45.751.787 [error_message_manage.cc:53]712966 FuncErrorReason:rtMemcpy execute failed, reason=[the current capture mode does not support this operation]
[ERROR] ASCENDCL(712966,10):2026-01-15-10:29:45.751.955 [memory.cpp:437]712966 aclrtMemcpyImpl: synchronized memcpy failed, kind = 1, runtime result = 107030
[ERROR] RUNTIME(712966,10):2026-01-15-10:29:45.828.970 [api_error.cc:1519]712966 MemCopySync:Memory copy sync failed, cnt=416, kind=1.
[ERROR] RUNTIME(712966,10):2026-01-15-10:29:45.828.979 [api_c.cc:1197]712966 rtMemcpy:ErrCode=107030, desc=[the current capture mode does not support this operation], InnerCode=0x703001c
[ERROR] RUNTIME(712966,10):2026-01-15-10:29:45.828.982 [error_message_manage.cc:53]712966 FuncErrorReason:report error module_type=3, module_name=EE8888
[ERROR] RUNTIME(712966,10):2026-01-15-10:29:45.828.985 [error_message_manage.cc:53]712966 FuncErrorReason:rtMemcpy execute failed, reason=[the current capture mode does not support this operation]
[ERROR] ASCENDCL(712966,10):2026-01-15-10:29:45.829.205 [memory.cpp:437]712966 aclrtMemcpyImpl: synchronized memcpy failed, kind = 1, runtime result = 107030
[ERROR] RUNTIME(712966,10):2026-01-15-10:29:45.885.682 [api_error.cc:1519]712966 MemCopySync:Memory copy sync failed, cnt=72, kind=1.
[ERROR] RUNTIME(712966,10):2026-01-15-10:29:45.885.690 [api_c.cc:1197]712966 rtMemcpy:ErrCode=107030, desc=[the current capture mode does not support this operation], InnerCode=0x703001c
[ERROR] RUNTIME(712966,10):2026-01-15-10:29:45.885.692 [error_message_manage.cc:53]712966 FuncErrorReason:report error module_type=3, module_name=EE8888
[ERROR] RUNTIME(712966,10):2026-01-15-10:29:45.885.695 [error_message_manage.cc:53]712966 FuncErrorReason:rtMemcpy execute failed, reason=[the current capture mode does not support this operation]
[ERROR] ASCENDCL(712966,10):2026-01-15-10:29:45.885.843 [memory.cpp:437]712966 aclrtMemcpyImpl: synchronized memcpy failed, kind = 1, runtime result = 107030
[ERROR] RUNTIME(712966,10):2026-01-15-10:29:45.943.119 [api_error.cc:1519]712966 MemCopySync:Memory copy sync failed, cnt=416, kind=1.
[ERROR] RUNTIME(712966,10):2026-01-15-10:29:45.943.128 [api_c.cc:1197]712966 rtMemcpy:ErrCode=107030, desc=[the current capture mode does not support this operation], InnerCode=0x703001c
[ERROR] RUNTIME(712966,10):2026-01-15-10:29:45.943.131 [error_message_manage.cc:53]712966 FuncErrorReason:report error module_type=3, module_name=EE8888
[ERROR] RUNTIME(712966,10):2026-01-15-10:29:45.943.133 [error_message_manage.cc:53]712966 FuncErrorReason:rtMemcpy execute failed, reason=[the current capture mode does not support this operation]
[ERROR] ASCENDCL(712966,10):2026-01-15-10:29:45.943.301 [memory.cpp:437]712966 aclrtMemcpyImpl: synchronized memcpy failed, kind = 1, runtime result = 107030
[ERROR] RUNTIME(712966,10):2026-01-15-10:29:46.012.438 [api_error.cc:1519]712966 MemCopySync:Memory copy sync failed, cnt=72, kind=1.
[ERROR] RUNTIME(712966,10):2026-01-15-10:29:46.012.446 [api_c.cc:1197]712966 rtMemcpy:ErrCode=107030, desc=[the current capture mode does not support this operation], InnerCode=0x703001c
[ERROR] RUNTIME(712966,10):2026-01-15-10:29:46.012.449 [error_message_manage.cc:53]712966 FuncErrorReason:report error module_type=3, module_name=EE8888
[ERROR] RUNTIME(712966,10):2026-01-15-10:29:46.012.452 [error_message_manage.cc:53]712966 FuncErrorReason:rtMemcpy execute failed, reason=[the current capture mode does not support this operation]
[ERROR] ASCENDCL(712966,10):2026-01-15-10:29:46.012.600 [memory.cpp:437]712966 aclrtMemcpyImpl: synchronized memcpy failed, kind = 1, runtime result = 107030
[ERROR] RUNTIME(712966,10):2026-01-15-10:29:46.084.311 [api_error.cc:1519]712966 MemCopySync:Memory copy sync failed, cnt=416, kind=1.
[ERROR] RUNTIME(712966,10):2026-01-15-10:29:46.084.319 [api_c.cc:1197]712966 rtMemcpy:ErrCode=107030, desc=[the current capture mode does not support this operation], InnerCode=0x703001c
[ERROR] RUNTIME(712966,10):2026-01-15-10:29:46.084.322 [error_message_manage.cc:53]712966 FuncErrorReason:report error module_type=3, module_name=EE8888
[ERROR] RUNTIME(712966,10):2026-01-15-10:29:46.084.324 [error_message_manage.cc:53]712966 FuncErrorReason:rtMemcpy execute failed, reason=[the current capture mode does not support this operation]
[ERROR] ASCENDCL(712966,10):2026-01-15-10:29:46.084.511 [memory.cpp:437]712966 aclrtMemcpyImpl: synchronized memcpy failed, kind = 1, runtime result = 107030
[ERROR] RUNTIME(712966,10):2026-01-15-10:29:46.152.008 [api_error.cc:1519]712966 MemCopySync:Memory copy sync failed, cnt=72, kind=1.
[ERROR] RUNTIME(712966,10):2026-01-15-10:29:46.152.016 [api_c.cc:1197]712966 rtMemcpy:ErrCode=107030, desc=[the current capture mode does not support this operation], InnerCode=0x703001c
[ERROR] RUNTIME(712966,10):2026-01-15-10:29:46.152.019 [error_message_manage.cc:53]712966 FuncErrorReason:report error module_type=3, module_name=EE8888
[ERROR] RUNTIME(712966,10):2026-01-15-10:29:46.152.022 [error_message_manage.cc:53]712966 FuncErrorReason:rtMemcpy execute failed, reason=[the current capture mode does not support this operation]
[ERROR] ASCENDCL(712966,10):2026-01-15-10:29:46.152.231 [memory.cpp:437]712966 aclrtMemcpyImpl: synchronized memcpy failed, kind = 1, runtime result = 107030
[ERROR] RUNTIME(712966,10):2026-01-15-10:29:46.216.179 [api_error.cc:1519]712966 MemCopySync:Memory copy sync failed, cnt=416, kind=1.
[ERROR] RUNTIME(712966,10):2026-01-15-10:29:46.216.187 [api_c.cc:1197]712966 rtMemcpy:ErrCode=107030, desc=[the current capture mode does not support this operation], InnerCode=0x703001c
[ERROR] RUNTIME(712966,10):2026-01-15-10:29:46.216.190 [error_message_manage.cc:53]712966 FuncErrorReason:report error module_type=3, module_name=EE8888
[ERROR] RUNTIME(712966,10):2026-01-15-10:29:46.216.192 [error_message_manage.cc:53]712966 FuncErrorReason:rtMemcpy execute failed, reason=[the current capture mode does not support this operation]
[ERROR] ASCENDCL(712966,10):2026-01-15-10:29:46.216.409 [memory.cpp:437]712966 aclrtMemcpyImpl: synchronized memcpy failed, kind = 1, runtime result = 107030
[ERROR] RUNTIME(712966,10):2026-01-15-10:29:46.282.281 [api_error.cc:1519]712966 MemCopySync:Memory copy sync failed, cnt=72, kind=1.
[ERROR] RUNTIME(712966,10):2026-01-15-10:29:46.282.289 [api_c.cc:1197]712966 rtMemcpy:ErrCode=107030, desc=[the current capture mode does not support this operation], InnerCode=0x703001c
[ERROR] RUNTIME(712966,10):2026-01-15-10:29:46.282.291 [error_message_manage.cc:53]712966 FuncErrorReason:report error module_type=3, module_name=EE8888
[ERROR] RUNTIME(712966,10):2026-01-15-10:29:46.282.294 [error_message_manage.cc:53]712966 FuncErrorReason:rtMemcpy execute failed, reason=[the current capture mode does not support this operation]
[ERROR] ASCENDCL(712966,10):2026-01-15-10:29:46.282.491 [memory.cpp:437]712966 aclrtMemcpyImpl: synchronized memcpy failed, kind = 1, runtime result = 107030
[ERROR] RUNTIME(712966,10):2026-01-15-10:29:46.348.686 [api_error.cc:1519]712966 MemCopySync:Memory copy sync failed, cnt=416, kind=1.
[ERROR] RUNTIME(712966,10):2026-01-15-10:29:46.348.694 [api_c.cc:1197]712966 rtMemcpy:ErrCode=107030, desc=[the current capture mode does not support this operation], InnerCode=0x703001c
[ERROR] RUNTIME(712966,10):2026-01-15-10:29:46.348.696 [error_message_manage.cc:53]712966 FuncErrorReason:report error module_type=3, module_name=EE8888
[ERROR] RUNTIME(712966,10):2026-01-15-10:29:46.348.699 [error_message_manage.cc:53]712966 FuncErrorReason:rtMemcpy execute failed, reason=[the current capture mode does not support this operation]
[ERROR] ASCENDCL(712966,10):2026-01-15-10:29:46.348.888 [memory.cpp:437]712966 aclrtMemcpyImpl: synchronized memcpy failed, kind = 1, runtime result = 107030
[ERROR] RUNTIME(712966,10):2026-01-15-10:29:46.416.782 [api_error.cc:1519]712966 MemCopySync:Memory copy sync failed, cnt=72, kind=1.
[ERROR] RUNTIME(712966,10):2026-01-15-10:29:46.416.790 [api_c.cc:1197]712966 rtMemcpy:ErrCode=107030, desc=[the current capture mode does not support this operation], InnerCode=0x703001c
[ERROR] RUNTIME(712966,10):2026-01-15-10:29:46.416.793 [error_message_manage.cc:53]712966 FuncErrorReason:report error module_type=3, module_name=EE8888
[ERROR] RUNTIME(712966,10):2026-01-15-10:29:46.416.795 [error_message_manage.cc:53]712966 FuncErrorReason:rtMemcpy execute failed, reason=[the current capture mode does not support this operation]
[ERROR] ASCENDCL(712966,10):2026-01-15-10:29:46.416.991 [memory.cpp:437]712966 aclrtMemcpyImpl: synchronized memcpy failed, kind = 1, runtime result = 107030
[ERROR] RUNTIME(712966,10):2026-01-15-10:29:46.487.236 [api_error.cc:1519]712966 MemCopySync:Memory copy sync failed, cnt=416, kind=1.
[ERROR] RUNTIME(712966,10):2026-01-15-10:29:46.487.244 [api_c.cc:1197]712966 rtMemcpy:ErrCode=107030, desc=[the current capture mode does not support this operation], InnerCode=0x703001c
[ERROR] RUNTIME(712966,10):2026-01-15-10:29:46.487.247 [error_message_manage.cc:53]712966 FuncErrorReason:report error module_type=3, module_name=EE8888
[ERROR] RUNTIME(712966,10):2026-01-15-10:29:46.487.250 [error_message_manage.cc:53]712966 FuncErrorReason:rtMemcpy execute failed, reason=[the current capture mode does not support this operation]
[ERROR] ASCENDCL(712966,10):2026-01-15-10:29:46.487.448 [memory.cpp:437]712966 aclrtMemcpyImpl: synchronized memcpy failed, kind = 1, runtime result = 107030
[ERROR] RUNTIME(712966,10):2026-01-15-10:29:46.559.040 [api_error.cc:1519]712966 MemCopySync:Memory copy sync failed, cnt=72, kind=1.
[ERROR] RUNTIME(712966,10):2026-01-15-10:29:46.559.048 [api_c.cc:1197]712966 rtMemcpy:ErrCode=107030, desc=[the current capture mode does not support this operation], InnerCode=0x703001c
[ERROR] RUNTIME(712966,10):2026-01-15-10:29:46.559.051 [error_message_manage.cc:53]712966 FuncErrorReason:report error module_type=3, module_name=EE8888
[ERROR] RUNTIME(712966,10):2026-01-15-10:29:46.559.053 [error_message_manage.cc:53]712966 FuncErrorReason:rtMemcpy execute failed, reason=[the current capture mode does not support this operation]
[ERROR] ASCENDCL(712966,10):2026-01-15-10:29:46.559.226 [memory.cpp:437]712966 aclrtMemcpyImpl: synchronized memcpy failed, kind = 1, runtime result = 107030
[ERROR] RUNTIME(712966,10):2026-01-15-10:29:46.628.010 [api_error.cc:1519]712966 MemCopySync:Memory copy sync failed, cnt=416, kind=1.
[ERROR] RUNTIME(712966,10):2026-01-15-10:29:46.628.019 [api_c.cc:1197]712966 rtMemcpy:ErrCode=107030, desc=[the current capture mode does not support this operation], InnerCode=0x703001c
[ERROR] RUNTIME(712966,10):2026-01-15-10:29:46.628.021 [error_message_manage.cc:53]712966 FuncErrorReason:report error module_type=3, module_name=EE8888
[ERROR] RUNTIME(712966,10):2026-01-15-10:29:46.628.024 [error_message_manage.cc:53]712966 FuncErrorReason:rtMemcpy execute failed, reason=[the current capture mode does not support this operation]
[ERROR] ASCENDCL(712966,10):2026-01-15-10:29:46.628.243 [memory.cpp:437]712966 aclrtMemcpyImpl: synchronized memcpy failed, kind = 1, runtime result = 107030
[ERROR] RUNTIME(712966,10):2026-01-15-10:29:46.705.638 [api_error.cc:1519]712966 MemCopySync:Memory copy sync failed, cnt=72, kind=1.
[ERROR] RUNTIME(712966,10):2026-01-15-10:29:46.705.647 [api_c.cc:1197]712966 rtMemcpy:ErrCode=107030, desc=[the current capture mode does not support this operation], InnerCode=0x703001c
[ERROR] RUNTIME(712966,10):2026-01-15-10:29:46.705.649 [error_message_manage.cc:53]712966 FuncErrorReason:report error module_type=3, module_name=EE8888
[ERROR] RUNTIME(712966,10):2026-01-15-10:29:46.705.652 [error_message_manage.cc:53]712966 FuncErrorReason:rtMemcpy execute failed, reason=[the current capture mode does not support this operation]
[ERROR] ASCENDCL(712966,10):2026-01-15-10:29:46.705.856 [memory.cpp:437]712966 aclrtMemcpyImpl: synchronized memcpy failed, kind = 1, runtime result = 107030
[ERROR] RUNTIME(712966,10):2026-01-15-10:29:46.771.698 [api_error.cc:1519]712966 MemCopySync:Memory copy sync failed, cnt=416, kind=1.
[ERROR] RUNTIME(712966,10):2026-01-15-10:29:46.771.707 [api_c.cc:1197]712966 rtMemcpy:ErrCode=107030, desc=[the current capture mode does not support this operation], InnerCode=0x703001c
[ERROR] RUNTIME(712966,10):2026-01-15-10:29:46.771.710 [error_message_manage.cc:53]712966 FuncErrorReason:report error module_type=3, module_name=EE8888
[ERROR] RUNTIME(712966,10):2026-01-15-10:29:46.771.712 [error_message_manage.cc:53]712966 FuncErrorReason:rtMemcpy execute failed, reason=[the current capture mode does not support this operation]
[ERROR] ASCENDCL(712966,10):2026-01-15-10:29:46.771.874 [memory.cpp:437]712966 aclrtMemcpyImpl: synchronized memcpy failed, kind = 1, runtime result = 107030
[ERROR] RUNTIME(712966,10):2026-01-15-10:29:46.837.159 [api_error.cc:1519]712966 MemCopySync:Memory copy sync failed, cnt=72, kind=1.
[ERROR] RUNTIME(712966,10):2026-01-15-10:29:46.837.167 [api_c.cc:1197]712966 rtMemcpy:ErrCode=107030, desc=[the current capture mode does not support this operation], InnerCode=0x703001c
[ERROR] RUNTIME(712966,10):2026-01-15-10:29:46.837.170 [error_message_manage.cc:53]712966 FuncErrorReason:report error module_type=3, module_name=EE8888
[ERROR] RUNTIME(712966,10):2026-01-15-10:29:46.837.173 [error_message_manage.cc:53]712966 FuncErrorReason:rtMemcpy execute failed, reason=[the current capture mode does not support this operation]
[ERROR] ASCENDCL(712966,10):2026-01-15-10:29:46.837.380 [memory.cpp:437]712966 aclrtMemcpyImpl: synchronized memcpy failed, kind = 1, runtime result = 107030
[ERROR] RUNTIME(712966,10):2026-01-15-10:29:46.905.702 [api_error.cc:1519]712966 MemCopySync:Memory copy sync failed, cnt=416, kind=1.
[ERROR] RUNTIME(712966,10):2026-01-15-10:29:46.905.710 [api_c.cc:1197]712966 rtMemcpy:ErrCode=107030, desc=[the current capture mode does not support this operation], InnerCode=0x703001c
[ERROR] RUNTIME(712966,10):2026-01-15-10:29:46.905.712 [error_message_manage.cc:53]712966 FuncErrorReason:report error module_type=3, module_name=EE8888
[ERROR] RUNTIME(712966,10):2026-01-15-10:29:46.905.715 [error_message_manage.cc:53]712966 FuncErrorReason:rtMemcpy execute failed, reason=[the current capture mode does not support this operation]
[ERROR] ASCENDCL(712966,10):2026-01-15-10:29:46.905.921 [memory.cpp:437]712966 aclrtMemcpyImpl: synchronized memcpy failed, kind = 1, runtime result = 107030
[ERROR] RUNTIME(712966,10):2026-01-15-10:29:46.969.067 [api_error.cc:1519]712966 MemCopySync:Memory copy sync failed, cnt=72, kind=1.
[ERROR] RUNTIME(712966,10):2026-01-15-10:29:46.969.075 [api_c.cc:1197]712966 rtMemcpy:ErrCode=107030, desc=[the current capture mode does not support this operation], InnerCode=0x703001c
[ERROR] RUNTIME(712966,10):2026-01-15-10:29:46.969.077 [error_message_manage.cc:53]712966 FuncErrorReason:report error module_type=3, module_name=EE8888
[ERROR] RUNTIME(712966,10):2026-01-15-10:29:46.969.080 [error_message_manage.cc:53]712966 FuncErrorReason:rtMemcpy execute failed, reason=[the current capture mode does not support this operation]
[ERROR] ASCENDCL(712966,10):2026-01-15-10:29:46.969.260 [memory.cpp:437]712966 aclrtMemcpyImpl: synchronized memcpy failed, kind = 1, runtime result = 107030
[ERROR] RUNTIME(712966,10):2026-01-15-10:29:47.039.380 [api_error.cc:1519]712966 MemCopySync:Memory copy sync failed, cnt=416, kind=1.
[ERROR] RUNTIME(712966,10):2026-01-15-10:29:47.039.389 [api_c.cc:1197]712966 rtMemcpy:ErrCode=107030, desc=[the current capture mode does not support this operation], InnerCode=0x703001c
[ERROR] RUNTIME(712966,10):2026-01-15-10:29:47.039.392 [error_message_manage.cc:53]712966 FuncErrorReason:report error module_type=3, module_name=EE8888
[ERROR] RUNTIME(712966,10):2026-01-15-10:29:47.039.394 [error_message_manage.cc:53]712966 FuncErrorReason:rtMemcpy execute failed, reason=[the current capture mode does not support this operation]
[ERROR] ASCENDCL(712966,10):2026-01-15-10:29:47.039.632 [memory.cpp:437]712966 aclrtMemcpyImpl: synchronized memcpy failed, kind = 1, runtime result = 107030
[ERROR] RUNTIME(712966,10):2026-01-15-10:29:47.108.295 [api_error.cc:1519]712966 MemCopySync:Memory copy sync failed, cnt=72, kind=1.
[ERROR] RUNTIME(712966,10):2026-01-15-10:29:47.108.303 [api_c.cc:1197]712966 rtMemcpy:ErrCode=107030, desc=[the current capture mode does not support this operation], InnerCode=0x703001c
[ERROR] RUNTIME(712966,10):2026-01-15-10:29:47.108.306 [error_message_manage.cc:53]712966 FuncErrorReason:report error module_type=3, module_name=EE8888
[ERROR] RUNTIME(712966,10):2026-01-15-10:29:47.108.309 [error_message_manage.cc:53]712966 FuncErrorReason:rtMemcpy execute failed, reason=[the current capture mode does not support this operation]
[ERROR] ASCENDCL(712966,10):2026-01-15-10:29:47.108.466 [memory.cpp:437]712966 aclrtMemcpyImpl: synchronized memcpy failed, kind = 1, runtime result = 107030
[ERROR] RUNTIME(712966,10):2026-01-15-10:29:47.178.541 [api_error.cc:1519]712966 MemCopySync:Memory copy sync failed, cnt=416, kind=1.
[ERROR] RUNTIME(712966,10):2026-01-15-10:29:47.178.549 [api_c.cc:1197]712966 rtMemcpy:ErrCode=107030, desc=[the current capture mode does not support this operation], InnerCode=0x703001c
[ERROR] RUNTIME(712966,10):2026-01-15-10:29:47.178.552 [error_message_manage.cc:53]712966 FuncErrorReason:report error module_type=3, module_name=EE8888
[ERROR] RUNTIME(712966,10):2026-01-15-10:29:47.178.555 [error_message_manage.cc:53]712966 FuncErrorReason:rtMemcpy execute failed, reason=[the current capture mode does not support this operation]
[ERROR] ASCENDCL(712966,10):2026-01-15-10:29:47.178.725 [memory.cpp:437]712966 aclrtMemcpyImpl: synchronized memcpy failed, kind = 1, runtime result = 107030
[ERROR] RUNTIME(712966,10):2026-01-15-10:29:47.239.665 [api_error.cc:1519]712966 MemCopySync:Memory copy sync failed, cnt=72, kind=1.
[ERROR] RUNTIME(712966,10):2026-01-15-10:29:47.239.673 [api_c.cc:1197]712966 rtMemcpy:ErrCode=107030, desc=[the current capture mode does not support this operation], InnerCode=0x703001c
[ERROR] RUNTIME(712966,10):2026-01-15-10:29:47.239.676 [error_message_manage.cc:53]712966 FuncErrorReason:report error module_type=3, module_name=EE8888
[ERROR] RUNTIME(712966,10):2026-01-15-10:29:47.239.679 [error_message_manage.cc:53]712966 FuncErrorReason:rtMemcpy execute failed, reason=[the current capture mode does not support this operation]
[ERROR] ASCENDCL(712966,10):2026-01-15-10:29:47.239.892 [memory.cpp:437]712966 aclrtMemcpyImpl: synchronized memcpy failed, kind = 1, runtime result = 107030
[ERROR] RUNTIME(712966,10):2026-01-15-10:29:47.309.900 [api_error.cc:1519]712966 MemCopySync:Memory copy sync failed, cnt=416, kind=1.
[ERROR] RUNTIME(712966,10):2026-01-15-10:29:47.309.908 [api_c.cc:1197]712966 rtMemcpy:ErrCode=107030, desc=[the current capture mode does not support this operation], InnerCode=0x703001c
[ERROR] RUNTIME(712966,10):2026-01-15-10:29:47.309.911 [error_message_manage.cc:53]712966 FuncErrorReason:report error module_type=3, module_name=EE8888
[ERROR] RUNTIME(712966,10):2026-01-15-10:29:47.309.914 [error_message_manage.cc:53]712966 FuncErrorReason:rtMemcpy execute failed, reason=[the current capture mode does not support this operation]
[ERROR] ASCENDCL(712966,10):2026-01-15-10:29:47.310.072 [memory.cpp:437]712966 aclrtMemcpyImpl: synchronized memcpy failed, kind = 1, runtime result = 107030
[ERROR] RUNTIME(712966,10):2026-01-15-10:29:47.373.121 [api_error.cc:1519]712966 MemCopySync:Memory copy sync failed, cnt=72, kind=1.
[ERROR] RUNTIME(712966,10):2026-01-15-10:29:47.373.128 [api_c.cc:1197]712966 rtMemcpy:ErrCode=107030, desc=[the current capture mode does not support this operation], InnerCode=0x703001c
[ERROR] RUNTIME(712966,10):2026-01-15-10:29:47.373.131 [error_message_manage.cc:53]712966 FuncErrorReason:report error module_type=3, module_name=EE8888
[ERROR] RUNTIME(712966,10):2026-01-15-10:29:47.373.133 [error_message_manage.cc:53]712966 FuncErrorReason:rtMemcpy execute failed, reason=[the current capture mode does not support this operation]
[ERROR] ASCENDCL(712966,10):2026-01-15-10:29:47.373.303 [memory.cpp:437]712966 aclrtMemcpyImpl: synchronized memcpy failed, kind = 1, runtime result = 107030
[ERROR] RUNTIME(712966,10):2026-01-15-10:29:47.437.922 [api_error.cc:1519]712966 MemCopySync:Memory copy sync failed, cnt=416, kind=1.
[ERROR] RUNTIME(712966,10):2026-01-15-10:29:47.437.930 [api_c.cc:1197]712966 rtMemcpy:ErrCode=107030, desc=[the current capture mode does not support this operation], InnerCode=0x703001c
[ERROR] RUNTIME(712966,10):2026-01-15-10:29:47.437.933 [error_message_manage.cc:53]712966 FuncErrorReason:report error module_type=3, module_name=EE8888
[ERROR] RUNTIME(712966,10):2026-01-15-10:29:47.437.936 [error_message_manage.cc:53]712966 FuncErrorReason:rtMemcpy execute failed, reason=[the current capture mode does not support this operation]
[ERROR] ASCENDCL(712966,10):2026-01-15-10:29:47.438.153 [memory.cpp:437]712966 aclrtMemcpyImpl: synchronized memcpy failed, kind = 1, runtime result = 107030
[ERROR] RUNTIME(712966,10):2026-01-15-10:29:47.509.586 [api_error.cc:1519]712966 MemCopySync:Memory copy sync failed, cnt=72, kind=1.
[ERROR] RUNTIME(712966,10):2026-01-15-10:29:47.509.593 [api_c.cc:1197]712966 rtMemcpy:ErrCode=107030, desc=[the current capture mode does not support this operation], InnerCode=0x703001c
[ERROR] RUNTIME(712966,10):2026-01-15-10:29:47.509.596 [error_message_manage.cc:53]712966 FuncErrorReason:report error module_type=3, module_name=EE8888
[ERROR] RUNTIME(712966,10):2026-01-15-10:29:47.509.598 [error_message_manage.cc:53]712966 FuncErrorReason:rtMemcpy execute failed, reason=[the current capture mode does not support this operation]
[ERROR] ASCENDCL(712966,10):2026-01-15-10:29:47.509.774 [memory.cpp:437]712966 aclrtMemcpyImpl: synchronized memcpy failed, kind = 1, runtime result = 107030
[ERROR] RUNTIME(712966,10):2026-01-15-10:29:47.574.823 [api_error.cc:1519]712966 MemCopySync:Memory copy sync failed, cnt=416, kind=1.
[ERROR] RUNTIME(712966,10):2026-01-15-10:29:47.574.831 [api_c.cc:1197]712966 rtMemcpy:ErrCode=107030, desc=[the current capture mode does not support this operation], InnerCode=0x703001c
[ERROR] RUNTIME(712966,10):2026-01-15-10:29:47.574.833 [error_message_manage.cc:53]712966 FuncErrorReason:report error module_type=3, module_name=EE8888
[ERROR] RUNTIME(712966,10):2026-01-15-10:29:47.574.836 [error_message_manage.cc:53]712966 FuncErrorReason:rtMemcpy execute failed, reason=[the current capture mode does not support this operation]
[ERROR] ASCENDCL(712966,10):2026-01-15-10:29:47.575.023 [memory.cpp:437]712966 aclrtMemcpyImpl: synchronized memcpy failed, kind = 1, runtime result = 107030
[ERROR] RUNTIME(712966,10):2026-01-15-10:29:47.627.662 [api_error.cc:1519]712966 MemCopySync:Memory copy sync failed, cnt=72, kind=1.
[ERROR] RUNTIME(712966,10):2026-01-15-10:29:47.627.670 [api_c.cc:1197]712966 rtMemcpy:ErrCode=107030, desc=[the current capture mode does not support this operation], InnerCode=0x703001c
[ERROR] RUNTIME(712966,10):2026-01-15-10:29:47.627.673 [error_message_manage.cc:53]712966 FuncErrorReason:report error module_type=3, module_name=EE8888
[ERROR] RUNTIME(712966,10):2026-01-15-10:29:47.627.676 [error_message_manage.cc:53]712966 FuncErrorReason:rtMemcpy execute failed, reason=[the current capture mode does not support this operation]
[ERROR] ASCENDCL(712966,10):2026-01-15-10:29:47.627.871 [memory.cpp:437]712966 aclrtMemcpyImpl: synchronized memcpy failed, kind = 1, runtime result = 107030
[ERROR] RUNTIME(712966,10):2026-01-15-10:29:47.686.392 [api_error.cc:1519]712966 MemCopySync:Memory copy sync failed, cnt=416, kind=1.
[ERROR] RUNTIME(712966,10):2026-01-15-10:29:47.686.401 [api_c.cc:1197]712966 rtMemcpy:ErrCode=107030, desc=[the current capture mode does not support this operation], InnerCode=0x703001c
[ERROR] RUNTIME(712966,10):2026-01-15-10:29:47.686.404 [error_message_manage.cc:53]712966 FuncErrorReason:report error module_type=3, module_name=EE8888
[ERROR] RUNTIME(712966,10):2026-01-15-10:29:47.686.407 [error_message_manage.cc:53]712966 FuncErrorReason:rtMemcpy execute failed, reason=[the current capture mode does not support this operation]
[ERROR] ASCENDCL(712966,10):2026-01-15-10:29:47.686.598 [memory.cpp:437]712966 aclrtMemcpyImpl: synchronized memcpy failed, kind = 1, runtime result = 107030
[ERROR] RUNTIME(712966,10):2026-01-15-10:29:47.753.427 [api_error.cc:1519]712966 MemCopySync:Memory copy sync failed, cnt=72, kind=1.
[ERROR] RUNTIME(712966,10):2026-01-15-10:29:47.753.435 [api_c.cc:1197]712966 rtMemcpy:ErrCode=107030, desc=[the current capture mode does not support this operation], InnerCode=0x703001c
[ERROR] RUNTIME(712966,10):2026-01-15-10:29:47.753.438 [error_message_manage.cc:53]712966 FuncErrorReason:report error module_type=3, module_name=EE8888
[ERROR] RUNTIME(712966,10):2026-01-15-10:29:47.753.441 [error_message_manage.cc:53]712966 FuncErrorReason:rtMemcpy execute failed, reason=[the current capture mode does not support this operation]
[ERROR] ASCENDCL(712966,10):2026-01-15-10:29:47.753.635 [memory.cpp:437]712966 aclrtMemcpyImpl: synchronized memcpy failed, kind = 1, runtime result = 107030
[ERROR] RUNTIME(712966,10):2026-01-15-10:29:47.820.815 [api_error.cc:1519]712966 MemCopySync:Memory copy sync failed, cnt=416, kind=1.
[ERROR] RUNTIME(712966,10):2026-01-15-10:29:47.820.823 [api_c.cc:1197]712966 rtMemcpy:ErrCode=107030, desc=[the current capture mode does not support this operation], InnerCode=0x703001c
[ERROR] RUNTIME(712966,10):2026-01-15-10:29:47.820.826 [error_message_manage.cc:53]712966 FuncErrorReason:report error module_type=3, module_name=EE8888
[ERROR] RUNTIME(712966,10):2026-01-15-10:29:47.820.829 [error_message_manage.cc:53]712966 FuncErrorReason:rtMemcpy execute failed, reason=[the current capture mode does not support this operation]
[ERROR] ASCENDCL(712966,10):2026-01-15-10:29:47.821.047 [memory.cpp:437]712966 aclrtMemcpyImpl: synchronized memcpy failed, kind = 1, runtime result = 107030
[ERROR] RUNTIME(712966,10):2026-01-15-10:29:47.870.496 [api_error.cc:1519]712966 MemCopySync:Memory copy sync failed, cnt=72, kind=1.
[ERROR] RUNTIME(712966,10):2026-01-15-10:29:47.870.504 [api_c.cc:1197]712966 rtMemcpy:ErrCode=107030, desc=[the current capture mode does not support this operation], InnerCode=0x703001c
[ERROR] RUNTIME(712966,10):2026-01-15-10:29:47.870.507 [error_message_manage.cc:53]712966 FuncErrorReason:report error module_type=3, module_name=EE8888
[ERROR] RUNTIME(712966,10):2026-01-15-10:29:47.870.509 [error_message_manage.cc:53]712966 FuncErrorReason:rtMemcpy execute failed, reason=[the current capture mode does not support this operation]
[ERROR] ASCENDCL(712966,10):2026-01-15-10:29:47.870.697 [memory.cpp:437]712966 aclrtMemcpyImpl: synchronized memcpy failed, kind = 1, runtime result = 107030
[ERROR] RUNTIME(712966,10):2026-01-15-10:29:47.938.917 [api_error.cc:1519]712966 MemCopySync:Memory copy sync failed, cnt=416, kind=1.
[ERROR] RUNTIME(712966,10):2026-01-15-10:29:47.938.925 [api_c.cc:1197]712966 rtMemcpy:ErrCode=107030, desc=[the current capture mode does not support this operation], InnerCode=0x703001c
[ERROR] RUNTIME(712966,10):2026-01-15-10:29:47.938.928 [error_message_manage.cc:53]712966 FuncErrorReason:report error module_type=3, module_name=EE8888
[ERROR] RUNTIME(712966,10):2026-01-15-10:29:47.938.931 [error_message_manage.cc:53]712966 FuncErrorReason:rtMemcpy execute failed, reason=[the current capture mode does not support this operation]
[ERROR] ASCENDCL(712966,10):2026-01-15-10:29:47.939.103 [memory.cpp:437]712966 aclrtMemcpyImpl: synchronized memcpy failed, kind = 1, runtime result = 107030
[ERROR] RUNTIME(712966,10):2026-01-15-10:29:48.001.007 [api_error.cc:1519]712966 MemCopySync:Memory copy sync failed, cnt=72, kind=1.
[ERROR] RUNTIME(712966,10):2026-01-15-10:29:48.001.015 [api_c.cc:1197]712966 rtMemcpy:ErrCode=107030, desc=[the current capture mode does not support this operation], InnerCode=0x703001c
[ERROR] RUNTIME(712966,10):2026-01-15-10:29:48.001.017 [error_message_manage.cc:53]712966 FuncErrorReason:report error module_type=3, module_name=EE8888
[ERROR] RUNTIME(712966,10):2026-01-15-10:29:48.001.020 [error_message_manage.cc:53]712966 FuncErrorReason:rtMemcpy execute failed, reason=[the current capture mode does not support this operation]
[ERROR] ASCENDCL(712966,10):2026-01-15-10:29:48.001.179 [memory.cpp:437]712966 aclrtMemcpyImpl: synchronized memcpy failed, kind = 1, runtime result = 107030
[ERROR] RUNTIME(712966,10):2026-01-15-10:29:48.064.151 [api_error.cc:1519]712966 MemCopySync:Memory copy sync failed, cnt=416, kind=1.
[ERROR] RUNTIME(712966,10):2026-01-15-10:29:48.064.159 [api_c.cc:1197]712966 rtMemcpy:ErrCode=107030, desc=[the current capture mode does not support this operation], InnerCode=0x703001c
[ERROR] RUNTIME(712966,10):2026-01-15-10:29:48.064.161 [error_message_manage.cc:53]712966 FuncErrorReason:report error module_type=3, module_name=EE8888
[ERROR] RUNTIME(712966,10):2026-01-15-10:29:48.064.164 [error_message_manage.cc:53]712966 FuncErrorReason:rtMemcpy execute failed, reason=[the current capture mode does not support this operation]
[ERROR] ASCENDCL(712966,10):2026-01-15-10:29:48.064.407 [memory.cpp:437]712966 aclrtMemcpyImpl: synchronized memcpy failed, kind = 1, runtime result = 107030
[ERROR] RUNTIME(712966,10):2026-01-15-10:29:48.129.174 [api_error.cc:1519]712966 MemCopySync:Memory copy sync failed, cnt=72, kind=1.
[ERROR] RUNTIME(712966,10):2026-01-15-10:29:48.129.182 [api_c.cc:1197]712966 rtMemcpy:ErrCode=107030, desc=[the current capture mode does not support this operation], InnerCode=0x703001c
[ERROR] RUNTIME(712966,10):2026-01-15-10:29:48.129.185 [error_message_manage.cc:53]712966 FuncErrorReason:report error module_type=3, module_name=EE8888
[ERROR] RUNTIME(712966,10):2026-01-15-10:29:48.129.188 [error_message_manage.cc:53]712966 FuncErrorReason:rtMemcpy execute failed, reason=[the current capture mode does not support this operation]
[ERROR] ASCENDCL(712966,10):2026-01-15-10:29:48.129.373 [memory.cpp:437]712966 aclrtMemcpyImpl: synchronized memcpy failed, kind = 1, runtime result = 107030
[ERROR] RUNTIME(712966,10):2026-01-15-10:29:48.194.309 [api_error.cc:1519]712966 MemCopySync:Memory copy sync failed, cnt=416, kind=1.
[ERROR] RUNTIME(712966,10):2026-01-15-10:29:48.194.318 [api_c.cc:1197]712966 rtMemcpy:ErrCode=107030, desc=[the current capture mode does not support this operation], InnerCode=0x703001c
[ERROR] RUNTIME(712966,10):2026-01-15-10:29:48.194.320 [error_message_manage.cc:53]712966 FuncErrorReason:report error module_type=3, module_name=EE8888
[ERROR] RUNTIME(712966,10):2026-01-15-10:29:48.194.323 [error_message_manage.cc:53]712966 FuncErrorReason:rtMemcpy execute failed, reason=[the current capture mode does not support this operation]
[ERROR] ASCENDCL(712966,10):2026-01-15-10:29:48.194.531 [memory.cpp:437]712966 aclrtMemcpyImpl: synchronized memcpy failed, kind = 1, runtime result = 107030
[ERROR] RUNTIME(712966,10):2026-01-15-10:29:48.262.821 [api_error.cc:1519]712966 MemCopySync:Memory copy sync failed, cnt=72, kind=1.
[ERROR] RUNTIME(712966,10):2026-01-15-10:29:48.262.829 [api_c.cc:1197]712966 rtMemcpy:ErrCode=107030, desc=[the current capture mode does not support this operation], InnerCode=0x703001c
[ERROR] RUNTIME(712966,10):2026-01-15-10:29:48.262.832 [error_message_manage.cc:53]712966 FuncErrorReason:report error module_type=3, module_name=EE8888
[ERROR] RUNTIME(712966,10):2026-01-15-10:29:48.262.834 [error_message_manage.cc:53]712966 FuncErrorReason:rtMemcpy execute failed, reason=[the current capture mode does not support this operation]
[ERROR] ASCENDCL(712966,10):2026-01-15-10:29:48.263.047 [memory.cpp:437]712966 aclrtMemcpyImpl: synchronized memcpy failed, kind = 1, runtime result = 107030
[ERROR] RUNTIME(712966,10):2026-01-15-10:29:48.329.987 [api_error.cc:1519]712966 MemCopySync:Memory copy sync failed, cnt=416, kind=1.
[ERROR] RUNTIME(712966,10):2026-01-15-10:29:48.329.995 [api_c.cc:1197]712966 rtMemcpy:ErrCode=107030, desc=[the current capture mode does not support this operation], InnerCode=0x703001c
[ERROR] RUNTIME(712966,10):2026-01-15-10:29:48.329.998 [error_message_manage.cc:53]712966 FuncErrorReason:report error module_type=3, module_name=EE8888
[ERROR] RUNTIME(712966,10):2026-01-15-10:29:48.330.001 [error_message_manage.cc:53]712966 FuncErrorReason:rtMemcpy execute failed, reason=[the current capture mode does not support this operation]
[ERROR] ASCENDCL(712966,10):2026-01-15-10:29:48.330.185 [memory.cpp:437]712966 aclrtMemcpyImpl: synchronized memcpy failed, kind = 1, runtime result = 107030
[ERROR] RUNTIME(712966,10):2026-01-15-10:29:48.398.788 [api_error.cc:1519]712966 MemCopySync:Memory copy sync failed, cnt=72, kind=1.
[ERROR] RUNTIME(712966,10):2026-01-15-10:29:48.398.796 [api_c.cc:1197]712966 rtMemcpy:ErrCode=107030, desc=[the current capture mode does not support this operation], InnerCode=0x703001c
[ERROR] RUNTIME(712966,10):2026-01-15-10:29:48.398.799 [error_message_manage.cc:53]712966 FuncErrorReason:report error module_type=3, module_name=EE8888
[ERROR] RUNTIME(712966,10):2026-01-15-10:29:48.398.802 [error_message_manage.cc:53]712966 FuncErrorReason:rtMemcpy execute failed, reason=[the current capture mode does not support this operation]
[ERROR] ASCENDCL(712966,10):2026-01-15-10:29:48.398.952 [memory.cpp:437]712966 aclrtMemcpyImpl: synchronized memcpy failed, kind = 1, runtime result = 107030
[ERROR] RUNTIME(712966,10):2026-01-15-10:29:48.464.253 [api_error.cc:1519]712966 MemCopySync:Memory copy sync failed, cnt=416, kind=1.
[ERROR] RUNTIME(712966,10):2026-01-15-10:29:48.464.261 [api_c.cc:1197]712966 rtMemcpy:ErrCode=107030, desc=[the current capture mode does not support this operation], InnerCode=0x703001c
[ERROR] RUNTIME(712966,10):2026-01-15-10:29:48.464.264 [error_message_manage.cc:53]712966 FuncErrorReason:report error module_type=3, module_name=EE8888
[ERROR] RUNTIME(712966,10):2026-01-15-10:29:48.464.267 [error_message_manage.cc:53]712966 FuncErrorReason:rtMemcpy execute failed, reason=[the current capture mode does not support this operation]
[ERROR] ASCENDCL(712966,10):2026-01-15-10:29:48.464.451 [memory.cpp:437]712966 aclrtMemcpyImpl: synchronized memcpy failed, kind = 1, runtime result = 107030
[ERROR] RUNTIME(712966,10):2026-01-15-10:29:48.531.466 [api_error.cc:1519]712966 MemCopySync:Memory copy sync failed, cnt=72, kind=1.
[ERROR] RUNTIME(712966,10):2026-01-15-10:29:48.531.475 [api_c.cc:1197]712966 rtMemcpy:ErrCode=107030, desc=[the current capture mode does not support this operation], InnerCode=0x703001c
[ERROR] RUNTIME(712966,10):2026-01-15-10:29:48.531.477 [error_message_manage.cc:53]712966 FuncErrorReason:report error module_type=3, module_name=EE8888
[ERROR] RUNTIME(712966,10):2026-01-15-10:29:48.531.480 [error_message_manage.cc:53]712966 FuncErrorReason:rtMemcpy execute failed, reason=[the current capture mode does not support this operation]
[ERROR] ASCENDCL(712966,10):2026-01-15-10:29:48.531.645 [memory.cpp:437]712966 aclrtMemcpyImpl: synchronized memcpy failed, kind = 1, runtime result = 107030
[ERROR] RUNTIME(712966,10):2026-01-15-10:29:48.591.809 [api_error.cc:1519]712966 MemCopySync:Memory copy sync failed, cnt=416, kind=1.
[ERROR] RUNTIME(712966,10):2026-01-15-10:29:48.591.818 [api_c.cc:1197]712966 rtMemcpy:ErrCode=107030, desc=[the current capture mode does not support this operation], InnerCode=0x703001c
[ERROR] RUNTIME(712966,10):2026-01-15-10:29:48.591.820 [error_message_manage.cc:53]712966 FuncErrorReason:report error module_type=3, module_name=EE8888
[ERROR] RUNTIME(712966,10):2026-01-15-10:29:48.591.823 [error_message_manage.cc:53]712966 FuncErrorReason:rtMemcpy execute failed, reason=[the current capture mode does not support this operation]
[ERROR] ASCENDCL(712966,10):2026-01-15-10:29:48.591.995 [memory.cpp:437]712966 aclrtMemcpyImpl: synchronized memcpy failed, kind = 1, runtime result = 107030
[ERROR] RUNTIME(712966,10):2026-01-15-10:29:48.655.587 [api_error.cc:1519]712966 MemCopySync:Memory copy sync failed, cnt=72, kind=1.
[ERROR] RUNTIME(712966,10):2026-01-15-10:29:48.655.595 [api_c.cc:1197]712966 rtMemcpy:ErrCode=107030, desc=[the current capture mode does not support this operation], InnerCode=0x703001c
[ERROR] RUNTIME(712966,10):2026-01-15-10:29:48.655.598 [error_message_manage.cc:53]712966 FuncErrorReason:report error module_type=3, module_name=EE8888
[ERROR] RUNTIME(712966,10):2026-01-15-10:29:48.655.600 [error_message_manage.cc:53]712966 FuncErrorReason:rtMemcpy execute failed, reason=[the current capture mode does not support this operation]
[ERROR] ASCENDCL(712966,10):2026-01-15-10:29:48.655.813 [memory.cpp:437]712966 aclrtMemcpyImpl: synchronized memcpy failed, kind = 1, runtime result = 107030
[ERROR] RUNTIME(712966,10):2026-01-15-10:29:48.721.657 [api_error.cc:1519]712966 MemCopySync:Memory copy sync failed, cnt=416, kind=1.
[ERROR] RUNTIME(712966,10):2026-01-15-10:29:48.721.665 [api_c.cc:1197]712966 rtMemcpy:ErrCode=107030, desc=[the current capture mode does not support this operation], InnerCode=0x703001c
[ERROR] RUNTIME(712966,10):2026-01-15-10:29:48.721.668 [error_message_manage.cc:53]712966 FuncErrorReason:report error module_type=3, module_name=EE8888
[ERROR] RUNTIME(712966,10):2026-01-15-10:29:48.721.671 [error_message_manage.cc:53]712966 FuncErrorReason:rtMemcpy execute failed, reason=[the current capture mode does not support this operation]
[ERROR] ASCENDCL(712966,10):2026-01-15-10:29:48.721.849 [memory.cpp:437]712966 aclrtMemcpyImpl: synchronized memcpy failed, kind = 1, runtime result = 107030
[ERROR] RUNTIME(712966,10):2026-01-15-10:29:48.784.401 [api_error.cc:1519]712966 MemCopySync:Memory copy sync failed, cnt=72, kind=1.
[ERROR] RUNTIME(712966,10):2026-01-15-10:29:48.784.410 [api_c.cc:1197]712966 rtMemcpy:ErrCode=107030, desc=[the current capture mode does not support this operation], InnerCode=0x703001c
[ERROR] RUNTIME(712966,10):2026-01-15-10:29:48.784.412 [error_message_manage.cc:53]712966 FuncErrorReason:report error module_type=3, module_name=EE8888
[ERROR] RUNTIME(712966,10):2026-01-15-10:29:48.784.415 [error_message_manage.cc:53]712966 FuncErrorReason:rtMemcpy execute failed, reason=[the current capture mode does not support this operation]
[ERROR] ASCENDCL(712966,10):2026-01-15-10:29:48.784.598 [memory.cpp:437]712966 aclrtMemcpyImpl: synchronized memcpy failed, kind = 1, runtime result = 107030
[ERROR] RUNTIME(712966,10):2026-01-15-10:29:48.856.173 [api_error.cc:1519]712966 MemCopySync:Memory copy sync failed, cnt=416, kind=1.
[ERROR] RUNTIME(712966,10):2026-01-15-10:29:48.856.181 [api_c.cc:1197]712966 rtMemcpy:ErrCode=107030, desc=[the current capture mode does not support this operation], InnerCode=0x703001c
[ERROR] RUNTIME(712966,10):2026-01-15-10:29:48.856.184 [error_message_manage.cc:53]712966 FuncErrorReason:report error module_type=3, module_name=EE8888
[ERROR] RUNTIME(712966,10):2026-01-15-10:29:48.856.187 [error_message_manage.cc:53]712966 FuncErrorReason:rtMemcpy execute failed, reason=[the current capture mode does not support this operation]
[ERROR] ASCENDCL(712966,10):2026-01-15-10:29:48.856.474 [memory.cpp:437]712966 aclrtMemcpyImpl: synchronized memcpy failed, kind = 1, runtime result = 107030
[ERROR] RUNTIME(712966,10):2026-01-15-10:29:48.922.488 [api_error.cc:1519]712966 MemCopySync:Memory copy sync failed, cnt=72, kind=1.
[ERROR] RUNTIME(712966,10):2026-01-15-10:29:48.922.496 [api_c.cc:1197]712966 rtMemcpy:ErrCode=107030, desc=[the current capture mode does not support this operation], InnerCode=0x703001c
[ERROR] RUNTIME(712966,10):2026-01-15-10:29:48.922.498 [error_message_manage.cc:53]712966 FuncErrorReason:report error module_type=3, module_name=EE8888
[ERROR] RUNTIME(712966,10):2026-01-15-10:29:48.922.501 [error_message_manage.cc:53]712966 FuncErrorReason:rtMemcpy execute failed, reason=[the current capture mode does not support this operation]
[ERROR] ASCENDCL(712966,10):2026-01-15-10:29:48.922.687 [memory.cpp:437]712966 aclrtMemcpyImpl: synchronized memcpy failed, kind = 1, runtime result = 107030
[ERROR] RUNTIME(712966,10):2026-01-15-10:29:48.987.976 [api_error.cc:1519]712966 MemCopySync:Memory copy sync failed, cnt=416, kind=1.
[ERROR] RUNTIME(712966,10):2026-01-15-10:29:48.987.985 [api_c.cc:1197]712966 rtMemcpy:ErrCode=107030, desc=[the current capture mode does not support this operation], InnerCode=0x703001c
[ERROR] RUNTIME(712966,10):2026-01-15-10:29:48.987.988 [error_message_manage.cc:53]712966 FuncErrorReason:report error module_type=3, module_name=EE8888
[ERROR] RUNTIME(712966,10):2026-01-15-10:29:48.987.990 [error_message_manage.cc:53]712966 FuncErrorReason:rtMemcpy execute failed, reason=[the current capture mode does not support this operation]
[ERROR] ASCENDCL(712966,10):2026-01-15-10:29:48.988.165 [memory.cpp:437]712966 aclrtMemcpyImpl: synchronized memcpy failed, kind = 1, runtime result = 107030
[ERROR] RUNTIME(712966,10):2026-01-15-10:29:49.052.022 [api_error.cc:1519]712966 MemCopySync:Memory copy sync failed, cnt=72, kind=1.
[ERROR] RUNTIME(712966,10):2026-01-15-10:29:49.052.030 [api_c.cc:1197]712966 rtMemcpy:ErrCode=107030, desc=[the current capture mode does not support this operation], InnerCode=0x703001c
[ERROR] RUNTIME(712966,10):2026-01-15-10:29:49.052.032 [error_message_manage.cc:53]712966 FuncErrorReason:report error module_type=3, module_name=EE8888
[ERROR] RUNTIME(712966,10):2026-01-15-10:29:49.052.035 [error_message_manage.cc:53]712966 FuncErrorReason:rtMemcpy execute failed, reason=[the current capture mode does not support this operation]
[ERROR] ASCENDCL(712966,10):2026-01-15-10:29:49.052.262 [memory.cpp:437]712966 aclrtMemcpyImpl: synchronized memcpy failed, kind = 1, runtime result = 107030
[ERROR] RUNTIME(712966,10):2026-01-15-10:29:49.128.243 [api_error.cc:1519]712966 MemCopySync:Memory copy sync failed, cnt=416, kind=1.
[ERROR] RUNTIME(712966,10):2026-01-15-10:29:49.128.251 [api_c.cc:1197]712966 rtMemcpy:ErrCode=107030, desc=[the current capture mode does not support this operation], InnerCode=0x703001c
[ERROR] RUNTIME(712966,10):2026-01-15-10:29:49.128.254 [error_message_manage.cc:53]712966 FuncErrorReason:report error module_type=3, module_name=EE8888
[ERROR] RUNTIME(712966,10):2026-01-15-10:29:49.128.256 [error_message_manage.cc:53]712966 FuncErrorReason:rtMemcpy execute failed, reason=[the current capture mode does not support this operation]
[ERROR] ASCENDCL(712966,10):2026-01-15-10:29:49.128.435 [memory.cpp:437]712966 aclrtMemcpyImpl: synchronized memcpy failed, kind = 1, runtime result = 107030
[ERROR] RUNTIME(712966,10):2026-01-15-10:29:49.200.982 [api_error.cc:1519]712966 MemCopySync:Memory copy sync failed, cnt=72, kind=1.
[ERROR] RUNTIME(712966,10):2026-01-15-10:29:49.200.990 [api_c.cc:1197]712966 rtMemcpy:ErrCode=107030, desc=[the current capture mode does not support this operation], InnerCode=0x703001c
[ERROR] RUNTIME(712966,10):2026-01-15-10:29:49.200.993 [error_message_manage.cc:53]712966 FuncErrorReason:report error module_type=3, module_name=EE8888
[ERROR] RUNTIME(712966,10):2026-01-15-10:29:49.200.996 [error_message_manage.cc:53]712966 FuncErrorReason:rtMemcpy execute failed, reason=[the current capture mode does not support this operation]
[ERROR] ASCENDCL(712966,10):2026-01-15-10:29:49.201.161 [memory.cpp:437]712966 aclrtMemcpyImpl: synchronized memcpy failed, kind = 1, runtime result = 107030
[ERROR] RUNTIME(712966,10):2026-01-15-10:29:49.261.068 [api_error.cc:1519]712966 MemCopySync:Memory copy sync failed, cnt=416, kind=1.
[ERROR] RUNTIME(712966,10):2026-01-15-10:29:49.261.076 [api_c.cc:1197]712966 rtMemcpy:ErrCode=107030, desc=[the current capture mode does not support this operation], InnerCode=0x703001c
[ERROR] RUNTIME(712966,10):2026-01-15-10:29:49.261.079 [error_message_manage.cc:53]712966 FuncErrorReason:report error module_type=3, module_name=EE8888
[ERROR] RUNTIME(712966,10):2026-01-15-10:29:49.261.081 [error_message_manage.cc:53]712966 FuncErrorReason:rtMemcpy execute failed, reason=[the current capture mode does not support this operation]
[ERROR] ASCENDCL(712966,10):2026-01-15-10:29:49.261.287 [memory.cpp:437]712966 aclrtMemcpyImpl: synchronized memcpy failed, kind = 1, runtime result = 107030
[ERROR] RUNTIME(712966,10):2026-01-15-10:29:49.326.909 [api_error.cc:1519]712966 MemCopySync:Memory copy sync failed, cnt=72, kind=1.
[ERROR] RUNTIME(712966,10):2026-01-15-10:29:49.326.916 [api_c.cc:1197]712966 rtMemcpy:ErrCode=107030, desc=[the current capture mode does not support this operation], InnerCode=0x703001c
[ERROR] RUNTIME(712966,10):2026-01-15-10:29:49.326.919 [error_message_manage.cc:53]712966 FuncErrorReason:report error module_type=3, module_name=EE8888
[ERROR] RUNTIME(712966,10):2026-01-15-10:29:49.326.922 [error_message_manage.cc:53]712966 FuncErrorReason:rtMemcpy execute failed, reason=[the current capture mode does not support this operation]
[ERROR] ASCENDCL(712966,10):2026-01-15-10:29:49.327.086 [memory.cpp:437]712966 aclrtMemcpyImpl: synchronized memcpy failed, kind = 1, runtime result = 107030
[ERROR] RUNTIME(712966,10):2026-01-15-10:29:49.396.087 [api_error.cc:1519]712966 MemCopySync:Memory copy sync failed, cnt=416, kind=1.
[ERROR] RUNTIME(712966,10):2026-01-15-10:29:49.396.095 [api_c.cc:1197]712966 rtMemcpy:ErrCode=107030, desc=[the current capture mode does not support this operation], InnerCode=0x703001c
[ERROR] RUNTIME(712966,10):2026-01-15-10:29:49.396.098 [error_message_manage.cc:53]712966 FuncErrorReason:report error module_type=3, module_name=EE8888
[ERROR] RUNTIME(712966,10):2026-01-15-10:29:49.396.100 [error_message_manage.cc:53]712966 FuncErrorReason:rtMemcpy execute failed, reason=[the current capture mode does not support this operation]
[ERROR] ASCENDCL(712966,10):2026-01-15-10:29:49.396.302 [memory.cpp:437]712966 aclrtMemcpyImpl: synchronized memcpy failed, kind = 1, runtime result = 107030
[ERROR] RUNTIME(712966,10):2026-01-15-10:29:49.457.825 [api_error.cc:1519]712966 MemCopySync:Memory copy sync failed, cnt=72, kind=1.
[ERROR] RUNTIME(712966,10):2026-01-15-10:29:49.457.833 [api_c.cc:1197]712966 rtMemcpy:ErrCode=107030, desc=[the current capture mode does not support this operation], InnerCode=0x703001c
[ERROR] RUNTIME(712966,10):2026-01-15-10:29:49.457.836 [error_message_manage.cc:53]712966 FuncErrorReason:report error module_type=3, module_name=EE8888
[ERROR] RUNTIME(712966,10):2026-01-15-10:29:49.457.838 [error_message_manage.cc:53]712966 FuncErrorReason:rtMemcpy execute failed, reason=[the current capture mode does not support this operation]
[ERROR] ASCENDCL(712966,10):2026-01-15-10:29:49.458.038 [memory.cpp:437]712966 aclrtMemcpyImpl: synchronized memcpy failed, kind = 1, runtime result = 107030
[ERROR] RUNTIME(712966,10):2026-01-15-10:29:49.524.127 [api_error.cc:1519]712966 MemCopySync:Memory copy sync failed, cnt=416, kind=1.
[ERROR] RUNTIME(712966,10):2026-01-15-10:29:49.524.134 [api_c.cc:1197]712966 rtMemcpy:ErrCode=107030, desc=[the current capture mode does not support this operation], InnerCode=0x703001c
[ERROR] RUNTIME(712966,10):2026-01-15-10:29:49.524.137 [error_message_manage.cc:53]712966 FuncErrorReason:report error module_type=3, module_name=EE8888
[ERROR] RUNTIME(712966,10):2026-01-15-10:29:49.524.140 [error_message_manage.cc:53]712966 FuncErrorReason:rtMemcpy execute failed, reason=[the current capture mode does not support this operation]
[ERROR] ASCENDCL(712966,10):2026-01-15-10:29:49.524.321 [memory.cpp:437]712966 aclrtMemcpyImpl: synchronized memcpy failed, kind = 1, runtime result = 107030
[ERROR] RUNTIME(712966,10):2026-01-15-10:29:49.593.438 [api_error.cc:1519]712966 MemCopySync:Memory copy sync failed, cnt=72, kind=1.
[ERROR] RUNTIME(712966,10):2026-01-15-10:29:49.593.446 [api_c.cc:1197]712966 rtMemcpy:ErrCode=107030, desc=[the current capture mode does not support this operation], InnerCode=0x703001c
[ERROR] RUNTIME(712966,10):2026-01-15-10:29:49.593.449 [error_message_manage.cc:53]712966 FuncErrorReason:report error module_type=3, module_name=EE8888
[ERROR] RUNTIME(712966,10):2026-01-15-10:29:49.593.452 [error_message_manage.cc:53]712966 FuncErrorReason:rtMemcpy execute failed, reason=[the current capture mode does not support this operation]
[ERROR] ASCENDCL(712966,10):2026-01-15-10:29:49.593.643 [memory.cpp:437]712966 aclrtMemcpyImpl: synchronized memcpy failed, kind = 1, runtime result = 107030
[ERROR] RUNTIME(712966,10):2026-01-15-10:29:49.659.555 [api_error.cc:1519]712966 MemCopySync:Memory copy sync failed, cnt=416, kind=1.
[ERROR] RUNTIME(712966,10):2026-01-15-10:29:49.659.563 [api_c.cc:1197]712966 rtMemcpy:ErrCode=107030, desc=[the current capture mode does not support this operation], InnerCode=0x703001c
[ERROR] RUNTIME(712966,10):2026-01-15-10:29:49.659.566 [error_message_manage.cc:53]712966 FuncErrorReason:report error module_type=3, module_name=EE8888
[ERROR] RUNTIME(712966,10):2026-01-15-10:29:49.659.569 [error_message_manage.cc:53]712966 FuncErrorReason:rtMemcpy execute failed, reason=[the current capture mode does not support this operation]
[ERROR] ASCENDCL(712966,10):2026-01-15-10:29:49.659.770 [memory.cpp:437]712966 aclrtMemcpyImpl: synchronized memcpy failed, kind = 1, runtime result = 107030
[ERROR] RUNTIME(712966,10):2026-01-15-10:29:49.726.921 [api_error.cc:1519]712966 MemCopySync:Memory copy sync failed, cnt=72, kind=1.
[ERROR] RUNTIME(712966,10):2026-01-15-10:29:49.726.929 [api_c.cc:1197]712966 rtMemcpy:ErrCode=107030, desc=[the current capture mode does not support this operation], InnerCode=0x703001c
[ERROR] RUNTIME(712966,10):2026-01-15-10:29:49.726.931 [error_message_manage.cc:53]712966 FuncErrorReason:report error module_type=3, module_name=EE8888
[ERROR] RUNTIME(712966,10):2026-01-15-10:29:49.726.934 [error_message_manage.cc:53]712966 FuncErrorReason:rtMemcpy execute failed, reason=[the current capture mode does not support this operation]
[ERROR] ASCENDCL(712966,10):2026-01-15-10:29:49.727.156 [memory.cpp:437]712966 aclrtMemcpyImpl: synchronized memcpy failed, kind = 1, runtime result = 107030
[ERROR] RUNTIME(712966,10):2026-01-15-10:29:49.793.914 [api_error.cc:1519]712966 MemCopySync:Memory copy sync failed, cnt=416, kind=1.
[ERROR] RUNTIME(712966,10):2026-01-15-10:29:49.793.923 [api_c.cc:1197]712966 rtMemcpy:ErrCode=107030, desc=[the current capture mode does not support this operation], InnerCode=0x703001c
[ERROR] RUNTIME(712966,10):2026-01-15-10:29:49.793.925 [error_message_manage.cc:53]712966 FuncErrorReason:report error module_type=3, module_name=EE8888
[ERROR] RUNTIME(712966,10):2026-01-15-10:29:49.793.928 [error_message_manage.cc:53]712966 FuncErrorReason:rtMemcpy execute failed, reason=[the current capture mode does not support this operation]
[ERROR] ASCENDCL(712966,10):2026-01-15-10:29:49.794.143 [memory.cpp:437]712966 aclrtMemcpyImpl: synchronized memcpy failed, kind = 1, runtime result = 107030
[ERROR] RUNTIME(712966,10):2026-01-15-10:29:49.852.816 [api_error.cc:1519]712966 MemCopySync:Memory copy sync failed, cnt=72, kind=1.
[ERROR] RUNTIME(712966,10):2026-01-15-10:29:49.852.824 [api_c.cc:1197]712966 rtMemcpy:ErrCode=107030, desc=[the current capture mode does not support this operation], InnerCode=0x703001c
[ERROR] RUNTIME(712966,10):2026-01-15-10:29:49.852.827 [error_message_manage.cc:53]712966 FuncErrorReason:report error module_type=3, module_name=EE8888
[ERROR] RUNTIME(712966,10):2026-01-15-10:29:49.852.830 [error_message_manage.cc:53]712966 FuncErrorReason:rtMemcpy execute failed, reason=[the current capture mode does not support this operation]
[ERROR] ASCENDCL(712966,10):2026-01-15-10:29:49.853.036 [memory.cpp:437]712966 aclrtMemcpyImpl: synchronized memcpy failed, kind = 1, runtime result = 107030
[ERROR] RUNTIME(712966,10):2026-01-15-10:29:49.925.996 [api_error.cc:1519]712966 MemCopySync:Memory copy sync failed, cnt=416, kind=1.
[ERROR] RUNTIME(712966,10):2026-01-15-10:29:49.926.004 [api_c.cc:1197]712966 rtMemcpy:ErrCode=107030, desc=[the current capture mode does not support this operation], InnerCode=0x703001c
[ERROR] RUNTIME(712966,10):2026-01-15-10:29:49.926.007 [error_message_manage.cc:53]712966 FuncErrorReason:report error module_type=3, module_name=EE8888
[ERROR] RUNTIME(712966,10):2026-01-15-10:29:49.926.010 [error_message_manage.cc:53]712966 FuncErrorReason:rtMemcpy execute failed, reason=[the current capture mode does not support this operation]
[ERROR] ASCENDCL(712966,10):2026-01-15-10:29:49.926.187 [memory.cpp:437]712966 aclrtMemcpyImpl: synchronized memcpy failed, kind = 1, runtime result = 107030
[ERROR] RUNTIME(712966,10):2026-01-15-10:29:49.997.425 [api_error.cc:1519]712966 MemCopySync:Memory copy sync failed, cnt=72, kind=1.
[ERROR] RUNTIME(712966,10):2026-01-15-10:29:49.997.433 [api_c.cc:1197]712966 rtMemcpy:ErrCode=107030, desc=[the current capture mode does not support this operation], InnerCode=0x703001c
[ERROR] RUNTIME(712966,10):2026-01-15-10:29:49.997.436 [error_message_manage.cc:53]712966 FuncErrorReason:report error module_type=3, module_name=EE8888
[ERROR] RUNTIME(712966,10):2026-01-15-10:29:49.997.438 [error_message_manage.cc:53]712966 FuncErrorReason:rtMemcpy execute failed, reason=[the current capture mode does not support this operation]
[ERROR] ASCENDCL(712966,10):2026-01-15-10:29:49.997.637 [memory.cpp:437]712966 aclrtMemcpyImpl: synchronized memcpy failed, kind = 1, runtime result = 107030
[ERROR] RUNTIME(712966,10):2026-01-15-10:29:50.067.649 [api_error.cc:1519]712966 MemCopySync:Memory copy sync failed, cnt=416, kind=1.
[ERROR] RUNTIME(712966,10):2026-01-15-10:29:50.067.658 [api_c.cc:1197]712966 rtMemcpy:ErrCode=107030, desc=[the current capture mode does not support this operation], InnerCode=0x703001c
[ERROR] RUNTIME(712966,10):2026-01-15-10:29:50.067.660 [error_message_manage.cc:53]712966 FuncErrorReason:report error module_type=3, module_name=EE8888
[ERROR] RUNTIME(712966,10):2026-01-15-10:29:50.067.663 [error_message_manage.cc:53]712966 FuncErrorReason:rtMemcpy execute failed, reason=[the current capture mode does not support this operation]
[ERROR] ASCENDCL(712966,10):2026-01-15-10:29:50.067.917 [memory.cpp:437]712966 aclrtMemcpyImpl: synchronized memcpy failed, kind = 1, runtime result = 107030
[ERROR] RUNTIME(712966,10):2026-01-15-10:29:50.133.858 [api_error.cc:1519]712966 MemCopySync:Memory copy sync failed, cnt=72, kind=1.
[ERROR] RUNTIME(712966,10):2026-01-15-10:29:50.133.866 [api_c.cc:1197]712966 rtMemcpy:ErrCode=107030, desc=[the current capture mode does not support this operation], InnerCode=0x703001c
[ERROR] RUNTIME(712966,10):2026-01-15-10:29:50.133.869 [error_message_manage.cc:53]712966 FuncErrorReason:report error module_type=3, module_name=EE8888
[ERROR] RUNTIME(712966,10):2026-01-15-10:29:50.133.872 [error_message_manage.cc:53]712966 FuncErrorReason:rtMemcpy execute failed, reason=[the current capture mode does not support this operation]
[ERROR] ASCENDCL(712966,10):2026-01-15-10:29:50.134.072 [memory.cpp:437]712966 aclrtMemcpyImpl: synchronized memcpy failed, kind = 1, runtime result = 107030
[ERROR] RUNTIME(712966,10):2026-01-15-10:29:50.204.921 [api_error.cc:1519]712966 MemCopySync:Memory copy sync failed, cnt=416, kind=1.
[ERROR] RUNTIME(712966,10):2026-01-15-10:29:50.204.930 [api_c.cc:1197]712966 rtMemcpy:ErrCode=107030, desc=[the current capture mode does not support this operation], InnerCode=0x703001c
[ERROR] RUNTIME(712966,10):2026-01-15-10:29:50.204.932 [error_message_manage.cc:53]712966 FuncErrorReason:report error module_type=3, module_name=EE8888
[ERROR] RUNTIME(712966,10):2026-01-15-10:29:50.204.935 [error_message_manage.cc:53]712966 FuncErrorReason:rtMemcpy execute failed, reason=[the current capture mode does not support this operation]
[ERROR] ASCENDCL(712966,10):2026-01-15-10:29:50.205.096 [memory.cpp:437]712966 aclrtMemcpyImpl: synchronized memcpy failed, kind = 1, runtime result = 107030
[ERROR] RUNTIME(712966,10):2026-01-15-10:29:50.271.123 [api_error.cc:1519]712966 MemCopySync:Memory copy sync failed, cnt=72, kind=1.
[ERROR] RUNTIME(712966,10):2026-01-15-10:29:50.271.131 [api_c.cc:1197]712966 rtMemcpy:ErrCode=107030, desc=[the current capture mode does not support this operation], InnerCode=0x703001c
[ERROR] RUNTIME(712966,10):2026-01-15-10:29:50.271.133 [error_message_manage.cc:53]712966 FuncErrorReason:report error module_type=3, module_name=EE8888
[ERROR] RUNTIME(712966,10):2026-01-15-10:29:50.271.136 [error_message_manage.cc:53]712966 FuncErrorReason:rtMemcpy execute failed, reason=[the current capture mode does not support this operation]
[ERROR] ASCENDCL(712966,10):2026-01-15-10:29:50.271.314 [memory.cpp:437]712966 aclrtMemcpyImpl: synchronized memcpy failed, kind = 1, runtime result = 107030
[ERROR] RUNTIME(712966,10):2026-01-15-10:29:50.339.018 [api_error.cc:1519]712966 MemCopySync:Memory copy sync failed, cnt=416, kind=1.
[ERROR] RUNTIME(712966,10):2026-01-15-10:29:50.339.026 [api_c.cc:1197]712966 rtMemcpy:ErrCode=107030, desc=[the current capture mode does not support this operation], InnerCode=0x703001c
[ERROR] RUNTIME(712966,10):2026-01-15-10:29:50.339.029 [error_message_manage.cc:53]712966 FuncErrorReason:report error module_type=3, module_name=EE8888
[ERROR] RUNTIME(712966,10):2026-01-15-10:29:50.339.032 [error_message_manage.cc:53]712966 FuncErrorReason:rtMemcpy execute failed, reason=[the current capture mode does not support this operation]
[ERROR] ASCENDCL(712966,10):2026-01-15-10:29:50.339.207 [memory.cpp:437]712966 aclrtMemcpyImpl: synchronized memcpy failed, kind = 1, runtime result = 107030
[ERROR] RUNTIME(712966,10):2026-01-15-10:29:50.398.084 [api_error.cc:1519]712966 MemCopySync:Memory copy sync failed, cnt=72, kind=1.
[ERROR] RUNTIME(712966,10):2026-01-15-10:29:50.398.091 [api_c.cc:1197]712966 rtMemcpy:ErrCode=107030, desc=[the current capture mode does not support this operation], InnerCode=0x703001c
[ERROR] RUNTIME(712966,10):2026-01-15-10:29:50.398.094 [error_message_manage.cc:53]712966 FuncErrorReason:report error module_type=3, module_name=EE8888
[ERROR] RUNTIME(712966,10):2026-01-15-10:29:50.398.097 [error_message_manage.cc:53]712966 FuncErrorReason:rtMemcpy execute failed, reason=[the current capture mode does not support this operation]
[ERROR] ASCENDCL(712966,10):2026-01-15-10:29:50.398.280 [memory.cpp:437]712966 aclrtMemcpyImpl: synchronized memcpy failed, kind = 1, runtime result = 107030
[ERROR] RUNTIME(712966,10):2026-01-15-10:29:50.584.741 [api_c_stream.cc:412]712966 rtsStreamSetAttribute:report error module_name=EE1001
[ERROR] RUNTIME(712966,10):2026-01-15-10:29:50.584.746 [api_c_stream.cc:412]712966 rtsStreamSetAttribute:Invalid stream attribute ID: 4, Supported stream attribute IDs: [1, 4).
[ERROR] RUNTIME(712966,10):2026-01-15-10:29:50.584.776 [api_c_stream.cc:416]712966 rtsStreamSetAttribute:ErrCode=107000, desc=[invalid value], InnerCode=0x7110001
[ERROR] RUNTIME(712966,10):2026-01-15-10:29:50.584.778 [error_message_manage.cc:48]712966 FuncErrorReason:report error module_name=EE1001
[ERROR] RUNTIME(712966,10):2026-01-15-10:29:50.584.781 [error_message_manage.cc:48]712966 FuncErrorReason:rtsStreamSetAttribute execute failed, reason=[invalid value]
[ERROR] ASCENDCL(712966,10):2026-01-15-10:29:50.584.956 [stream.cpp:299]712966 aclrtSetStreamAttributeImpl: call rtsStreamSetAttribute failed, runtime result = 107000
[ERROR] RUNTIME(712966,10):2026-01-15-10:30:04.916.299 [api_c_stream.cc:412]712966 rtsStreamSetAttribute:report error module_name=EE1001
[ERROR] RUNTIME(712966,10):2026-01-15-10:30:04.916.306 [api_c_stream.cc:412]712966 rtsStreamSetAttribute:Invalid stream attribute ID: 4, Supported stream attribute IDs: [1, 4).
[ERROR] RUNTIME(712966,10):2026-01-15-10:30:04.916.343 [api_c_stream.cc:416]712966 rtsStreamSetAttribute:ErrCode=107000, desc=[invalid value], InnerCode=0x7110001
[ERROR] RUNTIME(712966,10):2026-01-15-10:30:04.916.345 [error_message_manage.cc:48]712966 FuncErrorReason:report error module_name=EE1001
[ERROR] RUNTIME(712966,10):2026-01-15-10:30:04.916.348 [error_message_manage.cc:48]712966 FuncErrorReason:rtsStreamSetAttribute execute failed, reason=[invalid value]
[ERROR] ASCENDCL(712966,10):2026-01-15-10:30:04.916.498 [stream.cpp:299]712966 aclrtSetStreamAttributeImpl: call rtsStreamSetAttribute failed, runtime result = 107000
[ERROR] RUNTIME(712966,10):2026-01-15-10:30:05.698.195 [api_error.cc:1519]712966 MemCopySync:Memory copy sync failed, cnt=416, kind=1.
[ERROR] RUNTIME(712966,10):2026-01-15-10:30:05.698.205 [api_c.cc:1197]712966 rtMemcpy:ErrCode=107030, desc=[the current capture mode does not support this operation], InnerCode=0x703001c
[ERROR] RUNTIME(712966,10):2026-01-15-10:30:05.698.208 [error_message_manage.cc:53]712966 FuncErrorReason:report error module_type=3, module_name=EE8888
[ERROR] RUNTIME(712966,10):2026-01-15-10:30:05.698.211 [error_message_manage.cc:53]712966 FuncErrorReason:rtMemcpy execute failed, reason=[the current capture mode does not support this operation]
[ERROR] ASCENDCL(712966,10):2026-01-15-10:30:05.698.474 [memory.cpp:437]712966 aclrtMemcpyImpl: synchronized memcpy failed, kind = 1, runtime result = 107030
[ERROR] RUNTIME(712966,10):2026-01-15-10:30:05.700.616 [api_error.cc:1519]712966 MemCopySync:Memory copy sync failed, cnt=72, kind=1.
[ERROR] RUNTIME(712966,10):2026-01-15-10:30:05.700.624 [api_c.cc:1197]712966 rtMemcpy:ErrCode=107030, desc=[the current capture mode does not support this operation], InnerCode=0x703001c
[ERROR] RUNTIME(712966,10):2026-01-15-10:30:05.700.627 [error_message_manage.cc:53]712966 FuncErrorReason:report error module_type=3, module_name=EE8888
[ERROR] RUNTIME(712966,10):2026-01-15-10:30:05.700.630 [error_message_manage.cc:53]712966 FuncErrorReason:rtMemcpy execute failed, reason=[the current capture mode does not support this operation]
[ERROR] ASCENDCL(712966,10):2026-01-15-10:30:05.700.762 [memory.cpp:437]712966 aclrtMemcpyImpl: synchronized memcpy failed, kind = 1, runtime result = 107030
[ERROR] RUNTIME(712966,10):2026-01-15-10:30:05.706.885 [api_error.cc:1519]712966 MemCopySync:Memory copy sync failed, cnt=416, kind=1.
[ERROR] RUNTIME(712966,10):2026-01-15-10:30:05.706.894 [api_c.cc:1197]712966 rtMemcpy:ErrCode=107030, desc=[the current capture mode does not support this operation], InnerCode=0x703001c
[ERROR] RUNTIME(712966,10):2026-01-15-10:30:05.706.896 [error_message_manage.cc:53]712966 FuncErrorReason:report error module_type=3, module_name=EE8888
[ERROR] RUNTIME(712966,10):2026-01-15-10:30:05.706.899 [error_message_manage.cc:53]712966 FuncErrorReason:rtMemcpy execute failed, reason=[the current capture mode does not support this operation]
[ERROR] ASCENDCL(712966,10):2026-01-15-10:30:05.707.032 [memory.cpp:437]712966 aclrtMemcpyImpl: synchronized memcpy failed, kind = 1, runtime result = 107030
[ERROR] RUNTIME(712966,10):2026-01-15-10:30:06.012.197 [api_error.cc:1519]712966 MemCopySync:Memory copy sync failed, cnt=72, kind=1.
[ERROR] RUNTIME(712966,10):2026-01-15-10:30:06.012.206 [api_c.cc:1197]712966 rtMemcpy:ErrCode=107030, desc=[the current capture mode does not support this operation], InnerCode=0x703001c
[ERROR] RUNTIME(712966,10):2026-01-15-10:30:06.012.208 [error_message_manage.cc:53]712966 FuncErrorReason:report error module_type=3, module_name=EE8888
[ERROR] RUNTIME(712966,10):2026-01-15-10:30:06.012.211 [error_message_manage.cc:53]712966 FuncErrorReason:rtMemcpy execute failed, reason=[the current capture mode does not support this operation]
[ERROR] ASCENDCL(712966,10):2026-01-15-10:30:06.012.450 [memory.cpp:437]712966 aclrtMemcpyImpl: synchronized memcpy failed, kind = 1, runtime result = 107030
[ERROR] RUNTIME(712966,10):2026-01-15-10:30:06.259.800 [api_c_stream.cc:412]712966 rtsStreamSetAttribute:report error module_name=EE1001
[ERROR] RUNTIME(712966,10):2026-01-15-10:30:06.259.805 [api_c_stream.cc:412]712966 rtsStreamSetAttribute:Invalid stream attribute ID: 4, Supported stream attribute IDs: [1, 4).
[ERROR] RUNTIME(712966,10):2026-01-15-10:30:06.259.847 [api_c_stream.cc:416]712966 rtsStreamSetAttribute:ErrCode=107000, desc=[invalid value], InnerCode=0x7110001
[ERROR] RUNTIME(712966,10):2026-01-15-10:30:06.259.849 [error_message_manage.cc:48]712966 FuncErrorReason:report error module_name=EE1001
[ERROR] RUNTIME(712966,10):2026-01-15-10:30:06.259.852 [error_message_manage.cc:48]712966 FuncErrorReason:rtsStreamSetAttribute execute failed, reason=[invalid value]
[ERROR] ASCENDCL(712966,10):2026-01-15-10:30:06.259.960 [stream.cpp:299]712966 aclrtSetStreamAttributeImpl: call rtsStreamSetAttribute failed, runtime result = 107000
[ERROR] RUNTIME(712966,10):2026-01-15-10:30:06.342.432 [api_c_stream.cc:412]712966 rtsStreamSetAttribute:report error module_name=EE1001
[ERROR] RUNTIME(712966,10):2026-01-15-10:30:06.342.438 [api_c_stream.cc:412]712966 rtsStreamSetAttribute:Invalid stream attribute ID: 4, Supported stream attribute IDs: [1, 4).
[ERROR] RUNTIME(712966,10):2026-01-15-10:30:06.342.469 [api_c_stream.cc:416]712966 rtsStreamSetAttribute:ErrCode=107000, desc=[invalid value], InnerCode=0x7110001
[ERROR] RUNTIME(712966,10):2026-01-15-10:30:06.342.472 [error_message_manage.cc:48]712966 FuncErrorReason:report error module_name=EE1001
[ERROR] RUNTIME(712966,10):2026-01-15-10:30:06.342.474 [error_message_manage.cc:48]712966 FuncErrorReason:rtsStreamSetAttribute execute failed, reason=[invalid value]
[ERROR] ASCENDCL(712966,10):2026-01-15-10:30:06.342.650 [stream.cpp:299]712966 aclrtSetStreamAttributeImpl: call rtsStreamSetAttribute failed, runtime result = 107000
[ERROR] RUNTIME(712966,10):2026-01-15-10:30:06.697.190 [api_error.cc:1519]712966 MemCopySync:Memory copy sync failed, cnt=416, kind=1.
[ERROR] RUNTIME(712966,10):2026-01-15-10:30:06.697.200 [api_c.cc:1197]712966 rtMemcpy:ErrCode=107030, desc=[the current capture mode does not support this operation], InnerCode=0x703001c
[ERROR] RUNTIME(712966,10):2026-01-15-10:30:06.697.202 [error_message_manage.cc:53]712966 FuncErrorReason:report error module_type=3, module_name=EE8888
[ERROR] RUNTIME(712966,10):2026-01-15-10:30:06.697.205 [error_message_manage.cc:53]712966 FuncErrorReason:rtMemcpy execute failed, reason=[the current capture mode does not support this operation]
[ERROR] ASCENDCL(712966,10):2026-01-15-10:30:06.697.410 [memory.cpp:437]712966 aclrtMemcpyImpl: synchronized memcpy failed, kind = 1, runtime result = 107030
[ERROR] RUNTIME(712966,10):2026-01-15-10:30:06.698.429 [api_error.cc:1519]712966 MemCopySync:Memory copy sync failed, cnt=72, kind=1.
[ERROR] RUNTIME(712966,10):2026-01-15-10:30:06.698.438 [api_c.cc:1197]712966 rtMemcpy:ErrCode=107030, desc=[the current capture mode does not support this operation], InnerCode=0x703001c
[ERROR] RUNTIME(712966,10):2026-01-15-10:30:06.698.440 [error_message_manage.cc:53]712966 FuncErrorReason:report error module_type=3, module_name=EE8888
[ERROR] RUNTIME(712966,10):2026-01-15-10:30:06.698.443 [error_message_manage.cc:53]712966 FuncErrorReason:rtMemcpy execute failed, reason=[the current capture mode does not support this operation]
[ERROR] ASCENDCL(712966,10):2026-01-15-10:30:06.698.571 [memory.cpp:437]712966 aclrtMemcpyImpl: synchronized memcpy failed, kind = 1, runtime result = 107030
[ERROR] RUNTIME(712966,10):2026-01-15-10:30:06.704.697 [api_error.cc:1519]712966 MemCopySync:Memory copy sync failed, cnt=416, kind=1.
[ERROR] RUNTIME(712966,10):2026-01-15-10:30:06.704.706 [api_c.cc:1197]712966 rtMemcpy:ErrCode=107030, desc=[the current capture mode does not support this operation], InnerCode=0x703001c
[ERROR] RUNTIME(712966,10):2026-01-15-10:30:06.704.709 [error_message_manage.cc:53]712966 FuncErrorReason:report error module_type=3, module_name=EE8888
[ERROR] RUNTIME(712966,10):2026-01-15-10:30:06.704.711 [error_message_manage.cc:53]712966 FuncErrorReason:rtMemcpy execute failed, reason=[the current capture mode does not support this operation]
[ERROR] ASCENDCL(712966,10):2026-01-15-10:30:06.704.838 [memory.cpp:437]712966 aclrtMemcpyImpl: synchronized memcpy failed, kind = 1, runtime result = 107030
[ERROR] RUNTIME(712966,10):2026-01-15-10:30:06.962.286 [api_error.cc:1519]712966 MemCopySync:Memory copy sync failed, cnt=72, kind=1.
[ERROR] RUNTIME(712966,10):2026-01-15-10:30:06.962.294 [api_c.cc:1197]712966 rtMemcpy:ErrCode=107030, desc=[the current capture mode does not support this operation], InnerCode=0x703001c
[ERROR] RUNTIME(712966,10):2026-01-15-10:30:06.962.297 [error_message_manage.cc:53]712966 FuncErrorReason:report error module_type=3, module_name=EE8888
[ERROR] RUNTIME(712966,10):2026-01-15-10:30:06.962.300 [error_message_manage.cc:53]712966 FuncErrorReason:rtMemcpy execute failed, reason=[the current capture mode does not support this operation]
[ERROR] ASCENDCL(712966,10):2026-01-15-10:30:06.962.526 [memory.cpp:437]712966 aclrtMemcpyImpl: synchronized memcpy failed, kind = 1, runtime result = 107030
[ERROR] RUNTIME(712966,10):2026-01-15-10:30:07.178.682 [api_c_stream.cc:412]712966 rtsStreamSetAttribute:report error module_name=EE1001
[ERROR] RUNTIME(712966,10):2026-01-15-10:30:07.178.688 [api_c_stream.cc:412]712966 rtsStreamSetAttribute:Invalid stream attribute ID: 4, Supported stream attribute IDs: [1, 4).
[ERROR] RUNTIME(712966,10):2026-01-15-10:30:07.178.737 [api_c_stream.cc:416]712966 rtsStreamSetAttribute:ErrCode=107000, desc=[invalid value], InnerCode=0x7110001
[ERROR] RUNTIME(712966,10):2026-01-15-10:30:07.178.739 [error_message_manage.cc:48]712966 FuncErrorReason:report error module_name=EE1001
[ERROR] RUNTIME(712966,10):2026-01-15-10:30:07.178.742 [error_message_manage.cc:48]712966 FuncErrorReason:rtsStreamSetAttribute execute failed, reason=[invalid value]
[ERROR] ASCENDCL(712966,10):2026-01-15-10:30:07.178.929 [stream.cpp:299]712966 aclrtSetStreamAttributeImpl: call rtsStreamSetAttribute failed, runtime result = 107000
[ERROR] RUNTIME(712966,10):2026-01-15-10:30:07.309.374 [api_c_stream.cc:412]712966 rtsStreamSetAttribute:report error module_name=EE1001
[ERROR] RUNTIME(712966,10):2026-01-15-10:30:07.309.381 [api_c_stream.cc:412]712966 rtsStreamSetAttribute:Invalid stream attribute ID: 4, Supported stream attribute IDs: [1, 4).
[ERROR] RUNTIME(712966,10):2026-01-15-10:30:07.309.414 [api_c_stream.cc:416]712966 rtsStreamSetAttribute:ErrCode=107000, desc=[invalid value], InnerCode=0x7110001
[ERROR] RUNTIME(712966,10):2026-01-15-10:30:07.309.417 [error_message_manage.cc:48]712966 FuncErrorReason:report error module_name=EE1001
[ERROR] RUNTIME(712966,10):2026-01-15-10:30:07.309.419 [error_message_manage.cc:48]712966 FuncErrorReason:rtsStreamSetAttribute execute failed, reason=[invalid value]
[ERROR] ASCENDCL(712966,10):2026-01-15-10:30:07.309.560 [stream.cpp:299]712966 aclrtSetStreamAttributeImpl: call rtsStreamSetAttribute failed, runtime result = 107000
[ERROR] RUNTIME(712966,10):2026-01-15-10:30:07.694.382 [api_error.cc:1519]712966 MemCopySync:Memory copy sync failed, cnt=416, kind=1.
[ERROR] RUNTIME(712966,10):2026-01-15-10:30:07.694.392 [api_c.cc:1197]712966 rtMemcpy:ErrCode=107030, desc=[the current capture mode does not support this operation], InnerCode=0x703001c
[ERROR] RUNTIME(712966,10):2026-01-15-10:30:07.694.395 [error_message_manage.cc:53]712966 FuncErrorReason:report error module_type=3, module_name=EE8888
[ERROR] RUNTIME(712966,10):2026-01-15-10:30:07.694.398 [error_message_manage.cc:53]712966 FuncErrorReason:rtMemcpy execute failed, reason=[the current capture mode does not support this operation]
[ERROR] ASCENDCL(712966,10):2026-01-15-10:30:07.694.668 [memory.cpp:437]712966 aclrtMemcpyImpl: synchronized memcpy failed, kind = 1, runtime result = 107030
[ERROR] RUNTIME(712966,10):2026-01-15-10:30:07.695.681 [api_error.cc:1519]712966 MemCopySync:Memory copy sync failed, cnt=72, kind=1.
[ERROR] RUNTIME(712966,10):2026-01-15-10:30:07.695.689 [api_c.cc:1197]712966 rtMemcpy:ErrCode=107030, desc=[the current capture mode does not support this operation], InnerCode=0x703001c
[ERROR] RUNTIME(712966,10):2026-01-15-10:30:07.695.692 [error_message_manage.cc:53]712966 FuncErrorReason:report error module_type=3, module_name=EE8888
[ERROR] RUNTIME(712966,10):2026-01-15-10:30:07.695.695 [error_message_manage.cc:53]712966 FuncErrorReason:rtMemcpy execute failed, reason=[the current capture mode does not support this operation]
[ERROR] ASCENDCL(712966,10):2026-01-15-10:30:07.695.845 [memory.cpp:437]712966 aclrtMemcpyImpl: synchronized memcpy failed, kind = 1, runtime result = 107030
[ERROR] RUNTIME(712966,10):2026-01-15-10:30:07.701.223 [api_error.cc:1519]712966 MemCopySync:Memory copy sync failed, cnt=416, kind=1.
[ERROR] RUNTIME(712966,10):2026-01-15-10:30:07.701.235 [api_c.cc:1197]712966 rtMemcpy:ErrCode=107030, desc=[the current capture mode does not support this operation], InnerCode=0x703001c
[ERROR] RUNTIME(712966,10):2026-01-15-10:30:07.701.238 [error_message_manage.cc:53]712966 FuncErrorReason:report error module_type=3, module_name=EE8888
[ERROR] RUNTIME(712966,10):2026-01-15-10:30:07.701.241 [error_message_manage.cc:53]712966 FuncErrorReason:rtMemcpy execute failed, reason=[the current capture mode does not support this operation]
[ERROR] ASCENDCL(712966,10):2026-01-15-10:30:07.701.388 [memory.cpp:437]712966 aclrtMemcpyImpl: synchronized memcpy failed, kind = 1, runtime result = 107030
[ERROR] RUNTIME(712966,10):2026-01-15-10:30:08.008.310 [api_error.cc:1519]712966 MemCopySync:Memory copy sync failed, cnt=72, kind=1.
[ERROR] RUNTIME(712966,10):2026-01-15-10:30:08.008.319 [api_c.cc:1197]712966 rtMemcpy:ErrCode=107030, desc=[the current capture mode does not support this operation], InnerCode=0x703001c
[ERROR] RUNTIME(712966,10):2026-01-15-10:30:08.008.322 [error_message_manage.cc:53]712966 FuncErrorReason:report error module_type=3, module_name=EE8888
[ERROR] RUNTIME(712966,10):2026-01-15-10:30:08.008.325 [error_message_manage.cc:53]712966 FuncErrorReason:rtMemcpy execute failed, reason=[the current capture mode does not support this operation]
[ERROR] ASCENDCL(712966,10):2026-01-15-10:30:08.008.552 [memory.cpp:437]712966 aclrtMemcpyImpl: synchronized memcpy failed, kind = 1, runtime result = 107030
[ERROR] RUNTIME(712966,10):2026-01-15-10:30:08.297.598 [api_c_stream.cc:412]712966 rtsStreamSetAttribute:report error module_name=EE1001
[ERROR] RUNTIME(712966,10):2026-01-15-10:30:08.297.603 [api_c_stream.cc:412]712966 rtsStreamSetAttribute:Invalid stream attribute ID: 4, Supported stream attribute IDs: [1, 4).
[ERROR] RUNTIME(712966,10):2026-01-15-10:30:08.297.646 [api_c_stream.cc:416]712966 rtsStreamSetAttribute:ErrCode=107000, desc=[invalid value], InnerCode=0x7110001
[ERROR] RUNTIME(712966,10):2026-01-15-10:30:08.297.648 [error_message_manage.cc:48]712966 FuncErrorReason:report error module_name=EE1001
[ERROR] RUNTIME(712966,10):2026-01-15-10:30:08.297.651 [error_message_manage.cc:48]712966 FuncErrorReason:rtsStreamSetAttribute execute failed, reason=[invalid value]
[ERROR] ASCENDCL(712966,10):2026-01-15-10:30:08.297.829 [stream.cpp:299]712966 aclrtSetStreamAttributeImpl: call rtsStreamSetAttribute failed, runtime result = 107000
[ERROR] RUNTIME(712966,10):2026-01-15-10:30:08.481.062 [api_c_stream.cc:412]712966 rtsStreamSetAttribute:report error module_name=EE1001
[ERROR] RUNTIME(712966,10):2026-01-15-10:30:08.481.068 [api_c_stream.cc:412]712966 rtsStreamSetAttribute:Invalid stream attribute ID: 4, Supported stream attribute IDs: [1, 4).
[ERROR] RUNTIME(712966,10):2026-01-15-10:30:08.481.097 [api_c_stream.cc:416]712966 rtsStreamSetAttribute:ErrCode=107000, desc=[invalid value], InnerCode=0x7110001
[ERROR] RUNTIME(712966,10):2026-01-15-10:30:08.481.100 [error_message_manage.cc:48]712966 FuncErrorReason:report error module_name=EE1001
[ERROR] RUNTIME(712966,10):2026-01-15-10:30:08.481.103 [error_message_manage.cc:48]712966 FuncErrorReason:rtsStreamSetAttribute execute failed, reason=[invalid value]
[ERROR] ASCENDCL(712966,10):2026-01-15-10:30:08.481.250 [stream.cpp:299]712966 aclrtSetStreamAttributeImpl: call rtsStreamSetAttribute failed, runtime result = 107000
[ERROR] RUNTIME(712966,10):2026-01-15-10:30:08.695.244 [api_error.cc:1519]712966 MemCopySync:Memory copy sync failed, cnt=416, kind=1.
[ERROR] RUNTIME(712966,10):2026-01-15-10:30:08.695.254 [api_c.cc:1197]712966 rtMemcpy:ErrCode=107030, desc=[the current capture mode does not support this operation], InnerCode=0x703001c
[ERROR] RUNTIME(712966,10):2026-01-15-10:30:08.695.257 [error_message_manage.cc:53]712966 FuncErrorReason:report error module_type=3, module_name=EE8888
[ERROR] RUNTIME(712966,10):2026-01-15-10:30:08.695.260 [error_message_manage.cc:53]712966 FuncErrorReason:rtMemcpy execute failed, reason=[the current capture mode does not support this operation]
[ERROR] ASCENDCL(712966,10):2026-01-15-10:30:08.695.538 [memory.cpp:437]712966 aclrtMemcpyImpl: synchronized memcpy failed, kind = 1, runtime result = 107030
[ERROR] RUNTIME(712966,10):2026-01-15-10:30:08.696.532 [api_error.cc:1519]712966 MemCopySync:Memory copy sync failed, cnt=72, kind=1.
[ERROR] RUNTIME(712966,10):2026-01-15-10:30:08.696.540 [api_c.cc:1197]712966 rtMemcpy:ErrCode=107030, desc=[the current capture mode does not support this operation], InnerCode=0x703001c
[ERROR] RUNTIME(712966,10):2026-01-15-10:30:08.696.542 [error_message_manage.cc:53]712966 FuncErrorReason:report error module_type=3, module_name=EE8888
[ERROR] RUNTIME(712966,10):2026-01-15-10:30:08.696.545 [error_message_manage.cc:53]712966 FuncErrorReason:rtMemcpy execute failed, reason=[the current capture mode does not support this operation]
[ERROR] ASCENDCL(712966,10):2026-01-15-10:30:08.696.715 [memory.cpp:437]712966 aclrtMemcpyImpl: synchronized memcpy failed, kind = 1, runtime result = 107030
[ERROR] RUNTIME(712966,10):2026-01-15-10:30:08.701.970 [api_error.cc:1519]712966 MemCopySync:Memory copy sync failed, cnt=416, kind=1.
[ERROR] RUNTIME(712966,10):2026-01-15-10:30:08.701.979 [api_c.cc:1197]712966 rtMemcpy:ErrCode=107030, desc=[the current capture mode does not support this operation], InnerCode=0x703001c
[ERROR] RUNTIME(712966,10):2026-01-15-10:30:08.701.982 [error_message_manage.cc:53]712966 FuncErrorReason:report error module_type=3, module_name=EE8888
[ERROR] RUNTIME(712966,10):2026-01-15-10:30:08.701.985 [error_message_manage.cc:53]712966 FuncErrorReason:rtMemcpy execute failed, reason=[the current capture mode does not support this operation]
[ERROR] ASCENDCL(712966,10):2026-01-15-10:30:08.702.133 [memory.cpp:437]712966 aclrtMemcpyImpl: synchronized memcpy failed, kind = 1, runtime result = 107030
[ERROR] RUNTIME(712966,10):2026-01-15-10:30:08.993.499 [api_error.cc:1519]712966 MemCopySync:Memory copy sync failed, cnt=72, kind=1.
[ERROR] RUNTIME(712966,10):2026-01-15-10:30:08.993.507 [api_c.cc:1197]712966 rtMemcpy:ErrCode=107030, desc=[the current capture mode does not support this operation], InnerCode=0x703001c
[ERROR] RUNTIME(712966,10):2026-01-15-10:30:08.993.510 [error_message_manage.cc:53]712966 FuncErrorReason:report error module_type=3, module_name=EE8888
[ERROR] RUNTIME(712966,10):2026-01-15-10:30:08.993.512 [error_message_manage.cc:53]712966 FuncErrorReason:rtMemcpy execute failed, reason=[the current capture mode does not support this operation]
[ERROR] ASCENDCL(712966,10):2026-01-15-10:30:08.993.730 [memory.cpp:437]712966 aclrtMemcpyImpl: synchronized memcpy failed, kind = 1, runtime result = 107030
[ERROR] RUNTIME(712966,10):2026-01-15-10:30:09.202.527 [api_c_stream.cc:412]712966 rtsStreamSetAttribute:report error module_name=EE1001
[ERROR] RUNTIME(712966,10):2026-01-15-10:30:09.202.532 [api_c_stream.cc:412]712966 rtsStreamSetAttribute:Invalid stream attribute ID: 4, Supported stream attribute IDs: [1, 4).
[ERROR] RUNTIME(712966,10):2026-01-15-10:30:09.202.572 [api_c_stream.cc:416]712966 rtsStreamSetAttribute:ErrCode=107000, desc=[invalid value], InnerCode=0x7110001
[ERROR] RUNTIME(712966,10):2026-01-15-10:30:09.202.575 [error_message_manage.cc:48]712966 FuncErrorReason:report error module_name=EE1001
[ERROR] RUNTIME(712966,10):2026-01-15-10:30:09.202.577 [error_message_manage.cc:48]712966 FuncErrorReason:rtsStreamSetAttribute execute failed, reason=[invalid value]
[ERROR] ASCENDCL(712966,10):2026-01-15-10:30:09.202.758 [stream.cpp:299]712966 aclrtSetStreamAttributeImpl: call rtsStreamSetAttribute failed, runtime result = 107000
[ERROR] RUNTIME(712966,10):2026-01-15-10:30:09.326.341 [api_c_stream.cc:412]712966 rtsStreamSetAttribute:report error module_name=EE1001
[ERROR] RUNTIME(712966,10):2026-01-15-10:30:09.326.347 [api_c_stream.cc:412]712966 rtsStreamSetAttribute:Invalid stream attribute ID: 4, Supported stream attribute IDs: [1, 4).
[ERROR] RUNTIME(712966,10):2026-01-15-10:30:09.326.376 [api_c_stream.cc:416]712966 rtsStreamSetAttribute:ErrCode=107000, desc=[invalid value], InnerCode=0x7110001
[ERROR] RUNTIME(712966,10):2026-01-15-10:30:09.326.379 [error_message_manage.cc:48]712966 FuncErrorReason:report error module_name=EE1001
[ERROR] RUNTIME(712966,10):2026-01-15-10:30:09.326.382 [error_message_manage.cc:48]712966 FuncErrorReason:rtsStreamSetAttribute execute failed, reason=[invalid value]
[ERROR] ASCENDCL(712966,10):2026-01-15-10:30:09.326.553 [stream.cpp:299]712966 aclrtSetStreamAttributeImpl: call rtsStreamSetAttribute failed, runtime result = 107000
[ERROR] RUNTIME(712966,10):2026-01-15-10:30:09.691.252 [api_error.cc:1519]712966 MemCopySync:Memory copy sync failed, cnt=416, kind=1.
[ERROR] RUNTIME(712966,10):2026-01-15-10:30:09.691.262 [api_c.cc:1197]712966 rtMemcpy:ErrCode=107030, desc=[the current capture mode does not support this operation], InnerCode=0x703001c
[ERROR] RUNTIME(712966,10):2026-01-15-10:30:09.691.265 [error_message_manage.cc:53]712966 FuncErrorReason:report error module_type=3, module_name=EE8888
[ERROR] RUNTIME(712966,10):2026-01-15-10:30:09.691.268 [error_message_manage.cc:53]712966 FuncErrorReason:rtMemcpy execute failed, reason=[the current capture mode does not support this operation]
[ERROR] ASCENDCL(712966,10):2026-01-15-10:30:09.691.530 [memory.cpp:437]712966 aclrtMemcpyImpl: synchronized memcpy failed, kind = 1, runtime result = 107030
[ERROR] RUNTIME(712966,10):2026-01-15-10:30:09.692.526 [api_error.cc:1519]712966 MemCopySync:Memory copy sync failed, cnt=72, kind=1.
[ERROR] RUNTIME(712966,10):2026-01-15-10:30:09.692.533 [api_c.cc:1197]712966 rtMemcpy:ErrCode=107030, desc=[the current capture mode does not support this operation], InnerCode=0x703001c
[ERROR] RUNTIME(712966,10):2026-01-15-10:30:09.692.536 [error_message_manage.cc:53]712966 FuncErrorReason:report error module_type=3, module_name=EE8888
[ERROR] RUNTIME(712966,10):2026-01-15-10:30:09.692.539 [error_message_manage.cc:53]712966 FuncErrorReason:rtMemcpy execute failed, reason=[the current capture mode does not support this operation]
[ERROR] ASCENDCL(712966,10):2026-01-15-10:30:09.692.666 [memory.cpp:437]712966 aclrtMemcpyImpl: synchronized memcpy failed, kind = 1, runtime result = 107030
[ERROR] RUNTIME(712966,10):2026-01-15-10:30:09.698.025 [api_error.cc:1519]712966 MemCopySync:Memory copy sync failed, cnt=416, kind=1.
[ERROR] RUNTIME(712966,10):2026-01-15-10:30:09.698.034 [api_c.cc:1197]712966 rtMemcpy:ErrCode=107030, desc=[the current capture mode does not support this operation], InnerCode=0x703001c
[ERROR] RUNTIME(712966,10):2026-01-15-10:30:09.698.037 [error_message_manage.cc:53]712966 FuncErrorReason:report error module_type=3, module_name=EE8888
[ERROR] RUNTIME(712966,10):2026-01-15-10:30:09.698.039 [error_message_manage.cc:53]712966 FuncErrorReason:rtMemcpy execute failed, reason=[the current capture mode does not support this operation]
[ERROR] ASCENDCL(712966,10):2026-01-15-10:30:09.698.168 [memory.cpp:437]712966 aclrtMemcpyImpl: synchronized memcpy failed, kind = 1, runtime result = 107030
[ERROR] RUNTIME(712966,10):2026-01-15-10:30:10.012.868 [api_error.cc:1519]712966 MemCopySync:Memory copy sync failed, cnt=72, kind=1.
[ERROR] RUNTIME(712966,10):2026-01-15-10:30:10.012.877 [api_c.cc:1197]712966 rtMemcpy:ErrCode=107030, desc=[the current capture mode does not support this operation], InnerCode=0x703001c
[ERROR] RUNTIME(712966,10):2026-01-15-10:30:10.012.880 [error_message_manage.cc:53]712966 FuncErrorReason:report error module_type=3, module_name=EE8888
[ERROR] RUNTIME(712966,10):2026-01-15-10:30:10.012.883 [error_message_manage.cc:53]712966 FuncErrorReason:rtMemcpy execute failed, reason=[the current capture mode does not support this operation]
[ERROR] ASCENDCL(712966,10):2026-01-15-10:30:10.013.127 [memory.cpp:437]712966 aclrtMemcpyImpl: synchronized memcpy failed, kind = 1, runtime result = 107030
[ERROR] RUNTIME(712966,10):2026-01-15-10:30:10.264.421 [api_c_stream.cc:412]712966 rtsStreamSetAttribute:report error module_name=EE1001
[ERROR] RUNTIME(712966,10):2026-01-15-10:30:10.264.426 [api_c_stream.cc:412]712966 rtsStreamSetAttribute:Invalid stream attribute ID: 4, Supported stream attribute IDs: [1, 4).
[ERROR] RUNTIME(712966,10):2026-01-15-10:30:10.264.468 [api_c_stream.cc:416]712966 rtsStreamSetAttribute:ErrCode=107000, desc=[invalid value], InnerCode=0x7110001
[ERROR] RUNTIME(712966,10):2026-01-15-10:30:10.264.470 [error_message_manage.cc:48]712966 FuncErrorReason:report error module_name=EE1001
[ERROR] RUNTIME(712966,10):2026-01-15-10:30:10.264.473 [error_message_manage.cc:48]712966 FuncErrorReason:rtsStreamSetAttribute execute failed, reason=[invalid value]
[ERROR] ASCENDCL(712966,10):2026-01-15-10:30:10.264.629 [stream.cpp:299]712966 aclrtSetStreamAttributeImpl: call rtsStreamSetAttribute failed, runtime result = 107000
[ERROR] RUNTIME(712966,10):2026-01-15-10:30:10.340.545 [api_c_stream.cc:412]712966 rtsStreamSetAttribute:report error module_name=EE1001
[ERROR] RUNTIME(712966,10):2026-01-15-10:30:10.340.551 [api_c_stream.cc:412]712966 rtsStreamSetAttribute:Invalid stream attribute ID: 4, Supported stream attribute IDs: [1, 4).
[ERROR] RUNTIME(712966,10):2026-01-15-10:30:10.340.581 [api_c_stream.cc:416]712966 rtsStreamSetAttribute:ErrCode=107000, desc=[invalid value], InnerCode=0x7110001
[ERROR] RUNTIME(712966,10):2026-01-15-10:30:10.340.584 [error_message_manage.cc:48]712966 FuncErrorReason:report error module_name=EE1001
[ERROR] RUNTIME(712966,10):2026-01-15-10:30:10.340.587 [error_message_manage.cc:48]712966 FuncErrorReason:rtsStreamSetAttribute execute failed, reason=[invalid value]
[ERROR] ASCENDCL(712966,10):2026-01-15-10:30:10.340.762 [stream.cpp:299]712966 aclrtSetStreamAttributeImpl: call rtsStreamSetAttribute failed, runtime result = 107000
[ERROR] RUNTIME(712966,10):2026-01-15-10:30:10.695.503 [api_error.cc:1519]712966 MemCopySync:Memory copy sync failed, cnt=416, kind=1.
[ERROR] RUNTIME(712966,10):2026-01-15-10:30:10.695.514 [api_c.cc:1197]712966 rtMemcpy:ErrCode=107030, desc=[the current capture mode does not support this operation], InnerCode=0x703001c
[ERROR] RUNTIME(712966,10):2026-01-15-10:30:10.695.517 [error_message_manage.cc:53]712966 FuncErrorReason:report error module_type=3, module_name=EE8888
[ERROR] RUNTIME(712966,10):2026-01-15-10:30:10.695.520 [error_message_manage.cc:53]712966 FuncErrorReason:rtMemcpy execute failed, reason=[the current capture mode does not support this operation]
[ERROR] ASCENDCL(712966,10):2026-01-15-10:30:10.695.805 [memory.cpp:437]712966 aclrtMemcpyImpl: synchronized memcpy failed, kind = 1, runtime result = 107030
[ERROR] RUNTIME(712966,10):2026-01-15-10:30:10.696.810 [api_error.cc:1519]712966 MemCopySync:Memory copy sync failed, cnt=72, kind=1.
[ERROR] RUNTIME(712966,10):2026-01-15-10:30:10.696.817 [api_c.cc:1197]712966 rtMemcpy:ErrCode=107030, desc=[the current capture mode does not support this operation], InnerCode=0x703001c
[ERROR] RUNTIME(712966,10):2026-01-15-10:30:10.696.820 [error_message_manage.cc:53]712966 FuncErrorReason:report error module_type=3, module_name=EE8888
[ERROR] RUNTIME(712966,10):2026-01-15-10:30:10.696.822 [error_message_manage.cc:53]712966 FuncErrorReason:rtMemcpy execute failed, reason=[the current capture mode does not support this operation]
[ERROR] ASCENDCL(712966,10):2026-01-15-10:30:10.696.958 [memory.cpp:437]712966 aclrtMemcpyImpl: synchronized memcpy failed, kind = 1, runtime result = 107030
[ERROR] RUNTIME(712966,10):2026-01-15-10:30:10.702.511 [api_error.cc:1519]712966 MemCopySync:Memory copy sync failed, cnt=416, kind=1.
[ERROR] RUNTIME(712966,10):2026-01-15-10:30:10.702.520 [api_c.cc:1197]712966 rtMemcpy:ErrCode=107030, desc=[the current capture mode does not support this operation], InnerCode=0x703001c
[ERROR] RUNTIME(712966,10):2026-01-15-10:30:10.702.523 [error_message_manage.cc:53]712966 FuncErrorReason:report error module_type=3, module_name=EE8888
[ERROR] RUNTIME(712966,10):2026-01-15-10:30:10.702.526 [error_message_manage.cc:53]712966 FuncErrorReason:rtMemcpy execute failed, reason=[the current capture mode does not support this operation]
[ERROR] ASCENDCL(712966,10):2026-01-15-10:30:10.702.684 [memory.cpp:437]712966 aclrtMemcpyImpl: synchronized memcpy failed, kind = 1, runtime result = 107030
[ERROR] RUNTIME(712966,10):2026-01-15-10:30:10.996.501 [api_error.cc:1519]712966 MemCopySync:Memory copy sync failed, cnt=72, kind=1.
[ERROR] RUNTIME(712966,10):2026-01-15-10:30:10.996.509 [api_c.cc:1197]712966 rtMemcpy:ErrCode=107030, desc=[the current capture mode does not support this operation], InnerCode=0x703001c
[ERROR] RUNTIME(712966,10):2026-01-15-10:30:10.996.513 [error_message_manage.cc:53]712966 FuncErrorReason:report error module_type=3, module_name=EE8888
[ERROR] RUNTIME(712966,10):2026-01-15-10:30:10.996.516 [error_message_manage.cc:53]712966 FuncErrorReason:rtMemcpy execute failed, reason=[the current capture mode does not support this operation]
[ERROR] ASCENDCL(712966,10):2026-01-15-10:30:10.996.746 [memory.cpp:437]712966 aclrtMemcpyImpl: synchronized memcpy failed, kind = 1, runtime result = 107030
[ERROR] RUNTIME(712966,10):2026-01-15-10:30:11.190.308 [api_c_stream.cc:412]712966 rtsStreamSetAttribute:report error module_name=EE1001
[ERROR] RUNTIME(712966,10):2026-01-15-10:30:11.190.313 [api_c_stream.cc:412]712966 rtsStreamSetAttribute:Invalid stream attribute ID: 4, Supported stream attribute IDs: [1, 4).
[ERROR] RUNTIME(712966,10):2026-01-15-10:30:11.190.345 [api_c_stream.cc:416]712966 rtsStreamSetAttribute:ErrCode=107000, desc=[invalid value], InnerCode=0x7110001
[ERROR] RUNTIME(712966,10):2026-01-15-10:30:11.190.347 [error_message_manage.cc:48]712966 FuncErrorReason:report error module_name=EE1001
[ERROR] RUNTIME(712966,10):2026-01-15-10:30:11.190.350 [error_message_manage.cc:48]712966 FuncErrorReason:rtsStreamSetAttribute execute failed, reason=[invalid value]
[ERROR] ASCENDCL(712966,10):2026-01-15-10:30:11.190.573 [stream.cpp:299]712966 aclrtSetStreamAttributeImpl: call rtsStreamSetAttribute failed, runtime result = 107000
[ERROR] RUNTIME(712966,10):2026-01-15-10:30:12.572.319 [api_c_stream.cc:412]712966 rtsStreamSetAttribute:report error module_name=EE1001
[ERROR] RUNTIME(712966,10):2026-01-15-10:30:12.572.326 [api_c_stream.cc:412]712966 rtsStreamSetAttribute:Invalid stream attribute ID: 4, Supported stream attribute IDs: [1, 4).
[ERROR] RUNTIME(712966,10):2026-01-15-10:30:12.572.360 [api_c_stream.cc:416]712966 rtsStreamSetAttribute:ErrCode=107000, desc=[invalid value], InnerCode=0x7110001
[ERROR] RUNTIME(712966,10):2026-01-15-10:30:12.572.363 [error_message_manage.cc:48]712966 FuncErrorReason:report error module_name=EE1001
[ERROR] RUNTIME(712966,10):2026-01-15-10:30:12.572.366 [error_message_manage.cc:48]712966 FuncErrorReason:rtsStreamSetAttribute execute failed, reason=[invalid value]
[ERROR] ASCENDCL(712966,10):2026-01-15-10:30:12.572.505 [stream.cpp:299]712966 aclrtSetStreamAttributeImpl: call rtsStreamSetAttribute failed, runtime result = 107000
[ERROR] RUNTIME(712966,10):2026-01-15-10:30:12.699.678 [api_error.cc:1519]712966 MemCopySync:Memory copy sync failed, cnt=416, kind=1.
[ERROR] RUNTIME(712966,10):2026-01-15-10:30:12.699.688 [api_c.cc:1197]712966 rtMemcpy:ErrCode=107030, desc=[the current capture mode does not support this operation], InnerCode=0x703001c
[ERROR] RUNTIME(712966,10):2026-01-15-10:30:12.699.691 [error_message_manage.cc:53]712966 FuncErrorReason:report error module_type=3, module_name=EE8888
[ERROR] RUNTIME(712966,10):2026-01-15-10:30:12.699.694 [error_message_manage.cc:53]712966 FuncErrorReason:rtMemcpy execute failed, reason=[the current capture mode does not support this operation]
[ERROR] ASCENDCL(712966,10):2026-01-15-10:30:12.699.937 [memory.cpp:437]712966 aclrtMemcpyImpl: synchronized memcpy failed, kind = 1, runtime result = 107030
[ERROR] RUNTIME(712966,10):2026-01-15-10:30:12.702.511 [api_error.cc:1519]712966 MemCopySync:Memory copy sync failed, cnt=72, kind=1.
[ERROR] RUNTIME(712966,10):2026-01-15-10:30:12.702.520 [api_c.cc:1197]712966 rtMemcpy:ErrCode=107030, desc=[the current capture mode does not support this operation], InnerCode=0x703001c
[ERROR] RUNTIME(712966,10):2026-01-15-10:30:12.702.522 [error_message_manage.cc:53]712966 FuncErrorReason:report error module_type=3, module_name=EE8888
[ERROR] RUNTIME(712966,10):2026-01-15-10:30:12.702.525 [error_message_manage.cc:53]712966 FuncErrorReason:rtMemcpy execute failed, reason=[the current capture mode does not support this operation]
[ERROR] ASCENDCL(712966,10):2026-01-15-10:30:12.702.655 [memory.cpp:437]712966 aclrtMemcpyImpl: synchronized memcpy failed, kind = 1, runtime result = 107030
[ERROR] RUNTIME(712966,10):2026-01-15-10:30:13.009.883 [api_c_stream.cc:412]712966 rtsStreamSetAttribute:report error module_name=EE1001
[ERROR] RUNTIME(712966,10):2026-01-15-10:30:13.009.889 [api_c_stream.cc:412]712966 rtsStreamSetAttribute:Invalid stream attribute ID: 4, Supported stream attribute IDs: [1, 4).
[ERROR] RUNTIME(712966,10):2026-01-15-10:30:13.009.919 [api_c_stream.cc:416]712966 rtsStreamSetAttribute:ErrCode=107000, desc=[invalid value], InnerCode=0x7110001
[ERROR] RUNTIME(712966,10):2026-01-15-10:30:13.009.922 [error_message_manage.cc:48]712966 FuncErrorReason:report error module_name=EE1001
[ERROR] RUNTIME(712966,10):2026-01-15-10:30:13.009.925 [error_message_manage.cc:48]712966 FuncErrorReason:rtsStreamSetAttribute execute failed, reason=[invalid value]
[ERROR] ASCENDCL(712966,10):2026-01-15-10:30:13.010.119 [stream.cpp:299]712966 aclrtSetStreamAttributeImpl: call rtsStreamSetAttribute failed, runtime result = 107000
[ERROR] RUNTIME(712966,10):2026-01-15-10:30:13.086.214 [api_c_stream.cc:412]712966 rtsStreamSetAttribute:report error module_name=EE1001
[ERROR] RUNTIME(712966,10):2026-01-15-10:30:13.086.220 [api_c_stream.cc:412]712966 rtsStreamSetAttribute:Invalid stream attribute ID: 4, Supported stream attribute IDs: [1, 4).
[ERROR] RUNTIME(712966,10):2026-01-15-10:30:13.086.249 [api_c_stream.cc:416]712966 rtsStreamSetAttribute:ErrCode=107000, desc=[invalid value], InnerCode=0x7110001
[ERROR] RUNTIME(712966,10):2026-01-15-10:30:13.086.252 [error_message_manage.cc:48]712966 FuncErrorReason:report error module_name=EE1001
[ERROR] RUNTIME(712966,10):2026-01-15-10:30:13.086.254 [error_message_manage.cc:48]712966 FuncErrorReason:rtsStreamSetAttribute execute failed, reason=[invalid value]
[ERROR] ASCENDCL(712966,10):2026-01-15-10:30:13.086.410 [stream.cpp:299]712966 aclrtSetStreamAttributeImpl: call rtsStreamSetAttribute failed, runtime result = 107000
[ERROR] RUNTIME(712966,10):2026-01-15-10:30:13.691.866 [api_error.cc:1519]712966 MemCopySync:Memory copy sync failed, cnt=416, kind=1.
[ERROR] RUNTIME(712966,10):2026-01-15-10:30:13.691.876 [api_c.cc:1197]712966 rtMemcpy:ErrCode=107030, desc=[the current capture mode does not support this operation], InnerCode=0x703001c
[ERROR] RUNTIME(712966,10):2026-01-15-10:30:13.691.879 [error_message_manage.cc:53]712966 FuncErrorReason:report error module_type=3, module_name=EE8888
[ERROR] RUNTIME(712966,10):2026-01-15-10:30:13.691.881 [error_message_manage.cc:53]712966 FuncErrorReason:rtMemcpy execute failed, reason=[the current capture mode does not support this operation]
[ERROR] ASCENDCL(712966,10):2026-01-15-10:30:13.692.115 [memory.cpp:437]712966 aclrtMemcpyImpl: synchronized memcpy failed, kind = 1, runtime result = 107030
[ERROR] RUNTIME(712966,10):2026-01-15-10:30:13.693.139 [api_error.cc:1519]712966 MemCopySync:Memory copy sync failed, cnt=72, kind=1.
[ERROR] RUNTIME(712966,10):2026-01-15-10:30:13.693.147 [api_c.cc:1197]712966 rtMemcpy:ErrCode=107030, desc=[the current capture mode does not support this operation], InnerCode=0x703001c
[ERROR] RUNTIME(712966,10):2026-01-15-10:30:13.693.149 [error_message_manage.cc:53]712966 FuncErrorReason:report error module_type=3, module_name=EE8888
[ERROR] RUNTIME(712966,10):2026-01-15-10:30:13.693.152 [error_message_manage.cc:53]712966 FuncErrorReason:rtMemcpy execute failed, reason=[the current capture mode does not support this operation]
[ERROR] ASCENDCL(712966,10):2026-01-15-10:30:13.693.312 [memory.cpp:437]712966 aclrtMemcpyImpl: synchronized memcpy failed, kind = 1, runtime result = 107030
[ERROR] RUNTIME(712966,10):2026-01-15-10:30:14.008.070 [api_c_stream.cc:412]712966 rtsStreamSetAttribute:report error module_name=EE1001
[ERROR] RUNTIME(712966,10):2026-01-15-10:30:14.008.075 [api_c_stream.cc:412]712966 rtsStreamSetAttribute:Invalid stream attribute ID: 4, Supported stream attribute IDs: [1, 4).
[ERROR] RUNTIME(712966,10):2026-01-15-10:30:14.008.106 [api_c_stream.cc:416]712966 rtsStreamSetAttribute:ErrCode=107000, desc=[invalid value], InnerCode=0x7110001
[ERROR] RUNTIME(712966,10):2026-01-15-10:30:14.008.108 [error_message_manage.cc:48]712966 FuncErrorReason:report error module_name=EE1001
[ERROR] RUNTIME(712966,10):2026-01-15-10:30:14.008.111 [error_message_manage.cc:48]712966 FuncErrorReason:rtsStreamSetAttribute execute failed, reason=[invalid value]
[ERROR] ASCENDCL(712966,10):2026-01-15-10:30:14.008.299 [stream.cpp:299]712966 aclrtSetStreamAttributeImpl: call rtsStreamSetAttribute failed, runtime result = 107000
[ERROR] RUNTIME(712966,10):2026-01-15-10:30:14.081.460 [api_c_stream.cc:412]712966 rtsStreamSetAttribute:report error module_name=EE1001
[ERROR] RUNTIME(712966,10):2026-01-15-10:30:14.081.465 [api_c_stream.cc:412]712966 rtsStreamSetAttribute:Invalid stream attribute ID: 4, Supported stream attribute IDs: [1, 4).
[ERROR] RUNTIME(712966,10):2026-01-15-10:30:14.081.496 [api_c_stream.cc:416]712966 rtsStreamSetAttribute:ErrCode=107000, desc=[invalid value], InnerCode=0x7110001
[ERROR] RUNTIME(712966,10):2026-01-15-10:30:14.081.499 [error_message_manage.cc:48]712966 FuncErrorReason:report error module_name=EE1001
[ERROR] RUNTIME(712966,10):2026-01-15-10:30:14.081.502 [error_message_manage.cc:48]712966 FuncErrorReason:rtsStreamSetAttribute execute failed, reason=[invalid value]
[ERROR] ASCENDCL(712966,10):2026-01-15-10:30:14.081.665 [stream.cpp:299]712966 aclrtSetStreamAttributeImpl: call rtsStreamSetAttribute failed, runtime result = 107000
[ERROR] RUNTIME(712966,10):2026-01-15-10:30:14.697.254 [api_error.cc:1519]712966 MemCopySync:Memory copy sync failed, cnt=416, kind=1.
[ERROR] RUNTIME(712966,10):2026-01-15-10:30:14.697.264 [api_c.cc:1197]712966 rtMemcpy:ErrCode=107030, desc=[the current capture mode does not support this operation], InnerCode=0x703001c
[ERROR] RUNTIME(712966,10):2026-01-15-10:30:14.697.267 [error_message_manage.cc:53]712966 FuncErrorReason:report error module_type=3, module_name=EE8888
[ERROR] RUNTIME(712966,10):2026-01-15-10:30:14.697.270 [error_message_manage.cc:53]712966 FuncErrorReason:rtMemcpy execute failed, reason=[the current capture mode does not support this operation]
[ERROR] ASCENDCL(712966,10):2026-01-15-10:30:14.697.519 [memory.cpp:437]712966 aclrtMemcpyImpl: synchronized memcpy failed, kind = 1, runtime result = 107030
[ERROR] RUNTIME(712966,10):2026-01-15-10:30:14.698.558 [api_error.cc:1519]712966 MemCopySync:Memory copy sync failed, cnt=72, kind=1.
[ERROR] RUNTIME(712966,10):2026-01-15-10:30:14.698.566 [api_c.cc:1197]712966 rtMemcpy:ErrCode=107030, desc=[the current capture mode does not support this operation], InnerCode=0x703001c
[ERROR] RUNTIME(712966,10):2026-01-15-10:30:14.698.569 [error_message_manage.cc:53]712966 FuncErrorReason:report error module_type=3, module_name=EE8888
[ERROR] RUNTIME(712966,10):2026-01-15-10:30:14.698.572 [error_message_manage.cc:53]712966 FuncErrorReason:rtMemcpy execute failed, reason=[the current capture mode does not support this operation]
[ERROR] ASCENDCL(712966,10):2026-01-15-10:30:14.698.717 [memory.cpp:437]712966 aclrtMemcpyImpl: synchronized memcpy failed, kind = 1, runtime result = 107030
[ERROR] RUNTIME(712966,10):2026-01-15-10:30:15.016.684 [api_c_stream.cc:412]712966 rtsStreamSetAttribute:report error module_name=EE1001
[ERROR] RUNTIME(712966,10):2026-01-15-10:30:15.016.689 [api_c_stream.cc:412]712966 rtsStreamSetAttribute:Invalid stream attribute ID: 4, Supported stream attribute IDs: [1, 4).
[ERROR] RUNTIME(712966,10):2026-01-15-10:30:15.016.722 [api_c_stream.cc:416]712966 rtsStreamSetAttribute:ErrCode=107000, desc=[invalid value], InnerCode=0x7110001
[ERROR] RUNTIME(712966,10):2026-01-15-10:30:15.016.724 [error_message_manage.cc:48]712966 FuncErrorReason:report error module_name=EE1001
[ERROR] RUNTIME(712966,10):2026-01-15-10:30:15.016.727 [error_message_manage.cc:48]712966 FuncErrorReason:rtsStreamSetAttribute execute failed, reason=[invalid value]
[ERROR] ASCENDCL(712966,10):2026-01-15-10:30:15.016.938 [stream.cpp:299]712966 aclrtSetStreamAttributeImpl: call rtsStreamSetAttribute failed, runtime result = 107000
[ERROR] RUNTIME(712966,10):2026-01-15-10:30:15.089.557 [api_c_stream.cc:412]712966 rtsStreamSetAttribute:report error module_name=EE1001
[ERROR] RUNTIME(712966,10):2026-01-15-10:30:15.089.564 [api_c_stream.cc:412]712966 rtsStreamSetAttribute:Invalid stream attribute ID: 4, Supported stream attribute IDs: [1, 4).
[ERROR] RUNTIME(712966,10):2026-01-15-10:30:15.089.594 [api_c_stream.cc:416]712966 rtsStreamSetAttribute:ErrCode=107000, desc=[invalid value], InnerCode=0x7110001
[ERROR] RUNTIME(712966,10):2026-01-15-10:30:15.089.597 [error_message_manage.cc:48]712966 FuncErrorReason:report error module_name=EE1001
[ERROR] RUNTIME(712966,10):2026-01-15-10:30:15.089.600 [error_message_manage.cc:48]712966 FuncErrorReason:rtsStreamSetAttribute execute failed, reason=[invalid value]
[ERROR] ASCENDCL(712966,10):2026-01-15-10:30:15.089.740 [stream.cpp:299]712966 aclrtSetStreamAttributeImpl: call rtsStreamSetAttribute failed, runtime result = 107000
[ERROR] RUNTIME(712966,10):2026-01-15-10:30:15.695.440 [api_error.cc:1519]712966 MemCopySync:Memory copy sync failed, cnt=416, kind=1.
[ERROR] RUNTIME(712966,10):2026-01-15-10:30:15.695.451 [api_c.cc:1197]712966 rtMemcpy:ErrCode=107030, desc=[the current capture mode does not support this operation], InnerCode=0x703001c
[ERROR] RUNTIME(712966,10):2026-01-15-10:30:15.695.453 [error_message_manage.cc:53]712966 FuncErrorReason:report error module_type=3, module_name=EE8888
[ERROR] RUNTIME(712966,10):2026-01-15-10:30:15.695.456 [error_message_manage.cc:53]712966 FuncErrorReason:rtMemcpy execute failed, reason=[the current capture mode does not support this operation]
[ERROR] ASCENDCL(712966,10):2026-01-15-10:30:15.695.747 [memory.cpp:437]712966 aclrtMemcpyImpl: synchronized memcpy failed, kind = 1, runtime result = 107030
[ERROR] RUNTIME(712966,10):2026-01-15-10:30:15.696.884 [api_error.cc:1519]712966 MemCopySync:Memory copy sync failed, cnt=72, kind=1.
[ERROR] RUNTIME(712966,10):2026-01-15-10:30:15.696.893 [api_c.cc:1197]712966 rtMemcpy:ErrCode=107030, desc=[the current capture mode does not support this operation], InnerCode=0x703001c
[ERROR] RUNTIME(712966,10):2026-01-15-10:30:15.696.896 [error_message_manage.cc:53]712966 FuncErrorReason:report error module_type=3, module_name=EE8888
[ERROR] RUNTIME(712966,10):2026-01-15-10:30:15.696.899 [error_message_manage.cc:53]712966 FuncErrorReason:rtMemcpy execute failed, reason=[the current capture mode does not support this operation]
[ERROR] ASCENDCL(712966,10):2026-01-15-10:30:15.697.076 [memory.cpp:437]712966 aclrtMemcpyImpl: synchronized memcpy failed, kind = 1, runtime result = 107030
[ERROR] RUNTIME(712966,10):2026-01-15-10:30:16.001.096 [api_c_stream.cc:412]712966 rtsStreamSetAttribute:report error module_name=EE1001
[ERROR] RUNTIME(712966,10):2026-01-15-10:30:16.001.101 [api_c_stream.cc:412]712966 rtsStreamSetAttribute:Invalid stream attribute ID: 4, Supported stream attribute IDs: [1, 4).
[ERROR] RUNTIME(712966,10):2026-01-15-10:30:16.001.132 [api_c_stream.cc:416]712966 rtsStreamSetAttribute:ErrCode=107000, desc=[invalid value], InnerCode=0x7110001
[ERROR] RUNTIME(712966,10):2026-01-15-10:30:16.001.134 [error_message_manage.cc:48]712966 FuncErrorReason:report error module_name=EE1001
[ERROR] RUNTIME(712966,10):2026-01-15-10:30:16.001.136 [error_message_manage.cc:48]712966 FuncErrorReason:rtsStreamSetAttribute execute failed, reason=[invalid value]
[ERROR] ASCENDCL(712966,10):2026-01-15-10:30:16.001.330 [stream.cpp:299]712966 aclrtSetStreamAttributeImpl: call rtsStreamSetAttribute failed, runtime result = 107000
[ERROR] RUNTIME(712966,10):2026-01-15-10:30:16.075.826 [api_c_stream.cc:412]712966 rtsStreamSetAttribute:report error module_name=EE1001
[ERROR] RUNTIME(712966,10):2026-01-15-10:30:16.075.831 [api_c_stream.cc:412]712966 rtsStreamSetAttribute:Invalid stream attribute ID: 4, Supported stream attribute IDs: [1, 4).
[ERROR] RUNTIME(712966,10):2026-01-15-10:30:16.075.861 [api_c_stream.cc:416]712966 rtsStreamSetAttribute:ErrCode=107000, desc=[invalid value], InnerCode=0x7110001
[ERROR] RUNTIME(712966,10):2026-01-15-10:30:16.075.863 [error_message_manage.cc:48]712966 FuncErrorReason:report error module_name=EE1001
[ERROR] RUNTIME(712966,10):2026-01-15-10:30:16.075.866 [error_message_manage.cc:48]712966 FuncErrorReason:rtsStreamSetAttribute execute failed, reason=[invalid value]
[ERROR] ASCENDCL(712966,10):2026-01-15-10:30:16.076.046 [stream.cpp:299]712966 aclrtSetStreamAttributeImpl: call rtsStreamSetAttribute failed, runtime result = 107000
[ERROR] RUNTIME(712966,10):2026-01-15-10:30:16.691.862 [api_error.cc:1519]712966 MemCopySync:Memory copy sync failed, cnt=416, kind=1.
[ERROR] RUNTIME(712966,10):2026-01-15-10:30:16.691.872 [api_c.cc:1197]712966 rtMemcpy:ErrCode=107030, desc=[the current capture mode does not support this operation], InnerCode=0x703001c
[ERROR] RUNTIME(712966,10):2026-01-15-10:30:16.691.875 [error_message_manage.cc:53]712966 FuncErrorReason:report error module_type=3, module_name=EE8888
[ERROR] RUNTIME(712966,10):2026-01-15-10:30:16.691.877 [error_message_manage.cc:53]712966 FuncErrorReason:rtMemcpy execute failed, reason=[the current capture mode does not support this operation]
[ERROR] ASCENDCL(712966,10):2026-01-15-10:30:16.692.059 [memory.cpp:437]712966 aclrtMemcpyImpl: synchronized memcpy failed, kind = 1, runtime result = 107030
[ERROR] RUNTIME(712966,10):2026-01-15-10:30:16.693.064 [api_error.cc:1519]712966 MemCopySync:Memory copy sync failed, cnt=72, kind=1.
[ERROR] RUNTIME(712966,10):2026-01-15-10:30:16.693.071 [api_c.cc:1197]712966 rtMemcpy:ErrCode=107030, desc=[the current capture mode does not support this operation], InnerCode=0x703001c
[ERROR] RUNTIME(712966,10):2026-01-15-10:30:16.693.074 [error_message_manage.cc:53]712966 FuncErrorReason:report error module_type=3, module_name=EE8888
[ERROR] RUNTIME(712966,10):2026-01-15-10:30:16.693.077 [error_message_manage.cc:53]712966 FuncErrorReason:rtMemcpy execute failed, reason=[the current capture mode does not support this operation]
[ERROR] ASCENDCL(712966,10):2026-01-15-10:30:16.693.212 [memory.cpp:437]712966 aclrtMemcpyImpl: synchronized memcpy failed, kind = 1, runtime result = 107030
[ERROR] RUNTIME(712966,10):2026-01-15-10:30:16.974.920 [api_c_stream.cc:412]712966 rtsStreamSetAttribute:report error module_name=EE1001
[ERROR] RUNTIME(712966,10):2026-01-15-10:30:16.974.925 [api_c_stream.cc:412]712966 rtsStreamSetAttribute:Invalid stream attribute ID: 4, Supported stream attribute IDs: [1, 4).
[ERROR] RUNTIME(712966,10):2026-01-15-10:30:16.974.955 [api_c_stream.cc:416]712966 rtsStreamSetAttribute:ErrCode=107000, desc=[invalid value], InnerCode=0x7110001
[ERROR] RUNTIME(712966,10):2026-01-15-10:30:16.974.957 [error_message_manage.cc:48]712966 FuncErrorReason:report error module_name=EE1001
[ERROR] RUNTIME(712966,10):2026-01-15-10:30:16.974.960 [error_message_manage.cc:48]712966 FuncErrorReason:rtsStreamSetAttribute execute failed, reason=[invalid value]
[ERROR] ASCENDCL(712966,10):2026-01-15-10:30:16.975.130 [stream.cpp:299]712966 aclrtSetStreamAttributeImpl: call rtsStreamSetAttribute failed, runtime result = 107000
[ERROR] RUNTIME(712966,10):2026-01-15-10:30:17.050.468 [api_c_stream.cc:412]712966 rtsStreamSetAttribute:report error module_name=EE1001
[ERROR] RUNTIME(712966,10):2026-01-15-10:30:17.050.474 [api_c_stream.cc:412]712966 rtsStreamSetAttribute:Invalid stream attribute ID: 4, Supported stream attribute IDs: [1, 4).
[ERROR] RUNTIME(712966,10):2026-01-15-10:30:17.050.503 [api_c_stream.cc:416]712966 rtsStreamSetAttribute:ErrCode=107000, desc=[invalid value], InnerCode=0x7110001
[ERROR] RUNTIME(712966,10):2026-01-15-10:30:17.050.505 [error_message_manage.cc:48]712966 FuncErrorReason:report error module_name=EE1001
[ERROR] RUNTIME(712966,10):2026-01-15-10:30:17.050.508 [error_message_manage.cc:48]712966 FuncErrorReason:rtsStreamSetAttribute execute failed, reason=[invalid value]
[ERROR] ASCENDCL(712966,10):2026-01-15-10:30:17.050.753 [stream.cpp:299]712966 aclrtSetStreamAttributeImpl: call rtsStreamSetAttribute failed, runtime result = 107000
[ERROR] RUNTIME(712966,10):2026-01-15-10:30:17.696.608 [api_error.cc:1519]712966 MemCopySync:Memory copy sync failed, cnt=416, kind=1.
[ERROR] RUNTIME(712966,10):2026-01-15-10:30:17.696.617 [api_c.cc:1197]712966 rtMemcpy:ErrCode=107030, desc=[the current capture mode does not support this operation], InnerCode=0x703001c
[ERROR] RUNTIME(712966,10):2026-01-15-10:30:17.696.620 [error_message_manage.cc:53]712966 FuncErrorReason:report error module_type=3, module_name=EE8888
[ERROR] RUNTIME(712966,10):2026-01-15-10:30:17.696.623 [error_message_manage.cc:53]712966 FuncErrorReason:rtMemcpy execute failed, reason=[the current capture mode does not support this operation]
[ERROR] ASCENDCL(712966,10):2026-01-15-10:30:17.696.850 [memory.cpp:437]712966 aclrtMemcpyImpl: synchronized memcpy failed, kind = 1, runtime result = 107030
[ERROR] RUNTIME(712966,10):2026-01-15-10:30:17.697.839 [api_error.cc:1519]712966 MemCopySync:Memory copy sync failed, cnt=72, kind=1.
[ERROR] RUNTIME(712966,10):2026-01-15-10:30:17.697.846 [api_c.cc:1197]712966 rtMemcpy:ErrCode=107030, desc=[the current capture mode does not support this operation], InnerCode=0x703001c
[ERROR] RUNTIME(712966,10):2026-01-15-10:30:17.697.849 [error_message_manage.cc:53]712966 FuncErrorReason:report error module_type=3, module_name=EE8888
[ERROR] RUNTIME(712966,10):2026-01-15-10:30:17.697.852 [error_message_manage.cc:53]712966 FuncErrorReason:rtMemcpy execute failed, reason=[the current capture mode does not support this operation]
[ERROR] ASCENDCL(712966,10):2026-01-15-10:30:17.698.030 [memory.cpp:437]712966 aclrtMemcpyImpl: synchronized memcpy failed, kind = 1, runtime result = 107030
[ERROR] RUNTIME(712966,10):2026-01-15-10:30:18.004.030 [api_c_stream.cc:412]712966 rtsStreamSetAttribute:report error module_name=EE1001
[ERROR] RUNTIME(712966,10):2026-01-15-10:30:18.004.036 [api_c_stream.cc:412]712966 rtsStreamSetAttribute:Invalid stream attribute ID: 4, Supported stream attribute IDs: [1, 4).
[ERROR] RUNTIME(712966,10):2026-01-15-10:30:18.004.069 [api_c_stream.cc:416]712966 rtsStreamSetAttribute:ErrCode=107000, desc=[invalid value], InnerCode=0x7110001
[ERROR] RUNTIME(712966,10):2026-01-15-10:30:18.004.071 [error_message_manage.cc:48]712966 FuncErrorReason:report error module_name=EE1001
[ERROR] RUNTIME(712966,10):2026-01-15-10:30:18.004.074 [error_message_manage.cc:48]712966 FuncErrorReason:rtsStreamSetAttribute execute failed, reason=[invalid value]
[ERROR] ASCENDCL(712966,10):2026-01-15-10:30:18.004.265 [stream.cpp:299]712966 aclrtSetStreamAttributeImpl: call rtsStreamSetAttribute failed, runtime result = 107000
[ERROR] RUNTIME(712966,10):2026-01-15-10:30:35.467.861 [stars_engine.cc:1502]717518 ProcLogicCqReport:Task run failed, device_id=10, stream_id=167, task_id=6132, sqe_type=0(ffts), errType=0x1(task exception), sqSwStatus=0
[ERROR] RUNTIME(712966,10):2026-01-15-10:30:35.501.916 [device_error_core_proc.cc:333]717518 ProcessStarsCoreErrorInfo:report error module_type=5, module_name=EZ9999
[ERROR] RUNTIME(712966,10):2026-01-15-10:30:35.501.926 [device_error_core_proc.cc:333]717518 ProcessStarsCoreErrorInfo:The error from device(chipId:5, dieId:0), serial number is 6, there is an exception of aivec error, core id is 46, error code = 0, dump info: pc start: 0x12c0c13f2470, current: 0x12c0c13f3320, vec error info: 0x751ab2046f, mte error info: 0x89b51731e8, ifu error info: 0x212c0626f3bc0, ccu error info: 0x2dc4001b00000000, cube error info: 0, biu error info: 0, aic error mask: 0x6500020bd00028c, para base: 0x12c145bd0000.
[ERROR] RUNTIME(712966,10):2026-01-15-10:30:35.501.956 [device_error_core_proc.cc:353]717518 ProcessStarsCoreErrorInfo:report error module_type=5, module_name=EZ9999
[ERROR] RUNTIME(712966,10):2026-01-15-10:30:35.501.959 [device_error_core_proc.cc:353]717518 ProcessStarsCoreErrorInfo:The extend info: errcode:(0, 0x8000, 0) errorStr: When the D-cache reads and writes data to the UB, the response value returned by the bus is a non-zero value. fixp_error0 info: 0x51731e8, fixp_error1 info: 0x89, fsmId:1, tslot:0, thread:0, ctxid:0, blk:43, sublk:0, subErrType:4.
[ERROR] RUNTIME(712966,10):2026-01-15-10:30:35.501.968 [device_error_core_proc.cc:333]717518 ProcessStarsCoreErrorInfo:report error module_type=5, module_name=EZ9999
[ERROR] RUNTIME(712966,10):2026-01-15-10:30:35.501.972 [device_error_core_proc.cc:333]717518 ProcessStarsCoreErrorInfo:The error from device(chipId:5, dieId:0), serial number is 6, there is an exception of aivec error, core id is 47, error code = 0, dump info: pc start: 0x12c0c13f2470, current: 0x12c0c13f3320, vec error info: 0xe90033f296, mte error info: 0x5b06000034, ifu error info: 0x212c0a25fcb40, ccu error info: 0x8d3b02fc00000000, cube error info: 0, biu error info: 0, aic error mask: 0x6500020bd00028c, para base: 0x12c145bd0000.
[ERROR] RUNTIME(712966,10):2026-01-15-10:30:35.501.982 [device_error_core_proc.cc:353]717518 ProcessStarsCoreErrorInfo:report error module_type=5, module_name=EZ9999
[ERROR] RUNTIME(712966,10):2026-01-15-10:30:35.501.984 [device_error_core_proc.cc:353]717518 ProcessStarsCoreErrorInfo:The extend info: errcode:(0, 0x8000, 0) errorStr: When the D-cache reads and writes data to the UB, the response value returned by the bus is a non-zero value. fixp_error0 info: 0x6000034, fixp_error1 info: 0x5b, fsmId:1, tslot:0, thread:0, ctxid:0, blk:44, sublk:0, subErrType:4.
[ERROR] RUNTIME(712966,10):2026-01-15-10:30:35.501.994 [device_error_core_proc.cc:369]717518 ProcessStarsCoreErrorInfo:mte error, devId=10, streamId=167, taskId=6132, errorCode=0.
[ERROR] RUNTIME(712966,10):2026-01-15-10:30:35.501.998 [stream.cc:3285]717518 EnterFailureAbort:stream_id=167 enter failure abort.
[ERROR] RUNTIME(712966,10):2026-01-15-10:30:35.502.013 [davinci_kernel_task.cc:1634]717518 SetStarsResultForDavinciTask:AIV Kernel happen error, retCode=0x31.
[ERROR] RUNTIME(712966,10):2026-01-15-10:30:35.522.850 [davinci_kernel_task.cc:1555]717518 PreCheckTaskErr:report error module_type=5, module_name=EZ9999
[ERROR] RUNTIME(712966,10):2026-01-15-10:30:35.522.855 [davinci_kernel_task.cc:1555]717518 PreCheckTaskErr:Kernel task happen error, retCode=0x31, [vector core exception].
[ERROR] RUNTIME(712966,10):2026-01-15-10:30:35.522.871 [stream.cc:1188]717518 GetError:Stream Synchronize failed, stream_id=167, retCode=0x31, [vector core exception].
[ERROR] RUNTIME(712966,10):2026-01-15-10:30:35.522.873 [stream.cc:1191]717518 GetError:report error module_type=5, module_name=EZ9999
[ERROR] RUNTIME(712966,10):2026-01-15-10:30:35.522.875 [stream.cc:1191]717518 GetError:AIV Kernel happen error, retCode=0x31.
[ERROR] RUNTIME(712966,10):2026-01-15-10:30:35.522.937 [davinci_kernel_task.cc:1397]717518 GetArgsInfo:[AIC_INFO] args(0 to 19) after execute:0x12c141800000, 0, 0x13db0a4d8000, 0x13a70008a200, 0x13db0464c000, 0x13a700089c00, 0x13a700001200, 0x13a700000600, 0, 0, 0, 0, 0, 0, 0, 0, 0, 0, 0, 0x13a700145400,  
[ERROR] RUNTIME(712966,10):2026-01-15-10:30:35.522.941 [davinci_kernel_task.cc:1397]717518 GetArgsInfo:[AIC_INFO] args(20 to 39) after execute:0x13db04ad0000, 0x12c145bd00c0, 0x12c100011000, 0, 0x200000064, 0x15800000040, 0, 0, 0, 0xc000000000000, 0, 0, 0x1000000, 0, 0x616e5f70756f7267, 0x335f656d, 0, 0, 0, 0,  
[ERROR] RUNTIME(712966,10):2026-01-15-10:30:35.522.945 [davinci_kernel_task.cc:1397]717518 GetArgsInfo:[AIC_INFO] args(40 to 59) after execute:0, 0, 0, 0, 0, 0, 0, 0, 0, 0, 0x6c6c416f746c6c41, 0x3a306c6576656c3d, 0x6873656d6c6c7566, 0x3a316c6576656c3b, 0x6573697772696170, 0, 0, 0, 0, 0,  
[ERROR] RUNTIME(712966,10):2026-01-15-10:30:35.522.948 [davinci_kernel_task.cc:1397]717518 GetArgsInfo:[AIC_INFO] args(60 to 79) after execute:0, 0, 0, 0, 0, 0, 0x8, 0x1000000, 0, 0, 0, 0, 0, 0, 0, 0, 0, 0, 0, 0,  
[ERROR] RUNTIME(712966,10):2026-01-15-10:30:35.522.951 [davinci_kernel_task.cc:1397]717518 GetArgsInfo:[AIC_INFO] args(80 to 99) after execute:0, 0, 0, 0, 0, 0x6353656375646552, 0x656c3d7265747461, 0x6e69723a306c6576, 0x67, 0, 0, 0, 0, 0, 0, 0, 0, 0, 0, 0,  
[ERROR] RUNTIME(712966,10):2026-01-15-10:30:35.522.954 [davinci_kernel_task.cc:1397]717518 GetArgsInfo:[AIC_INFO] args(100 to 117) after execute:0, 0x7, 0x100000010, 0xa, 0, 0x10000000000, 0x10, 0, 0x1600000240, 0x1c0000000008, 0x30, 0x2ff00, 0x64000000, 0, 0xa5a5a5a50a0135e6, 0xc8000000b0, 0x6b5f6c636362696c, 0x6f732e6c656e7265,  
[ERROR] RUNTIME(712966,10):2026-01-15-10:30:35.522.957 [davinci_kernel_task.cc:1400]717518 GetArgsInfo:tilingKey = 10000, print 6 Times totalLen=(118*8), argsSize=944, blockDim=48
[ERROR] RUNTIME(712966,10):2026-01-15-10:30:35.522.964 [davinci_kernel_task.cc:1441]717518 PrintErrorInfoForDavinciTask:[AIC_INFO] after execute:args print end
[ERROR] RUNTIME(712966,10):2026-01-15-10:30:35.523.021 [davinci_kernel_task.cc:1471]717518 PrintErrorInfoForDavinciTask:Aicore kernel execute failed, device_id=10, stream_id=167, report_stream_id=167, task_id=6132, flip_num=0, fault kernel_name=MoeDistributeCombineV2_4030d5415709a15a5d3e30ef32635eec_10000, fault kernel info ext=none, program id=74, hash=14554461284017152246.
[ERROR] IDEDD(712966,10):2026-01-15-10:30:35.523.781 [dump_args.cpp:1048][tid:717518] [AIC_INFO] args(0 to 20) after execute:0x12c141800000, 0, 0x13db0a4d8000, 0x13a70008a200, 0x13db0464c000, 0x13a700089c00, 0x13a700001200, 0x13a700000600, 0, 0, 0, 0, 0, 0, 0, 0, 0, 0, 0, 0x13a700145400, 
[ERROR] IDEDD(712966,10):2026-01-15-10:30:35.524.141 [dump_args.cpp:1048][tid:717518] [AIC_INFO] args(20 to 40) after execute:0x13db04ad0000, 0x12c145bd00c0, 0x12c100011000, 0, 0x200000064, 0x15800000040, 0, 0, 0, 0xc000000000000, 0, 0, 0x1000000, 0, 0x616e5f70756f7267, 0x335f656d, 0, 0, 0, 0, 
[ERROR] IDEDD(712966,10):2026-01-15-10:30:35.524.294 [dump_args.cpp:1048][tid:717518] [AIC_INFO] args(40 to 60) after execute:0, 0, 0, 0, 0, 0, 0, 0, 0, 0, 0x6c6c416f746c6c41, 0x3a306c6576656c3d, 0x6873656d6c6c7566, 0x3a316c6576656c3b, 0x6573697772696170, 0, 0, 0, 0, 0, 
[ERROR] IDEDD(712966,10):2026-01-15-10:30:35.524.434 [dump_args.cpp:1048][tid:717518] [AIC_INFO] args(60 to 80) after execute:0, 0, 0, 0, 0, 0, 0x8, 0x1000000, 0, 0, 0, 0, 0, 0, 0, 0, 0, 0, 0, 0, 
[ERROR] IDEDD(712966,10):2026-01-15-10:30:35.524.597 [dump_args.cpp:1048][tid:717518] [AIC_INFO] args(80 to 100) after execute:0, 0, 0, 0, 0, 0x6353656375646552, 0x656c3d7265747461, 0x6e69723a306c6576, 0x67, 0, 0, 0, 0, 0, 0, 0, 0, 0, 0, 0, 
[ERROR] IDEDD(712966,10):2026-01-15-10:30:35.524.752 [dump_args.cpp:1048][tid:717518] [AIC_INFO] args(100 to 118) after execute:0, 0x7, 0x100000010, 0xa, 0, 0x10000000000, 0x10, 0, 0x1600000240, 0x1c0000000008, 0x30, 0x2ff00, 0x64000000, 0, 0xa5a5a5a50a0135e6, 0xc8000000b0, 0x6b5f6c636362696c, 0x6f732e6c656e7265, 
[ERROR] IDEDD(712966,10):2026-01-15-10:30:35.524.890 [dump_args.cpp:897][tid:717518] [AIC_INFO] after execute:args print end
[ERROR] IDEDD(712966,10):2026-01-15-10:30:35.525.274 [dump_args.cpp:536][tid:717518] [Dump][Exception] begin to load mc2, index:0
[ERROR] IDEDD(712966,10):2026-01-15-10:30:35.525.417 [dump_args.cpp:1048][tid:717518] [Dump][Exception] exception info dump mc2 data, addr:0x12c141800000; size:0 bytes
[ERROR] IDEDD(712966,10):2026-01-15-10:30:35.525.552 [dump_args.cpp:545][tid:717518] [Dump][Exception] end to load mc2, index:0
[ERROR] IDEDD(712966,10):2026-01-15-10:30:35.525.717 [dump_args.cpp:536][tid:717518] [Dump][Exception] begin to load mc2, index:1
[ERROR] IDEDD(712966,10):2026-01-15-10:30:35.525.869 [dump_args.cpp:1048][tid:717518] [Dump][Exception] exception info dump mc2 data, addr:0; size:0 bytes
[ERROR] IDEDD(712966,10):2026-01-15-10:30:35.526.013 [dump_args.cpp:545][tid:717518] [Dump][Exception] end to load mc2, index:1
[ERROR] IDEDD(712966,10):2026-01-15-10:30:35.526.170 [dump_args.cpp:1048][tid:717518] [Dump][Exception] begin to load normal tensor, index:2
[ERROR] IDEDD(712966,10):2026-01-15-10:30:35.526.301 [dump_args.cpp:415][tid:717518] [Dump][Exception] tensor type:2, pointer type:1
[ERROR] IDEDD(712966,10):2026-01-15-10:30:35.526.434 [dump_args.cpp:1048][tid:717518] [Dump][Exception] exception info dump args data, addr:0x13db0a4d8000; size:32 bytes
[ERROR] IDEDD(712966,10):2026-01-15-10:30:35.526.564 [dump_args.cpp:1048][tid:717518] [Dump][Exception] end to load normal tensor, index:2
[ERROR] IDEDD(712966,10):2026-01-15-10:30:35.526.711 [dump_args.cpp:1048][tid:717518] [Dump][Exception] begin to load normal tensor, index:3
[ERROR] IDEDD(712966,10):2026-01-15-10:30:35.526.853 [dump_args.cpp:415][tid:717518] [Dump][Exception] tensor type:2, pointer type:1
[ERROR] IDEDD(712966,10):2026-01-15-10:30:35.526.945 [dump_args.cpp:1048][tid:717518] [Dump][Exception] exception info dump args data, addr:0x13a70008a200; size:32 bytes
[ERROR] IDEDD(712966,10):2026-01-15-10:30:35.527.066 [dump_args.cpp:1048][tid:717518] [Dump][Exception] end to load normal tensor, index:3
[ERROR] IDEDD(712966,10):2026-01-15-10:30:35.527.208 [dump_args.cpp:1048][tid:717518] [Dump][Exception] begin to load normal tensor, index:4
[ERROR] IDEDD(712966,10):2026-01-15-10:30:35.527.317 [dump_args.cpp:415][tid:717518] [Dump][Exception] tensor type:2, pointer type:1
[ERROR] IDEDD(712966,10):2026-01-15-10:30:35.527.398 [dump_args.cpp:1048][tid:717518] [Dump][Exception] exception info dump args data, addr:0x13db0464c000; size:132120576 bytes
[ERROR] IDEDD(712966,10):2026-01-15-10:30:35.527.533 [dump_args.cpp:1048][tid:717518] [Dump][Exception] end to load normal tensor, index:4
[ERROR] IDEDD(712966,10):2026-01-15-10:30:35.527.685 [dump_args.cpp:1048][tid:717518] [Dump][Exception] begin to load normal tensor, index:5
[ERROR] IDEDD(712966,10):2026-01-15-10:30:35.527.826 [dump_args.cpp:415][tid:717518] [Dump][Exception] tensor type:2, pointer type:1
[ERROR] IDEDD(712966,10):2026-01-15-10:30:35.527.974 [dump_args.cpp:1048][tid:717518] [Dump][Exception] exception info dump args data, addr:0x13a700089c00; size:704 bytes
[ERROR] IDEDD(712966,10):2026-01-15-10:30:35.528.126 [dump_args.cpp:1048][tid:717518] [Dump][Exception] end to load normal tensor, index:5
[ERROR] IDEDD(712966,10):2026-01-15-10:30:35.528.311 [dump_args.cpp:1048][tid:717518] [Dump][Exception] begin to load normal tensor, index:6
[ERROR] IDEDD(712966,10):2026-01-15-10:30:35.528.463 [dump_args.cpp:415][tid:717518] [Dump][Exception] tensor type:2, pointer type:1
[ERROR] IDEDD(712966,10):2026-01-15-10:30:35.528.598 [dump_args.cpp:1048][tid:717518] [Dump][Exception] exception info dump args data, addr:0x13a700001200; size:4718592 bytes
[ERROR] IDEDD(712966,10):2026-01-15-10:30:35.528.754 [dump_args.cpp:1048][tid:717518] [Dump][Exception] end to load normal tensor, index:6
[ERROR] IDEDD(712966,10):2026-01-15-10:30:35.528.771 [dump_args.cpp:1048][tid:717518] [Dump][Exception] begin to load normal tensor, index:7
[ERROR] IDEDD(712966,10):2026-01-15-10:30:35.529.138 [dump_args.cpp:415][tid:717518] [Dump][Exception] tensor type:2, pointer type:1
[ERROR] IDEDD(712966,10):2026-01-15-10:30:35.529.317 [dump_args.cpp:1048][tid:717518] [Dump][Exception] exception info dump args data, addr:0x13a700000600; size:1024 bytes
[ERROR] IDEDD(712966,10):2026-01-15-10:30:35.529.451 [dump_args.cpp:1048][tid:717518] [Dump][Exception] end to load normal tensor, index:7
[ERROR] IDEDD(712966,10):2026-01-15-10:30:35.529.599 [dump_args.cpp:1048][tid:717518] [Dump][Exception] begin to load normal tensor, index:8
[ERROR] IDEDD(712966,10):2026-01-15-10:30:35.529.734 [dump_args.cpp:415][tid:717518] [Dump][Exception] tensor type:2, pointer type:1
[ERROR] IDEDD(712966,10):2026-01-15-10:30:35.529.878 [dump_args.cpp:1048][tid:717518] [Dump][Exception] exception info dump args data, addr:0; size:704 bytes
[ERROR] IDEDD(712966,10):2026-01-15-10:30:35.530.038 [dump_args.cpp:1048][tid:717518] [Dump][Exception] end to load normal tensor, index:8
[ERROR] IDEDD(712966,10):2026-01-15-10:30:35.530.204 [dump_args.cpp:1048][tid:717518] [Dump][Exception] begin to load normal tensor, index:9
[ERROR] IDEDD(712966,10):2026-01-15-10:30:35.530.348 [dump_args.cpp:415][tid:717518] [Dump][Exception] tensor type:2, pointer type:1
[ERROR] IDEDD(712966,10):2026-01-15-10:30:35.530.509 [dump_args.cpp:1048][tid:717518] [Dump][Exception] exception info dump args data, addr:0; size:32 bytes
[ERROR] IDEDD(712966,10):2026-01-15-10:30:35.530.660 [dump_args.cpp:1048][tid:717518] [Dump][Exception] end to load normal tensor, index:9
[ERROR] IDEDD(712966,10):2026-01-15-10:30:35.530.816 [dump_args.cpp:1048][tid:717518] [Dump][Exception] begin to load normal tensor, index:10
[ERROR] IDEDD(712966,10):2026-01-15-10:30:35.530.954 [dump_args.cpp:415][tid:717518] [Dump][Exception] tensor type:2, pointer type:1
[ERROR] IDEDD(712966,10):2026-01-15-10:30:35.531.089 [dump_args.cpp:1048][tid:717518] [Dump][Exception] exception info dump args data, addr:0; size:0 bytes
[ERROR] IDEDD(712966,10):2026-01-15-10:30:35.531.234 [dump_args.cpp:1048][tid:717518] [Dump][Exception] end to load normal tensor, index:10
[ERROR] IDEDD(712966,10):2026-01-15-10:30:35.531.419 [dump_args.cpp:1048][tid:717518] [Dump][Exception] begin to load normal tensor, index:11
[ERROR] IDEDD(712966,10):2026-01-15-10:30:35.531.553 [dump_args.cpp:415][tid:717518] [Dump][Exception] tensor type:2, pointer type:1
[ERROR] IDEDD(712966,10):2026-01-15-10:30:35.531.690 [dump_args.cpp:1048][tid:717518] [Dump][Exception] exception info dump args data, addr:0; size:0 bytes
[ERROR] IDEDD(712966,10):2026-01-15-10:30:35.531.822 [dump_args.cpp:1048][tid:717518] [Dump][Exception] end to load normal tensor, index:11
[ERROR] IDEDD(712966,10):2026-01-15-10:30:35.531.963 [dump_args.cpp:1048][tid:717518] [Dump][Exception] begin to load normal tensor, index:12
[ERROR] IDEDD(712966,10):2026-01-15-10:30:35.532.131 [dump_args.cpp:415][tid:717518] [Dump][Exception] tensor type:2, pointer type:1
[ERROR] IDEDD(712966,10):2026-01-15-10:30:35.532.297 [dump_args.cpp:1048][tid:717518] [Dump][Exception] exception info dump args data, addr:0; size:0 bytes
[ERROR] IDEDD(712966,10):2026-01-15-10:30:35.532.408 [dump_args.cpp:1048][tid:717518] [Dump][Exception] end to load normal tensor, index:12
[ERROR] IDEDD(712966,10):2026-01-15-10:30:35.532.524 [dump_args.cpp:1048][tid:717518] [Dump][Exception] begin to load normal tensor, index:13
[ERROR] IDEDD(712966,10):2026-01-15-10:30:35.532.643 [dump_args.cpp:415][tid:717518] [Dump][Exception] tensor type:2, pointer type:1
[ERROR] IDEDD(712966,10):2026-01-15-10:30:35.532.749 [dump_args.cpp:1048][tid:717518] [Dump][Exception] exception info dump args data, addr:0; size:0 bytes
[ERROR] IDEDD(712966,10):2026-01-15-10:30:35.532.827 [dump_args.cpp:1048][tid:717518] [Dump][Exception] end to load normal tensor, index:13
[ERROR] IDEDD(712966,10):2026-01-15-10:30:35.532.922 [dump_args.cpp:1048][tid:717518] [Dump][Exception] begin to load normal tensor, index:14
[ERROR] IDEDD(712966,10):2026-01-15-10:30:35.533.027 [dump_args.cpp:415][tid:717518] [Dump][Exception] tensor type:2, pointer type:1
[ERROR] IDEDD(712966,10):2026-01-15-10:30:35.533.154 [dump_args.cpp:1048][tid:717518] [Dump][Exception] exception info dump args data, addr:0; size:0 bytes
[ERROR] IDEDD(712966,10):2026-01-15-10:30:35.533.293 [dump_args.cpp:1048][tid:717518] [Dump][Exception] end to load normal tensor, index:14
[ERROR] IDEDD(712966,10):2026-01-15-10:30:35.533.401 [dump_args.cpp:1048][tid:717518] [Dump][Exception] begin to load normal tensor, index:15
[ERROR] IDEDD(712966,10):2026-01-15-10:30:35.533.492 [dump_args.cpp:415][tid:717518] [Dump][Exception] tensor type:2, pointer type:1
[ERROR] IDEDD(712966,10):2026-01-15-10:30:35.533.611 [dump_args.cpp:1048][tid:717518] [Dump][Exception] exception info dump args data, addr:0; size:0 bytes
[ERROR] IDEDD(712966,10):2026-01-15-10:30:35.533.702 [dump_args.cpp:1048][tid:717518] [Dump][Exception] end to load normal tensor, index:15
[ERROR] IDEDD(712966,10):2026-01-15-10:30:35.533.792 [dump_args.cpp:1048][tid:717518] [Dump][Exception] begin to load normal tensor, index:16
[ERROR] IDEDD(712966,10):2026-01-15-10:30:35.533.875 [dump_args.cpp:415][tid:717518] [Dump][Exception] tensor type:2, pointer type:1
[ERROR] IDEDD(712966,10):2026-01-15-10:30:35.533.978 [dump_args.cpp:1048][tid:717518] [Dump][Exception] exception info dump args data, addr:0; size:0 bytes
[ERROR] IDEDD(712966,10):2026-01-15-10:30:35.534.067 [dump_args.cpp:1048][tid:717518] [Dump][Exception] end to load normal tensor, index:16
[ERROR] IDEDD(712966,10):2026-01-15-10:30:35.534.162 [dump_args.cpp:1048][tid:717518] [Dump][Exception] begin to load normal tensor, index:17
[ERROR] IDEDD(712966,10):2026-01-15-10:30:35.534.239 [dump_args.cpp:415][tid:717518] [Dump][Exception] tensor type:2, pointer type:1
[ERROR] IDEDD(712966,10):2026-01-15-10:30:35.534.340 [dump_args.cpp:1048][tid:717518] [Dump][Exception] exception info dump args data, addr:0; size:0 bytes
[ERROR] IDEDD(712966,10):2026-01-15-10:30:35.534.424 [dump_args.cpp:1048][tid:717518] [Dump][Exception] end to load normal tensor, index:17
[ERROR] IDEDD(712966,10):2026-01-15-10:30:35.534.525 [dump_args.cpp:1048][tid:717518] [Dump][Exception] begin to load normal tensor, index:18
[ERROR] IDEDD(712966,10):2026-01-15-10:30:35.534.633 [dump_args.cpp:415][tid:717518] [Dump][Exception] tensor type:2, pointer type:1
[ERROR] IDEDD(712966,10):2026-01-15-10:30:35.534.751 [dump_args.cpp:1048][tid:717518] [Dump][Exception] exception info dump args data, addr:0; size:0 bytes
[ERROR] IDEDD(712966,10):2026-01-15-10:30:35.534.852 [dump_args.cpp:1048][tid:717518] [Dump][Exception] end to load normal tensor, index:18
[ERROR] IDEDD(712966,10):2026-01-15-10:30:35.534.966 [dump_args.cpp:1048][tid:717518] [Dump][Exception] begin to load normal tensor, index:19
[ERROR] IDEDD(712966,10):2026-01-15-10:30:35.535.066 [dump_args.cpp:415][tid:717518] [Dump][Exception] tensor type:3, pointer type:1
[ERROR] IDEDD(712966,10):2026-01-15-10:30:35.535.152 [dump_args.cpp:1048][tid:717518] [Dump][Exception] exception info dump args data, addr:0x13a700145400; size:0 bytes
[ERROR] IDEDD(712966,10):2026-01-15-10:30:35.535.242 [dump_args.cpp:1048][tid:717518] [Dump][Exception] end to load normal tensor, index:19
[ERROR] IDEDD(712966,10):2026-01-15-10:30:35.535.390 [dump_args.cpp:509][tid:717518] [Dump][Exception] begin to load workspace, index:20
[ERROR] IDEDD(712966,10):2026-01-15-10:30:35.535.523 [dump_args.cpp:1048][tid:717518] [Dump][Exception] exception info dump args data, addr:0x13db04ad0000; size:0 bytes
[ERROR] IDEDD(712966,10):2026-01-15-10:30:35.535.615 [dump_args.cpp:529][tid:717518] [Dump][Exception] end to load workspace, index:20
[ERROR] IDEDD(712966,10):2026-01-15-10:30:35.535.702 [dump_args.cpp:581][tid:717518] [Dump][Exception] begin to load tiling data, index:21
[ERROR] IDEDD(712966,10):2026-01-15-10:30:35.535.786 [dump_args.cpp:112][tid:717518] The shape data address[0xaaab04264208] is over the max address[0xaaab04264208].
[ERROR] IDEDD(712966,10):2026-01-15-10:30:35.535.871 [dump_args.cpp:1048][tid:717518] [Dump][Exception] exception info dump args data, addr:0x12c145bd00c0; size:728 bytes
[ERROR] IDEDD(712966,10):2026-01-15-10:30:35.535.945 [dump_args.cpp:595][tid:717518] [Dump][Exception] end to load tiling data, index:21
[ERROR] IDEDD(712966,10):2026-01-15-10:30:35.537.783 [dump_file.cpp:165][tid:717518] [Dump][Exception] the address maybe invalid, addr info: 0;704.
[ERROR] IDEDD(712966,10):2026-01-15-10:30:35.537.895 [dump_file.cpp:165][tid:717518] [Dump][Exception] the address maybe invalid, addr info: 0;32.
[ERROR] IDEDD(712966,10):2026-01-15-10:30:35.538.227 [adump_dsmi.cpp:143][tid:717518] Can't get device nums, ret=0
[ERROR] RUNTIME(712966,10):2026-01-15-10:30:35.552.197 [api_impl.cc:2164]717662 EventQueryStatus:context is abort, status=0x715005e.
[ERROR] RUNTIME(712966,10):2026-01-15-10:30:35.552.211 [api_c.cc:844]717662 rtEventQueryStatus:ErrCode=507035, desc=[vector core exception], InnerCode=0x715005e
[ERROR] RUNTIME(712966,10):2026-01-15-10:30:35.552.215 [error_message_manage.cc:53]717662 FuncErrorReason:report error module_type=3, module_name=EE8888
[ERROR] RUNTIME(712966,10):2026-01-15-10:30:35.552.218 [error_message_manage.cc:53]717662 FuncErrorReason:rtEventQueryStatus execute failed, reason=[vector core exception]
[ERROR] ASCENDCL(712966,10):2026-01-15-10:30:35.552.456 [event.cpp:150]717662 aclrtQueryEventStatusImpl: [Query][Status]query event recorded status failed, runtime result = 507035
[ERROR] APP(712966,10):2026-01-15-10:30:35.557.269 [log_inner.cpp:77]aclAppLog call vsnprintf_s failed
[ERROR] RUNTIME(712966,10):2026-01-15-10:30:35.693.918 [api_impl.cc:2164]717885 EventQueryStatus:context is abort, status=0x715005e.
[ERROR] RUNTIME(712966,10):2026-01-15-10:30:35.693.960 [api_c.cc:844]717885 rtEventQueryStatus:ErrCode=507035, desc=[vector core exception], InnerCode=0x715005e
[ERROR] RUNTIME(712966,10):2026-01-15-10:30:35.693.964 [error_message_manage.cc:53]717885 FuncErrorReason:report error module_type=3, module_name=EE8888
[ERROR] RUNTIME(712966,10):2026-01-15-10:30:35.693.998 [error_message_manage.cc:53]717885 FuncErrorReason:rtEventQueryStatus execute failed, reason=[vector core exception]
[ERROR] ASCENDCL(712966,10):2026-01-15-10:30:35.697.501 [event.cpp:150]717885 aclrtQueryEventStatusImpl: [Query][Status]query event recorded status failed, runtime result = 507035
[ERROR] APP(712966,10):2026-01-15-10:30:35.701.881 [log_inner.cpp:77]aclAppLog call vsnprintf_s failed
[ERROR] DRV(712966,10):2026-01-15-10:30:36.757.799 [drv_share_log.c:238][ascend][curpid:712966,717518][drv][devmm][share_log_read_in_single_module]Invalid addr range. (va=0x13a700401200; mng->va=0x13a700000000; mng->size=74088185856) Oper address failed. (va=0x13a700001200; ref_flag=0xb8; ref_lock=0; ref_free:0; ref_count=3; convert=0; async=0)
[ERROR] DRV(712966,10):2026-01-15-10:30:36.757.813 [devmm_svm.c:451][ascend][curpid:712966,717518][drv][devmm][devmm_copy_ioctl]<errno:22, 8> Ioctl error. (cmd=3243789573; ret=8; dst=0x12c045000000; src=0x13a700001200; size=4718592)
[ERROR] DRV(712966,10):2026-01-15-10:30:36.757.820 [devmm_virt_com_heap.c:1613][ascend][curpid:712966,717518][drv][devmm][devmm_print_svm_va_info]<errno:22, 8> Va info. (va=0x13a700001200; start=0x13a700000000; end=0x13a7001fffff; module_name=APP; devid=10)
[ERROR] DRV(712966,10):2026-01-15-10:30:36.757.824 [devmm_virt_com_heap.c:1613][ascend][curpid:712966,717518][drv][devmm][devmm_print_svm_va_info]<errno:22, 8> Va info. (va=0x12c045000000; start=0x12c045000000; end=0x12c04547ffff; module_name=IDEDD; devid=0)
[ERROR] RUNTIME(712966,10):2026-01-15-10:30:36.757.878 [npu_driver.cc:2977]717518 MemCopySync:[drv api] drvMemcpy failed: destMax=4718592, size=4718592(bytes), kind=2, devId=4294967295, drvRetCode=8!
[ERROR] RUNTIME(712966,10):2026-01-15-10:30:36.757.882 [api_error.cc:1519]717518 MemCopySync:Memory copy sync failed, cnt=4718592, kind=2.
[ERROR] RUNTIME(712966,10):2026-01-15-10:30:36.757.903 [api_c.cc:1197]717518 rtMemcpy:ErrCode=507899, desc=[driver error:internal error], InnerCode=0x7020010
[ERROR] RUNTIME(712966,10):2026-01-15-10:30:36.757.906 [error_message_manage.cc:53]717518 FuncErrorReason:report error module_type=3, module_name=EE8888
[ERROR] RUNTIME(712966,10):2026-01-15-10:30:36.757.914 [error_message_manage.cc:53]717518 FuncErrorReason:rtMemcpy execute failed, reason=[driver error:internal error]
[ERROR] IDEDD(712966,10):2026-01-15-10:30:36.759.189 [dump_memory.cpp:59][tid:717518] Call rtMemcpy failed, ret: 0x7BFFB
[ERROR] IDEDD(712966,10):2026-01-15-10:30:36.759.297 [dump_file.cpp:506][tid:717518] [Dump][Exception] the address maybe invalid, D2H failed, addr info: 0x13a700001200;4718592.
