[ERROR] RUNTIME(712971,15):2026-01-15-10:28:25.807.250 [api_c_stream.cc:412]712971 rtsStreamSetAttribute:report error module_name=EE1001
[ERROR] RUNTIME(712971,15):2026-01-15-10:28:25.807.259 [api_c_stream.cc:412]712971 rtsStreamSetAttribute:Invalid stream attribute ID: 4, Supported stream attribute IDs: [1, 4).
[ERROR] RUNTIME(712971,15):2026-01-15-10:28:25.807.300 [api_c_stream.cc:416]712971 rtsStreamSetAttribute:ErrCode=107000, desc=[invalid value], InnerCode=0x7110001
[ERROR] RUNTIME(712971,15):2026-01-15-10:28:25.807.303 [error_message_manage.cc:48]712971 FuncErrorReason:report error module_name=EE1001
[ERROR] RUNTIME(712971,15):2026-01-15-10:28:25.807.306 [error_message_manage.cc:48]712971 FuncErrorReason:rtsStreamSetAttribute execute failed, reason=[invalid value]
[ERROR] ASCENDCL(712971,15):2026-01-15-10:28:25.807.581 [stream.cpp:299]712971 aclrtSetStreamAttributeImpl: call rtsStreamSetAttribute failed, runtime result = 107000
[ERROR] RUNTIME(712971,15):2026-01-15-10:28:26.716.719 [api_error.cc:1519]712971 MemCopySync:Memory copy sync failed, cnt=416, kind=1.
[ERROR] RUNTIME(712971,15):2026-01-15-10:28:26.716.732 [api_c.cc:1197]712971 rtMemcpy:ErrCode=107030, desc=[the current capture mode does not support this operation], InnerCode=0x703001c
[ERROR] RUNTIME(712971,15):2026-01-15-10:28:26.716.736 [error_message_manage.cc:53]712971 FuncErrorReason:report error module_type=3, module_name=EE8888
[ERROR] RUNTIME(712971,15):2026-01-15-10:28:26.716.739 [error_message_manage.cc:53]712971 FuncErrorReason:rtMemcpy execute failed, reason=[the current capture mode does not support this operation]
[ERROR] ASCENDCL(712971,15):2026-01-15-10:28:26.717.011 [memory.cpp:437]712971 aclrtMemcpyImpl: synchronized memcpy failed, kind = 1, runtime result = 107030
[ERROR] RUNTIME(712971,15):2026-01-15-10:28:26.741.345 [api_error.cc:1519]712971 MemCopySync:Memory copy sync failed, cnt=72, kind=1.
[ERROR] RUNTIME(712971,15):2026-01-15-10:28:26.741.354 [api_c.cc:1197]712971 rtMemcpy:ErrCode=107030, desc=[the current capture mode does not support this operation], InnerCode=0x703001c
[ERROR] RUNTIME(712971,15):2026-01-15-10:28:26.741.357 [error_message_manage.cc:53]712971 FuncErrorReason:report error module_type=3, module_name=EE8888
[ERROR] RUNTIME(712971,15):2026-01-15-10:28:26.741.360 [error_message_manage.cc:53]712971 FuncErrorReason:rtMemcpy execute failed, reason=[the current capture mode does not support this operation]
[ERROR] ASCENDCL(712971,15):2026-01-15-10:28:26.741.544 [memory.cpp:437]712971 aclrtMemcpyImpl: synchronized memcpy failed, kind = 1, runtime result = 107030
[ERROR] RUNTIME(712971,15):2026-01-15-10:28:28.214.326 [api_error.cc:1519]712971 MemCopySync:Memory copy sync failed, cnt=416, kind=1.
[ERROR] RUNTIME(712971,15):2026-01-15-10:28:28.214.338 [api_c.cc:1197]712971 rtMemcpy:ErrCode=107030, desc=[the current capture mode does not support this operation], InnerCode=0x703001c
[ERROR] RUNTIME(712971,15):2026-01-15-10:28:28.214.342 [error_message_manage.cc:53]712971 FuncErrorReason:report error module_type=3, module_name=EE8888
[ERROR] RUNTIME(712971,15):2026-01-15-10:28:28.214.345 [error_message_manage.cc:53]712971 FuncErrorReason:rtMemcpy execute failed, reason=[the current capture mode does not support this operation]
[ERROR] ASCENDCL(712971,15):2026-01-15-10:28:28.214.672 [memory.cpp:437]712971 aclrtMemcpyImpl: synchronized memcpy failed, kind = 1, runtime result = 107030
[ERROR] RUNTIME(712971,15):2026-01-15-10:28:28.967.339 [api_error.cc:1519]712971 MemCopySync:Memory copy sync failed, cnt=72, kind=1.
[ERROR] RUNTIME(712971,15):2026-01-15-10:28:28.967.349 [api_c.cc:1197]712971 rtMemcpy:ErrCode=107030, desc=[the current capture mode does not support this operation], InnerCode=0x703001c
[ERROR] RUNTIME(712971,15):2026-01-15-10:28:28.967.353 [error_message_manage.cc:53]712971 FuncErrorReason:report error module_type=3, module_name=EE8888
[ERROR] RUNTIME(712971,15):2026-01-15-10:28:28.967.356 [error_message_manage.cc:53]712971 FuncErrorReason:rtMemcpy execute failed, reason=[the current capture mode does not support this operation]
[ERROR] ASCENDCL(712971,15):2026-01-15-10:28:28.967.733 [memory.cpp:437]712971 aclrtMemcpyImpl: synchronized memcpy failed, kind = 1, runtime result = 107030
[ERROR] RUNTIME(712971,15):2026-01-15-10:28:29.710.010 [api_error.cc:1519]712971 MemCopySync:Memory copy sync failed, cnt=416, kind=1.
[ERROR] RUNTIME(712971,15):2026-01-15-10:28:29.710.021 [api_c.cc:1197]712971 rtMemcpy:ErrCode=107030, desc=[the current capture mode does not support this operation], InnerCode=0x703001c
[ERROR] RUNTIME(712971,15):2026-01-15-10:28:29.710.025 [error_message_manage.cc:53]712971 FuncErrorReason:report error module_type=3, module_name=EE8888
[ERROR] RUNTIME(712971,15):2026-01-15-10:28:29.710.029 [error_message_manage.cc:53]712971 FuncErrorReason:rtMemcpy execute failed, reason=[the current capture mode does not support this operation]
[ERROR] ASCENDCL(712971,15):2026-01-15-10:28:29.710.357 [memory.cpp:437]712971 aclrtMemcpyImpl: synchronized memcpy failed, kind = 1, runtime result = 107030
[ERROR] RUNTIME(712971,15):2026-01-15-10:28:30.622.637 [api_error.cc:1519]712971 MemCopySync:Memory copy sync failed, cnt=72, kind=1.
[ERROR] RUNTIME(712971,15):2026-01-15-10:28:30.622.647 [api_c.cc:1197]712971 rtMemcpy:ErrCode=107030, desc=[the current capture mode does not support this operation], InnerCode=0x703001c
[ERROR] RUNTIME(712971,15):2026-01-15-10:28:30.622.650 [error_message_manage.cc:53]712971 FuncErrorReason:report error module_type=3, module_name=EE8888
[ERROR] RUNTIME(712971,15):2026-01-15-10:28:30.622.654 [error_message_manage.cc:53]712971 FuncErrorReason:rtMemcpy execute failed, reason=[the current capture mode does not support this operation]
[ERROR] ASCENDCL(712971,15):2026-01-15-10:28:30.622.986 [memory.cpp:437]712971 aclrtMemcpyImpl: synchronized memcpy failed, kind = 1, runtime result = 107030
[ERROR] RUNTIME(712971,15):2026-01-15-10:28:31.425.404 [api_error.cc:1519]712971 MemCopySync:Memory copy sync failed, cnt=416, kind=1.
[ERROR] RUNTIME(712971,15):2026-01-15-10:28:31.425.414 [api_c.cc:1197]712971 rtMemcpy:ErrCode=107030, desc=[the current capture mode does not support this operation], InnerCode=0x703001c
[ERROR] RUNTIME(712971,15):2026-01-15-10:28:31.425.418 [error_message_manage.cc:53]712971 FuncErrorReason:report error module_type=3, module_name=EE8888
[ERROR] RUNTIME(712971,15):2026-01-15-10:28:31.425.421 [error_message_manage.cc:53]712971 FuncErrorReason:rtMemcpy execute failed, reason=[the current capture mode does not support this operation]
[ERROR] ASCENDCL(712971,15):2026-01-15-10:28:31.425.835 [memory.cpp:437]712971 aclrtMemcpyImpl: synchronized memcpy failed, kind = 1, runtime result = 107030
[ERROR] RUNTIME(712971,15):2026-01-15-10:28:32.243.475 [api_error.cc:1519]712971 MemCopySync:Memory copy sync failed, cnt=72, kind=1.
[ERROR] RUNTIME(712971,15):2026-01-15-10:28:32.243.487 [api_c.cc:1197]712971 rtMemcpy:ErrCode=107030, desc=[the current capture mode does not support this operation], InnerCode=0x703001c
[ERROR] RUNTIME(712971,15):2026-01-15-10:28:32.243.490 [error_message_manage.cc:53]712971 FuncErrorReason:report error module_type=3, module_name=EE8888
[ERROR] RUNTIME(712971,15):2026-01-15-10:28:32.243.493 [error_message_manage.cc:53]712971 FuncErrorReason:rtMemcpy execute failed, reason=[the current capture mode does not support this operation]
[ERROR] ASCENDCL(712971,15):2026-01-15-10:28:32.243.806 [memory.cpp:437]712971 aclrtMemcpyImpl: synchronized memcpy failed, kind = 1, runtime result = 107030
[ERROR] RUNTIME(712971,15):2026-01-15-10:28:32.322.676 [api_error.cc:1519]712971 MemCopySync:Memory copy sync failed, cnt=416, kind=1.
[ERROR] RUNTIME(712971,15):2026-01-15-10:28:32.322.686 [api_c.cc:1197]712971 rtMemcpy:ErrCode=107030, desc=[the current capture mode does not support this operation], InnerCode=0x703001c
[ERROR] RUNTIME(712971,15):2026-01-15-10:28:32.322.689 [error_message_manage.cc:53]712971 FuncErrorReason:report error module_type=3, module_name=EE8888
[ERROR] RUNTIME(712971,15):2026-01-15-10:28:32.322.691 [error_message_manage.cc:53]712971 FuncErrorReason:rtMemcpy execute failed, reason=[the current capture mode does not support this operation]
[ERROR] ASCENDCL(712971,15):2026-01-15-10:28:32.323.149 [memory.cpp:437]712971 aclrtMemcpyImpl: synchronized memcpy failed, kind = 1, runtime result = 107030
[ERROR] RUNTIME(712971,15):2026-01-15-10:28:32.397.514 [api_error.cc:1519]712971 MemCopySync:Memory copy sync failed, cnt=72, kind=1.
[ERROR] RUNTIME(712971,15):2026-01-15-10:28:32.397.524 [api_c.cc:1197]712971 rtMemcpy:ErrCode=107030, desc=[the current capture mode does not support this operation], InnerCode=0x703001c
[ERROR] RUNTIME(712971,15):2026-01-15-10:28:32.397.527 [error_message_manage.cc:53]712971 FuncErrorReason:report error module_type=3, module_name=EE8888
[ERROR] RUNTIME(712971,15):2026-01-15-10:28:32.397.529 [error_message_manage.cc:53]712971 FuncErrorReason:rtMemcpy execute failed, reason=[the current capture mode does not support this operation]
[ERROR] ASCENDCL(712971,15):2026-01-15-10:28:32.397.846 [memory.cpp:437]712971 aclrtMemcpyImpl: synchronized memcpy failed, kind = 1, runtime result = 107030
[ERROR] RUNTIME(712971,15):2026-01-15-10:28:32.485.081 [api_error.cc:1519]712971 MemCopySync:Memory copy sync failed, cnt=416, kind=1.
[ERROR] RUNTIME(712971,15):2026-01-15-10:28:32.485.091 [api_c.cc:1197]712971 rtMemcpy:ErrCode=107030, desc=[the current capture mode does not support this operation], InnerCode=0x703001c
[ERROR] RUNTIME(712971,15):2026-01-15-10:28:32.485.093 [error_message_manage.cc:53]712971 FuncErrorReason:report error module_type=3, module_name=EE8888
[ERROR] RUNTIME(712971,15):2026-01-15-10:28:32.485.096 [error_message_manage.cc:53]712971 FuncErrorReason:rtMemcpy execute failed, reason=[the current capture mode does not support this operation]
[ERROR] ASCENDCL(712971,15):2026-01-15-10:28:32.485.427 [memory.cpp:437]712971 aclrtMemcpyImpl: synchronized memcpy failed, kind = 1, runtime result = 107030
[ERROR] RUNTIME(712971,15):2026-01-15-10:28:32.561.666 [api_error.cc:1519]712971 MemCopySync:Memory copy sync failed, cnt=72, kind=1.
[ERROR] RUNTIME(712971,15):2026-01-15-10:28:32.561.674 [api_c.cc:1197]712971 rtMemcpy:ErrCode=107030, desc=[the current capture mode does not support this operation], InnerCode=0x703001c
[ERROR] RUNTIME(712971,15):2026-01-15-10:28:32.561.676 [error_message_manage.cc:53]712971 FuncErrorReason:report error module_type=3, module_name=EE8888
[ERROR] RUNTIME(712971,15):2026-01-15-10:28:32.561.679 [error_message_manage.cc:53]712971 FuncErrorReason:rtMemcpy execute failed, reason=[the current capture mode does not support this operation]
[ERROR] ASCENDCL(712971,15):2026-01-15-10:28:32.561.921 [memory.cpp:437]712971 aclrtMemcpyImpl: synchronized memcpy failed, kind = 1, runtime result = 107030
[ERROR] RUNTIME(712971,15):2026-01-15-10:28:32.679.101 [api_error.cc:1519]712971 MemCopySync:Memory copy sync failed, cnt=416, kind=1.
[ERROR] RUNTIME(712971,15):2026-01-15-10:28:32.679.109 [api_c.cc:1197]712971 rtMemcpy:ErrCode=107030, desc=[the current capture mode does not support this operation], InnerCode=0x703001c
[ERROR] RUNTIME(712971,15):2026-01-15-10:28:32.679.112 [error_message_manage.cc:53]712971 FuncErrorReason:report error module_type=3, module_name=EE8888
[ERROR] RUNTIME(712971,15):2026-01-15-10:28:32.679.115 [error_message_manage.cc:53]712971 FuncErrorReason:rtMemcpy execute failed, reason=[the current capture mode does not support this operation]
[ERROR] ASCENDCL(712971,15):2026-01-15-10:28:32.679.495 [memory.cpp:437]712971 aclrtMemcpyImpl: synchronized memcpy failed, kind = 1, runtime result = 107030
[ERROR] RUNTIME(712971,15):2026-01-15-10:28:32.754.675 [api_error.cc:1519]712971 MemCopySync:Memory copy sync failed, cnt=72, kind=1.
[ERROR] RUNTIME(712971,15):2026-01-15-10:28:32.754.683 [api_c.cc:1197]712971 rtMemcpy:ErrCode=107030, desc=[the current capture mode does not support this operation], InnerCode=0x703001c
[ERROR] RUNTIME(712971,15):2026-01-15-10:28:32.754.685 [error_message_manage.cc:53]712971 FuncErrorReason:report error module_type=3, module_name=EE8888
[ERROR] RUNTIME(712971,15):2026-01-15-10:28:32.754.688 [error_message_manage.cc:53]712971 FuncErrorReason:rtMemcpy execute failed, reason=[the current capture mode does not support this operation]
[ERROR] ASCENDCL(712971,15):2026-01-15-10:28:32.754.968 [memory.cpp:437]712971 aclrtMemcpyImpl: synchronized memcpy failed, kind = 1, runtime result = 107030
[ERROR] RUNTIME(712971,15):2026-01-15-10:28:32.830.554 [api_error.cc:1519]712971 MemCopySync:Memory copy sync failed, cnt=416, kind=1.
[ERROR] RUNTIME(712971,15):2026-01-15-10:28:32.830.563 [api_c.cc:1197]712971 rtMemcpy:ErrCode=107030, desc=[the current capture mode does not support this operation], InnerCode=0x703001c
[ERROR] RUNTIME(712971,15):2026-01-15-10:28:32.830.566 [error_message_manage.cc:53]712971 FuncErrorReason:report error module_type=3, module_name=EE8888
[ERROR] RUNTIME(712971,15):2026-01-15-10:28:32.830.569 [error_message_manage.cc:53]712971 FuncErrorReason:rtMemcpy execute failed, reason=[the current capture mode does not support this operation]
[ERROR] ASCENDCL(712971,15):2026-01-15-10:28:32.830.851 [memory.cpp:437]712971 aclrtMemcpyImpl: synchronized memcpy failed, kind = 1, runtime result = 107030
[ERROR] RUNTIME(712971,15):2026-01-15-10:28:32.905.344 [api_error.cc:1519]712971 MemCopySync:Memory copy sync failed, cnt=72, kind=1.
[ERROR] RUNTIME(712971,15):2026-01-15-10:28:32.905.352 [api_c.cc:1197]712971 rtMemcpy:ErrCode=107030, desc=[the current capture mode does not support this operation], InnerCode=0x703001c
[ERROR] RUNTIME(712971,15):2026-01-15-10:28:32.905.354 [error_message_manage.cc:53]712971 FuncErrorReason:report error module_type=3, module_name=EE8888
[ERROR] RUNTIME(712971,15):2026-01-15-10:28:32.905.357 [error_message_manage.cc:53]712971 FuncErrorReason:rtMemcpy execute failed, reason=[the current capture mode does not support this operation]
[ERROR] ASCENDCL(712971,15):2026-01-15-10:28:32.905.605 [memory.cpp:437]712971 aclrtMemcpyImpl: synchronized memcpy failed, kind = 1, runtime result = 107030
[ERROR] RUNTIME(712971,15):2026-01-15-10:28:32.980.511 [api_error.cc:1519]712971 MemCopySync:Memory copy sync failed, cnt=416, kind=1.
[ERROR] RUNTIME(712971,15):2026-01-15-10:28:32.980.518 [api_c.cc:1197]712971 rtMemcpy:ErrCode=107030, desc=[the current capture mode does not support this operation], InnerCode=0x703001c
[ERROR] RUNTIME(712971,15):2026-01-15-10:28:32.980.521 [error_message_manage.cc:53]712971 FuncErrorReason:report error module_type=3, module_name=EE8888
[ERROR] RUNTIME(712971,15):2026-01-15-10:28:32.980.524 [error_message_manage.cc:53]712971 FuncErrorReason:rtMemcpy execute failed, reason=[the current capture mode does not support this operation]
[ERROR] ASCENDCL(712971,15):2026-01-15-10:28:32.980.799 [memory.cpp:437]712971 aclrtMemcpyImpl: synchronized memcpy failed, kind = 1, runtime result = 107030
[ERROR] RUNTIME(712971,15):2026-01-15-10:28:33.053.866 [api_error.cc:1519]712971 MemCopySync:Memory copy sync failed, cnt=72, kind=1.
[ERROR] RUNTIME(712971,15):2026-01-15-10:28:33.053.874 [api_c.cc:1197]712971 rtMemcpy:ErrCode=107030, desc=[the current capture mode does not support this operation], InnerCode=0x703001c
[ERROR] RUNTIME(712971,15):2026-01-15-10:28:33.053.877 [error_message_manage.cc:53]712971 FuncErrorReason:report error module_type=3, module_name=EE8888
[ERROR] RUNTIME(712971,15):2026-01-15-10:28:33.053.879 [error_message_manage.cc:53]712971 FuncErrorReason:rtMemcpy execute failed, reason=[the current capture mode does not support this operation]
[ERROR] ASCENDCL(712971,15):2026-01-15-10:28:33.054.149 [memory.cpp:437]712971 aclrtMemcpyImpl: synchronized memcpy failed, kind = 1, runtime result = 107030
[ERROR] RUNTIME(712971,15):2026-01-15-10:28:33.131.370 [api_error.cc:1519]712971 MemCopySync:Memory copy sync failed, cnt=416, kind=1.
[ERROR] RUNTIME(712971,15):2026-01-15-10:28:33.131.378 [api_c.cc:1197]712971 rtMemcpy:ErrCode=107030, desc=[the current capture mode does not support this operation], InnerCode=0x703001c
[ERROR] RUNTIME(712971,15):2026-01-15-10:28:33.131.380 [error_message_manage.cc:53]712971 FuncErrorReason:report error module_type=3, module_name=EE8888
[ERROR] RUNTIME(712971,15):2026-01-15-10:28:33.131.383 [error_message_manage.cc:53]712971 FuncErrorReason:rtMemcpy execute failed, reason=[the current capture mode does not support this operation]
[ERROR] ASCENDCL(712971,15):2026-01-15-10:28:33.131.631 [memory.cpp:437]712971 aclrtMemcpyImpl: synchronized memcpy failed, kind = 1, runtime result = 107030
[ERROR] RUNTIME(712971,15):2026-01-15-10:28:33.206.281 [api_error.cc:1519]712971 MemCopySync:Memory copy sync failed, cnt=72, kind=1.
[ERROR] RUNTIME(712971,15):2026-01-15-10:28:33.206.289 [api_c.cc:1197]712971 rtMemcpy:ErrCode=107030, desc=[the current capture mode does not support this operation], InnerCode=0x703001c
[ERROR] RUNTIME(712971,15):2026-01-15-10:28:33.206.292 [error_message_manage.cc:53]712971 FuncErrorReason:report error module_type=3, module_name=EE8888
[ERROR] RUNTIME(712971,15):2026-01-15-10:28:33.206.295 [error_message_manage.cc:53]712971 FuncErrorReason:rtMemcpy execute failed, reason=[the current capture mode does not support this operation]
[ERROR] ASCENDCL(712971,15):2026-01-15-10:28:33.206.516 [memory.cpp:437]712971 aclrtMemcpyImpl: synchronized memcpy failed, kind = 1, runtime result = 107030
[ERROR] RUNTIME(712971,15):2026-01-15-10:28:33.281.624 [api_error.cc:1519]712971 MemCopySync:Memory copy sync failed, cnt=416, kind=1.
[ERROR] RUNTIME(712971,15):2026-01-15-10:28:33.281.633 [api_c.cc:1197]712971 rtMemcpy:ErrCode=107030, desc=[the current capture mode does not support this operation], InnerCode=0x703001c
[ERROR] RUNTIME(712971,15):2026-01-15-10:28:33.281.635 [error_message_manage.cc:53]712971 FuncErrorReason:report error module_type=3, module_name=EE8888
[ERROR] RUNTIME(712971,15):2026-01-15-10:28:33.281.638 [error_message_manage.cc:53]712971 FuncErrorReason:rtMemcpy execute failed, reason=[the current capture mode does not support this operation]
[ERROR] ASCENDCL(712971,15):2026-01-15-10:28:33.281.932 [memory.cpp:437]712971 aclrtMemcpyImpl: synchronized memcpy failed, kind = 1, runtime result = 107030
[ERROR] RUNTIME(712971,15):2026-01-15-10:28:33.360.196 [api_error.cc:1519]712971 MemCopySync:Memory copy sync failed, cnt=72, kind=1.
[ERROR] RUNTIME(712971,15):2026-01-15-10:28:33.360.204 [api_c.cc:1197]712971 rtMemcpy:ErrCode=107030, desc=[the current capture mode does not support this operation], InnerCode=0x703001c
[ERROR] RUNTIME(712971,15):2026-01-15-10:28:33.360.206 [error_message_manage.cc:53]712971 FuncErrorReason:report error module_type=3, module_name=EE8888
[ERROR] RUNTIME(712971,15):2026-01-15-10:28:33.360.209 [error_message_manage.cc:53]712971 FuncErrorReason:rtMemcpy execute failed, reason=[the current capture mode does not support this operation]
[ERROR] ASCENDCL(712971,15):2026-01-15-10:28:33.360.417 [memory.cpp:437]712971 aclrtMemcpyImpl: synchronized memcpy failed, kind = 1, runtime result = 107030
[ERROR] RUNTIME(712971,15):2026-01-15-10:28:33.439.521 [api_error.cc:1519]712971 MemCopySync:Memory copy sync failed, cnt=416, kind=1.
[ERROR] RUNTIME(712971,15):2026-01-15-10:28:33.439.530 [api_c.cc:1197]712971 rtMemcpy:ErrCode=107030, desc=[the current capture mode does not support this operation], InnerCode=0x703001c
[ERROR] RUNTIME(712971,15):2026-01-15-10:28:33.439.533 [error_message_manage.cc:53]712971 FuncErrorReason:report error module_type=3, module_name=EE8888
[ERROR] RUNTIME(712971,15):2026-01-15-10:28:33.439.536 [error_message_manage.cc:53]712971 FuncErrorReason:rtMemcpy execute failed, reason=[the current capture mode does not support this operation]
[ERROR] ASCENDCL(712971,15):2026-01-15-10:28:33.439.798 [memory.cpp:437]712971 aclrtMemcpyImpl: synchronized memcpy failed, kind = 1, runtime result = 107030
[ERROR] RUNTIME(712971,15):2026-01-15-10:28:33.521.981 [api_error.cc:1519]712971 MemCopySync:Memory copy sync failed, cnt=72, kind=1.
[ERROR] RUNTIME(712971,15):2026-01-15-10:28:33.521.988 [api_c.cc:1197]712971 rtMemcpy:ErrCode=107030, desc=[the current capture mode does not support this operation], InnerCode=0x703001c
[ERROR] RUNTIME(712971,15):2026-01-15-10:28:33.521.991 [error_message_manage.cc:53]712971 FuncErrorReason:report error module_type=3, module_name=EE8888
[ERROR] RUNTIME(712971,15):2026-01-15-10:28:33.521.993 [error_message_manage.cc:53]712971 FuncErrorReason:rtMemcpy execute failed, reason=[the current capture mode does not support this operation]
[ERROR] ASCENDCL(712971,15):2026-01-15-10:28:33.522.234 [memory.cpp:437]712971 aclrtMemcpyImpl: synchronized memcpy failed, kind = 1, runtime result = 107030
[ERROR] RUNTIME(712971,15):2026-01-15-10:28:33.596.143 [api_error.cc:1519]712971 MemCopySync:Memory copy sync failed, cnt=416, kind=1.
[ERROR] RUNTIME(712971,15):2026-01-15-10:28:33.596.151 [api_c.cc:1197]712971 rtMemcpy:ErrCode=107030, desc=[the current capture mode does not support this operation], InnerCode=0x703001c
[ERROR] RUNTIME(712971,15):2026-01-15-10:28:33.596.154 [error_message_manage.cc:53]712971 FuncErrorReason:report error module_type=3, module_name=EE8888
[ERROR] RUNTIME(712971,15):2026-01-15-10:28:33.596.156 [error_message_manage.cc:53]712971 FuncErrorReason:rtMemcpy execute failed, reason=[the current capture mode does not support this operation]
[ERROR] ASCENDCL(712971,15):2026-01-15-10:28:33.596.381 [memory.cpp:437]712971 aclrtMemcpyImpl: synchronized memcpy failed, kind = 1, runtime result = 107030
[ERROR] RUNTIME(712971,15):2026-01-15-10:28:33.668.956 [api_error.cc:1519]712971 MemCopySync:Memory copy sync failed, cnt=72, kind=1.
[ERROR] RUNTIME(712971,15):2026-01-15-10:28:33.668.964 [api_c.cc:1197]712971 rtMemcpy:ErrCode=107030, desc=[the current capture mode does not support this operation], InnerCode=0x703001c
[ERROR] RUNTIME(712971,15):2026-01-15-10:28:33.668.967 [error_message_manage.cc:53]712971 FuncErrorReason:report error module_type=3, module_name=EE8888
[ERROR] RUNTIME(712971,15):2026-01-15-10:28:33.668.969 [error_message_manage.cc:53]712971 FuncErrorReason:rtMemcpy execute failed, reason=[the current capture mode does not support this operation]
[ERROR] ASCENDCL(712971,15):2026-01-15-10:28:33.669.257 [memory.cpp:437]712971 aclrtMemcpyImpl: synchronized memcpy failed, kind = 1, runtime result = 107030
[ERROR] RUNTIME(712971,15):2026-01-15-10:28:33.747.320 [api_error.cc:1519]712971 MemCopySync:Memory copy sync failed, cnt=416, kind=1.
[ERROR] RUNTIME(712971,15):2026-01-15-10:28:33.747.328 [api_c.cc:1197]712971 rtMemcpy:ErrCode=107030, desc=[the current capture mode does not support this operation], InnerCode=0x703001c
[ERROR] RUNTIME(712971,15):2026-01-15-10:28:33.747.331 [error_message_manage.cc:53]712971 FuncErrorReason:report error module_type=3, module_name=EE8888
[ERROR] RUNTIME(712971,15):2026-01-15-10:28:33.747.333 [error_message_manage.cc:53]712971 FuncErrorReason:rtMemcpy execute failed, reason=[the current capture mode does not support this operation]
[ERROR] ASCENDCL(712971,15):2026-01-15-10:28:33.747.562 [memory.cpp:437]712971 aclrtMemcpyImpl: synchronized memcpy failed, kind = 1, runtime result = 107030
[ERROR] RUNTIME(712971,15):2026-01-15-10:28:33.818.242 [api_error.cc:1519]712971 MemCopySync:Memory copy sync failed, cnt=72, kind=1.
[ERROR] RUNTIME(712971,15):2026-01-15-10:28:33.818.250 [api_c.cc:1197]712971 rtMemcpy:ErrCode=107030, desc=[the current capture mode does not support this operation], InnerCode=0x703001c
[ERROR] RUNTIME(712971,15):2026-01-15-10:28:33.818.252 [error_message_manage.cc:53]712971 FuncErrorReason:report error module_type=3, module_name=EE8888
[ERROR] RUNTIME(712971,15):2026-01-15-10:28:33.818.255 [error_message_manage.cc:53]712971 FuncErrorReason:rtMemcpy execute failed, reason=[the current capture mode does not support this operation]
[ERROR] ASCENDCL(712971,15):2026-01-15-10:28:33.818.453 [memory.cpp:437]712971 aclrtMemcpyImpl: synchronized memcpy failed, kind = 1, runtime result = 107030
[ERROR] RUNTIME(712971,15):2026-01-15-10:28:33.889.494 [api_error.cc:1519]712971 MemCopySync:Memory copy sync failed, cnt=416, kind=1.
[ERROR] RUNTIME(712971,15):2026-01-15-10:28:33.889.502 [api_c.cc:1197]712971 rtMemcpy:ErrCode=107030, desc=[the current capture mode does not support this operation], InnerCode=0x703001c
[ERROR] RUNTIME(712971,15):2026-01-15-10:28:33.889.505 [error_message_manage.cc:53]712971 FuncErrorReason:report error module_type=3, module_name=EE8888
[ERROR] RUNTIME(712971,15):2026-01-15-10:28:33.889.508 [error_message_manage.cc:53]712971 FuncErrorReason:rtMemcpy execute failed, reason=[the current capture mode does not support this operation]
[ERROR] ASCENDCL(712971,15):2026-01-15-10:28:33.889.780 [memory.cpp:437]712971 aclrtMemcpyImpl: synchronized memcpy failed, kind = 1, runtime result = 107030
[ERROR] RUNTIME(712971,15):2026-01-15-10:28:33.965.133 [api_error.cc:1519]712971 MemCopySync:Memory copy sync failed, cnt=72, kind=1.
[ERROR] RUNTIME(712971,15):2026-01-15-10:28:33.965.141 [api_c.cc:1197]712971 rtMemcpy:ErrCode=107030, desc=[the current capture mode does not support this operation], InnerCode=0x703001c
[ERROR] RUNTIME(712971,15):2026-01-15-10:28:33.965.143 [error_message_manage.cc:53]712971 FuncErrorReason:report error module_type=3, module_name=EE8888
[ERROR] RUNTIME(712971,15):2026-01-15-10:28:33.965.146 [error_message_manage.cc:53]712971 FuncErrorReason:rtMemcpy execute failed, reason=[the current capture mode does not support this operation]
[ERROR] ASCENDCL(712971,15):2026-01-15-10:28:33.965.428 [memory.cpp:437]712971 aclrtMemcpyImpl: synchronized memcpy failed, kind = 1, runtime result = 107030
[ERROR] RUNTIME(712971,15):2026-01-15-10:28:34.043.857 [api_error.cc:1519]712971 MemCopySync:Memory copy sync failed, cnt=416, kind=1.
[ERROR] RUNTIME(712971,15):2026-01-15-10:28:34.043.865 [api_c.cc:1197]712971 rtMemcpy:ErrCode=107030, desc=[the current capture mode does not support this operation], InnerCode=0x703001c
[ERROR] RUNTIME(712971,15):2026-01-15-10:28:34.043.868 [error_message_manage.cc:53]712971 FuncErrorReason:report error module_type=3, module_name=EE8888
[ERROR] RUNTIME(712971,15):2026-01-15-10:28:34.043.871 [error_message_manage.cc:53]712971 FuncErrorReason:rtMemcpy execute failed, reason=[the current capture mode does not support this operation]
[ERROR] ASCENDCL(712971,15):2026-01-15-10:28:34.044.181 [memory.cpp:437]712971 aclrtMemcpyImpl: synchronized memcpy failed, kind = 1, runtime result = 107030
[ERROR] RUNTIME(712971,15):2026-01-15-10:28:34.119.608 [api_error.cc:1519]712971 MemCopySync:Memory copy sync failed, cnt=72, kind=1.
[ERROR] RUNTIME(712971,15):2026-01-15-10:28:34.119.616 [api_c.cc:1197]712971 rtMemcpy:ErrCode=107030, desc=[the current capture mode does not support this operation], InnerCode=0x703001c
[ERROR] RUNTIME(712971,15):2026-01-15-10:28:34.119.618 [error_message_manage.cc:53]712971 FuncErrorReason:report error module_type=3, module_name=EE8888
[ERROR] RUNTIME(712971,15):2026-01-15-10:28:34.119.621 [error_message_manage.cc:53]712971 FuncErrorReason:rtMemcpy execute failed, reason=[the current capture mode does not support this operation]
[ERROR] ASCENDCL(712971,15):2026-01-15-10:28:34.119.811 [memory.cpp:437]712971 aclrtMemcpyImpl: synchronized memcpy failed, kind = 1, runtime result = 107030
[ERROR] RUNTIME(712971,15):2026-01-15-10:28:34.201.594 [api_error.cc:1519]712971 MemCopySync:Memory copy sync failed, cnt=416, kind=1.
[ERROR] RUNTIME(712971,15):2026-01-15-10:28:34.201.602 [api_c.cc:1197]712971 rtMemcpy:ErrCode=107030, desc=[the current capture mode does not support this operation], InnerCode=0x703001c
[ERROR] RUNTIME(712971,15):2026-01-15-10:28:34.201.605 [error_message_manage.cc:53]712971 FuncErrorReason:report error module_type=3, module_name=EE8888
[ERROR] RUNTIME(712971,15):2026-01-15-10:28:34.201.608 [error_message_manage.cc:53]712971 FuncErrorReason:rtMemcpy execute failed, reason=[the current capture mode does not support this operation]
[ERROR] ASCENDCL(712971,15):2026-01-15-10:28:34.201.883 [memory.cpp:437]712971 aclrtMemcpyImpl: synchronized memcpy failed, kind = 1, runtime result = 107030
[ERROR] RUNTIME(712971,15):2026-01-15-10:28:34.278.374 [api_error.cc:1519]712971 MemCopySync:Memory copy sync failed, cnt=72, kind=1.
[ERROR] RUNTIME(712971,15):2026-01-15-10:28:34.278.382 [api_c.cc:1197]712971 rtMemcpy:ErrCode=107030, desc=[the current capture mode does not support this operation], InnerCode=0x703001c
[ERROR] RUNTIME(712971,15):2026-01-15-10:28:34.278.385 [error_message_manage.cc:53]712971 FuncErrorReason:report error module_type=3, module_name=EE8888
[ERROR] RUNTIME(712971,15):2026-01-15-10:28:34.278.387 [error_message_manage.cc:53]712971 FuncErrorReason:rtMemcpy execute failed, reason=[the current capture mode does not support this operation]
[ERROR] ASCENDCL(712971,15):2026-01-15-10:28:34.278.665 [memory.cpp:437]712971 aclrtMemcpyImpl: synchronized memcpy failed, kind = 1, runtime result = 107030
[ERROR] RUNTIME(712971,15):2026-01-15-10:28:34.375.314 [api_error.cc:1519]712971 MemCopySync:Memory copy sync failed, cnt=416, kind=1.
[ERROR] RUNTIME(712971,15):2026-01-15-10:28:34.375.322 [api_c.cc:1197]712971 rtMemcpy:ErrCode=107030, desc=[the current capture mode does not support this operation], InnerCode=0x703001c
[ERROR] RUNTIME(712971,15):2026-01-15-10:28:34.375.325 [error_message_manage.cc:53]712971 FuncErrorReason:report error module_type=3, module_name=EE8888
[ERROR] RUNTIME(712971,15):2026-01-15-10:28:34.375.328 [error_message_manage.cc:53]712971 FuncErrorReason:rtMemcpy execute failed, reason=[the current capture mode does not support this operation]
[ERROR] ASCENDCL(712971,15):2026-01-15-10:28:34.375.723 [memory.cpp:437]712971 aclrtMemcpyImpl: synchronized memcpy failed, kind = 1, runtime result = 107030
[ERROR] RUNTIME(712971,15):2026-01-15-10:28:34.453.147 [api_error.cc:1519]712971 MemCopySync:Memory copy sync failed, cnt=72, kind=1.
[ERROR] RUNTIME(712971,15):2026-01-15-10:28:34.453.155 [api_c.cc:1197]712971 rtMemcpy:ErrCode=107030, desc=[the current capture mode does not support this operation], InnerCode=0x703001c
[ERROR] RUNTIME(712971,15):2026-01-15-10:28:34.453.157 [error_message_manage.cc:53]712971 FuncErrorReason:report error module_type=3, module_name=EE8888
[ERROR] RUNTIME(712971,15):2026-01-15-10:28:34.453.160 [error_message_manage.cc:53]712971 FuncErrorReason:rtMemcpy execute failed, reason=[the current capture mode does not support this operation]
[ERROR] ASCENDCL(712971,15):2026-01-15-10:28:34.453.442 [memory.cpp:437]712971 aclrtMemcpyImpl: synchronized memcpy failed, kind = 1, runtime result = 107030
[ERROR] RUNTIME(712971,15):2026-01-15-10:28:34.527.735 [api_error.cc:1519]712971 MemCopySync:Memory copy sync failed, cnt=416, kind=1.
[ERROR] RUNTIME(712971,15):2026-01-15-10:28:34.527.744 [api_c.cc:1197]712971 rtMemcpy:ErrCode=107030, desc=[the current capture mode does not support this operation], InnerCode=0x703001c
[ERROR] RUNTIME(712971,15):2026-01-15-10:28:34.527.746 [error_message_manage.cc:53]712971 FuncErrorReason:report error module_type=3, module_name=EE8888
[ERROR] RUNTIME(712971,15):2026-01-15-10:28:34.527.749 [error_message_manage.cc:53]712971 FuncErrorReason:rtMemcpy execute failed, reason=[the current capture mode does not support this operation]
[ERROR] ASCENDCL(712971,15):2026-01-15-10:28:34.528.054 [memory.cpp:437]712971 aclrtMemcpyImpl: synchronized memcpy failed, kind = 1, runtime result = 107030
[ERROR] RUNTIME(712971,15):2026-01-15-10:28:34.605.343 [api_error.cc:1519]712971 MemCopySync:Memory copy sync failed, cnt=72, kind=1.
[ERROR] RUNTIME(712971,15):2026-01-15-10:28:34.605.351 [api_c.cc:1197]712971 rtMemcpy:ErrCode=107030, desc=[the current capture mode does not support this operation], InnerCode=0x703001c
[ERROR] RUNTIME(712971,15):2026-01-15-10:28:34.605.353 [error_message_manage.cc:53]712971 FuncErrorReason:report error module_type=3, module_name=EE8888
[ERROR] RUNTIME(712971,15):2026-01-15-10:28:34.605.356 [error_message_manage.cc:53]712971 FuncErrorReason:rtMemcpy execute failed, reason=[the current capture mode does not support this operation]
[ERROR] ASCENDCL(712971,15):2026-01-15-10:28:34.605.564 [memory.cpp:437]712971 aclrtMemcpyImpl: synchronized memcpy failed, kind = 1, runtime result = 107030
[ERROR] RUNTIME(712971,15):2026-01-15-10:28:34.682.494 [api_error.cc:1519]712971 MemCopySync:Memory copy sync failed, cnt=416, kind=1.
[ERROR] RUNTIME(712971,15):2026-01-15-10:28:34.682.502 [api_c.cc:1197]712971 rtMemcpy:ErrCode=107030, desc=[the current capture mode does not support this operation], InnerCode=0x703001c
[ERROR] RUNTIME(712971,15):2026-01-15-10:28:34.682.505 [error_message_manage.cc:53]712971 FuncErrorReason:report error module_type=3, module_name=EE8888
[ERROR] RUNTIME(712971,15):2026-01-15-10:28:34.682.508 [error_message_manage.cc:53]712971 FuncErrorReason:rtMemcpy execute failed, reason=[the current capture mode does not support this operation]
[ERROR] ASCENDCL(712971,15):2026-01-15-10:28:34.682.790 [memory.cpp:437]712971 aclrtMemcpyImpl: synchronized memcpy failed, kind = 1, runtime result = 107030
[ERROR] RUNTIME(712971,15):2026-01-15-10:28:34.759.176 [api_error.cc:1519]712971 MemCopySync:Memory copy sync failed, cnt=72, kind=1.
[ERROR] RUNTIME(712971,15):2026-01-15-10:28:34.759.183 [api_c.cc:1197]712971 rtMemcpy:ErrCode=107030, desc=[the current capture mode does not support this operation], InnerCode=0x703001c
[ERROR] RUNTIME(712971,15):2026-01-15-10:28:34.759.185 [error_message_manage.cc:53]712971 FuncErrorReason:report error module_type=3, module_name=EE8888
[ERROR] RUNTIME(712971,15):2026-01-15-10:28:34.759.188 [error_message_manage.cc:53]712971 FuncErrorReason:rtMemcpy execute failed, reason=[the current capture mode does not support this operation]
[ERROR] ASCENDCL(712971,15):2026-01-15-10:28:34.759.437 [memory.cpp:437]712971 aclrtMemcpyImpl: synchronized memcpy failed, kind = 1, runtime result = 107030
[ERROR] RUNTIME(712971,15):2026-01-15-10:28:34.839.863 [api_error.cc:1519]712971 MemCopySync:Memory copy sync failed, cnt=416, kind=1.
[ERROR] RUNTIME(712971,15):2026-01-15-10:28:34.839.872 [api_c.cc:1197]712971 rtMemcpy:ErrCode=107030, desc=[the current capture mode does not support this operation], InnerCode=0x703001c
[ERROR] RUNTIME(712971,15):2026-01-15-10:28:34.839.875 [error_message_manage.cc:53]712971 FuncErrorReason:report error module_type=3, module_name=EE8888
[ERROR] RUNTIME(712971,15):2026-01-15-10:28:34.839.877 [error_message_manage.cc:53]712971 FuncErrorReason:rtMemcpy execute failed, reason=[the current capture mode does not support this operation]
[ERROR] ASCENDCL(712971,15):2026-01-15-10:28:34.840.172 [memory.cpp:437]712971 aclrtMemcpyImpl: synchronized memcpy failed, kind = 1, runtime result = 107030
[ERROR] RUNTIME(712971,15):2026-01-15-10:28:34.916.542 [api_error.cc:1519]712971 MemCopySync:Memory copy sync failed, cnt=72, kind=1.
[ERROR] RUNTIME(712971,15):2026-01-15-10:28:34.916.549 [api_c.cc:1197]712971 rtMemcpy:ErrCode=107030, desc=[the current capture mode does not support this operation], InnerCode=0x703001c
[ERROR] RUNTIME(712971,15):2026-01-15-10:28:34.916.551 [error_message_manage.cc:53]712971 FuncErrorReason:report error module_type=3, module_name=EE8888
[ERROR] RUNTIME(712971,15):2026-01-15-10:28:34.916.554 [error_message_manage.cc:53]712971 FuncErrorReason:rtMemcpy execute failed, reason=[the current capture mode does not support this operation]
[ERROR] ASCENDCL(712971,15):2026-01-15-10:28:34.916.856 [memory.cpp:437]712971 aclrtMemcpyImpl: synchronized memcpy failed, kind = 1, runtime result = 107030
[ERROR] RUNTIME(712971,15):2026-01-15-10:28:35.001.137 [api_error.cc:1519]712971 MemCopySync:Memory copy sync failed, cnt=416, kind=1.
[ERROR] RUNTIME(712971,15):2026-01-15-10:28:35.001.145 [api_c.cc:1197]712971 rtMemcpy:ErrCode=107030, desc=[the current capture mode does not support this operation], InnerCode=0x703001c
[ERROR] RUNTIME(712971,15):2026-01-15-10:28:35.001.147 [error_message_manage.cc:53]712971 FuncErrorReason:report error module_type=3, module_name=EE8888
[ERROR] RUNTIME(712971,15):2026-01-15-10:28:35.001.150 [error_message_manage.cc:53]712971 FuncErrorReason:rtMemcpy execute failed, reason=[the current capture mode does not support this operation]
[ERROR] ASCENDCL(712971,15):2026-01-15-10:28:35.001.385 [memory.cpp:437]712971 aclrtMemcpyImpl: synchronized memcpy failed, kind = 1, runtime result = 107030
[ERROR] RUNTIME(712971,15):2026-01-15-10:28:35.070.683 [api_error.cc:1519]712971 MemCopySync:Memory copy sync failed, cnt=72, kind=1.
[ERROR] RUNTIME(712971,15):2026-01-15-10:28:35.070.691 [api_c.cc:1197]712971 rtMemcpy:ErrCode=107030, desc=[the current capture mode does not support this operation], InnerCode=0x703001c
[ERROR] RUNTIME(712971,15):2026-01-15-10:28:35.070.693 [error_message_manage.cc:53]712971 FuncErrorReason:report error module_type=3, module_name=EE8888
[ERROR] RUNTIME(712971,15):2026-01-15-10:28:35.070.696 [error_message_manage.cc:53]712971 FuncErrorReason:rtMemcpy execute failed, reason=[the current capture mode does not support this operation]
[ERROR] ASCENDCL(712971,15):2026-01-15-10:28:35.070.977 [memory.cpp:437]712971 aclrtMemcpyImpl: synchronized memcpy failed, kind = 1, runtime result = 107030
[ERROR] RUNTIME(712971,15):2026-01-15-10:28:35.149.134 [api_error.cc:1519]712971 MemCopySync:Memory copy sync failed, cnt=416, kind=1.
[ERROR] RUNTIME(712971,15):2026-01-15-10:28:35.149.141 [api_c.cc:1197]712971 rtMemcpy:ErrCode=107030, desc=[the current capture mode does not support this operation], InnerCode=0x703001c
[ERROR] RUNTIME(712971,15):2026-01-15-10:28:35.149.144 [error_message_manage.cc:53]712971 FuncErrorReason:report error module_type=3, module_name=EE8888
[ERROR] RUNTIME(712971,15):2026-01-15-10:28:35.149.147 [error_message_manage.cc:53]712971 FuncErrorReason:rtMemcpy execute failed, reason=[the current capture mode does not support this operation]
[ERROR] ASCENDCL(712971,15):2026-01-15-10:28:35.149.366 [memory.cpp:437]712971 aclrtMemcpyImpl: synchronized memcpy failed, kind = 1, runtime result = 107030
[ERROR] RUNTIME(712971,15):2026-01-15-10:28:35.222.375 [api_error.cc:1519]712971 MemCopySync:Memory copy sync failed, cnt=72, kind=1.
[ERROR] RUNTIME(712971,15):2026-01-15-10:28:35.222.383 [api_c.cc:1197]712971 rtMemcpy:ErrCode=107030, desc=[the current capture mode does not support this operation], InnerCode=0x703001c
[ERROR] RUNTIME(712971,15):2026-01-15-10:28:35.222.385 [error_message_manage.cc:53]712971 FuncErrorReason:report error module_type=3, module_name=EE8888
[ERROR] RUNTIME(712971,15):2026-01-15-10:28:35.222.388 [error_message_manage.cc:53]712971 FuncErrorReason:rtMemcpy execute failed, reason=[the current capture mode does not support this operation]
[ERROR] ASCENDCL(712971,15):2026-01-15-10:28:35.222.603 [memory.cpp:437]712971 aclrtMemcpyImpl: synchronized memcpy failed, kind = 1, runtime result = 107030
[ERROR] RUNTIME(712971,15):2026-01-15-10:28:35.304.511 [api_error.cc:1519]712971 MemCopySync:Memory copy sync failed, cnt=416, kind=1.
[ERROR] RUNTIME(712971,15):2026-01-15-10:28:35.304.520 [api_c.cc:1197]712971 rtMemcpy:ErrCode=107030, desc=[the current capture mode does not support this operation], InnerCode=0x703001c
[ERROR] RUNTIME(712971,15):2026-01-15-10:28:35.304.522 [error_message_manage.cc:53]712971 FuncErrorReason:report error module_type=3, module_name=EE8888
[ERROR] RUNTIME(712971,15):2026-01-15-10:28:35.304.525 [error_message_manage.cc:53]712971 FuncErrorReason:rtMemcpy execute failed, reason=[the current capture mode does not support this operation]
[ERROR] ASCENDCL(712971,15):2026-01-15-10:28:35.304.796 [memory.cpp:437]712971 aclrtMemcpyImpl: synchronized memcpy failed, kind = 1, runtime result = 107030
[ERROR] RUNTIME(712971,15):2026-01-15-10:28:35.382.923 [api_error.cc:1519]712971 MemCopySync:Memory copy sync failed, cnt=72, kind=1.
[ERROR] RUNTIME(712971,15):2026-01-15-10:28:35.382.931 [api_c.cc:1197]712971 rtMemcpy:ErrCode=107030, desc=[the current capture mode does not support this operation], InnerCode=0x703001c
[ERROR] RUNTIME(712971,15):2026-01-15-10:28:35.382.933 [error_message_manage.cc:53]712971 FuncErrorReason:report error module_type=3, module_name=EE8888
[ERROR] RUNTIME(712971,15):2026-01-15-10:28:35.382.936 [error_message_manage.cc:53]712971 FuncErrorReason:rtMemcpy execute failed, reason=[the current capture mode does not support this operation]
[ERROR] ASCENDCL(712971,15):2026-01-15-10:28:35.383.191 [memory.cpp:437]712971 aclrtMemcpyImpl: synchronized memcpy failed, kind = 1, runtime result = 107030
[ERROR] RUNTIME(712971,15):2026-01-15-10:28:35.464.161 [api_error.cc:1519]712971 MemCopySync:Memory copy sync failed, cnt=416, kind=1.
[ERROR] RUNTIME(712971,15):2026-01-15-10:28:35.464.169 [api_c.cc:1197]712971 rtMemcpy:ErrCode=107030, desc=[the current capture mode does not support this operation], InnerCode=0x703001c
[ERROR] RUNTIME(712971,15):2026-01-15-10:28:35.464.172 [error_message_manage.cc:53]712971 FuncErrorReason:report error module_type=3, module_name=EE8888
[ERROR] RUNTIME(712971,15):2026-01-15-10:28:35.464.174 [error_message_manage.cc:53]712971 FuncErrorReason:rtMemcpy execute failed, reason=[the current capture mode does not support this operation]
[ERROR] ASCENDCL(712971,15):2026-01-15-10:28:35.464.469 [memory.cpp:437]712971 aclrtMemcpyImpl: synchronized memcpy failed, kind = 1, runtime result = 107030
[ERROR] RUNTIME(712971,15):2026-01-15-10:28:35.544.481 [api_error.cc:1519]712971 MemCopySync:Memory copy sync failed, cnt=72, kind=1.
[ERROR] RUNTIME(712971,15):2026-01-15-10:28:35.544.488 [api_c.cc:1197]712971 rtMemcpy:ErrCode=107030, desc=[the current capture mode does not support this operation], InnerCode=0x703001c
[ERROR] RUNTIME(712971,15):2026-01-15-10:28:35.544.491 [error_message_manage.cc:53]712971 FuncErrorReason:report error module_type=3, module_name=EE8888
[ERROR] RUNTIME(712971,15):2026-01-15-10:28:35.544.493 [error_message_manage.cc:53]712971 FuncErrorReason:rtMemcpy execute failed, reason=[the current capture mode does not support this operation]
[ERROR] ASCENDCL(712971,15):2026-01-15-10:28:35.544.796 [memory.cpp:437]712971 aclrtMemcpyImpl: synchronized memcpy failed, kind = 1, runtime result = 107030
[ERROR] RUNTIME(712971,15):2026-01-15-10:28:35.627.260 [api_error.cc:1519]712971 MemCopySync:Memory copy sync failed, cnt=416, kind=1.
[ERROR] RUNTIME(712971,15):2026-01-15-10:28:35.627.270 [api_c.cc:1197]712971 rtMemcpy:ErrCode=107030, desc=[the current capture mode does not support this operation], InnerCode=0x703001c
[ERROR] RUNTIME(712971,15):2026-01-15-10:28:35.627.272 [error_message_manage.cc:53]712971 FuncErrorReason:report error module_type=3, module_name=EE8888
[ERROR] RUNTIME(712971,15):2026-01-15-10:28:35.627.275 [error_message_manage.cc:53]712971 FuncErrorReason:rtMemcpy execute failed, reason=[the current capture mode does not support this operation]
[ERROR] ASCENDCL(712971,15):2026-01-15-10:28:35.627.548 [memory.cpp:437]712971 aclrtMemcpyImpl: synchronized memcpy failed, kind = 1, runtime result = 107030
[ERROR] RUNTIME(712971,15):2026-01-15-10:28:35.705.901 [api_error.cc:1519]712971 MemCopySync:Memory copy sync failed, cnt=72, kind=1.
[ERROR] RUNTIME(712971,15):2026-01-15-10:28:35.705.909 [api_c.cc:1197]712971 rtMemcpy:ErrCode=107030, desc=[the current capture mode does not support this operation], InnerCode=0x703001c
[ERROR] RUNTIME(712971,15):2026-01-15-10:28:35.705.911 [error_message_manage.cc:53]712971 FuncErrorReason:report error module_type=3, module_name=EE8888
[ERROR] RUNTIME(712971,15):2026-01-15-10:28:35.705.914 [error_message_manage.cc:53]712971 FuncErrorReason:rtMemcpy execute failed, reason=[the current capture mode does not support this operation]
[ERROR] ASCENDCL(712971,15):2026-01-15-10:28:35.706.124 [memory.cpp:437]712971 aclrtMemcpyImpl: synchronized memcpy failed, kind = 1, runtime result = 107030
[ERROR] RUNTIME(712971,15):2026-01-15-10:28:35.785.833 [api_error.cc:1519]712971 MemCopySync:Memory copy sync failed, cnt=416, kind=1.
[ERROR] RUNTIME(712971,15):2026-01-15-10:28:35.785.841 [api_c.cc:1197]712971 rtMemcpy:ErrCode=107030, desc=[the current capture mode does not support this operation], InnerCode=0x703001c
[ERROR] RUNTIME(712971,15):2026-01-15-10:28:35.785.844 [error_message_manage.cc:53]712971 FuncErrorReason:report error module_type=3, module_name=EE8888
[ERROR] RUNTIME(712971,15):2026-01-15-10:28:35.785.846 [error_message_manage.cc:53]712971 FuncErrorReason:rtMemcpy execute failed, reason=[the current capture mode does not support this operation]
[ERROR] ASCENDCL(712971,15):2026-01-15-10:28:35.786.075 [memory.cpp:437]712971 aclrtMemcpyImpl: synchronized memcpy failed, kind = 1, runtime result = 107030
[ERROR] RUNTIME(712971,15):2026-01-15-10:28:35.859.786 [api_error.cc:1519]712971 MemCopySync:Memory copy sync failed, cnt=72, kind=1.
[ERROR] RUNTIME(712971,15):2026-01-15-10:28:35.859.794 [api_c.cc:1197]712971 rtMemcpy:ErrCode=107030, desc=[the current capture mode does not support this operation], InnerCode=0x703001c
[ERROR] RUNTIME(712971,15):2026-01-15-10:28:35.859.796 [error_message_manage.cc:53]712971 FuncErrorReason:report error module_type=3, module_name=EE8888
[ERROR] RUNTIME(712971,15):2026-01-15-10:28:35.859.799 [error_message_manage.cc:53]712971 FuncErrorReason:rtMemcpy execute failed, reason=[the current capture mode does not support this operation]
[ERROR] ASCENDCL(712971,15):2026-01-15-10:28:35.860.126 [memory.cpp:437]712971 aclrtMemcpyImpl: synchronized memcpy failed, kind = 1, runtime result = 107030
[ERROR] RUNTIME(712971,15):2026-01-15-10:28:35.933.595 [api_error.cc:1519]712971 MemCopySync:Memory copy sync failed, cnt=416, kind=1.
[ERROR] RUNTIME(712971,15):2026-01-15-10:28:35.933.603 [api_c.cc:1197]712971 rtMemcpy:ErrCode=107030, desc=[the current capture mode does not support this operation], InnerCode=0x703001c
[ERROR] RUNTIME(712971,15):2026-01-15-10:28:35.933.606 [error_message_manage.cc:53]712971 FuncErrorReason:report error module_type=3, module_name=EE8888
[ERROR] RUNTIME(712971,15):2026-01-15-10:28:35.933.609 [error_message_manage.cc:53]712971 FuncErrorReason:rtMemcpy execute failed, reason=[the current capture mode does not support this operation]
[ERROR] ASCENDCL(712971,15):2026-01-15-10:28:35.933.836 [memory.cpp:437]712971 aclrtMemcpyImpl: synchronized memcpy failed, kind = 1, runtime result = 107030
[ERROR] RUNTIME(712971,15):2026-01-15-10:28:36.006.686 [api_error.cc:1519]712971 MemCopySync:Memory copy sync failed, cnt=72, kind=1.
[ERROR] RUNTIME(712971,15):2026-01-15-10:28:36.006.693 [api_c.cc:1197]712971 rtMemcpy:ErrCode=107030, desc=[the current capture mode does not support this operation], InnerCode=0x703001c
[ERROR] RUNTIME(712971,15):2026-01-15-10:28:36.006.696 [error_message_manage.cc:53]712971 FuncErrorReason:report error module_type=3, module_name=EE8888
[ERROR] RUNTIME(712971,15):2026-01-15-10:28:36.006.698 [error_message_manage.cc:53]712971 FuncErrorReason:rtMemcpy execute failed, reason=[the current capture mode does not support this operation]
[ERROR] ASCENDCL(712971,15):2026-01-15-10:28:36.006.920 [memory.cpp:437]712971 aclrtMemcpyImpl: synchronized memcpy failed, kind = 1, runtime result = 107030
[ERROR] RUNTIME(712971,15):2026-01-15-10:28:36.085.372 [api_error.cc:1519]712971 MemCopySync:Memory copy sync failed, cnt=416, kind=1.
[ERROR] RUNTIME(712971,15):2026-01-15-10:28:36.085.381 [api_c.cc:1197]712971 rtMemcpy:ErrCode=107030, desc=[the current capture mode does not support this operation], InnerCode=0x703001c
[ERROR] RUNTIME(712971,15):2026-01-15-10:28:36.085.383 [error_message_manage.cc:53]712971 FuncErrorReason:report error module_type=3, module_name=EE8888
[ERROR] RUNTIME(712971,15):2026-01-15-10:28:36.085.386 [error_message_manage.cc:53]712971 FuncErrorReason:rtMemcpy execute failed, reason=[the current capture mode does not support this operation]
[ERROR] ASCENDCL(712971,15):2026-01-15-10:28:36.085.673 [memory.cpp:437]712971 aclrtMemcpyImpl: synchronized memcpy failed, kind = 1, runtime result = 107030
[ERROR] RUNTIME(712971,15):2026-01-15-10:28:36.158.345 [api_error.cc:1519]712971 MemCopySync:Memory copy sync failed, cnt=72, kind=1.
[ERROR] RUNTIME(712971,15):2026-01-15-10:28:36.158.352 [api_c.cc:1197]712971 rtMemcpy:ErrCode=107030, desc=[the current capture mode does not support this operation], InnerCode=0x703001c
[ERROR] RUNTIME(712971,15):2026-01-15-10:28:36.158.355 [error_message_manage.cc:53]712971 FuncErrorReason:report error module_type=3, module_name=EE8888
[ERROR] RUNTIME(712971,15):2026-01-15-10:28:36.158.357 [error_message_manage.cc:53]712971 FuncErrorReason:rtMemcpy execute failed, reason=[the current capture mode does not support this operation]
[ERROR] ASCENDCL(712971,15):2026-01-15-10:28:36.158.601 [memory.cpp:437]712971 aclrtMemcpyImpl: synchronized memcpy failed, kind = 1, runtime result = 107030
[ERROR] RUNTIME(712971,15):2026-01-15-10:28:36.232.195 [api_error.cc:1519]712971 MemCopySync:Memory copy sync failed, cnt=416, kind=1.
[ERROR] RUNTIME(712971,15):2026-01-15-10:28:36.232.203 [api_c.cc:1197]712971 rtMemcpy:ErrCode=107030, desc=[the current capture mode does not support this operation], InnerCode=0x703001c
[ERROR] RUNTIME(712971,15):2026-01-15-10:28:36.232.206 [error_message_manage.cc:53]712971 FuncErrorReason:report error module_type=3, module_name=EE8888
[ERROR] RUNTIME(712971,15):2026-01-15-10:28:36.232.209 [error_message_manage.cc:53]712971 FuncErrorReason:rtMemcpy execute failed, reason=[the current capture mode does not support this operation]
[ERROR] ASCENDCL(712971,15):2026-01-15-10:28:36.232.446 [memory.cpp:437]712971 aclrtMemcpyImpl: synchronized memcpy failed, kind = 1, runtime result = 107030
[ERROR] RUNTIME(712971,15):2026-01-15-10:28:36.302.641 [api_error.cc:1519]712971 MemCopySync:Memory copy sync failed, cnt=72, kind=1.
[ERROR] RUNTIME(712971,15):2026-01-15-10:28:36.302.648 [api_c.cc:1197]712971 rtMemcpy:ErrCode=107030, desc=[the current capture mode does not support this operation], InnerCode=0x703001c
[ERROR] RUNTIME(712971,15):2026-01-15-10:28:36.302.651 [error_message_manage.cc:53]712971 FuncErrorReason:report error module_type=3, module_name=EE8888
[ERROR] RUNTIME(712971,15):2026-01-15-10:28:36.302.653 [error_message_manage.cc:53]712971 FuncErrorReason:rtMemcpy execute failed, reason=[the current capture mode does not support this operation]
[ERROR] ASCENDCL(712971,15):2026-01-15-10:28:36.302.885 [memory.cpp:437]712971 aclrtMemcpyImpl: synchronized memcpy failed, kind = 1, runtime result = 107030
[ERROR] RUNTIME(712971,15):2026-01-15-10:28:36.382.228 [api_error.cc:1519]712971 MemCopySync:Memory copy sync failed, cnt=416, kind=1.
[ERROR] RUNTIME(712971,15):2026-01-15-10:28:36.382.236 [api_c.cc:1197]712971 rtMemcpy:ErrCode=107030, desc=[the current capture mode does not support this operation], InnerCode=0x703001c
[ERROR] RUNTIME(712971,15):2026-01-15-10:28:36.382.238 [error_message_manage.cc:53]712971 FuncErrorReason:report error module_type=3, module_name=EE8888
[ERROR] RUNTIME(712971,15):2026-01-15-10:28:36.382.241 [error_message_manage.cc:53]712971 FuncErrorReason:rtMemcpy execute failed, reason=[the current capture mode does not support this operation]
[ERROR] ASCENDCL(712971,15):2026-01-15-10:28:36.382.468 [memory.cpp:437]712971 aclrtMemcpyImpl: synchronized memcpy failed, kind = 1, runtime result = 107030
[ERROR] RUNTIME(712971,15):2026-01-15-10:28:36.459.943 [api_error.cc:1519]712971 MemCopySync:Memory copy sync failed, cnt=72, kind=1.
[ERROR] RUNTIME(712971,15):2026-01-15-10:28:36.459.951 [api_c.cc:1197]712971 rtMemcpy:ErrCode=107030, desc=[the current capture mode does not support this operation], InnerCode=0x703001c
[ERROR] RUNTIME(712971,15):2026-01-15-10:28:36.459.954 [error_message_manage.cc:53]712971 FuncErrorReason:report error module_type=3, module_name=EE8888
[ERROR] RUNTIME(712971,15):2026-01-15-10:28:36.459.956 [error_message_manage.cc:53]712971 FuncErrorReason:rtMemcpy execute failed, reason=[the current capture mode does not support this operation]
[ERROR] ASCENDCL(712971,15):2026-01-15-10:28:36.460.232 [memory.cpp:437]712971 aclrtMemcpyImpl: synchronized memcpy failed, kind = 1, runtime result = 107030
[ERROR] RUNTIME(712971,15):2026-01-15-10:28:36.540.559 [api_error.cc:1519]712971 MemCopySync:Memory copy sync failed, cnt=416, kind=1.
[ERROR] RUNTIME(712971,15):2026-01-15-10:28:36.540.567 [api_c.cc:1197]712971 rtMemcpy:ErrCode=107030, desc=[the current capture mode does not support this operation], InnerCode=0x703001c
[ERROR] RUNTIME(712971,15):2026-01-15-10:28:36.540.570 [error_message_manage.cc:53]712971 FuncErrorReason:report error module_type=3, module_name=EE8888
[ERROR] RUNTIME(712971,15):2026-01-15-10:28:36.540.573 [error_message_manage.cc:53]712971 FuncErrorReason:rtMemcpy execute failed, reason=[the current capture mode does not support this operation]
[ERROR] ASCENDCL(712971,15):2026-01-15-10:28:36.540.827 [memory.cpp:437]712971 aclrtMemcpyImpl: synchronized memcpy failed, kind = 1, runtime result = 107030
[ERROR] RUNTIME(712971,15):2026-01-15-10:28:36.618.370 [api_error.cc:1519]712971 MemCopySync:Memory copy sync failed, cnt=72, kind=1.
[ERROR] RUNTIME(712971,15):2026-01-15-10:28:36.618.378 [api_c.cc:1197]712971 rtMemcpy:ErrCode=107030, desc=[the current capture mode does not support this operation], InnerCode=0x703001c
[ERROR] RUNTIME(712971,15):2026-01-15-10:28:36.618.380 [error_message_manage.cc:53]712971 FuncErrorReason:report error module_type=3, module_name=EE8888
[ERROR] RUNTIME(712971,15):2026-01-15-10:28:36.618.383 [error_message_manage.cc:53]712971 FuncErrorReason:rtMemcpy execute failed, reason=[the current capture mode does not support this operation]
[ERROR] ASCENDCL(712971,15):2026-01-15-10:28:36.618.601 [memory.cpp:437]712971 aclrtMemcpyImpl: synchronized memcpy failed, kind = 1, runtime result = 107030
[ERROR] RUNTIME(712971,15):2026-01-15-10:28:36.695.092 [api_error.cc:1519]712971 MemCopySync:Memory copy sync failed, cnt=416, kind=1.
[ERROR] RUNTIME(712971,15):2026-01-15-10:28:36.695.100 [api_c.cc:1197]712971 rtMemcpy:ErrCode=107030, desc=[the current capture mode does not support this operation], InnerCode=0x703001c
[ERROR] RUNTIME(712971,15):2026-01-15-10:28:36.695.103 [error_message_manage.cc:53]712971 FuncErrorReason:report error module_type=3, module_name=EE8888
[ERROR] RUNTIME(712971,15):2026-01-15-10:28:36.695.106 [error_message_manage.cc:53]712971 FuncErrorReason:rtMemcpy execute failed, reason=[the current capture mode does not support this operation]
[ERROR] ASCENDCL(712971,15):2026-01-15-10:28:36.695.459 [memory.cpp:437]712971 aclrtMemcpyImpl: synchronized memcpy failed, kind = 1, runtime result = 107030
[ERROR] RUNTIME(712971,15):2026-01-15-10:28:36.769.155 [api_error.cc:1519]712971 MemCopySync:Memory copy sync failed, cnt=72, kind=1.
[ERROR] RUNTIME(712971,15):2026-01-15-10:28:36.769.162 [api_c.cc:1197]712971 rtMemcpy:ErrCode=107030, desc=[the current capture mode does not support this operation], InnerCode=0x703001c
[ERROR] RUNTIME(712971,15):2026-01-15-10:28:36.769.165 [error_message_manage.cc:53]712971 FuncErrorReason:report error module_type=3, module_name=EE8888
[ERROR] RUNTIME(712971,15):2026-01-15-10:28:36.769.167 [error_message_manage.cc:53]712971 FuncErrorReason:rtMemcpy execute failed, reason=[the current capture mode does not support this operation]
[ERROR] ASCENDCL(712971,15):2026-01-15-10:28:36.769.389 [memory.cpp:437]712971 aclrtMemcpyImpl: synchronized memcpy failed, kind = 1, runtime result = 107030
[ERROR] RUNTIME(712971,15):2026-01-15-10:28:36.851.284 [api_error.cc:1519]712971 MemCopySync:Memory copy sync failed, cnt=416, kind=1.
[ERROR] RUNTIME(712971,15):2026-01-15-10:28:36.851.292 [api_c.cc:1197]712971 rtMemcpy:ErrCode=107030, desc=[the current capture mode does not support this operation], InnerCode=0x703001c
[ERROR] RUNTIME(712971,15):2026-01-15-10:28:36.851.295 [error_message_manage.cc:53]712971 FuncErrorReason:report error module_type=3, module_name=EE8888
[ERROR] RUNTIME(712971,15):2026-01-15-10:28:36.851.298 [error_message_manage.cc:53]712971 FuncErrorReason:rtMemcpy execute failed, reason=[the current capture mode does not support this operation]
[ERROR] ASCENDCL(712971,15):2026-01-15-10:28:36.851.635 [memory.cpp:437]712971 aclrtMemcpyImpl: synchronized memcpy failed, kind = 1, runtime result = 107030
[ERROR] RUNTIME(712971,15):2026-01-15-10:28:36.927.225 [api_error.cc:1519]712971 MemCopySync:Memory copy sync failed, cnt=72, kind=1.
[ERROR] RUNTIME(712971,15):2026-01-15-10:28:36.927.232 [api_c.cc:1197]712971 rtMemcpy:ErrCode=107030, desc=[the current capture mode does not support this operation], InnerCode=0x703001c
[ERROR] RUNTIME(712971,15):2026-01-15-10:28:36.927.235 [error_message_manage.cc:53]712971 FuncErrorReason:report error module_type=3, module_name=EE8888
[ERROR] RUNTIME(712971,15):2026-01-15-10:28:36.927.238 [error_message_manage.cc:53]712971 FuncErrorReason:rtMemcpy execute failed, reason=[the current capture mode does not support this operation]
[ERROR] ASCENDCL(712971,15):2026-01-15-10:28:36.927.517 [memory.cpp:437]712971 aclrtMemcpyImpl: synchronized memcpy failed, kind = 1, runtime result = 107030
[ERROR] RUNTIME(712971,15):2026-01-15-10:28:37.014.023 [api_error.cc:1519]712971 MemCopySync:Memory copy sync failed, cnt=416, kind=1.
[ERROR] RUNTIME(712971,15):2026-01-15-10:28:37.014.031 [api_c.cc:1197]712971 rtMemcpy:ErrCode=107030, desc=[the current capture mode does not support this operation], InnerCode=0x703001c
[ERROR] RUNTIME(712971,15):2026-01-15-10:28:37.014.034 [error_message_manage.cc:53]712971 FuncErrorReason:report error module_type=3, module_name=EE8888
[ERROR] RUNTIME(712971,15):2026-01-15-10:28:37.014.037 [error_message_manage.cc:53]712971 FuncErrorReason:rtMemcpy execute failed, reason=[the current capture mode does not support this operation]
[ERROR] ASCENDCL(712971,15):2026-01-15-10:28:37.014.254 [memory.cpp:437]712971 aclrtMemcpyImpl: synchronized memcpy failed, kind = 1, runtime result = 107030
[ERROR] RUNTIME(712971,15):2026-01-15-10:28:37.085.345 [api_error.cc:1519]712971 MemCopySync:Memory copy sync failed, cnt=72, kind=1.
[ERROR] RUNTIME(712971,15):2026-01-15-10:28:37.085.353 [api_c.cc:1197]712971 rtMemcpy:ErrCode=107030, desc=[the current capture mode does not support this operation], InnerCode=0x703001c
[ERROR] RUNTIME(712971,15):2026-01-15-10:28:37.085.356 [error_message_manage.cc:53]712971 FuncErrorReason:report error module_type=3, module_name=EE8888
[ERROR] RUNTIME(712971,15):2026-01-15-10:28:37.085.358 [error_message_manage.cc:53]712971 FuncErrorReason:rtMemcpy execute failed, reason=[the current capture mode does not support this operation]
[ERROR] ASCENDCL(712971,15):2026-01-15-10:28:37.085.656 [memory.cpp:437]712971 aclrtMemcpyImpl: synchronized memcpy failed, kind = 1, runtime result = 107030
[ERROR] RUNTIME(712971,15):2026-01-15-10:28:37.164.999 [api_error.cc:1519]712971 MemCopySync:Memory copy sync failed, cnt=416, kind=1.
[ERROR] RUNTIME(712971,15):2026-01-15-10:28:37.165.007 [api_c.cc:1197]712971 rtMemcpy:ErrCode=107030, desc=[the current capture mode does not support this operation], InnerCode=0x703001c
[ERROR] RUNTIME(712971,15):2026-01-15-10:28:37.165.010 [error_message_manage.cc:53]712971 FuncErrorReason:report error module_type=3, module_name=EE8888
[ERROR] RUNTIME(712971,15):2026-01-15-10:28:37.165.013 [error_message_manage.cc:53]712971 FuncErrorReason:rtMemcpy execute failed, reason=[the current capture mode does not support this operation]
[ERROR] ASCENDCL(712971,15):2026-01-15-10:28:37.165.261 [memory.cpp:437]712971 aclrtMemcpyImpl: synchronized memcpy failed, kind = 1, runtime result = 107030
[ERROR] RUNTIME(712971,15):2026-01-15-10:28:37.238.296 [api_error.cc:1519]712971 MemCopySync:Memory copy sync failed, cnt=72, kind=1.
[ERROR] RUNTIME(712971,15):2026-01-15-10:28:37.238.303 [api_c.cc:1197]712971 rtMemcpy:ErrCode=107030, desc=[the current capture mode does not support this operation], InnerCode=0x703001c
[ERROR] RUNTIME(712971,15):2026-01-15-10:28:37.238.306 [error_message_manage.cc:53]712971 FuncErrorReason:report error module_type=3, module_name=EE8888
[ERROR] RUNTIME(712971,15):2026-01-15-10:28:37.238.308 [error_message_manage.cc:53]712971 FuncErrorReason:rtMemcpy execute failed, reason=[the current capture mode does not support this operation]
[ERROR] ASCENDCL(712971,15):2026-01-15-10:28:37.238.663 [memory.cpp:437]712971 aclrtMemcpyImpl: synchronized memcpy failed, kind = 1, runtime result = 107030
[ERROR] RUNTIME(712971,15):2026-01-15-10:28:37.318.311 [api_error.cc:1519]712971 MemCopySync:Memory copy sync failed, cnt=416, kind=1.
[ERROR] RUNTIME(712971,15):2026-01-15-10:28:37.318.319 [api_c.cc:1197]712971 rtMemcpy:ErrCode=107030, desc=[the current capture mode does not support this operation], InnerCode=0x703001c
[ERROR] RUNTIME(712971,15):2026-01-15-10:28:37.318.321 [error_message_manage.cc:53]712971 FuncErrorReason:report error module_type=3, module_name=EE8888
[ERROR] RUNTIME(712971,15):2026-01-15-10:28:37.318.324 [error_message_manage.cc:53]712971 FuncErrorReason:rtMemcpy execute failed, reason=[the current capture mode does not support this operation]
[ERROR] ASCENDCL(712971,15):2026-01-15-10:28:37.318.621 [memory.cpp:437]712971 aclrtMemcpyImpl: synchronized memcpy failed, kind = 1, runtime result = 107030
[ERROR] RUNTIME(712971,15):2026-01-15-10:28:37.394.577 [api_error.cc:1519]712971 MemCopySync:Memory copy sync failed, cnt=72, kind=1.
[ERROR] RUNTIME(712971,15):2026-01-15-10:28:37.394.584 [api_c.cc:1197]712971 rtMemcpy:ErrCode=107030, desc=[the current capture mode does not support this operation], InnerCode=0x703001c
[ERROR] RUNTIME(712971,15):2026-01-15-10:28:37.394.587 [error_message_manage.cc:53]712971 FuncErrorReason:report error module_type=3, module_name=EE8888
[ERROR] RUNTIME(712971,15):2026-01-15-10:28:37.394.589 [error_message_manage.cc:53]712971 FuncErrorReason:rtMemcpy execute failed, reason=[the current capture mode does not support this operation]
[ERROR] ASCENDCL(712971,15):2026-01-15-10:28:37.394.792 [memory.cpp:437]712971 aclrtMemcpyImpl: synchronized memcpy failed, kind = 1, runtime result = 107030
[ERROR] RUNTIME(712971,15):2026-01-15-10:28:37.471.068 [api_error.cc:1519]712971 MemCopySync:Memory copy sync failed, cnt=416, kind=1.
[ERROR] RUNTIME(712971,15):2026-01-15-10:28:37.471.076 [api_c.cc:1197]712971 rtMemcpy:ErrCode=107030, desc=[the current capture mode does not support this operation], InnerCode=0x703001c
[ERROR] RUNTIME(712971,15):2026-01-15-10:28:37.471.079 [error_message_manage.cc:53]712971 FuncErrorReason:report error module_type=3, module_name=EE8888
[ERROR] RUNTIME(712971,15):2026-01-15-10:28:37.471.082 [error_message_manage.cc:53]712971 FuncErrorReason:rtMemcpy execute failed, reason=[the current capture mode does not support this operation]
[ERROR] ASCENDCL(712971,15):2026-01-15-10:28:37.471.348 [memory.cpp:437]712971 aclrtMemcpyImpl: synchronized memcpy failed, kind = 1, runtime result = 107030
[ERROR] RUNTIME(712971,15):2026-01-15-10:28:37.541.866 [api_error.cc:1519]712971 MemCopySync:Memory copy sync failed, cnt=72, kind=1.
[ERROR] RUNTIME(712971,15):2026-01-15-10:28:37.541.874 [api_c.cc:1197]712971 rtMemcpy:ErrCode=107030, desc=[the current capture mode does not support this operation], InnerCode=0x703001c
[ERROR] RUNTIME(712971,15):2026-01-15-10:28:37.541.876 [error_message_manage.cc:53]712971 FuncErrorReason:report error module_type=3, module_name=EE8888
[ERROR] RUNTIME(712971,15):2026-01-15-10:28:37.541.879 [error_message_manage.cc:53]712971 FuncErrorReason:rtMemcpy execute failed, reason=[the current capture mode does not support this operation]
[ERROR] ASCENDCL(712971,15):2026-01-15-10:28:37.542.078 [memory.cpp:437]712971 aclrtMemcpyImpl: synchronized memcpy failed, kind = 1, runtime result = 107030
[ERROR] RUNTIME(712971,15):2026-01-15-10:28:37.616.551 [api_error.cc:1519]712971 MemCopySync:Memory copy sync failed, cnt=416, kind=1.
[ERROR] RUNTIME(712971,15):2026-01-15-10:28:37.616.559 [api_c.cc:1197]712971 rtMemcpy:ErrCode=107030, desc=[the current capture mode does not support this operation], InnerCode=0x703001c
[ERROR] RUNTIME(712971,15):2026-01-15-10:28:37.616.562 [error_message_manage.cc:53]712971 FuncErrorReason:report error module_type=3, module_name=EE8888
[ERROR] RUNTIME(712971,15):2026-01-15-10:28:37.616.565 [error_message_manage.cc:53]712971 FuncErrorReason:rtMemcpy execute failed, reason=[the current capture mode does not support this operation]
[ERROR] ASCENDCL(712971,15):2026-01-15-10:28:37.616.810 [memory.cpp:437]712971 aclrtMemcpyImpl: synchronized memcpy failed, kind = 1, runtime result = 107030
[ERROR] RUNTIME(712971,15):2026-01-15-10:28:37.688.505 [api_error.cc:1519]712971 MemCopySync:Memory copy sync failed, cnt=72, kind=1.
[ERROR] RUNTIME(712971,15):2026-01-15-10:28:37.688.513 [api_c.cc:1197]712971 rtMemcpy:ErrCode=107030, desc=[the current capture mode does not support this operation], InnerCode=0x703001c
[ERROR] RUNTIME(712971,15):2026-01-15-10:28:37.688.516 [error_message_manage.cc:53]712971 FuncErrorReason:report error module_type=3, module_name=EE8888
[ERROR] RUNTIME(712971,15):2026-01-15-10:28:37.688.518 [error_message_manage.cc:53]712971 FuncErrorReason:rtMemcpy execute failed, reason=[the current capture mode does not support this operation]
[ERROR] ASCENDCL(712971,15):2026-01-15-10:28:37.688.776 [memory.cpp:437]712971 aclrtMemcpyImpl: synchronized memcpy failed, kind = 1, runtime result = 107030
[ERROR] RUNTIME(712971,15):2026-01-15-10:28:37.766.587 [api_error.cc:1519]712971 MemCopySync:Memory copy sync failed, cnt=416, kind=1.
[ERROR] RUNTIME(712971,15):2026-01-15-10:28:37.766.595 [api_c.cc:1197]712971 rtMemcpy:ErrCode=107030, desc=[the current capture mode does not support this operation], InnerCode=0x703001c
[ERROR] RUNTIME(712971,15):2026-01-15-10:28:37.766.597 [error_message_manage.cc:53]712971 FuncErrorReason:report error module_type=3, module_name=EE8888
[ERROR] RUNTIME(712971,15):2026-01-15-10:28:37.766.600 [error_message_manage.cc:53]712971 FuncErrorReason:rtMemcpy execute failed, reason=[the current capture mode does not support this operation]
[ERROR] ASCENDCL(712971,15):2026-01-15-10:28:37.766.842 [memory.cpp:437]712971 aclrtMemcpyImpl: synchronized memcpy failed, kind = 1, runtime result = 107030
[ERROR] RUNTIME(712971,15):2026-01-15-10:28:37.849.285 [api_error.cc:1519]712971 MemCopySync:Memory copy sync failed, cnt=72, kind=1.
[ERROR] RUNTIME(712971,15):2026-01-15-10:28:37.849.292 [api_c.cc:1197]712971 rtMemcpy:ErrCode=107030, desc=[the current capture mode does not support this operation], InnerCode=0x703001c
[ERROR] RUNTIME(712971,15):2026-01-15-10:28:37.849.295 [error_message_manage.cc:53]712971 FuncErrorReason:report error module_type=3, module_name=EE8888
[ERROR] RUNTIME(712971,15):2026-01-15-10:28:37.849.298 [error_message_manage.cc:53]712971 FuncErrorReason:rtMemcpy execute failed, reason=[the current capture mode does not support this operation]
[ERROR] ASCENDCL(712971,15):2026-01-15-10:28:37.849.573 [memory.cpp:437]712971 aclrtMemcpyImpl: synchronized memcpy failed, kind = 1, runtime result = 107030
[ERROR] RUNTIME(712971,15):2026-01-15-10:28:37.929.441 [api_error.cc:1519]712971 MemCopySync:Memory copy sync failed, cnt=416, kind=1.
[ERROR] RUNTIME(712971,15):2026-01-15-10:28:37.929.449 [api_c.cc:1197]712971 rtMemcpy:ErrCode=107030, desc=[the current capture mode does not support this operation], InnerCode=0x703001c
[ERROR] RUNTIME(712971,15):2026-01-15-10:28:37.929.452 [error_message_manage.cc:53]712971 FuncErrorReason:report error module_type=3, module_name=EE8888
[ERROR] RUNTIME(712971,15):2026-01-15-10:28:37.929.454 [error_message_manage.cc:53]712971 FuncErrorReason:rtMemcpy execute failed, reason=[the current capture mode does not support this operation]
[ERROR] ASCENDCL(712971,15):2026-01-15-10:28:37.929.666 [memory.cpp:437]712971 aclrtMemcpyImpl: synchronized memcpy failed, kind = 1, runtime result = 107030
[ERROR] RUNTIME(712971,15):2026-01-15-10:28:38.004.438 [api_error.cc:1519]712971 MemCopySync:Memory copy sync failed, cnt=72, kind=1.
[ERROR] RUNTIME(712971,15):2026-01-15-10:28:38.004.445 [api_c.cc:1197]712971 rtMemcpy:ErrCode=107030, desc=[the current capture mode does not support this operation], InnerCode=0x703001c
[ERROR] RUNTIME(712971,15):2026-01-15-10:28:38.004.447 [error_message_manage.cc:53]712971 FuncErrorReason:report error module_type=3, module_name=EE8888
[ERROR] RUNTIME(712971,15):2026-01-15-10:28:38.004.450 [error_message_manage.cc:53]712971 FuncErrorReason:rtMemcpy execute failed, reason=[the current capture mode does not support this operation]
[ERROR] ASCENDCL(712971,15):2026-01-15-10:28:38.004.643 [memory.cpp:437]712971 aclrtMemcpyImpl: synchronized memcpy failed, kind = 1, runtime result = 107030
[ERROR] RUNTIME(712971,15):2026-01-15-10:28:38.081.262 [api_error.cc:1519]712971 MemCopySync:Memory copy sync failed, cnt=416, kind=1.
[ERROR] RUNTIME(712971,15):2026-01-15-10:28:38.081.271 [api_c.cc:1197]712971 rtMemcpy:ErrCode=107030, desc=[the current capture mode does not support this operation], InnerCode=0x703001c
[ERROR] RUNTIME(712971,15):2026-01-15-10:28:38.081.274 [error_message_manage.cc:53]712971 FuncErrorReason:report error module_type=3, module_name=EE8888
[ERROR] RUNTIME(712971,15):2026-01-15-10:28:38.081.276 [error_message_manage.cc:53]712971 FuncErrorReason:rtMemcpy execute failed, reason=[the current capture mode does not support this operation]
[ERROR] ASCENDCL(712971,15):2026-01-15-10:28:38.081.542 [memory.cpp:437]712971 aclrtMemcpyImpl: synchronized memcpy failed, kind = 1, runtime result = 107030
[ERROR] RUNTIME(712971,15):2026-01-15-10:28:38.154.779 [api_error.cc:1519]712971 MemCopySync:Memory copy sync failed, cnt=72, kind=1.
[ERROR] RUNTIME(712971,15):2026-01-15-10:28:38.154.786 [api_c.cc:1197]712971 rtMemcpy:ErrCode=107030, desc=[the current capture mode does not support this operation], InnerCode=0x703001c
[ERROR] RUNTIME(712971,15):2026-01-15-10:28:38.154.789 [error_message_manage.cc:53]712971 FuncErrorReason:report error module_type=3, module_name=EE8888
[ERROR] RUNTIME(712971,15):2026-01-15-10:28:38.154.792 [error_message_manage.cc:53]712971 FuncErrorReason:rtMemcpy execute failed, reason=[the current capture mode does not support this operation]
[ERROR] ASCENDCL(712971,15):2026-01-15-10:28:38.155.015 [memory.cpp:437]712971 aclrtMemcpyImpl: synchronized memcpy failed, kind = 1, runtime result = 107030
[ERROR] RUNTIME(712971,15):2026-01-15-10:28:38.229.284 [api_error.cc:1519]712971 MemCopySync:Memory copy sync failed, cnt=416, kind=1.
[ERROR] RUNTIME(712971,15):2026-01-15-10:28:38.229.292 [api_c.cc:1197]712971 rtMemcpy:ErrCode=107030, desc=[the current capture mode does not support this operation], InnerCode=0x703001c
[ERROR] RUNTIME(712971,15):2026-01-15-10:28:38.229.294 [error_message_manage.cc:53]712971 FuncErrorReason:report error module_type=3, module_name=EE8888
[ERROR] RUNTIME(712971,15):2026-01-15-10:28:38.229.297 [error_message_manage.cc:53]712971 FuncErrorReason:rtMemcpy execute failed, reason=[the current capture mode does not support this operation]
[ERROR] ASCENDCL(712971,15):2026-01-15-10:28:38.229.498 [memory.cpp:437]712971 aclrtMemcpyImpl: synchronized memcpy failed, kind = 1, runtime result = 107030
[ERROR] RUNTIME(712971,15):2026-01-15-10:28:38.300.350 [api_error.cc:1519]712971 MemCopySync:Memory copy sync failed, cnt=72, kind=1.
[ERROR] RUNTIME(712971,15):2026-01-15-10:28:38.300.358 [api_c.cc:1197]712971 rtMemcpy:ErrCode=107030, desc=[the current capture mode does not support this operation], InnerCode=0x703001c
[ERROR] RUNTIME(712971,15):2026-01-15-10:28:38.300.361 [error_message_manage.cc:53]712971 FuncErrorReason:report error module_type=3, module_name=EE8888
[ERROR] RUNTIME(712971,15):2026-01-15-10:28:38.300.364 [error_message_manage.cc:53]712971 FuncErrorReason:rtMemcpy execute failed, reason=[the current capture mode does not support this operation]
[ERROR] ASCENDCL(712971,15):2026-01-15-10:28:38.300.648 [memory.cpp:437]712971 aclrtMemcpyImpl: synchronized memcpy failed, kind = 1, runtime result = 107030
[ERROR] RUNTIME(712971,15):2026-01-15-10:28:38.373.115 [api_error.cc:1519]712971 MemCopySync:Memory copy sync failed, cnt=416, kind=1.
[ERROR] RUNTIME(712971,15):2026-01-15-10:28:38.373.123 [api_c.cc:1197]712971 rtMemcpy:ErrCode=107030, desc=[the current capture mode does not support this operation], InnerCode=0x703001c
[ERROR] RUNTIME(712971,15):2026-01-15-10:28:38.373.125 [error_message_manage.cc:53]712971 FuncErrorReason:report error module_type=3, module_name=EE8888
[ERROR] RUNTIME(712971,15):2026-01-15-10:28:38.373.128 [error_message_manage.cc:53]712971 FuncErrorReason:rtMemcpy execute failed, reason=[the current capture mode does not support this operation]
[ERROR] ASCENDCL(712971,15):2026-01-15-10:28:38.373.354 [memory.cpp:437]712971 aclrtMemcpyImpl: synchronized memcpy failed, kind = 1, runtime result = 107030
[ERROR] RUNTIME(712971,15):2026-01-15-10:28:38.445.700 [api_error.cc:1519]712971 MemCopySync:Memory copy sync failed, cnt=72, kind=1.
[ERROR] RUNTIME(712971,15):2026-01-15-10:28:38.445.708 [api_c.cc:1197]712971 rtMemcpy:ErrCode=107030, desc=[the current capture mode does not support this operation], InnerCode=0x703001c
[ERROR] RUNTIME(712971,15):2026-01-15-10:28:38.445.711 [error_message_manage.cc:53]712971 FuncErrorReason:report error module_type=3, module_name=EE8888
[ERROR] RUNTIME(712971,15):2026-01-15-10:28:38.445.714 [error_message_manage.cc:53]712971 FuncErrorReason:rtMemcpy execute failed, reason=[the current capture mode does not support this operation]
[ERROR] ASCENDCL(712971,15):2026-01-15-10:28:38.446.021 [memory.cpp:437]712971 aclrtMemcpyImpl: synchronized memcpy failed, kind = 1, runtime result = 107030
[ERROR] RUNTIME(712971,15):2026-01-15-10:28:38.520.918 [api_error.cc:1519]712971 MemCopySync:Memory copy sync failed, cnt=416, kind=1.
[ERROR] RUNTIME(712971,15):2026-01-15-10:28:38.520.926 [api_c.cc:1197]712971 rtMemcpy:ErrCode=107030, desc=[the current capture mode does not support this operation], InnerCode=0x703001c
[ERROR] RUNTIME(712971,15):2026-01-15-10:28:38.520.929 [error_message_manage.cc:53]712971 FuncErrorReason:report error module_type=3, module_name=EE8888
[ERROR] RUNTIME(712971,15):2026-01-15-10:28:38.520.932 [error_message_manage.cc:53]712971 FuncErrorReason:rtMemcpy execute failed, reason=[the current capture mode does not support this operation]
[ERROR] ASCENDCL(712971,15):2026-01-15-10:28:38.521.132 [memory.cpp:437]712971 aclrtMemcpyImpl: synchronized memcpy failed, kind = 1, runtime result = 107030
[ERROR] RUNTIME(712971,15):2026-01-15-10:28:38.593.196 [api_error.cc:1519]712971 MemCopySync:Memory copy sync failed, cnt=72, kind=1.
[ERROR] RUNTIME(712971,15):2026-01-15-10:28:38.593.203 [api_c.cc:1197]712971 rtMemcpy:ErrCode=107030, desc=[the current capture mode does not support this operation], InnerCode=0x703001c
[ERROR] RUNTIME(712971,15):2026-01-15-10:28:38.593.205 [error_message_manage.cc:53]712971 FuncErrorReason:report error module_type=3, module_name=EE8888
[ERROR] RUNTIME(712971,15):2026-01-15-10:28:38.593.208 [error_message_manage.cc:53]712971 FuncErrorReason:rtMemcpy execute failed, reason=[the current capture mode does not support this operation]
[ERROR] ASCENDCL(712971,15):2026-01-15-10:28:38.593.412 [memory.cpp:437]712971 aclrtMemcpyImpl: synchronized memcpy failed, kind = 1, runtime result = 107030
[ERROR] RUNTIME(712971,15):2026-01-15-10:28:38.666.312 [api_error.cc:1519]712971 MemCopySync:Memory copy sync failed, cnt=416, kind=1.
[ERROR] RUNTIME(712971,15):2026-01-15-10:28:38.666.321 [api_c.cc:1197]712971 rtMemcpy:ErrCode=107030, desc=[the current capture mode does not support this operation], InnerCode=0x703001c
[ERROR] RUNTIME(712971,15):2026-01-15-10:28:38.666.324 [error_message_manage.cc:53]712971 FuncErrorReason:report error module_type=3, module_name=EE8888
[ERROR] RUNTIME(712971,15):2026-01-15-10:28:38.666.327 [error_message_manage.cc:53]712971 FuncErrorReason:rtMemcpy execute failed, reason=[the current capture mode does not support this operation]
[ERROR] ASCENDCL(712971,15):2026-01-15-10:28:38.666.618 [memory.cpp:437]712971 aclrtMemcpyImpl: synchronized memcpy failed, kind = 1, runtime result = 107030
[ERROR] RUNTIME(712971,15):2026-01-15-10:28:38.736.905 [api_error.cc:1519]712971 MemCopySync:Memory copy sync failed, cnt=72, kind=1.
[ERROR] RUNTIME(712971,15):2026-01-15-10:28:38.736.913 [api_c.cc:1197]712971 rtMemcpy:ErrCode=107030, desc=[the current capture mode does not support this operation], InnerCode=0x703001c
[ERROR] RUNTIME(712971,15):2026-01-15-10:28:38.736.915 [error_message_manage.cc:53]712971 FuncErrorReason:report error module_type=3, module_name=EE8888
[ERROR] RUNTIME(712971,15):2026-01-15-10:28:38.736.918 [error_message_manage.cc:53]712971 FuncErrorReason:rtMemcpy execute failed, reason=[the current capture mode does not support this operation]
[ERROR] ASCENDCL(712971,15):2026-01-15-10:28:38.737.157 [memory.cpp:437]712971 aclrtMemcpyImpl: synchronized memcpy failed, kind = 1, runtime result = 107030
[ERROR] RUNTIME(712971,15):2026-01-15-10:28:38.809.595 [api_error.cc:1519]712971 MemCopySync:Memory copy sync failed, cnt=416, kind=1.
[ERROR] RUNTIME(712971,15):2026-01-15-10:28:38.809.604 [api_c.cc:1197]712971 rtMemcpy:ErrCode=107030, desc=[the current capture mode does not support this operation], InnerCode=0x703001c
[ERROR] RUNTIME(712971,15):2026-01-15-10:28:38.809.606 [error_message_manage.cc:53]712971 FuncErrorReason:report error module_type=3, module_name=EE8888
[ERROR] RUNTIME(712971,15):2026-01-15-10:28:38.809.609 [error_message_manage.cc:53]712971 FuncErrorReason:rtMemcpy execute failed, reason=[the current capture mode does not support this operation]
[ERROR] ASCENDCL(712971,15):2026-01-15-10:28:38.809.813 [memory.cpp:437]712971 aclrtMemcpyImpl: synchronized memcpy failed, kind = 1, runtime result = 107030
[ERROR] RUNTIME(712971,15):2026-01-15-10:28:38.891.093 [api_error.cc:1519]712971 MemCopySync:Memory copy sync failed, cnt=72, kind=1.
[ERROR] RUNTIME(712971,15):2026-01-15-10:28:38.891.101 [api_c.cc:1197]712971 rtMemcpy:ErrCode=107030, desc=[the current capture mode does not support this operation], InnerCode=0x703001c
[ERROR] RUNTIME(712971,15):2026-01-15-10:28:38.891.103 [error_message_manage.cc:53]712971 FuncErrorReason:report error module_type=3, module_name=EE8888
[ERROR] RUNTIME(712971,15):2026-01-15-10:28:38.891.106 [error_message_manage.cc:53]712971 FuncErrorReason:rtMemcpy execute failed, reason=[the current capture mode does not support this operation]
[ERROR] ASCENDCL(712971,15):2026-01-15-10:28:38.891.376 [memory.cpp:437]712971 aclrtMemcpyImpl: synchronized memcpy failed, kind = 1, runtime result = 107030
[ERROR] RUNTIME(712971,15):2026-01-15-10:28:38.969.414 [api_error.cc:1519]712971 MemCopySync:Memory copy sync failed, cnt=416, kind=1.
[ERROR] RUNTIME(712971,15):2026-01-15-10:28:38.969.422 [api_c.cc:1197]712971 rtMemcpy:ErrCode=107030, desc=[the current capture mode does not support this operation], InnerCode=0x703001c
[ERROR] RUNTIME(712971,15):2026-01-15-10:28:38.969.425 [error_message_manage.cc:53]712971 FuncErrorReason:report error module_type=3, module_name=EE8888
[ERROR] RUNTIME(712971,15):2026-01-15-10:28:38.969.427 [error_message_manage.cc:53]712971 FuncErrorReason:rtMemcpy execute failed, reason=[the current capture mode does not support this operation]
[ERROR] ASCENDCL(712971,15):2026-01-15-10:28:38.969.736 [memory.cpp:437]712971 aclrtMemcpyImpl: synchronized memcpy failed, kind = 1, runtime result = 107030
[ERROR] RUNTIME(712971,15):2026-01-15-10:28:39.041.570 [api_error.cc:1519]712971 MemCopySync:Memory copy sync failed, cnt=72, kind=1.
[ERROR] RUNTIME(712971,15):2026-01-15-10:28:39.041.578 [api_c.cc:1197]712971 rtMemcpy:ErrCode=107030, desc=[the current capture mode does not support this operation], InnerCode=0x703001c
[ERROR] RUNTIME(712971,15):2026-01-15-10:28:39.041.581 [error_message_manage.cc:53]712971 FuncErrorReason:report error module_type=3, module_name=EE8888
[ERROR] RUNTIME(712971,15):2026-01-15-10:28:39.041.584 [error_message_manage.cc:53]712971 FuncErrorReason:rtMemcpy execute failed, reason=[the current capture mode does not support this operation]
[ERROR] ASCENDCL(712971,15):2026-01-15-10:28:39.041.823 [memory.cpp:437]712971 aclrtMemcpyImpl: synchronized memcpy failed, kind = 1, runtime result = 107030
[ERROR] RUNTIME(712971,15):2026-01-15-10:28:39.116.093 [api_error.cc:1519]712971 MemCopySync:Memory copy sync failed, cnt=416, kind=1.
[ERROR] RUNTIME(712971,15):2026-01-15-10:28:39.116.101 [api_c.cc:1197]712971 rtMemcpy:ErrCode=107030, desc=[the current capture mode does not support this operation], InnerCode=0x703001c
[ERROR] RUNTIME(712971,15):2026-01-15-10:28:39.116.103 [error_message_manage.cc:53]712971 FuncErrorReason:report error module_type=3, module_name=EE8888
[ERROR] RUNTIME(712971,15):2026-01-15-10:28:39.116.106 [error_message_manage.cc:53]712971 FuncErrorReason:rtMemcpy execute failed, reason=[the current capture mode does not support this operation]
[ERROR] ASCENDCL(712971,15):2026-01-15-10:28:39.116.345 [memory.cpp:437]712971 aclrtMemcpyImpl: synchronized memcpy failed, kind = 1, runtime result = 107030
[ERROR] RUNTIME(712971,15):2026-01-15-10:28:39.186.877 [api_error.cc:1519]712971 MemCopySync:Memory copy sync failed, cnt=72, kind=1.
[ERROR] RUNTIME(712971,15):2026-01-15-10:28:39.186.884 [api_c.cc:1197]712971 rtMemcpy:ErrCode=107030, desc=[the current capture mode does not support this operation], InnerCode=0x703001c
[ERROR] RUNTIME(712971,15):2026-01-15-10:28:39.186.887 [error_message_manage.cc:53]712971 FuncErrorReason:report error module_type=3, module_name=EE8888
[ERROR] RUNTIME(712971,15):2026-01-15-10:28:39.186.889 [error_message_manage.cc:53]712971 FuncErrorReason:rtMemcpy execute failed, reason=[the current capture mode does not support this operation]
[ERROR] ASCENDCL(712971,15):2026-01-15-10:28:39.187.093 [memory.cpp:437]712971 aclrtMemcpyImpl: synchronized memcpy failed, kind = 1, runtime result = 107030
[ERROR] RUNTIME(712971,15):2026-01-15-10:28:39.263.393 [api_error.cc:1519]712971 MemCopySync:Memory copy sync failed, cnt=416, kind=1.
[ERROR] RUNTIME(712971,15):2026-01-15-10:28:39.263.401 [api_c.cc:1197]712971 rtMemcpy:ErrCode=107030, desc=[the current capture mode does not support this operation], InnerCode=0x703001c
[ERROR] RUNTIME(712971,15):2026-01-15-10:28:39.263.404 [error_message_manage.cc:53]712971 FuncErrorReason:report error module_type=3, module_name=EE8888
[ERROR] RUNTIME(712971,15):2026-01-15-10:28:39.263.423 [error_message_manage.cc:53]712971 FuncErrorReason:rtMemcpy execute failed, reason=[the current capture mode does not support this operation]
[ERROR] ASCENDCL(712971,15):2026-01-15-10:28:39.263.715 [memory.cpp:437]712971 aclrtMemcpyImpl: synchronized memcpy failed, kind = 1, runtime result = 107030
[ERROR] RUNTIME(712971,15):2026-01-15-10:28:39.332.019 [api_error.cc:1519]712971 MemCopySync:Memory copy sync failed, cnt=72, kind=1.
[ERROR] RUNTIME(712971,15):2026-01-15-10:28:39.332.026 [api_c.cc:1197]712971 rtMemcpy:ErrCode=107030, desc=[the current capture mode does not support this operation], InnerCode=0x703001c
[ERROR] RUNTIME(712971,15):2026-01-15-10:28:39.332.029 [error_message_manage.cc:53]712971 FuncErrorReason:report error module_type=3, module_name=EE8888
[ERROR] RUNTIME(712971,15):2026-01-15-10:28:39.332.031 [error_message_manage.cc:53]712971 FuncErrorReason:rtMemcpy execute failed, reason=[the current capture mode does not support this operation]
[ERROR] ASCENDCL(712971,15):2026-01-15-10:28:39.332.246 [memory.cpp:437]712971 aclrtMemcpyImpl: synchronized memcpy failed, kind = 1, runtime result = 107030
[ERROR] RUNTIME(712971,15):2026-01-15-10:28:39.402.200 [api_error.cc:1519]712971 MemCopySync:Memory copy sync failed, cnt=416, kind=1.
[ERROR] RUNTIME(712971,15):2026-01-15-10:28:39.402.208 [api_c.cc:1197]712971 rtMemcpy:ErrCode=107030, desc=[the current capture mode does not support this operation], InnerCode=0x703001c
[ERROR] RUNTIME(712971,15):2026-01-15-10:28:39.402.211 [error_message_manage.cc:53]712971 FuncErrorReason:report error module_type=3, module_name=EE8888
[ERROR] RUNTIME(712971,15):2026-01-15-10:28:39.402.213 [error_message_manage.cc:53]712971 FuncErrorReason:rtMemcpy execute failed, reason=[the current capture mode does not support this operation]
[ERROR] ASCENDCL(712971,15):2026-01-15-10:28:39.402.447 [memory.cpp:437]712971 aclrtMemcpyImpl: synchronized memcpy failed, kind = 1, runtime result = 107030
[ERROR] RUNTIME(712971,15):2026-01-15-10:28:39.472.361 [api_error.cc:1519]712971 MemCopySync:Memory copy sync failed, cnt=72, kind=1.
[ERROR] RUNTIME(712971,15):2026-01-15-10:28:39.472.369 [api_c.cc:1197]712971 rtMemcpy:ErrCode=107030, desc=[the current capture mode does not support this operation], InnerCode=0x703001c
[ERROR] RUNTIME(712971,15):2026-01-15-10:28:39.472.371 [error_message_manage.cc:53]712971 FuncErrorReason:report error module_type=3, module_name=EE8888
[ERROR] RUNTIME(712971,15):2026-01-15-10:28:39.472.374 [error_message_manage.cc:53]712971 FuncErrorReason:rtMemcpy execute failed, reason=[the current capture mode does not support this operation]
[ERROR] ASCENDCL(712971,15):2026-01-15-10:28:39.472.660 [memory.cpp:437]712971 aclrtMemcpyImpl: synchronized memcpy failed, kind = 1, runtime result = 107030
[ERROR] RUNTIME(712971,15):2026-01-15-10:28:39.543.652 [api_error.cc:1519]712971 MemCopySync:Memory copy sync failed, cnt=416, kind=1.
[ERROR] RUNTIME(712971,15):2026-01-15-10:28:39.543.659 [api_c.cc:1197]712971 rtMemcpy:ErrCode=107030, desc=[the current capture mode does not support this operation], InnerCode=0x703001c
[ERROR] RUNTIME(712971,15):2026-01-15-10:28:39.543.662 [error_message_manage.cc:53]712971 FuncErrorReason:report error module_type=3, module_name=EE8888
[ERROR] RUNTIME(712971,15):2026-01-15-10:28:39.543.665 [error_message_manage.cc:53]712971 FuncErrorReason:rtMemcpy execute failed, reason=[the current capture mode does not support this operation]
[ERROR] ASCENDCL(712971,15):2026-01-15-10:28:39.543.941 [memory.cpp:437]712971 aclrtMemcpyImpl: synchronized memcpy failed, kind = 1, runtime result = 107030
[ERROR] RUNTIME(712971,15):2026-01-15-10:28:39.611.199 [api_error.cc:1519]712971 MemCopySync:Memory copy sync failed, cnt=72, kind=1.
[ERROR] RUNTIME(712971,15):2026-01-15-10:28:39.611.206 [api_c.cc:1197]712971 rtMemcpy:ErrCode=107030, desc=[the current capture mode does not support this operation], InnerCode=0x703001c
[ERROR] RUNTIME(712971,15):2026-01-15-10:28:39.611.209 [error_message_manage.cc:53]712971 FuncErrorReason:report error module_type=3, module_name=EE8888
[ERROR] RUNTIME(712971,15):2026-01-15-10:28:39.611.212 [error_message_manage.cc:53]712971 FuncErrorReason:rtMemcpy execute failed, reason=[the current capture mode does not support this operation]
[ERROR] ASCENDCL(712971,15):2026-01-15-10:28:39.611.437 [memory.cpp:437]712971 aclrtMemcpyImpl: synchronized memcpy failed, kind = 1, runtime result = 107030
[ERROR] RUNTIME(712971,15):2026-01-15-10:28:39.682.182 [api_error.cc:1519]712971 MemCopySync:Memory copy sync failed, cnt=416, kind=1.
[ERROR] RUNTIME(712971,15):2026-01-15-10:28:39.682.190 [api_c.cc:1197]712971 rtMemcpy:ErrCode=107030, desc=[the current capture mode does not support this operation], InnerCode=0x703001c
[ERROR] RUNTIME(712971,15):2026-01-15-10:28:39.682.192 [error_message_manage.cc:53]712971 FuncErrorReason:report error module_type=3, module_name=EE8888
[ERROR] RUNTIME(712971,15):2026-01-15-10:28:39.682.195 [error_message_manage.cc:53]712971 FuncErrorReason:rtMemcpy execute failed, reason=[the current capture mode does not support this operation]
[ERROR] ASCENDCL(712971,15):2026-01-15-10:28:39.682.517 [memory.cpp:437]712971 aclrtMemcpyImpl: synchronized memcpy failed, kind = 1, runtime result = 107030
[ERROR] RUNTIME(712971,15):2026-01-15-10:28:39.758.128 [api_error.cc:1519]712971 MemCopySync:Memory copy sync failed, cnt=72, kind=1.
[ERROR] RUNTIME(712971,15):2026-01-15-10:28:39.758.135 [api_c.cc:1197]712971 rtMemcpy:ErrCode=107030, desc=[the current capture mode does not support this operation], InnerCode=0x703001c
[ERROR] RUNTIME(712971,15):2026-01-15-10:28:39.758.138 [error_message_manage.cc:53]712971 FuncErrorReason:report error module_type=3, module_name=EE8888
[ERROR] RUNTIME(712971,15):2026-01-15-10:28:39.758.140 [error_message_manage.cc:53]712971 FuncErrorReason:rtMemcpy execute failed, reason=[the current capture mode does not support this operation]
[ERROR] ASCENDCL(712971,15):2026-01-15-10:28:39.758.360 [memory.cpp:437]712971 aclrtMemcpyImpl: synchronized memcpy failed, kind = 1, runtime result = 107030
[ERROR] RUNTIME(712971,15):2026-01-15-10:28:39.825.740 [api_error.cc:1519]712971 MemCopySync:Memory copy sync failed, cnt=416, kind=1.
[ERROR] RUNTIME(712971,15):2026-01-15-10:28:39.825.748 [api_c.cc:1197]712971 rtMemcpy:ErrCode=107030, desc=[the current capture mode does not support this operation], InnerCode=0x703001c
[ERROR] RUNTIME(712971,15):2026-01-15-10:28:39.825.750 [error_message_manage.cc:53]712971 FuncErrorReason:report error module_type=3, module_name=EE8888
[ERROR] RUNTIME(712971,15):2026-01-15-10:28:39.825.753 [error_message_manage.cc:53]712971 FuncErrorReason:rtMemcpy execute failed, reason=[the current capture mode does not support this operation]
[ERROR] ASCENDCL(712971,15):2026-01-15-10:28:39.825.962 [memory.cpp:437]712971 aclrtMemcpyImpl: synchronized memcpy failed, kind = 1, runtime result = 107030
[ERROR] RUNTIME(712971,15):2026-01-15-10:28:39.897.659 [api_error.cc:1519]712971 MemCopySync:Memory copy sync failed, cnt=72, kind=1.
[ERROR] RUNTIME(712971,15):2026-01-15-10:28:39.897.667 [api_c.cc:1197]712971 rtMemcpy:ErrCode=107030, desc=[the current capture mode does not support this operation], InnerCode=0x703001c
[ERROR] RUNTIME(712971,15):2026-01-15-10:28:39.897.669 [error_message_manage.cc:53]712971 FuncErrorReason:report error module_type=3, module_name=EE8888
[ERROR] RUNTIME(712971,15):2026-01-15-10:28:39.897.672 [error_message_manage.cc:53]712971 FuncErrorReason:rtMemcpy execute failed, reason=[the current capture mode does not support this operation]
[ERROR] ASCENDCL(712971,15):2026-01-15-10:28:39.897.976 [memory.cpp:437]712971 aclrtMemcpyImpl: synchronized memcpy failed, kind = 1, runtime result = 107030
[ERROR] RUNTIME(712971,15):2026-01-15-10:28:39.972.952 [api_error.cc:1519]712971 MemCopySync:Memory copy sync failed, cnt=416, kind=1.
[ERROR] RUNTIME(712971,15):2026-01-15-10:28:39.972.960 [api_c.cc:1197]712971 rtMemcpy:ErrCode=107030, desc=[the current capture mode does not support this operation], InnerCode=0x703001c
[ERROR] RUNTIME(712971,15):2026-01-15-10:28:39.972.962 [error_message_manage.cc:53]712971 FuncErrorReason:report error module_type=3, module_name=EE8888
[ERROR] RUNTIME(712971,15):2026-01-15-10:28:39.972.965 [error_message_manage.cc:53]712971 FuncErrorReason:rtMemcpy execute failed, reason=[the current capture mode does not support this operation]
[ERROR] ASCENDCL(712971,15):2026-01-15-10:28:39.973.185 [memory.cpp:437]712971 aclrtMemcpyImpl: synchronized memcpy failed, kind = 1, runtime result = 107030
[ERROR] RUNTIME(712971,15):2026-01-15-10:28:40.042.485 [api_error.cc:1519]712971 MemCopySync:Memory copy sync failed, cnt=72, kind=1.
[ERROR] RUNTIME(712971,15):2026-01-15-10:28:40.042.492 [api_c.cc:1197]712971 rtMemcpy:ErrCode=107030, desc=[the current capture mode does not support this operation], InnerCode=0x703001c
[ERROR] RUNTIME(712971,15):2026-01-15-10:28:40.042.495 [error_message_manage.cc:53]712971 FuncErrorReason:report error module_type=3, module_name=EE8888
[ERROR] RUNTIME(712971,15):2026-01-15-10:28:40.042.498 [error_message_manage.cc:53]712971 FuncErrorReason:rtMemcpy execute failed, reason=[the current capture mode does not support this operation]
[ERROR] ASCENDCL(712971,15):2026-01-15-10:28:40.042.690 [memory.cpp:437]712971 aclrtMemcpyImpl: synchronized memcpy failed, kind = 1, runtime result = 107030
[ERROR] RUNTIME(712971,15):2026-01-15-10:28:40.121.607 [api_error.cc:1519]712971 MemCopySync:Memory copy sync failed, cnt=416, kind=1.
[ERROR] RUNTIME(712971,15):2026-01-15-10:28:40.121.615 [api_c.cc:1197]712971 rtMemcpy:ErrCode=107030, desc=[the current capture mode does not support this operation], InnerCode=0x703001c
[ERROR] RUNTIME(712971,15):2026-01-15-10:28:40.121.617 [error_message_manage.cc:53]712971 FuncErrorReason:report error module_type=3, module_name=EE8888
[ERROR] RUNTIME(712971,15):2026-01-15-10:28:40.121.620 [error_message_manage.cc:53]712971 FuncErrorReason:rtMemcpy execute failed, reason=[the current capture mode does not support this operation]
[ERROR] ASCENDCL(712971,15):2026-01-15-10:28:40.121.885 [memory.cpp:437]712971 aclrtMemcpyImpl: synchronized memcpy failed, kind = 1, runtime result = 107030
[ERROR] RUNTIME(712971,15):2026-01-15-10:28:40.200.435 [api_error.cc:1519]712971 MemCopySync:Memory copy sync failed, cnt=72, kind=1.
[ERROR] RUNTIME(712971,15):2026-01-15-10:28:40.200.442 [api_c.cc:1197]712971 rtMemcpy:ErrCode=107030, desc=[the current capture mode does not support this operation], InnerCode=0x703001c
[ERROR] RUNTIME(712971,15):2026-01-15-10:28:40.200.445 [error_message_manage.cc:53]712971 FuncErrorReason:report error module_type=3, module_name=EE8888
[ERROR] RUNTIME(712971,15):2026-01-15-10:28:40.200.448 [error_message_manage.cc:53]712971 FuncErrorReason:rtMemcpy execute failed, reason=[the current capture mode does not support this operation]
[ERROR] ASCENDCL(712971,15):2026-01-15-10:28:40.200.661 [memory.cpp:437]712971 aclrtMemcpyImpl: synchronized memcpy failed, kind = 1, runtime result = 107030
[ERROR] RUNTIME(712971,15):2026-01-15-10:28:40.275.301 [api_error.cc:1519]712971 MemCopySync:Memory copy sync failed, cnt=416, kind=1.
[ERROR] RUNTIME(712971,15):2026-01-15-10:28:40.275.309 [api_c.cc:1197]712971 rtMemcpy:ErrCode=107030, desc=[the current capture mode does not support this operation], InnerCode=0x703001c
[ERROR] RUNTIME(712971,15):2026-01-15-10:28:40.275.312 [error_message_manage.cc:53]712971 FuncErrorReason:report error module_type=3, module_name=EE8888
[ERROR] RUNTIME(712971,15):2026-01-15-10:28:40.275.315 [error_message_manage.cc:53]712971 FuncErrorReason:rtMemcpy execute failed, reason=[the current capture mode does not support this operation]
[ERROR] ASCENDCL(712971,15):2026-01-15-10:28:40.275.607 [memory.cpp:437]712971 aclrtMemcpyImpl: synchronized memcpy failed, kind = 1, runtime result = 107030
[ERROR] RUNTIME(712971,15):2026-01-15-10:28:40.344.688 [api_error.cc:1519]712971 MemCopySync:Memory copy sync failed, cnt=72, kind=1.
[ERROR] RUNTIME(712971,15):2026-01-15-10:28:40.344.696 [api_c.cc:1197]712971 rtMemcpy:ErrCode=107030, desc=[the current capture mode does not support this operation], InnerCode=0x703001c
[ERROR] RUNTIME(712971,15):2026-01-15-10:28:40.344.698 [error_message_manage.cc:53]712971 FuncErrorReason:report error module_type=3, module_name=EE8888
[ERROR] RUNTIME(712971,15):2026-01-15-10:28:40.344.701 [error_message_manage.cc:53]712971 FuncErrorReason:rtMemcpy execute failed, reason=[the current capture mode does not support this operation]
[ERROR] ASCENDCL(712971,15):2026-01-15-10:28:40.344.994 [memory.cpp:437]712971 aclrtMemcpyImpl: synchronized memcpy failed, kind = 1, runtime result = 107030
[ERROR] RUNTIME(712971,15):2026-01-15-10:28:40.422.024 [api_error.cc:1519]712971 MemCopySync:Memory copy sync failed, cnt=416, kind=1.
[ERROR] RUNTIME(712971,15):2026-01-15-10:28:40.422.032 [api_c.cc:1197]712971 rtMemcpy:ErrCode=107030, desc=[the current capture mode does not support this operation], InnerCode=0x703001c
[ERROR] RUNTIME(712971,15):2026-01-15-10:28:40.422.035 [error_message_manage.cc:53]712971 FuncErrorReason:report error module_type=3, module_name=EE8888
[ERROR] RUNTIME(712971,15):2026-01-15-10:28:40.422.037 [error_message_manage.cc:53]712971 FuncErrorReason:rtMemcpy execute failed, reason=[the current capture mode does not support this operation]
[ERROR] ASCENDCL(712971,15):2026-01-15-10:28:40.422.276 [memory.cpp:437]712971 aclrtMemcpyImpl: synchronized memcpy failed, kind = 1, runtime result = 107030
[ERROR] RUNTIME(712971,15):2026-01-15-10:28:40.497.590 [api_error.cc:1519]712971 MemCopySync:Memory copy sync failed, cnt=72, kind=1.
[ERROR] RUNTIME(712971,15):2026-01-15-10:28:40.497.598 [api_c.cc:1197]712971 rtMemcpy:ErrCode=107030, desc=[the current capture mode does not support this operation], InnerCode=0x703001c
[ERROR] RUNTIME(712971,15):2026-01-15-10:28:40.497.600 [error_message_manage.cc:53]712971 FuncErrorReason:report error module_type=3, module_name=EE8888
[ERROR] RUNTIME(712971,15):2026-01-15-10:28:40.497.603 [error_message_manage.cc:53]712971 FuncErrorReason:rtMemcpy execute failed, reason=[the current capture mode does not support this operation]
[ERROR] ASCENDCL(712971,15):2026-01-15-10:28:40.497.903 [memory.cpp:437]712971 aclrtMemcpyImpl: synchronized memcpy failed, kind = 1, runtime result = 107030
[ERROR] RUNTIME(712971,15):2026-01-15-10:28:40.577.450 [api_error.cc:1519]712971 MemCopySync:Memory copy sync failed, cnt=416, kind=1.
[ERROR] RUNTIME(712971,15):2026-01-15-10:28:40.577.458 [api_c.cc:1197]712971 rtMemcpy:ErrCode=107030, desc=[the current capture mode does not support this operation], InnerCode=0x703001c
[ERROR] RUNTIME(712971,15):2026-01-15-10:28:40.577.461 [error_message_manage.cc:53]712971 FuncErrorReason:report error module_type=3, module_name=EE8888
[ERROR] RUNTIME(712971,15):2026-01-15-10:28:40.577.463 [error_message_manage.cc:53]712971 FuncErrorReason:rtMemcpy execute failed, reason=[the current capture mode does not support this operation]
[ERROR] ASCENDCL(712971,15):2026-01-15-10:28:40.577.678 [memory.cpp:437]712971 aclrtMemcpyImpl: synchronized memcpy failed, kind = 1, runtime result = 107030
[ERROR] RUNTIME(712971,15):2026-01-15-10:28:40.651.932 [api_error.cc:1519]712971 MemCopySync:Memory copy sync failed, cnt=72, kind=1.
[ERROR] RUNTIME(712971,15):2026-01-15-10:28:40.651.940 [api_c.cc:1197]712971 rtMemcpy:ErrCode=107030, desc=[the current capture mode does not support this operation], InnerCode=0x703001c
[ERROR] RUNTIME(712971,15):2026-01-15-10:28:40.651.943 [error_message_manage.cc:53]712971 FuncErrorReason:report error module_type=3, module_name=EE8888
[ERROR] RUNTIME(712971,15):2026-01-15-10:28:40.651.945 [error_message_manage.cc:53]712971 FuncErrorReason:rtMemcpy execute failed, reason=[the current capture mode does not support this operation]
[ERROR] ASCENDCL(712971,15):2026-01-15-10:28:40.652.192 [memory.cpp:437]712971 aclrtMemcpyImpl: synchronized memcpy failed, kind = 1, runtime result = 107030
[ERROR] RUNTIME(712971,15):2026-01-15-10:28:40.730.621 [api_error.cc:1519]712971 MemCopySync:Memory copy sync failed, cnt=416, kind=1.
[ERROR] RUNTIME(712971,15):2026-01-15-10:28:40.730.630 [api_c.cc:1197]712971 rtMemcpy:ErrCode=107030, desc=[the current capture mode does not support this operation], InnerCode=0x703001c
[ERROR] RUNTIME(712971,15):2026-01-15-10:28:40.730.632 [error_message_manage.cc:53]712971 FuncErrorReason:report error module_type=3, module_name=EE8888
[ERROR] RUNTIME(712971,15):2026-01-15-10:28:40.730.635 [error_message_manage.cc:53]712971 FuncErrorReason:rtMemcpy execute failed, reason=[the current capture mode does not support this operation]
[ERROR] ASCENDCL(712971,15):2026-01-15-10:28:40.730.879 [memory.cpp:437]712971 aclrtMemcpyImpl: synchronized memcpy failed, kind = 1, runtime result = 107030
[ERROR] RUNTIME(712971,15):2026-01-15-10:28:40.786.815 [api_error.cc:1519]712971 MemCopySync:Memory copy sync failed, cnt=72, kind=1.
[ERROR] RUNTIME(712971,15):2026-01-15-10:28:40.786.823 [api_c.cc:1197]712971 rtMemcpy:ErrCode=107030, desc=[the current capture mode does not support this operation], InnerCode=0x703001c
[ERROR] RUNTIME(712971,15):2026-01-15-10:28:40.786.825 [error_message_manage.cc:53]712971 FuncErrorReason:report error module_type=3, module_name=EE8888
[ERROR] RUNTIME(712971,15):2026-01-15-10:28:40.786.828 [error_message_manage.cc:53]712971 FuncErrorReason:rtMemcpy execute failed, reason=[the current capture mode does not support this operation]
[ERROR] ASCENDCL(712971,15):2026-01-15-10:28:40.787.041 [memory.cpp:437]712971 aclrtMemcpyImpl: synchronized memcpy failed, kind = 1, runtime result = 107030
[ERROR] RUNTIME(712971,15):2026-01-15-10:28:40.823.424 [api_error.cc:1519]712971 MemCopySync:Memory copy sync failed, cnt=416, kind=1.
[ERROR] RUNTIME(712971,15):2026-01-15-10:28:40.823.432 [api_c.cc:1197]712971 rtMemcpy:ErrCode=107030, desc=[the current capture mode does not support this operation], InnerCode=0x703001c
[ERROR] RUNTIME(712971,15):2026-01-15-10:28:40.823.435 [error_message_manage.cc:53]712971 FuncErrorReason:report error module_type=3, module_name=EE8888
[ERROR] RUNTIME(712971,15):2026-01-15-10:28:40.823.437 [error_message_manage.cc:53]712971 FuncErrorReason:rtMemcpy execute failed, reason=[the current capture mode does not support this operation]
[ERROR] ASCENDCL(712971,15):2026-01-15-10:28:40.823.637 [memory.cpp:437]712971 aclrtMemcpyImpl: synchronized memcpy failed, kind = 1, runtime result = 107030
[ERROR] RUNTIME(712971,15):2026-01-15-10:28:40.859.095 [api_error.cc:1519]712971 MemCopySync:Memory copy sync failed, cnt=72, kind=1.
[ERROR] RUNTIME(712971,15):2026-01-15-10:28:40.859.104 [api_c.cc:1197]712971 rtMemcpy:ErrCode=107030, desc=[the current capture mode does not support this operation], InnerCode=0x703001c
[ERROR] RUNTIME(712971,15):2026-01-15-10:28:40.859.106 [error_message_manage.cc:53]712971 FuncErrorReason:report error module_type=3, module_name=EE8888
[ERROR] RUNTIME(712971,15):2026-01-15-10:28:40.859.109 [error_message_manage.cc:53]712971 FuncErrorReason:rtMemcpy execute failed, reason=[the current capture mode does not support this operation]
[ERROR] ASCENDCL(712971,15):2026-01-15-10:28:40.859.489 [memory.cpp:437]712971 aclrtMemcpyImpl: synchronized memcpy failed, kind = 1, runtime result = 107030
[ERROR] RUNTIME(712971,15):2026-01-15-10:28:40.970.770 [api_c_stream.cc:412]712971 rtsStreamSetAttribute:report error module_name=EE1001
[ERROR] RUNTIME(712971,15):2026-01-15-10:28:40.970.776 [api_c_stream.cc:412]712971 rtsStreamSetAttribute:Invalid stream attribute ID: 4, Supported stream attribute IDs: [1, 4).
[ERROR] RUNTIME(712971,15):2026-01-15-10:28:40.970.807 [api_c_stream.cc:416]712971 rtsStreamSetAttribute:ErrCode=107000, desc=[invalid value], InnerCode=0x7110001
[ERROR] RUNTIME(712971,15):2026-01-15-10:28:40.970.809 [error_message_manage.cc:48]712971 FuncErrorReason:report error module_name=EE1001
[ERROR] RUNTIME(712971,15):2026-01-15-10:28:40.970.812 [error_message_manage.cc:48]712971 FuncErrorReason:rtsStreamSetAttribute execute failed, reason=[invalid value]
[ERROR] ASCENDCL(712971,15):2026-01-15-10:28:40.971.123 [stream.cpp:299]712971 aclrtSetStreamAttributeImpl: call rtsStreamSetAttribute failed, runtime result = 107000
[ERROR] RUNTIME(712971,15):2026-01-15-10:28:41.347.540 [api_c_stream.cc:412]712971 rtsStreamSetAttribute:report error module_name=EE1001
[ERROR] RUNTIME(712971,15):2026-01-15-10:28:41.347.548 [api_c_stream.cc:412]712971 rtsStreamSetAttribute:Invalid stream attribute ID: 4, Supported stream attribute IDs: [1, 4).
[ERROR] RUNTIME(712971,15):2026-01-15-10:28:41.347.582 [api_c_stream.cc:416]712971 rtsStreamSetAttribute:ErrCode=107000, desc=[invalid value], InnerCode=0x7110001
[ERROR] RUNTIME(712971,15):2026-01-15-10:28:41.347.585 [error_message_manage.cc:48]712971 FuncErrorReason:report error module_name=EE1001
[ERROR] RUNTIME(712971,15):2026-01-15-10:28:41.347.588 [error_message_manage.cc:48]712971 FuncErrorReason:rtsStreamSetAttribute execute failed, reason=[invalid value]
[ERROR] ASCENDCL(712971,15):2026-01-15-10:28:41.347.799 [stream.cpp:299]712971 aclrtSetStreamAttributeImpl: call rtsStreamSetAttribute failed, runtime result = 107000
[ERROR] RUNTIME(712971,15):2026-01-15-10:28:41.691.757 [api_error.cc:1519]712971 MemCopySync:Memory copy sync failed, cnt=416, kind=1.
[ERROR] RUNTIME(712971,15):2026-01-15-10:28:41.691.766 [api_c.cc:1197]712971 rtMemcpy:ErrCode=107030, desc=[the current capture mode does not support this operation], InnerCode=0x703001c
[ERROR] RUNTIME(712971,15):2026-01-15-10:28:41.691.769 [error_message_manage.cc:53]712971 FuncErrorReason:report error module_type=3, module_name=EE8888
[ERROR] RUNTIME(712971,15):2026-01-15-10:28:41.691.772 [error_message_manage.cc:53]712971 FuncErrorReason:rtMemcpy execute failed, reason=[the current capture mode does not support this operation]
[ERROR] ASCENDCL(712971,15):2026-01-15-10:28:41.692.064 [memory.cpp:437]712971 aclrtMemcpyImpl: synchronized memcpy failed, kind = 1, runtime result = 107030
[ERROR] RUNTIME(712971,15):2026-01-15-10:28:41.693.109 [api_error.cc:1519]712971 MemCopySync:Memory copy sync failed, cnt=72, kind=1.
[ERROR] RUNTIME(712971,15):2026-01-15-10:28:41.693.117 [api_c.cc:1197]712971 rtMemcpy:ErrCode=107030, desc=[the current capture mode does not support this operation], InnerCode=0x703001c
[ERROR] RUNTIME(712971,15):2026-01-15-10:28:41.693.119 [error_message_manage.cc:53]712971 FuncErrorReason:report error module_type=3, module_name=EE8888
[ERROR] RUNTIME(712971,15):2026-01-15-10:28:41.693.122 [error_message_manage.cc:53]712971 FuncErrorReason:rtMemcpy execute failed, reason=[the current capture mode does not support this operation]
[ERROR] ASCENDCL(712971,15):2026-01-15-10:28:41.693.267 [memory.cpp:437]712971 aclrtMemcpyImpl: synchronized memcpy failed, kind = 1, runtime result = 107030
[ERROR] RUNTIME(712971,15):2026-01-15-10:28:42.439.741 [api_error.cc:1519]712971 MemCopySync:Memory copy sync failed, cnt=416, kind=1.
[ERROR] RUNTIME(712971,15):2026-01-15-10:28:42.439.752 [api_c.cc:1197]712971 rtMemcpy:ErrCode=107030, desc=[the current capture mode does not support this operation], InnerCode=0x703001c
[ERROR] RUNTIME(712971,15):2026-01-15-10:28:42.439.756 [error_message_manage.cc:53]712971 FuncErrorReason:report error module_type=3, module_name=EE8888
[ERROR] RUNTIME(712971,15):2026-01-15-10:28:42.439.759 [error_message_manage.cc:53]712971 FuncErrorReason:rtMemcpy execute failed, reason=[the current capture mode does not support this operation]
[ERROR] ASCENDCL(712971,15):2026-01-15-10:28:42.440.090 [memory.cpp:437]712971 aclrtMemcpyImpl: synchronized memcpy failed, kind = 1, runtime result = 107030
[ERROR] RUNTIME(712971,15):2026-01-15-10:28:43.207.673 [api_error.cc:1519]712971 MemCopySync:Memory copy sync failed, cnt=72, kind=1.
[ERROR] RUNTIME(712971,15):2026-01-15-10:28:43.207.685 [api_c.cc:1197]712971 rtMemcpy:ErrCode=107030, desc=[the current capture mode does not support this operation], InnerCode=0x703001c
[ERROR] RUNTIME(712971,15):2026-01-15-10:28:43.207.688 [error_message_manage.cc:53]712971 FuncErrorReason:report error module_type=3, module_name=EE8888
[ERROR] RUNTIME(712971,15):2026-01-15-10:28:43.207.692 [error_message_manage.cc:53]712971 FuncErrorReason:rtMemcpy execute failed, reason=[the current capture mode does not support this operation]
[ERROR] ASCENDCL(712971,15):2026-01-15-10:28:43.208.039 [memory.cpp:437]712971 aclrtMemcpyImpl: synchronized memcpy failed, kind = 1, runtime result = 107030
[ERROR] RUNTIME(712971,15):2026-01-15-10:28:43.943.886 [api_error.cc:1519]712971 MemCopySync:Memory copy sync failed, cnt=416, kind=1.
[ERROR] RUNTIME(712971,15):2026-01-15-10:28:43.943.896 [api_c.cc:1197]712971 rtMemcpy:ErrCode=107030, desc=[the current capture mode does not support this operation], InnerCode=0x703001c
[ERROR] RUNTIME(712971,15):2026-01-15-10:28:43.943.900 [error_message_manage.cc:53]712971 FuncErrorReason:report error module_type=3, module_name=EE8888
[ERROR] RUNTIME(712971,15):2026-01-15-10:28:43.943.903 [error_message_manage.cc:53]712971 FuncErrorReason:rtMemcpy execute failed, reason=[the current capture mode does not support this operation]
[ERROR] ASCENDCL(712971,15):2026-01-15-10:28:43.944.251 [memory.cpp:437]712971 aclrtMemcpyImpl: synchronized memcpy failed, kind = 1, runtime result = 107030
[ERROR] RUNTIME(712971,15):2026-01-15-10:28:44.703.330 [api_error.cc:1519]712971 MemCopySync:Memory copy sync failed, cnt=72, kind=1.
[ERROR] RUNTIME(712971,15):2026-01-15-10:28:44.703.342 [api_c.cc:1197]712971 rtMemcpy:ErrCode=107030, desc=[the current capture mode does not support this operation], InnerCode=0x703001c
[ERROR] RUNTIME(712971,15):2026-01-15-10:28:44.703.346 [error_message_manage.cc:53]712971 FuncErrorReason:report error module_type=3, module_name=EE8888
[ERROR] RUNTIME(712971,15):2026-01-15-10:28:44.703.350 [error_message_manage.cc:53]712971 FuncErrorReason:rtMemcpy execute failed, reason=[the current capture mode does not support this operation]
[ERROR] ASCENDCL(712971,15):2026-01-15-10:28:44.703.664 [memory.cpp:437]712971 aclrtMemcpyImpl: synchronized memcpy failed, kind = 1, runtime result = 107030
[ERROR] RUNTIME(712971,15):2026-01-15-10:28:45.448.596 [api_error.cc:1519]712971 MemCopySync:Memory copy sync failed, cnt=416, kind=1.
[ERROR] RUNTIME(712971,15):2026-01-15-10:28:45.448.607 [api_c.cc:1197]712971 rtMemcpy:ErrCode=107030, desc=[the current capture mode does not support this operation], InnerCode=0x703001c
[ERROR] RUNTIME(712971,15):2026-01-15-10:28:45.448.611 [error_message_manage.cc:53]712971 FuncErrorReason:report error module_type=3, module_name=EE8888
[ERROR] RUNTIME(712971,15):2026-01-15-10:28:45.448.614 [error_message_manage.cc:53]712971 FuncErrorReason:rtMemcpy execute failed, reason=[the current capture mode does not support this operation]
[ERROR] ASCENDCL(712971,15):2026-01-15-10:28:45.448.936 [memory.cpp:437]712971 aclrtMemcpyImpl: synchronized memcpy failed, kind = 1, runtime result = 107030
[ERROR] RUNTIME(712971,15):2026-01-15-10:28:46.212.779 [api_error.cc:1519]712971 MemCopySync:Memory copy sync failed, cnt=72, kind=1.
[ERROR] RUNTIME(712971,15):2026-01-15-10:28:46.212.790 [api_c.cc:1197]712971 rtMemcpy:ErrCode=107030, desc=[the current capture mode does not support this operation], InnerCode=0x703001c
[ERROR] RUNTIME(712971,15):2026-01-15-10:28:46.212.793 [error_message_manage.cc:53]712971 FuncErrorReason:report error module_type=3, module_name=EE8888
[ERROR] RUNTIME(712971,15):2026-01-15-10:28:46.212.796 [error_message_manage.cc:53]712971 FuncErrorReason:rtMemcpy execute failed, reason=[the current capture mode does not support this operation]
[ERROR] ASCENDCL(712971,15):2026-01-15-10:28:46.213.169 [memory.cpp:437]712971 aclrtMemcpyImpl: synchronized memcpy failed, kind = 1, runtime result = 107030
[ERROR] RUNTIME(712971,15):2026-01-15-10:28:46.290.674 [api_error.cc:1519]712971 MemCopySync:Memory copy sync failed, cnt=416, kind=1.
[ERROR] RUNTIME(712971,15):2026-01-15-10:28:46.290.684 [api_c.cc:1197]712971 rtMemcpy:ErrCode=107030, desc=[the current capture mode does not support this operation], InnerCode=0x703001c
[ERROR] RUNTIME(712971,15):2026-01-15-10:28:46.290.687 [error_message_manage.cc:53]712971 FuncErrorReason:report error module_type=3, module_name=EE8888
[ERROR] RUNTIME(712971,15):2026-01-15-10:28:46.290.690 [error_message_manage.cc:53]712971 FuncErrorReason:rtMemcpy execute failed, reason=[the current capture mode does not support this operation]
[ERROR] ASCENDCL(712971,15):2026-01-15-10:28:46.291.043 [memory.cpp:437]712971 aclrtMemcpyImpl: synchronized memcpy failed, kind = 1, runtime result = 107030
[ERROR] RUNTIME(712971,15):2026-01-15-10:28:46.356.219 [api_error.cc:1519]712971 MemCopySync:Memory copy sync failed, cnt=72, kind=1.
[ERROR] RUNTIME(712971,15):2026-01-15-10:28:46.356.227 [api_c.cc:1197]712971 rtMemcpy:ErrCode=107030, desc=[the current capture mode does not support this operation], InnerCode=0x703001c
[ERROR] RUNTIME(712971,15):2026-01-15-10:28:46.356.230 [error_message_manage.cc:53]712971 FuncErrorReason:report error module_type=3, module_name=EE8888
[ERROR] RUNTIME(712971,15):2026-01-15-10:28:46.356.232 [error_message_manage.cc:53]712971 FuncErrorReason:rtMemcpy execute failed, reason=[the current capture mode does not support this operation]
[ERROR] ASCENDCL(712971,15):2026-01-15-10:28:46.356.480 [memory.cpp:437]712971 aclrtMemcpyImpl: synchronized memcpy failed, kind = 1, runtime result = 107030
[ERROR] RUNTIME(712971,15):2026-01-15-10:28:46.435.352 [api_error.cc:1519]712971 MemCopySync:Memory copy sync failed, cnt=416, kind=1.
[ERROR] RUNTIME(712971,15):2026-01-15-10:28:46.435.360 [api_c.cc:1197]712971 rtMemcpy:ErrCode=107030, desc=[the current capture mode does not support this operation], InnerCode=0x703001c
[ERROR] RUNTIME(712971,15):2026-01-15-10:28:46.435.363 [error_message_manage.cc:53]712971 FuncErrorReason:report error module_type=3, module_name=EE8888
[ERROR] RUNTIME(712971,15):2026-01-15-10:28:46.435.365 [error_message_manage.cc:53]712971 FuncErrorReason:rtMemcpy execute failed, reason=[the current capture mode does not support this operation]
[ERROR] ASCENDCL(712971,15):2026-01-15-10:28:46.435.618 [memory.cpp:437]712971 aclrtMemcpyImpl: synchronized memcpy failed, kind = 1, runtime result = 107030
[ERROR] RUNTIME(712971,15):2026-01-15-10:28:46.500.328 [api_error.cc:1519]712971 MemCopySync:Memory copy sync failed, cnt=72, kind=1.
[ERROR] RUNTIME(712971,15):2026-01-15-10:28:46.500.335 [api_c.cc:1197]712971 rtMemcpy:ErrCode=107030, desc=[the current capture mode does not support this operation], InnerCode=0x703001c
[ERROR] RUNTIME(712971,15):2026-01-15-10:28:46.500.338 [error_message_manage.cc:53]712971 FuncErrorReason:report error module_type=3, module_name=EE8888
[ERROR] RUNTIME(712971,15):2026-01-15-10:28:46.500.341 [error_message_manage.cc:53]712971 FuncErrorReason:rtMemcpy execute failed, reason=[the current capture mode does not support this operation]
[ERROR] ASCENDCL(712971,15):2026-01-15-10:28:46.500.673 [memory.cpp:437]712971 aclrtMemcpyImpl: synchronized memcpy failed, kind = 1, runtime result = 107030
[ERROR] RUNTIME(712971,15):2026-01-15-10:28:46.567.718 [api_error.cc:1519]712971 MemCopySync:Memory copy sync failed, cnt=416, kind=1.
[ERROR] RUNTIME(712971,15):2026-01-15-10:28:46.567.726 [api_c.cc:1197]712971 rtMemcpy:ErrCode=107030, desc=[the current capture mode does not support this operation], InnerCode=0x703001c
[ERROR] RUNTIME(712971,15):2026-01-15-10:28:46.567.728 [error_message_manage.cc:53]712971 FuncErrorReason:report error module_type=3, module_name=EE8888
[ERROR] RUNTIME(712971,15):2026-01-15-10:28:46.567.731 [error_message_manage.cc:53]712971 FuncErrorReason:rtMemcpy execute failed, reason=[the current capture mode does not support this operation]
[ERROR] ASCENDCL(712971,15):2026-01-15-10:28:46.567.940 [memory.cpp:437]712971 aclrtMemcpyImpl: synchronized memcpy failed, kind = 1, runtime result = 107030
[ERROR] RUNTIME(712971,15):2026-01-15-10:28:46.637.430 [api_error.cc:1519]712971 MemCopySync:Memory copy sync failed, cnt=72, kind=1.
[ERROR] RUNTIME(712971,15):2026-01-15-10:28:46.637.437 [api_c.cc:1197]712971 rtMemcpy:ErrCode=107030, desc=[the current capture mode does not support this operation], InnerCode=0x703001c
[ERROR] RUNTIME(712971,15):2026-01-15-10:28:46.637.439 [error_message_manage.cc:53]712971 FuncErrorReason:report error module_type=3, module_name=EE8888
[ERROR] RUNTIME(712971,15):2026-01-15-10:28:46.637.442 [error_message_manage.cc:53]712971 FuncErrorReason:rtMemcpy execute failed, reason=[the current capture mode does not support this operation]
[ERROR] ASCENDCL(712971,15):2026-01-15-10:28:46.637.637 [memory.cpp:437]712971 aclrtMemcpyImpl: synchronized memcpy failed, kind = 1, runtime result = 107030
[ERROR] RUNTIME(712971,15):2026-01-15-10:28:46.714.897 [api_error.cc:1519]712971 MemCopySync:Memory copy sync failed, cnt=416, kind=1.
[ERROR] RUNTIME(712971,15):2026-01-15-10:28:46.714.906 [api_c.cc:1197]712971 rtMemcpy:ErrCode=107030, desc=[the current capture mode does not support this operation], InnerCode=0x703001c
[ERROR] RUNTIME(712971,15):2026-01-15-10:28:46.714.909 [error_message_manage.cc:53]712971 FuncErrorReason:report error module_type=3, module_name=EE8888
[ERROR] RUNTIME(712971,15):2026-01-15-10:28:46.714.912 [error_message_manage.cc:53]712971 FuncErrorReason:rtMemcpy execute failed, reason=[the current capture mode does not support this operation]
[ERROR] ASCENDCL(712971,15):2026-01-15-10:28:46.715.165 [memory.cpp:437]712971 aclrtMemcpyImpl: synchronized memcpy failed, kind = 1, runtime result = 107030
[ERROR] RUNTIME(712971,15):2026-01-15-10:28:46.785.853 [api_error.cc:1519]712971 MemCopySync:Memory copy sync failed, cnt=72, kind=1.
[ERROR] RUNTIME(712971,15):2026-01-15-10:28:46.785.860 [api_c.cc:1197]712971 rtMemcpy:ErrCode=107030, desc=[the current capture mode does not support this operation], InnerCode=0x703001c
[ERROR] RUNTIME(712971,15):2026-01-15-10:28:46.785.863 [error_message_manage.cc:53]712971 FuncErrorReason:report error module_type=3, module_name=EE8888
[ERROR] RUNTIME(712971,15):2026-01-15-10:28:46.785.866 [error_message_manage.cc:53]712971 FuncErrorReason:rtMemcpy execute failed, reason=[the current capture mode does not support this operation]
[ERROR] ASCENDCL(712971,15):2026-01-15-10:28:46.786.094 [memory.cpp:437]712971 aclrtMemcpyImpl: synchronized memcpy failed, kind = 1, runtime result = 107030
[ERROR] RUNTIME(712971,15):2026-01-15-10:28:46.865.747 [api_error.cc:1519]712971 MemCopySync:Memory copy sync failed, cnt=416, kind=1.
[ERROR] RUNTIME(712971,15):2026-01-15-10:28:46.865.755 [api_c.cc:1197]712971 rtMemcpy:ErrCode=107030, desc=[the current capture mode does not support this operation], InnerCode=0x703001c
[ERROR] RUNTIME(712971,15):2026-01-15-10:28:46.865.757 [error_message_manage.cc:53]712971 FuncErrorReason:report error module_type=3, module_name=EE8888
[ERROR] RUNTIME(712971,15):2026-01-15-10:28:46.865.760 [error_message_manage.cc:53]712971 FuncErrorReason:rtMemcpy execute failed, reason=[the current capture mode does not support this operation]
[ERROR] ASCENDCL(712971,15):2026-01-15-10:28:46.865.984 [memory.cpp:437]712971 aclrtMemcpyImpl: synchronized memcpy failed, kind = 1, runtime result = 107030
[ERROR] RUNTIME(712971,15):2026-01-15-10:28:46.934.164 [api_error.cc:1519]712971 MemCopySync:Memory copy sync failed, cnt=72, kind=1.
[ERROR] RUNTIME(712971,15):2026-01-15-10:28:46.934.172 [api_c.cc:1197]712971 rtMemcpy:ErrCode=107030, desc=[the current capture mode does not support this operation], InnerCode=0x703001c
[ERROR] RUNTIME(712971,15):2026-01-15-10:28:46.934.174 [error_message_manage.cc:53]712971 FuncErrorReason:report error module_type=3, module_name=EE8888
[ERROR] RUNTIME(712971,15):2026-01-15-10:28:46.934.177 [error_message_manage.cc:53]712971 FuncErrorReason:rtMemcpy execute failed, reason=[the current capture mode does not support this operation]
[ERROR] ASCENDCL(712971,15):2026-01-15-10:28:46.934.462 [memory.cpp:437]712971 aclrtMemcpyImpl: synchronized memcpy failed, kind = 1, runtime result = 107030
[ERROR] RUNTIME(712971,15):2026-01-15-10:28:47.009.348 [api_error.cc:1519]712971 MemCopySync:Memory copy sync failed, cnt=416, kind=1.
[ERROR] RUNTIME(712971,15):2026-01-15-10:28:47.009.356 [api_c.cc:1197]712971 rtMemcpy:ErrCode=107030, desc=[the current capture mode does not support this operation], InnerCode=0x703001c
[ERROR] RUNTIME(712971,15):2026-01-15-10:28:47.009.359 [error_message_manage.cc:53]712971 FuncErrorReason:report error module_type=3, module_name=EE8888
[ERROR] RUNTIME(712971,15):2026-01-15-10:28:47.009.361 [error_message_manage.cc:53]712971 FuncErrorReason:rtMemcpy execute failed, reason=[the current capture mode does not support this operation]
[ERROR] ASCENDCL(712971,15):2026-01-15-10:28:47.009.613 [memory.cpp:437]712971 aclrtMemcpyImpl: synchronized memcpy failed, kind = 1, runtime result = 107030
[ERROR] RUNTIME(712971,15):2026-01-15-10:28:47.104.509 [api_error.cc:1519]712971 MemCopySync:Memory copy sync failed, cnt=72, kind=1.
[ERROR] RUNTIME(712971,15):2026-01-15-10:28:47.104.517 [api_c.cc:1197]712971 rtMemcpy:ErrCode=107030, desc=[the current capture mode does not support this operation], InnerCode=0x703001c
[ERROR] RUNTIME(712971,15):2026-01-15-10:28:47.104.520 [error_message_manage.cc:53]712971 FuncErrorReason:report error module_type=3, module_name=EE8888
[ERROR] RUNTIME(712971,15):2026-01-15-10:28:47.104.523 [error_message_manage.cc:53]712971 FuncErrorReason:rtMemcpy execute failed, reason=[the current capture mode does not support this operation]
[ERROR] ASCENDCL(712971,15):2026-01-15-10:28:47.104.869 [memory.cpp:437]712971 aclrtMemcpyImpl: synchronized memcpy failed, kind = 1, runtime result = 107030
[ERROR] RUNTIME(712971,15):2026-01-15-10:28:47.185.458 [api_error.cc:1519]712971 MemCopySync:Memory copy sync failed, cnt=416, kind=1.
[ERROR] RUNTIME(712971,15):2026-01-15-10:28:47.185.467 [api_c.cc:1197]712971 rtMemcpy:ErrCode=107030, desc=[the current capture mode does not support this operation], InnerCode=0x703001c
[ERROR] RUNTIME(712971,15):2026-01-15-10:28:47.185.470 [error_message_manage.cc:53]712971 FuncErrorReason:report error module_type=3, module_name=EE8888
[ERROR] RUNTIME(712971,15):2026-01-15-10:28:47.185.472 [error_message_manage.cc:53]712971 FuncErrorReason:rtMemcpy execute failed, reason=[the current capture mode does not support this operation]
[ERROR] ASCENDCL(712971,15):2026-01-15-10:28:47.185.728 [memory.cpp:437]712971 aclrtMemcpyImpl: synchronized memcpy failed, kind = 1, runtime result = 107030
[ERROR] RUNTIME(712971,15):2026-01-15-10:28:47.260.607 [api_error.cc:1519]712971 MemCopySync:Memory copy sync failed, cnt=72, kind=1.
[ERROR] RUNTIME(712971,15):2026-01-15-10:28:47.260.614 [api_c.cc:1197]712971 rtMemcpy:ErrCode=107030, desc=[the current capture mode does not support this operation], InnerCode=0x703001c
[ERROR] RUNTIME(712971,15):2026-01-15-10:28:47.260.617 [error_message_manage.cc:53]712971 FuncErrorReason:report error module_type=3, module_name=EE8888
[ERROR] RUNTIME(712971,15):2026-01-15-10:28:47.260.619 [error_message_manage.cc:53]712971 FuncErrorReason:rtMemcpy execute failed, reason=[the current capture mode does not support this operation]
[ERROR] ASCENDCL(712971,15):2026-01-15-10:28:47.260.857 [memory.cpp:437]712971 aclrtMemcpyImpl: synchronized memcpy failed, kind = 1, runtime result = 107030
[ERROR] RUNTIME(712971,15):2026-01-15-10:28:47.336.866 [api_error.cc:1519]712971 MemCopySync:Memory copy sync failed, cnt=416, kind=1.
[ERROR] RUNTIME(712971,15):2026-01-15-10:28:47.336.881 [api_c.cc:1197]712971 rtMemcpy:ErrCode=107030, desc=[the current capture mode does not support this operation], InnerCode=0x703001c
[ERROR] RUNTIME(712971,15):2026-01-15-10:28:47.336.884 [error_message_manage.cc:53]712971 FuncErrorReason:report error module_type=3, module_name=EE8888
[ERROR] RUNTIME(712971,15):2026-01-15-10:28:47.336.887 [error_message_manage.cc:53]712971 FuncErrorReason:rtMemcpy execute failed, reason=[the current capture mode does not support this operation]
[ERROR] ASCENDCL(712971,15):2026-01-15-10:28:47.337.183 [memory.cpp:437]712971 aclrtMemcpyImpl: synchronized memcpy failed, kind = 1, runtime result = 107030
[ERROR] RUNTIME(712971,15):2026-01-15-10:28:47.411.132 [api_error.cc:1519]712971 MemCopySync:Memory copy sync failed, cnt=72, kind=1.
[ERROR] RUNTIME(712971,15):2026-01-15-10:28:47.411.140 [api_c.cc:1197]712971 rtMemcpy:ErrCode=107030, desc=[the current capture mode does not support this operation], InnerCode=0x703001c
[ERROR] RUNTIME(712971,15):2026-01-15-10:28:47.411.142 [error_message_manage.cc:53]712971 FuncErrorReason:report error module_type=3, module_name=EE8888
[ERROR] RUNTIME(712971,15):2026-01-15-10:28:47.411.145 [error_message_manage.cc:53]712971 FuncErrorReason:rtMemcpy execute failed, reason=[the current capture mode does not support this operation]
[ERROR] ASCENDCL(712971,15):2026-01-15-10:28:47.411.388 [memory.cpp:437]712971 aclrtMemcpyImpl: synchronized memcpy failed, kind = 1, runtime result = 107030
[ERROR] RUNTIME(712971,15):2026-01-15-10:28:47.490.632 [api_error.cc:1519]712971 MemCopySync:Memory copy sync failed, cnt=416, kind=1.
[ERROR] RUNTIME(712971,15):2026-01-15-10:28:47.490.640 [api_c.cc:1197]712971 rtMemcpy:ErrCode=107030, desc=[the current capture mode does not support this operation], InnerCode=0x703001c
[ERROR] RUNTIME(712971,15):2026-01-15-10:28:47.490.643 [error_message_manage.cc:53]712971 FuncErrorReason:report error module_type=3, module_name=EE8888
[ERROR] RUNTIME(712971,15):2026-01-15-10:28:47.490.646 [error_message_manage.cc:53]712971 FuncErrorReason:rtMemcpy execute failed, reason=[the current capture mode does not support this operation]
[ERROR] ASCENDCL(712971,15):2026-01-15-10:28:47.490.972 [memory.cpp:437]712971 aclrtMemcpyImpl: synchronized memcpy failed, kind = 1, runtime result = 107030
[ERROR] RUNTIME(712971,15):2026-01-15-10:28:47.560.779 [api_error.cc:1519]712971 MemCopySync:Memory copy sync failed, cnt=72, kind=1.
[ERROR] RUNTIME(712971,15):2026-01-15-10:28:47.560.786 [api_c.cc:1197]712971 rtMemcpy:ErrCode=107030, desc=[the current capture mode does not support this operation], InnerCode=0x703001c
[ERROR] RUNTIME(712971,15):2026-01-15-10:28:47.560.788 [error_message_manage.cc:53]712971 FuncErrorReason:report error module_type=3, module_name=EE8888
[ERROR] RUNTIME(712971,15):2026-01-15-10:28:47.560.791 [error_message_manage.cc:53]712971 FuncErrorReason:rtMemcpy execute failed, reason=[the current capture mode does not support this operation]
[ERROR] ASCENDCL(712971,15):2026-01-15-10:28:47.560.993 [memory.cpp:437]712971 aclrtMemcpyImpl: synchronized memcpy failed, kind = 1, runtime result = 107030
[ERROR] RUNTIME(712971,15):2026-01-15-10:28:47.643.907 [api_error.cc:1519]712971 MemCopySync:Memory copy sync failed, cnt=416, kind=1.
[ERROR] RUNTIME(712971,15):2026-01-15-10:28:47.643.915 [api_c.cc:1197]712971 rtMemcpy:ErrCode=107030, desc=[the current capture mode does not support this operation], InnerCode=0x703001c
[ERROR] RUNTIME(712971,15):2026-01-15-10:28:47.643.917 [error_message_manage.cc:53]712971 FuncErrorReason:report error module_type=3, module_name=EE8888
[ERROR] RUNTIME(712971,15):2026-01-15-10:28:47.643.920 [error_message_manage.cc:53]712971 FuncErrorReason:rtMemcpy execute failed, reason=[the current capture mode does not support this operation]
[ERROR] ASCENDCL(712971,15):2026-01-15-10:28:47.644.141 [memory.cpp:437]712971 aclrtMemcpyImpl: synchronized memcpy failed, kind = 1, runtime result = 107030
[ERROR] RUNTIME(712971,15):2026-01-15-10:28:47.713.870 [api_error.cc:1519]712971 MemCopySync:Memory copy sync failed, cnt=72, kind=1.
[ERROR] RUNTIME(712971,15):2026-01-15-10:28:47.713.879 [api_c.cc:1197]712971 rtMemcpy:ErrCode=107030, desc=[the current capture mode does not support this operation], InnerCode=0x703001c
[ERROR] RUNTIME(712971,15):2026-01-15-10:28:47.713.881 [error_message_manage.cc:53]712971 FuncErrorReason:report error module_type=3, module_name=EE8888
[ERROR] RUNTIME(712971,15):2026-01-15-10:28:47.713.884 [error_message_manage.cc:53]712971 FuncErrorReason:rtMemcpy execute failed, reason=[the current capture mode does not support this operation]
[ERROR] ASCENDCL(712971,15):2026-01-15-10:28:47.714.171 [memory.cpp:437]712971 aclrtMemcpyImpl: synchronized memcpy failed, kind = 1, runtime result = 107030
[ERROR] RUNTIME(712971,15):2026-01-15-10:28:47.787.649 [api_error.cc:1519]712971 MemCopySync:Memory copy sync failed, cnt=416, kind=1.
[ERROR] RUNTIME(712971,15):2026-01-15-10:28:47.787.657 [api_c.cc:1197]712971 rtMemcpy:ErrCode=107030, desc=[the current capture mode does not support this operation], InnerCode=0x703001c
[ERROR] RUNTIME(712971,15):2026-01-15-10:28:47.787.659 [error_message_manage.cc:53]712971 FuncErrorReason:report error module_type=3, module_name=EE8888
[ERROR] RUNTIME(712971,15):2026-01-15-10:28:47.787.662 [error_message_manage.cc:53]712971 FuncErrorReason:rtMemcpy execute failed, reason=[the current capture mode does not support this operation]
[ERROR] ASCENDCL(712971,15):2026-01-15-10:28:47.787.884 [memory.cpp:437]712971 aclrtMemcpyImpl: synchronized memcpy failed, kind = 1, runtime result = 107030
[ERROR] RUNTIME(712971,15):2026-01-15-10:28:47.867.718 [api_error.cc:1519]712971 MemCopySync:Memory copy sync failed, cnt=72, kind=1.
[ERROR] RUNTIME(712971,15):2026-01-15-10:28:47.867.725 [api_c.cc:1197]712971 rtMemcpy:ErrCode=107030, desc=[the current capture mode does not support this operation], InnerCode=0x703001c
[ERROR] RUNTIME(712971,15):2026-01-15-10:28:47.867.728 [error_message_manage.cc:53]712971 FuncErrorReason:report error module_type=3, module_name=EE8888
[ERROR] RUNTIME(712971,15):2026-01-15-10:28:47.867.730 [error_message_manage.cc:53]712971 FuncErrorReason:rtMemcpy execute failed, reason=[the current capture mode does not support this operation]
[ERROR] ASCENDCL(712971,15):2026-01-15-10:28:47.867.990 [memory.cpp:437]712971 aclrtMemcpyImpl: synchronized memcpy failed, kind = 1, runtime result = 107030
[ERROR] RUNTIME(712971,15):2026-01-15-10:28:47.940.253 [api_error.cc:1519]712971 MemCopySync:Memory copy sync failed, cnt=416, kind=1.
[ERROR] RUNTIME(712971,15):2026-01-15-10:28:47.940.262 [api_c.cc:1197]712971 rtMemcpy:ErrCode=107030, desc=[the current capture mode does not support this operation], InnerCode=0x703001c
[ERROR] RUNTIME(712971,15):2026-01-15-10:28:47.940.264 [error_message_manage.cc:53]712971 FuncErrorReason:report error module_type=3, module_name=EE8888
[ERROR] RUNTIME(712971,15):2026-01-15-10:28:47.940.267 [error_message_manage.cc:53]712971 FuncErrorReason:rtMemcpy execute failed, reason=[the current capture mode does not support this operation]
[ERROR] ASCENDCL(712971,15):2026-01-15-10:28:47.940.579 [memory.cpp:437]712971 aclrtMemcpyImpl: synchronized memcpy failed, kind = 1, runtime result = 107030
[ERROR] RUNTIME(712971,15):2026-01-15-10:28:48.013.197 [api_error.cc:1519]712971 MemCopySync:Memory copy sync failed, cnt=72, kind=1.
[ERROR] RUNTIME(712971,15):2026-01-15-10:28:48.013.205 [api_c.cc:1197]712971 rtMemcpy:ErrCode=107030, desc=[the current capture mode does not support this operation], InnerCode=0x703001c
[ERROR] RUNTIME(712971,15):2026-01-15-10:28:48.013.207 [error_message_manage.cc:53]712971 FuncErrorReason:report error module_type=3, module_name=EE8888
[ERROR] RUNTIME(712971,15):2026-01-15-10:28:48.013.210 [error_message_manage.cc:53]712971 FuncErrorReason:rtMemcpy execute failed, reason=[the current capture mode does not support this operation]
[ERROR] ASCENDCL(712971,15):2026-01-15-10:28:48.013.424 [memory.cpp:437]712971 aclrtMemcpyImpl: synchronized memcpy failed, kind = 1, runtime result = 107030
[ERROR] RUNTIME(712971,15):2026-01-15-10:28:48.087.147 [api_error.cc:1519]712971 MemCopySync:Memory copy sync failed, cnt=416, kind=1.
[ERROR] RUNTIME(712971,15):2026-01-15-10:28:48.087.156 [api_c.cc:1197]712971 rtMemcpy:ErrCode=107030, desc=[the current capture mode does not support this operation], InnerCode=0x703001c
[ERROR] RUNTIME(712971,15):2026-01-15-10:28:48.087.158 [error_message_manage.cc:53]712971 FuncErrorReason:report error module_type=3, module_name=EE8888
[ERROR] RUNTIME(712971,15):2026-01-15-10:28:48.087.161 [error_message_manage.cc:53]712971 FuncErrorReason:rtMemcpy execute failed, reason=[the current capture mode does not support this operation]
[ERROR] ASCENDCL(712971,15):2026-01-15-10:28:48.087.478 [memory.cpp:437]712971 aclrtMemcpyImpl: synchronized memcpy failed, kind = 1, runtime result = 107030
[ERROR] RUNTIME(712971,15):2026-01-15-10:28:48.163.182 [api_error.cc:1519]712971 MemCopySync:Memory copy sync failed, cnt=72, kind=1.
[ERROR] RUNTIME(712971,15):2026-01-15-10:28:48.163.190 [api_c.cc:1197]712971 rtMemcpy:ErrCode=107030, desc=[the current capture mode does not support this operation], InnerCode=0x703001c
[ERROR] RUNTIME(712971,15):2026-01-15-10:28:48.163.192 [error_message_manage.cc:53]712971 FuncErrorReason:report error module_type=3, module_name=EE8888
[ERROR] RUNTIME(712971,15):2026-01-15-10:28:48.163.195 [error_message_manage.cc:53]712971 FuncErrorReason:rtMemcpy execute failed, reason=[the current capture mode does not support this operation]
[ERROR] ASCENDCL(712971,15):2026-01-15-10:28:48.163.425 [memory.cpp:437]712971 aclrtMemcpyImpl: synchronized memcpy failed, kind = 1, runtime result = 107030
[ERROR] RUNTIME(712971,15):2026-01-15-10:28:48.236.814 [api_error.cc:1519]712971 MemCopySync:Memory copy sync failed, cnt=416, kind=1.
[ERROR] RUNTIME(712971,15):2026-01-15-10:28:48.236.823 [api_c.cc:1197]712971 rtMemcpy:ErrCode=107030, desc=[the current capture mode does not support this operation], InnerCode=0x703001c
[ERROR] RUNTIME(712971,15):2026-01-15-10:28:48.236.825 [error_message_manage.cc:53]712971 FuncErrorReason:report error module_type=3, module_name=EE8888
[ERROR] RUNTIME(712971,15):2026-01-15-10:28:48.236.828 [error_message_manage.cc:53]712971 FuncErrorReason:rtMemcpy execute failed, reason=[the current capture mode does not support this operation]
[ERROR] ASCENDCL(712971,15):2026-01-15-10:28:48.237.070 [memory.cpp:437]712971 aclrtMemcpyImpl: synchronized memcpy failed, kind = 1, runtime result = 107030
[ERROR] RUNTIME(712971,15):2026-01-15-10:28:48.324.531 [api_error.cc:1519]712971 MemCopySync:Memory copy sync failed, cnt=72, kind=1.
[ERROR] RUNTIME(712971,15):2026-01-15-10:28:48.324.539 [api_c.cc:1197]712971 rtMemcpy:ErrCode=107030, desc=[the current capture mode does not support this operation], InnerCode=0x703001c
[ERROR] RUNTIME(712971,15):2026-01-15-10:28:48.324.541 [error_message_manage.cc:53]712971 FuncErrorReason:report error module_type=3, module_name=EE8888
[ERROR] RUNTIME(712971,15):2026-01-15-10:28:48.324.544 [error_message_manage.cc:53]712971 FuncErrorReason:rtMemcpy execute failed, reason=[the current capture mode does not support this operation]
[ERROR] ASCENDCL(712971,15):2026-01-15-10:28:48.324.802 [memory.cpp:437]712971 aclrtMemcpyImpl: synchronized memcpy failed, kind = 1, runtime result = 107030
[ERROR] RUNTIME(712971,15):2026-01-15-10:28:48.403.553 [api_error.cc:1519]712971 MemCopySync:Memory copy sync failed, cnt=416, kind=1.
[ERROR] RUNTIME(712971,15):2026-01-15-10:28:48.403.562 [api_c.cc:1197]712971 rtMemcpy:ErrCode=107030, desc=[the current capture mode does not support this operation], InnerCode=0x703001c
[ERROR] RUNTIME(712971,15):2026-01-15-10:28:48.403.564 [error_message_manage.cc:53]712971 FuncErrorReason:report error module_type=3, module_name=EE8888
[ERROR] RUNTIME(712971,15):2026-01-15-10:28:48.403.567 [error_message_manage.cc:53]712971 FuncErrorReason:rtMemcpy execute failed, reason=[the current capture mode does not support this operation]
[ERROR] ASCENDCL(712971,15):2026-01-15-10:28:48.403.837 [memory.cpp:437]712971 aclrtMemcpyImpl: synchronized memcpy failed, kind = 1, runtime result = 107030
[ERROR] RUNTIME(712971,15):2026-01-15-10:28:48.472.600 [api_error.cc:1519]712971 MemCopySync:Memory copy sync failed, cnt=72, kind=1.
[ERROR] RUNTIME(712971,15):2026-01-15-10:28:48.472.608 [api_c.cc:1197]712971 rtMemcpy:ErrCode=107030, desc=[the current capture mode does not support this operation], InnerCode=0x703001c
[ERROR] RUNTIME(712971,15):2026-01-15-10:28:48.472.610 [error_message_manage.cc:53]712971 FuncErrorReason:report error module_type=3, module_name=EE8888
[ERROR] RUNTIME(712971,15):2026-01-15-10:28:48.472.613 [error_message_manage.cc:53]712971 FuncErrorReason:rtMemcpy execute failed, reason=[the current capture mode does not support this operation]
[ERROR] ASCENDCL(712971,15):2026-01-15-10:28:48.472.846 [memory.cpp:437]712971 aclrtMemcpyImpl: synchronized memcpy failed, kind = 1, runtime result = 107030
[ERROR] RUNTIME(712971,15):2026-01-15-10:28:48.540.970 [api_error.cc:1519]712971 MemCopySync:Memory copy sync failed, cnt=416, kind=1.
[ERROR] RUNTIME(712971,15):2026-01-15-10:28:48.540.980 [api_c.cc:1197]712971 rtMemcpy:ErrCode=107030, desc=[the current capture mode does not support this operation], InnerCode=0x703001c
[ERROR] RUNTIME(712971,15):2026-01-15-10:28:48.540.983 [error_message_manage.cc:53]712971 FuncErrorReason:report error module_type=3, module_name=EE8888
[ERROR] RUNTIME(712971,15):2026-01-15-10:28:48.540.986 [error_message_manage.cc:53]712971 FuncErrorReason:rtMemcpy execute failed, reason=[the current capture mode does not support this operation]
[ERROR] ASCENDCL(712971,15):2026-01-15-10:28:48.541.328 [memory.cpp:437]712971 aclrtMemcpyImpl: synchronized memcpy failed, kind = 1, runtime result = 107030
[ERROR] RUNTIME(712971,15):2026-01-15-10:28:48.611.806 [api_error.cc:1519]712971 MemCopySync:Memory copy sync failed, cnt=72, kind=1.
[ERROR] RUNTIME(712971,15):2026-01-15-10:28:48.611.815 [api_c.cc:1197]712971 rtMemcpy:ErrCode=107030, desc=[the current capture mode does not support this operation], InnerCode=0x703001c
[ERROR] RUNTIME(712971,15):2026-01-15-10:28:48.611.817 [error_message_manage.cc:53]712971 FuncErrorReason:report error module_type=3, module_name=EE8888
[ERROR] RUNTIME(712971,15):2026-01-15-10:28:48.611.820 [error_message_manage.cc:53]712971 FuncErrorReason:rtMemcpy execute failed, reason=[the current capture mode does not support this operation]
[ERROR] ASCENDCL(712971,15):2026-01-15-10:28:48.612.060 [memory.cpp:437]712971 aclrtMemcpyImpl: synchronized memcpy failed, kind = 1, runtime result = 107030
[ERROR] RUNTIME(712971,15):2026-01-15-10:28:48.692.742 [api_error.cc:1519]712971 MemCopySync:Memory copy sync failed, cnt=416, kind=1.
[ERROR] RUNTIME(712971,15):2026-01-15-10:28:48.692.751 [api_c.cc:1197]712971 rtMemcpy:ErrCode=107030, desc=[the current capture mode does not support this operation], InnerCode=0x703001c
[ERROR] RUNTIME(712971,15):2026-01-15-10:28:48.692.753 [error_message_manage.cc:53]712971 FuncErrorReason:report error module_type=3, module_name=EE8888
[ERROR] RUNTIME(712971,15):2026-01-15-10:28:48.692.756 [error_message_manage.cc:53]712971 FuncErrorReason:rtMemcpy execute failed, reason=[the current capture mode does not support this operation]
[ERROR] ASCENDCL(712971,15):2026-01-15-10:28:48.693.017 [memory.cpp:437]712971 aclrtMemcpyImpl: synchronized memcpy failed, kind = 1, runtime result = 107030
[ERROR] RUNTIME(712971,15):2026-01-15-10:28:48.781.817 [api_error.cc:1519]712971 MemCopySync:Memory copy sync failed, cnt=72, kind=1.
[ERROR] RUNTIME(712971,15):2026-01-15-10:28:48.781.826 [api_c.cc:1197]712971 rtMemcpy:ErrCode=107030, desc=[the current capture mode does not support this operation], InnerCode=0x703001c
[ERROR] RUNTIME(712971,15):2026-01-15-10:28:48.781.828 [error_message_manage.cc:53]712971 FuncErrorReason:report error module_type=3, module_name=EE8888
[ERROR] RUNTIME(712971,15):2026-01-15-10:28:48.781.831 [error_message_manage.cc:53]712971 FuncErrorReason:rtMemcpy execute failed, reason=[the current capture mode does not support this operation]
[ERROR] ASCENDCL(712971,15):2026-01-15-10:28:48.782.059 [memory.cpp:437]712971 aclrtMemcpyImpl: synchronized memcpy failed, kind = 1, runtime result = 107030
[ERROR] RUNTIME(712971,15):2026-01-15-10:28:48.869.492 [api_error.cc:1519]712971 MemCopySync:Memory copy sync failed, cnt=416, kind=1.
[ERROR] RUNTIME(712971,15):2026-01-15-10:28:48.869.500 [api_c.cc:1197]712971 rtMemcpy:ErrCode=107030, desc=[the current capture mode does not support this operation], InnerCode=0x703001c
[ERROR] RUNTIME(712971,15):2026-01-15-10:28:48.869.503 [error_message_manage.cc:53]712971 FuncErrorReason:report error module_type=3, module_name=EE8888
[ERROR] RUNTIME(712971,15):2026-01-15-10:28:48.869.506 [error_message_manage.cc:53]712971 FuncErrorReason:rtMemcpy execute failed, reason=[the current capture mode does not support this operation]
[ERROR] ASCENDCL(712971,15):2026-01-15-10:28:48.869.753 [memory.cpp:437]712971 aclrtMemcpyImpl: synchronized memcpy failed, kind = 1, runtime result = 107030
[ERROR] RUNTIME(712971,15):2026-01-15-10:28:48.941.975 [api_error.cc:1519]712971 MemCopySync:Memory copy sync failed, cnt=72, kind=1.
[ERROR] RUNTIME(712971,15):2026-01-15-10:28:48.941.983 [api_c.cc:1197]712971 rtMemcpy:ErrCode=107030, desc=[the current capture mode does not support this operation], InnerCode=0x703001c
[ERROR] RUNTIME(712971,15):2026-01-15-10:28:48.941.986 [error_message_manage.cc:53]712971 FuncErrorReason:report error module_type=3, module_name=EE8888
[ERROR] RUNTIME(712971,15):2026-01-15-10:28:48.941.989 [error_message_manage.cc:53]712971 FuncErrorReason:rtMemcpy execute failed, reason=[the current capture mode does not support this operation]
[ERROR] ASCENDCL(712971,15):2026-01-15-10:28:48.942.250 [memory.cpp:437]712971 aclrtMemcpyImpl: synchronized memcpy failed, kind = 1, runtime result = 107030
[ERROR] RUNTIME(712971,15):2026-01-15-10:28:49.021.448 [api_error.cc:1519]712971 MemCopySync:Memory copy sync failed, cnt=416, kind=1.
[ERROR] RUNTIME(712971,15):2026-01-15-10:28:49.021.457 [api_c.cc:1197]712971 rtMemcpy:ErrCode=107030, desc=[the current capture mode does not support this operation], InnerCode=0x703001c
[ERROR] RUNTIME(712971,15):2026-01-15-10:28:49.021.459 [error_message_manage.cc:53]712971 FuncErrorReason:report error module_type=3, module_name=EE8888
[ERROR] RUNTIME(712971,15):2026-01-15-10:28:49.021.462 [error_message_manage.cc:53]712971 FuncErrorReason:rtMemcpy execute failed, reason=[the current capture mode does not support this operation]
[ERROR] ASCENDCL(712971,15):2026-01-15-10:28:49.021.705 [memory.cpp:437]712971 aclrtMemcpyImpl: synchronized memcpy failed, kind = 1, runtime result = 107030
[ERROR] RUNTIME(712971,15):2026-01-15-10:28:49.097.986 [api_error.cc:1519]712971 MemCopySync:Memory copy sync failed, cnt=72, kind=1.
[ERROR] RUNTIME(712971,15):2026-01-15-10:28:49.097.994 [api_c.cc:1197]712971 rtMemcpy:ErrCode=107030, desc=[the current capture mode does not support this operation], InnerCode=0x703001c
[ERROR] RUNTIME(712971,15):2026-01-15-10:28:49.097.997 [error_message_manage.cc:53]712971 FuncErrorReason:report error module_type=3, module_name=EE8888
[ERROR] RUNTIME(712971,15):2026-01-15-10:28:49.098.000 [error_message_manage.cc:53]712971 FuncErrorReason:rtMemcpy execute failed, reason=[the current capture mode does not support this operation]
[ERROR] ASCENDCL(712971,15):2026-01-15-10:28:49.098.275 [memory.cpp:437]712971 aclrtMemcpyImpl: synchronized memcpy failed, kind = 1, runtime result = 107030
[ERROR] RUNTIME(712971,15):2026-01-15-10:28:49.171.426 [api_error.cc:1519]712971 MemCopySync:Memory copy sync failed, cnt=416, kind=1.
[ERROR] RUNTIME(712971,15):2026-01-15-10:28:49.171.435 [api_c.cc:1197]712971 rtMemcpy:ErrCode=107030, desc=[the current capture mode does not support this operation], InnerCode=0x703001c
[ERROR] RUNTIME(712971,15):2026-01-15-10:28:49.171.437 [error_message_manage.cc:53]712971 FuncErrorReason:report error module_type=3, module_name=EE8888
[ERROR] RUNTIME(712971,15):2026-01-15-10:28:49.171.440 [error_message_manage.cc:53]712971 FuncErrorReason:rtMemcpy execute failed, reason=[the current capture mode does not support this operation]
[ERROR] ASCENDCL(712971,15):2026-01-15-10:28:49.171.689 [memory.cpp:437]712971 aclrtMemcpyImpl: synchronized memcpy failed, kind = 1, runtime result = 107030
[ERROR] RUNTIME(712971,15):2026-01-15-10:28:49.246.358 [api_error.cc:1519]712971 MemCopySync:Memory copy sync failed, cnt=72, kind=1.
[ERROR] RUNTIME(712971,15):2026-01-15-10:28:49.246.366 [api_c.cc:1197]712971 rtMemcpy:ErrCode=107030, desc=[the current capture mode does not support this operation], InnerCode=0x703001c
[ERROR] RUNTIME(712971,15):2026-01-15-10:28:49.246.368 [error_message_manage.cc:53]712971 FuncErrorReason:report error module_type=3, module_name=EE8888
[ERROR] RUNTIME(712971,15):2026-01-15-10:28:49.246.371 [error_message_manage.cc:53]712971 FuncErrorReason:rtMemcpy execute failed, reason=[the current capture mode does not support this operation]
[ERROR] ASCENDCL(712971,15):2026-01-15-10:28:49.246.611 [memory.cpp:437]712971 aclrtMemcpyImpl: synchronized memcpy failed, kind = 1, runtime result = 107030
[ERROR] RUNTIME(712971,15):2026-01-15-10:28:49.317.167 [api_error.cc:1519]712971 MemCopySync:Memory copy sync failed, cnt=416, kind=1.
[ERROR] RUNTIME(712971,15):2026-01-15-10:28:49.317.176 [api_c.cc:1197]712971 rtMemcpy:ErrCode=107030, desc=[the current capture mode does not support this operation], InnerCode=0x703001c
[ERROR] RUNTIME(712971,15):2026-01-15-10:28:49.317.178 [error_message_manage.cc:53]712971 FuncErrorReason:report error module_type=3, module_name=EE8888
[ERROR] RUNTIME(712971,15):2026-01-15-10:28:49.317.182 [error_message_manage.cc:53]712971 FuncErrorReason:rtMemcpy execute failed, reason=[the current capture mode does not support this operation]
[ERROR] ASCENDCL(712971,15):2026-01-15-10:28:49.317.479 [memory.cpp:437]712971 aclrtMemcpyImpl: synchronized memcpy failed, kind = 1, runtime result = 107030
[ERROR] RUNTIME(712971,15):2026-01-15-10:28:49.389.278 [api_error.cc:1519]712971 MemCopySync:Memory copy sync failed, cnt=72, kind=1.
[ERROR] RUNTIME(712971,15):2026-01-15-10:28:49.389.286 [api_c.cc:1197]712971 rtMemcpy:ErrCode=107030, desc=[the current capture mode does not support this operation], InnerCode=0x703001c
[ERROR] RUNTIME(712971,15):2026-01-15-10:28:49.389.289 [error_message_manage.cc:53]712971 FuncErrorReason:report error module_type=3, module_name=EE8888
[ERROR] RUNTIME(712971,15):2026-01-15-10:28:49.389.291 [error_message_manage.cc:53]712971 FuncErrorReason:rtMemcpy execute failed, reason=[the current capture mode does not support this operation]
[ERROR] ASCENDCL(712971,15):2026-01-15-10:28:49.389.570 [memory.cpp:437]712971 aclrtMemcpyImpl: synchronized memcpy failed, kind = 1, runtime result = 107030
[ERROR] RUNTIME(712971,15):2026-01-15-10:28:49.461.680 [api_error.cc:1519]712971 MemCopySync:Memory copy sync failed, cnt=416, kind=1.
[ERROR] RUNTIME(712971,15):2026-01-15-10:28:49.461.689 [api_c.cc:1197]712971 rtMemcpy:ErrCode=107030, desc=[the current capture mode does not support this operation], InnerCode=0x703001c
[ERROR] RUNTIME(712971,15):2026-01-15-10:28:49.461.691 [error_message_manage.cc:53]712971 FuncErrorReason:report error module_type=3, module_name=EE8888
[ERROR] RUNTIME(712971,15):2026-01-15-10:28:49.461.694 [error_message_manage.cc:53]712971 FuncErrorReason:rtMemcpy execute failed, reason=[the current capture mode does not support this operation]
[ERROR] ASCENDCL(712971,15):2026-01-15-10:28:49.461.890 [memory.cpp:437]712971 aclrtMemcpyImpl: synchronized memcpy failed, kind = 1, runtime result = 107030
[ERROR] RUNTIME(712971,15):2026-01-15-10:28:49.532.546 [api_error.cc:1519]712971 MemCopySync:Memory copy sync failed, cnt=72, kind=1.
[ERROR] RUNTIME(712971,15):2026-01-15-10:28:49.532.554 [api_c.cc:1197]712971 rtMemcpy:ErrCode=107030, desc=[the current capture mode does not support this operation], InnerCode=0x703001c
[ERROR] RUNTIME(712971,15):2026-01-15-10:28:49.532.557 [error_message_manage.cc:53]712971 FuncErrorReason:report error module_type=3, module_name=EE8888
[ERROR] RUNTIME(712971,15):2026-01-15-10:28:49.532.560 [error_message_manage.cc:53]712971 FuncErrorReason:rtMemcpy execute failed, reason=[the current capture mode does not support this operation]
[ERROR] ASCENDCL(712971,15):2026-01-15-10:28:49.532.842 [memory.cpp:437]712971 aclrtMemcpyImpl: synchronized memcpy failed, kind = 1, runtime result = 107030
[ERROR] RUNTIME(712971,15):2026-01-15-10:28:49.605.298 [api_error.cc:1519]712971 MemCopySync:Memory copy sync failed, cnt=416, kind=1.
[ERROR] RUNTIME(712971,15):2026-01-15-10:28:49.605.306 [api_c.cc:1197]712971 rtMemcpy:ErrCode=107030, desc=[the current capture mode does not support this operation], InnerCode=0x703001c
[ERROR] RUNTIME(712971,15):2026-01-15-10:28:49.605.308 [error_message_manage.cc:53]712971 FuncErrorReason:report error module_type=3, module_name=EE8888
[ERROR] RUNTIME(712971,15):2026-01-15-10:28:49.605.311 [error_message_manage.cc:53]712971 FuncErrorReason:rtMemcpy execute failed, reason=[the current capture mode does not support this operation]
[ERROR] ASCENDCL(712971,15):2026-01-15-10:28:49.605.537 [memory.cpp:437]712971 aclrtMemcpyImpl: synchronized memcpy failed, kind = 1, runtime result = 107030
[ERROR] RUNTIME(712971,15):2026-01-15-10:28:49.683.826 [api_error.cc:1519]712971 MemCopySync:Memory copy sync failed, cnt=72, kind=1.
[ERROR] RUNTIME(712971,15):2026-01-15-10:28:49.683.834 [api_c.cc:1197]712971 rtMemcpy:ErrCode=107030, desc=[the current capture mode does not support this operation], InnerCode=0x703001c
[ERROR] RUNTIME(712971,15):2026-01-15-10:28:49.683.837 [error_message_manage.cc:53]712971 FuncErrorReason:report error module_type=3, module_name=EE8888
[ERROR] RUNTIME(712971,15):2026-01-15-10:28:49.683.839 [error_message_manage.cc:53]712971 FuncErrorReason:rtMemcpy execute failed, reason=[the current capture mode does not support this operation]
[ERROR] ASCENDCL(712971,15):2026-01-15-10:28:49.684.072 [memory.cpp:437]712971 aclrtMemcpyImpl: synchronized memcpy failed, kind = 1, runtime result = 107030
[ERROR] RUNTIME(712971,15):2026-01-15-10:28:49.746.654 [api_error.cc:1519]712971 MemCopySync:Memory copy sync failed, cnt=416, kind=1.
[ERROR] RUNTIME(712971,15):2026-01-15-10:28:49.746.662 [api_c.cc:1197]712971 rtMemcpy:ErrCode=107030, desc=[the current capture mode does not support this operation], InnerCode=0x703001c
[ERROR] RUNTIME(712971,15):2026-01-15-10:28:49.746.665 [error_message_manage.cc:53]712971 FuncErrorReason:report error module_type=3, module_name=EE8888
[ERROR] RUNTIME(712971,15):2026-01-15-10:28:49.746.668 [error_message_manage.cc:53]712971 FuncErrorReason:rtMemcpy execute failed, reason=[the current capture mode does not support this operation]
[ERROR] ASCENDCL(712971,15):2026-01-15-10:28:49.746.886 [memory.cpp:437]712971 aclrtMemcpyImpl: synchronized memcpy failed, kind = 1, runtime result = 107030
[ERROR] RUNTIME(712971,15):2026-01-15-10:28:49.819.985 [api_error.cc:1519]712971 MemCopySync:Memory copy sync failed, cnt=72, kind=1.
[ERROR] RUNTIME(712971,15):2026-01-15-10:28:49.819.993 [api_c.cc:1197]712971 rtMemcpy:ErrCode=107030, desc=[the current capture mode does not support this operation], InnerCode=0x703001c
[ERROR] RUNTIME(712971,15):2026-01-15-10:28:49.819.995 [error_message_manage.cc:53]712971 FuncErrorReason:report error module_type=3, module_name=EE8888
[ERROR] RUNTIME(712971,15):2026-01-15-10:28:49.819.998 [error_message_manage.cc:53]712971 FuncErrorReason:rtMemcpy execute failed, reason=[the current capture mode does not support this operation]
[ERROR] ASCENDCL(712971,15):2026-01-15-10:28:49.820.170 [memory.cpp:437]712971 aclrtMemcpyImpl: synchronized memcpy failed, kind = 1, runtime result = 107030
[ERROR] RUNTIME(712971,15):2026-01-15-10:28:49.885.632 [api_error.cc:1519]712971 MemCopySync:Memory copy sync failed, cnt=416, kind=1.
[ERROR] RUNTIME(712971,15):2026-01-15-10:28:49.885.641 [api_c.cc:1197]712971 rtMemcpy:ErrCode=107030, desc=[the current capture mode does not support this operation], InnerCode=0x703001c
[ERROR] RUNTIME(712971,15):2026-01-15-10:28:49.885.644 [error_message_manage.cc:53]712971 FuncErrorReason:report error module_type=3, module_name=EE8888
[ERROR] RUNTIME(712971,15):2026-01-15-10:28:49.885.647 [error_message_manage.cc:53]712971 FuncErrorReason:rtMemcpy execute failed, reason=[the current capture mode does not support this operation]
[ERROR] ASCENDCL(712971,15):2026-01-15-10:28:49.885.869 [memory.cpp:437]712971 aclrtMemcpyImpl: synchronized memcpy failed, kind = 1, runtime result = 107030
[ERROR] RUNTIME(712971,15):2026-01-15-10:28:49.959.906 [api_error.cc:1519]712971 MemCopySync:Memory copy sync failed, cnt=72, kind=1.
[ERROR] RUNTIME(712971,15):2026-01-15-10:28:49.959.914 [api_c.cc:1197]712971 rtMemcpy:ErrCode=107030, desc=[the current capture mode does not support this operation], InnerCode=0x703001c
[ERROR] RUNTIME(712971,15):2026-01-15-10:28:49.959.917 [error_message_manage.cc:53]712971 FuncErrorReason:report error module_type=3, module_name=EE8888
[ERROR] RUNTIME(712971,15):2026-01-15-10:28:49.959.920 [error_message_manage.cc:53]712971 FuncErrorReason:rtMemcpy execute failed, reason=[the current capture mode does not support this operation]
[ERROR] ASCENDCL(712971,15):2026-01-15-10:28:49.960.135 [memory.cpp:437]712971 aclrtMemcpyImpl: synchronized memcpy failed, kind = 1, runtime result = 107030
[ERROR] RUNTIME(712971,15):2026-01-15-10:28:50.030.754 [api_error.cc:1519]712971 MemCopySync:Memory copy sync failed, cnt=416, kind=1.
[ERROR] RUNTIME(712971,15):2026-01-15-10:28:50.030.762 [api_c.cc:1197]712971 rtMemcpy:ErrCode=107030, desc=[the current capture mode does not support this operation], InnerCode=0x703001c
[ERROR] RUNTIME(712971,15):2026-01-15-10:28:50.030.765 [error_message_manage.cc:53]712971 FuncErrorReason:report error module_type=3, module_name=EE8888
[ERROR] RUNTIME(712971,15):2026-01-15-10:28:50.030.768 [error_message_manage.cc:53]712971 FuncErrorReason:rtMemcpy execute failed, reason=[the current capture mode does not support this operation]
[ERROR] ASCENDCL(712971,15):2026-01-15-10:28:50.030.948 [memory.cpp:437]712971 aclrtMemcpyImpl: synchronized memcpy failed, kind = 1, runtime result = 107030
[ERROR] RUNTIME(712971,15):2026-01-15-10:28:50.102.413 [api_error.cc:1519]712971 MemCopySync:Memory copy sync failed, cnt=72, kind=1.
[ERROR] RUNTIME(712971,15):2026-01-15-10:28:50.102.421 [api_c.cc:1197]712971 rtMemcpy:ErrCode=107030, desc=[the current capture mode does not support this operation], InnerCode=0x703001c
[ERROR] RUNTIME(712971,15):2026-01-15-10:28:50.102.424 [error_message_manage.cc:53]712971 FuncErrorReason:report error module_type=3, module_name=EE8888
[ERROR] RUNTIME(712971,15):2026-01-15-10:28:50.102.427 [error_message_manage.cc:53]712971 FuncErrorReason:rtMemcpy execute failed, reason=[the current capture mode does not support this operation]
[ERROR] ASCENDCL(712971,15):2026-01-15-10:28:50.102.695 [memory.cpp:437]712971 aclrtMemcpyImpl: synchronized memcpy failed, kind = 1, runtime result = 107030
[ERROR] RUNTIME(712971,15):2026-01-15-10:28:50.179.990 [api_error.cc:1519]712971 MemCopySync:Memory copy sync failed, cnt=416, kind=1.
[ERROR] RUNTIME(712971,15):2026-01-15-10:28:50.179.998 [api_c.cc:1197]712971 rtMemcpy:ErrCode=107030, desc=[the current capture mode does not support this operation], InnerCode=0x703001c
[ERROR] RUNTIME(712971,15):2026-01-15-10:28:50.180.001 [error_message_manage.cc:53]712971 FuncErrorReason:report error module_type=3, module_name=EE8888
[ERROR] RUNTIME(712971,15):2026-01-15-10:28:50.180.004 [error_message_manage.cc:53]712971 FuncErrorReason:rtMemcpy execute failed, reason=[the current capture mode does not support this operation]
[ERROR] ASCENDCL(712971,15):2026-01-15-10:28:50.180.210 [memory.cpp:437]712971 aclrtMemcpyImpl: synchronized memcpy failed, kind = 1, runtime result = 107030
[ERROR] RUNTIME(712971,15):2026-01-15-10:28:50.253.087 [api_error.cc:1519]712971 MemCopySync:Memory copy sync failed, cnt=72, kind=1.
[ERROR] RUNTIME(712971,15):2026-01-15-10:28:50.253.094 [api_c.cc:1197]712971 rtMemcpy:ErrCode=107030, desc=[the current capture mode does not support this operation], InnerCode=0x703001c
[ERROR] RUNTIME(712971,15):2026-01-15-10:28:50.253.097 [error_message_manage.cc:53]712971 FuncErrorReason:report error module_type=3, module_name=EE8888
[ERROR] RUNTIME(712971,15):2026-01-15-10:28:50.253.099 [error_message_manage.cc:53]712971 FuncErrorReason:rtMemcpy execute failed, reason=[the current capture mode does not support this operation]
[ERROR] ASCENDCL(712971,15):2026-01-15-10:28:50.253.301 [memory.cpp:437]712971 aclrtMemcpyImpl: synchronized memcpy failed, kind = 1, runtime result = 107030
[ERROR] RUNTIME(712971,15):2026-01-15-10:28:50.326.245 [api_error.cc:1519]712971 MemCopySync:Memory copy sync failed, cnt=416, kind=1.
[ERROR] RUNTIME(712971,15):2026-01-15-10:28:50.326.254 [api_c.cc:1197]712971 rtMemcpy:ErrCode=107030, desc=[the current capture mode does not support this operation], InnerCode=0x703001c
[ERROR] RUNTIME(712971,15):2026-01-15-10:28:50.326.257 [error_message_manage.cc:53]712971 FuncErrorReason:report error module_type=3, module_name=EE8888
[ERROR] RUNTIME(712971,15):2026-01-15-10:28:50.326.260 [error_message_manage.cc:53]712971 FuncErrorReason:rtMemcpy execute failed, reason=[the current capture mode does not support this operation]
[ERROR] ASCENDCL(712971,15):2026-01-15-10:28:50.326.528 [memory.cpp:437]712971 aclrtMemcpyImpl: synchronized memcpy failed, kind = 1, runtime result = 107030
[ERROR] RUNTIME(712971,15):2026-01-15-10:28:50.394.539 [api_error.cc:1519]712971 MemCopySync:Memory copy sync failed, cnt=72, kind=1.
[ERROR] RUNTIME(712971,15):2026-01-15-10:28:50.394.547 [api_c.cc:1197]712971 rtMemcpy:ErrCode=107030, desc=[the current capture mode does not support this operation], InnerCode=0x703001c
[ERROR] RUNTIME(712971,15):2026-01-15-10:28:50.394.549 [error_message_manage.cc:53]712971 FuncErrorReason:report error module_type=3, module_name=EE8888
[ERROR] RUNTIME(712971,15):2026-01-15-10:28:50.394.552 [error_message_manage.cc:53]712971 FuncErrorReason:rtMemcpy execute failed, reason=[the current capture mode does not support this operation]
[ERROR] ASCENDCL(712971,15):2026-01-15-10:28:50.394.756 [memory.cpp:437]712971 aclrtMemcpyImpl: synchronized memcpy failed, kind = 1, runtime result = 107030
[ERROR] RUNTIME(712971,15):2026-01-15-10:28:50.466.616 [api_error.cc:1519]712971 MemCopySync:Memory copy sync failed, cnt=416, kind=1.
[ERROR] RUNTIME(712971,15):2026-01-15-10:28:50.466.624 [api_c.cc:1197]712971 rtMemcpy:ErrCode=107030, desc=[the current capture mode does not support this operation], InnerCode=0x703001c
[ERROR] RUNTIME(712971,15):2026-01-15-10:28:50.466.626 [error_message_manage.cc:53]712971 FuncErrorReason:report error module_type=3, module_name=EE8888
[ERROR] RUNTIME(712971,15):2026-01-15-10:28:50.466.629 [error_message_manage.cc:53]712971 FuncErrorReason:rtMemcpy execute failed, reason=[the current capture mode does not support this operation]
[ERROR] ASCENDCL(712971,15):2026-01-15-10:28:50.466.824 [memory.cpp:437]712971 aclrtMemcpyImpl: synchronized memcpy failed, kind = 1, runtime result = 107030
[ERROR] RUNTIME(712971,15):2026-01-15-10:28:50.536.715 [api_error.cc:1519]712971 MemCopySync:Memory copy sync failed, cnt=72, kind=1.
[ERROR] RUNTIME(712971,15):2026-01-15-10:28:50.536.722 [api_c.cc:1197]712971 rtMemcpy:ErrCode=107030, desc=[the current capture mode does not support this operation], InnerCode=0x703001c
[ERROR] RUNTIME(712971,15):2026-01-15-10:28:50.536.725 [error_message_manage.cc:53]712971 FuncErrorReason:report error module_type=3, module_name=EE8888
[ERROR] RUNTIME(712971,15):2026-01-15-10:28:50.536.728 [error_message_manage.cc:53]712971 FuncErrorReason:rtMemcpy execute failed, reason=[the current capture mode does not support this operation]
[ERROR] ASCENDCL(712971,15):2026-01-15-10:28:50.536.982 [memory.cpp:437]712971 aclrtMemcpyImpl: synchronized memcpy failed, kind = 1, runtime result = 107030
[ERROR] RUNTIME(712971,15):2026-01-15-10:28:50.615.751 [api_error.cc:1519]712971 MemCopySync:Memory copy sync failed, cnt=416, kind=1.
[ERROR] RUNTIME(712971,15):2026-01-15-10:28:50.615.759 [api_c.cc:1197]712971 rtMemcpy:ErrCode=107030, desc=[the current capture mode does not support this operation], InnerCode=0x703001c
[ERROR] RUNTIME(712971,15):2026-01-15-10:28:50.615.762 [error_message_manage.cc:53]712971 FuncErrorReason:report error module_type=3, module_name=EE8888
[ERROR] RUNTIME(712971,15):2026-01-15-10:28:50.615.764 [error_message_manage.cc:53]712971 FuncErrorReason:rtMemcpy execute failed, reason=[the current capture mode does not support this operation]
[ERROR] ASCENDCL(712971,15):2026-01-15-10:28:50.616.025 [memory.cpp:437]712971 aclrtMemcpyImpl: synchronized memcpy failed, kind = 1, runtime result = 107030
[ERROR] RUNTIME(712971,15):2026-01-15-10:28:50.693.938 [api_error.cc:1519]712971 MemCopySync:Memory copy sync failed, cnt=72, kind=1.
[ERROR] RUNTIME(712971,15):2026-01-15-10:28:50.693.946 [api_c.cc:1197]712971 rtMemcpy:ErrCode=107030, desc=[the current capture mode does not support this operation], InnerCode=0x703001c
[ERROR] RUNTIME(712971,15):2026-01-15-10:28:50.693.949 [error_message_manage.cc:53]712971 FuncErrorReason:report error module_type=3, module_name=EE8888
[ERROR] RUNTIME(712971,15):2026-01-15-10:28:50.693.952 [error_message_manage.cc:53]712971 FuncErrorReason:rtMemcpy execute failed, reason=[the current capture mode does not support this operation]
[ERROR] ASCENDCL(712971,15):2026-01-15-10:28:50.694.230 [memory.cpp:437]712971 aclrtMemcpyImpl: synchronized memcpy failed, kind = 1, runtime result = 107030
[ERROR] RUNTIME(712971,15):2026-01-15-10:28:50.774.148 [api_error.cc:1519]712971 MemCopySync:Memory copy sync failed, cnt=416, kind=1.
[ERROR] RUNTIME(712971,15):2026-01-15-10:28:50.774.157 [api_c.cc:1197]712971 rtMemcpy:ErrCode=107030, desc=[the current capture mode does not support this operation], InnerCode=0x703001c
[ERROR] RUNTIME(712971,15):2026-01-15-10:28:50.774.159 [error_message_manage.cc:53]712971 FuncErrorReason:report error module_type=3, module_name=EE8888
[ERROR] RUNTIME(712971,15):2026-01-15-10:28:50.774.162 [error_message_manage.cc:53]712971 FuncErrorReason:rtMemcpy execute failed, reason=[the current capture mode does not support this operation]
[ERROR] ASCENDCL(712971,15):2026-01-15-10:28:50.774.384 [memory.cpp:437]712971 aclrtMemcpyImpl: synchronized memcpy failed, kind = 1, runtime result = 107030
[ERROR] RUNTIME(712971,15):2026-01-15-10:28:50.849.341 [api_error.cc:1519]712971 MemCopySync:Memory copy sync failed, cnt=72, kind=1.
[ERROR] RUNTIME(712971,15):2026-01-15-10:28:50.849.348 [api_c.cc:1197]712971 rtMemcpy:ErrCode=107030, desc=[the current capture mode does not support this operation], InnerCode=0x703001c
[ERROR] RUNTIME(712971,15):2026-01-15-10:28:50.849.351 [error_message_manage.cc:53]712971 FuncErrorReason:report error module_type=3, module_name=EE8888
[ERROR] RUNTIME(712971,15):2026-01-15-10:28:50.849.353 [error_message_manage.cc:53]712971 FuncErrorReason:rtMemcpy execute failed, reason=[the current capture mode does not support this operation]
[ERROR] ASCENDCL(712971,15):2026-01-15-10:28:50.849.553 [memory.cpp:437]712971 aclrtMemcpyImpl: synchronized memcpy failed, kind = 1, runtime result = 107030
[ERROR] RUNTIME(712971,15):2026-01-15-10:28:50.920.918 [api_error.cc:1519]712971 MemCopySync:Memory copy sync failed, cnt=416, kind=1.
[ERROR] RUNTIME(712971,15):2026-01-15-10:28:50.920.926 [api_c.cc:1197]712971 rtMemcpy:ErrCode=107030, desc=[the current capture mode does not support this operation], InnerCode=0x703001c
[ERROR] RUNTIME(712971,15):2026-01-15-10:28:50.920.929 [error_message_manage.cc:53]712971 FuncErrorReason:report error module_type=3, module_name=EE8888
[ERROR] RUNTIME(712971,15):2026-01-15-10:28:50.920.932 [error_message_manage.cc:53]712971 FuncErrorReason:rtMemcpy execute failed, reason=[the current capture mode does not support this operation]
[ERROR] ASCENDCL(712971,15):2026-01-15-10:28:50.921.202 [memory.cpp:437]712971 aclrtMemcpyImpl: synchronized memcpy failed, kind = 1, runtime result = 107030
[ERROR] RUNTIME(712971,15):2026-01-15-10:28:50.991.194 [api_error.cc:1519]712971 MemCopySync:Memory copy sync failed, cnt=72, kind=1.
[ERROR] RUNTIME(712971,15):2026-01-15-10:28:50.991.201 [api_c.cc:1197]712971 rtMemcpy:ErrCode=107030, desc=[the current capture mode does not support this operation], InnerCode=0x703001c
[ERROR] RUNTIME(712971,15):2026-01-15-10:28:50.991.204 [error_message_manage.cc:53]712971 FuncErrorReason:report error module_type=3, module_name=EE8888
[ERROR] RUNTIME(712971,15):2026-01-15-10:28:50.991.207 [error_message_manage.cc:53]712971 FuncErrorReason:rtMemcpy execute failed, reason=[the current capture mode does not support this operation]
[ERROR] ASCENDCL(712971,15):2026-01-15-10:28:50.991.449 [memory.cpp:437]712971 aclrtMemcpyImpl: synchronized memcpy failed, kind = 1, runtime result = 107030
[ERROR] RUNTIME(712971,15):2026-01-15-10:28:51.057.349 [api_error.cc:1519]712971 MemCopySync:Memory copy sync failed, cnt=416, kind=1.
[ERROR] RUNTIME(712971,15):2026-01-15-10:28:51.057.357 [api_c.cc:1197]712971 rtMemcpy:ErrCode=107030, desc=[the current capture mode does not support this operation], InnerCode=0x703001c
[ERROR] RUNTIME(712971,15):2026-01-15-10:28:51.057.360 [error_message_manage.cc:53]712971 FuncErrorReason:report error module_type=3, module_name=EE8888
[ERROR] RUNTIME(712971,15):2026-01-15-10:28:51.057.362 [error_message_manage.cc:53]712971 FuncErrorReason:rtMemcpy execute failed, reason=[the current capture mode does not support this operation]
[ERROR] ASCENDCL(712971,15):2026-01-15-10:28:51.057.560 [memory.cpp:437]712971 aclrtMemcpyImpl: synchronized memcpy failed, kind = 1, runtime result = 107030
[ERROR] RUNTIME(712971,15):2026-01-15-10:28:51.127.077 [api_error.cc:1519]712971 MemCopySync:Memory copy sync failed, cnt=72, kind=1.
[ERROR] RUNTIME(712971,15):2026-01-15-10:28:51.127.085 [api_c.cc:1197]712971 rtMemcpy:ErrCode=107030, desc=[the current capture mode does not support this operation], InnerCode=0x703001c
[ERROR] RUNTIME(712971,15):2026-01-15-10:28:51.127.087 [error_message_manage.cc:53]712971 FuncErrorReason:report error module_type=3, module_name=EE8888
[ERROR] RUNTIME(712971,15):2026-01-15-10:28:51.127.090 [error_message_manage.cc:53]712971 FuncErrorReason:rtMemcpy execute failed, reason=[the current capture mode does not support this operation]
[ERROR] ASCENDCL(712971,15):2026-01-15-10:28:51.127.342 [memory.cpp:437]712971 aclrtMemcpyImpl: synchronized memcpy failed, kind = 1, runtime result = 107030
[ERROR] RUNTIME(712971,15):2026-01-15-10:28:51.198.861 [api_error.cc:1519]712971 MemCopySync:Memory copy sync failed, cnt=416, kind=1.
[ERROR] RUNTIME(712971,15):2026-01-15-10:28:51.198.870 [api_c.cc:1197]712971 rtMemcpy:ErrCode=107030, desc=[the current capture mode does not support this operation], InnerCode=0x703001c
[ERROR] RUNTIME(712971,15):2026-01-15-10:28:51.198.873 [error_message_manage.cc:53]712971 FuncErrorReason:report error module_type=3, module_name=EE8888
[ERROR] RUNTIME(712971,15):2026-01-15-10:28:51.198.876 [error_message_manage.cc:53]712971 FuncErrorReason:rtMemcpy execute failed, reason=[the current capture mode does not support this operation]
[ERROR] ASCENDCL(712971,15):2026-01-15-10:28:51.199.097 [memory.cpp:437]712971 aclrtMemcpyImpl: synchronized memcpy failed, kind = 1, runtime result = 107030
[ERROR] RUNTIME(712971,15):2026-01-15-10:28:51.278.136 [api_error.cc:1519]712971 MemCopySync:Memory copy sync failed, cnt=72, kind=1.
[ERROR] RUNTIME(712971,15):2026-01-15-10:28:51.278.143 [api_c.cc:1197]712971 rtMemcpy:ErrCode=107030, desc=[the current capture mode does not support this operation], InnerCode=0x703001c
[ERROR] RUNTIME(712971,15):2026-01-15-10:28:51.278.145 [error_message_manage.cc:53]712971 FuncErrorReason:report error module_type=3, module_name=EE8888
[ERROR] RUNTIME(712971,15):2026-01-15-10:28:51.278.148 [error_message_manage.cc:53]712971 FuncErrorReason:rtMemcpy execute failed, reason=[the current capture mode does not support this operation]
[ERROR] ASCENDCL(712971,15):2026-01-15-10:28:51.278.332 [memory.cpp:437]712971 aclrtMemcpyImpl: synchronized memcpy failed, kind = 1, runtime result = 107030
[ERROR] RUNTIME(712971,15):2026-01-15-10:28:51.358.387 [api_error.cc:1519]712971 MemCopySync:Memory copy sync failed, cnt=416, kind=1.
[ERROR] RUNTIME(712971,15):2026-01-15-10:28:51.358.395 [api_c.cc:1197]712971 rtMemcpy:ErrCode=107030, desc=[the current capture mode does not support this operation], InnerCode=0x703001c
[ERROR] RUNTIME(712971,15):2026-01-15-10:28:51.358.398 [error_message_manage.cc:53]712971 FuncErrorReason:report error module_type=3, module_name=EE8888
[ERROR] RUNTIME(712971,15):2026-01-15-10:28:51.358.401 [error_message_manage.cc:53]712971 FuncErrorReason:rtMemcpy execute failed, reason=[the current capture mode does not support this operation]
[ERROR] ASCENDCL(712971,15):2026-01-15-10:28:51.358.672 [memory.cpp:437]712971 aclrtMemcpyImpl: synchronized memcpy failed, kind = 1, runtime result = 107030
[ERROR] RUNTIME(712971,15):2026-01-15-10:28:51.430.748 [api_error.cc:1519]712971 MemCopySync:Memory copy sync failed, cnt=72, kind=1.
[ERROR] RUNTIME(712971,15):2026-01-15-10:28:51.430.755 [api_c.cc:1197]712971 rtMemcpy:ErrCode=107030, desc=[the current capture mode does not support this operation], InnerCode=0x703001c
[ERROR] RUNTIME(712971,15):2026-01-15-10:28:51.430.758 [error_message_manage.cc:53]712971 FuncErrorReason:report error module_type=3, module_name=EE8888
[ERROR] RUNTIME(712971,15):2026-01-15-10:28:51.430.761 [error_message_manage.cc:53]712971 FuncErrorReason:rtMemcpy execute failed, reason=[the current capture mode does not support this operation]
[ERROR] ASCENDCL(712971,15):2026-01-15-10:28:51.430.996 [memory.cpp:437]712971 aclrtMemcpyImpl: synchronized memcpy failed, kind = 1, runtime result = 107030
[ERROR] RUNTIME(712971,15):2026-01-15-10:28:51.499.448 [api_error.cc:1519]712971 MemCopySync:Memory copy sync failed, cnt=416, kind=1.
[ERROR] RUNTIME(712971,15):2026-01-15-10:28:51.499.457 [api_c.cc:1197]712971 rtMemcpy:ErrCode=107030, desc=[the current capture mode does not support this operation], InnerCode=0x703001c
[ERROR] RUNTIME(712971,15):2026-01-15-10:28:51.499.460 [error_message_manage.cc:53]712971 FuncErrorReason:report error module_type=3, module_name=EE8888
[ERROR] RUNTIME(712971,15):2026-01-15-10:28:51.499.463 [error_message_manage.cc:53]712971 FuncErrorReason:rtMemcpy execute failed, reason=[the current capture mode does not support this operation]
[ERROR] ASCENDCL(712971,15):2026-01-15-10:28:51.499.778 [memory.cpp:437]712971 aclrtMemcpyImpl: synchronized memcpy failed, kind = 1, runtime result = 107030
[ERROR] RUNTIME(712971,15):2026-01-15-10:28:51.567.276 [api_error.cc:1519]712971 MemCopySync:Memory copy sync failed, cnt=72, kind=1.
[ERROR] RUNTIME(712971,15):2026-01-15-10:28:51.567.283 [api_c.cc:1197]712971 rtMemcpy:ErrCode=107030, desc=[the current capture mode does not support this operation], InnerCode=0x703001c
[ERROR] RUNTIME(712971,15):2026-01-15-10:28:51.567.285 [error_message_manage.cc:53]712971 FuncErrorReason:report error module_type=3, module_name=EE8888
[ERROR] RUNTIME(712971,15):2026-01-15-10:28:51.567.288 [error_message_manage.cc:53]712971 FuncErrorReason:rtMemcpy execute failed, reason=[the current capture mode does not support this operation]
[ERROR] ASCENDCL(712971,15):2026-01-15-10:28:51.567.536 [memory.cpp:437]712971 aclrtMemcpyImpl: synchronized memcpy failed, kind = 1, runtime result = 107030
[ERROR] RUNTIME(712971,15):2026-01-15-10:28:51.638.797 [api_error.cc:1519]712971 MemCopySync:Memory copy sync failed, cnt=416, kind=1.
[ERROR] RUNTIME(712971,15):2026-01-15-10:28:51.638.805 [api_c.cc:1197]712971 rtMemcpy:ErrCode=107030, desc=[the current capture mode does not support this operation], InnerCode=0x703001c
[ERROR] RUNTIME(712971,15):2026-01-15-10:28:51.638.807 [error_message_manage.cc:53]712971 FuncErrorReason:report error module_type=3, module_name=EE8888
[ERROR] RUNTIME(712971,15):2026-01-15-10:28:51.638.810 [error_message_manage.cc:53]712971 FuncErrorReason:rtMemcpy execute failed, reason=[the current capture mode does not support this operation]
[ERROR] ASCENDCL(712971,15):2026-01-15-10:28:51.639.007 [memory.cpp:437]712971 aclrtMemcpyImpl: synchronized memcpy failed, kind = 1, runtime result = 107030
[ERROR] RUNTIME(712971,15):2026-01-15-10:28:51.714.795 [api_error.cc:1519]712971 MemCopySync:Memory copy sync failed, cnt=72, kind=1.
[ERROR] RUNTIME(712971,15):2026-01-15-10:28:51.714.803 [api_c.cc:1197]712971 rtMemcpy:ErrCode=107030, desc=[the current capture mode does not support this operation], InnerCode=0x703001c
[ERROR] RUNTIME(712971,15):2026-01-15-10:28:51.714.806 [error_message_manage.cc:53]712971 FuncErrorReason:report error module_type=3, module_name=EE8888
[ERROR] RUNTIME(712971,15):2026-01-15-10:28:51.714.809 [error_message_manage.cc:53]712971 FuncErrorReason:rtMemcpy execute failed, reason=[the current capture mode does not support this operation]
[ERROR] ASCENDCL(712971,15):2026-01-15-10:28:51.715.093 [memory.cpp:437]712971 aclrtMemcpyImpl: synchronized memcpy failed, kind = 1, runtime result = 107030
[ERROR] RUNTIME(712971,15):2026-01-15-10:28:51.783.918 [api_error.cc:1519]712971 MemCopySync:Memory copy sync failed, cnt=416, kind=1.
[ERROR] RUNTIME(712971,15):2026-01-15-10:28:51.783.926 [api_c.cc:1197]712971 rtMemcpy:ErrCode=107030, desc=[the current capture mode does not support this operation], InnerCode=0x703001c
[ERROR] RUNTIME(712971,15):2026-01-15-10:28:51.783.929 [error_message_manage.cc:53]712971 FuncErrorReason:report error module_type=3, module_name=EE8888
[ERROR] RUNTIME(712971,15):2026-01-15-10:28:51.783.931 [error_message_manage.cc:53]712971 FuncErrorReason:rtMemcpy execute failed, reason=[the current capture mode does not support this operation]
[ERROR] ASCENDCL(712971,15):2026-01-15-10:28:51.784.162 [memory.cpp:437]712971 aclrtMemcpyImpl: synchronized memcpy failed, kind = 1, runtime result = 107030
[ERROR] RUNTIME(712971,15):2026-01-15-10:28:51.853.062 [api_error.cc:1519]712971 MemCopySync:Memory copy sync failed, cnt=72, kind=1.
[ERROR] RUNTIME(712971,15):2026-01-15-10:28:51.853.070 [api_c.cc:1197]712971 rtMemcpy:ErrCode=107030, desc=[the current capture mode does not support this operation], InnerCode=0x703001c
[ERROR] RUNTIME(712971,15):2026-01-15-10:28:51.853.072 [error_message_manage.cc:53]712971 FuncErrorReason:report error module_type=3, module_name=EE8888
[ERROR] RUNTIME(712971,15):2026-01-15-10:28:51.853.075 [error_message_manage.cc:53]712971 FuncErrorReason:rtMemcpy execute failed, reason=[the current capture mode does not support this operation]
[ERROR] ASCENDCL(712971,15):2026-01-15-10:28:51.853.272 [memory.cpp:437]712971 aclrtMemcpyImpl: synchronized memcpy failed, kind = 1, runtime result = 107030
[ERROR] RUNTIME(712971,15):2026-01-15-10:28:51.923.975 [api_error.cc:1519]712971 MemCopySync:Memory copy sync failed, cnt=416, kind=1.
[ERROR] RUNTIME(712971,15):2026-01-15-10:28:51.923.983 [api_c.cc:1197]712971 rtMemcpy:ErrCode=107030, desc=[the current capture mode does not support this operation], InnerCode=0x703001c
[ERROR] RUNTIME(712971,15):2026-01-15-10:28:51.923.986 [error_message_manage.cc:53]712971 FuncErrorReason:report error module_type=3, module_name=EE8888
[ERROR] RUNTIME(712971,15):2026-01-15-10:28:51.923.989 [error_message_manage.cc:53]712971 FuncErrorReason:rtMemcpy execute failed, reason=[the current capture mode does not support this operation]
[ERROR] ASCENDCL(712971,15):2026-01-15-10:28:51.924.285 [memory.cpp:437]712971 aclrtMemcpyImpl: synchronized memcpy failed, kind = 1, runtime result = 107030
[ERROR] RUNTIME(712971,15):2026-01-15-10:28:51.995.883 [api_error.cc:1519]712971 MemCopySync:Memory copy sync failed, cnt=72, kind=1.
[ERROR] RUNTIME(712971,15):2026-01-15-10:28:51.995.891 [api_c.cc:1197]712971 rtMemcpy:ErrCode=107030, desc=[the current capture mode does not support this operation], InnerCode=0x703001c
[ERROR] RUNTIME(712971,15):2026-01-15-10:28:51.995.894 [error_message_manage.cc:53]712971 FuncErrorReason:report error module_type=3, module_name=EE8888
[ERROR] RUNTIME(712971,15):2026-01-15-10:28:51.995.896 [error_message_manage.cc:53]712971 FuncErrorReason:rtMemcpy execute failed, reason=[the current capture mode does not support this operation]
[ERROR] ASCENDCL(712971,15):2026-01-15-10:28:51.996.109 [memory.cpp:437]712971 aclrtMemcpyImpl: synchronized memcpy failed, kind = 1, runtime result = 107030
[ERROR] RUNTIME(712971,15):2026-01-15-10:28:52.068.308 [api_error.cc:1519]712971 MemCopySync:Memory copy sync failed, cnt=416, kind=1.
[ERROR] RUNTIME(712971,15):2026-01-15-10:28:52.068.316 [api_c.cc:1197]712971 rtMemcpy:ErrCode=107030, desc=[the current capture mode does not support this operation], InnerCode=0x703001c
[ERROR] RUNTIME(712971,15):2026-01-15-10:28:52.068.318 [error_message_manage.cc:53]712971 FuncErrorReason:report error module_type=3, module_name=EE8888
[ERROR] RUNTIME(712971,15):2026-01-15-10:28:52.068.321 [error_message_manage.cc:53]712971 FuncErrorReason:rtMemcpy execute failed, reason=[the current capture mode does not support this operation]
[ERROR] ASCENDCL(712971,15):2026-01-15-10:28:52.068.522 [memory.cpp:437]712971 aclrtMemcpyImpl: synchronized memcpy failed, kind = 1, runtime result = 107030
[ERROR] RUNTIME(712971,15):2026-01-15-10:28:52.146.232 [api_error.cc:1519]712971 MemCopySync:Memory copy sync failed, cnt=72, kind=1.
[ERROR] RUNTIME(712971,15):2026-01-15-10:28:52.146.240 [api_c.cc:1197]712971 rtMemcpy:ErrCode=107030, desc=[the current capture mode does not support this operation], InnerCode=0x703001c
[ERROR] RUNTIME(712971,15):2026-01-15-10:28:52.146.243 [error_message_manage.cc:53]712971 FuncErrorReason:report error module_type=3, module_name=EE8888
[ERROR] RUNTIME(712971,15):2026-01-15-10:28:52.146.246 [error_message_manage.cc:53]712971 FuncErrorReason:rtMemcpy execute failed, reason=[the current capture mode does not support this operation]
[ERROR] ASCENDCL(712971,15):2026-01-15-10:28:52.146.525 [memory.cpp:437]712971 aclrtMemcpyImpl: synchronized memcpy failed, kind = 1, runtime result = 107030
[ERROR] RUNTIME(712971,15):2026-01-15-10:28:52.232.131 [api_error.cc:1519]712971 MemCopySync:Memory copy sync failed, cnt=416, kind=1.
[ERROR] RUNTIME(712971,15):2026-01-15-10:28:52.232.139 [api_c.cc:1197]712971 rtMemcpy:ErrCode=107030, desc=[the current capture mode does not support this operation], InnerCode=0x703001c
[ERROR] RUNTIME(712971,15):2026-01-15-10:28:52.232.141 [error_message_manage.cc:53]712971 FuncErrorReason:report error module_type=3, module_name=EE8888
[ERROR] RUNTIME(712971,15):2026-01-15-10:28:52.232.144 [error_message_manage.cc:53]712971 FuncErrorReason:rtMemcpy execute failed, reason=[the current capture mode does not support this operation]
[ERROR] ASCENDCL(712971,15):2026-01-15-10:28:52.232.343 [memory.cpp:437]712971 aclrtMemcpyImpl: synchronized memcpy failed, kind = 1, runtime result = 107030
[ERROR] RUNTIME(712971,15):2026-01-15-10:28:52.319.691 [api_error.cc:1519]712971 MemCopySync:Memory copy sync failed, cnt=72, kind=1.
[ERROR] RUNTIME(712971,15):2026-01-15-10:28:52.319.700 [api_c.cc:1197]712971 rtMemcpy:ErrCode=107030, desc=[the current capture mode does not support this operation], InnerCode=0x703001c
[ERROR] RUNTIME(712971,15):2026-01-15-10:28:52.319.702 [error_message_manage.cc:53]712971 FuncErrorReason:report error module_type=3, module_name=EE8888
[ERROR] RUNTIME(712971,15):2026-01-15-10:28:52.319.705 [error_message_manage.cc:53]712971 FuncErrorReason:rtMemcpy execute failed, reason=[the current capture mode does not support this operation]
[ERROR] ASCENDCL(712971,15):2026-01-15-10:28:52.320.028 [memory.cpp:437]712971 aclrtMemcpyImpl: synchronized memcpy failed, kind = 1, runtime result = 107030
[ERROR] RUNTIME(712971,15):2026-01-15-10:28:52.400.031 [api_error.cc:1519]712971 MemCopySync:Memory copy sync failed, cnt=416, kind=1.
[ERROR] RUNTIME(712971,15):2026-01-15-10:28:52.400.039 [api_c.cc:1197]712971 rtMemcpy:ErrCode=107030, desc=[the current capture mode does not support this operation], InnerCode=0x703001c
[ERROR] RUNTIME(712971,15):2026-01-15-10:28:52.400.042 [error_message_manage.cc:53]712971 FuncErrorReason:report error module_type=3, module_name=EE8888
[ERROR] RUNTIME(712971,15):2026-01-15-10:28:52.400.045 [error_message_manage.cc:53]712971 FuncErrorReason:rtMemcpy execute failed, reason=[the current capture mode does not support this operation]
[ERROR] ASCENDCL(712971,15):2026-01-15-10:28:52.400.326 [memory.cpp:437]712971 aclrtMemcpyImpl: synchronized memcpy failed, kind = 1, runtime result = 107030
[ERROR] RUNTIME(712971,15):2026-01-15-10:28:52.476.607 [api_error.cc:1519]712971 MemCopySync:Memory copy sync failed, cnt=72, kind=1.
[ERROR] RUNTIME(712971,15):2026-01-15-10:28:52.476.615 [api_c.cc:1197]712971 rtMemcpy:ErrCode=107030, desc=[the current capture mode does not support this operation], InnerCode=0x703001c
[ERROR] RUNTIME(712971,15):2026-01-15-10:28:52.476.617 [error_message_manage.cc:53]712971 FuncErrorReason:report error module_type=3, module_name=EE8888
[ERROR] RUNTIME(712971,15):2026-01-15-10:28:52.476.620 [error_message_manage.cc:53]712971 FuncErrorReason:rtMemcpy execute failed, reason=[the current capture mode does not support this operation]
[ERROR] ASCENDCL(712971,15):2026-01-15-10:28:52.476.872 [memory.cpp:437]712971 aclrtMemcpyImpl: synchronized memcpy failed, kind = 1, runtime result = 107030
[ERROR] RUNTIME(712971,15):2026-01-15-10:28:52.556.157 [api_error.cc:1519]712971 MemCopySync:Memory copy sync failed, cnt=416, kind=1.
[ERROR] RUNTIME(712971,15):2026-01-15-10:28:52.556.166 [api_c.cc:1197]712971 rtMemcpy:ErrCode=107030, desc=[the current capture mode does not support this operation], InnerCode=0x703001c
[ERROR] RUNTIME(712971,15):2026-01-15-10:28:52.556.168 [error_message_manage.cc:53]712971 FuncErrorReason:report error module_type=3, module_name=EE8888
[ERROR] RUNTIME(712971,15):2026-01-15-10:28:52.556.171 [error_message_manage.cc:53]712971 FuncErrorReason:rtMemcpy execute failed, reason=[the current capture mode does not support this operation]
[ERROR] ASCENDCL(712971,15):2026-01-15-10:28:52.556.451 [memory.cpp:437]712971 aclrtMemcpyImpl: synchronized memcpy failed, kind = 1, runtime result = 107030
[ERROR] RUNTIME(712971,15):2026-01-15-10:28:52.637.591 [api_error.cc:1519]712971 MemCopySync:Memory copy sync failed, cnt=72, kind=1.
[ERROR] RUNTIME(712971,15):2026-01-15-10:28:52.637.599 [api_c.cc:1197]712971 rtMemcpy:ErrCode=107030, desc=[the current capture mode does not support this operation], InnerCode=0x703001c
[ERROR] RUNTIME(712971,15):2026-01-15-10:28:52.637.601 [error_message_manage.cc:53]712971 FuncErrorReason:report error module_type=3, module_name=EE8888
[ERROR] RUNTIME(712971,15):2026-01-15-10:28:52.637.604 [error_message_manage.cc:53]712971 FuncErrorReason:rtMemcpy execute failed, reason=[the current capture mode does not support this operation]
[ERROR] ASCENDCL(712971,15):2026-01-15-10:28:52.637.824 [memory.cpp:437]712971 aclrtMemcpyImpl: synchronized memcpy failed, kind = 1, runtime result = 107030
[ERROR] RUNTIME(712971,15):2026-01-15-10:28:52.725.946 [api_error.cc:1519]712971 MemCopySync:Memory copy sync failed, cnt=416, kind=1.
[ERROR] RUNTIME(712971,15):2026-01-15-10:28:52.725.955 [api_c.cc:1197]712971 rtMemcpy:ErrCode=107030, desc=[the current capture mode does not support this operation], InnerCode=0x703001c
[ERROR] RUNTIME(712971,15):2026-01-15-10:28:52.725.958 [error_message_manage.cc:53]712971 FuncErrorReason:report error module_type=3, module_name=EE8888
[ERROR] RUNTIME(712971,15):2026-01-15-10:28:52.725.961 [error_message_manage.cc:53]712971 FuncErrorReason:rtMemcpy execute failed, reason=[the current capture mode does not support this operation]
[ERROR] ASCENDCL(712971,15):2026-01-15-10:28:52.726.306 [memory.cpp:437]712971 aclrtMemcpyImpl: synchronized memcpy failed, kind = 1, runtime result = 107030
[ERROR] RUNTIME(712971,15):2026-01-15-10:28:52.802.974 [api_error.cc:1519]712971 MemCopySync:Memory copy sync failed, cnt=72, kind=1.
[ERROR] RUNTIME(712971,15):2026-01-15-10:28:52.802.982 [api_c.cc:1197]712971 rtMemcpy:ErrCode=107030, desc=[the current capture mode does not support this operation], InnerCode=0x703001c
[ERROR] RUNTIME(712971,15):2026-01-15-10:28:52.802.985 [error_message_manage.cc:53]712971 FuncErrorReason:report error module_type=3, module_name=EE8888
[ERROR] RUNTIME(712971,15):2026-01-15-10:28:52.802.987 [error_message_manage.cc:53]712971 FuncErrorReason:rtMemcpy execute failed, reason=[the current capture mode does not support this operation]
[ERROR] ASCENDCL(712971,15):2026-01-15-10:28:52.803.203 [memory.cpp:437]712971 aclrtMemcpyImpl: synchronized memcpy failed, kind = 1, runtime result = 107030
[ERROR] RUNTIME(712971,15):2026-01-15-10:28:52.880.730 [api_error.cc:1519]712971 MemCopySync:Memory copy sync failed, cnt=416, kind=1.
[ERROR] RUNTIME(712971,15):2026-01-15-10:28:52.880.739 [api_c.cc:1197]712971 rtMemcpy:ErrCode=107030, desc=[the current capture mode does not support this operation], InnerCode=0x703001c
[ERROR] RUNTIME(712971,15):2026-01-15-10:28:52.880.741 [error_message_manage.cc:53]712971 FuncErrorReason:report error module_type=3, module_name=EE8888
[ERROR] RUNTIME(712971,15):2026-01-15-10:28:52.880.744 [error_message_manage.cc:53]712971 FuncErrorReason:rtMemcpy execute failed, reason=[the current capture mode does not support this operation]
[ERROR] ASCENDCL(712971,15):2026-01-15-10:28:52.880.963 [memory.cpp:437]712971 aclrtMemcpyImpl: synchronized memcpy failed, kind = 1, runtime result = 107030
[ERROR] RUNTIME(712971,15):2026-01-15-10:28:52.962.646 [api_error.cc:1519]712971 MemCopySync:Memory copy sync failed, cnt=72, kind=1.
[ERROR] RUNTIME(712971,15):2026-01-15-10:28:52.962.655 [api_c.cc:1197]712971 rtMemcpy:ErrCode=107030, desc=[the current capture mode does not support this operation], InnerCode=0x703001c
[ERROR] RUNTIME(712971,15):2026-01-15-10:28:52.962.657 [error_message_manage.cc:53]712971 FuncErrorReason:report error module_type=3, module_name=EE8888
[ERROR] RUNTIME(712971,15):2026-01-15-10:28:52.962.660 [error_message_manage.cc:53]712971 FuncErrorReason:rtMemcpy execute failed, reason=[the current capture mode does not support this operation]
[ERROR] ASCENDCL(712971,15):2026-01-15-10:28:52.962.977 [memory.cpp:437]712971 aclrtMemcpyImpl: synchronized memcpy failed, kind = 1, runtime result = 107030
[ERROR] RUNTIME(712971,15):2026-01-15-10:28:53.043.714 [api_error.cc:1519]712971 MemCopySync:Memory copy sync failed, cnt=416, kind=1.
[ERROR] RUNTIME(712971,15):2026-01-15-10:28:53.043.722 [api_c.cc:1197]712971 rtMemcpy:ErrCode=107030, desc=[the current capture mode does not support this operation], InnerCode=0x703001c
[ERROR] RUNTIME(712971,15):2026-01-15-10:28:53.043.725 [error_message_manage.cc:53]712971 FuncErrorReason:report error module_type=3, module_name=EE8888
[ERROR] RUNTIME(712971,15):2026-01-15-10:28:53.043.728 [error_message_manage.cc:53]712971 FuncErrorReason:rtMemcpy execute failed, reason=[the current capture mode does not support this operation]
[ERROR] ASCENDCL(712971,15):2026-01-15-10:28:53.043.947 [memory.cpp:437]712971 aclrtMemcpyImpl: synchronized memcpy failed, kind = 1, runtime result = 107030
[ERROR] RUNTIME(712971,15):2026-01-15-10:28:53.124.353 [api_error.cc:1519]712971 MemCopySync:Memory copy sync failed, cnt=72, kind=1.
[ERROR] RUNTIME(712971,15):2026-01-15-10:28:53.124.361 [api_c.cc:1197]712971 rtMemcpy:ErrCode=107030, desc=[the current capture mode does not support this operation], InnerCode=0x703001c
[ERROR] RUNTIME(712971,15):2026-01-15-10:28:53.124.364 [error_message_manage.cc:53]712971 FuncErrorReason:report error module_type=3, module_name=EE8888
[ERROR] RUNTIME(712971,15):2026-01-15-10:28:53.124.367 [error_message_manage.cc:53]712971 FuncErrorReason:rtMemcpy execute failed, reason=[the current capture mode does not support this operation]
[ERROR] ASCENDCL(712971,15):2026-01-15-10:28:53.124.652 [memory.cpp:437]712971 aclrtMemcpyImpl: synchronized memcpy failed, kind = 1, runtime result = 107030
[ERROR] RUNTIME(712971,15):2026-01-15-10:28:53.206.613 [api_error.cc:1519]712971 MemCopySync:Memory copy sync failed, cnt=416, kind=1.
[ERROR] RUNTIME(712971,15):2026-01-15-10:28:53.206.621 [api_c.cc:1197]712971 rtMemcpy:ErrCode=107030, desc=[the current capture mode does not support this operation], InnerCode=0x703001c
[ERROR] RUNTIME(712971,15):2026-01-15-10:28:53.206.624 [error_message_manage.cc:53]712971 FuncErrorReason:report error module_type=3, module_name=EE8888
[ERROR] RUNTIME(712971,15):2026-01-15-10:28:53.206.626 [error_message_manage.cc:53]712971 FuncErrorReason:rtMemcpy execute failed, reason=[the current capture mode does not support this operation]
[ERROR] ASCENDCL(712971,15):2026-01-15-10:28:53.206.848 [memory.cpp:437]712971 aclrtMemcpyImpl: synchronized memcpy failed, kind = 1, runtime result = 107030
[ERROR] RUNTIME(712971,15):2026-01-15-10:28:53.284.840 [api_error.cc:1519]712971 MemCopySync:Memory copy sync failed, cnt=72, kind=1.
[ERROR] RUNTIME(712971,15):2026-01-15-10:28:53.284.848 [api_c.cc:1197]712971 rtMemcpy:ErrCode=107030, desc=[the current capture mode does not support this operation], InnerCode=0x703001c
[ERROR] RUNTIME(712971,15):2026-01-15-10:28:53.284.851 [error_message_manage.cc:53]712971 FuncErrorReason:report error module_type=3, module_name=EE8888
[ERROR] RUNTIME(712971,15):2026-01-15-10:28:53.284.854 [error_message_manage.cc:53]712971 FuncErrorReason:rtMemcpy execute failed, reason=[the current capture mode does not support this operation]
[ERROR] ASCENDCL(712971,15):2026-01-15-10:28:53.285.064 [memory.cpp:437]712971 aclrtMemcpyImpl: synchronized memcpy failed, kind = 1, runtime result = 107030
[ERROR] RUNTIME(712971,15):2026-01-15-10:28:53.360.305 [api_error.cc:1519]712971 MemCopySync:Memory copy sync failed, cnt=416, kind=1.
[ERROR] RUNTIME(712971,15):2026-01-15-10:28:53.360.314 [api_c.cc:1197]712971 rtMemcpy:ErrCode=107030, desc=[the current capture mode does not support this operation], InnerCode=0x703001c
[ERROR] RUNTIME(712971,15):2026-01-15-10:28:53.360.316 [error_message_manage.cc:53]712971 FuncErrorReason:report error module_type=3, module_name=EE8888
[ERROR] RUNTIME(712971,15):2026-01-15-10:28:53.360.319 [error_message_manage.cc:53]712971 FuncErrorReason:rtMemcpy execute failed, reason=[the current capture mode does not support this operation]
[ERROR] ASCENDCL(712971,15):2026-01-15-10:28:53.360.674 [memory.cpp:437]712971 aclrtMemcpyImpl: synchronized memcpy failed, kind = 1, runtime result = 107030
[ERROR] RUNTIME(712971,15):2026-01-15-10:28:53.436.549 [api_error.cc:1519]712971 MemCopySync:Memory copy sync failed, cnt=72, kind=1.
[ERROR] RUNTIME(712971,15):2026-01-15-10:28:53.436.557 [api_c.cc:1197]712971 rtMemcpy:ErrCode=107030, desc=[the current capture mode does not support this operation], InnerCode=0x703001c
[ERROR] RUNTIME(712971,15):2026-01-15-10:28:53.436.559 [error_message_manage.cc:53]712971 FuncErrorReason:report error module_type=3, module_name=EE8888
[ERROR] RUNTIME(712971,15):2026-01-15-10:28:53.436.562 [error_message_manage.cc:53]712971 FuncErrorReason:rtMemcpy execute failed, reason=[the current capture mode does not support this operation]
[ERROR] ASCENDCL(712971,15):2026-01-15-10:28:53.436.820 [memory.cpp:437]712971 aclrtMemcpyImpl: synchronized memcpy failed, kind = 1, runtime result = 107030
[ERROR] RUNTIME(712971,15):2026-01-15-10:28:53.515.484 [api_error.cc:1519]712971 MemCopySync:Memory copy sync failed, cnt=416, kind=1.
[ERROR] RUNTIME(712971,15):2026-01-15-10:28:53.515.492 [api_c.cc:1197]712971 rtMemcpy:ErrCode=107030, desc=[the current capture mode does not support this operation], InnerCode=0x703001c
[ERROR] RUNTIME(712971,15):2026-01-15-10:28:53.515.495 [error_message_manage.cc:53]712971 FuncErrorReason:report error module_type=3, module_name=EE8888
[ERROR] RUNTIME(712971,15):2026-01-15-10:28:53.515.498 [error_message_manage.cc:53]712971 FuncErrorReason:rtMemcpy execute failed, reason=[the current capture mode does not support this operation]
[ERROR] ASCENDCL(712971,15):2026-01-15-10:28:53.515.794 [memory.cpp:437]712971 aclrtMemcpyImpl: synchronized memcpy failed, kind = 1, runtime result = 107030
[ERROR] RUNTIME(712971,15):2026-01-15-10:28:53.587.728 [api_error.cc:1519]712971 MemCopySync:Memory copy sync failed, cnt=72, kind=1.
[ERROR] RUNTIME(712971,15):2026-01-15-10:28:53.587.735 [api_c.cc:1197]712971 rtMemcpy:ErrCode=107030, desc=[the current capture mode does not support this operation], InnerCode=0x703001c
[ERROR] RUNTIME(712971,15):2026-01-15-10:28:53.587.738 [error_message_manage.cc:53]712971 FuncErrorReason:report error module_type=3, module_name=EE8888
[ERROR] RUNTIME(712971,15):2026-01-15-10:28:53.587.741 [error_message_manage.cc:53]712971 FuncErrorReason:rtMemcpy execute failed, reason=[the current capture mode does not support this operation]
[ERROR] ASCENDCL(712971,15):2026-01-15-10:28:53.587.965 [memory.cpp:437]712971 aclrtMemcpyImpl: synchronized memcpy failed, kind = 1, runtime result = 107030
[ERROR] RUNTIME(712971,15):2026-01-15-10:28:53.660.600 [api_error.cc:1519]712971 MemCopySync:Memory copy sync failed, cnt=416, kind=1.
[ERROR] RUNTIME(712971,15):2026-01-15-10:28:53.660.608 [api_c.cc:1197]712971 rtMemcpy:ErrCode=107030, desc=[the current capture mode does not support this operation], InnerCode=0x703001c
[ERROR] RUNTIME(712971,15):2026-01-15-10:28:53.660.610 [error_message_manage.cc:53]712971 FuncErrorReason:report error module_type=3, module_name=EE8888
[ERROR] RUNTIME(712971,15):2026-01-15-10:28:53.660.613 [error_message_manage.cc:53]712971 FuncErrorReason:rtMemcpy execute failed, reason=[the current capture mode does not support this operation]
[ERROR] ASCENDCL(712971,15):2026-01-15-10:28:53.660.857 [memory.cpp:437]712971 aclrtMemcpyImpl: synchronized memcpy failed, kind = 1, runtime result = 107030
[ERROR] RUNTIME(712971,15):2026-01-15-10:28:53.727.635 [api_error.cc:1519]712971 MemCopySync:Memory copy sync failed, cnt=72, kind=1.
[ERROR] RUNTIME(712971,15):2026-01-15-10:28:53.727.643 [api_c.cc:1197]712971 rtMemcpy:ErrCode=107030, desc=[the current capture mode does not support this operation], InnerCode=0x703001c
[ERROR] RUNTIME(712971,15):2026-01-15-10:28:53.727.646 [error_message_manage.cc:53]712971 FuncErrorReason:report error module_type=3, module_name=EE8888
[ERROR] RUNTIME(712971,15):2026-01-15-10:28:53.727.649 [error_message_manage.cc:53]712971 FuncErrorReason:rtMemcpy execute failed, reason=[the current capture mode does not support this operation]
[ERROR] ASCENDCL(712971,15):2026-01-15-10:28:53.727.935 [memory.cpp:437]712971 aclrtMemcpyImpl: synchronized memcpy failed, kind = 1, runtime result = 107030
[ERROR] RUNTIME(712971,15):2026-01-15-10:28:53.798.073 [api_error.cc:1519]712971 MemCopySync:Memory copy sync failed, cnt=416, kind=1.
[ERROR] RUNTIME(712971,15):2026-01-15-10:28:53.798.081 [api_c.cc:1197]712971 rtMemcpy:ErrCode=107030, desc=[the current capture mode does not support this operation], InnerCode=0x703001c
[ERROR] RUNTIME(712971,15):2026-01-15-10:28:53.798.084 [error_message_manage.cc:53]712971 FuncErrorReason:report error module_type=3, module_name=EE8888
[ERROR] RUNTIME(712971,15):2026-01-15-10:28:53.798.087 [error_message_manage.cc:53]712971 FuncErrorReason:rtMemcpy execute failed, reason=[the current capture mode does not support this operation]
[ERROR] ASCENDCL(712971,15):2026-01-15-10:28:53.798.362 [memory.cpp:437]712971 aclrtMemcpyImpl: synchronized memcpy failed, kind = 1, runtime result = 107030
[ERROR] RUNTIME(712971,15):2026-01-15-10:28:53.865.368 [api_error.cc:1519]712971 MemCopySync:Memory copy sync failed, cnt=72, kind=1.
[ERROR] RUNTIME(712971,15):2026-01-15-10:28:53.865.376 [api_c.cc:1197]712971 rtMemcpy:ErrCode=107030, desc=[the current capture mode does not support this operation], InnerCode=0x703001c
[ERROR] RUNTIME(712971,15):2026-01-15-10:28:53.865.379 [error_message_manage.cc:53]712971 FuncErrorReason:report error module_type=3, module_name=EE8888
[ERROR] RUNTIME(712971,15):2026-01-15-10:28:53.865.381 [error_message_manage.cc:53]712971 FuncErrorReason:rtMemcpy execute failed, reason=[the current capture mode does not support this operation]
[ERROR] ASCENDCL(712971,15):2026-01-15-10:28:53.865.579 [memory.cpp:437]712971 aclrtMemcpyImpl: synchronized memcpy failed, kind = 1, runtime result = 107030
[ERROR] RUNTIME(712971,15):2026-01-15-10:28:53.936.132 [api_error.cc:1519]712971 MemCopySync:Memory copy sync failed, cnt=416, kind=1.
[ERROR] RUNTIME(712971,15):2026-01-15-10:28:53.936.140 [api_c.cc:1197]712971 rtMemcpy:ErrCode=107030, desc=[the current capture mode does not support this operation], InnerCode=0x703001c
[ERROR] RUNTIME(712971,15):2026-01-15-10:28:53.936.143 [error_message_manage.cc:53]712971 FuncErrorReason:report error module_type=3, module_name=EE8888
[ERROR] RUNTIME(712971,15):2026-01-15-10:28:53.936.146 [error_message_manage.cc:53]712971 FuncErrorReason:rtMemcpy execute failed, reason=[the current capture mode does not support this operation]
[ERROR] ASCENDCL(712971,15):2026-01-15-10:28:53.936.481 [memory.cpp:437]712971 aclrtMemcpyImpl: synchronized memcpy failed, kind = 1, runtime result = 107030
[ERROR] RUNTIME(712971,15):2026-01-15-10:28:54.007.929 [api_error.cc:1519]712971 MemCopySync:Memory copy sync failed, cnt=72, kind=1.
[ERROR] RUNTIME(712971,15):2026-01-15-10:28:54.007.937 [api_c.cc:1197]712971 rtMemcpy:ErrCode=107030, desc=[the current capture mode does not support this operation], InnerCode=0x703001c
[ERROR] RUNTIME(712971,15):2026-01-15-10:28:54.007.939 [error_message_manage.cc:53]712971 FuncErrorReason:report error module_type=3, module_name=EE8888
[ERROR] RUNTIME(712971,15):2026-01-15-10:28:54.007.942 [error_message_manage.cc:53]712971 FuncErrorReason:rtMemcpy execute failed, reason=[the current capture mode does not support this operation]
[ERROR] ASCENDCL(712971,15):2026-01-15-10:28:54.008.174 [memory.cpp:437]712971 aclrtMemcpyImpl: synchronized memcpy failed, kind = 1, runtime result = 107030
[ERROR] RUNTIME(712971,15):2026-01-15-10:28:54.076.445 [api_error.cc:1519]712971 MemCopySync:Memory copy sync failed, cnt=416, kind=1.
[ERROR] RUNTIME(712971,15):2026-01-15-10:28:54.076.453 [api_c.cc:1197]712971 rtMemcpy:ErrCode=107030, desc=[the current capture mode does not support this operation], InnerCode=0x703001c
[ERROR] RUNTIME(712971,15):2026-01-15-10:28:54.076.456 [error_message_manage.cc:53]712971 FuncErrorReason:report error module_type=3, module_name=EE8888
[ERROR] RUNTIME(712971,15):2026-01-15-10:28:54.076.458 [error_message_manage.cc:53]712971 FuncErrorReason:rtMemcpy execute failed, reason=[the current capture mode does not support this operation]
[ERROR] ASCENDCL(712971,15):2026-01-15-10:28:54.076.682 [memory.cpp:437]712971 aclrtMemcpyImpl: synchronized memcpy failed, kind = 1, runtime result = 107030
[ERROR] RUNTIME(712971,15):2026-01-15-10:28:54.145.430 [api_error.cc:1519]712971 MemCopySync:Memory copy sync failed, cnt=72, kind=1.
[ERROR] RUNTIME(712971,15):2026-01-15-10:28:54.145.437 [api_c.cc:1197]712971 rtMemcpy:ErrCode=107030, desc=[the current capture mode does not support this operation], InnerCode=0x703001c
[ERROR] RUNTIME(712971,15):2026-01-15-10:28:54.145.440 [error_message_manage.cc:53]712971 FuncErrorReason:report error module_type=3, module_name=EE8888
[ERROR] RUNTIME(712971,15):2026-01-15-10:28:54.145.443 [error_message_manage.cc:53]712971 FuncErrorReason:rtMemcpy execute failed, reason=[the current capture mode does not support this operation]
[ERROR] ASCENDCL(712971,15):2026-01-15-10:28:54.145.714 [memory.cpp:437]712971 aclrtMemcpyImpl: synchronized memcpy failed, kind = 1, runtime result = 107030
[ERROR] RUNTIME(712971,15):2026-01-15-10:28:54.216.087 [api_error.cc:1519]712971 MemCopySync:Memory copy sync failed, cnt=416, kind=1.
[ERROR] RUNTIME(712971,15):2026-01-15-10:28:54.216.094 [api_c.cc:1197]712971 rtMemcpy:ErrCode=107030, desc=[the current capture mode does not support this operation], InnerCode=0x703001c
[ERROR] RUNTIME(712971,15):2026-01-15-10:28:54.216.097 [error_message_manage.cc:53]712971 FuncErrorReason:report error module_type=3, module_name=EE8888
[ERROR] RUNTIME(712971,15):2026-01-15-10:28:54.216.100 [error_message_manage.cc:53]712971 FuncErrorReason:rtMemcpy execute failed, reason=[the current capture mode does not support this operation]
[ERROR] ASCENDCL(712971,15):2026-01-15-10:28:54.216.406 [memory.cpp:437]712971 aclrtMemcpyImpl: synchronized memcpy failed, kind = 1, runtime result = 107030
[ERROR] RUNTIME(712971,15):2026-01-15-10:28:54.283.129 [api_error.cc:1519]712971 MemCopySync:Memory copy sync failed, cnt=72, kind=1.
[ERROR] RUNTIME(712971,15):2026-01-15-10:28:54.283.137 [api_c.cc:1197]712971 rtMemcpy:ErrCode=107030, desc=[the current capture mode does not support this operation], InnerCode=0x703001c
[ERROR] RUNTIME(712971,15):2026-01-15-10:28:54.283.140 [error_message_manage.cc:53]712971 FuncErrorReason:report error module_type=3, module_name=EE8888
[ERROR] RUNTIME(712971,15):2026-01-15-10:28:54.283.143 [error_message_manage.cc:53]712971 FuncErrorReason:rtMemcpy execute failed, reason=[the current capture mode does not support this operation]
[ERROR] ASCENDCL(712971,15):2026-01-15-10:28:54.283.347 [memory.cpp:437]712971 aclrtMemcpyImpl: synchronized memcpy failed, kind = 1, runtime result = 107030
[ERROR] RUNTIME(712971,15):2026-01-15-10:28:54.352.544 [api_error.cc:1519]712971 MemCopySync:Memory copy sync failed, cnt=416, kind=1.
[ERROR] RUNTIME(712971,15):2026-01-15-10:28:54.352.552 [api_c.cc:1197]712971 rtMemcpy:ErrCode=107030, desc=[the current capture mode does not support this operation], InnerCode=0x703001c
[ERROR] RUNTIME(712971,15):2026-01-15-10:28:54.352.555 [error_message_manage.cc:53]712971 FuncErrorReason:report error module_type=3, module_name=EE8888
[ERROR] RUNTIME(712971,15):2026-01-15-10:28:54.352.558 [error_message_manage.cc:53]712971 FuncErrorReason:rtMemcpy execute failed, reason=[the current capture mode does not support this operation]
[ERROR] ASCENDCL(712971,15):2026-01-15-10:28:54.352.848 [memory.cpp:437]712971 aclrtMemcpyImpl: synchronized memcpy failed, kind = 1, runtime result = 107030
[ERROR] RUNTIME(712971,15):2026-01-15-10:28:54.423.189 [api_error.cc:1519]712971 MemCopySync:Memory copy sync failed, cnt=72, kind=1.
[ERROR] RUNTIME(712971,15):2026-01-15-10:28:54.423.196 [api_c.cc:1197]712971 rtMemcpy:ErrCode=107030, desc=[the current capture mode does not support this operation], InnerCode=0x703001c
[ERROR] RUNTIME(712971,15):2026-01-15-10:28:54.423.199 [error_message_manage.cc:53]712971 FuncErrorReason:report error module_type=3, module_name=EE8888
[ERROR] RUNTIME(712971,15):2026-01-15-10:28:54.423.201 [error_message_manage.cc:53]712971 FuncErrorReason:rtMemcpy execute failed, reason=[the current capture mode does not support this operation]
[ERROR] ASCENDCL(712971,15):2026-01-15-10:28:54.423.479 [memory.cpp:437]712971 aclrtMemcpyImpl: synchronized memcpy failed, kind = 1, runtime result = 107030
[ERROR] RUNTIME(712971,15):2026-01-15-10:28:54.494.341 [api_error.cc:1519]712971 MemCopySync:Memory copy sync failed, cnt=416, kind=1.
[ERROR] RUNTIME(712971,15):2026-01-15-10:28:54.494.349 [api_c.cc:1197]712971 rtMemcpy:ErrCode=107030, desc=[the current capture mode does not support this operation], InnerCode=0x703001c
[ERROR] RUNTIME(712971,15):2026-01-15-10:28:54.494.351 [error_message_manage.cc:53]712971 FuncErrorReason:report error module_type=3, module_name=EE8888
[ERROR] RUNTIME(712971,15):2026-01-15-10:28:54.494.354 [error_message_manage.cc:53]712971 FuncErrorReason:rtMemcpy execute failed, reason=[the current capture mode does not support this operation]
[ERROR] ASCENDCL(712971,15):2026-01-15-10:28:54.494.550 [memory.cpp:437]712971 aclrtMemcpyImpl: synchronized memcpy failed, kind = 1, runtime result = 107030
[ERROR] RUNTIME(712971,15):2026-01-15-10:28:54.561.249 [api_error.cc:1519]712971 MemCopySync:Memory copy sync failed, cnt=72, kind=1.
[ERROR] RUNTIME(712971,15):2026-01-15-10:28:54.561.257 [api_c.cc:1197]712971 rtMemcpy:ErrCode=107030, desc=[the current capture mode does not support this operation], InnerCode=0x703001c
[ERROR] RUNTIME(712971,15):2026-01-15-10:28:54.561.260 [error_message_manage.cc:53]712971 FuncErrorReason:report error module_type=3, module_name=EE8888
[ERROR] RUNTIME(712971,15):2026-01-15-10:28:54.561.262 [error_message_manage.cc:53]712971 FuncErrorReason:rtMemcpy execute failed, reason=[the current capture mode does not support this operation]
[ERROR] ASCENDCL(712971,15):2026-01-15-10:28:54.561.531 [memory.cpp:437]712971 aclrtMemcpyImpl: synchronized memcpy failed, kind = 1, runtime result = 107030
[ERROR] RUNTIME(712971,15):2026-01-15-10:28:54.635.949 [api_error.cc:1519]712971 MemCopySync:Memory copy sync failed, cnt=416, kind=1.
[ERROR] RUNTIME(712971,15):2026-01-15-10:28:54.635.957 [api_c.cc:1197]712971 rtMemcpy:ErrCode=107030, desc=[the current capture mode does not support this operation], InnerCode=0x703001c
[ERROR] RUNTIME(712971,15):2026-01-15-10:28:54.635.959 [error_message_manage.cc:53]712971 FuncErrorReason:report error module_type=3, module_name=EE8888
[ERROR] RUNTIME(712971,15):2026-01-15-10:28:54.635.962 [error_message_manage.cc:53]712971 FuncErrorReason:rtMemcpy execute failed, reason=[the current capture mode does not support this operation]
[ERROR] ASCENDCL(712971,15):2026-01-15-10:28:54.636.219 [memory.cpp:437]712971 aclrtMemcpyImpl: synchronized memcpy failed, kind = 1, runtime result = 107030
[ERROR] RUNTIME(712971,15):2026-01-15-10:28:54.704.807 [api_error.cc:1519]712971 MemCopySync:Memory copy sync failed, cnt=72, kind=1.
[ERROR] RUNTIME(712971,15):2026-01-15-10:28:54.704.817 [api_c.cc:1197]712971 rtMemcpy:ErrCode=107030, desc=[the current capture mode does not support this operation], InnerCode=0x703001c
[ERROR] RUNTIME(712971,15):2026-01-15-10:28:54.704.820 [error_message_manage.cc:53]712971 FuncErrorReason:report error module_type=3, module_name=EE8888
[ERROR] RUNTIME(712971,15):2026-01-15-10:28:54.704.823 [error_message_manage.cc:53]712971 FuncErrorReason:rtMemcpy execute failed, reason=[the current capture mode does not support this operation]
[ERROR] ASCENDCL(712971,15):2026-01-15-10:28:54.705.059 [memory.cpp:437]712971 aclrtMemcpyImpl: synchronized memcpy failed, kind = 1, runtime result = 107030
[ERROR] RUNTIME(712971,15):2026-01-15-10:28:54.813.849 [api_c_stream.cc:412]712971 rtsStreamSetAttribute:report error module_name=EE1001
[ERROR] RUNTIME(712971,15):2026-01-15-10:28:54.813.855 [api_c_stream.cc:412]712971 rtsStreamSetAttribute:Invalid stream attribute ID: 4, Supported stream attribute IDs: [1, 4).
[ERROR] RUNTIME(712971,15):2026-01-15-10:28:54.813.889 [api_c_stream.cc:416]712971 rtsStreamSetAttribute:ErrCode=107000, desc=[invalid value], InnerCode=0x7110001
[ERROR] RUNTIME(712971,15):2026-01-15-10:28:54.813.892 [error_message_manage.cc:48]712971 FuncErrorReason:report error module_name=EE1001
[ERROR] RUNTIME(712971,15):2026-01-15-10:28:54.813.895 [error_message_manage.cc:48]712971 FuncErrorReason:rtsStreamSetAttribute execute failed, reason=[invalid value]
[ERROR] ASCENDCL(712971,15):2026-01-15-10:28:54.814.205 [stream.cpp:299]712971 aclrtSetStreamAttributeImpl: call rtsStreamSetAttribute failed, runtime result = 107000
[ERROR] RUNTIME(712971,15):2026-01-15-10:28:55.204.172 [api_c_stream.cc:412]712971 rtsStreamSetAttribute:report error module_name=EE1001
[ERROR] RUNTIME(712971,15):2026-01-15-10:28:55.204.180 [api_c_stream.cc:412]712971 rtsStreamSetAttribute:Invalid stream attribute ID: 4, Supported stream attribute IDs: [1, 4).
[ERROR] RUNTIME(712971,15):2026-01-15-10:28:55.204.217 [api_c_stream.cc:416]712971 rtsStreamSetAttribute:ErrCode=107000, desc=[invalid value], InnerCode=0x7110001
[ERROR] RUNTIME(712971,15):2026-01-15-10:28:55.204.219 [error_message_manage.cc:48]712971 FuncErrorReason:report error module_name=EE1001
[ERROR] RUNTIME(712971,15):2026-01-15-10:28:55.204.222 [error_message_manage.cc:48]712971 FuncErrorReason:rtsStreamSetAttribute execute failed, reason=[invalid value]
[ERROR] ASCENDCL(712971,15):2026-01-15-10:28:55.204.420 [stream.cpp:299]712971 aclrtSetStreamAttributeImpl: call rtsStreamSetAttribute failed, runtime result = 107000
[ERROR] RUNTIME(712971,15):2026-01-15-10:28:55.689.208 [api_error.cc:1519]712971 MemCopySync:Memory copy sync failed, cnt=416, kind=1.
[ERROR] RUNTIME(712971,15):2026-01-15-10:28:55.689.218 [api_c.cc:1197]712971 rtMemcpy:ErrCode=107030, desc=[the current capture mode does not support this operation], InnerCode=0x703001c
[ERROR] RUNTIME(712971,15):2026-01-15-10:28:55.689.221 [error_message_manage.cc:53]712971 FuncErrorReason:report error module_type=3, module_name=EE8888
[ERROR] RUNTIME(712971,15):2026-01-15-10:28:55.689.224 [error_message_manage.cc:53]712971 FuncErrorReason:rtMemcpy execute failed, reason=[the current capture mode does not support this operation]
[ERROR] ASCENDCL(712971,15):2026-01-15-10:28:55.689.558 [memory.cpp:437]712971 aclrtMemcpyImpl: synchronized memcpy failed, kind = 1, runtime result = 107030
[ERROR] RUNTIME(712971,15):2026-01-15-10:28:55.690.670 [api_error.cc:1519]712971 MemCopySync:Memory copy sync failed, cnt=72, kind=1.
[ERROR] RUNTIME(712971,15):2026-01-15-10:28:55.690.679 [api_c.cc:1197]712971 rtMemcpy:ErrCode=107030, desc=[the current capture mode does not support this operation], InnerCode=0x703001c
[ERROR] RUNTIME(712971,15):2026-01-15-10:28:55.690.682 [error_message_manage.cc:53]712971 FuncErrorReason:report error module_type=3, module_name=EE8888
[ERROR] RUNTIME(712971,15):2026-01-15-10:28:55.690.685 [error_message_manage.cc:53]712971 FuncErrorReason:rtMemcpy execute failed, reason=[the current capture mode does not support this operation]
[ERROR] ASCENDCL(712971,15):2026-01-15-10:28:55.690.858 [memory.cpp:437]712971 aclrtMemcpyImpl: synchronized memcpy failed, kind = 1, runtime result = 107030
[ERROR] RUNTIME(712971,15):2026-01-15-10:28:56.457.438 [api_error.cc:1519]712971 MemCopySync:Memory copy sync failed, cnt=416, kind=1.
[ERROR] RUNTIME(712971,15):2026-01-15-10:28:56.457.448 [api_c.cc:1197]712971 rtMemcpy:ErrCode=107030, desc=[the current capture mode does not support this operation], InnerCode=0x703001c
[ERROR] RUNTIME(712971,15):2026-01-15-10:28:56.457.451 [error_message_manage.cc:53]712971 FuncErrorReason:report error module_type=3, module_name=EE8888
[ERROR] RUNTIME(712971,15):2026-01-15-10:28:56.457.454 [error_message_manage.cc:53]712971 FuncErrorReason:rtMemcpy execute failed, reason=[the current capture mode does not support this operation]
[ERROR] ASCENDCL(712971,15):2026-01-15-10:28:56.457.757 [memory.cpp:437]712971 aclrtMemcpyImpl: synchronized memcpy failed, kind = 1, runtime result = 107030
[ERROR] RUNTIME(712971,15):2026-01-15-10:28:57.228.813 [api_error.cc:1519]712971 MemCopySync:Memory copy sync failed, cnt=72, kind=1.
[ERROR] RUNTIME(712971,15):2026-01-15-10:28:57.228.823 [api_c.cc:1197]712971 rtMemcpy:ErrCode=107030, desc=[the current capture mode does not support this operation], InnerCode=0x703001c
[ERROR] RUNTIME(712971,15):2026-01-15-10:28:57.228.826 [error_message_manage.cc:53]712971 FuncErrorReason:report error module_type=3, module_name=EE8888
[ERROR] RUNTIME(712971,15):2026-01-15-10:28:57.228.830 [error_message_manage.cc:53]712971 FuncErrorReason:rtMemcpy execute failed, reason=[the current capture mode does not support this operation]
[ERROR] ASCENDCL(712971,15):2026-01-15-10:28:57.229.139 [memory.cpp:437]712971 aclrtMemcpyImpl: synchronized memcpy failed, kind = 1, runtime result = 107030
[ERROR] RUNTIME(712971,15):2026-01-15-10:28:57.976.259 [api_error.cc:1519]712971 MemCopySync:Memory copy sync failed, cnt=416, kind=1.
[ERROR] RUNTIME(712971,15):2026-01-15-10:28:57.976.270 [api_c.cc:1197]712971 rtMemcpy:ErrCode=107030, desc=[the current capture mode does not support this operation], InnerCode=0x703001c
[ERROR] RUNTIME(712971,15):2026-01-15-10:28:57.976.273 [error_message_manage.cc:53]712971 FuncErrorReason:report error module_type=3, module_name=EE8888
[ERROR] RUNTIME(712971,15):2026-01-15-10:28:57.976.276 [error_message_manage.cc:53]712971 FuncErrorReason:rtMemcpy execute failed, reason=[the current capture mode does not support this operation]
[ERROR] ASCENDCL(712971,15):2026-01-15-10:28:57.976.602 [memory.cpp:437]712971 aclrtMemcpyImpl: synchronized memcpy failed, kind = 1, runtime result = 107030
[ERROR] RUNTIME(712971,15):2026-01-15-10:28:58.741.721 [api_error.cc:1519]712971 MemCopySync:Memory copy sync failed, cnt=72, kind=1.
[ERROR] RUNTIME(712971,15):2026-01-15-10:28:58.741.731 [api_c.cc:1197]712971 rtMemcpy:ErrCode=107030, desc=[the current capture mode does not support this operation], InnerCode=0x703001c
[ERROR] RUNTIME(712971,15):2026-01-15-10:28:58.741.734 [error_message_manage.cc:53]712971 FuncErrorReason:report error module_type=3, module_name=EE8888
[ERROR] RUNTIME(712971,15):2026-01-15-10:28:58.741.737 [error_message_manage.cc:53]712971 FuncErrorReason:rtMemcpy execute failed, reason=[the current capture mode does not support this operation]
[ERROR] ASCENDCL(712971,15):2026-01-15-10:28:58.742.071 [memory.cpp:437]712971 aclrtMemcpyImpl: synchronized memcpy failed, kind = 1, runtime result = 107030
[ERROR] RUNTIME(712971,15):2026-01-15-10:28:59.492.248 [api_error.cc:1519]712971 MemCopySync:Memory copy sync failed, cnt=416, kind=1.
[ERROR] RUNTIME(712971,15):2026-01-15-10:28:59.492.258 [api_c.cc:1197]712971 rtMemcpy:ErrCode=107030, desc=[the current capture mode does not support this operation], InnerCode=0x703001c
[ERROR] RUNTIME(712971,15):2026-01-15-10:28:59.492.261 [error_message_manage.cc:53]712971 FuncErrorReason:report error module_type=3, module_name=EE8888
[ERROR] RUNTIME(712971,15):2026-01-15-10:28:59.492.265 [error_message_manage.cc:53]712971 FuncErrorReason:rtMemcpy execute failed, reason=[the current capture mode does not support this operation]
[ERROR] ASCENDCL(712971,15):2026-01-15-10:28:59.492.558 [memory.cpp:437]712971 aclrtMemcpyImpl: synchronized memcpy failed, kind = 1, runtime result = 107030
[ERROR] RUNTIME(712971,15):2026-01-15-10:29:00.288.294 [api_error.cc:1519]712971 MemCopySync:Memory copy sync failed, cnt=72, kind=1.
[ERROR] RUNTIME(712971,15):2026-01-15-10:29:00.288.305 [api_c.cc:1197]712971 rtMemcpy:ErrCode=107030, desc=[the current capture mode does not support this operation], InnerCode=0x703001c
[ERROR] RUNTIME(712971,15):2026-01-15-10:29:00.288.308 [error_message_manage.cc:53]712971 FuncErrorReason:report error module_type=3, module_name=EE8888
[ERROR] RUNTIME(712971,15):2026-01-15-10:29:00.288.312 [error_message_manage.cc:53]712971 FuncErrorReason:rtMemcpy execute failed, reason=[the current capture mode does not support this operation]
[ERROR] ASCENDCL(712971,15):2026-01-15-10:29:00.288.683 [memory.cpp:437]712971 aclrtMemcpyImpl: synchronized memcpy failed, kind = 1, runtime result = 107030
[ERROR] RUNTIME(712971,15):2026-01-15-10:29:00.368.974 [api_error.cc:1519]712971 MemCopySync:Memory copy sync failed, cnt=416, kind=1.
[ERROR] RUNTIME(712971,15):2026-01-15-10:29:00.368.984 [api_c.cc:1197]712971 rtMemcpy:ErrCode=107030, desc=[the current capture mode does not support this operation], InnerCode=0x703001c
[ERROR] RUNTIME(712971,15):2026-01-15-10:29:00.368.988 [error_message_manage.cc:53]712971 FuncErrorReason:report error module_type=3, module_name=EE8888
[ERROR] RUNTIME(712971,15):2026-01-15-10:29:00.368.991 [error_message_manage.cc:53]712971 FuncErrorReason:rtMemcpy execute failed, reason=[the current capture mode does not support this operation]
[ERROR] ASCENDCL(712971,15):2026-01-15-10:29:00.369.284 [memory.cpp:437]712971 aclrtMemcpyImpl: synchronized memcpy failed, kind = 1, runtime result = 107030
[ERROR] RUNTIME(712971,15):2026-01-15-10:29:00.443.314 [api_error.cc:1519]712971 MemCopySync:Memory copy sync failed, cnt=72, kind=1.
[ERROR] RUNTIME(712971,15):2026-01-15-10:29:00.443.322 [api_c.cc:1197]712971 rtMemcpy:ErrCode=107030, desc=[the current capture mode does not support this operation], InnerCode=0x703001c
[ERROR] RUNTIME(712971,15):2026-01-15-10:29:00.443.325 [error_message_manage.cc:53]712971 FuncErrorReason:report error module_type=3, module_name=EE8888
[ERROR] RUNTIME(712971,15):2026-01-15-10:29:00.443.328 [error_message_manage.cc:53]712971 FuncErrorReason:rtMemcpy execute failed, reason=[the current capture mode does not support this operation]
[ERROR] ASCENDCL(712971,15):2026-01-15-10:29:00.443.583 [memory.cpp:437]712971 aclrtMemcpyImpl: synchronized memcpy failed, kind = 1, runtime result = 107030
[ERROR] RUNTIME(712971,15):2026-01-15-10:29:00.522.544 [api_error.cc:1519]712971 MemCopySync:Memory copy sync failed, cnt=416, kind=1.
[ERROR] RUNTIME(712971,15):2026-01-15-10:29:00.522.553 [api_c.cc:1197]712971 rtMemcpy:ErrCode=107030, desc=[the current capture mode does not support this operation], InnerCode=0x703001c
[ERROR] RUNTIME(712971,15):2026-01-15-10:29:00.522.556 [error_message_manage.cc:53]712971 FuncErrorReason:report error module_type=3, module_name=EE8888
[ERROR] RUNTIME(712971,15):2026-01-15-10:29:00.522.559 [error_message_manage.cc:53]712971 FuncErrorReason:rtMemcpy execute failed, reason=[the current capture mode does not support this operation]
[ERROR] ASCENDCL(712971,15):2026-01-15-10:29:00.522.800 [memory.cpp:437]712971 aclrtMemcpyImpl: synchronized memcpy failed, kind = 1, runtime result = 107030
[ERROR] RUNTIME(712971,15):2026-01-15-10:29:00.601.131 [api_error.cc:1519]712971 MemCopySync:Memory copy sync failed, cnt=72, kind=1.
[ERROR] RUNTIME(712971,15):2026-01-15-10:29:00.601.138 [api_c.cc:1197]712971 rtMemcpy:ErrCode=107030, desc=[the current capture mode does not support this operation], InnerCode=0x703001c
[ERROR] RUNTIME(712971,15):2026-01-15-10:29:00.601.141 [error_message_manage.cc:53]712971 FuncErrorReason:report error module_type=3, module_name=EE8888
[ERROR] RUNTIME(712971,15):2026-01-15-10:29:00.601.144 [error_message_manage.cc:53]712971 FuncErrorReason:rtMemcpy execute failed, reason=[the current capture mode does not support this operation]
[ERROR] ASCENDCL(712971,15):2026-01-15-10:29:00.601.370 [memory.cpp:437]712971 aclrtMemcpyImpl: synchronized memcpy failed, kind = 1, runtime result = 107030
[ERROR] RUNTIME(712971,15):2026-01-15-10:29:00.684.184 [api_error.cc:1519]712971 MemCopySync:Memory copy sync failed, cnt=416, kind=1.
[ERROR] RUNTIME(712971,15):2026-01-15-10:29:00.684.192 [api_c.cc:1197]712971 rtMemcpy:ErrCode=107030, desc=[the current capture mode does not support this operation], InnerCode=0x703001c
[ERROR] RUNTIME(712971,15):2026-01-15-10:29:00.684.195 [error_message_manage.cc:53]712971 FuncErrorReason:report error module_type=3, module_name=EE8888
[ERROR] RUNTIME(712971,15):2026-01-15-10:29:00.684.198 [error_message_manage.cc:53]712971 FuncErrorReason:rtMemcpy execute failed, reason=[the current capture mode does not support this operation]
[ERROR] ASCENDCL(712971,15):2026-01-15-10:29:00.684.419 [memory.cpp:437]712971 aclrtMemcpyImpl: synchronized memcpy failed, kind = 1, runtime result = 107030
[ERROR] RUNTIME(712971,15):2026-01-15-10:29:00.768.070 [api_error.cc:1519]712971 MemCopySync:Memory copy sync failed, cnt=72, kind=1.
[ERROR] RUNTIME(712971,15):2026-01-15-10:29:00.768.079 [api_c.cc:1197]712971 rtMemcpy:ErrCode=107030, desc=[the current capture mode does not support this operation], InnerCode=0x703001c
[ERROR] RUNTIME(712971,15):2026-01-15-10:29:00.768.081 [error_message_manage.cc:53]712971 FuncErrorReason:report error module_type=3, module_name=EE8888
[ERROR] RUNTIME(712971,15):2026-01-15-10:29:00.768.084 [error_message_manage.cc:53]712971 FuncErrorReason:rtMemcpy execute failed, reason=[the current capture mode does not support this operation]
[ERROR] ASCENDCL(712971,15):2026-01-15-10:29:00.768.449 [memory.cpp:437]712971 aclrtMemcpyImpl: synchronized memcpy failed, kind = 1, runtime result = 107030
[ERROR] RUNTIME(712971,15):2026-01-15-10:29:00.851.498 [api_error.cc:1519]712971 MemCopySync:Memory copy sync failed, cnt=416, kind=1.
[ERROR] RUNTIME(712971,15):2026-01-15-10:29:00.851.506 [api_c.cc:1197]712971 rtMemcpy:ErrCode=107030, desc=[the current capture mode does not support this operation], InnerCode=0x703001c
[ERROR] RUNTIME(712971,15):2026-01-15-10:29:00.851.508 [error_message_manage.cc:53]712971 FuncErrorReason:report error module_type=3, module_name=EE8888
[ERROR] RUNTIME(712971,15):2026-01-15-10:29:00.851.511 [error_message_manage.cc:53]712971 FuncErrorReason:rtMemcpy execute failed, reason=[the current capture mode does not support this operation]
[ERROR] ASCENDCL(712971,15):2026-01-15-10:29:00.851.753 [memory.cpp:437]712971 aclrtMemcpyImpl: synchronized memcpy failed, kind = 1, runtime result = 107030
[ERROR] RUNTIME(712971,15):2026-01-15-10:29:00.932.044 [api_error.cc:1519]712971 MemCopySync:Memory copy sync failed, cnt=72, kind=1.
[ERROR] RUNTIME(712971,15):2026-01-15-10:29:00.932.052 [api_c.cc:1197]712971 rtMemcpy:ErrCode=107030, desc=[the current capture mode does not support this operation], InnerCode=0x703001c
[ERROR] RUNTIME(712971,15):2026-01-15-10:29:00.932.055 [error_message_manage.cc:53]712971 FuncErrorReason:report error module_type=3, module_name=EE8888
[ERROR] RUNTIME(712971,15):2026-01-15-10:29:00.932.058 [error_message_manage.cc:53]712971 FuncErrorReason:rtMemcpy execute failed, reason=[the current capture mode does not support this operation]
[ERROR] ASCENDCL(712971,15):2026-01-15-10:29:00.932.343 [memory.cpp:437]712971 aclrtMemcpyImpl: synchronized memcpy failed, kind = 1, runtime result = 107030
[ERROR] RUNTIME(712971,15):2026-01-15-10:29:01.016.256 [api_error.cc:1519]712971 MemCopySync:Memory copy sync failed, cnt=416, kind=1.
[ERROR] RUNTIME(712971,15):2026-01-15-10:29:01.016.265 [api_c.cc:1197]712971 rtMemcpy:ErrCode=107030, desc=[the current capture mode does not support this operation], InnerCode=0x703001c
[ERROR] RUNTIME(712971,15):2026-01-15-10:29:01.016.267 [error_message_manage.cc:53]712971 FuncErrorReason:report error module_type=3, module_name=EE8888
[ERROR] RUNTIME(712971,15):2026-01-15-10:29:01.016.271 [error_message_manage.cc:53]712971 FuncErrorReason:rtMemcpy execute failed, reason=[the current capture mode does not support this operation]
[ERROR] ASCENDCL(712971,15):2026-01-15-10:29:01.016.485 [memory.cpp:437]712971 aclrtMemcpyImpl: synchronized memcpy failed, kind = 1, runtime result = 107030
[ERROR] RUNTIME(712971,15):2026-01-15-10:29:01.096.610 [api_error.cc:1519]712971 MemCopySync:Memory copy sync failed, cnt=72, kind=1.
[ERROR] RUNTIME(712971,15):2026-01-15-10:29:01.096.618 [api_c.cc:1197]712971 rtMemcpy:ErrCode=107030, desc=[the current capture mode does not support this operation], InnerCode=0x703001c
[ERROR] RUNTIME(712971,15):2026-01-15-10:29:01.096.621 [error_message_manage.cc:53]712971 FuncErrorReason:report error module_type=3, module_name=EE8888
[ERROR] RUNTIME(712971,15):2026-01-15-10:29:01.096.623 [error_message_manage.cc:53]712971 FuncErrorReason:rtMemcpy execute failed, reason=[the current capture mode does not support this operation]
[ERROR] ASCENDCL(712971,15):2026-01-15-10:29:01.096.802 [memory.cpp:437]712971 aclrtMemcpyImpl: synchronized memcpy failed, kind = 1, runtime result = 107030
[ERROR] RUNTIME(712971,15):2026-01-15-10:29:01.177.805 [api_error.cc:1519]712971 MemCopySync:Memory copy sync failed, cnt=416, kind=1.
[ERROR] RUNTIME(712971,15):2026-01-15-10:29:01.177.814 [api_c.cc:1197]712971 rtMemcpy:ErrCode=107030, desc=[the current capture mode does not support this operation], InnerCode=0x703001c
[ERROR] RUNTIME(712971,15):2026-01-15-10:29:01.177.816 [error_message_manage.cc:53]712971 FuncErrorReason:report error module_type=3, module_name=EE8888
[ERROR] RUNTIME(712971,15):2026-01-15-10:29:01.177.819 [error_message_manage.cc:53]712971 FuncErrorReason:rtMemcpy execute failed, reason=[the current capture mode does not support this operation]
[ERROR] ASCENDCL(712971,15):2026-01-15-10:29:01.178.070 [memory.cpp:437]712971 aclrtMemcpyImpl: synchronized memcpy failed, kind = 1, runtime result = 107030
[ERROR] RUNTIME(712971,15):2026-01-15-10:29:01.246.110 [api_error.cc:1519]712971 MemCopySync:Memory copy sync failed, cnt=72, kind=1.
[ERROR] RUNTIME(712971,15):2026-01-15-10:29:01.246.117 [api_c.cc:1197]712971 rtMemcpy:ErrCode=107030, desc=[the current capture mode does not support this operation], InnerCode=0x703001c
[ERROR] RUNTIME(712971,15):2026-01-15-10:29:01.246.120 [error_message_manage.cc:53]712971 FuncErrorReason:report error module_type=3, module_name=EE8888
[ERROR] RUNTIME(712971,15):2026-01-15-10:29:01.246.123 [error_message_manage.cc:53]712971 FuncErrorReason:rtMemcpy execute failed, reason=[the current capture mode does not support this operation]
[ERROR] ASCENDCL(712971,15):2026-01-15-10:29:01.246.363 [memory.cpp:437]712971 aclrtMemcpyImpl: synchronized memcpy failed, kind = 1, runtime result = 107030
[ERROR] RUNTIME(712971,15):2026-01-15-10:29:01.289.249 [api_error.cc:1519]712971 MemCopySync:Memory copy sync failed, cnt=416, kind=1.
[ERROR] RUNTIME(712971,15):2026-01-15-10:29:01.289.258 [api_c.cc:1197]712971 rtMemcpy:ErrCode=107030, desc=[the current capture mode does not support this operation], InnerCode=0x703001c
[ERROR] RUNTIME(712971,15):2026-01-15-10:29:01.289.260 [error_message_manage.cc:53]712971 FuncErrorReason:report error module_type=3, module_name=EE8888
[ERROR] RUNTIME(712971,15):2026-01-15-10:29:01.289.263 [error_message_manage.cc:53]712971 FuncErrorReason:rtMemcpy execute failed, reason=[the current capture mode does not support this operation]
[ERROR] ASCENDCL(712971,15):2026-01-15-10:29:01.289.481 [memory.cpp:437]712971 aclrtMemcpyImpl: synchronized memcpy failed, kind = 1, runtime result = 107030
[ERROR] RUNTIME(712971,15):2026-01-15-10:29:01.352.890 [api_error.cc:1519]712971 MemCopySync:Memory copy sync failed, cnt=72, kind=1.
[ERROR] RUNTIME(712971,15):2026-01-15-10:29:01.352.898 [api_c.cc:1197]712971 rtMemcpy:ErrCode=107030, desc=[the current capture mode does not support this operation], InnerCode=0x703001c
[ERROR] RUNTIME(712971,15):2026-01-15-10:29:01.352.900 [error_message_manage.cc:53]712971 FuncErrorReason:report error module_type=3, module_name=EE8888
[ERROR] RUNTIME(712971,15):2026-01-15-10:29:01.352.903 [error_message_manage.cc:53]712971 FuncErrorReason:rtMemcpy execute failed, reason=[the current capture mode does not support this operation]
[ERROR] ASCENDCL(712971,15):2026-01-15-10:29:01.353.197 [memory.cpp:437]712971 aclrtMemcpyImpl: synchronized memcpy failed, kind = 1, runtime result = 107030
[ERROR] RUNTIME(712971,15):2026-01-15-10:29:01.433.766 [api_error.cc:1519]712971 MemCopySync:Memory copy sync failed, cnt=416, kind=1.
[ERROR] RUNTIME(712971,15):2026-01-15-10:29:01.433.774 [api_c.cc:1197]712971 rtMemcpy:ErrCode=107030, desc=[the current capture mode does not support this operation], InnerCode=0x703001c
[ERROR] RUNTIME(712971,15):2026-01-15-10:29:01.433.777 [error_message_manage.cc:53]712971 FuncErrorReason:report error module_type=3, module_name=EE8888
[ERROR] RUNTIME(712971,15):2026-01-15-10:29:01.433.780 [error_message_manage.cc:53]712971 FuncErrorReason:rtMemcpy execute failed, reason=[the current capture mode does not support this operation]
[ERROR] ASCENDCL(712971,15):2026-01-15-10:29:01.434.018 [memory.cpp:437]712971 aclrtMemcpyImpl: synchronized memcpy failed, kind = 1, runtime result = 107030
[ERROR] RUNTIME(712971,15):2026-01-15-10:29:01.514.054 [api_error.cc:1519]712971 MemCopySync:Memory copy sync failed, cnt=72, kind=1.
[ERROR] RUNTIME(712971,15):2026-01-15-10:29:01.514.062 [api_c.cc:1197]712971 rtMemcpy:ErrCode=107030, desc=[the current capture mode does not support this operation], InnerCode=0x703001c
[ERROR] RUNTIME(712971,15):2026-01-15-10:29:01.514.064 [error_message_manage.cc:53]712971 FuncErrorReason:report error module_type=3, module_name=EE8888
[ERROR] RUNTIME(712971,15):2026-01-15-10:29:01.514.067 [error_message_manage.cc:53]712971 FuncErrorReason:rtMemcpy execute failed, reason=[the current capture mode does not support this operation]
[ERROR] ASCENDCL(712971,15):2026-01-15-10:29:01.514.276 [memory.cpp:437]712971 aclrtMemcpyImpl: synchronized memcpy failed, kind = 1, runtime result = 107030
[ERROR] RUNTIME(712971,15):2026-01-15-10:29:01.593.679 [api_error.cc:1519]712971 MemCopySync:Memory copy sync failed, cnt=416, kind=1.
[ERROR] RUNTIME(712971,15):2026-01-15-10:29:01.593.687 [api_c.cc:1197]712971 rtMemcpy:ErrCode=107030, desc=[the current capture mode does not support this operation], InnerCode=0x703001c
[ERROR] RUNTIME(712971,15):2026-01-15-10:29:01.593.690 [error_message_manage.cc:53]712971 FuncErrorReason:report error module_type=3, module_name=EE8888
[ERROR] RUNTIME(712971,15):2026-01-15-10:29:01.593.693 [error_message_manage.cc:53]712971 FuncErrorReason:rtMemcpy execute failed, reason=[the current capture mode does not support this operation]
[ERROR] ASCENDCL(712971,15):2026-01-15-10:29:01.593.964 [memory.cpp:437]712971 aclrtMemcpyImpl: synchronized memcpy failed, kind = 1, runtime result = 107030
[ERROR] RUNTIME(712971,15):2026-01-15-10:29:01.673.865 [api_error.cc:1519]712971 MemCopySync:Memory copy sync failed, cnt=72, kind=1.
[ERROR] RUNTIME(712971,15):2026-01-15-10:29:01.673.872 [api_c.cc:1197]712971 rtMemcpy:ErrCode=107030, desc=[the current capture mode does not support this operation], InnerCode=0x703001c
[ERROR] RUNTIME(712971,15):2026-01-15-10:29:01.673.875 [error_message_manage.cc:53]712971 FuncErrorReason:report error module_type=3, module_name=EE8888
[ERROR] RUNTIME(712971,15):2026-01-15-10:29:01.673.878 [error_message_manage.cc:53]712971 FuncErrorReason:rtMemcpy execute failed, reason=[the current capture mode does not support this operation]
[ERROR] ASCENDCL(712971,15):2026-01-15-10:29:01.674.114 [memory.cpp:437]712971 aclrtMemcpyImpl: synchronized memcpy failed, kind = 1, runtime result = 107030
[ERROR] RUNTIME(712971,15):2026-01-15-10:29:01.753.613 [api_error.cc:1519]712971 MemCopySync:Memory copy sync failed, cnt=416, kind=1.
[ERROR] RUNTIME(712971,15):2026-01-15-10:29:01.753.623 [api_c.cc:1197]712971 rtMemcpy:ErrCode=107030, desc=[the current capture mode does not support this operation], InnerCode=0x703001c
[ERROR] RUNTIME(712971,15):2026-01-15-10:29:01.753.625 [error_message_manage.cc:53]712971 FuncErrorReason:report error module_type=3, module_name=EE8888
[ERROR] RUNTIME(712971,15):2026-01-15-10:29:01.753.628 [error_message_manage.cc:53]712971 FuncErrorReason:rtMemcpy execute failed, reason=[the current capture mode does not support this operation]
[ERROR] ASCENDCL(712971,15):2026-01-15-10:29:01.753.939 [memory.cpp:437]712971 aclrtMemcpyImpl: synchronized memcpy failed, kind = 1, runtime result = 107030
[ERROR] RUNTIME(712971,15):2026-01-15-10:29:01.832.144 [api_error.cc:1519]712971 MemCopySync:Memory copy sync failed, cnt=72, kind=1.
[ERROR] RUNTIME(712971,15):2026-01-15-10:29:01.832.152 [api_c.cc:1197]712971 rtMemcpy:ErrCode=107030, desc=[the current capture mode does not support this operation], InnerCode=0x703001c
[ERROR] RUNTIME(712971,15):2026-01-15-10:29:01.832.154 [error_message_manage.cc:53]712971 FuncErrorReason:report error module_type=3, module_name=EE8888
[ERROR] RUNTIME(712971,15):2026-01-15-10:29:01.832.157 [error_message_manage.cc:53]712971 FuncErrorReason:rtMemcpy execute failed, reason=[the current capture mode does not support this operation]
[ERROR] ASCENDCL(712971,15):2026-01-15-10:29:01.832.374 [memory.cpp:437]712971 aclrtMemcpyImpl: synchronized memcpy failed, kind = 1, runtime result = 107030
[ERROR] RUNTIME(712971,15):2026-01-15-10:29:01.900.967 [api_error.cc:1519]712971 MemCopySync:Memory copy sync failed, cnt=416, kind=1.
[ERROR] RUNTIME(712971,15):2026-01-15-10:29:01.900.975 [api_c.cc:1197]712971 rtMemcpy:ErrCode=107030, desc=[the current capture mode does not support this operation], InnerCode=0x703001c
[ERROR] RUNTIME(712971,15):2026-01-15-10:29:01.900.977 [error_message_manage.cc:53]712971 FuncErrorReason:report error module_type=3, module_name=EE8888
[ERROR] RUNTIME(712971,15):2026-01-15-10:29:01.900.980 [error_message_manage.cc:53]712971 FuncErrorReason:rtMemcpy execute failed, reason=[the current capture mode does not support this operation]
[ERROR] ASCENDCL(712971,15):2026-01-15-10:29:01.901.184 [memory.cpp:437]712971 aclrtMemcpyImpl: synchronized memcpy failed, kind = 1, runtime result = 107030
[ERROR] RUNTIME(712971,15):2026-01-15-10:29:01.970.181 [api_error.cc:1519]712971 MemCopySync:Memory copy sync failed, cnt=72, kind=1.
[ERROR] RUNTIME(712971,15):2026-01-15-10:29:01.970.189 [api_c.cc:1197]712971 rtMemcpy:ErrCode=107030, desc=[the current capture mode does not support this operation], InnerCode=0x703001c
[ERROR] RUNTIME(712971,15):2026-01-15-10:29:01.970.192 [error_message_manage.cc:53]712971 FuncErrorReason:report error module_type=3, module_name=EE8888
[ERROR] RUNTIME(712971,15):2026-01-15-10:29:01.970.194 [error_message_manage.cc:53]712971 FuncErrorReason:rtMemcpy execute failed, reason=[the current capture mode does not support this operation]
[ERROR] ASCENDCL(712971,15):2026-01-15-10:29:01.970.543 [memory.cpp:437]712971 aclrtMemcpyImpl: synchronized memcpy failed, kind = 1, runtime result = 107030
[ERROR] RUNTIME(712971,15):2026-01-15-10:29:02.047.458 [api_error.cc:1519]712971 MemCopySync:Memory copy sync failed, cnt=416, kind=1.
[ERROR] RUNTIME(712971,15):2026-01-15-10:29:02.047.467 [api_c.cc:1197]712971 rtMemcpy:ErrCode=107030, desc=[the current capture mode does not support this operation], InnerCode=0x703001c
[ERROR] RUNTIME(712971,15):2026-01-15-10:29:02.047.469 [error_message_manage.cc:53]712971 FuncErrorReason:report error module_type=3, module_name=EE8888
[ERROR] RUNTIME(712971,15):2026-01-15-10:29:02.047.472 [error_message_manage.cc:53]712971 FuncErrorReason:rtMemcpy execute failed, reason=[the current capture mode does not support this operation]
[ERROR] ASCENDCL(712971,15):2026-01-15-10:29:02.047.690 [memory.cpp:437]712971 aclrtMemcpyImpl: synchronized memcpy failed, kind = 1, runtime result = 107030
[ERROR] RUNTIME(712971,15):2026-01-15-10:29:02.122.032 [api_error.cc:1519]712971 MemCopySync:Memory copy sync failed, cnt=72, kind=1.
[ERROR] RUNTIME(712971,15):2026-01-15-10:29:02.122.039 [api_c.cc:1197]712971 rtMemcpy:ErrCode=107030, desc=[the current capture mode does not support this operation], InnerCode=0x703001c
[ERROR] RUNTIME(712971,15):2026-01-15-10:29:02.122.042 [error_message_manage.cc:53]712971 FuncErrorReason:report error module_type=3, module_name=EE8888
[ERROR] RUNTIME(712971,15):2026-01-15-10:29:02.122.044 [error_message_manage.cc:53]712971 FuncErrorReason:rtMemcpy execute failed, reason=[the current capture mode does not support this operation]
[ERROR] ASCENDCL(712971,15):2026-01-15-10:29:02.122.272 [memory.cpp:437]712971 aclrtMemcpyImpl: synchronized memcpy failed, kind = 1, runtime result = 107030
[ERROR] RUNTIME(712971,15):2026-01-15-10:29:02.200.431 [api_error.cc:1519]712971 MemCopySync:Memory copy sync failed, cnt=416, kind=1.
[ERROR] RUNTIME(712971,15):2026-01-15-10:29:02.200.440 [api_c.cc:1197]712971 rtMemcpy:ErrCode=107030, desc=[the current capture mode does not support this operation], InnerCode=0x703001c
[ERROR] RUNTIME(712971,15):2026-01-15-10:29:02.200.443 [error_message_manage.cc:53]712971 FuncErrorReason:report error module_type=3, module_name=EE8888
[ERROR] RUNTIME(712971,15):2026-01-15-10:29:02.200.446 [error_message_manage.cc:53]712971 FuncErrorReason:rtMemcpy execute failed, reason=[the current capture mode does not support this operation]
[ERROR] ASCENDCL(712971,15):2026-01-15-10:29:02.200.720 [memory.cpp:437]712971 aclrtMemcpyImpl: synchronized memcpy failed, kind = 1, runtime result = 107030
[ERROR] RUNTIME(712971,15):2026-01-15-10:29:02.289.722 [api_error.cc:1519]712971 MemCopySync:Memory copy sync failed, cnt=72, kind=1.
[ERROR] RUNTIME(712971,15):2026-01-15-10:29:02.289.730 [api_c.cc:1197]712971 rtMemcpy:ErrCode=107030, desc=[the current capture mode does not support this operation], InnerCode=0x703001c
[ERROR] RUNTIME(712971,15):2026-01-15-10:29:02.289.732 [error_message_manage.cc:53]712971 FuncErrorReason:report error module_type=3, module_name=EE8888
[ERROR] RUNTIME(712971,15):2026-01-15-10:29:02.289.735 [error_message_manage.cc:53]712971 FuncErrorReason:rtMemcpy execute failed, reason=[the current capture mode does not support this operation]
[ERROR] ASCENDCL(712971,15):2026-01-15-10:29:02.289.943 [memory.cpp:437]712971 aclrtMemcpyImpl: synchronized memcpy failed, kind = 1, runtime result = 107030
[ERROR] RUNTIME(712971,15):2026-01-15-10:29:02.375.504 [api_error.cc:1519]712971 MemCopySync:Memory copy sync failed, cnt=416, kind=1.
[ERROR] RUNTIME(712971,15):2026-01-15-10:29:02.375.513 [api_c.cc:1197]712971 rtMemcpy:ErrCode=107030, desc=[the current capture mode does not support this operation], InnerCode=0x703001c
[ERROR] RUNTIME(712971,15):2026-01-15-10:29:02.375.516 [error_message_manage.cc:53]712971 FuncErrorReason:report error module_type=3, module_name=EE8888
[ERROR] RUNTIME(712971,15):2026-01-15-10:29:02.375.518 [error_message_manage.cc:53]712971 FuncErrorReason:rtMemcpy execute failed, reason=[the current capture mode does not support this operation]
[ERROR] ASCENDCL(712971,15):2026-01-15-10:29:02.375.782 [memory.cpp:437]712971 aclrtMemcpyImpl: synchronized memcpy failed, kind = 1, runtime result = 107030
[ERROR] RUNTIME(712971,15):2026-01-15-10:29:02.463.299 [api_error.cc:1519]712971 MemCopySync:Memory copy sync failed, cnt=72, kind=1.
[ERROR] RUNTIME(712971,15):2026-01-15-10:29:02.463.307 [api_c.cc:1197]712971 rtMemcpy:ErrCode=107030, desc=[the current capture mode does not support this operation], InnerCode=0x703001c
[ERROR] RUNTIME(712971,15):2026-01-15-10:29:02.463.310 [error_message_manage.cc:53]712971 FuncErrorReason:report error module_type=3, module_name=EE8888
[ERROR] RUNTIME(712971,15):2026-01-15-10:29:02.463.312 [error_message_manage.cc:53]712971 FuncErrorReason:rtMemcpy execute failed, reason=[the current capture mode does not support this operation]
[ERROR] ASCENDCL(712971,15):2026-01-15-10:29:02.463.537 [memory.cpp:437]712971 aclrtMemcpyImpl: synchronized memcpy failed, kind = 1, runtime result = 107030
[ERROR] RUNTIME(712971,15):2026-01-15-10:29:02.588.980 [api_error.cc:1519]712971 MemCopySync:Memory copy sync failed, cnt=416, kind=1.
[ERROR] RUNTIME(712971,15):2026-01-15-10:29:02.588.989 [api_c.cc:1197]712971 rtMemcpy:ErrCode=107030, desc=[the current capture mode does not support this operation], InnerCode=0x703001c
[ERROR] RUNTIME(712971,15):2026-01-15-10:29:02.588.992 [error_message_manage.cc:53]712971 FuncErrorReason:report error module_type=3, module_name=EE8888
[ERROR] RUNTIME(712971,15):2026-01-15-10:29:02.588.995 [error_message_manage.cc:53]712971 FuncErrorReason:rtMemcpy execute failed, reason=[the current capture mode does not support this operation]
[ERROR] ASCENDCL(712971,15):2026-01-15-10:29:02.589.258 [memory.cpp:437]712971 aclrtMemcpyImpl: synchronized memcpy failed, kind = 1, runtime result = 107030
[ERROR] RUNTIME(712971,15):2026-01-15-10:29:02.670.065 [api_error.cc:1519]712971 MemCopySync:Memory copy sync failed, cnt=72, kind=1.
[ERROR] RUNTIME(712971,15):2026-01-15-10:29:02.670.073 [api_c.cc:1197]712971 rtMemcpy:ErrCode=107030, desc=[the current capture mode does not support this operation], InnerCode=0x703001c
[ERROR] RUNTIME(712971,15):2026-01-15-10:29:02.670.076 [error_message_manage.cc:53]712971 FuncErrorReason:report error module_type=3, module_name=EE8888
[ERROR] RUNTIME(712971,15):2026-01-15-10:29:02.670.078 [error_message_manage.cc:53]712971 FuncErrorReason:rtMemcpy execute failed, reason=[the current capture mode does not support this operation]
[ERROR] ASCENDCL(712971,15):2026-01-15-10:29:02.670.296 [memory.cpp:437]712971 aclrtMemcpyImpl: synchronized memcpy failed, kind = 1, runtime result = 107030
[ERROR] RUNTIME(712971,15):2026-01-15-10:29:02.759.095 [api_error.cc:1519]712971 MemCopySync:Memory copy sync failed, cnt=416, kind=1.
[ERROR] RUNTIME(712971,15):2026-01-15-10:29:02.759.103 [api_c.cc:1197]712971 rtMemcpy:ErrCode=107030, desc=[the current capture mode does not support this operation], InnerCode=0x703001c
[ERROR] RUNTIME(712971,15):2026-01-15-10:29:02.759.106 [error_message_manage.cc:53]712971 FuncErrorReason:report error module_type=3, module_name=EE8888
[ERROR] RUNTIME(712971,15):2026-01-15-10:29:02.759.109 [error_message_manage.cc:53]712971 FuncErrorReason:rtMemcpy execute failed, reason=[the current capture mode does not support this operation]
[ERROR] ASCENDCL(712971,15):2026-01-15-10:29:02.759.388 [memory.cpp:437]712971 aclrtMemcpyImpl: synchronized memcpy failed, kind = 1, runtime result = 107030
[ERROR] RUNTIME(712971,15):2026-01-15-10:29:02.833.299 [api_error.cc:1519]712971 MemCopySync:Memory copy sync failed, cnt=72, kind=1.
[ERROR] RUNTIME(712971,15):2026-01-15-10:29:02.833.306 [api_c.cc:1197]712971 rtMemcpy:ErrCode=107030, desc=[the current capture mode does not support this operation], InnerCode=0x703001c
[ERROR] RUNTIME(712971,15):2026-01-15-10:29:02.833.309 [error_message_manage.cc:53]712971 FuncErrorReason:report error module_type=3, module_name=EE8888
[ERROR] RUNTIME(712971,15):2026-01-15-10:29:02.833.312 [error_message_manage.cc:53]712971 FuncErrorReason:rtMemcpy execute failed, reason=[the current capture mode does not support this operation]
[ERROR] ASCENDCL(712971,15):2026-01-15-10:29:02.833.566 [memory.cpp:437]712971 aclrtMemcpyImpl: synchronized memcpy failed, kind = 1, runtime result = 107030
[ERROR] RUNTIME(712971,15):2026-01-15-10:29:02.900.134 [api_error.cc:1519]712971 MemCopySync:Memory copy sync failed, cnt=416, kind=1.
[ERROR] RUNTIME(712971,15):2026-01-15-10:29:02.900.142 [api_c.cc:1197]712971 rtMemcpy:ErrCode=107030, desc=[the current capture mode does not support this operation], InnerCode=0x703001c
[ERROR] RUNTIME(712971,15):2026-01-15-10:29:02.900.144 [error_message_manage.cc:53]712971 FuncErrorReason:report error module_type=3, module_name=EE8888
[ERROR] RUNTIME(712971,15):2026-01-15-10:29:02.900.147 [error_message_manage.cc:53]712971 FuncErrorReason:rtMemcpy execute failed, reason=[the current capture mode does not support this operation]
[ERROR] ASCENDCL(712971,15):2026-01-15-10:29:02.900.360 [memory.cpp:437]712971 aclrtMemcpyImpl: synchronized memcpy failed, kind = 1, runtime result = 107030
[ERROR] RUNTIME(712971,15):2026-01-15-10:29:02.980.122 [api_error.cc:1519]712971 MemCopySync:Memory copy sync failed, cnt=72, kind=1.
[ERROR] RUNTIME(712971,15):2026-01-15-10:29:02.980.129 [api_c.cc:1197]712971 rtMemcpy:ErrCode=107030, desc=[the current capture mode does not support this operation], InnerCode=0x703001c
[ERROR] RUNTIME(712971,15):2026-01-15-10:29:02.980.132 [error_message_manage.cc:53]712971 FuncErrorReason:report error module_type=3, module_name=EE8888
[ERROR] RUNTIME(712971,15):2026-01-15-10:29:02.980.135 [error_message_manage.cc:53]712971 FuncErrorReason:rtMemcpy execute failed, reason=[the current capture mode does not support this operation]
[ERROR] ASCENDCL(712971,15):2026-01-15-10:29:02.980.413 [memory.cpp:437]712971 aclrtMemcpyImpl: synchronized memcpy failed, kind = 1, runtime result = 107030
[ERROR] RUNTIME(712971,15):2026-01-15-10:29:03.047.399 [api_error.cc:1519]712971 MemCopySync:Memory copy sync failed, cnt=416, kind=1.
[ERROR] RUNTIME(712971,15):2026-01-15-10:29:03.047.429 [api_c.cc:1197]712971 rtMemcpy:ErrCode=107030, desc=[the current capture mode does not support this operation], InnerCode=0x703001c
[ERROR] RUNTIME(712971,15):2026-01-15-10:29:03.047.432 [error_message_manage.cc:53]712971 FuncErrorReason:report error module_type=3, module_name=EE8888
[ERROR] RUNTIME(712971,15):2026-01-15-10:29:03.047.435 [error_message_manage.cc:53]712971 FuncErrorReason:rtMemcpy execute failed, reason=[the current capture mode does not support this operation]
[ERROR] ASCENDCL(712971,15):2026-01-15-10:29:03.047.653 [memory.cpp:437]712971 aclrtMemcpyImpl: synchronized memcpy failed, kind = 1, runtime result = 107030
[ERROR] RUNTIME(712971,15):2026-01-15-10:29:03.093.624 [api_error.cc:1519]712971 MemCopySync:Memory copy sync failed, cnt=72, kind=1.
[ERROR] RUNTIME(712971,15):2026-01-15-10:29:03.093.631 [api_c.cc:1197]712971 rtMemcpy:ErrCode=107030, desc=[the current capture mode does not support this operation], InnerCode=0x703001c
[ERROR] RUNTIME(712971,15):2026-01-15-10:29:03.093.634 [error_message_manage.cc:53]712971 FuncErrorReason:report error module_type=3, module_name=EE8888
[ERROR] RUNTIME(712971,15):2026-01-15-10:29:03.093.637 [error_message_manage.cc:53]712971 FuncErrorReason:rtMemcpy execute failed, reason=[the current capture mode does not support this operation]
[ERROR] ASCENDCL(712971,15):2026-01-15-10:29:03.093.834 [memory.cpp:437]712971 aclrtMemcpyImpl: synchronized memcpy failed, kind = 1, runtime result = 107030
[ERROR] RUNTIME(712971,15):2026-01-15-10:29:03.161.436 [api_error.cc:1519]712971 MemCopySync:Memory copy sync failed, cnt=416, kind=1.
[ERROR] RUNTIME(712971,15):2026-01-15-10:29:03.161.445 [api_c.cc:1197]712971 rtMemcpy:ErrCode=107030, desc=[the current capture mode does not support this operation], InnerCode=0x703001c
[ERROR] RUNTIME(712971,15):2026-01-15-10:29:03.161.448 [error_message_manage.cc:53]712971 FuncErrorReason:report error module_type=3, module_name=EE8888
[ERROR] RUNTIME(712971,15):2026-01-15-10:29:03.161.451 [error_message_manage.cc:53]712971 FuncErrorReason:rtMemcpy execute failed, reason=[the current capture mode does not support this operation]
[ERROR] ASCENDCL(712971,15):2026-01-15-10:29:03.161.733 [memory.cpp:437]712971 aclrtMemcpyImpl: synchronized memcpy failed, kind = 1, runtime result = 107030
[ERROR] RUNTIME(712971,15):2026-01-15-10:29:03.226.861 [api_error.cc:1519]712971 MemCopySync:Memory copy sync failed, cnt=72, kind=1.
[ERROR] RUNTIME(712971,15):2026-01-15-10:29:03.226.869 [api_c.cc:1197]712971 rtMemcpy:ErrCode=107030, desc=[the current capture mode does not support this operation], InnerCode=0x703001c
[ERROR] RUNTIME(712971,15):2026-01-15-10:29:03.226.872 [error_message_manage.cc:53]712971 FuncErrorReason:report error module_type=3, module_name=EE8888
[ERROR] RUNTIME(712971,15):2026-01-15-10:29:03.226.874 [error_message_manage.cc:53]712971 FuncErrorReason:rtMemcpy execute failed, reason=[the current capture mode does not support this operation]
[ERROR] ASCENDCL(712971,15):2026-01-15-10:29:03.227.113 [memory.cpp:437]712971 aclrtMemcpyImpl: synchronized memcpy failed, kind = 1, runtime result = 107030
[ERROR] RUNTIME(712971,15):2026-01-15-10:29:03.294.782 [api_error.cc:1519]712971 MemCopySync:Memory copy sync failed, cnt=416, kind=1.
[ERROR] RUNTIME(712971,15):2026-01-15-10:29:03.294.790 [api_c.cc:1197]712971 rtMemcpy:ErrCode=107030, desc=[the current capture mode does not support this operation], InnerCode=0x703001c
[ERROR] RUNTIME(712971,15):2026-01-15-10:29:03.294.793 [error_message_manage.cc:53]712971 FuncErrorReason:report error module_type=3, module_name=EE8888
[ERROR] RUNTIME(712971,15):2026-01-15-10:29:03.294.796 [error_message_manage.cc:53]712971 FuncErrorReason:rtMemcpy execute failed, reason=[the current capture mode does not support this operation]
[ERROR] ASCENDCL(712971,15):2026-01-15-10:29:03.295.035 [memory.cpp:437]712971 aclrtMemcpyImpl: synchronized memcpy failed, kind = 1, runtime result = 107030
[ERROR] RUNTIME(712971,15):2026-01-15-10:29:03.371.093 [api_error.cc:1519]712971 MemCopySync:Memory copy sync failed, cnt=72, kind=1.
[ERROR] RUNTIME(712971,15):2026-01-15-10:29:03.371.101 [api_c.cc:1197]712971 rtMemcpy:ErrCode=107030, desc=[the current capture mode does not support this operation], InnerCode=0x703001c
[ERROR] RUNTIME(712971,15):2026-01-15-10:29:03.371.103 [error_message_manage.cc:53]712971 FuncErrorReason:report error module_type=3, module_name=EE8888
[ERROR] RUNTIME(712971,15):2026-01-15-10:29:03.371.106 [error_message_manage.cc:53]712971 FuncErrorReason:rtMemcpy execute failed, reason=[the current capture mode does not support this operation]
[ERROR] ASCENDCL(712971,15):2026-01-15-10:29:03.371.386 [memory.cpp:437]712971 aclrtMemcpyImpl: synchronized memcpy failed, kind = 1, runtime result = 107030
[ERROR] RUNTIME(712971,15):2026-01-15-10:29:03.446.941 [api_error.cc:1519]712971 MemCopySync:Memory copy sync failed, cnt=416, kind=1.
[ERROR] RUNTIME(712971,15):2026-01-15-10:29:03.446.949 [api_c.cc:1197]712971 rtMemcpy:ErrCode=107030, desc=[the current capture mode does not support this operation], InnerCode=0x703001c
[ERROR] RUNTIME(712971,15):2026-01-15-10:29:03.446.951 [error_message_manage.cc:53]712971 FuncErrorReason:report error module_type=3, module_name=EE8888
[ERROR] RUNTIME(712971,15):2026-01-15-10:29:03.446.954 [error_message_manage.cc:53]712971 FuncErrorReason:rtMemcpy execute failed, reason=[the current capture mode does not support this operation]
[ERROR] ASCENDCL(712971,15):2026-01-15-10:29:03.447.222 [memory.cpp:437]712971 aclrtMemcpyImpl: synchronized memcpy failed, kind = 1, runtime result = 107030
[ERROR] RUNTIME(712971,15):2026-01-15-10:29:03.515.778 [api_error.cc:1519]712971 MemCopySync:Memory copy sync failed, cnt=72, kind=1.
[ERROR] RUNTIME(712971,15):2026-01-15-10:29:03.515.786 [api_c.cc:1197]712971 rtMemcpy:ErrCode=107030, desc=[the current capture mode does not support this operation], InnerCode=0x703001c
[ERROR] RUNTIME(712971,15):2026-01-15-10:29:03.515.789 [error_message_manage.cc:53]712971 FuncErrorReason:report error module_type=3, module_name=EE8888
[ERROR] RUNTIME(712971,15):2026-01-15-10:29:03.515.791 [error_message_manage.cc:53]712971 FuncErrorReason:rtMemcpy execute failed, reason=[the current capture mode does not support this operation]
[ERROR] ASCENDCL(712971,15):2026-01-15-10:29:03.516.012 [memory.cpp:437]712971 aclrtMemcpyImpl: synchronized memcpy failed, kind = 1, runtime result = 107030
[ERROR] RUNTIME(712971,15):2026-01-15-10:29:03.583.113 [api_error.cc:1519]712971 MemCopySync:Memory copy sync failed, cnt=416, kind=1.
[ERROR] RUNTIME(712971,15):2026-01-15-10:29:03.583.121 [api_c.cc:1197]712971 rtMemcpy:ErrCode=107030, desc=[the current capture mode does not support this operation], InnerCode=0x703001c
[ERROR] RUNTIME(712971,15):2026-01-15-10:29:03.583.124 [error_message_manage.cc:53]712971 FuncErrorReason:report error module_type=3, module_name=EE8888
[ERROR] RUNTIME(712971,15):2026-01-15-10:29:03.583.127 [error_message_manage.cc:53]712971 FuncErrorReason:rtMemcpy execute failed, reason=[the current capture mode does not support this operation]
[ERROR] ASCENDCL(712971,15):2026-01-15-10:29:03.583.395 [memory.cpp:437]712971 aclrtMemcpyImpl: synchronized memcpy failed, kind = 1, runtime result = 107030
[ERROR] RUNTIME(712971,15):2026-01-15-10:29:03.652.188 [api_error.cc:1519]712971 MemCopySync:Memory copy sync failed, cnt=72, kind=1.
[ERROR] RUNTIME(712971,15):2026-01-15-10:29:03.652.196 [api_c.cc:1197]712971 rtMemcpy:ErrCode=107030, desc=[the current capture mode does not support this operation], InnerCode=0x703001c
[ERROR] RUNTIME(712971,15):2026-01-15-10:29:03.652.198 [error_message_manage.cc:53]712971 FuncErrorReason:report error module_type=3, module_name=EE8888
[ERROR] RUNTIME(712971,15):2026-01-15-10:29:03.652.201 [error_message_manage.cc:53]712971 FuncErrorReason:rtMemcpy execute failed, reason=[the current capture mode does not support this operation]
[ERROR] ASCENDCL(712971,15):2026-01-15-10:29:03.652.427 [memory.cpp:437]712971 aclrtMemcpyImpl: synchronized memcpy failed, kind = 1, runtime result = 107030
[ERROR] RUNTIME(712971,15):2026-01-15-10:29:03.727.149 [api_error.cc:1519]712971 MemCopySync:Memory copy sync failed, cnt=416, kind=1.
[ERROR] RUNTIME(712971,15):2026-01-15-10:29:03.727.158 [api_c.cc:1197]712971 rtMemcpy:ErrCode=107030, desc=[the current capture mode does not support this operation], InnerCode=0x703001c
[ERROR] RUNTIME(712971,15):2026-01-15-10:29:03.727.160 [error_message_manage.cc:53]712971 FuncErrorReason:report error module_type=3, module_name=EE8888
[ERROR] RUNTIME(712971,15):2026-01-15-10:29:03.727.163 [error_message_manage.cc:53]712971 FuncErrorReason:rtMemcpy execute failed, reason=[the current capture mode does not support this operation]
[ERROR] ASCENDCL(712971,15):2026-01-15-10:29:03.727.370 [memory.cpp:437]712971 aclrtMemcpyImpl: synchronized memcpy failed, kind = 1, runtime result = 107030
[ERROR] RUNTIME(712971,15):2026-01-15-10:29:03.797.437 [api_error.cc:1519]712971 MemCopySync:Memory copy sync failed, cnt=72, kind=1.
[ERROR] RUNTIME(712971,15):2026-01-15-10:29:03.797.445 [api_c.cc:1197]712971 rtMemcpy:ErrCode=107030, desc=[the current capture mode does not support this operation], InnerCode=0x703001c
[ERROR] RUNTIME(712971,15):2026-01-15-10:29:03.797.447 [error_message_manage.cc:53]712971 FuncErrorReason:report error module_type=3, module_name=EE8888
[ERROR] RUNTIME(712971,15):2026-01-15-10:29:03.797.450 [error_message_manage.cc:53]712971 FuncErrorReason:rtMemcpy execute failed, reason=[the current capture mode does not support this operation]
[ERROR] ASCENDCL(712971,15):2026-01-15-10:29:03.797.724 [memory.cpp:437]712971 aclrtMemcpyImpl: synchronized memcpy failed, kind = 1, runtime result = 107030
[ERROR] RUNTIME(712971,15):2026-01-15-10:29:03.867.363 [api_error.cc:1519]712971 MemCopySync:Memory copy sync failed, cnt=416, kind=1.
[ERROR] RUNTIME(712971,15):2026-01-15-10:29:03.867.371 [api_c.cc:1197]712971 rtMemcpy:ErrCode=107030, desc=[the current capture mode does not support this operation], InnerCode=0x703001c
[ERROR] RUNTIME(712971,15):2026-01-15-10:29:03.867.374 [error_message_manage.cc:53]712971 FuncErrorReason:report error module_type=3, module_name=EE8888
[ERROR] RUNTIME(712971,15):2026-01-15-10:29:03.867.377 [error_message_manage.cc:53]712971 FuncErrorReason:rtMemcpy execute failed, reason=[the current capture mode does not support this operation]
[ERROR] ASCENDCL(712971,15):2026-01-15-10:29:03.867.619 [memory.cpp:437]712971 aclrtMemcpyImpl: synchronized memcpy failed, kind = 1, runtime result = 107030
[ERROR] RUNTIME(712971,15):2026-01-15-10:29:03.929.953 [api_error.cc:1519]712971 MemCopySync:Memory copy sync failed, cnt=72, kind=1.
[ERROR] RUNTIME(712971,15):2026-01-15-10:29:03.929.961 [api_c.cc:1197]712971 rtMemcpy:ErrCode=107030, desc=[the current capture mode does not support this operation], InnerCode=0x703001c
[ERROR] RUNTIME(712971,15):2026-01-15-10:29:03.929.964 [error_message_manage.cc:53]712971 FuncErrorReason:report error module_type=3, module_name=EE8888
[ERROR] RUNTIME(712971,15):2026-01-15-10:29:03.929.966 [error_message_manage.cc:53]712971 FuncErrorReason:rtMemcpy execute failed, reason=[the current capture mode does not support this operation]
[ERROR] ASCENDCL(712971,15):2026-01-15-10:29:03.930.208 [memory.cpp:437]712971 aclrtMemcpyImpl: synchronized memcpy failed, kind = 1, runtime result = 107030
[ERROR] RUNTIME(712971,15):2026-01-15-10:29:03.998.707 [api_error.cc:1519]712971 MemCopySync:Memory copy sync failed, cnt=416, kind=1.
[ERROR] RUNTIME(712971,15):2026-01-15-10:29:03.998.715 [api_c.cc:1197]712971 rtMemcpy:ErrCode=107030, desc=[the current capture mode does not support this operation], InnerCode=0x703001c
[ERROR] RUNTIME(712971,15):2026-01-15-10:29:03.998.718 [error_message_manage.cc:53]712971 FuncErrorReason:report error module_type=3, module_name=EE8888
[ERROR] RUNTIME(712971,15):2026-01-15-10:29:03.998.721 [error_message_manage.cc:53]712971 FuncErrorReason:rtMemcpy execute failed, reason=[the current capture mode does not support this operation]
[ERROR] ASCENDCL(712971,15):2026-01-15-10:29:03.999.137 [memory.cpp:437]712971 aclrtMemcpyImpl: synchronized memcpy failed, kind = 1, runtime result = 107030
[ERROR] RUNTIME(712971,15):2026-01-15-10:29:04.070.496 [api_error.cc:1519]712971 MemCopySync:Memory copy sync failed, cnt=72, kind=1.
[ERROR] RUNTIME(712971,15):2026-01-15-10:29:04.070.504 [api_c.cc:1197]712971 rtMemcpy:ErrCode=107030, desc=[the current capture mode does not support this operation], InnerCode=0x703001c
[ERROR] RUNTIME(712971,15):2026-01-15-10:29:04.070.507 [error_message_manage.cc:53]712971 FuncErrorReason:report error module_type=3, module_name=EE8888
[ERROR] RUNTIME(712971,15):2026-01-15-10:29:04.070.509 [error_message_manage.cc:53]712971 FuncErrorReason:rtMemcpy execute failed, reason=[the current capture mode does not support this operation]
[ERROR] ASCENDCL(712971,15):2026-01-15-10:29:04.070.727 [memory.cpp:437]712971 aclrtMemcpyImpl: synchronized memcpy failed, kind = 1, runtime result = 107030
[ERROR] RUNTIME(712971,15):2026-01-15-10:29:04.145.720 [api_error.cc:1519]712971 MemCopySync:Memory copy sync failed, cnt=416, kind=1.
[ERROR] RUNTIME(712971,15):2026-01-15-10:29:04.145.728 [api_c.cc:1197]712971 rtMemcpy:ErrCode=107030, desc=[the current capture mode does not support this operation], InnerCode=0x703001c
[ERROR] RUNTIME(712971,15):2026-01-15-10:29:04.145.731 [error_message_manage.cc:53]712971 FuncErrorReason:report error module_type=3, module_name=EE8888
[ERROR] RUNTIME(712971,15):2026-01-15-10:29:04.145.734 [error_message_manage.cc:53]712971 FuncErrorReason:rtMemcpy execute failed, reason=[the current capture mode does not support this operation]
[ERROR] ASCENDCL(712971,15):2026-01-15-10:29:04.146.049 [memory.cpp:437]712971 aclrtMemcpyImpl: synchronized memcpy failed, kind = 1, runtime result = 107030
[ERROR] RUNTIME(712971,15):2026-01-15-10:29:04.217.041 [api_error.cc:1519]712971 MemCopySync:Memory copy sync failed, cnt=72, kind=1.
[ERROR] RUNTIME(712971,15):2026-01-15-10:29:04.217.049 [api_c.cc:1197]712971 rtMemcpy:ErrCode=107030, desc=[the current capture mode does not support this operation], InnerCode=0x703001c
[ERROR] RUNTIME(712971,15):2026-01-15-10:29:04.217.052 [error_message_manage.cc:53]712971 FuncErrorReason:report error module_type=3, module_name=EE8888
[ERROR] RUNTIME(712971,15):2026-01-15-10:29:04.217.054 [error_message_manage.cc:53]712971 FuncErrorReason:rtMemcpy execute failed, reason=[the current capture mode does not support this operation]
[ERROR] ASCENDCL(712971,15):2026-01-15-10:29:04.217.298 [memory.cpp:437]712971 aclrtMemcpyImpl: synchronized memcpy failed, kind = 1, runtime result = 107030
[ERROR] RUNTIME(712971,15):2026-01-15-10:29:04.291.395 [api_error.cc:1519]712971 MemCopySync:Memory copy sync failed, cnt=416, kind=1.
[ERROR] RUNTIME(712971,15):2026-01-15-10:29:04.291.404 [api_c.cc:1197]712971 rtMemcpy:ErrCode=107030, desc=[the current capture mode does not support this operation], InnerCode=0x703001c
[ERROR] RUNTIME(712971,15):2026-01-15-10:29:04.291.424 [error_message_manage.cc:53]712971 FuncErrorReason:report error module_type=3, module_name=EE8888
[ERROR] RUNTIME(712971,15):2026-01-15-10:29:04.291.427 [error_message_manage.cc:53]712971 FuncErrorReason:rtMemcpy execute failed, reason=[the current capture mode does not support this operation]
[ERROR] ASCENDCL(712971,15):2026-01-15-10:29:04.291.656 [memory.cpp:437]712971 aclrtMemcpyImpl: synchronized memcpy failed, kind = 1, runtime result = 107030
[ERROR] RUNTIME(712971,15):2026-01-15-10:29:04.370.531 [api_error.cc:1519]712971 MemCopySync:Memory copy sync failed, cnt=72, kind=1.
[ERROR] RUNTIME(712971,15):2026-01-15-10:29:04.370.539 [api_c.cc:1197]712971 rtMemcpy:ErrCode=107030, desc=[the current capture mode does not support this operation], InnerCode=0x703001c
[ERROR] RUNTIME(712971,15):2026-01-15-10:29:04.370.541 [error_message_manage.cc:53]712971 FuncErrorReason:report error module_type=3, module_name=EE8888
[ERROR] RUNTIME(712971,15):2026-01-15-10:29:04.370.544 [error_message_manage.cc:53]712971 FuncErrorReason:rtMemcpy execute failed, reason=[the current capture mode does not support this operation]
[ERROR] ASCENDCL(712971,15):2026-01-15-10:29:04.370.838 [memory.cpp:437]712971 aclrtMemcpyImpl: synchronized memcpy failed, kind = 1, runtime result = 107030
[ERROR] RUNTIME(712971,15):2026-01-15-10:29:04.444.394 [api_error.cc:1519]712971 MemCopySync:Memory copy sync failed, cnt=416, kind=1.
[ERROR] RUNTIME(712971,15):2026-01-15-10:29:04.444.402 [api_c.cc:1197]712971 rtMemcpy:ErrCode=107030, desc=[the current capture mode does not support this operation], InnerCode=0x703001c
[ERROR] RUNTIME(712971,15):2026-01-15-10:29:04.444.405 [error_message_manage.cc:53]712971 FuncErrorReason:report error module_type=3, module_name=EE8888
[ERROR] RUNTIME(712971,15):2026-01-15-10:29:04.444.408 [error_message_manage.cc:53]712971 FuncErrorReason:rtMemcpy execute failed, reason=[the current capture mode does not support this operation]
[ERROR] ASCENDCL(712971,15):2026-01-15-10:29:04.444.638 [memory.cpp:437]712971 aclrtMemcpyImpl: synchronized memcpy failed, kind = 1, runtime result = 107030
[ERROR] RUNTIME(712971,15):2026-01-15-10:29:04.514.720 [api_error.cc:1519]712971 MemCopySync:Memory copy sync failed, cnt=72, kind=1.
[ERROR] RUNTIME(712971,15):2026-01-15-10:29:04.514.727 [api_c.cc:1197]712971 rtMemcpy:ErrCode=107030, desc=[the current capture mode does not support this operation], InnerCode=0x703001c
[ERROR] RUNTIME(712971,15):2026-01-15-10:29:04.514.730 [error_message_manage.cc:53]712971 FuncErrorReason:report error module_type=3, module_name=EE8888
[ERROR] RUNTIME(712971,15):2026-01-15-10:29:04.514.732 [error_message_manage.cc:53]712971 FuncErrorReason:rtMemcpy execute failed, reason=[the current capture mode does not support this operation]
[ERROR] ASCENDCL(712971,15):2026-01-15-10:29:04.514.934 [memory.cpp:437]712971 aclrtMemcpyImpl: synchronized memcpy failed, kind = 1, runtime result = 107030
[ERROR] RUNTIME(712971,15):2026-01-15-10:29:04.582.164 [api_error.cc:1519]712971 MemCopySync:Memory copy sync failed, cnt=416, kind=1.
[ERROR] RUNTIME(712971,15):2026-01-15-10:29:04.582.173 [api_c.cc:1197]712971 rtMemcpy:ErrCode=107030, desc=[the current capture mode does not support this operation], InnerCode=0x703001c
[ERROR] RUNTIME(712971,15):2026-01-15-10:29:04.582.175 [error_message_manage.cc:53]712971 FuncErrorReason:report error module_type=3, module_name=EE8888
[ERROR] RUNTIME(712971,15):2026-01-15-10:29:04.582.178 [error_message_manage.cc:53]712971 FuncErrorReason:rtMemcpy execute failed, reason=[the current capture mode does not support this operation]
[ERROR] ASCENDCL(712971,15):2026-01-15-10:29:04.582.439 [memory.cpp:437]712971 aclrtMemcpyImpl: synchronized memcpy failed, kind = 1, runtime result = 107030
[ERROR] RUNTIME(712971,15):2026-01-15-10:29:04.652.394 [api_error.cc:1519]712971 MemCopySync:Memory copy sync failed, cnt=72, kind=1.
[ERROR] RUNTIME(712971,15):2026-01-15-10:29:04.652.402 [api_c.cc:1197]712971 rtMemcpy:ErrCode=107030, desc=[the current capture mode does not support this operation], InnerCode=0x703001c
[ERROR] RUNTIME(712971,15):2026-01-15-10:29:04.652.404 [error_message_manage.cc:53]712971 FuncErrorReason:report error module_type=3, module_name=EE8888
[ERROR] RUNTIME(712971,15):2026-01-15-10:29:04.652.407 [error_message_manage.cc:53]712971 FuncErrorReason:rtMemcpy execute failed, reason=[the current capture mode does not support this operation]
[ERROR] ASCENDCL(712971,15):2026-01-15-10:29:04.652.710 [memory.cpp:437]712971 aclrtMemcpyImpl: synchronized memcpy failed, kind = 1, runtime result = 107030
[ERROR] RUNTIME(712971,15):2026-01-15-10:29:04.732.318 [api_error.cc:1519]712971 MemCopySync:Memory copy sync failed, cnt=416, kind=1.
[ERROR] RUNTIME(712971,15):2026-01-15-10:29:04.732.326 [api_c.cc:1197]712971 rtMemcpy:ErrCode=107030, desc=[the current capture mode does not support this operation], InnerCode=0x703001c
[ERROR] RUNTIME(712971,15):2026-01-15-10:29:04.732.329 [error_message_manage.cc:53]712971 FuncErrorReason:report error module_type=3, module_name=EE8888
[ERROR] RUNTIME(712971,15):2026-01-15-10:29:04.732.331 [error_message_manage.cc:53]712971 FuncErrorReason:rtMemcpy execute failed, reason=[the current capture mode does not support this operation]
[ERROR] ASCENDCL(712971,15):2026-01-15-10:29:04.732.536 [memory.cpp:437]712971 aclrtMemcpyImpl: synchronized memcpy failed, kind = 1, runtime result = 107030
[ERROR] RUNTIME(712971,15):2026-01-15-10:29:04.811.454 [api_error.cc:1519]712971 MemCopySync:Memory copy sync failed, cnt=72, kind=1.
[ERROR] RUNTIME(712971,15):2026-01-15-10:29:04.811.462 [api_c.cc:1197]712971 rtMemcpy:ErrCode=107030, desc=[the current capture mode does not support this operation], InnerCode=0x703001c
[ERROR] RUNTIME(712971,15):2026-01-15-10:29:04.811.465 [error_message_manage.cc:53]712971 FuncErrorReason:report error module_type=3, module_name=EE8888
[ERROR] RUNTIME(712971,15):2026-01-15-10:29:04.811.468 [error_message_manage.cc:53]712971 FuncErrorReason:rtMemcpy execute failed, reason=[the current capture mode does not support this operation]
[ERROR] ASCENDCL(712971,15):2026-01-15-10:29:04.811.743 [memory.cpp:437]712971 aclrtMemcpyImpl: synchronized memcpy failed, kind = 1, runtime result = 107030
[ERROR] RUNTIME(712971,15):2026-01-15-10:29:04.885.421 [api_error.cc:1519]712971 MemCopySync:Memory copy sync failed, cnt=416, kind=1.
[ERROR] RUNTIME(712971,15):2026-01-15-10:29:04.885.429 [api_c.cc:1197]712971 rtMemcpy:ErrCode=107030, desc=[the current capture mode does not support this operation], InnerCode=0x703001c
[ERROR] RUNTIME(712971,15):2026-01-15-10:29:04.885.432 [error_message_manage.cc:53]712971 FuncErrorReason:report error module_type=3, module_name=EE8888
[ERROR] RUNTIME(712971,15):2026-01-15-10:29:04.885.435 [error_message_manage.cc:53]712971 FuncErrorReason:rtMemcpy execute failed, reason=[the current capture mode does not support this operation]
[ERROR] ASCENDCL(712971,15):2026-01-15-10:29:04.885.734 [memory.cpp:437]712971 aclrtMemcpyImpl: synchronized memcpy failed, kind = 1, runtime result = 107030
[ERROR] RUNTIME(712971,15):2026-01-15-10:29:04.952.775 [api_error.cc:1519]712971 MemCopySync:Memory copy sync failed, cnt=72, kind=1.
[ERROR] RUNTIME(712971,15):2026-01-15-10:29:04.952.782 [api_c.cc:1197]712971 rtMemcpy:ErrCode=107030, desc=[the current capture mode does not support this operation], InnerCode=0x703001c
[ERROR] RUNTIME(712971,15):2026-01-15-10:29:04.952.785 [error_message_manage.cc:53]712971 FuncErrorReason:report error module_type=3, module_name=EE8888
[ERROR] RUNTIME(712971,15):2026-01-15-10:29:04.952.788 [error_message_manage.cc:53]712971 FuncErrorReason:rtMemcpy execute failed, reason=[the current capture mode does not support this operation]
[ERROR] ASCENDCL(712971,15):2026-01-15-10:29:04.953.074 [memory.cpp:437]712971 aclrtMemcpyImpl: synchronized memcpy failed, kind = 1, runtime result = 107030
[ERROR] RUNTIME(712971,15):2026-01-15-10:29:05.025.107 [api_error.cc:1519]712971 MemCopySync:Memory copy sync failed, cnt=416, kind=1.
[ERROR] RUNTIME(712971,15):2026-01-15-10:29:05.025.115 [api_c.cc:1197]712971 rtMemcpy:ErrCode=107030, desc=[the current capture mode does not support this operation], InnerCode=0x703001c
[ERROR] RUNTIME(712971,15):2026-01-15-10:29:05.025.118 [error_message_manage.cc:53]712971 FuncErrorReason:report error module_type=3, module_name=EE8888
[ERROR] RUNTIME(712971,15):2026-01-15-10:29:05.025.120 [error_message_manage.cc:53]712971 FuncErrorReason:rtMemcpy execute failed, reason=[the current capture mode does not support this operation]
[ERROR] ASCENDCL(712971,15):2026-01-15-10:29:05.025.345 [memory.cpp:437]712971 aclrtMemcpyImpl: synchronized memcpy failed, kind = 1, runtime result = 107030
[ERROR] RUNTIME(712971,15):2026-01-15-10:29:05.097.082 [api_error.cc:1519]712971 MemCopySync:Memory copy sync failed, cnt=72, kind=1.
[ERROR] RUNTIME(712971,15):2026-01-15-10:29:05.097.089 [api_c.cc:1197]712971 rtMemcpy:ErrCode=107030, desc=[the current capture mode does not support this operation], InnerCode=0x703001c
[ERROR] RUNTIME(712971,15):2026-01-15-10:29:05.097.092 [error_message_manage.cc:53]712971 FuncErrorReason:report error module_type=3, module_name=EE8888
[ERROR] RUNTIME(712971,15):2026-01-15-10:29:05.097.095 [error_message_manage.cc:53]712971 FuncErrorReason:rtMemcpy execute failed, reason=[the current capture mode does not support this operation]
[ERROR] ASCENDCL(712971,15):2026-01-15-10:29:05.097.327 [memory.cpp:437]712971 aclrtMemcpyImpl: synchronized memcpy failed, kind = 1, runtime result = 107030
[ERROR] RUNTIME(712971,15):2026-01-15-10:29:05.170.048 [api_error.cc:1519]712971 MemCopySync:Memory copy sync failed, cnt=416, kind=1.
[ERROR] RUNTIME(712971,15):2026-01-15-10:29:05.170.056 [api_c.cc:1197]712971 rtMemcpy:ErrCode=107030, desc=[the current capture mode does not support this operation], InnerCode=0x703001c
[ERROR] RUNTIME(712971,15):2026-01-15-10:29:05.170.059 [error_message_manage.cc:53]712971 FuncErrorReason:report error module_type=3, module_name=EE8888
[ERROR] RUNTIME(712971,15):2026-01-15-10:29:05.170.062 [error_message_manage.cc:53]712971 FuncErrorReason:rtMemcpy execute failed, reason=[the current capture mode does not support this operation]
[ERROR] ASCENDCL(712971,15):2026-01-15-10:29:05.170.327 [memory.cpp:437]712971 aclrtMemcpyImpl: synchronized memcpy failed, kind = 1, runtime result = 107030
[ERROR] RUNTIME(712971,15):2026-01-15-10:29:05.236.729 [api_error.cc:1519]712971 MemCopySync:Memory copy sync failed, cnt=72, kind=1.
[ERROR] RUNTIME(712971,15):2026-01-15-10:29:05.236.736 [api_c.cc:1197]712971 rtMemcpy:ErrCode=107030, desc=[the current capture mode does not support this operation], InnerCode=0x703001c
[ERROR] RUNTIME(712971,15):2026-01-15-10:29:05.236.739 [error_message_manage.cc:53]712971 FuncErrorReason:report error module_type=3, module_name=EE8888
[ERROR] RUNTIME(712971,15):2026-01-15-10:29:05.236.742 [error_message_manage.cc:53]712971 FuncErrorReason:rtMemcpy execute failed, reason=[the current capture mode does not support this operation]
[ERROR] ASCENDCL(712971,15):2026-01-15-10:29:05.237.043 [memory.cpp:437]712971 aclrtMemcpyImpl: synchronized memcpy failed, kind = 1, runtime result = 107030
[ERROR] RUNTIME(712971,15):2026-01-15-10:29:05.309.812 [api_error.cc:1519]712971 MemCopySync:Memory copy sync failed, cnt=416, kind=1.
[ERROR] RUNTIME(712971,15):2026-01-15-10:29:05.309.820 [api_c.cc:1197]712971 rtMemcpy:ErrCode=107030, desc=[the current capture mode does not support this operation], InnerCode=0x703001c
[ERROR] RUNTIME(712971,15):2026-01-15-10:29:05.309.823 [error_message_manage.cc:53]712971 FuncErrorReason:report error module_type=3, module_name=EE8888
[ERROR] RUNTIME(712971,15):2026-01-15-10:29:05.309.825 [error_message_manage.cc:53]712971 FuncErrorReason:rtMemcpy execute failed, reason=[the current capture mode does not support this operation]
[ERROR] ASCENDCL(712971,15):2026-01-15-10:29:05.310.063 [memory.cpp:437]712971 aclrtMemcpyImpl: synchronized memcpy failed, kind = 1, runtime result = 107030
[ERROR] RUNTIME(712971,15):2026-01-15-10:29:05.376.967 [api_error.cc:1519]712971 MemCopySync:Memory copy sync failed, cnt=72, kind=1.
[ERROR] RUNTIME(712971,15):2026-01-15-10:29:05.376.975 [api_c.cc:1197]712971 rtMemcpy:ErrCode=107030, desc=[the current capture mode does not support this operation], InnerCode=0x703001c
[ERROR] RUNTIME(712971,15):2026-01-15-10:29:05.376.977 [error_message_manage.cc:53]712971 FuncErrorReason:report error module_type=3, module_name=EE8888
[ERROR] RUNTIME(712971,15):2026-01-15-10:29:05.376.980 [error_message_manage.cc:53]712971 FuncErrorReason:rtMemcpy execute failed, reason=[the current capture mode does not support this operation]
[ERROR] ASCENDCL(712971,15):2026-01-15-10:29:05.377.257 [memory.cpp:437]712971 aclrtMemcpyImpl: synchronized memcpy failed, kind = 1, runtime result = 107030
[ERROR] RUNTIME(712971,15):2026-01-15-10:29:05.447.377 [api_error.cc:1519]712971 MemCopySync:Memory copy sync failed, cnt=416, kind=1.
[ERROR] RUNTIME(712971,15):2026-01-15-10:29:05.447.385 [api_c.cc:1197]712971 rtMemcpy:ErrCode=107030, desc=[the current capture mode does not support this operation], InnerCode=0x703001c
[ERROR] RUNTIME(712971,15):2026-01-15-10:29:05.447.387 [error_message_manage.cc:53]712971 FuncErrorReason:report error module_type=3, module_name=EE8888
[ERROR] RUNTIME(712971,15):2026-01-15-10:29:05.447.390 [error_message_manage.cc:53]712971 FuncErrorReason:rtMemcpy execute failed, reason=[the current capture mode does not support this operation]
[ERROR] ASCENDCL(712971,15):2026-01-15-10:29:05.447.650 [memory.cpp:437]712971 aclrtMemcpyImpl: synchronized memcpy failed, kind = 1, runtime result = 107030
[ERROR] RUNTIME(712971,15):2026-01-15-10:29:05.517.099 [api_error.cc:1519]712971 MemCopySync:Memory copy sync failed, cnt=72, kind=1.
[ERROR] RUNTIME(712971,15):2026-01-15-10:29:05.517.107 [api_c.cc:1197]712971 rtMemcpy:ErrCode=107030, desc=[the current capture mode does not support this operation], InnerCode=0x703001c
[ERROR] RUNTIME(712971,15):2026-01-15-10:29:05.517.109 [error_message_manage.cc:53]712971 FuncErrorReason:report error module_type=3, module_name=EE8888
[ERROR] RUNTIME(712971,15):2026-01-15-10:29:05.517.112 [error_message_manage.cc:53]712971 FuncErrorReason:rtMemcpy execute failed, reason=[the current capture mode does not support this operation]
[ERROR] ASCENDCL(712971,15):2026-01-15-10:29:05.517.331 [memory.cpp:437]712971 aclrtMemcpyImpl: synchronized memcpy failed, kind = 1, runtime result = 107030
[ERROR] RUNTIME(712971,15):2026-01-15-10:29:05.592.042 [api_error.cc:1519]712971 MemCopySync:Memory copy sync failed, cnt=416, kind=1.
[ERROR] RUNTIME(712971,15):2026-01-15-10:29:05.592.050 [api_c.cc:1197]712971 rtMemcpy:ErrCode=107030, desc=[the current capture mode does not support this operation], InnerCode=0x703001c
[ERROR] RUNTIME(712971,15):2026-01-15-10:29:05.592.053 [error_message_manage.cc:53]712971 FuncErrorReason:report error module_type=3, module_name=EE8888
[ERROR] RUNTIME(712971,15):2026-01-15-10:29:05.592.056 [error_message_manage.cc:53]712971 FuncErrorReason:rtMemcpy execute failed, reason=[the current capture mode does not support this operation]
[ERROR] ASCENDCL(712971,15):2026-01-15-10:29:05.592.322 [memory.cpp:437]712971 aclrtMemcpyImpl: synchronized memcpy failed, kind = 1, runtime result = 107030
[ERROR] RUNTIME(712971,15):2026-01-15-10:29:05.661.562 [api_error.cc:1519]712971 MemCopySync:Memory copy sync failed, cnt=72, kind=1.
[ERROR] RUNTIME(712971,15):2026-01-15-10:29:05.661.569 [api_c.cc:1197]712971 rtMemcpy:ErrCode=107030, desc=[the current capture mode does not support this operation], InnerCode=0x703001c
[ERROR] RUNTIME(712971,15):2026-01-15-10:29:05.661.572 [error_message_manage.cc:53]712971 FuncErrorReason:report error module_type=3, module_name=EE8888
[ERROR] RUNTIME(712971,15):2026-01-15-10:29:05.661.574 [error_message_manage.cc:53]712971 FuncErrorReason:rtMemcpy execute failed, reason=[the current capture mode does not support this operation]
[ERROR] ASCENDCL(712971,15):2026-01-15-10:29:05.661.797 [memory.cpp:437]712971 aclrtMemcpyImpl: synchronized memcpy failed, kind = 1, runtime result = 107030
[ERROR] RUNTIME(712971,15):2026-01-15-10:29:05.732.607 [api_error.cc:1519]712971 MemCopySync:Memory copy sync failed, cnt=416, kind=1.
[ERROR] RUNTIME(712971,15):2026-01-15-10:29:05.732.615 [api_c.cc:1197]712971 rtMemcpy:ErrCode=107030, desc=[the current capture mode does not support this operation], InnerCode=0x703001c
[ERROR] RUNTIME(712971,15):2026-01-15-10:29:05.732.617 [error_message_manage.cc:53]712971 FuncErrorReason:report error module_type=3, module_name=EE8888
[ERROR] RUNTIME(712971,15):2026-01-15-10:29:05.732.620 [error_message_manage.cc:53]712971 FuncErrorReason:rtMemcpy execute failed, reason=[the current capture mode does not support this operation]
[ERROR] ASCENDCL(712971,15):2026-01-15-10:29:05.732.805 [memory.cpp:437]712971 aclrtMemcpyImpl: synchronized memcpy failed, kind = 1, runtime result = 107030
[ERROR] RUNTIME(712971,15):2026-01-15-10:29:05.798.522 [api_error.cc:1519]712971 MemCopySync:Memory copy sync failed, cnt=72, kind=1.
[ERROR] RUNTIME(712971,15):2026-01-15-10:29:05.798.530 [api_c.cc:1197]712971 rtMemcpy:ErrCode=107030, desc=[the current capture mode does not support this operation], InnerCode=0x703001c
[ERROR] RUNTIME(712971,15):2026-01-15-10:29:05.798.533 [error_message_manage.cc:53]712971 FuncErrorReason:report error module_type=3, module_name=EE8888
[ERROR] RUNTIME(712971,15):2026-01-15-10:29:05.798.535 [error_message_manage.cc:53]712971 FuncErrorReason:rtMemcpy execute failed, reason=[the current capture mode does not support this operation]
[ERROR] ASCENDCL(712971,15):2026-01-15-10:29:05.798.819 [memory.cpp:437]712971 aclrtMemcpyImpl: synchronized memcpy failed, kind = 1, runtime result = 107030
[ERROR] RUNTIME(712971,15):2026-01-15-10:29:05.864.600 [api_error.cc:1519]712971 MemCopySync:Memory copy sync failed, cnt=416, kind=1.
[ERROR] RUNTIME(712971,15):2026-01-15-10:29:05.864.608 [api_c.cc:1197]712971 rtMemcpy:ErrCode=107030, desc=[the current capture mode does not support this operation], InnerCode=0x703001c
[ERROR] RUNTIME(712971,15):2026-01-15-10:29:05.864.610 [error_message_manage.cc:53]712971 FuncErrorReason:report error module_type=3, module_name=EE8888
[ERROR] RUNTIME(712971,15):2026-01-15-10:29:05.864.613 [error_message_manage.cc:53]712971 FuncErrorReason:rtMemcpy execute failed, reason=[the current capture mode does not support this operation]
[ERROR] ASCENDCL(712971,15):2026-01-15-10:29:05.864.812 [memory.cpp:437]712971 aclrtMemcpyImpl: synchronized memcpy failed, kind = 1, runtime result = 107030
[ERROR] RUNTIME(712971,15):2026-01-15-10:29:05.930.054 [api_error.cc:1519]712971 MemCopySync:Memory copy sync failed, cnt=72, kind=1.
[ERROR] RUNTIME(712971,15):2026-01-15-10:29:05.930.061 [api_c.cc:1197]712971 rtMemcpy:ErrCode=107030, desc=[the current capture mode does not support this operation], InnerCode=0x703001c
[ERROR] RUNTIME(712971,15):2026-01-15-10:29:05.930.064 [error_message_manage.cc:53]712971 FuncErrorReason:report error module_type=3, module_name=EE8888
[ERROR] RUNTIME(712971,15):2026-01-15-10:29:05.930.066 [error_message_manage.cc:53]712971 FuncErrorReason:rtMemcpy execute failed, reason=[the current capture mode does not support this operation]
[ERROR] ASCENDCL(712971,15):2026-01-15-10:29:05.930.256 [memory.cpp:437]712971 aclrtMemcpyImpl: synchronized memcpy failed, kind = 1, runtime result = 107030
[ERROR] RUNTIME(712971,15):2026-01-15-10:29:05.999.096 [api_error.cc:1519]712971 MemCopySync:Memory copy sync failed, cnt=416, kind=1.
[ERROR] RUNTIME(712971,15):2026-01-15-10:29:05.999.105 [api_c.cc:1197]712971 rtMemcpy:ErrCode=107030, desc=[the current capture mode does not support this operation], InnerCode=0x703001c
[ERROR] RUNTIME(712971,15):2026-01-15-10:29:05.999.107 [error_message_manage.cc:53]712971 FuncErrorReason:report error module_type=3, module_name=EE8888
[ERROR] RUNTIME(712971,15):2026-01-15-10:29:05.999.110 [error_message_manage.cc:53]712971 FuncErrorReason:rtMemcpy execute failed, reason=[the current capture mode does not support this operation]
[ERROR] ASCENDCL(712971,15):2026-01-15-10:29:05.999.399 [memory.cpp:437]712971 aclrtMemcpyImpl: synchronized memcpy failed, kind = 1, runtime result = 107030
[ERROR] RUNTIME(712971,15):2026-01-15-10:29:06.076.519 [api_error.cc:1519]712971 MemCopySync:Memory copy sync failed, cnt=72, kind=1.
[ERROR] RUNTIME(712971,15):2026-01-15-10:29:06.076.526 [api_c.cc:1197]712971 rtMemcpy:ErrCode=107030, desc=[the current capture mode does not support this operation], InnerCode=0x703001c
[ERROR] RUNTIME(712971,15):2026-01-15-10:29:06.076.529 [error_message_manage.cc:53]712971 FuncErrorReason:report error module_type=3, module_name=EE8888
[ERROR] RUNTIME(712971,15):2026-01-15-10:29:06.076.531 [error_message_manage.cc:53]712971 FuncErrorReason:rtMemcpy execute failed, reason=[the current capture mode does not support this operation]
[ERROR] ASCENDCL(712971,15):2026-01-15-10:29:06.076.758 [memory.cpp:437]712971 aclrtMemcpyImpl: synchronized memcpy failed, kind = 1, runtime result = 107030
[ERROR] RUNTIME(712971,15):2026-01-15-10:29:06.140.290 [api_error.cc:1519]712971 MemCopySync:Memory copy sync failed, cnt=416, kind=1.
[ERROR] RUNTIME(712971,15):2026-01-15-10:29:06.140.299 [api_c.cc:1197]712971 rtMemcpy:ErrCode=107030, desc=[the current capture mode does not support this operation], InnerCode=0x703001c
[ERROR] RUNTIME(712971,15):2026-01-15-10:29:06.140.301 [error_message_manage.cc:53]712971 FuncErrorReason:report error module_type=3, module_name=EE8888
[ERROR] RUNTIME(712971,15):2026-01-15-10:29:06.140.304 [error_message_manage.cc:53]712971 FuncErrorReason:rtMemcpy execute failed, reason=[the current capture mode does not support this operation]
[ERROR] ASCENDCL(712971,15):2026-01-15-10:29:06.140.543 [memory.cpp:437]712971 aclrtMemcpyImpl: synchronized memcpy failed, kind = 1, runtime result = 107030
[ERROR] RUNTIME(712971,15):2026-01-15-10:29:06.208.039 [api_error.cc:1519]712971 MemCopySync:Memory copy sync failed, cnt=72, kind=1.
[ERROR] RUNTIME(712971,15):2026-01-15-10:29:06.208.047 [api_c.cc:1197]712971 rtMemcpy:ErrCode=107030, desc=[the current capture mode does not support this operation], InnerCode=0x703001c
[ERROR] RUNTIME(712971,15):2026-01-15-10:29:06.208.050 [error_message_manage.cc:53]712971 FuncErrorReason:report error module_type=3, module_name=EE8888
[ERROR] RUNTIME(712971,15):2026-01-15-10:29:06.208.053 [error_message_manage.cc:53]712971 FuncErrorReason:rtMemcpy execute failed, reason=[the current capture mode does not support this operation]
[ERROR] ASCENDCL(712971,15):2026-01-15-10:29:06.208.317 [memory.cpp:437]712971 aclrtMemcpyImpl: synchronized memcpy failed, kind = 1, runtime result = 107030
[ERROR] RUNTIME(712971,15):2026-01-15-10:29:06.279.887 [api_error.cc:1519]712971 MemCopySync:Memory copy sync failed, cnt=416, kind=1.
[ERROR] RUNTIME(712971,15):2026-01-15-10:29:06.279.895 [api_c.cc:1197]712971 rtMemcpy:ErrCode=107030, desc=[the current capture mode does not support this operation], InnerCode=0x703001c
[ERROR] RUNTIME(712971,15):2026-01-15-10:29:06.279.898 [error_message_manage.cc:53]712971 FuncErrorReason:report error module_type=3, module_name=EE8888
[ERROR] RUNTIME(712971,15):2026-01-15-10:29:06.279.901 [error_message_manage.cc:53]712971 FuncErrorReason:rtMemcpy execute failed, reason=[the current capture mode does not support this operation]
[ERROR] ASCENDCL(712971,15):2026-01-15-10:29:06.280.133 [memory.cpp:437]712971 aclrtMemcpyImpl: synchronized memcpy failed, kind = 1, runtime result = 107030
[ERROR] RUNTIME(712971,15):2026-01-15-10:29:06.342.508 [api_error.cc:1519]712971 MemCopySync:Memory copy sync failed, cnt=72, kind=1.
[ERROR] RUNTIME(712971,15):2026-01-15-10:29:06.342.516 [api_c.cc:1197]712971 rtMemcpy:ErrCode=107030, desc=[the current capture mode does not support this operation], InnerCode=0x703001c
[ERROR] RUNTIME(712971,15):2026-01-15-10:29:06.342.519 [error_message_manage.cc:53]712971 FuncErrorReason:report error module_type=3, module_name=EE8888
[ERROR] RUNTIME(712971,15):2026-01-15-10:29:06.342.521 [error_message_manage.cc:53]712971 FuncErrorReason:rtMemcpy execute failed, reason=[the current capture mode does not support this operation]
[ERROR] ASCENDCL(712971,15):2026-01-15-10:29:06.342.741 [memory.cpp:437]712971 aclrtMemcpyImpl: synchronized memcpy failed, kind = 1, runtime result = 107030
[ERROR] RUNTIME(712971,15):2026-01-15-10:29:06.417.824 [api_error.cc:1519]712971 MemCopySync:Memory copy sync failed, cnt=416, kind=1.
[ERROR] RUNTIME(712971,15):2026-01-15-10:29:06.417.832 [api_c.cc:1197]712971 rtMemcpy:ErrCode=107030, desc=[the current capture mode does not support this operation], InnerCode=0x703001c
[ERROR] RUNTIME(712971,15):2026-01-15-10:29:06.417.834 [error_message_manage.cc:53]712971 FuncErrorReason:report error module_type=3, module_name=EE8888
[ERROR] RUNTIME(712971,15):2026-01-15-10:29:06.417.837 [error_message_manage.cc:53]712971 FuncErrorReason:rtMemcpy execute failed, reason=[the current capture mode does not support this operation]
[ERROR] ASCENDCL(712971,15):2026-01-15-10:29:06.418.067 [memory.cpp:437]712971 aclrtMemcpyImpl: synchronized memcpy failed, kind = 1, runtime result = 107030
[ERROR] RUNTIME(712971,15):2026-01-15-10:29:06.496.940 [api_error.cc:1519]712971 MemCopySync:Memory copy sync failed, cnt=72, kind=1.
[ERROR] RUNTIME(712971,15):2026-01-15-10:29:06.496.947 [api_c.cc:1197]712971 rtMemcpy:ErrCode=107030, desc=[the current capture mode does not support this operation], InnerCode=0x703001c
[ERROR] RUNTIME(712971,15):2026-01-15-10:29:06.496.950 [error_message_manage.cc:53]712971 FuncErrorReason:report error module_type=3, module_name=EE8888
[ERROR] RUNTIME(712971,15):2026-01-15-10:29:06.496.953 [error_message_manage.cc:53]712971 FuncErrorReason:rtMemcpy execute failed, reason=[the current capture mode does not support this operation]
[ERROR] ASCENDCL(712971,15):2026-01-15-10:29:06.497.198 [memory.cpp:437]712971 aclrtMemcpyImpl: synchronized memcpy failed, kind = 1, runtime result = 107030
[ERROR] RUNTIME(712971,15):2026-01-15-10:29:06.579.420 [api_error.cc:1519]712971 MemCopySync:Memory copy sync failed, cnt=416, kind=1.
[ERROR] RUNTIME(712971,15):2026-01-15-10:29:06.579.429 [api_c.cc:1197]712971 rtMemcpy:ErrCode=107030, desc=[the current capture mode does not support this operation], InnerCode=0x703001c
[ERROR] RUNTIME(712971,15):2026-01-15-10:29:06.579.431 [error_message_manage.cc:53]712971 FuncErrorReason:report error module_type=3, module_name=EE8888
[ERROR] RUNTIME(712971,15):2026-01-15-10:29:06.579.434 [error_message_manage.cc:53]712971 FuncErrorReason:rtMemcpy execute failed, reason=[the current capture mode does not support this operation]
[ERROR] ASCENDCL(712971,15):2026-01-15-10:29:06.579.712 [memory.cpp:437]712971 aclrtMemcpyImpl: synchronized memcpy failed, kind = 1, runtime result = 107030
[ERROR] RUNTIME(712971,15):2026-01-15-10:29:06.658.009 [api_error.cc:1519]712971 MemCopySync:Memory copy sync failed, cnt=72, kind=1.
[ERROR] RUNTIME(712971,15):2026-01-15-10:29:06.658.017 [api_c.cc:1197]712971 rtMemcpy:ErrCode=107030, desc=[the current capture mode does not support this operation], InnerCode=0x703001c
[ERROR] RUNTIME(712971,15):2026-01-15-10:29:06.658.019 [error_message_manage.cc:53]712971 FuncErrorReason:report error module_type=3, module_name=EE8888
[ERROR] RUNTIME(712971,15):2026-01-15-10:29:06.658.022 [error_message_manage.cc:53]712971 FuncErrorReason:rtMemcpy execute failed, reason=[the current capture mode does not support this operation]
[ERROR] ASCENDCL(712971,15):2026-01-15-10:29:06.658.270 [memory.cpp:437]712971 aclrtMemcpyImpl: synchronized memcpy failed, kind = 1, runtime result = 107030
[ERROR] RUNTIME(712971,15):2026-01-15-10:29:06.739.713 [api_error.cc:1519]712971 MemCopySync:Memory copy sync failed, cnt=416, kind=1.
[ERROR] RUNTIME(712971,15):2026-01-15-10:29:06.739.721 [api_c.cc:1197]712971 rtMemcpy:ErrCode=107030, desc=[the current capture mode does not support this operation], InnerCode=0x703001c
[ERROR] RUNTIME(712971,15):2026-01-15-10:29:06.739.724 [error_message_manage.cc:53]712971 FuncErrorReason:report error module_type=3, module_name=EE8888
[ERROR] RUNTIME(712971,15):2026-01-15-10:29:06.739.726 [error_message_manage.cc:53]712971 FuncErrorReason:rtMemcpy execute failed, reason=[the current capture mode does not support this operation]
[ERROR] ASCENDCL(712971,15):2026-01-15-10:29:06.739.998 [memory.cpp:437]712971 aclrtMemcpyImpl: synchronized memcpy failed, kind = 1, runtime result = 107030
[ERROR] RUNTIME(712971,15):2026-01-15-10:29:06.813.529 [api_error.cc:1519]712971 MemCopySync:Memory copy sync failed, cnt=72, kind=1.
[ERROR] RUNTIME(712971,15):2026-01-15-10:29:06.813.538 [api_c.cc:1197]712971 rtMemcpy:ErrCode=107030, desc=[the current capture mode does not support this operation], InnerCode=0x703001c
[ERROR] RUNTIME(712971,15):2026-01-15-10:29:06.813.541 [error_message_manage.cc:53]712971 FuncErrorReason:report error module_type=3, module_name=EE8888
[ERROR] RUNTIME(712971,15):2026-01-15-10:29:06.813.543 [error_message_manage.cc:53]712971 FuncErrorReason:rtMemcpy execute failed, reason=[the current capture mode does not support this operation]
[ERROR] ASCENDCL(712971,15):2026-01-15-10:29:06.813.820 [memory.cpp:437]712971 aclrtMemcpyImpl: synchronized memcpy failed, kind = 1, runtime result = 107030
[ERROR] RUNTIME(712971,15):2026-01-15-10:29:06.884.681 [api_error.cc:1519]712971 MemCopySync:Memory copy sync failed, cnt=416, kind=1.
[ERROR] RUNTIME(712971,15):2026-01-15-10:29:06.884.690 [api_c.cc:1197]712971 rtMemcpy:ErrCode=107030, desc=[the current capture mode does not support this operation], InnerCode=0x703001c
[ERROR] RUNTIME(712971,15):2026-01-15-10:29:06.884.692 [error_message_manage.cc:53]712971 FuncErrorReason:report error module_type=3, module_name=EE8888
[ERROR] RUNTIME(712971,15):2026-01-15-10:29:06.884.695 [error_message_manage.cc:53]712971 FuncErrorReason:rtMemcpy execute failed, reason=[the current capture mode does not support this operation]
[ERROR] ASCENDCL(712971,15):2026-01-15-10:29:06.884.944 [memory.cpp:437]712971 aclrtMemcpyImpl: synchronized memcpy failed, kind = 1, runtime result = 107030
[ERROR] RUNTIME(712971,15):2026-01-15-10:29:06.953.936 [api_error.cc:1519]712971 MemCopySync:Memory copy sync failed, cnt=72, kind=1.
[ERROR] RUNTIME(712971,15):2026-01-15-10:29:06.953.944 [api_c.cc:1197]712971 rtMemcpy:ErrCode=107030, desc=[the current capture mode does not support this operation], InnerCode=0x703001c
[ERROR] RUNTIME(712971,15):2026-01-15-10:29:06.953.947 [error_message_manage.cc:53]712971 FuncErrorReason:report error module_type=3, module_name=EE8888
[ERROR] RUNTIME(712971,15):2026-01-15-10:29:06.953.950 [error_message_manage.cc:53]712971 FuncErrorReason:rtMemcpy execute failed, reason=[the current capture mode does not support this operation]
[ERROR] ASCENDCL(712971,15):2026-01-15-10:29:06.954.225 [memory.cpp:437]712971 aclrtMemcpyImpl: synchronized memcpy failed, kind = 1, runtime result = 107030
[ERROR] RUNTIME(712971,15):2026-01-15-10:29:07.026.498 [api_error.cc:1519]712971 MemCopySync:Memory copy sync failed, cnt=416, kind=1.
[ERROR] RUNTIME(712971,15):2026-01-15-10:29:07.026.506 [api_c.cc:1197]712971 rtMemcpy:ErrCode=107030, desc=[the current capture mode does not support this operation], InnerCode=0x703001c
[ERROR] RUNTIME(712971,15):2026-01-15-10:29:07.026.509 [error_message_manage.cc:53]712971 FuncErrorReason:report error module_type=3, module_name=EE8888
[ERROR] RUNTIME(712971,15):2026-01-15-10:29:07.026.511 [error_message_manage.cc:53]712971 FuncErrorReason:rtMemcpy execute failed, reason=[the current capture mode does not support this operation]
[ERROR] ASCENDCL(712971,15):2026-01-15-10:29:07.026.746 [memory.cpp:437]712971 aclrtMemcpyImpl: synchronized memcpy failed, kind = 1, runtime result = 107030
[ERROR] RUNTIME(712971,15):2026-01-15-10:29:07.098.193 [api_error.cc:1519]712971 MemCopySync:Memory copy sync failed, cnt=72, kind=1.
[ERROR] RUNTIME(712971,15):2026-01-15-10:29:07.098.200 [api_c.cc:1197]712971 rtMemcpy:ErrCode=107030, desc=[the current capture mode does not support this operation], InnerCode=0x703001c
[ERROR] RUNTIME(712971,15):2026-01-15-10:29:07.098.203 [error_message_manage.cc:53]712971 FuncErrorReason:report error module_type=3, module_name=EE8888
[ERROR] RUNTIME(712971,15):2026-01-15-10:29:07.098.205 [error_message_manage.cc:53]712971 FuncErrorReason:rtMemcpy execute failed, reason=[the current capture mode does not support this operation]
[ERROR] ASCENDCL(712971,15):2026-01-15-10:29:07.098.419 [memory.cpp:437]712971 aclrtMemcpyImpl: synchronized memcpy failed, kind = 1, runtime result = 107030
[ERROR] RUNTIME(712971,15):2026-01-15-10:29:07.165.568 [api_error.cc:1519]712971 MemCopySync:Memory copy sync failed, cnt=416, kind=1.
[ERROR] RUNTIME(712971,15):2026-01-15-10:29:07.165.577 [api_c.cc:1197]712971 rtMemcpy:ErrCode=107030, desc=[the current capture mode does not support this operation], InnerCode=0x703001c
[ERROR] RUNTIME(712971,15):2026-01-15-10:29:07.165.579 [error_message_manage.cc:53]712971 FuncErrorReason:report error module_type=3, module_name=EE8888
[ERROR] RUNTIME(712971,15):2026-01-15-10:29:07.165.582 [error_message_manage.cc:53]712971 FuncErrorReason:rtMemcpy execute failed, reason=[the current capture mode does not support this operation]
[ERROR] ASCENDCL(712971,15):2026-01-15-10:29:07.165.870 [memory.cpp:437]712971 aclrtMemcpyImpl: synchronized memcpy failed, kind = 1, runtime result = 107030
[ERROR] RUNTIME(712971,15):2026-01-15-10:29:07.231.324 [api_error.cc:1519]712971 MemCopySync:Memory copy sync failed, cnt=72, kind=1.
[ERROR] RUNTIME(712971,15):2026-01-15-10:29:07.231.331 [api_c.cc:1197]712971 rtMemcpy:ErrCode=107030, desc=[the current capture mode does not support this operation], InnerCode=0x703001c
[ERROR] RUNTIME(712971,15):2026-01-15-10:29:07.231.333 [error_message_manage.cc:53]712971 FuncErrorReason:report error module_type=3, module_name=EE8888
[ERROR] RUNTIME(712971,15):2026-01-15-10:29:07.231.336 [error_message_manage.cc:53]712971 FuncErrorReason:rtMemcpy execute failed, reason=[the current capture mode does not support this operation]
[ERROR] ASCENDCL(712971,15):2026-01-15-10:29:07.231.645 [memory.cpp:437]712971 aclrtMemcpyImpl: synchronized memcpy failed, kind = 1, runtime result = 107030
[ERROR] RUNTIME(712971,15):2026-01-15-10:29:07.294.778 [api_error.cc:1519]712971 MemCopySync:Memory copy sync failed, cnt=416, kind=1.
[ERROR] RUNTIME(712971,15):2026-01-15-10:29:07.294.786 [api_c.cc:1197]712971 rtMemcpy:ErrCode=107030, desc=[the current capture mode does not support this operation], InnerCode=0x703001c
[ERROR] RUNTIME(712971,15):2026-01-15-10:29:07.294.789 [error_message_manage.cc:53]712971 FuncErrorReason:report error module_type=3, module_name=EE8888
[ERROR] RUNTIME(712971,15):2026-01-15-10:29:07.294.791 [error_message_manage.cc:53]712971 FuncErrorReason:rtMemcpy execute failed, reason=[the current capture mode does not support this operation]
[ERROR] ASCENDCL(712971,15):2026-01-15-10:29:07.295.020 [memory.cpp:437]712971 aclrtMemcpyImpl: synchronized memcpy failed, kind = 1, runtime result = 107030
[ERROR] RUNTIME(712971,15):2026-01-15-10:29:07.366.456 [api_error.cc:1519]712971 MemCopySync:Memory copy sync failed, cnt=72, kind=1.
[ERROR] RUNTIME(712971,15):2026-01-15-10:29:07.366.464 [api_c.cc:1197]712971 rtMemcpy:ErrCode=107030, desc=[the current capture mode does not support this operation], InnerCode=0x703001c
[ERROR] RUNTIME(712971,15):2026-01-15-10:29:07.366.466 [error_message_manage.cc:53]712971 FuncErrorReason:report error module_type=3, module_name=EE8888
[ERROR] RUNTIME(712971,15):2026-01-15-10:29:07.366.469 [error_message_manage.cc:53]712971 FuncErrorReason:rtMemcpy execute failed, reason=[the current capture mode does not support this operation]
[ERROR] ASCENDCL(712971,15):2026-01-15-10:29:07.366.786 [memory.cpp:437]712971 aclrtMemcpyImpl: synchronized memcpy failed, kind = 1, runtime result = 107030
[ERROR] RUNTIME(712971,15):2026-01-15-10:29:07.444.228 [api_error.cc:1519]712971 MemCopySync:Memory copy sync failed, cnt=416, kind=1.
[ERROR] RUNTIME(712971,15):2026-01-15-10:29:07.444.236 [api_c.cc:1197]712971 rtMemcpy:ErrCode=107030, desc=[the current capture mode does not support this operation], InnerCode=0x703001c
[ERROR] RUNTIME(712971,15):2026-01-15-10:29:07.444.239 [error_message_manage.cc:53]712971 FuncErrorReason:report error module_type=3, module_name=EE8888
[ERROR] RUNTIME(712971,15):2026-01-15-10:29:07.444.241 [error_message_manage.cc:53]712971 FuncErrorReason:rtMemcpy execute failed, reason=[the current capture mode does not support this operation]
[ERROR] ASCENDCL(712971,15):2026-01-15-10:29:07.444.531 [memory.cpp:437]712971 aclrtMemcpyImpl: synchronized memcpy failed, kind = 1, runtime result = 107030
[ERROR] RUNTIME(712971,15):2026-01-15-10:29:07.521.510 [api_error.cc:1519]712971 MemCopySync:Memory copy sync failed, cnt=72, kind=1.
[ERROR] RUNTIME(712971,15):2026-01-15-10:29:07.521.517 [api_c.cc:1197]712971 rtMemcpy:ErrCode=107030, desc=[the current capture mode does not support this operation], InnerCode=0x703001c
[ERROR] RUNTIME(712971,15):2026-01-15-10:29:07.521.520 [error_message_manage.cc:53]712971 FuncErrorReason:report error module_type=3, module_name=EE8888
[ERROR] RUNTIME(712971,15):2026-01-15-10:29:07.521.522 [error_message_manage.cc:53]712971 FuncErrorReason:rtMemcpy execute failed, reason=[the current capture mode does not support this operation]
[ERROR] ASCENDCL(712971,15):2026-01-15-10:29:07.521.727 [memory.cpp:437]712971 aclrtMemcpyImpl: synchronized memcpy failed, kind = 1, runtime result = 107030
[ERROR] RUNTIME(712971,15):2026-01-15-10:29:07.600.014 [api_error.cc:1519]712971 MemCopySync:Memory copy sync failed, cnt=416, kind=1.
[ERROR] RUNTIME(712971,15):2026-01-15-10:29:07.600.022 [api_c.cc:1197]712971 rtMemcpy:ErrCode=107030, desc=[the current capture mode does not support this operation], InnerCode=0x703001c
[ERROR] RUNTIME(712971,15):2026-01-15-10:29:07.600.025 [error_message_manage.cc:53]712971 FuncErrorReason:report error module_type=3, module_name=EE8888
[ERROR] RUNTIME(712971,15):2026-01-15-10:29:07.600.028 [error_message_manage.cc:53]712971 FuncErrorReason:rtMemcpy execute failed, reason=[the current capture mode does not support this operation]
[ERROR] ASCENDCL(712971,15):2026-01-15-10:29:07.600.310 [memory.cpp:437]712971 aclrtMemcpyImpl: synchronized memcpy failed, kind = 1, runtime result = 107030
[ERROR] RUNTIME(712971,15):2026-01-15-10:29:07.674.334 [api_error.cc:1519]712971 MemCopySync:Memory copy sync failed, cnt=72, kind=1.
[ERROR] RUNTIME(712971,15):2026-01-15-10:29:07.674.341 [api_c.cc:1197]712971 rtMemcpy:ErrCode=107030, desc=[the current capture mode does not support this operation], InnerCode=0x703001c
[ERROR] RUNTIME(712971,15):2026-01-15-10:29:07.674.343 [error_message_manage.cc:53]712971 FuncErrorReason:report error module_type=3, module_name=EE8888
[ERROR] RUNTIME(712971,15):2026-01-15-10:29:07.674.346 [error_message_manage.cc:53]712971 FuncErrorReason:rtMemcpy execute failed, reason=[the current capture mode does not support this operation]
[ERROR] ASCENDCL(712971,15):2026-01-15-10:29:07.674.574 [memory.cpp:437]712971 aclrtMemcpyImpl: synchronized memcpy failed, kind = 1, runtime result = 107030
[ERROR] RUNTIME(712971,15):2026-01-15-10:29:07.756.165 [api_error.cc:1519]712971 MemCopySync:Memory copy sync failed, cnt=416, kind=1.
[ERROR] RUNTIME(712971,15):2026-01-15-10:29:07.756.174 [api_c.cc:1197]712971 rtMemcpy:ErrCode=107030, desc=[the current capture mode does not support this operation], InnerCode=0x703001c
[ERROR] RUNTIME(712971,15):2026-01-15-10:29:07.756.177 [error_message_manage.cc:53]712971 FuncErrorReason:report error module_type=3, module_name=EE8888
[ERROR] RUNTIME(712971,15):2026-01-15-10:29:07.756.180 [error_message_manage.cc:53]712971 FuncErrorReason:rtMemcpy execute failed, reason=[the current capture mode does not support this operation]
[ERROR] ASCENDCL(712971,15):2026-01-15-10:29:07.756.394 [memory.cpp:437]712971 aclrtMemcpyImpl: synchronized memcpy failed, kind = 1, runtime result = 107030
[ERROR] RUNTIME(712971,15):2026-01-15-10:29:07.823.896 [api_error.cc:1519]712971 MemCopySync:Memory copy sync failed, cnt=72, kind=1.
[ERROR] RUNTIME(712971,15):2026-01-15-10:29:07.823.903 [api_c.cc:1197]712971 rtMemcpy:ErrCode=107030, desc=[the current capture mode does not support this operation], InnerCode=0x703001c
[ERROR] RUNTIME(712971,15):2026-01-15-10:29:07.823.906 [error_message_manage.cc:53]712971 FuncErrorReason:report error module_type=3, module_name=EE8888
[ERROR] RUNTIME(712971,15):2026-01-15-10:29:07.823.909 [error_message_manage.cc:53]712971 FuncErrorReason:rtMemcpy execute failed, reason=[the current capture mode does not support this operation]
[ERROR] ASCENDCL(712971,15):2026-01-15-10:29:07.824.107 [memory.cpp:437]712971 aclrtMemcpyImpl: synchronized memcpy failed, kind = 1, runtime result = 107030
[ERROR] RUNTIME(712971,15):2026-01-15-10:29:07.890.521 [api_error.cc:1519]712971 MemCopySync:Memory copy sync failed, cnt=416, kind=1.
[ERROR] RUNTIME(712971,15):2026-01-15-10:29:07.890.529 [api_c.cc:1197]712971 rtMemcpy:ErrCode=107030, desc=[the current capture mode does not support this operation], InnerCode=0x703001c
[ERROR] RUNTIME(712971,15):2026-01-15-10:29:07.890.532 [error_message_manage.cc:53]712971 FuncErrorReason:report error module_type=3, module_name=EE8888
[ERROR] RUNTIME(712971,15):2026-01-15-10:29:07.890.535 [error_message_manage.cc:53]712971 FuncErrorReason:rtMemcpy execute failed, reason=[the current capture mode does not support this operation]
[ERROR] ASCENDCL(712971,15):2026-01-15-10:29:07.890.726 [memory.cpp:437]712971 aclrtMemcpyImpl: synchronized memcpy failed, kind = 1, runtime result = 107030
[ERROR] RUNTIME(712971,15):2026-01-15-10:29:07.942.247 [api_error.cc:1519]712971 MemCopySync:Memory copy sync failed, cnt=72, kind=1.
[ERROR] RUNTIME(712971,15):2026-01-15-10:29:07.942.255 [api_c.cc:1197]712971 rtMemcpy:ErrCode=107030, desc=[the current capture mode does not support this operation], InnerCode=0x703001c
[ERROR] RUNTIME(712971,15):2026-01-15-10:29:07.942.257 [error_message_manage.cc:53]712971 FuncErrorReason:report error module_type=3, module_name=EE8888
[ERROR] RUNTIME(712971,15):2026-01-15-10:29:07.942.260 [error_message_manage.cc:53]712971 FuncErrorReason:rtMemcpy execute failed, reason=[the current capture mode does not support this operation]
[ERROR] ASCENDCL(712971,15):2026-01-15-10:29:07.942.448 [memory.cpp:437]712971 aclrtMemcpyImpl: synchronized memcpy failed, kind = 1, runtime result = 107030
[ERROR] RUNTIME(712971,15):2026-01-15-10:29:08.000.689 [api_error.cc:1519]712971 MemCopySync:Memory copy sync failed, cnt=416, kind=1.
[ERROR] RUNTIME(712971,15):2026-01-15-10:29:08.000.698 [api_c.cc:1197]712971 rtMemcpy:ErrCode=107030, desc=[the current capture mode does not support this operation], InnerCode=0x703001c
[ERROR] RUNTIME(712971,15):2026-01-15-10:29:08.000.701 [error_message_manage.cc:53]712971 FuncErrorReason:report error module_type=3, module_name=EE8888
[ERROR] RUNTIME(712971,15):2026-01-15-10:29:08.000.704 [error_message_manage.cc:53]712971 FuncErrorReason:rtMemcpy execute failed, reason=[the current capture mode does not support this operation]
[ERROR] ASCENDCL(712971,15):2026-01-15-10:29:08.000.984 [memory.cpp:437]712971 aclrtMemcpyImpl: synchronized memcpy failed, kind = 1, runtime result = 107030
[ERROR] RUNTIME(712971,15):2026-01-15-10:29:08.065.338 [api_error.cc:1519]712971 MemCopySync:Memory copy sync failed, cnt=72, kind=1.
[ERROR] RUNTIME(712971,15):2026-01-15-10:29:08.065.346 [api_c.cc:1197]712971 rtMemcpy:ErrCode=107030, desc=[the current capture mode does not support this operation], InnerCode=0x703001c
[ERROR] RUNTIME(712971,15):2026-01-15-10:29:08.065.349 [error_message_manage.cc:53]712971 FuncErrorReason:report error module_type=3, module_name=EE8888
[ERROR] RUNTIME(712971,15):2026-01-15-10:29:08.065.351 [error_message_manage.cc:53]712971 FuncErrorReason:rtMemcpy execute failed, reason=[the current capture mode does not support this operation]
[ERROR] ASCENDCL(712971,15):2026-01-15-10:29:08.065.559 [memory.cpp:437]712971 aclrtMemcpyImpl: synchronized memcpy failed, kind = 1, runtime result = 107030
[ERROR] RUNTIME(712971,15):2026-01-15-10:29:08.145.300 [api_error.cc:1519]712971 MemCopySync:Memory copy sync failed, cnt=416, kind=1.
[ERROR] RUNTIME(712971,15):2026-01-15-10:29:08.145.308 [api_c.cc:1197]712971 rtMemcpy:ErrCode=107030, desc=[the current capture mode does not support this operation], InnerCode=0x703001c
[ERROR] RUNTIME(712971,15):2026-01-15-10:29:08.145.310 [error_message_manage.cc:53]712971 FuncErrorReason:report error module_type=3, module_name=EE8888
[ERROR] RUNTIME(712971,15):2026-01-15-10:29:08.145.313 [error_message_manage.cc:53]712971 FuncErrorReason:rtMemcpy execute failed, reason=[the current capture mode does not support this operation]
[ERROR] ASCENDCL(712971,15):2026-01-15-10:29:08.145.516 [memory.cpp:437]712971 aclrtMemcpyImpl: synchronized memcpy failed, kind = 1, runtime result = 107030
[ERROR] RUNTIME(712971,15):2026-01-15-10:29:08.223.779 [api_error.cc:1519]712971 MemCopySync:Memory copy sync failed, cnt=72, kind=1.
[ERROR] RUNTIME(712971,15):2026-01-15-10:29:08.223.786 [api_c.cc:1197]712971 rtMemcpy:ErrCode=107030, desc=[the current capture mode does not support this operation], InnerCode=0x703001c
[ERROR] RUNTIME(712971,15):2026-01-15-10:29:08.223.789 [error_message_manage.cc:53]712971 FuncErrorReason:report error module_type=3, module_name=EE8888
[ERROR] RUNTIME(712971,15):2026-01-15-10:29:08.223.792 [error_message_manage.cc:53]712971 FuncErrorReason:rtMemcpy execute failed, reason=[the current capture mode does not support this operation]
[ERROR] ASCENDCL(712971,15):2026-01-15-10:29:08.224.078 [memory.cpp:437]712971 aclrtMemcpyImpl: synchronized memcpy failed, kind = 1, runtime result = 107030
[ERROR] RUNTIME(712971,15):2026-01-15-10:29:08.305.088 [api_error.cc:1519]712971 MemCopySync:Memory copy sync failed, cnt=416, kind=1.
[ERROR] RUNTIME(712971,15):2026-01-15-10:29:08.305.096 [api_c.cc:1197]712971 rtMemcpy:ErrCode=107030, desc=[the current capture mode does not support this operation], InnerCode=0x703001c
[ERROR] RUNTIME(712971,15):2026-01-15-10:29:08.305.099 [error_message_manage.cc:53]712971 FuncErrorReason:report error module_type=3, module_name=EE8888
[ERROR] RUNTIME(712971,15):2026-01-15-10:29:08.305.102 [error_message_manage.cc:53]712971 FuncErrorReason:rtMemcpy execute failed, reason=[the current capture mode does not support this operation]
[ERROR] ASCENDCL(712971,15):2026-01-15-10:29:08.305.330 [memory.cpp:437]712971 aclrtMemcpyImpl: synchronized memcpy failed, kind = 1, runtime result = 107030
[ERROR] RUNTIME(712971,15):2026-01-15-10:29:08.382.461 [api_error.cc:1519]712971 MemCopySync:Memory copy sync failed, cnt=72, kind=1.
[ERROR] RUNTIME(712971,15):2026-01-15-10:29:08.382.470 [api_c.cc:1197]712971 rtMemcpy:ErrCode=107030, desc=[the current capture mode does not support this operation], InnerCode=0x703001c
[ERROR] RUNTIME(712971,15):2026-01-15-10:29:08.382.472 [error_message_manage.cc:53]712971 FuncErrorReason:report error module_type=3, module_name=EE8888
[ERROR] RUNTIME(712971,15):2026-01-15-10:29:08.382.475 [error_message_manage.cc:53]712971 FuncErrorReason:rtMemcpy execute failed, reason=[the current capture mode does not support this operation]
[ERROR] ASCENDCL(712971,15):2026-01-15-10:29:08.382.771 [memory.cpp:437]712971 aclrtMemcpyImpl: synchronized memcpy failed, kind = 1, runtime result = 107030
[ERROR] RUNTIME(712971,15):2026-01-15-10:29:08.467.714 [api_error.cc:1519]712971 MemCopySync:Memory copy sync failed, cnt=416, kind=1.
[ERROR] RUNTIME(712971,15):2026-01-15-10:29:08.467.723 [api_c.cc:1197]712971 rtMemcpy:ErrCode=107030, desc=[the current capture mode does not support this operation], InnerCode=0x703001c
[ERROR] RUNTIME(712971,15):2026-01-15-10:29:08.467.725 [error_message_manage.cc:53]712971 FuncErrorReason:report error module_type=3, module_name=EE8888
[ERROR] RUNTIME(712971,15):2026-01-15-10:29:08.467.728 [error_message_manage.cc:53]712971 FuncErrorReason:rtMemcpy execute failed, reason=[the current capture mode does not support this operation]
[ERROR] ASCENDCL(712971,15):2026-01-15-10:29:08.467.990 [memory.cpp:437]712971 aclrtMemcpyImpl: synchronized memcpy failed, kind = 1, runtime result = 107030
[ERROR] RUNTIME(712971,15):2026-01-15-10:29:08.544.986 [api_error.cc:1519]712971 MemCopySync:Memory copy sync failed, cnt=72, kind=1.
[ERROR] RUNTIME(712971,15):2026-01-15-10:29:08.544.994 [api_c.cc:1197]712971 rtMemcpy:ErrCode=107030, desc=[the current capture mode does not support this operation], InnerCode=0x703001c
[ERROR] RUNTIME(712971,15):2026-01-15-10:29:08.544.996 [error_message_manage.cc:53]712971 FuncErrorReason:report error module_type=3, module_name=EE8888
[ERROR] RUNTIME(712971,15):2026-01-15-10:29:08.544.999 [error_message_manage.cc:53]712971 FuncErrorReason:rtMemcpy execute failed, reason=[the current capture mode does not support this operation]
[ERROR] ASCENDCL(712971,15):2026-01-15-10:29:08.545.239 [memory.cpp:437]712971 aclrtMemcpyImpl: synchronized memcpy failed, kind = 1, runtime result = 107030
[ERROR] RUNTIME(712971,15):2026-01-15-10:29:08.624.735 [api_error.cc:1519]712971 MemCopySync:Memory copy sync failed, cnt=416, kind=1.
[ERROR] RUNTIME(712971,15):2026-01-15-10:29:08.624.743 [api_c.cc:1197]712971 rtMemcpy:ErrCode=107030, desc=[the current capture mode does not support this operation], InnerCode=0x703001c
[ERROR] RUNTIME(712971,15):2026-01-15-10:29:08.624.746 [error_message_manage.cc:53]712971 FuncErrorReason:report error module_type=3, module_name=EE8888
[ERROR] RUNTIME(712971,15):2026-01-15-10:29:08.624.749 [error_message_manage.cc:53]712971 FuncErrorReason:rtMemcpy execute failed, reason=[the current capture mode does not support this operation]
[ERROR] ASCENDCL(712971,15):2026-01-15-10:29:08.625.027 [memory.cpp:437]712971 aclrtMemcpyImpl: synchronized memcpy failed, kind = 1, runtime result = 107030
[ERROR] RUNTIME(712971,15):2026-01-15-10:29:08.703.249 [api_error.cc:1519]712971 MemCopySync:Memory copy sync failed, cnt=72, kind=1.
[ERROR] RUNTIME(712971,15):2026-01-15-10:29:08.703.256 [api_c.cc:1197]712971 rtMemcpy:ErrCode=107030, desc=[the current capture mode does not support this operation], InnerCode=0x703001c
[ERROR] RUNTIME(712971,15):2026-01-15-10:29:08.703.259 [error_message_manage.cc:53]712971 FuncErrorReason:report error module_type=3, module_name=EE8888
[ERROR] RUNTIME(712971,15):2026-01-15-10:29:08.703.261 [error_message_manage.cc:53]712971 FuncErrorReason:rtMemcpy execute failed, reason=[the current capture mode does not support this operation]
[ERROR] ASCENDCL(712971,15):2026-01-15-10:29:08.703.522 [memory.cpp:437]712971 aclrtMemcpyImpl: synchronized memcpy failed, kind = 1, runtime result = 107030
[ERROR] RUNTIME(712971,15):2026-01-15-10:29:08.849.895 [api_c_stream.cc:412]712971 rtsStreamSetAttribute:report error module_name=EE1001
[ERROR] RUNTIME(712971,15):2026-01-15-10:29:08.849.901 [api_c_stream.cc:412]712971 rtsStreamSetAttribute:Invalid stream attribute ID: 4, Supported stream attribute IDs: [1, 4).
[ERROR] RUNTIME(712971,15):2026-01-15-10:29:08.849.934 [api_c_stream.cc:416]712971 rtsStreamSetAttribute:ErrCode=107000, desc=[invalid value], InnerCode=0x7110001
[ERROR] RUNTIME(712971,15):2026-01-15-10:29:08.849.936 [error_message_manage.cc:48]712971 FuncErrorReason:report error module_name=EE1001
[ERROR] RUNTIME(712971,15):2026-01-15-10:29:08.849.939 [error_message_manage.cc:48]712971 FuncErrorReason:rtsStreamSetAttribute execute failed, reason=[invalid value]
[ERROR] ASCENDCL(712971,15):2026-01-15-10:29:08.850.216 [stream.cpp:299]712971 aclrtSetStreamAttributeImpl: call rtsStreamSetAttribute failed, runtime result = 107000
[ERROR] RUNTIME(712971,15):2026-01-15-10:29:09.246.897 [api_c_stream.cc:412]712971 rtsStreamSetAttribute:report error module_name=EE1001
[ERROR] RUNTIME(712971,15):2026-01-15-10:29:09.246.905 [api_c_stream.cc:412]712971 rtsStreamSetAttribute:Invalid stream attribute ID: 4, Supported stream attribute IDs: [1, 4).
[ERROR] RUNTIME(712971,15):2026-01-15-10:29:09.246.938 [api_c_stream.cc:416]712971 rtsStreamSetAttribute:ErrCode=107000, desc=[invalid value], InnerCode=0x7110001
[ERROR] RUNTIME(712971,15):2026-01-15-10:29:09.246.940 [error_message_manage.cc:48]712971 FuncErrorReason:report error module_name=EE1001
[ERROR] RUNTIME(712971,15):2026-01-15-10:29:09.246.943 [error_message_manage.cc:48]712971 FuncErrorReason:rtsStreamSetAttribute execute failed, reason=[invalid value]
[ERROR] ASCENDCL(712971,15):2026-01-15-10:29:09.247.147 [stream.cpp:299]712971 aclrtSetStreamAttributeImpl: call rtsStreamSetAttribute failed, runtime result = 107000
[ERROR] RUNTIME(712971,15):2026-01-15-10:29:09.693.181 [api_error.cc:1519]712971 MemCopySync:Memory copy sync failed, cnt=416, kind=1.
[ERROR] RUNTIME(712971,15):2026-01-15-10:29:09.693.194 [api_c.cc:1197]712971 rtMemcpy:ErrCode=107030, desc=[the current capture mode does not support this operation], InnerCode=0x703001c
[ERROR] RUNTIME(712971,15):2026-01-15-10:29:09.693.197 [error_message_manage.cc:53]712971 FuncErrorReason:report error module_type=3, module_name=EE8888
[ERROR] RUNTIME(712971,15):2026-01-15-10:29:09.693.201 [error_message_manage.cc:53]712971 FuncErrorReason:rtMemcpy execute failed, reason=[the current capture mode does not support this operation]
[ERROR] ASCENDCL(712971,15):2026-01-15-10:29:09.693.704 [memory.cpp:437]712971 aclrtMemcpyImpl: synchronized memcpy failed, kind = 1, runtime result = 107030
[ERROR] RUNTIME(712971,15):2026-01-15-10:29:09.694.794 [api_error.cc:1519]712971 MemCopySync:Memory copy sync failed, cnt=72, kind=1.
[ERROR] RUNTIME(712971,15):2026-01-15-10:29:09.694.802 [api_c.cc:1197]712971 rtMemcpy:ErrCode=107030, desc=[the current capture mode does not support this operation], InnerCode=0x703001c
[ERROR] RUNTIME(712971,15):2026-01-15-10:29:09.694.805 [error_message_manage.cc:53]712971 FuncErrorReason:report error module_type=3, module_name=EE8888
[ERROR] RUNTIME(712971,15):2026-01-15-10:29:09.694.808 [error_message_manage.cc:53]712971 FuncErrorReason:rtMemcpy execute failed, reason=[the current capture mode does not support this operation]
[ERROR] ASCENDCL(712971,15):2026-01-15-10:29:09.694.985 [memory.cpp:437]712971 aclrtMemcpyImpl: synchronized memcpy failed, kind = 1, runtime result = 107030
[ERROR] RUNTIME(712971,15):2026-01-15-10:29:10.461.088 [api_error.cc:1519]712971 MemCopySync:Memory copy sync failed, cnt=416, kind=1.
[ERROR] RUNTIME(712971,15):2026-01-15-10:29:10.461.099 [api_c.cc:1197]712971 rtMemcpy:ErrCode=107030, desc=[the current capture mode does not support this operation], InnerCode=0x703001c
[ERROR] RUNTIME(712971,15):2026-01-15-10:29:10.461.103 [error_message_manage.cc:53]712971 FuncErrorReason:report error module_type=3, module_name=EE8888
[ERROR] RUNTIME(712971,15):2026-01-15-10:29:10.461.106 [error_message_manage.cc:53]712971 FuncErrorReason:rtMemcpy execute failed, reason=[the current capture mode does not support this operation]
[ERROR] ASCENDCL(712971,15):2026-01-15-10:29:10.461.452 [memory.cpp:437]712971 aclrtMemcpyImpl: synchronized memcpy failed, kind = 1, runtime result = 107030
[ERROR] RUNTIME(712971,15):2026-01-15-10:29:11.227.930 [api_error.cc:1519]712971 MemCopySync:Memory copy sync failed, cnt=72, kind=1.
[ERROR] RUNTIME(712971,15):2026-01-15-10:29:11.227.940 [api_c.cc:1197]712971 rtMemcpy:ErrCode=107030, desc=[the current capture mode does not support this operation], InnerCode=0x703001c
[ERROR] RUNTIME(712971,15):2026-01-15-10:29:11.227.944 [error_message_manage.cc:53]712971 FuncErrorReason:report error module_type=3, module_name=EE8888
[ERROR] RUNTIME(712971,15):2026-01-15-10:29:11.227.947 [error_message_manage.cc:53]712971 FuncErrorReason:rtMemcpy execute failed, reason=[the current capture mode does not support this operation]
[ERROR] ASCENDCL(712971,15):2026-01-15-10:29:11.228.263 [memory.cpp:437]712971 aclrtMemcpyImpl: synchronized memcpy failed, kind = 1, runtime result = 107030
[ERROR] RUNTIME(712971,15):2026-01-15-10:29:11.970.601 [api_error.cc:1519]712971 MemCopySync:Memory copy sync failed, cnt=416, kind=1.
[ERROR] RUNTIME(712971,15):2026-01-15-10:29:11.970.612 [api_c.cc:1197]712971 rtMemcpy:ErrCode=107030, desc=[the current capture mode does not support this operation], InnerCode=0x703001c
[ERROR] RUNTIME(712971,15):2026-01-15-10:29:11.970.616 [error_message_manage.cc:53]712971 FuncErrorReason:report error module_type=3, module_name=EE8888
[ERROR] RUNTIME(712971,15):2026-01-15-10:29:11.970.620 [error_message_manage.cc:53]712971 FuncErrorReason:rtMemcpy execute failed, reason=[the current capture mode does not support this operation]
[ERROR] ASCENDCL(712971,15):2026-01-15-10:29:11.970.944 [memory.cpp:437]712971 aclrtMemcpyImpl: synchronized memcpy failed, kind = 1, runtime result = 107030
[ERROR] RUNTIME(712971,15):2026-01-15-10:29:12.747.625 [api_error.cc:1519]712971 MemCopySync:Memory copy sync failed, cnt=72, kind=1.
[ERROR] RUNTIME(712971,15):2026-01-15-10:29:12.747.635 [api_c.cc:1197]712971 rtMemcpy:ErrCode=107030, desc=[the current capture mode does not support this operation], InnerCode=0x703001c
[ERROR] RUNTIME(712971,15):2026-01-15-10:29:12.747.638 [error_message_manage.cc:53]712971 FuncErrorReason:report error module_type=3, module_name=EE8888
[ERROR] RUNTIME(712971,15):2026-01-15-10:29:12.747.642 [error_message_manage.cc:53]712971 FuncErrorReason:rtMemcpy execute failed, reason=[the current capture mode does not support this operation]
[ERROR] ASCENDCL(712971,15):2026-01-15-10:29:12.747.959 [memory.cpp:437]712971 aclrtMemcpyImpl: synchronized memcpy failed, kind = 1, runtime result = 107030
[ERROR] RUNTIME(712971,15):2026-01-15-10:29:13.488.097 [api_error.cc:1519]712971 MemCopySync:Memory copy sync failed, cnt=416, kind=1.
[ERROR] RUNTIME(712971,15):2026-01-15-10:29:13.488.107 [api_c.cc:1197]712971 rtMemcpy:ErrCode=107030, desc=[the current capture mode does not support this operation], InnerCode=0x703001c
[ERROR] RUNTIME(712971,15):2026-01-15-10:29:13.488.110 [error_message_manage.cc:53]712971 FuncErrorReason:report error module_type=3, module_name=EE8888
[ERROR] RUNTIME(712971,15):2026-01-15-10:29:13.488.113 [error_message_manage.cc:53]712971 FuncErrorReason:rtMemcpy execute failed, reason=[the current capture mode does not support this operation]
[ERROR] ASCENDCL(712971,15):2026-01-15-10:29:13.488.463 [memory.cpp:437]712971 aclrtMemcpyImpl: synchronized memcpy failed, kind = 1, runtime result = 107030
[ERROR] RUNTIME(712971,15):2026-01-15-10:29:14.246.945 [api_error.cc:1519]712971 MemCopySync:Memory copy sync failed, cnt=72, kind=1.
[ERROR] RUNTIME(712971,15):2026-01-15-10:29:14.246.956 [api_c.cc:1197]712971 rtMemcpy:ErrCode=107030, desc=[the current capture mode does not support this operation], InnerCode=0x703001c
[ERROR] RUNTIME(712971,15):2026-01-15-10:29:14.246.959 [error_message_manage.cc:53]712971 FuncErrorReason:report error module_type=3, module_name=EE8888
[ERROR] RUNTIME(712971,15):2026-01-15-10:29:14.246.962 [error_message_manage.cc:53]712971 FuncErrorReason:rtMemcpy execute failed, reason=[the current capture mode does not support this operation]
[ERROR] ASCENDCL(712971,15):2026-01-15-10:29:14.247.298 [memory.cpp:437]712971 aclrtMemcpyImpl: synchronized memcpy failed, kind = 1, runtime result = 107030
[ERROR] RUNTIME(712971,15):2026-01-15-10:29:14.330.865 [api_error.cc:1519]712971 MemCopySync:Memory copy sync failed, cnt=416, kind=1.
[ERROR] RUNTIME(712971,15):2026-01-15-10:29:14.330.874 [api_c.cc:1197]712971 rtMemcpy:ErrCode=107030, desc=[the current capture mode does not support this operation], InnerCode=0x703001c
[ERROR] RUNTIME(712971,15):2026-01-15-10:29:14.330.877 [error_message_manage.cc:53]712971 FuncErrorReason:report error module_type=3, module_name=EE8888
[ERROR] RUNTIME(712971,15):2026-01-15-10:29:14.330.880 [error_message_manage.cc:53]712971 FuncErrorReason:rtMemcpy execute failed, reason=[the current capture mode does not support this operation]
[ERROR] ASCENDCL(712971,15):2026-01-15-10:29:14.331.098 [memory.cpp:437]712971 aclrtMemcpyImpl: synchronized memcpy failed, kind = 1, runtime result = 107030
[ERROR] RUNTIME(712971,15):2026-01-15-10:29:14.408.219 [api_error.cc:1519]712971 MemCopySync:Memory copy sync failed, cnt=72, kind=1.
[ERROR] RUNTIME(712971,15):2026-01-15-10:29:14.408.228 [api_c.cc:1197]712971 rtMemcpy:ErrCode=107030, desc=[the current capture mode does not support this operation], InnerCode=0x703001c
[ERROR] RUNTIME(712971,15):2026-01-15-10:29:14.408.231 [error_message_manage.cc:53]712971 FuncErrorReason:report error module_type=3, module_name=EE8888
[ERROR] RUNTIME(712971,15):2026-01-15-10:29:14.408.234 [error_message_manage.cc:53]712971 FuncErrorReason:rtMemcpy execute failed, reason=[the current capture mode does not support this operation]
[ERROR] ASCENDCL(712971,15):2026-01-15-10:29:14.408.526 [memory.cpp:437]712971 aclrtMemcpyImpl: synchronized memcpy failed, kind = 1, runtime result = 107030
[ERROR] RUNTIME(712971,15):2026-01-15-10:29:14.490.798 [api_error.cc:1519]712971 MemCopySync:Memory copy sync failed, cnt=416, kind=1.
[ERROR] RUNTIME(712971,15):2026-01-15-10:29:14.490.806 [api_c.cc:1197]712971 rtMemcpy:ErrCode=107030, desc=[the current capture mode does not support this operation], InnerCode=0x703001c
[ERROR] RUNTIME(712971,15):2026-01-15-10:29:14.490.809 [error_message_manage.cc:53]712971 FuncErrorReason:report error module_type=3, module_name=EE8888
[ERROR] RUNTIME(712971,15):2026-01-15-10:29:14.490.812 [error_message_manage.cc:53]712971 FuncErrorReason:rtMemcpy execute failed, reason=[the current capture mode does not support this operation]
[ERROR] ASCENDCL(712971,15):2026-01-15-10:29:14.491.075 [memory.cpp:437]712971 aclrtMemcpyImpl: synchronized memcpy failed, kind = 1, runtime result = 107030
[ERROR] RUNTIME(712971,15):2026-01-15-10:29:14.574.159 [api_error.cc:1519]712971 MemCopySync:Memory copy sync failed, cnt=72, kind=1.
[ERROR] RUNTIME(712971,15):2026-01-15-10:29:14.574.167 [api_c.cc:1197]712971 rtMemcpy:ErrCode=107030, desc=[the current capture mode does not support this operation], InnerCode=0x703001c
[ERROR] RUNTIME(712971,15):2026-01-15-10:29:14.574.170 [error_message_manage.cc:53]712971 FuncErrorReason:report error module_type=3, module_name=EE8888
[ERROR] RUNTIME(712971,15):2026-01-15-10:29:14.574.173 [error_message_manage.cc:53]712971 FuncErrorReason:rtMemcpy execute failed, reason=[the current capture mode does not support this operation]
[ERROR] ASCENDCL(712971,15):2026-01-15-10:29:14.574.407 [memory.cpp:437]712971 aclrtMemcpyImpl: synchronized memcpy failed, kind = 1, runtime result = 107030
[ERROR] RUNTIME(712971,15):2026-01-15-10:29:14.655.933 [api_error.cc:1519]712971 MemCopySync:Memory copy sync failed, cnt=416, kind=1.
[ERROR] RUNTIME(712971,15):2026-01-15-10:29:14.655.941 [api_c.cc:1197]712971 rtMemcpy:ErrCode=107030, desc=[the current capture mode does not support this operation], InnerCode=0x703001c
[ERROR] RUNTIME(712971,15):2026-01-15-10:29:14.655.943 [error_message_manage.cc:53]712971 FuncErrorReason:report error module_type=3, module_name=EE8888
[ERROR] RUNTIME(712971,15):2026-01-15-10:29:14.655.946 [error_message_manage.cc:53]712971 FuncErrorReason:rtMemcpy execute failed, reason=[the current capture mode does not support this operation]
[ERROR] ASCENDCL(712971,15):2026-01-15-10:29:14.656.195 [memory.cpp:437]712971 aclrtMemcpyImpl: synchronized memcpy failed, kind = 1, runtime result = 107030
[ERROR] RUNTIME(712971,15):2026-01-15-10:29:14.742.734 [api_error.cc:1519]712971 MemCopySync:Memory copy sync failed, cnt=72, kind=1.
[ERROR] RUNTIME(712971,15):2026-01-15-10:29:14.742.741 [api_c.cc:1197]712971 rtMemcpy:ErrCode=107030, desc=[the current capture mode does not support this operation], InnerCode=0x703001c
[ERROR] RUNTIME(712971,15):2026-01-15-10:29:14.742.744 [error_message_manage.cc:53]712971 FuncErrorReason:report error module_type=3, module_name=EE8888
[ERROR] RUNTIME(712971,15):2026-01-15-10:29:14.742.746 [error_message_manage.cc:53]712971 FuncErrorReason:rtMemcpy execute failed, reason=[the current capture mode does not support this operation]
[ERROR] ASCENDCL(712971,15):2026-01-15-10:29:14.742.949 [memory.cpp:437]712971 aclrtMemcpyImpl: synchronized memcpy failed, kind = 1, runtime result = 107030
[ERROR] RUNTIME(712971,15):2026-01-15-10:29:14.824.071 [api_error.cc:1519]712971 MemCopySync:Memory copy sync failed, cnt=416, kind=1.
[ERROR] RUNTIME(712971,15):2026-01-15-10:29:14.824.080 [api_c.cc:1197]712971 rtMemcpy:ErrCode=107030, desc=[the current capture mode does not support this operation], InnerCode=0x703001c
[ERROR] RUNTIME(712971,15):2026-01-15-10:29:14.824.083 [error_message_manage.cc:53]712971 FuncErrorReason:report error module_type=3, module_name=EE8888
[ERROR] RUNTIME(712971,15):2026-01-15-10:29:14.824.086 [error_message_manage.cc:53]712971 FuncErrorReason:rtMemcpy execute failed, reason=[the current capture mode does not support this operation]
[ERROR] ASCENDCL(712971,15):2026-01-15-10:29:14.824.354 [memory.cpp:437]712971 aclrtMemcpyImpl: synchronized memcpy failed, kind = 1, runtime result = 107030
[ERROR] RUNTIME(712971,15):2026-01-15-10:29:14.907.108 [api_error.cc:1519]712971 MemCopySync:Memory copy sync failed, cnt=72, kind=1.
[ERROR] RUNTIME(712971,15):2026-01-15-10:29:14.907.115 [api_c.cc:1197]712971 rtMemcpy:ErrCode=107030, desc=[the current capture mode does not support this operation], InnerCode=0x703001c
[ERROR] RUNTIME(712971,15):2026-01-15-10:29:14.907.118 [error_message_manage.cc:53]712971 FuncErrorReason:report error module_type=3, module_name=EE8888
[ERROR] RUNTIME(712971,15):2026-01-15-10:29:14.907.120 [error_message_manage.cc:53]712971 FuncErrorReason:rtMemcpy execute failed, reason=[the current capture mode does not support this operation]
[ERROR] ASCENDCL(712971,15):2026-01-15-10:29:14.907.320 [memory.cpp:437]712971 aclrtMemcpyImpl: synchronized memcpy failed, kind = 1, runtime result = 107030
[ERROR] RUNTIME(712971,15):2026-01-15-10:29:14.998.504 [api_error.cc:1519]712971 MemCopySync:Memory copy sync failed, cnt=416, kind=1.
[ERROR] RUNTIME(712971,15):2026-01-15-10:29:14.998.512 [api_c.cc:1197]712971 rtMemcpy:ErrCode=107030, desc=[the current capture mode does not support this operation], InnerCode=0x703001c
[ERROR] RUNTIME(712971,15):2026-01-15-10:29:14.998.515 [error_message_manage.cc:53]712971 FuncErrorReason:report error module_type=3, module_name=EE8888
[ERROR] RUNTIME(712971,15):2026-01-15-10:29:14.998.518 [error_message_manage.cc:53]712971 FuncErrorReason:rtMemcpy execute failed, reason=[the current capture mode does not support this operation]
[ERROR] ASCENDCL(712971,15):2026-01-15-10:29:14.998.813 [memory.cpp:437]712971 aclrtMemcpyImpl: synchronized memcpy failed, kind = 1, runtime result = 107030
[ERROR] RUNTIME(712971,15):2026-01-15-10:29:15.085.871 [api_error.cc:1519]712971 MemCopySync:Memory copy sync failed, cnt=72, kind=1.
[ERROR] RUNTIME(712971,15):2026-01-15-10:29:15.085.878 [api_c.cc:1197]712971 rtMemcpy:ErrCode=107030, desc=[the current capture mode does not support this operation], InnerCode=0x703001c
[ERROR] RUNTIME(712971,15):2026-01-15-10:29:15.085.881 [error_message_manage.cc:53]712971 FuncErrorReason:report error module_type=3, module_name=EE8888
[ERROR] RUNTIME(712971,15):2026-01-15-10:29:15.085.883 [error_message_manage.cc:53]712971 FuncErrorReason:rtMemcpy execute failed, reason=[the current capture mode does not support this operation]
[ERROR] ASCENDCL(712971,15):2026-01-15-10:29:15.086.126 [memory.cpp:437]712971 aclrtMemcpyImpl: synchronized memcpy failed, kind = 1, runtime result = 107030
[ERROR] RUNTIME(712971,15):2026-01-15-10:29:15.174.346 [api_error.cc:1519]712971 MemCopySync:Memory copy sync failed, cnt=416, kind=1.
[ERROR] RUNTIME(712971,15):2026-01-15-10:29:15.174.354 [api_c.cc:1197]712971 rtMemcpy:ErrCode=107030, desc=[the current capture mode does not support this operation], InnerCode=0x703001c
[ERROR] RUNTIME(712971,15):2026-01-15-10:29:15.174.357 [error_message_manage.cc:53]712971 FuncErrorReason:report error module_type=3, module_name=EE8888
[ERROR] RUNTIME(712971,15):2026-01-15-10:29:15.174.360 [error_message_manage.cc:53]712971 FuncErrorReason:rtMemcpy execute failed, reason=[the current capture mode does not support this operation]
[ERROR] ASCENDCL(712971,15):2026-01-15-10:29:15.174.578 [memory.cpp:437]712971 aclrtMemcpyImpl: synchronized memcpy failed, kind = 1, runtime result = 107030
[ERROR] RUNTIME(712971,15):2026-01-15-10:29:15.257.397 [api_error.cc:1519]712971 MemCopySync:Memory copy sync failed, cnt=72, kind=1.
[ERROR] RUNTIME(712971,15):2026-01-15-10:29:15.257.404 [api_c.cc:1197]712971 rtMemcpy:ErrCode=107030, desc=[the current capture mode does not support this operation], InnerCode=0x703001c
[ERROR] RUNTIME(712971,15):2026-01-15-10:29:15.257.407 [error_message_manage.cc:53]712971 FuncErrorReason:report error module_type=3, module_name=EE8888
[ERROR] RUNTIME(712971,15):2026-01-15-10:29:15.257.410 [error_message_manage.cc:53]712971 FuncErrorReason:rtMemcpy execute failed, reason=[the current capture mode does not support this operation]
[ERROR] ASCENDCL(712971,15):2026-01-15-10:29:15.257.631 [memory.cpp:437]712971 aclrtMemcpyImpl: synchronized memcpy failed, kind = 1, runtime result = 107030
[ERROR] RUNTIME(712971,15):2026-01-15-10:29:15.339.650 [api_error.cc:1519]712971 MemCopySync:Memory copy sync failed, cnt=416, kind=1.
[ERROR] RUNTIME(712971,15):2026-01-15-10:29:15.339.658 [api_c.cc:1197]712971 rtMemcpy:ErrCode=107030, desc=[the current capture mode does not support this operation], InnerCode=0x703001c
[ERROR] RUNTIME(712971,15):2026-01-15-10:29:15.339.660 [error_message_manage.cc:53]712971 FuncErrorReason:report error module_type=3, module_name=EE8888
[ERROR] RUNTIME(712971,15):2026-01-15-10:29:15.339.663 [error_message_manage.cc:53]712971 FuncErrorReason:rtMemcpy execute failed, reason=[the current capture mode does not support this operation]
[ERROR] ASCENDCL(712971,15):2026-01-15-10:29:15.339.862 [memory.cpp:437]712971 aclrtMemcpyImpl: synchronized memcpy failed, kind = 1, runtime result = 107030
[ERROR] RUNTIME(712971,15):2026-01-15-10:29:15.424.611 [api_error.cc:1519]712971 MemCopySync:Memory copy sync failed, cnt=72, kind=1.
[ERROR] RUNTIME(712971,15):2026-01-15-10:29:15.424.619 [api_c.cc:1197]712971 rtMemcpy:ErrCode=107030, desc=[the current capture mode does not support this operation], InnerCode=0x703001c
[ERROR] RUNTIME(712971,15):2026-01-15-10:29:15.424.621 [error_message_manage.cc:53]712971 FuncErrorReason:report error module_type=3, module_name=EE8888
[ERROR] RUNTIME(712971,15):2026-01-15-10:29:15.424.624 [error_message_manage.cc:53]712971 FuncErrorReason:rtMemcpy execute failed, reason=[the current capture mode does not support this operation]
[ERROR] ASCENDCL(712971,15):2026-01-15-10:29:15.424.897 [memory.cpp:437]712971 aclrtMemcpyImpl: synchronized memcpy failed, kind = 1, runtime result = 107030
[ERROR] RUNTIME(712971,15):2026-01-15-10:29:15.511.270 [api_error.cc:1519]712971 MemCopySync:Memory copy sync failed, cnt=416, kind=1.
[ERROR] RUNTIME(712971,15):2026-01-15-10:29:15.511.278 [api_c.cc:1197]712971 rtMemcpy:ErrCode=107030, desc=[the current capture mode does not support this operation], InnerCode=0x703001c
[ERROR] RUNTIME(712971,15):2026-01-15-10:29:15.511.280 [error_message_manage.cc:53]712971 FuncErrorReason:report error module_type=3, module_name=EE8888
[ERROR] RUNTIME(712971,15):2026-01-15-10:29:15.511.283 [error_message_manage.cc:53]712971 FuncErrorReason:rtMemcpy execute failed, reason=[the current capture mode does not support this operation]
[ERROR] ASCENDCL(712971,15):2026-01-15-10:29:15.511.574 [memory.cpp:437]712971 aclrtMemcpyImpl: synchronized memcpy failed, kind = 1, runtime result = 107030
[ERROR] RUNTIME(712971,15):2026-01-15-10:29:15.596.691 [api_error.cc:1519]712971 MemCopySync:Memory copy sync failed, cnt=72, kind=1.
[ERROR] RUNTIME(712971,15):2026-01-15-10:29:15.596.700 [api_c.cc:1197]712971 rtMemcpy:ErrCode=107030, desc=[the current capture mode does not support this operation], InnerCode=0x703001c
[ERROR] RUNTIME(712971,15):2026-01-15-10:29:15.596.702 [error_message_manage.cc:53]712971 FuncErrorReason:report error module_type=3, module_name=EE8888
[ERROR] RUNTIME(712971,15):2026-01-15-10:29:15.596.705 [error_message_manage.cc:53]712971 FuncErrorReason:rtMemcpy execute failed, reason=[the current capture mode does not support this operation]
[ERROR] ASCENDCL(712971,15):2026-01-15-10:29:15.596.989 [memory.cpp:437]712971 aclrtMemcpyImpl: synchronized memcpy failed, kind = 1, runtime result = 107030
[ERROR] RUNTIME(712971,15):2026-01-15-10:29:15.685.115 [api_error.cc:1519]712971 MemCopySync:Memory copy sync failed, cnt=416, kind=1.
[ERROR] RUNTIME(712971,15):2026-01-15-10:29:15.685.123 [api_c.cc:1197]712971 rtMemcpy:ErrCode=107030, desc=[the current capture mode does not support this operation], InnerCode=0x703001c
[ERROR] RUNTIME(712971,15):2026-01-15-10:29:15.685.126 [error_message_manage.cc:53]712971 FuncErrorReason:report error module_type=3, module_name=EE8888
[ERROR] RUNTIME(712971,15):2026-01-15-10:29:15.685.129 [error_message_manage.cc:53]712971 FuncErrorReason:rtMemcpy execute failed, reason=[the current capture mode does not support this operation]
[ERROR] ASCENDCL(712971,15):2026-01-15-10:29:15.685.368 [memory.cpp:437]712971 aclrtMemcpyImpl: synchronized memcpy failed, kind = 1, runtime result = 107030
[ERROR] RUNTIME(712971,15):2026-01-15-10:29:15.770.951 [api_error.cc:1519]712971 MemCopySync:Memory copy sync failed, cnt=72, kind=1.
[ERROR] RUNTIME(712971,15):2026-01-15-10:29:15.770.958 [api_c.cc:1197]712971 rtMemcpy:ErrCode=107030, desc=[the current capture mode does not support this operation], InnerCode=0x703001c
[ERROR] RUNTIME(712971,15):2026-01-15-10:29:15.770.960 [error_message_manage.cc:53]712971 FuncErrorReason:report error module_type=3, module_name=EE8888
[ERROR] RUNTIME(712971,15):2026-01-15-10:29:15.770.963 [error_message_manage.cc:53]712971 FuncErrorReason:rtMemcpy execute failed, reason=[the current capture mode does not support this operation]
[ERROR] ASCENDCL(712971,15):2026-01-15-10:29:15.771.217 [memory.cpp:437]712971 aclrtMemcpyImpl: synchronized memcpy failed, kind = 1, runtime result = 107030
[ERROR] RUNTIME(712971,15):2026-01-15-10:29:15.855.199 [api_error.cc:1519]712971 MemCopySync:Memory copy sync failed, cnt=416, kind=1.
[ERROR] RUNTIME(712971,15):2026-01-15-10:29:15.855.207 [api_c.cc:1197]712971 rtMemcpy:ErrCode=107030, desc=[the current capture mode does not support this operation], InnerCode=0x703001c
[ERROR] RUNTIME(712971,15):2026-01-15-10:29:15.855.210 [error_message_manage.cc:53]712971 FuncErrorReason:report error module_type=3, module_name=EE8888
[ERROR] RUNTIME(712971,15):2026-01-15-10:29:15.855.213 [error_message_manage.cc:53]712971 FuncErrorReason:rtMemcpy execute failed, reason=[the current capture mode does not support this operation]
[ERROR] ASCENDCL(712971,15):2026-01-15-10:29:15.855.515 [memory.cpp:437]712971 aclrtMemcpyImpl: synchronized memcpy failed, kind = 1, runtime result = 107030
[ERROR] RUNTIME(712971,15):2026-01-15-10:29:15.940.303 [api_error.cc:1519]712971 MemCopySync:Memory copy sync failed, cnt=72, kind=1.
[ERROR] RUNTIME(712971,15):2026-01-15-10:29:15.940.311 [api_c.cc:1197]712971 rtMemcpy:ErrCode=107030, desc=[the current capture mode does not support this operation], InnerCode=0x703001c
[ERROR] RUNTIME(712971,15):2026-01-15-10:29:15.940.313 [error_message_manage.cc:53]712971 FuncErrorReason:report error module_type=3, module_name=EE8888
[ERROR] RUNTIME(712971,15):2026-01-15-10:29:15.940.316 [error_message_manage.cc:53]712971 FuncErrorReason:rtMemcpy execute failed, reason=[the current capture mode does not support this operation]
[ERROR] ASCENDCL(712971,15):2026-01-15-10:29:15.940.538 [memory.cpp:437]712971 aclrtMemcpyImpl: synchronized memcpy failed, kind = 1, runtime result = 107030
[ERROR] RUNTIME(712971,15):2026-01-15-10:29:16.029.246 [api_error.cc:1519]712971 MemCopySync:Memory copy sync failed, cnt=416, kind=1.
[ERROR] RUNTIME(712971,15):2026-01-15-10:29:16.029.254 [api_c.cc:1197]712971 rtMemcpy:ErrCode=107030, desc=[the current capture mode does not support this operation], InnerCode=0x703001c
[ERROR] RUNTIME(712971,15):2026-01-15-10:29:16.029.257 [error_message_manage.cc:53]712971 FuncErrorReason:report error module_type=3, module_name=EE8888
[ERROR] RUNTIME(712971,15):2026-01-15-10:29:16.029.260 [error_message_manage.cc:53]712971 FuncErrorReason:rtMemcpy execute failed, reason=[the current capture mode does not support this operation]
[ERROR] ASCENDCL(712971,15):2026-01-15-10:29:16.029.538 [memory.cpp:437]712971 aclrtMemcpyImpl: synchronized memcpy failed, kind = 1, runtime result = 107030
[ERROR] RUNTIME(712971,15):2026-01-15-10:29:16.111.691 [api_error.cc:1519]712971 MemCopySync:Memory copy sync failed, cnt=72, kind=1.
[ERROR] RUNTIME(712971,15):2026-01-15-10:29:16.111.699 [api_c.cc:1197]712971 rtMemcpy:ErrCode=107030, desc=[the current capture mode does not support this operation], InnerCode=0x703001c
[ERROR] RUNTIME(712971,15):2026-01-15-10:29:16.111.702 [error_message_manage.cc:53]712971 FuncErrorReason:report error module_type=3, module_name=EE8888
[ERROR] RUNTIME(712971,15):2026-01-15-10:29:16.111.704 [error_message_manage.cc:53]712971 FuncErrorReason:rtMemcpy execute failed, reason=[the current capture mode does not support this operation]
[ERROR] ASCENDCL(712971,15):2026-01-15-10:29:16.111.933 [memory.cpp:437]712971 aclrtMemcpyImpl: synchronized memcpy failed, kind = 1, runtime result = 107030
[ERROR] RUNTIME(712971,15):2026-01-15-10:29:16.196.049 [api_error.cc:1519]712971 MemCopySync:Memory copy sync failed, cnt=416, kind=1.
[ERROR] RUNTIME(712971,15):2026-01-15-10:29:16.196.058 [api_c.cc:1197]712971 rtMemcpy:ErrCode=107030, desc=[the current capture mode does not support this operation], InnerCode=0x703001c
[ERROR] RUNTIME(712971,15):2026-01-15-10:29:16.196.060 [error_message_manage.cc:53]712971 FuncErrorReason:report error module_type=3, module_name=EE8888
[ERROR] RUNTIME(712971,15):2026-01-15-10:29:16.196.063 [error_message_manage.cc:53]712971 FuncErrorReason:rtMemcpy execute failed, reason=[the current capture mode does not support this operation]
[ERROR] ASCENDCL(712971,15):2026-01-15-10:29:16.196.397 [memory.cpp:437]712971 aclrtMemcpyImpl: synchronized memcpy failed, kind = 1, runtime result = 107030
[ERROR] RUNTIME(712971,15):2026-01-15-10:29:16.276.981 [api_error.cc:1519]712971 MemCopySync:Memory copy sync failed, cnt=72, kind=1.
[ERROR] RUNTIME(712971,15):2026-01-15-10:29:16.276.988 [api_c.cc:1197]712971 rtMemcpy:ErrCode=107030, desc=[the current capture mode does not support this operation], InnerCode=0x703001c
[ERROR] RUNTIME(712971,15):2026-01-15-10:29:16.276.991 [error_message_manage.cc:53]712971 FuncErrorReason:report error module_type=3, module_name=EE8888
[ERROR] RUNTIME(712971,15):2026-01-15-10:29:16.276.994 [error_message_manage.cc:53]712971 FuncErrorReason:rtMemcpy execute failed, reason=[the current capture mode does not support this operation]
[ERROR] ASCENDCL(712971,15):2026-01-15-10:29:16.277.208 [memory.cpp:437]712971 aclrtMemcpyImpl: synchronized memcpy failed, kind = 1, runtime result = 107030
[ERROR] RUNTIME(712971,15):2026-01-15-10:29:16.360.166 [api_error.cc:1519]712971 MemCopySync:Memory copy sync failed, cnt=416, kind=1.
[ERROR] RUNTIME(712971,15):2026-01-15-10:29:16.360.174 [api_c.cc:1197]712971 rtMemcpy:ErrCode=107030, desc=[the current capture mode does not support this operation], InnerCode=0x703001c
[ERROR] RUNTIME(712971,15):2026-01-15-10:29:16.360.176 [error_message_manage.cc:53]712971 FuncErrorReason:report error module_type=3, module_name=EE8888
[ERROR] RUNTIME(712971,15):2026-01-15-10:29:16.360.179 [error_message_manage.cc:53]712971 FuncErrorReason:rtMemcpy execute failed, reason=[the current capture mode does not support this operation]
[ERROR] ASCENDCL(712971,15):2026-01-15-10:29:16.360.402 [memory.cpp:437]712971 aclrtMemcpyImpl: synchronized memcpy failed, kind = 1, runtime result = 107030
[ERROR] RUNTIME(712971,15):2026-01-15-10:29:16.448.111 [api_error.cc:1519]712971 MemCopySync:Memory copy sync failed, cnt=72, kind=1.
[ERROR] RUNTIME(712971,15):2026-01-15-10:29:16.448.119 [api_c.cc:1197]712971 rtMemcpy:ErrCode=107030, desc=[the current capture mode does not support this operation], InnerCode=0x703001c
[ERROR] RUNTIME(712971,15):2026-01-15-10:29:16.448.122 [error_message_manage.cc:53]712971 FuncErrorReason:report error module_type=3, module_name=EE8888
[ERROR] RUNTIME(712971,15):2026-01-15-10:29:16.448.125 [error_message_manage.cc:53]712971 FuncErrorReason:rtMemcpy execute failed, reason=[the current capture mode does not support this operation]
[ERROR] ASCENDCL(712971,15):2026-01-15-10:29:16.448.426 [memory.cpp:437]712971 aclrtMemcpyImpl: synchronized memcpy failed, kind = 1, runtime result = 107030
[ERROR] RUNTIME(712971,15):2026-01-15-10:29:16.541.031 [api_error.cc:1519]712971 MemCopySync:Memory copy sync failed, cnt=416, kind=1.
[ERROR] RUNTIME(712971,15):2026-01-15-10:29:16.541.038 [api_c.cc:1197]712971 rtMemcpy:ErrCode=107030, desc=[the current capture mode does not support this operation], InnerCode=0x703001c
[ERROR] RUNTIME(712971,15):2026-01-15-10:29:16.541.041 [error_message_manage.cc:53]712971 FuncErrorReason:report error module_type=3, module_name=EE8888
[ERROR] RUNTIME(712971,15):2026-01-15-10:29:16.541.044 [error_message_manage.cc:53]712971 FuncErrorReason:rtMemcpy execute failed, reason=[the current capture mode does not support this operation]
[ERROR] ASCENDCL(712971,15):2026-01-15-10:29:16.541.320 [memory.cpp:437]712971 aclrtMemcpyImpl: synchronized memcpy failed, kind = 1, runtime result = 107030
[ERROR] RUNTIME(712971,15):2026-01-15-10:29:16.628.712 [api_error.cc:1519]712971 MemCopySync:Memory copy sync failed, cnt=72, kind=1.
[ERROR] RUNTIME(712971,15):2026-01-15-10:29:16.628.721 [api_c.cc:1197]712971 rtMemcpy:ErrCode=107030, desc=[the current capture mode does not support this operation], InnerCode=0x703001c
[ERROR] RUNTIME(712971,15):2026-01-15-10:29:16.628.723 [error_message_manage.cc:53]712971 FuncErrorReason:report error module_type=3, module_name=EE8888
[ERROR] RUNTIME(712971,15):2026-01-15-10:29:16.628.726 [error_message_manage.cc:53]712971 FuncErrorReason:rtMemcpy execute failed, reason=[the current capture mode does not support this operation]
[ERROR] ASCENDCL(712971,15):2026-01-15-10:29:16.629.064 [memory.cpp:437]712971 aclrtMemcpyImpl: synchronized memcpy failed, kind = 1, runtime result = 107030
[ERROR] RUNTIME(712971,15):2026-01-15-10:29:16.717.157 [api_error.cc:1519]712971 MemCopySync:Memory copy sync failed, cnt=416, kind=1.
[ERROR] RUNTIME(712971,15):2026-01-15-10:29:16.717.165 [api_c.cc:1197]712971 rtMemcpy:ErrCode=107030, desc=[the current capture mode does not support this operation], InnerCode=0x703001c
[ERROR] RUNTIME(712971,15):2026-01-15-10:29:16.717.167 [error_message_manage.cc:53]712971 FuncErrorReason:report error module_type=3, module_name=EE8888
[ERROR] RUNTIME(712971,15):2026-01-15-10:29:16.717.170 [error_message_manage.cc:53]712971 FuncErrorReason:rtMemcpy execute failed, reason=[the current capture mode does not support this operation]
[ERROR] ASCENDCL(712971,15):2026-01-15-10:29:16.717.407 [memory.cpp:437]712971 aclrtMemcpyImpl: synchronized memcpy failed, kind = 1, runtime result = 107030
[ERROR] RUNTIME(712971,15):2026-01-15-10:29:16.799.399 [api_error.cc:1519]712971 MemCopySync:Memory copy sync failed, cnt=72, kind=1.
[ERROR] RUNTIME(712971,15):2026-01-15-10:29:16.799.423 [api_c.cc:1197]712971 rtMemcpy:ErrCode=107030, desc=[the current capture mode does not support this operation], InnerCode=0x703001c
[ERROR] RUNTIME(712971,15):2026-01-15-10:29:16.799.426 [error_message_manage.cc:53]712971 FuncErrorReason:report error module_type=3, module_name=EE8888
[ERROR] RUNTIME(712971,15):2026-01-15-10:29:16.799.429 [error_message_manage.cc:53]712971 FuncErrorReason:rtMemcpy execute failed, reason=[the current capture mode does not support this operation]
[ERROR] ASCENDCL(712971,15):2026-01-15-10:29:16.799.704 [memory.cpp:437]712971 aclrtMemcpyImpl: synchronized memcpy failed, kind = 1, runtime result = 107030
[ERROR] RUNTIME(712971,15):2026-01-15-10:29:16.875.850 [api_error.cc:1519]712971 MemCopySync:Memory copy sync failed, cnt=416, kind=1.
[ERROR] RUNTIME(712971,15):2026-01-15-10:29:16.875.858 [api_c.cc:1197]712971 rtMemcpy:ErrCode=107030, desc=[the current capture mode does not support this operation], InnerCode=0x703001c
[ERROR] RUNTIME(712971,15):2026-01-15-10:29:16.875.860 [error_message_manage.cc:53]712971 FuncErrorReason:report error module_type=3, module_name=EE8888
[ERROR] RUNTIME(712971,15):2026-01-15-10:29:16.875.863 [error_message_manage.cc:53]712971 FuncErrorReason:rtMemcpy execute failed, reason=[the current capture mode does not support this operation]
[ERROR] ASCENDCL(712971,15):2026-01-15-10:29:16.876.074 [memory.cpp:437]712971 aclrtMemcpyImpl: synchronized memcpy failed, kind = 1, runtime result = 107030
[ERROR] RUNTIME(712971,15):2026-01-15-10:29:16.955.802 [api_error.cc:1519]712971 MemCopySync:Memory copy sync failed, cnt=72, kind=1.
[ERROR] RUNTIME(712971,15):2026-01-15-10:29:16.955.810 [api_c.cc:1197]712971 rtMemcpy:ErrCode=107030, desc=[the current capture mode does not support this operation], InnerCode=0x703001c
[ERROR] RUNTIME(712971,15):2026-01-15-10:29:16.955.812 [error_message_manage.cc:53]712971 FuncErrorReason:report error module_type=3, module_name=EE8888
[ERROR] RUNTIME(712971,15):2026-01-15-10:29:16.955.815 [error_message_manage.cc:53]712971 FuncErrorReason:rtMemcpy execute failed, reason=[the current capture mode does not support this operation]
[ERROR] ASCENDCL(712971,15):2026-01-15-10:29:16.956.082 [memory.cpp:437]712971 aclrtMemcpyImpl: synchronized memcpy failed, kind = 1, runtime result = 107030
[ERROR] RUNTIME(712971,15):2026-01-15-10:29:17.030.234 [api_error.cc:1519]712971 MemCopySync:Memory copy sync failed, cnt=416, kind=1.
[ERROR] RUNTIME(712971,15):2026-01-15-10:29:17.030.242 [api_c.cc:1197]712971 rtMemcpy:ErrCode=107030, desc=[the current capture mode does not support this operation], InnerCode=0x703001c
[ERROR] RUNTIME(712971,15):2026-01-15-10:29:17.030.245 [error_message_manage.cc:53]712971 FuncErrorReason:report error module_type=3, module_name=EE8888
[ERROR] RUNTIME(712971,15):2026-01-15-10:29:17.030.247 [error_message_manage.cc:53]712971 FuncErrorReason:rtMemcpy execute failed, reason=[the current capture mode does not support this operation]
[ERROR] ASCENDCL(712971,15):2026-01-15-10:29:17.030.495 [memory.cpp:437]712971 aclrtMemcpyImpl: synchronized memcpy failed, kind = 1, runtime result = 107030
[ERROR] RUNTIME(712971,15):2026-01-15-10:29:17.103.976 [api_error.cc:1519]712971 MemCopySync:Memory copy sync failed, cnt=72, kind=1.
[ERROR] RUNTIME(712971,15):2026-01-15-10:29:17.103.984 [api_c.cc:1197]712971 rtMemcpy:ErrCode=107030, desc=[the current capture mode does not support this operation], InnerCode=0x703001c
[ERROR] RUNTIME(712971,15):2026-01-15-10:29:17.103.986 [error_message_manage.cc:53]712971 FuncErrorReason:report error module_type=3, module_name=EE8888
[ERROR] RUNTIME(712971,15):2026-01-15-10:29:17.103.989 [error_message_manage.cc:53]712971 FuncErrorReason:rtMemcpy execute failed, reason=[the current capture mode does not support this operation]
[ERROR] ASCENDCL(712971,15):2026-01-15-10:29:17.104.206 [memory.cpp:437]712971 aclrtMemcpyImpl: synchronized memcpy failed, kind = 1, runtime result = 107030
[ERROR] RUNTIME(712971,15):2026-01-15-10:29:17.177.432 [api_error.cc:1519]712971 MemCopySync:Memory copy sync failed, cnt=416, kind=1.
[ERROR] RUNTIME(712971,15):2026-01-15-10:29:17.177.439 [api_c.cc:1197]712971 rtMemcpy:ErrCode=107030, desc=[the current capture mode does not support this operation], InnerCode=0x703001c
[ERROR] RUNTIME(712971,15):2026-01-15-10:29:17.177.442 [error_message_manage.cc:53]712971 FuncErrorReason:report error module_type=3, module_name=EE8888
[ERROR] RUNTIME(712971,15):2026-01-15-10:29:17.177.445 [error_message_manage.cc:53]712971 FuncErrorReason:rtMemcpy execute failed, reason=[the current capture mode does not support this operation]
[ERROR] ASCENDCL(712971,15):2026-01-15-10:29:17.177.637 [memory.cpp:437]712971 aclrtMemcpyImpl: synchronized memcpy failed, kind = 1, runtime result = 107030
[ERROR] RUNTIME(712971,15):2026-01-15-10:29:17.238.400 [api_error.cc:1519]712971 MemCopySync:Memory copy sync failed, cnt=72, kind=1.
[ERROR] RUNTIME(712971,15):2026-01-15-10:29:17.238.408 [api_c.cc:1197]712971 rtMemcpy:ErrCode=107030, desc=[the current capture mode does not support this operation], InnerCode=0x703001c
[ERROR] RUNTIME(712971,15):2026-01-15-10:29:17.238.411 [error_message_manage.cc:53]712971 FuncErrorReason:report error module_type=3, module_name=EE8888
[ERROR] RUNTIME(712971,15):2026-01-15-10:29:17.238.414 [error_message_manage.cc:53]712971 FuncErrorReason:rtMemcpy execute failed, reason=[the current capture mode does not support this operation]
[ERROR] ASCENDCL(712971,15):2026-01-15-10:29:17.238.671 [memory.cpp:437]712971 aclrtMemcpyImpl: synchronized memcpy failed, kind = 1, runtime result = 107030
[ERROR] RUNTIME(712971,15):2026-01-15-10:29:17.300.460 [api_error.cc:1519]712971 MemCopySync:Memory copy sync failed, cnt=416, kind=1.
[ERROR] RUNTIME(712971,15):2026-01-15-10:29:17.300.468 [api_c.cc:1197]712971 rtMemcpy:ErrCode=107030, desc=[the current capture mode does not support this operation], InnerCode=0x703001c
[ERROR] RUNTIME(712971,15):2026-01-15-10:29:17.300.471 [error_message_manage.cc:53]712971 FuncErrorReason:report error module_type=3, module_name=EE8888
[ERROR] RUNTIME(712971,15):2026-01-15-10:29:17.300.474 [error_message_manage.cc:53]712971 FuncErrorReason:rtMemcpy execute failed, reason=[the current capture mode does not support this operation]
[ERROR] ASCENDCL(712971,15):2026-01-15-10:29:17.300.673 [memory.cpp:437]712971 aclrtMemcpyImpl: synchronized memcpy failed, kind = 1, runtime result = 107030
[ERROR] RUNTIME(712971,15):2026-01-15-10:29:17.367.132 [api_error.cc:1519]712971 MemCopySync:Memory copy sync failed, cnt=72, kind=1.
[ERROR] RUNTIME(712971,15):2026-01-15-10:29:17.367.140 [api_c.cc:1197]712971 rtMemcpy:ErrCode=107030, desc=[the current capture mode does not support this operation], InnerCode=0x703001c
[ERROR] RUNTIME(712971,15):2026-01-15-10:29:17.367.142 [error_message_manage.cc:53]712971 FuncErrorReason:report error module_type=3, module_name=EE8888
[ERROR] RUNTIME(712971,15):2026-01-15-10:29:17.367.145 [error_message_manage.cc:53]712971 FuncErrorReason:rtMemcpy execute failed, reason=[the current capture mode does not support this operation]
[ERROR] ASCENDCL(712971,15):2026-01-15-10:29:17.367.348 [memory.cpp:437]712971 aclrtMemcpyImpl: synchronized memcpy failed, kind = 1, runtime result = 107030
[ERROR] RUNTIME(712971,15):2026-01-15-10:29:17.437.754 [api_error.cc:1519]712971 MemCopySync:Memory copy sync failed, cnt=416, kind=1.
[ERROR] RUNTIME(712971,15):2026-01-15-10:29:17.437.762 [api_c.cc:1197]712971 rtMemcpy:ErrCode=107030, desc=[the current capture mode does not support this operation], InnerCode=0x703001c
[ERROR] RUNTIME(712971,15):2026-01-15-10:29:17.437.764 [error_message_manage.cc:53]712971 FuncErrorReason:report error module_type=3, module_name=EE8888
[ERROR] RUNTIME(712971,15):2026-01-15-10:29:17.437.767 [error_message_manage.cc:53]712971 FuncErrorReason:rtMemcpy execute failed, reason=[the current capture mode does not support this operation]
[ERROR] ASCENDCL(712971,15):2026-01-15-10:29:17.438.091 [memory.cpp:437]712971 aclrtMemcpyImpl: synchronized memcpy failed, kind = 1, runtime result = 107030
[ERROR] RUNTIME(712971,15):2026-01-15-10:29:17.506.204 [api_error.cc:1519]712971 MemCopySync:Memory copy sync failed, cnt=72, kind=1.
[ERROR] RUNTIME(712971,15):2026-01-15-10:29:17.506.211 [api_c.cc:1197]712971 rtMemcpy:ErrCode=107030, desc=[the current capture mode does not support this operation], InnerCode=0x703001c
[ERROR] RUNTIME(712971,15):2026-01-15-10:29:17.506.213 [error_message_manage.cc:53]712971 FuncErrorReason:report error module_type=3, module_name=EE8888
[ERROR] RUNTIME(712971,15):2026-01-15-10:29:17.506.216 [error_message_manage.cc:53]712971 FuncErrorReason:rtMemcpy execute failed, reason=[the current capture mode does not support this operation]
[ERROR] ASCENDCL(712971,15):2026-01-15-10:29:17.506.451 [memory.cpp:437]712971 aclrtMemcpyImpl: synchronized memcpy failed, kind = 1, runtime result = 107030
[ERROR] RUNTIME(712971,15):2026-01-15-10:29:17.580.295 [api_error.cc:1519]712971 MemCopySync:Memory copy sync failed, cnt=416, kind=1.
[ERROR] RUNTIME(712971,15):2026-01-15-10:29:17.580.304 [api_c.cc:1197]712971 rtMemcpy:ErrCode=107030, desc=[the current capture mode does not support this operation], InnerCode=0x703001c
[ERROR] RUNTIME(712971,15):2026-01-15-10:29:17.580.306 [error_message_manage.cc:53]712971 FuncErrorReason:report error module_type=3, module_name=EE8888
[ERROR] RUNTIME(712971,15):2026-01-15-10:29:17.580.309 [error_message_manage.cc:53]712971 FuncErrorReason:rtMemcpy execute failed, reason=[the current capture mode does not support this operation]
[ERROR] ASCENDCL(712971,15):2026-01-15-10:29:17.580.530 [memory.cpp:437]712971 aclrtMemcpyImpl: synchronized memcpy failed, kind = 1, runtime result = 107030
[ERROR] RUNTIME(712971,15):2026-01-15-10:29:17.651.473 [api_error.cc:1519]712971 MemCopySync:Memory copy sync failed, cnt=72, kind=1.
[ERROR] RUNTIME(712971,15):2026-01-15-10:29:17.651.481 [api_c.cc:1197]712971 rtMemcpy:ErrCode=107030, desc=[the current capture mode does not support this operation], InnerCode=0x703001c
[ERROR] RUNTIME(712971,15):2026-01-15-10:29:17.651.483 [error_message_manage.cc:53]712971 FuncErrorReason:report error module_type=3, module_name=EE8888
[ERROR] RUNTIME(712971,15):2026-01-15-10:29:17.651.486 [error_message_manage.cc:53]712971 FuncErrorReason:rtMemcpy execute failed, reason=[the current capture mode does not support this operation]
[ERROR] ASCENDCL(712971,15):2026-01-15-10:29:17.651.661 [memory.cpp:437]712971 aclrtMemcpyImpl: synchronized memcpy failed, kind = 1, runtime result = 107030
[ERROR] RUNTIME(712971,15):2026-01-15-10:29:17.723.154 [api_error.cc:1519]712971 MemCopySync:Memory copy sync failed, cnt=416, kind=1.
[ERROR] RUNTIME(712971,15):2026-01-15-10:29:17.723.162 [api_c.cc:1197]712971 rtMemcpy:ErrCode=107030, desc=[the current capture mode does not support this operation], InnerCode=0x703001c
[ERROR] RUNTIME(712971,15):2026-01-15-10:29:17.723.165 [error_message_manage.cc:53]712971 FuncErrorReason:report error module_type=3, module_name=EE8888
[ERROR] RUNTIME(712971,15):2026-01-15-10:29:17.723.168 [error_message_manage.cc:53]712971 FuncErrorReason:rtMemcpy execute failed, reason=[the current capture mode does not support this operation]
[ERROR] ASCENDCL(712971,15):2026-01-15-10:29:17.723.349 [memory.cpp:437]712971 aclrtMemcpyImpl: synchronized memcpy failed, kind = 1, runtime result = 107030
[ERROR] RUNTIME(712971,15):2026-01-15-10:29:17.793.715 [api_error.cc:1519]712971 MemCopySync:Memory copy sync failed, cnt=72, kind=1.
[ERROR] RUNTIME(712971,15):2026-01-15-10:29:17.793.724 [api_c.cc:1197]712971 rtMemcpy:ErrCode=107030, desc=[the current capture mode does not support this operation], InnerCode=0x703001c
[ERROR] RUNTIME(712971,15):2026-01-15-10:29:17.793.726 [error_message_manage.cc:53]712971 FuncErrorReason:report error module_type=3, module_name=EE8888
[ERROR] RUNTIME(712971,15):2026-01-15-10:29:17.793.729 [error_message_manage.cc:53]712971 FuncErrorReason:rtMemcpy execute failed, reason=[the current capture mode does not support this operation]
[ERROR] ASCENDCL(712971,15):2026-01-15-10:29:17.793.982 [memory.cpp:437]712971 aclrtMemcpyImpl: synchronized memcpy failed, kind = 1, runtime result = 107030
[ERROR] RUNTIME(712971,15):2026-01-15-10:29:17.876.076 [api_error.cc:1519]712971 MemCopySync:Memory copy sync failed, cnt=416, kind=1.
[ERROR] RUNTIME(712971,15):2026-01-15-10:29:17.876.084 [api_c.cc:1197]712971 rtMemcpy:ErrCode=107030, desc=[the current capture mode does not support this operation], InnerCode=0x703001c
[ERROR] RUNTIME(712971,15):2026-01-15-10:29:17.876.086 [error_message_manage.cc:53]712971 FuncErrorReason:report error module_type=3, module_name=EE8888
[ERROR] RUNTIME(712971,15):2026-01-15-10:29:17.876.089 [error_message_manage.cc:53]712971 FuncErrorReason:rtMemcpy execute failed, reason=[the current capture mode does not support this operation]
[ERROR] ASCENDCL(712971,15):2026-01-15-10:29:17.876.308 [memory.cpp:437]712971 aclrtMemcpyImpl: synchronized memcpy failed, kind = 1, runtime result = 107030
[ERROR] RUNTIME(712971,15):2026-01-15-10:29:17.940.506 [api_error.cc:1519]712971 MemCopySync:Memory copy sync failed, cnt=72, kind=1.
[ERROR] RUNTIME(712971,15):2026-01-15-10:29:17.940.514 [api_c.cc:1197]712971 rtMemcpy:ErrCode=107030, desc=[the current capture mode does not support this operation], InnerCode=0x703001c
[ERROR] RUNTIME(712971,15):2026-01-15-10:29:17.940.516 [error_message_manage.cc:53]712971 FuncErrorReason:report error module_type=3, module_name=EE8888
[ERROR] RUNTIME(712971,15):2026-01-15-10:29:17.940.519 [error_message_manage.cc:53]712971 FuncErrorReason:rtMemcpy execute failed, reason=[the current capture mode does not support this operation]
[ERROR] ASCENDCL(712971,15):2026-01-15-10:29:17.940.733 [memory.cpp:437]712971 aclrtMemcpyImpl: synchronized memcpy failed, kind = 1, runtime result = 107030
[ERROR] RUNTIME(712971,15):2026-01-15-10:29:17.985.475 [api_error.cc:1519]712971 MemCopySync:Memory copy sync failed, cnt=416, kind=1.
[ERROR] RUNTIME(712971,15):2026-01-15-10:29:17.985.484 [api_c.cc:1197]712971 rtMemcpy:ErrCode=107030, desc=[the current capture mode does not support this operation], InnerCode=0x703001c
[ERROR] RUNTIME(712971,15):2026-01-15-10:29:17.985.487 [error_message_manage.cc:53]712971 FuncErrorReason:report error module_type=3, module_name=EE8888
[ERROR] RUNTIME(712971,15):2026-01-15-10:29:17.985.489 [error_message_manage.cc:53]712971 FuncErrorReason:rtMemcpy execute failed, reason=[the current capture mode does not support this operation]
[ERROR] ASCENDCL(712971,15):2026-01-15-10:29:17.985.728 [memory.cpp:437]712971 aclrtMemcpyImpl: synchronized memcpy failed, kind = 1, runtime result = 107030
[ERROR] RUNTIME(712971,15):2026-01-15-10:29:18.053.481 [api_error.cc:1519]712971 MemCopySync:Memory copy sync failed, cnt=72, kind=1.
[ERROR] RUNTIME(712971,15):2026-01-15-10:29:18.053.489 [api_c.cc:1197]712971 rtMemcpy:ErrCode=107030, desc=[the current capture mode does not support this operation], InnerCode=0x703001c
[ERROR] RUNTIME(712971,15):2026-01-15-10:29:18.053.491 [error_message_manage.cc:53]712971 FuncErrorReason:report error module_type=3, module_name=EE8888
[ERROR] RUNTIME(712971,15):2026-01-15-10:29:18.053.494 [error_message_manage.cc:53]712971 FuncErrorReason:rtMemcpy execute failed, reason=[the current capture mode does not support this operation]
[ERROR] ASCENDCL(712971,15):2026-01-15-10:29:18.053.711 [memory.cpp:437]712971 aclrtMemcpyImpl: synchronized memcpy failed, kind = 1, runtime result = 107030
[ERROR] RUNTIME(712971,15):2026-01-15-10:29:18.127.481 [api_error.cc:1519]712971 MemCopySync:Memory copy sync failed, cnt=416, kind=1.
[ERROR] RUNTIME(712971,15):2026-01-15-10:29:18.127.489 [api_c.cc:1197]712971 rtMemcpy:ErrCode=107030, desc=[the current capture mode does not support this operation], InnerCode=0x703001c
[ERROR] RUNTIME(712971,15):2026-01-15-10:29:18.127.492 [error_message_manage.cc:53]712971 FuncErrorReason:report error module_type=3, module_name=EE8888
[ERROR] RUNTIME(712971,15):2026-01-15-10:29:18.127.494 [error_message_manage.cc:53]712971 FuncErrorReason:rtMemcpy execute failed, reason=[the current capture mode does not support this operation]
[ERROR] ASCENDCL(712971,15):2026-01-15-10:29:18.127.687 [memory.cpp:437]712971 aclrtMemcpyImpl: synchronized memcpy failed, kind = 1, runtime result = 107030
[ERROR] RUNTIME(712971,15):2026-01-15-10:29:18.205.166 [api_error.cc:1519]712971 MemCopySync:Memory copy sync failed, cnt=72, kind=1.
[ERROR] RUNTIME(712971,15):2026-01-15-10:29:18.205.174 [api_c.cc:1197]712971 rtMemcpy:ErrCode=107030, desc=[the current capture mode does not support this operation], InnerCode=0x703001c
[ERROR] RUNTIME(712971,15):2026-01-15-10:29:18.205.176 [error_message_manage.cc:53]712971 FuncErrorReason:report error module_type=3, module_name=EE8888
[ERROR] RUNTIME(712971,15):2026-01-15-10:29:18.205.179 [error_message_manage.cc:53]712971 FuncErrorReason:rtMemcpy execute failed, reason=[the current capture mode does not support this operation]
[ERROR] ASCENDCL(712971,15):2026-01-15-10:29:18.205.488 [memory.cpp:437]712971 aclrtMemcpyImpl: synchronized memcpy failed, kind = 1, runtime result = 107030
[ERROR] RUNTIME(712971,15):2026-01-15-10:29:18.282.047 [api_error.cc:1519]712971 MemCopySync:Memory copy sync failed, cnt=416, kind=1.
[ERROR] RUNTIME(712971,15):2026-01-15-10:29:18.282.055 [api_c.cc:1197]712971 rtMemcpy:ErrCode=107030, desc=[the current capture mode does not support this operation], InnerCode=0x703001c
[ERROR] RUNTIME(712971,15):2026-01-15-10:29:18.282.057 [error_message_manage.cc:53]712971 FuncErrorReason:report error module_type=3, module_name=EE8888
[ERROR] RUNTIME(712971,15):2026-01-15-10:29:18.282.060 [error_message_manage.cc:53]712971 FuncErrorReason:rtMemcpy execute failed, reason=[the current capture mode does not support this operation]
[ERROR] ASCENDCL(712971,15):2026-01-15-10:29:18.282.278 [memory.cpp:437]712971 aclrtMemcpyImpl: synchronized memcpy failed, kind = 1, runtime result = 107030
[ERROR] RUNTIME(712971,15):2026-01-15-10:29:18.354.549 [api_error.cc:1519]712971 MemCopySync:Memory copy sync failed, cnt=72, kind=1.
[ERROR] RUNTIME(712971,15):2026-01-15-10:29:18.354.557 [api_c.cc:1197]712971 rtMemcpy:ErrCode=107030, desc=[the current capture mode does not support this operation], InnerCode=0x703001c
[ERROR] RUNTIME(712971,15):2026-01-15-10:29:18.354.560 [error_message_manage.cc:53]712971 FuncErrorReason:report error module_type=3, module_name=EE8888
[ERROR] RUNTIME(712971,15):2026-01-15-10:29:18.354.562 [error_message_manage.cc:53]712971 FuncErrorReason:rtMemcpy execute failed, reason=[the current capture mode does not support this operation]
[ERROR] ASCENDCL(712971,15):2026-01-15-10:29:18.354.790 [memory.cpp:437]712971 aclrtMemcpyImpl: synchronized memcpy failed, kind = 1, runtime result = 107030
[ERROR] RUNTIME(712971,15):2026-01-15-10:29:18.432.313 [api_error.cc:1519]712971 MemCopySync:Memory copy sync failed, cnt=416, kind=1.
[ERROR] RUNTIME(712971,15):2026-01-15-10:29:18.432.321 [api_c.cc:1197]712971 rtMemcpy:ErrCode=107030, desc=[the current capture mode does not support this operation], InnerCode=0x703001c
[ERROR] RUNTIME(712971,15):2026-01-15-10:29:18.432.324 [error_message_manage.cc:53]712971 FuncErrorReason:report error module_type=3, module_name=EE8888
[ERROR] RUNTIME(712971,15):2026-01-15-10:29:18.432.327 [error_message_manage.cc:53]712971 FuncErrorReason:rtMemcpy execute failed, reason=[the current capture mode does not support this operation]
[ERROR] ASCENDCL(712971,15):2026-01-15-10:29:18.432.634 [memory.cpp:437]712971 aclrtMemcpyImpl: synchronized memcpy failed, kind = 1, runtime result = 107030
[ERROR] RUNTIME(712971,15):2026-01-15-10:29:18.502.784 [api_error.cc:1519]712971 MemCopySync:Memory copy sync failed, cnt=72, kind=1.
[ERROR] RUNTIME(712971,15):2026-01-15-10:29:18.502.792 [api_c.cc:1197]712971 rtMemcpy:ErrCode=107030, desc=[the current capture mode does not support this operation], InnerCode=0x703001c
[ERROR] RUNTIME(712971,15):2026-01-15-10:29:18.502.794 [error_message_manage.cc:53]712971 FuncErrorReason:report error module_type=3, module_name=EE8888
[ERROR] RUNTIME(712971,15):2026-01-15-10:29:18.502.797 [error_message_manage.cc:53]712971 FuncErrorReason:rtMemcpy execute failed, reason=[the current capture mode does not support this operation]
[ERROR] ASCENDCL(712971,15):2026-01-15-10:29:18.502.997 [memory.cpp:437]712971 aclrtMemcpyImpl: synchronized memcpy failed, kind = 1, runtime result = 107030
[ERROR] RUNTIME(712971,15):2026-01-15-10:29:18.577.315 [api_error.cc:1519]712971 MemCopySync:Memory copy sync failed, cnt=416, kind=1.
[ERROR] RUNTIME(712971,15):2026-01-15-10:29:18.577.323 [api_c.cc:1197]712971 rtMemcpy:ErrCode=107030, desc=[the current capture mode does not support this operation], InnerCode=0x703001c
[ERROR] RUNTIME(712971,15):2026-01-15-10:29:18.577.325 [error_message_manage.cc:53]712971 FuncErrorReason:report error module_type=3, module_name=EE8888
[ERROR] RUNTIME(712971,15):2026-01-15-10:29:18.577.328 [error_message_manage.cc:53]712971 FuncErrorReason:rtMemcpy execute failed, reason=[the current capture mode does not support this operation]
[ERROR] ASCENDCL(712971,15):2026-01-15-10:29:18.577.597 [memory.cpp:437]712971 aclrtMemcpyImpl: synchronized memcpy failed, kind = 1, runtime result = 107030
[ERROR] RUNTIME(712971,15):2026-01-15-10:29:18.644.302 [api_error.cc:1519]712971 MemCopySync:Memory copy sync failed, cnt=72, kind=1.
[ERROR] RUNTIME(712971,15):2026-01-15-10:29:18.644.310 [api_c.cc:1197]712971 rtMemcpy:ErrCode=107030, desc=[the current capture mode does not support this operation], InnerCode=0x703001c
[ERROR] RUNTIME(712971,15):2026-01-15-10:29:18.644.313 [error_message_manage.cc:53]712971 FuncErrorReason:report error module_type=3, module_name=EE8888
[ERROR] RUNTIME(712971,15):2026-01-15-10:29:18.644.316 [error_message_manage.cc:53]712971 FuncErrorReason:rtMemcpy execute failed, reason=[the current capture mode does not support this operation]
[ERROR] ASCENDCL(712971,15):2026-01-15-10:29:18.644.597 [memory.cpp:437]712971 aclrtMemcpyImpl: synchronized memcpy failed, kind = 1, runtime result = 107030
[ERROR] RUNTIME(712971,15):2026-01-15-10:29:18.711.394 [api_error.cc:1519]712971 MemCopySync:Memory copy sync failed, cnt=416, kind=1.
[ERROR] RUNTIME(712971,15):2026-01-15-10:29:18.711.402 [api_c.cc:1197]712971 rtMemcpy:ErrCode=107030, desc=[the current capture mode does not support this operation], InnerCode=0x703001c
[ERROR] RUNTIME(712971,15):2026-01-15-10:29:18.711.405 [error_message_manage.cc:53]712971 FuncErrorReason:report error module_type=3, module_name=EE8888
[ERROR] RUNTIME(712971,15):2026-01-15-10:29:18.711.426 [error_message_manage.cc:53]712971 FuncErrorReason:rtMemcpy execute failed, reason=[the current capture mode does not support this operation]
[ERROR] ASCENDCL(712971,15):2026-01-15-10:29:18.711.653 [memory.cpp:437]712971 aclrtMemcpyImpl: synchronized memcpy failed, kind = 1, runtime result = 107030
[ERROR] RUNTIME(712971,15):2026-01-15-10:29:18.767.394 [api_error.cc:1519]712971 MemCopySync:Memory copy sync failed, cnt=72, kind=1.
[ERROR] RUNTIME(712971,15):2026-01-15-10:29:18.767.401 [api_c.cc:1197]712971 rtMemcpy:ErrCode=107030, desc=[the current capture mode does not support this operation], InnerCode=0x703001c
[ERROR] RUNTIME(712971,15):2026-01-15-10:29:18.767.404 [error_message_manage.cc:53]712971 FuncErrorReason:report error module_type=3, module_name=EE8888
[ERROR] RUNTIME(712971,15):2026-01-15-10:29:18.767.423 [error_message_manage.cc:53]712971 FuncErrorReason:rtMemcpy execute failed, reason=[the current capture mode does not support this operation]
[ERROR] ASCENDCL(712971,15):2026-01-15-10:29:18.767.641 [memory.cpp:437]712971 aclrtMemcpyImpl: synchronized memcpy failed, kind = 1, runtime result = 107030
[ERROR] RUNTIME(712971,15):2026-01-15-10:29:18.829.878 [api_error.cc:1519]712971 MemCopySync:Memory copy sync failed, cnt=416, kind=1.
[ERROR] RUNTIME(712971,15):2026-01-15-10:29:18.829.886 [api_c.cc:1197]712971 rtMemcpy:ErrCode=107030, desc=[the current capture mode does not support this operation], InnerCode=0x703001c
[ERROR] RUNTIME(712971,15):2026-01-15-10:29:18.829.889 [error_message_manage.cc:53]712971 FuncErrorReason:report error module_type=3, module_name=EE8888
[ERROR] RUNTIME(712971,15):2026-01-15-10:29:18.829.892 [error_message_manage.cc:53]712971 FuncErrorReason:rtMemcpy execute failed, reason=[the current capture mode does not support this operation]
[ERROR] ASCENDCL(712971,15):2026-01-15-10:29:18.830.161 [memory.cpp:437]712971 aclrtMemcpyImpl: synchronized memcpy failed, kind = 1, runtime result = 107030
[ERROR] RUNTIME(712971,15):2026-01-15-10:29:18.901.626 [api_error.cc:1519]712971 MemCopySync:Memory copy sync failed, cnt=72, kind=1.
[ERROR] RUNTIME(712971,15):2026-01-15-10:29:18.901.633 [api_c.cc:1197]712971 rtMemcpy:ErrCode=107030, desc=[the current capture mode does not support this operation], InnerCode=0x703001c
[ERROR] RUNTIME(712971,15):2026-01-15-10:29:18.901.636 [error_message_manage.cc:53]712971 FuncErrorReason:report error module_type=3, module_name=EE8888
[ERROR] RUNTIME(712971,15):2026-01-15-10:29:18.901.639 [error_message_manage.cc:53]712971 FuncErrorReason:rtMemcpy execute failed, reason=[the current capture mode does not support this operation]
[ERROR] ASCENDCL(712971,15):2026-01-15-10:29:18.901.854 [memory.cpp:437]712971 aclrtMemcpyImpl: synchronized memcpy failed, kind = 1, runtime result = 107030
[ERROR] RUNTIME(712971,15):2026-01-15-10:29:18.979.743 [api_error.cc:1519]712971 MemCopySync:Memory copy sync failed, cnt=416, kind=1.
[ERROR] RUNTIME(712971,15):2026-01-15-10:29:18.979.751 [api_c.cc:1197]712971 rtMemcpy:ErrCode=107030, desc=[the current capture mode does not support this operation], InnerCode=0x703001c
[ERROR] RUNTIME(712971,15):2026-01-15-10:29:18.979.754 [error_message_manage.cc:53]712971 FuncErrorReason:report error module_type=3, module_name=EE8888
[ERROR] RUNTIME(712971,15):2026-01-15-10:29:18.979.756 [error_message_manage.cc:53]712971 FuncErrorReason:rtMemcpy execute failed, reason=[the current capture mode does not support this operation]
[ERROR] ASCENDCL(712971,15):2026-01-15-10:29:18.979.973 [memory.cpp:437]712971 aclrtMemcpyImpl: synchronized memcpy failed, kind = 1, runtime result = 107030
[ERROR] RUNTIME(712971,15):2026-01-15-10:29:19.053.003 [api_error.cc:1519]712971 MemCopySync:Memory copy sync failed, cnt=72, kind=1.
[ERROR] RUNTIME(712971,15):2026-01-15-10:29:19.053.010 [api_c.cc:1197]712971 rtMemcpy:ErrCode=107030, desc=[the current capture mode does not support this operation], InnerCode=0x703001c
[ERROR] RUNTIME(712971,15):2026-01-15-10:29:19.053.013 [error_message_manage.cc:53]712971 FuncErrorReason:report error module_type=3, module_name=EE8888
[ERROR] RUNTIME(712971,15):2026-01-15-10:29:19.053.016 [error_message_manage.cc:53]712971 FuncErrorReason:rtMemcpy execute failed, reason=[the current capture mode does not support this operation]
[ERROR] ASCENDCL(712971,15):2026-01-15-10:29:19.053.275 [memory.cpp:437]712971 aclrtMemcpyImpl: synchronized memcpy failed, kind = 1, runtime result = 107030
[ERROR] RUNTIME(712971,15):2026-01-15-10:29:19.134.645 [api_error.cc:1519]712971 MemCopySync:Memory copy sync failed, cnt=416, kind=1.
[ERROR] RUNTIME(712971,15):2026-01-15-10:29:19.134.653 [api_c.cc:1197]712971 rtMemcpy:ErrCode=107030, desc=[the current capture mode does not support this operation], InnerCode=0x703001c
[ERROR] RUNTIME(712971,15):2026-01-15-10:29:19.134.655 [error_message_manage.cc:53]712971 FuncErrorReason:report error module_type=3, module_name=EE8888
[ERROR] RUNTIME(712971,15):2026-01-15-10:29:19.134.658 [error_message_manage.cc:53]712971 FuncErrorReason:rtMemcpy execute failed, reason=[the current capture mode does not support this operation]
[ERROR] ASCENDCL(712971,15):2026-01-15-10:29:19.134.925 [memory.cpp:437]712971 aclrtMemcpyImpl: synchronized memcpy failed, kind = 1, runtime result = 107030
[ERROR] RUNTIME(712971,15):2026-01-15-10:29:19.209.637 [api_error.cc:1519]712971 MemCopySync:Memory copy sync failed, cnt=72, kind=1.
[ERROR] RUNTIME(712971,15):2026-01-15-10:29:19.209.645 [api_c.cc:1197]712971 rtMemcpy:ErrCode=107030, desc=[the current capture mode does not support this operation], InnerCode=0x703001c
[ERROR] RUNTIME(712971,15):2026-01-15-10:29:19.209.647 [error_message_manage.cc:53]712971 FuncErrorReason:report error module_type=3, module_name=EE8888
[ERROR] RUNTIME(712971,15):2026-01-15-10:29:19.209.650 [error_message_manage.cc:53]712971 FuncErrorReason:rtMemcpy execute failed, reason=[the current capture mode does not support this operation]
[ERROR] ASCENDCL(712971,15):2026-01-15-10:29:19.209.889 [memory.cpp:437]712971 aclrtMemcpyImpl: synchronized memcpy failed, kind = 1, runtime result = 107030
[ERROR] RUNTIME(712971,15):2026-01-15-10:29:19.280.161 [api_error.cc:1519]712971 MemCopySync:Memory copy sync failed, cnt=416, kind=1.
[ERROR] RUNTIME(712971,15):2026-01-15-10:29:19.280.169 [api_c.cc:1197]712971 rtMemcpy:ErrCode=107030, desc=[the current capture mode does not support this operation], InnerCode=0x703001c
[ERROR] RUNTIME(712971,15):2026-01-15-10:29:19.280.172 [error_message_manage.cc:53]712971 FuncErrorReason:report error module_type=3, module_name=EE8888
[ERROR] RUNTIME(712971,15):2026-01-15-10:29:19.280.174 [error_message_manage.cc:53]712971 FuncErrorReason:rtMemcpy execute failed, reason=[the current capture mode does not support this operation]
[ERROR] ASCENDCL(712971,15):2026-01-15-10:29:19.280.361 [memory.cpp:437]712971 aclrtMemcpyImpl: synchronized memcpy failed, kind = 1, runtime result = 107030
[ERROR] RUNTIME(712971,15):2026-01-15-10:29:19.335.778 [api_error.cc:1519]712971 MemCopySync:Memory copy sync failed, cnt=72, kind=1.
[ERROR] RUNTIME(712971,15):2026-01-15-10:29:19.335.785 [api_c.cc:1197]712971 rtMemcpy:ErrCode=107030, desc=[the current capture mode does not support this operation], InnerCode=0x703001c
[ERROR] RUNTIME(712971,15):2026-01-15-10:29:19.335.788 [error_message_manage.cc:53]712971 FuncErrorReason:report error module_type=3, module_name=EE8888
[ERROR] RUNTIME(712971,15):2026-01-15-10:29:19.335.790 [error_message_manage.cc:53]712971 FuncErrorReason:rtMemcpy execute failed, reason=[the current capture mode does not support this operation]
[ERROR] ASCENDCL(712971,15):2026-01-15-10:29:19.335.985 [memory.cpp:437]712971 aclrtMemcpyImpl: synchronized memcpy failed, kind = 1, runtime result = 107030
[ERROR] RUNTIME(712971,15):2026-01-15-10:29:19.402.831 [api_error.cc:1519]712971 MemCopySync:Memory copy sync failed, cnt=416, kind=1.
[ERROR] RUNTIME(712971,15):2026-01-15-10:29:19.402.840 [api_c.cc:1197]712971 rtMemcpy:ErrCode=107030, desc=[the current capture mode does not support this operation], InnerCode=0x703001c
[ERROR] RUNTIME(712971,15):2026-01-15-10:29:19.402.843 [error_message_manage.cc:53]712971 FuncErrorReason:report error module_type=3, module_name=EE8888
[ERROR] RUNTIME(712971,15):2026-01-15-10:29:19.402.846 [error_message_manage.cc:53]712971 FuncErrorReason:rtMemcpy execute failed, reason=[the current capture mode does not support this operation]
[ERROR] ASCENDCL(712971,15):2026-01-15-10:29:19.403.112 [memory.cpp:437]712971 aclrtMemcpyImpl: synchronized memcpy failed, kind = 1, runtime result = 107030
[ERROR] RUNTIME(712971,15):2026-01-15-10:29:19.465.762 [api_error.cc:1519]712971 MemCopySync:Memory copy sync failed, cnt=72, kind=1.
[ERROR] RUNTIME(712971,15):2026-01-15-10:29:19.465.770 [api_c.cc:1197]712971 rtMemcpy:ErrCode=107030, desc=[the current capture mode does not support this operation], InnerCode=0x703001c
[ERROR] RUNTIME(712971,15):2026-01-15-10:29:19.465.772 [error_message_manage.cc:53]712971 FuncErrorReason:report error module_type=3, module_name=EE8888
[ERROR] RUNTIME(712971,15):2026-01-15-10:29:19.465.774 [error_message_manage.cc:53]712971 FuncErrorReason:rtMemcpy execute failed, reason=[the current capture mode does not support this operation]
[ERROR] ASCENDCL(712971,15):2026-01-15-10:29:19.465.968 [memory.cpp:437]712971 aclrtMemcpyImpl: synchronized memcpy failed, kind = 1, runtime result = 107030
[ERROR] RUNTIME(712971,15):2026-01-15-10:29:19.536.816 [api_error.cc:1519]712971 MemCopySync:Memory copy sync failed, cnt=416, kind=1.
[ERROR] RUNTIME(712971,15):2026-01-15-10:29:19.536.824 [api_c.cc:1197]712971 rtMemcpy:ErrCode=107030, desc=[the current capture mode does not support this operation], InnerCode=0x703001c
[ERROR] RUNTIME(712971,15):2026-01-15-10:29:19.536.826 [error_message_manage.cc:53]712971 FuncErrorReason:report error module_type=3, module_name=EE8888
[ERROR] RUNTIME(712971,15):2026-01-15-10:29:19.536.829 [error_message_manage.cc:53]712971 FuncErrorReason:rtMemcpy execute failed, reason=[the current capture mode does not support this operation]
[ERROR] ASCENDCL(712971,15):2026-01-15-10:29:19.537.011 [memory.cpp:437]712971 aclrtMemcpyImpl: synchronized memcpy failed, kind = 1, runtime result = 107030
[ERROR] RUNTIME(712971,15):2026-01-15-10:29:19.609.209 [api_error.cc:1519]712971 MemCopySync:Memory copy sync failed, cnt=72, kind=1.
[ERROR] RUNTIME(712971,15):2026-01-15-10:29:19.609.217 [api_c.cc:1197]712971 rtMemcpy:ErrCode=107030, desc=[the current capture mode does not support this operation], InnerCode=0x703001c
[ERROR] RUNTIME(712971,15):2026-01-15-10:29:19.609.219 [error_message_manage.cc:53]712971 FuncErrorReason:report error module_type=3, module_name=EE8888
[ERROR] RUNTIME(712971,15):2026-01-15-10:29:19.609.222 [error_message_manage.cc:53]712971 FuncErrorReason:rtMemcpy execute failed, reason=[the current capture mode does not support this operation]
[ERROR] ASCENDCL(712971,15):2026-01-15-10:29:19.609.529 [memory.cpp:437]712971 aclrtMemcpyImpl: synchronized memcpy failed, kind = 1, runtime result = 107030
[ERROR] RUNTIME(712971,15):2026-01-15-10:29:19.678.695 [api_error.cc:1519]712971 MemCopySync:Memory copy sync failed, cnt=416, kind=1.
[ERROR] RUNTIME(712971,15):2026-01-15-10:29:19.678.703 [api_c.cc:1197]712971 rtMemcpy:ErrCode=107030, desc=[the current capture mode does not support this operation], InnerCode=0x703001c
[ERROR] RUNTIME(712971,15):2026-01-15-10:29:19.678.705 [error_message_manage.cc:53]712971 FuncErrorReason:report error module_type=3, module_name=EE8888
[ERROR] RUNTIME(712971,15):2026-01-15-10:29:19.678.708 [error_message_manage.cc:53]712971 FuncErrorReason:rtMemcpy execute failed, reason=[the current capture mode does not support this operation]
[ERROR] ASCENDCL(712971,15):2026-01-15-10:29:19.678.987 [memory.cpp:437]712971 aclrtMemcpyImpl: synchronized memcpy failed, kind = 1, runtime result = 107030
[ERROR] RUNTIME(712971,15):2026-01-15-10:29:19.744.103 [api_error.cc:1519]712971 MemCopySync:Memory copy sync failed, cnt=72, kind=1.
[ERROR] RUNTIME(712971,15):2026-01-15-10:29:19.744.111 [api_c.cc:1197]712971 rtMemcpy:ErrCode=107030, desc=[the current capture mode does not support this operation], InnerCode=0x703001c
[ERROR] RUNTIME(712971,15):2026-01-15-10:29:19.744.114 [error_message_manage.cc:53]712971 FuncErrorReason:report error module_type=3, module_name=EE8888
[ERROR] RUNTIME(712971,15):2026-01-15-10:29:19.744.117 [error_message_manage.cc:53]712971 FuncErrorReason:rtMemcpy execute failed, reason=[the current capture mode does not support this operation]
[ERROR] ASCENDCL(712971,15):2026-01-15-10:29:19.744.328 [memory.cpp:437]712971 aclrtMemcpyImpl: synchronized memcpy failed, kind = 1, runtime result = 107030
[ERROR] RUNTIME(712971,15):2026-01-15-10:29:19.821.726 [api_error.cc:1519]712971 MemCopySync:Memory copy sync failed, cnt=416, kind=1.
[ERROR] RUNTIME(712971,15):2026-01-15-10:29:19.821.734 [api_c.cc:1197]712971 rtMemcpy:ErrCode=107030, desc=[the current capture mode does not support this operation], InnerCode=0x703001c
[ERROR] RUNTIME(712971,15):2026-01-15-10:29:19.821.737 [error_message_manage.cc:53]712971 FuncErrorReason:report error module_type=3, module_name=EE8888
[ERROR] RUNTIME(712971,15):2026-01-15-10:29:19.821.740 [error_message_manage.cc:53]712971 FuncErrorReason:rtMemcpy execute failed, reason=[the current capture mode does not support this operation]
[ERROR] ASCENDCL(712971,15):2026-01-15-10:29:19.822.031 [memory.cpp:437]712971 aclrtMemcpyImpl: synchronized memcpy failed, kind = 1, runtime result = 107030
[ERROR] RUNTIME(712971,15):2026-01-15-10:29:19.884.055 [api_error.cc:1519]712971 MemCopySync:Memory copy sync failed, cnt=72, kind=1.
[ERROR] RUNTIME(712971,15):2026-01-15-10:29:19.884.062 [api_c.cc:1197]712971 rtMemcpy:ErrCode=107030, desc=[the current capture mode does not support this operation], InnerCode=0x703001c
[ERROR] RUNTIME(712971,15):2026-01-15-10:29:19.884.065 [error_message_manage.cc:53]712971 FuncErrorReason:report error module_type=3, module_name=EE8888
[ERROR] RUNTIME(712971,15):2026-01-15-10:29:19.884.068 [error_message_manage.cc:53]712971 FuncErrorReason:rtMemcpy execute failed, reason=[the current capture mode does not support this operation]
[ERROR] ASCENDCL(712971,15):2026-01-15-10:29:19.884.323 [memory.cpp:437]712971 aclrtMemcpyImpl: synchronized memcpy failed, kind = 1, runtime result = 107030
[ERROR] RUNTIME(712971,15):2026-01-15-10:29:19.955.819 [api_error.cc:1519]712971 MemCopySync:Memory copy sync failed, cnt=416, kind=1.
[ERROR] RUNTIME(712971,15):2026-01-15-10:29:19.955.827 [api_c.cc:1197]712971 rtMemcpy:ErrCode=107030, desc=[the current capture mode does not support this operation], InnerCode=0x703001c
[ERROR] RUNTIME(712971,15):2026-01-15-10:29:19.955.829 [error_message_manage.cc:53]712971 FuncErrorReason:report error module_type=3, module_name=EE8888
[ERROR] RUNTIME(712971,15):2026-01-15-10:29:19.955.832 [error_message_manage.cc:53]712971 FuncErrorReason:rtMemcpy execute failed, reason=[the current capture mode does not support this operation]
[ERROR] ASCENDCL(712971,15):2026-01-15-10:29:19.956.061 [memory.cpp:437]712971 aclrtMemcpyImpl: synchronized memcpy failed, kind = 1, runtime result = 107030
[ERROR] RUNTIME(712971,15):2026-01-15-10:29:20.025.584 [api_error.cc:1519]712971 MemCopySync:Memory copy sync failed, cnt=72, kind=1.
[ERROR] RUNTIME(712971,15):2026-01-15-10:29:20.025.592 [api_c.cc:1197]712971 rtMemcpy:ErrCode=107030, desc=[the current capture mode does not support this operation], InnerCode=0x703001c
[ERROR] RUNTIME(712971,15):2026-01-15-10:29:20.025.594 [error_message_manage.cc:53]712971 FuncErrorReason:report error module_type=3, module_name=EE8888
[ERROR] RUNTIME(712971,15):2026-01-15-10:29:20.025.597 [error_message_manage.cc:53]712971 FuncErrorReason:rtMemcpy execute failed, reason=[the current capture mode does not support this operation]
[ERROR] ASCENDCL(712971,15):2026-01-15-10:29:20.025.906 [memory.cpp:437]712971 aclrtMemcpyImpl: synchronized memcpy failed, kind = 1, runtime result = 107030
[ERROR] RUNTIME(712971,15):2026-01-15-10:29:20.098.826 [api_error.cc:1519]712971 MemCopySync:Memory copy sync failed, cnt=416, kind=1.
[ERROR] RUNTIME(712971,15):2026-01-15-10:29:20.098.834 [api_c.cc:1197]712971 rtMemcpy:ErrCode=107030, desc=[the current capture mode does not support this operation], InnerCode=0x703001c
[ERROR] RUNTIME(712971,15):2026-01-15-10:29:20.098.837 [error_message_manage.cc:53]712971 FuncErrorReason:report error module_type=3, module_name=EE8888
[ERROR] RUNTIME(712971,15):2026-01-15-10:29:20.098.840 [error_message_manage.cc:53]712971 FuncErrorReason:rtMemcpy execute failed, reason=[the current capture mode does not support this operation]
[ERROR] ASCENDCL(712971,15):2026-01-15-10:29:20.099.085 [memory.cpp:437]712971 aclrtMemcpyImpl: synchronized memcpy failed, kind = 1, runtime result = 107030
[ERROR] RUNTIME(712971,15):2026-01-15-10:29:20.161.860 [api_error.cc:1519]712971 MemCopySync:Memory copy sync failed, cnt=72, kind=1.
[ERROR] RUNTIME(712971,15):2026-01-15-10:29:20.161.867 [api_c.cc:1197]712971 rtMemcpy:ErrCode=107030, desc=[the current capture mode does not support this operation], InnerCode=0x703001c
[ERROR] RUNTIME(712971,15):2026-01-15-10:29:20.161.870 [error_message_manage.cc:53]712971 FuncErrorReason:report error module_type=3, module_name=EE8888
[ERROR] RUNTIME(712971,15):2026-01-15-10:29:20.161.873 [error_message_manage.cc:53]712971 FuncErrorReason:rtMemcpy execute failed, reason=[the current capture mode does not support this operation]
[ERROR] ASCENDCL(712971,15):2026-01-15-10:29:20.162.097 [memory.cpp:437]712971 aclrtMemcpyImpl: synchronized memcpy failed, kind = 1, runtime result = 107030
[ERROR] RUNTIME(712971,15):2026-01-15-10:29:20.227.659 [api_error.cc:1519]712971 MemCopySync:Memory copy sync failed, cnt=416, kind=1.
[ERROR] RUNTIME(712971,15):2026-01-15-10:29:20.227.668 [api_c.cc:1197]712971 rtMemcpy:ErrCode=107030, desc=[the current capture mode does not support this operation], InnerCode=0x703001c
[ERROR] RUNTIME(712971,15):2026-01-15-10:29:20.227.671 [error_message_manage.cc:53]712971 FuncErrorReason:report error module_type=3, module_name=EE8888
[ERROR] RUNTIME(712971,15):2026-01-15-10:29:20.227.674 [error_message_manage.cc:53]712971 FuncErrorReason:rtMemcpy execute failed, reason=[the current capture mode does not support this operation]
[ERROR] ASCENDCL(712971,15):2026-01-15-10:29:20.227.983 [memory.cpp:437]712971 aclrtMemcpyImpl: synchronized memcpy failed, kind = 1, runtime result = 107030
[ERROR] RUNTIME(712971,15):2026-01-15-10:29:20.291.325 [api_error.cc:1519]712971 MemCopySync:Memory copy sync failed, cnt=72, kind=1.
[ERROR] RUNTIME(712971,15):2026-01-15-10:29:20.291.332 [api_c.cc:1197]712971 rtMemcpy:ErrCode=107030, desc=[the current capture mode does not support this operation], InnerCode=0x703001c
[ERROR] RUNTIME(712971,15):2026-01-15-10:29:20.291.335 [error_message_manage.cc:53]712971 FuncErrorReason:report error module_type=3, module_name=EE8888
[ERROR] RUNTIME(712971,15):2026-01-15-10:29:20.291.337 [error_message_manage.cc:53]712971 FuncErrorReason:rtMemcpy execute failed, reason=[the current capture mode does not support this operation]
[ERROR] ASCENDCL(712971,15):2026-01-15-10:29:20.291.569 [memory.cpp:437]712971 aclrtMemcpyImpl: synchronized memcpy failed, kind = 1, runtime result = 107030
[ERROR] RUNTIME(712971,15):2026-01-15-10:29:20.356.148 [api_error.cc:1519]712971 MemCopySync:Memory copy sync failed, cnt=416, kind=1.
[ERROR] RUNTIME(712971,15):2026-01-15-10:29:20.356.156 [api_c.cc:1197]712971 rtMemcpy:ErrCode=107030, desc=[the current capture mode does not support this operation], InnerCode=0x703001c
[ERROR] RUNTIME(712971,15):2026-01-15-10:29:20.356.159 [error_message_manage.cc:53]712971 FuncErrorReason:report error module_type=3, module_name=EE8888
[ERROR] RUNTIME(712971,15):2026-01-15-10:29:20.356.162 [error_message_manage.cc:53]712971 FuncErrorReason:rtMemcpy execute failed, reason=[the current capture mode does not support this operation]
[ERROR] ASCENDCL(712971,15):2026-01-15-10:29:20.356.454 [memory.cpp:437]712971 aclrtMemcpyImpl: synchronized memcpy failed, kind = 1, runtime result = 107030
[ERROR] RUNTIME(712971,15):2026-01-15-10:29:20.427.118 [api_error.cc:1519]712971 MemCopySync:Memory copy sync failed, cnt=72, kind=1.
[ERROR] RUNTIME(712971,15):2026-01-15-10:29:20.427.125 [api_c.cc:1197]712971 rtMemcpy:ErrCode=107030, desc=[the current capture mode does not support this operation], InnerCode=0x703001c
[ERROR] RUNTIME(712971,15):2026-01-15-10:29:20.427.128 [error_message_manage.cc:53]712971 FuncErrorReason:report error module_type=3, module_name=EE8888
[ERROR] RUNTIME(712971,15):2026-01-15-10:29:20.427.131 [error_message_manage.cc:53]712971 FuncErrorReason:rtMemcpy execute failed, reason=[the current capture mode does not support this operation]
[ERROR] ASCENDCL(712971,15):2026-01-15-10:29:20.427.435 [memory.cpp:437]712971 aclrtMemcpyImpl: synchronized memcpy failed, kind = 1, runtime result = 107030
[ERROR] RUNTIME(712971,15):2026-01-15-10:29:20.507.242 [api_error.cc:1519]712971 MemCopySync:Memory copy sync failed, cnt=416, kind=1.
[ERROR] RUNTIME(712971,15):2026-01-15-10:29:20.507.249 [api_c.cc:1197]712971 rtMemcpy:ErrCode=107030, desc=[the current capture mode does not support this operation], InnerCode=0x703001c
[ERROR] RUNTIME(712971,15):2026-01-15-10:29:20.507.252 [error_message_manage.cc:53]712971 FuncErrorReason:report error module_type=3, module_name=EE8888
[ERROR] RUNTIME(712971,15):2026-01-15-10:29:20.507.255 [error_message_manage.cc:53]712971 FuncErrorReason:rtMemcpy execute failed, reason=[the current capture mode does not support this operation]
[ERROR] ASCENDCL(712971,15):2026-01-15-10:29:20.507.532 [memory.cpp:437]712971 aclrtMemcpyImpl: synchronized memcpy failed, kind = 1, runtime result = 107030
[ERROR] RUNTIME(712971,15):2026-01-15-10:29:20.588.967 [api_error.cc:1519]712971 MemCopySync:Memory copy sync failed, cnt=72, kind=1.
[ERROR] RUNTIME(712971,15):2026-01-15-10:29:20.588.974 [api_c.cc:1197]712971 rtMemcpy:ErrCode=107030, desc=[the current capture mode does not support this operation], InnerCode=0x703001c
[ERROR] RUNTIME(712971,15):2026-01-15-10:29:20.588.977 [error_message_manage.cc:53]712971 FuncErrorReason:report error module_type=3, module_name=EE8888
[ERROR] RUNTIME(712971,15):2026-01-15-10:29:20.588.980 [error_message_manage.cc:53]712971 FuncErrorReason:rtMemcpy execute failed, reason=[the current capture mode does not support this operation]
[ERROR] ASCENDCL(712971,15):2026-01-15-10:29:20.589.215 [memory.cpp:437]712971 aclrtMemcpyImpl: synchronized memcpy failed, kind = 1, runtime result = 107030
[ERROR] RUNTIME(712971,15):2026-01-15-10:29:20.668.614 [api_error.cc:1519]712971 MemCopySync:Memory copy sync failed, cnt=416, kind=1.
[ERROR] RUNTIME(712971,15):2026-01-15-10:29:20.668.622 [api_c.cc:1197]712971 rtMemcpy:ErrCode=107030, desc=[the current capture mode does not support this operation], InnerCode=0x703001c
[ERROR] RUNTIME(712971,15):2026-01-15-10:29:20.668.625 [error_message_manage.cc:53]712971 FuncErrorReason:report error module_type=3, module_name=EE8888
[ERROR] RUNTIME(712971,15):2026-01-15-10:29:20.668.628 [error_message_manage.cc:53]712971 FuncErrorReason:rtMemcpy execute failed, reason=[the current capture mode does not support this operation]
[ERROR] ASCENDCL(712971,15):2026-01-15-10:29:20.668.915 [memory.cpp:437]712971 aclrtMemcpyImpl: synchronized memcpy failed, kind = 1, runtime result = 107030
[ERROR] RUNTIME(712971,15):2026-01-15-10:29:20.740.418 [api_error.cc:1519]712971 MemCopySync:Memory copy sync failed, cnt=72, kind=1.
[ERROR] RUNTIME(712971,15):2026-01-15-10:29:20.740.425 [api_c.cc:1197]712971 rtMemcpy:ErrCode=107030, desc=[the current capture mode does not support this operation], InnerCode=0x703001c
[ERROR] RUNTIME(712971,15):2026-01-15-10:29:20.740.428 [error_message_manage.cc:53]712971 FuncErrorReason:report error module_type=3, module_name=EE8888
[ERROR] RUNTIME(712971,15):2026-01-15-10:29:20.740.431 [error_message_manage.cc:53]712971 FuncErrorReason:rtMemcpy execute failed, reason=[the current capture mode does not support this operation]
[ERROR] ASCENDCL(712971,15):2026-01-15-10:29:20.740.637 [memory.cpp:437]712971 aclrtMemcpyImpl: synchronized memcpy failed, kind = 1, runtime result = 107030
[ERROR] RUNTIME(712971,15):2026-01-15-10:29:20.799.261 [api_error.cc:1519]712971 MemCopySync:Memory copy sync failed, cnt=416, kind=1.
[ERROR] RUNTIME(712971,15):2026-01-15-10:29:20.799.270 [api_c.cc:1197]712971 rtMemcpy:ErrCode=107030, desc=[the current capture mode does not support this operation], InnerCode=0x703001c
[ERROR] RUNTIME(712971,15):2026-01-15-10:29:20.799.273 [error_message_manage.cc:53]712971 FuncErrorReason:report error module_type=3, module_name=EE8888
[ERROR] RUNTIME(712971,15):2026-01-15-10:29:20.799.276 [error_message_manage.cc:53]712971 FuncErrorReason:rtMemcpy execute failed, reason=[the current capture mode does not support this operation]
[ERROR] ASCENDCL(712971,15):2026-01-15-10:29:20.799.516 [memory.cpp:437]712971 aclrtMemcpyImpl: synchronized memcpy failed, kind = 1, runtime result = 107030
[ERROR] RUNTIME(712971,15):2026-01-15-10:29:20.849.901 [api_error.cc:1519]712971 MemCopySync:Memory copy sync failed, cnt=72, kind=1.
[ERROR] RUNTIME(712971,15):2026-01-15-10:29:20.849.908 [api_c.cc:1197]712971 rtMemcpy:ErrCode=107030, desc=[the current capture mode does not support this operation], InnerCode=0x703001c
[ERROR] RUNTIME(712971,15):2026-01-15-10:29:20.849.911 [error_message_manage.cc:53]712971 FuncErrorReason:report error module_type=3, module_name=EE8888
[ERROR] RUNTIME(712971,15):2026-01-15-10:29:20.849.914 [error_message_manage.cc:53]712971 FuncErrorReason:rtMemcpy execute failed, reason=[the current capture mode does not support this operation]
[ERROR] ASCENDCL(712971,15):2026-01-15-10:29:20.850.158 [memory.cpp:437]712971 aclrtMemcpyImpl: synchronized memcpy failed, kind = 1, runtime result = 107030
[ERROR] RUNTIME(712971,15):2026-01-15-10:29:20.920.902 [api_error.cc:1519]712971 MemCopySync:Memory copy sync failed, cnt=416, kind=1.
[ERROR] RUNTIME(712971,15):2026-01-15-10:29:20.920.909 [api_c.cc:1197]712971 rtMemcpy:ErrCode=107030, desc=[the current capture mode does not support this operation], InnerCode=0x703001c
[ERROR] RUNTIME(712971,15):2026-01-15-10:29:20.920.912 [error_message_manage.cc:53]712971 FuncErrorReason:report error module_type=3, module_name=EE8888
[ERROR] RUNTIME(712971,15):2026-01-15-10:29:20.920.915 [error_message_manage.cc:53]712971 FuncErrorReason:rtMemcpy execute failed, reason=[the current capture mode does not support this operation]
[ERROR] ASCENDCL(712971,15):2026-01-15-10:29:20.921.134 [memory.cpp:437]712971 aclrtMemcpyImpl: synchronized memcpy failed, kind = 1, runtime result = 107030
[ERROR] RUNTIME(712971,15):2026-01-15-10:29:20.992.908 [api_error.cc:1519]712971 MemCopySync:Memory copy sync failed, cnt=72, kind=1.
[ERROR] RUNTIME(712971,15):2026-01-15-10:29:20.992.917 [api_c.cc:1197]712971 rtMemcpy:ErrCode=107030, desc=[the current capture mode does not support this operation], InnerCode=0x703001c
[ERROR] RUNTIME(712971,15):2026-01-15-10:29:20.992.920 [error_message_manage.cc:53]712971 FuncErrorReason:report error module_type=3, module_name=EE8888
[ERROR] RUNTIME(712971,15):2026-01-15-10:29:20.992.922 [error_message_manage.cc:53]712971 FuncErrorReason:rtMemcpy execute failed, reason=[the current capture mode does not support this operation]
[ERROR] ASCENDCL(712971,15):2026-01-15-10:29:20.993.186 [memory.cpp:437]712971 aclrtMemcpyImpl: synchronized memcpy failed, kind = 1, runtime result = 107030
[ERROR] RUNTIME(712971,15):2026-01-15-10:29:21.071.435 [api_error.cc:1519]712971 MemCopySync:Memory copy sync failed, cnt=416, kind=1.
[ERROR] RUNTIME(712971,15):2026-01-15-10:29:21.071.444 [api_c.cc:1197]712971 rtMemcpy:ErrCode=107030, desc=[the current capture mode does not support this operation], InnerCode=0x703001c
[ERROR] RUNTIME(712971,15):2026-01-15-10:29:21.071.447 [error_message_manage.cc:53]712971 FuncErrorReason:report error module_type=3, module_name=EE8888
[ERROR] RUNTIME(712971,15):2026-01-15-10:29:21.071.450 [error_message_manage.cc:53]712971 FuncErrorReason:rtMemcpy execute failed, reason=[the current capture mode does not support this operation]
[ERROR] ASCENDCL(712971,15):2026-01-15-10:29:21.071.779 [memory.cpp:437]712971 aclrtMemcpyImpl: synchronized memcpy failed, kind = 1, runtime result = 107030
[ERROR] RUNTIME(712971,15):2026-01-15-10:29:21.147.105 [api_error.cc:1519]712971 MemCopySync:Memory copy sync failed, cnt=72, kind=1.
[ERROR] RUNTIME(712971,15):2026-01-15-10:29:21.147.113 [api_c.cc:1197]712971 rtMemcpy:ErrCode=107030, desc=[the current capture mode does not support this operation], InnerCode=0x703001c
[ERROR] RUNTIME(712971,15):2026-01-15-10:29:21.147.115 [error_message_manage.cc:53]712971 FuncErrorReason:report error module_type=3, module_name=EE8888
[ERROR] RUNTIME(712971,15):2026-01-15-10:29:21.147.118 [error_message_manage.cc:53]712971 FuncErrorReason:rtMemcpy execute failed, reason=[the current capture mode does not support this operation]
[ERROR] ASCENDCL(712971,15):2026-01-15-10:29:21.147.321 [memory.cpp:437]712971 aclrtMemcpyImpl: synchronized memcpy failed, kind = 1, runtime result = 107030
[ERROR] RUNTIME(712971,15):2026-01-15-10:29:21.220.410 [api_error.cc:1519]712971 MemCopySync:Memory copy sync failed, cnt=416, kind=1.
[ERROR] RUNTIME(712971,15):2026-01-15-10:29:21.220.419 [api_c.cc:1197]712971 rtMemcpy:ErrCode=107030, desc=[the current capture mode does not support this operation], InnerCode=0x703001c
[ERROR] RUNTIME(712971,15):2026-01-15-10:29:21.220.421 [error_message_manage.cc:53]712971 FuncErrorReason:report error module_type=3, module_name=EE8888
[ERROR] RUNTIME(712971,15):2026-01-15-10:29:21.220.424 [error_message_manage.cc:53]712971 FuncErrorReason:rtMemcpy execute failed, reason=[the current capture mode does not support this operation]
[ERROR] ASCENDCL(712971,15):2026-01-15-10:29:21.220.791 [memory.cpp:437]712971 aclrtMemcpyImpl: synchronized memcpy failed, kind = 1, runtime result = 107030
[ERROR] RUNTIME(712971,15):2026-01-15-10:29:21.282.617 [api_error.cc:1519]712971 MemCopySync:Memory copy sync failed, cnt=72, kind=1.
[ERROR] RUNTIME(712971,15):2026-01-15-10:29:21.282.624 [api_c.cc:1197]712971 rtMemcpy:ErrCode=107030, desc=[the current capture mode does not support this operation], InnerCode=0x703001c
[ERROR] RUNTIME(712971,15):2026-01-15-10:29:21.282.627 [error_message_manage.cc:53]712971 FuncErrorReason:report error module_type=3, module_name=EE8888
[ERROR] RUNTIME(712971,15):2026-01-15-10:29:21.282.629 [error_message_manage.cc:53]712971 FuncErrorReason:rtMemcpy execute failed, reason=[the current capture mode does not support this operation]
[ERROR] ASCENDCL(712971,15):2026-01-15-10:29:21.282.849 [memory.cpp:437]712971 aclrtMemcpyImpl: synchronized memcpy failed, kind = 1, runtime result = 107030
[ERROR] RUNTIME(712971,15):2026-01-15-10:29:21.351.488 [api_error.cc:1519]712971 MemCopySync:Memory copy sync failed, cnt=416, kind=1.
[ERROR] RUNTIME(712971,15):2026-01-15-10:29:21.351.496 [api_c.cc:1197]712971 rtMemcpy:ErrCode=107030, desc=[the current capture mode does not support this operation], InnerCode=0x703001c
[ERROR] RUNTIME(712971,15):2026-01-15-10:29:21.351.499 [error_message_manage.cc:53]712971 FuncErrorReason:report error module_type=3, module_name=EE8888
[ERROR] RUNTIME(712971,15):2026-01-15-10:29:21.351.502 [error_message_manage.cc:53]712971 FuncErrorReason:rtMemcpy execute failed, reason=[the current capture mode does not support this operation]
[ERROR] ASCENDCL(712971,15):2026-01-15-10:29:21.351.729 [memory.cpp:437]712971 aclrtMemcpyImpl: synchronized memcpy failed, kind = 1, runtime result = 107030
[ERROR] RUNTIME(712971,15):2026-01-15-10:29:21.421.902 [api_error.cc:1519]712971 MemCopySync:Memory copy sync failed, cnt=72, kind=1.
[ERROR] RUNTIME(712971,15):2026-01-15-10:29:21.421.910 [api_c.cc:1197]712971 rtMemcpy:ErrCode=107030, desc=[the current capture mode does not support this operation], InnerCode=0x703001c
[ERROR] RUNTIME(712971,15):2026-01-15-10:29:21.421.912 [error_message_manage.cc:53]712971 FuncErrorReason:report error module_type=3, module_name=EE8888
[ERROR] RUNTIME(712971,15):2026-01-15-10:29:21.421.915 [error_message_manage.cc:53]712971 FuncErrorReason:rtMemcpy execute failed, reason=[the current capture mode does not support this operation]
[ERROR] ASCENDCL(712971,15):2026-01-15-10:29:21.422.197 [memory.cpp:437]712971 aclrtMemcpyImpl: synchronized memcpy failed, kind = 1, runtime result = 107030
[ERROR] RUNTIME(712971,15):2026-01-15-10:29:21.492.947 [api_error.cc:1519]712971 MemCopySync:Memory copy sync failed, cnt=416, kind=1.
[ERROR] RUNTIME(712971,15):2026-01-15-10:29:21.492.954 [api_c.cc:1197]712971 rtMemcpy:ErrCode=107030, desc=[the current capture mode does not support this operation], InnerCode=0x703001c
[ERROR] RUNTIME(712971,15):2026-01-15-10:29:21.492.957 [error_message_manage.cc:53]712971 FuncErrorReason:report error module_type=3, module_name=EE8888
[ERROR] RUNTIME(712971,15):2026-01-15-10:29:21.492.960 [error_message_manage.cc:53]712971 FuncErrorReason:rtMemcpy execute failed, reason=[the current capture mode does not support this operation]
[ERROR] ASCENDCL(712971,15):2026-01-15-10:29:21.493.201 [memory.cpp:437]712971 aclrtMemcpyImpl: synchronized memcpy failed, kind = 1, runtime result = 107030
[ERROR] RUNTIME(712971,15):2026-01-15-10:29:21.560.642 [api_error.cc:1519]712971 MemCopySync:Memory copy sync failed, cnt=72, kind=1.
[ERROR] RUNTIME(712971,15):2026-01-15-10:29:21.560.650 [api_c.cc:1197]712971 rtMemcpy:ErrCode=107030, desc=[the current capture mode does not support this operation], InnerCode=0x703001c
[ERROR] RUNTIME(712971,15):2026-01-15-10:29:21.560.652 [error_message_manage.cc:53]712971 FuncErrorReason:report error module_type=3, module_name=EE8888
[ERROR] RUNTIME(712971,15):2026-01-15-10:29:21.560.655 [error_message_manage.cc:53]712971 FuncErrorReason:rtMemcpy execute failed, reason=[the current capture mode does not support this operation]
[ERROR] ASCENDCL(712971,15):2026-01-15-10:29:21.560.887 [memory.cpp:437]712971 aclrtMemcpyImpl: synchronized memcpy failed, kind = 1, runtime result = 107030
[ERROR] RUNTIME(712971,15):2026-01-15-10:29:21.631.896 [api_error.cc:1519]712971 MemCopySync:Memory copy sync failed, cnt=416, kind=1.
[ERROR] RUNTIME(712971,15):2026-01-15-10:29:21.631.904 [api_c.cc:1197]712971 rtMemcpy:ErrCode=107030, desc=[the current capture mode does not support this operation], InnerCode=0x703001c
[ERROR] RUNTIME(712971,15):2026-01-15-10:29:21.631.907 [error_message_manage.cc:53]712971 FuncErrorReason:report error module_type=3, module_name=EE8888
[ERROR] RUNTIME(712971,15):2026-01-15-10:29:21.631.910 [error_message_manage.cc:53]712971 FuncErrorReason:rtMemcpy execute failed, reason=[the current capture mode does not support this operation]
[ERROR] ASCENDCL(712971,15):2026-01-15-10:29:21.632.231 [memory.cpp:437]712971 aclrtMemcpyImpl: synchronized memcpy failed, kind = 1, runtime result = 107030
[ERROR] RUNTIME(712971,15):2026-01-15-10:29:21.703.251 [api_error.cc:1519]712971 MemCopySync:Memory copy sync failed, cnt=72, kind=1.
[ERROR] RUNTIME(712971,15):2026-01-15-10:29:21.703.258 [api_c.cc:1197]712971 rtMemcpy:ErrCode=107030, desc=[the current capture mode does not support this operation], InnerCode=0x703001c
[ERROR] RUNTIME(712971,15):2026-01-15-10:29:21.703.261 [error_message_manage.cc:53]712971 FuncErrorReason:report error module_type=3, module_name=EE8888
[ERROR] RUNTIME(712971,15):2026-01-15-10:29:21.703.264 [error_message_manage.cc:53]712971 FuncErrorReason:rtMemcpy execute failed, reason=[the current capture mode does not support this operation]
[ERROR] ASCENDCL(712971,15):2026-01-15-10:29:21.703.510 [memory.cpp:437]712971 aclrtMemcpyImpl: synchronized memcpy failed, kind = 1, runtime result = 107030
[ERROR] RUNTIME(712971,15):2026-01-15-10:29:21.779.632 [api_error.cc:1519]712971 MemCopySync:Memory copy sync failed, cnt=416, kind=1.
[ERROR] RUNTIME(712971,15):2026-01-15-10:29:21.779.640 [api_c.cc:1197]712971 rtMemcpy:ErrCode=107030, desc=[the current capture mode does not support this operation], InnerCode=0x703001c
[ERROR] RUNTIME(712971,15):2026-01-15-10:29:21.779.643 [error_message_manage.cc:53]712971 FuncErrorReason:report error module_type=3, module_name=EE8888
[ERROR] RUNTIME(712971,15):2026-01-15-10:29:21.779.646 [error_message_manage.cc:53]712971 FuncErrorReason:rtMemcpy execute failed, reason=[the current capture mode does not support this operation]
[ERROR] ASCENDCL(712971,15):2026-01-15-10:29:21.779.870 [memory.cpp:437]712971 aclrtMemcpyImpl: synchronized memcpy failed, kind = 1, runtime result = 107030
[ERROR] RUNTIME(712971,15):2026-01-15-10:29:21.852.995 [api_error.cc:1519]712971 MemCopySync:Memory copy sync failed, cnt=72, kind=1.
[ERROR] RUNTIME(712971,15):2026-01-15-10:29:21.853.003 [api_c.cc:1197]712971 rtMemcpy:ErrCode=107030, desc=[the current capture mode does not support this operation], InnerCode=0x703001c
[ERROR] RUNTIME(712971,15):2026-01-15-10:29:21.853.006 [error_message_manage.cc:53]712971 FuncErrorReason:report error module_type=3, module_name=EE8888
[ERROR] RUNTIME(712971,15):2026-01-15-10:29:21.853.009 [error_message_manage.cc:53]712971 FuncErrorReason:rtMemcpy execute failed, reason=[the current capture mode does not support this operation]
[ERROR] ASCENDCL(712971,15):2026-01-15-10:29:21.853.291 [memory.cpp:437]712971 aclrtMemcpyImpl: synchronized memcpy failed, kind = 1, runtime result = 107030
[ERROR] RUNTIME(712971,15):2026-01-15-10:29:21.931.144 [api_error.cc:1519]712971 MemCopySync:Memory copy sync failed, cnt=416, kind=1.
[ERROR] RUNTIME(712971,15):2026-01-15-10:29:21.931.151 [api_c.cc:1197]712971 rtMemcpy:ErrCode=107030, desc=[the current capture mode does not support this operation], InnerCode=0x703001c
[ERROR] RUNTIME(712971,15):2026-01-15-10:29:21.931.154 [error_message_manage.cc:53]712971 FuncErrorReason:report error module_type=3, module_name=EE8888
[ERROR] RUNTIME(712971,15):2026-01-15-10:29:21.931.157 [error_message_manage.cc:53]712971 FuncErrorReason:rtMemcpy execute failed, reason=[the current capture mode does not support this operation]
[ERROR] ASCENDCL(712971,15):2026-01-15-10:29:21.931.387 [memory.cpp:437]712971 aclrtMemcpyImpl: synchronized memcpy failed, kind = 1, runtime result = 107030
[ERROR] RUNTIME(712971,15):2026-01-15-10:29:22.005.898 [api_error.cc:1519]712971 MemCopySync:Memory copy sync failed, cnt=72, kind=1.
[ERROR] RUNTIME(712971,15):2026-01-15-10:29:22.005.906 [api_c.cc:1197]712971 rtMemcpy:ErrCode=107030, desc=[the current capture mode does not support this operation], InnerCode=0x703001c
[ERROR] RUNTIME(712971,15):2026-01-15-10:29:22.005.909 [error_message_manage.cc:53]712971 FuncErrorReason:report error module_type=3, module_name=EE8888
[ERROR] RUNTIME(712971,15):2026-01-15-10:29:22.005.912 [error_message_manage.cc:53]712971 FuncErrorReason:rtMemcpy execute failed, reason=[the current capture mode does not support this operation]
[ERROR] ASCENDCL(712971,15):2026-01-15-10:29:22.006.122 [memory.cpp:437]712971 aclrtMemcpyImpl: synchronized memcpy failed, kind = 1, runtime result = 107030
[ERROR] RUNTIME(712971,15):2026-01-15-10:29:22.085.157 [api_error.cc:1519]712971 MemCopySync:Memory copy sync failed, cnt=416, kind=1.
[ERROR] RUNTIME(712971,15):2026-01-15-10:29:22.085.166 [api_c.cc:1197]712971 rtMemcpy:ErrCode=107030, desc=[the current capture mode does not support this operation], InnerCode=0x703001c
[ERROR] RUNTIME(712971,15):2026-01-15-10:29:22.085.168 [error_message_manage.cc:53]712971 FuncErrorReason:report error module_type=3, module_name=EE8888
[ERROR] RUNTIME(712971,15):2026-01-15-10:29:22.085.171 [error_message_manage.cc:53]712971 FuncErrorReason:rtMemcpy execute failed, reason=[the current capture mode does not support this operation]
[ERROR] ASCENDCL(712971,15):2026-01-15-10:29:22.085.380 [memory.cpp:437]712971 aclrtMemcpyImpl: synchronized memcpy failed, kind = 1, runtime result = 107030
[ERROR] RUNTIME(712971,15):2026-01-15-10:29:22.158.026 [api_error.cc:1519]712971 MemCopySync:Memory copy sync failed, cnt=72, kind=1.
[ERROR] RUNTIME(712971,15):2026-01-15-10:29:22.158.034 [api_c.cc:1197]712971 rtMemcpy:ErrCode=107030, desc=[the current capture mode does not support this operation], InnerCode=0x703001c
[ERROR] RUNTIME(712971,15):2026-01-15-10:29:22.158.036 [error_message_manage.cc:53]712971 FuncErrorReason:report error module_type=3, module_name=EE8888
[ERROR] RUNTIME(712971,15):2026-01-15-10:29:22.158.039 [error_message_manage.cc:53]712971 FuncErrorReason:rtMemcpy execute failed, reason=[the current capture mode does not support this operation]
[ERROR] ASCENDCL(712971,15):2026-01-15-10:29:22.158.312 [memory.cpp:437]712971 aclrtMemcpyImpl: synchronized memcpy failed, kind = 1, runtime result = 107030
[ERROR] RUNTIME(712971,15):2026-01-15-10:29:22.230.288 [api_error.cc:1519]712971 MemCopySync:Memory copy sync failed, cnt=416, kind=1.
[ERROR] RUNTIME(712971,15):2026-01-15-10:29:22.230.297 [api_c.cc:1197]712971 rtMemcpy:ErrCode=107030, desc=[the current capture mode does not support this operation], InnerCode=0x703001c
[ERROR] RUNTIME(712971,15):2026-01-15-10:29:22.230.299 [error_message_manage.cc:53]712971 FuncErrorReason:report error module_type=3, module_name=EE8888
[ERROR] RUNTIME(712971,15):2026-01-15-10:29:22.230.302 [error_message_manage.cc:53]712971 FuncErrorReason:rtMemcpy execute failed, reason=[the current capture mode does not support this operation]
[ERROR] ASCENDCL(712971,15):2026-01-15-10:29:22.230.616 [memory.cpp:437]712971 aclrtMemcpyImpl: synchronized memcpy failed, kind = 1, runtime result = 107030
[ERROR] RUNTIME(712971,15):2026-01-15-10:29:22.304.868 [api_error.cc:1519]712971 MemCopySync:Memory copy sync failed, cnt=72, kind=1.
[ERROR] RUNTIME(712971,15):2026-01-15-10:29:22.304.876 [api_c.cc:1197]712971 rtMemcpy:ErrCode=107030, desc=[the current capture mode does not support this operation], InnerCode=0x703001c
[ERROR] RUNTIME(712971,15):2026-01-15-10:29:22.304.878 [error_message_manage.cc:53]712971 FuncErrorReason:report error module_type=3, module_name=EE8888
[ERROR] RUNTIME(712971,15):2026-01-15-10:29:22.304.881 [error_message_manage.cc:53]712971 FuncErrorReason:rtMemcpy execute failed, reason=[the current capture mode does not support this operation]
[ERROR] ASCENDCL(712971,15):2026-01-15-10:29:22.305.121 [memory.cpp:437]712971 aclrtMemcpyImpl: synchronized memcpy failed, kind = 1, runtime result = 107030
[ERROR] RUNTIME(712971,15):2026-01-15-10:29:22.380.286 [api_error.cc:1519]712971 MemCopySync:Memory copy sync failed, cnt=416, kind=1.
[ERROR] RUNTIME(712971,15):2026-01-15-10:29:22.380.294 [api_c.cc:1197]712971 rtMemcpy:ErrCode=107030, desc=[the current capture mode does not support this operation], InnerCode=0x703001c
[ERROR] RUNTIME(712971,15):2026-01-15-10:29:22.380.297 [error_message_manage.cc:53]712971 FuncErrorReason:report error module_type=3, module_name=EE8888
[ERROR] RUNTIME(712971,15):2026-01-15-10:29:22.380.300 [error_message_manage.cc:53]712971 FuncErrorReason:rtMemcpy execute failed, reason=[the current capture mode does not support this operation]
[ERROR] ASCENDCL(712971,15):2026-01-15-10:29:22.380.580 [memory.cpp:437]712971 aclrtMemcpyImpl: synchronized memcpy failed, kind = 1, runtime result = 107030
[ERROR] RUNTIME(712971,15):2026-01-15-10:29:22.450.368 [api_error.cc:1519]712971 MemCopySync:Memory copy sync failed, cnt=72, kind=1.
[ERROR] RUNTIME(712971,15):2026-01-15-10:29:22.450.376 [api_c.cc:1197]712971 rtMemcpy:ErrCode=107030, desc=[the current capture mode does not support this operation], InnerCode=0x703001c
[ERROR] RUNTIME(712971,15):2026-01-15-10:29:22.450.379 [error_message_manage.cc:53]712971 FuncErrorReason:report error module_type=3, module_name=EE8888
[ERROR] RUNTIME(712971,15):2026-01-15-10:29:22.450.382 [error_message_manage.cc:53]712971 FuncErrorReason:rtMemcpy execute failed, reason=[the current capture mode does not support this operation]
[ERROR] ASCENDCL(712971,15):2026-01-15-10:29:22.450.642 [memory.cpp:437]712971 aclrtMemcpyImpl: synchronized memcpy failed, kind = 1, runtime result = 107030
[ERROR] RUNTIME(712971,15):2026-01-15-10:29:22.521.772 [api_error.cc:1519]712971 MemCopySync:Memory copy sync failed, cnt=416, kind=1.
[ERROR] RUNTIME(712971,15):2026-01-15-10:29:22.521.780 [api_c.cc:1197]712971 rtMemcpy:ErrCode=107030, desc=[the current capture mode does not support this operation], InnerCode=0x703001c
[ERROR] RUNTIME(712971,15):2026-01-15-10:29:22.521.783 [error_message_manage.cc:53]712971 FuncErrorReason:report error module_type=3, module_name=EE8888
[ERROR] RUNTIME(712971,15):2026-01-15-10:29:22.521.786 [error_message_manage.cc:53]712971 FuncErrorReason:rtMemcpy execute failed, reason=[the current capture mode does not support this operation]
[ERROR] ASCENDCL(712971,15):2026-01-15-10:29:22.522.012 [memory.cpp:437]712971 aclrtMemcpyImpl: synchronized memcpy failed, kind = 1, runtime result = 107030
[ERROR] RUNTIME(712971,15):2026-01-15-10:29:22.585.965 [api_error.cc:1519]712971 MemCopySync:Memory copy sync failed, cnt=72, kind=1.
[ERROR] RUNTIME(712971,15):2026-01-15-10:29:22.585.972 [api_c.cc:1197]712971 rtMemcpy:ErrCode=107030, desc=[the current capture mode does not support this operation], InnerCode=0x703001c
[ERROR] RUNTIME(712971,15):2026-01-15-10:29:22.585.975 [error_message_manage.cc:53]712971 FuncErrorReason:report error module_type=3, module_name=EE8888
[ERROR] RUNTIME(712971,15):2026-01-15-10:29:22.585.978 [error_message_manage.cc:53]712971 FuncErrorReason:rtMemcpy execute failed, reason=[the current capture mode does not support this operation]
[ERROR] ASCENDCL(712971,15):2026-01-15-10:29:22.586.173 [memory.cpp:437]712971 aclrtMemcpyImpl: synchronized memcpy failed, kind = 1, runtime result = 107030
[ERROR] RUNTIME(712971,15):2026-01-15-10:29:22.621.012 [api_error.cc:1519]712971 MemCopySync:Memory copy sync failed, cnt=416, kind=1.
[ERROR] RUNTIME(712971,15):2026-01-15-10:29:22.621.021 [api_c.cc:1197]712971 rtMemcpy:ErrCode=107030, desc=[the current capture mode does not support this operation], InnerCode=0x703001c
[ERROR] RUNTIME(712971,15):2026-01-15-10:29:22.621.024 [error_message_manage.cc:53]712971 FuncErrorReason:report error module_type=3, module_name=EE8888
[ERROR] RUNTIME(712971,15):2026-01-15-10:29:22.621.026 [error_message_manage.cc:53]712971 FuncErrorReason:rtMemcpy execute failed, reason=[the current capture mode does not support this operation]
[ERROR] ASCENDCL(712971,15):2026-01-15-10:29:22.621.291 [memory.cpp:437]712971 aclrtMemcpyImpl: synchronized memcpy failed, kind = 1, runtime result = 107030
[ERROR] RUNTIME(712971,15):2026-01-15-10:29:22.658.360 [api_error.cc:1519]712971 MemCopySync:Memory copy sync failed, cnt=72, kind=1.
[ERROR] RUNTIME(712971,15):2026-01-15-10:29:22.658.368 [api_c.cc:1197]712971 rtMemcpy:ErrCode=107030, desc=[the current capture mode does not support this operation], InnerCode=0x703001c
[ERROR] RUNTIME(712971,15):2026-01-15-10:29:22.658.370 [error_message_manage.cc:53]712971 FuncErrorReason:report error module_type=3, module_name=EE8888
[ERROR] RUNTIME(712971,15):2026-01-15-10:29:22.658.373 [error_message_manage.cc:53]712971 FuncErrorReason:rtMemcpy execute failed, reason=[the current capture mode does not support this operation]
[ERROR] ASCENDCL(712971,15):2026-01-15-10:29:22.658.587 [memory.cpp:437]712971 aclrtMemcpyImpl: synchronized memcpy failed, kind = 1, runtime result = 107030
[ERROR] RUNTIME(712971,15):2026-01-15-10:29:22.761.896 [api_c_stream.cc:412]712971 rtsStreamSetAttribute:report error module_name=EE1001
[ERROR] RUNTIME(712971,15):2026-01-15-10:29:22.761.900 [api_c_stream.cc:412]712971 rtsStreamSetAttribute:Invalid stream attribute ID: 4, Supported stream attribute IDs: [1, 4).
[ERROR] RUNTIME(712971,15):2026-01-15-10:29:22.761.931 [api_c_stream.cc:416]712971 rtsStreamSetAttribute:ErrCode=107000, desc=[invalid value], InnerCode=0x7110001
[ERROR] RUNTIME(712971,15):2026-01-15-10:29:22.761.933 [error_message_manage.cc:48]712971 FuncErrorReason:report error module_name=EE1001
[ERROR] RUNTIME(712971,15):2026-01-15-10:29:22.761.935 [error_message_manage.cc:48]712971 FuncErrorReason:rtsStreamSetAttribute execute failed, reason=[invalid value]
[ERROR] ASCENDCL(712971,15):2026-01-15-10:29:22.762.158 [stream.cpp:299]712971 aclrtSetStreamAttributeImpl: call rtsStreamSetAttribute failed, runtime result = 107000
[ERROR] RUNTIME(712971,15):2026-01-15-10:29:23.130.508 [api_c_stream.cc:412]712971 rtsStreamSetAttribute:report error module_name=EE1001
[ERROR] RUNTIME(712971,15):2026-01-15-10:29:23.130.515 [api_c_stream.cc:412]712971 rtsStreamSetAttribute:Invalid stream attribute ID: 4, Supported stream attribute IDs: [1, 4).
[ERROR] RUNTIME(712971,15):2026-01-15-10:29:23.130.545 [api_c_stream.cc:416]712971 rtsStreamSetAttribute:ErrCode=107000, desc=[invalid value], InnerCode=0x7110001
[ERROR] RUNTIME(712971,15):2026-01-15-10:29:23.130.547 [error_message_manage.cc:48]712971 FuncErrorReason:report error module_name=EE1001
[ERROR] RUNTIME(712971,15):2026-01-15-10:29:23.130.551 [error_message_manage.cc:48]712971 FuncErrorReason:rtsStreamSetAttribute execute failed, reason=[invalid value]
[ERROR] ASCENDCL(712971,15):2026-01-15-10:29:23.130.745 [stream.cpp:299]712971 aclrtSetStreamAttributeImpl: call rtsStreamSetAttribute failed, runtime result = 107000
[ERROR] RUNTIME(712971,15):2026-01-15-10:29:23.695.800 [api_error.cc:1519]712971 MemCopySync:Memory copy sync failed, cnt=416, kind=1.
[ERROR] RUNTIME(712971,15):2026-01-15-10:29:23.695.809 [api_c.cc:1197]712971 rtMemcpy:ErrCode=107030, desc=[the current capture mode does not support this operation], InnerCode=0x703001c
[ERROR] RUNTIME(712971,15):2026-01-15-10:29:23.695.812 [error_message_manage.cc:53]712971 FuncErrorReason:report error module_type=3, module_name=EE8888
[ERROR] RUNTIME(712971,15):2026-01-15-10:29:23.695.815 [error_message_manage.cc:53]712971 FuncErrorReason:rtMemcpy execute failed, reason=[the current capture mode does not support this operation]
[ERROR] ASCENDCL(712971,15):2026-01-15-10:29:23.696.147 [memory.cpp:437]712971 aclrtMemcpyImpl: synchronized memcpy failed, kind = 1, runtime result = 107030
[ERROR] RUNTIME(712971,15):2026-01-15-10:29:23.697.194 [api_error.cc:1519]712971 MemCopySync:Memory copy sync failed, cnt=72, kind=1.
[ERROR] RUNTIME(712971,15):2026-01-15-10:29:23.697.202 [api_c.cc:1197]712971 rtMemcpy:ErrCode=107030, desc=[the current capture mode does not support this operation], InnerCode=0x703001c
[ERROR] RUNTIME(712971,15):2026-01-15-10:29:23.697.204 [error_message_manage.cc:53]712971 FuncErrorReason:report error module_type=3, module_name=EE8888
[ERROR] RUNTIME(712971,15):2026-01-15-10:29:23.697.207 [error_message_manage.cc:53]712971 FuncErrorReason:rtMemcpy execute failed, reason=[the current capture mode does not support this operation]
[ERROR] ASCENDCL(712971,15):2026-01-15-10:29:23.697.368 [memory.cpp:437]712971 aclrtMemcpyImpl: synchronized memcpy failed, kind = 1, runtime result = 107030
[ERROR] RUNTIME(712971,15):2026-01-15-10:29:24.470.149 [api_error.cc:1519]712971 MemCopySync:Memory copy sync failed, cnt=416, kind=1.
[ERROR] RUNTIME(712971,15):2026-01-15-10:29:24.470.161 [api_c.cc:1197]712971 rtMemcpy:ErrCode=107030, desc=[the current capture mode does not support this operation], InnerCode=0x703001c
[ERROR] RUNTIME(712971,15):2026-01-15-10:29:24.470.165 [error_message_manage.cc:53]712971 FuncErrorReason:report error module_type=3, module_name=EE8888
[ERROR] RUNTIME(712971,15):2026-01-15-10:29:24.470.168 [error_message_manage.cc:53]712971 FuncErrorReason:rtMemcpy execute failed, reason=[the current capture mode does not support this operation]
[ERROR] ASCENDCL(712971,15):2026-01-15-10:29:24.470.491 [memory.cpp:437]712971 aclrtMemcpyImpl: synchronized memcpy failed, kind = 1, runtime result = 107030
[ERROR] RUNTIME(712971,15):2026-01-15-10:29:25.247.490 [api_error.cc:1519]712971 MemCopySync:Memory copy sync failed, cnt=72, kind=1.
[ERROR] RUNTIME(712971,15):2026-01-15-10:29:25.247.500 [api_c.cc:1197]712971 rtMemcpy:ErrCode=107030, desc=[the current capture mode does not support this operation], InnerCode=0x703001c
[ERROR] RUNTIME(712971,15):2026-01-15-10:29:25.247.503 [error_message_manage.cc:53]712971 FuncErrorReason:report error module_type=3, module_name=EE8888
[ERROR] RUNTIME(712971,15):2026-01-15-10:29:25.247.506 [error_message_manage.cc:53]712971 FuncErrorReason:rtMemcpy execute failed, reason=[the current capture mode does not support this operation]
[ERROR] ASCENDCL(712971,15):2026-01-15-10:29:25.247.787 [memory.cpp:437]712971 aclrtMemcpyImpl: synchronized memcpy failed, kind = 1, runtime result = 107030
[ERROR] RUNTIME(712971,15):2026-01-15-10:29:25.978.871 [api_error.cc:1519]712971 MemCopySync:Memory copy sync failed, cnt=416, kind=1.
[ERROR] RUNTIME(712971,15):2026-01-15-10:29:25.978.883 [api_c.cc:1197]712971 rtMemcpy:ErrCode=107030, desc=[the current capture mode does not support this operation], InnerCode=0x703001c
[ERROR] RUNTIME(712971,15):2026-01-15-10:29:25.978.886 [error_message_manage.cc:53]712971 FuncErrorReason:report error module_type=3, module_name=EE8888
[ERROR] RUNTIME(712971,15):2026-01-15-10:29:25.978.889 [error_message_manage.cc:53]712971 FuncErrorReason:rtMemcpy execute failed, reason=[the current capture mode does not support this operation]
[ERROR] ASCENDCL(712971,15):2026-01-15-10:29:25.979.197 [memory.cpp:437]712971 aclrtMemcpyImpl: synchronized memcpy failed, kind = 1, runtime result = 107030
[ERROR] RUNTIME(712971,15):2026-01-15-10:29:26.748.449 [api_error.cc:1519]712971 MemCopySync:Memory copy sync failed, cnt=72, kind=1.
[ERROR] RUNTIME(712971,15):2026-01-15-10:29:26.748.460 [api_c.cc:1197]712971 rtMemcpy:ErrCode=107030, desc=[the current capture mode does not support this operation], InnerCode=0x703001c
[ERROR] RUNTIME(712971,15):2026-01-15-10:29:26.748.464 [error_message_manage.cc:53]712971 FuncErrorReason:report error module_type=3, module_name=EE8888
[ERROR] RUNTIME(712971,15):2026-01-15-10:29:26.748.467 [error_message_manage.cc:53]712971 FuncErrorReason:rtMemcpy execute failed, reason=[the current capture mode does not support this operation]
[ERROR] ASCENDCL(712971,15):2026-01-15-10:29:26.748.845 [memory.cpp:437]712971 aclrtMemcpyImpl: synchronized memcpy failed, kind = 1, runtime result = 107030
[ERROR] RUNTIME(712971,15):2026-01-15-10:29:27.484.410 [api_error.cc:1519]712971 MemCopySync:Memory copy sync failed, cnt=416, kind=1.
[ERROR] RUNTIME(712971,15):2026-01-15-10:29:27.484.419 [api_c.cc:1197]712971 rtMemcpy:ErrCode=107030, desc=[the current capture mode does not support this operation], InnerCode=0x703001c
[ERROR] RUNTIME(712971,15):2026-01-15-10:29:27.484.422 [error_message_manage.cc:53]712971 FuncErrorReason:report error module_type=3, module_name=EE8888
[ERROR] RUNTIME(712971,15):2026-01-15-10:29:27.484.425 [error_message_manage.cc:53]712971 FuncErrorReason:rtMemcpy execute failed, reason=[the current capture mode does not support this operation]
[ERROR] ASCENDCL(712971,15):2026-01-15-10:29:27.484.729 [memory.cpp:437]712971 aclrtMemcpyImpl: synchronized memcpy failed, kind = 1, runtime result = 107030
[ERROR] RUNTIME(712971,15):2026-01-15-10:29:28.260.244 [api_error.cc:1519]712971 MemCopySync:Memory copy sync failed, cnt=72, kind=1.
[ERROR] RUNTIME(712971,15):2026-01-15-10:29:28.260.254 [api_c.cc:1197]712971 rtMemcpy:ErrCode=107030, desc=[the current capture mode does not support this operation], InnerCode=0x703001c
[ERROR] RUNTIME(712971,15):2026-01-15-10:29:28.260.257 [error_message_manage.cc:53]712971 FuncErrorReason:report error module_type=3, module_name=EE8888
[ERROR] RUNTIME(712971,15):2026-01-15-10:29:28.260.260 [error_message_manage.cc:53]712971 FuncErrorReason:rtMemcpy execute failed, reason=[the current capture mode does not support this operation]
[ERROR] ASCENDCL(712971,15):2026-01-15-10:29:28.260.575 [memory.cpp:437]712971 aclrtMemcpyImpl: synchronized memcpy failed, kind = 1, runtime result = 107030
[ERROR] RUNTIME(712971,15):2026-01-15-10:29:28.350.675 [api_error.cc:1519]712971 MemCopySync:Memory copy sync failed, cnt=416, kind=1.
[ERROR] RUNTIME(712971,15):2026-01-15-10:29:28.350.684 [api_c.cc:1197]712971 rtMemcpy:ErrCode=107030, desc=[the current capture mode does not support this operation], InnerCode=0x703001c
[ERROR] RUNTIME(712971,15):2026-01-15-10:29:28.350.687 [error_message_manage.cc:53]712971 FuncErrorReason:report error module_type=3, module_name=EE8888
[ERROR] RUNTIME(712971,15):2026-01-15-10:29:28.350.690 [error_message_manage.cc:53]712971 FuncErrorReason:rtMemcpy execute failed, reason=[the current capture mode does not support this operation]
[ERROR] ASCENDCL(712971,15):2026-01-15-10:29:28.350.933 [memory.cpp:437]712971 aclrtMemcpyImpl: synchronized memcpy failed, kind = 1, runtime result = 107030
[ERROR] RUNTIME(712971,15):2026-01-15-10:29:28.443.814 [api_error.cc:1519]712971 MemCopySync:Memory copy sync failed, cnt=72, kind=1.
[ERROR] RUNTIME(712971,15):2026-01-15-10:29:28.443.822 [api_c.cc:1197]712971 rtMemcpy:ErrCode=107030, desc=[the current capture mode does not support this operation], InnerCode=0x703001c
[ERROR] RUNTIME(712971,15):2026-01-15-10:29:28.443.825 [error_message_manage.cc:53]712971 FuncErrorReason:report error module_type=3, module_name=EE8888
[ERROR] RUNTIME(712971,15):2026-01-15-10:29:28.443.828 [error_message_manage.cc:53]712971 FuncErrorReason:rtMemcpy execute failed, reason=[the current capture mode does not support this operation]
[ERROR] ASCENDCL(712971,15):2026-01-15-10:29:28.444.159 [memory.cpp:437]712971 aclrtMemcpyImpl: synchronized memcpy failed, kind = 1, runtime result = 107030
[ERROR] RUNTIME(712971,15):2026-01-15-10:29:28.536.213 [api_error.cc:1519]712971 MemCopySync:Memory copy sync failed, cnt=416, kind=1.
[ERROR] RUNTIME(712971,15):2026-01-15-10:29:28.536.221 [api_c.cc:1197]712971 rtMemcpy:ErrCode=107030, desc=[the current capture mode does not support this operation], InnerCode=0x703001c
[ERROR] RUNTIME(712971,15):2026-01-15-10:29:28.536.224 [error_message_manage.cc:53]712971 FuncErrorReason:report error module_type=3, module_name=EE8888
[ERROR] RUNTIME(712971,15):2026-01-15-10:29:28.536.227 [error_message_manage.cc:53]712971 FuncErrorReason:rtMemcpy execute failed, reason=[the current capture mode does not support this operation]
[ERROR] ASCENDCL(712971,15):2026-01-15-10:29:28.536.449 [memory.cpp:437]712971 aclrtMemcpyImpl: synchronized memcpy failed, kind = 1, runtime result = 107030
[ERROR] RUNTIME(712971,15):2026-01-15-10:29:28.624.548 [api_error.cc:1519]712971 MemCopySync:Memory copy sync failed, cnt=72, kind=1.
[ERROR] RUNTIME(712971,15):2026-01-15-10:29:28.624.556 [api_c.cc:1197]712971 rtMemcpy:ErrCode=107030, desc=[the current capture mode does not support this operation], InnerCode=0x703001c
[ERROR] RUNTIME(712971,15):2026-01-15-10:29:28.624.559 [error_message_manage.cc:53]712971 FuncErrorReason:report error module_type=3, module_name=EE8888
[ERROR] RUNTIME(712971,15):2026-01-15-10:29:28.624.561 [error_message_manage.cc:53]712971 FuncErrorReason:rtMemcpy execute failed, reason=[the current capture mode does not support this operation]
[ERROR] ASCENDCL(712971,15):2026-01-15-10:29:28.624.788 [memory.cpp:437]712971 aclrtMemcpyImpl: synchronized memcpy failed, kind = 1, runtime result = 107030
[ERROR] RUNTIME(712971,15):2026-01-15-10:29:28.722.368 [api_error.cc:1519]712971 MemCopySync:Memory copy sync failed, cnt=416, kind=1.
[ERROR] RUNTIME(712971,15):2026-01-15-10:29:28.722.375 [api_c.cc:1197]712971 rtMemcpy:ErrCode=107030, desc=[the current capture mode does not support this operation], InnerCode=0x703001c
[ERROR] RUNTIME(712971,15):2026-01-15-10:29:28.722.378 [error_message_manage.cc:53]712971 FuncErrorReason:report error module_type=3, module_name=EE8888
[ERROR] RUNTIME(712971,15):2026-01-15-10:29:28.722.381 [error_message_manage.cc:53]712971 FuncErrorReason:rtMemcpy execute failed, reason=[the current capture mode does not support this operation]
[ERROR] ASCENDCL(712971,15):2026-01-15-10:29:28.722.581 [memory.cpp:437]712971 aclrtMemcpyImpl: synchronized memcpy failed, kind = 1, runtime result = 107030
[ERROR] RUNTIME(712971,15):2026-01-15-10:29:28.809.056 [api_error.cc:1519]712971 MemCopySync:Memory copy sync failed, cnt=72, kind=1.
[ERROR] RUNTIME(712971,15):2026-01-15-10:29:28.809.064 [api_c.cc:1197]712971 rtMemcpy:ErrCode=107030, desc=[the current capture mode does not support this operation], InnerCode=0x703001c
[ERROR] RUNTIME(712971,15):2026-01-15-10:29:28.809.066 [error_message_manage.cc:53]712971 FuncErrorReason:report error module_type=3, module_name=EE8888
[ERROR] RUNTIME(712971,15):2026-01-15-10:29:28.809.069 [error_message_manage.cc:53]712971 FuncErrorReason:rtMemcpy execute failed, reason=[the current capture mode does not support this operation]
[ERROR] ASCENDCL(712971,15):2026-01-15-10:29:28.809.273 [memory.cpp:437]712971 aclrtMemcpyImpl: synchronized memcpy failed, kind = 1, runtime result = 107030
[ERROR] RUNTIME(712971,15):2026-01-15-10:29:28.894.895 [api_error.cc:1519]712971 MemCopySync:Memory copy sync failed, cnt=416, kind=1.
[ERROR] RUNTIME(712971,15):2026-01-15-10:29:28.894.904 [api_c.cc:1197]712971 rtMemcpy:ErrCode=107030, desc=[the current capture mode does not support this operation], InnerCode=0x703001c
[ERROR] RUNTIME(712971,15):2026-01-15-10:29:28.894.906 [error_message_manage.cc:53]712971 FuncErrorReason:report error module_type=3, module_name=EE8888
[ERROR] RUNTIME(712971,15):2026-01-15-10:29:28.894.909 [error_message_manage.cc:53]712971 FuncErrorReason:rtMemcpy execute failed, reason=[the current capture mode does not support this operation]
[ERROR] ASCENDCL(712971,15):2026-01-15-10:29:28.895.212 [memory.cpp:437]712971 aclrtMemcpyImpl: synchronized memcpy failed, kind = 1, runtime result = 107030
[ERROR] RUNTIME(712971,15):2026-01-15-10:29:28.972.838 [api_error.cc:1519]712971 MemCopySync:Memory copy sync failed, cnt=72, kind=1.
[ERROR] RUNTIME(712971,15):2026-01-15-10:29:28.972.846 [api_c.cc:1197]712971 rtMemcpy:ErrCode=107030, desc=[the current capture mode does not support this operation], InnerCode=0x703001c
[ERROR] RUNTIME(712971,15):2026-01-15-10:29:28.972.848 [error_message_manage.cc:53]712971 FuncErrorReason:report error module_type=3, module_name=EE8888
[ERROR] RUNTIME(712971,15):2026-01-15-10:29:28.972.851 [error_message_manage.cc:53]712971 FuncErrorReason:rtMemcpy execute failed, reason=[the current capture mode does not support this operation]
[ERROR] ASCENDCL(712971,15):2026-01-15-10:29:28.973.111 [memory.cpp:437]712971 aclrtMemcpyImpl: synchronized memcpy failed, kind = 1, runtime result = 107030
[ERROR] RUNTIME(712971,15):2026-01-15-10:29:29.052.456 [api_error.cc:1519]712971 MemCopySync:Memory copy sync failed, cnt=416, kind=1.
[ERROR] RUNTIME(712971,15):2026-01-15-10:29:29.052.464 [api_c.cc:1197]712971 rtMemcpy:ErrCode=107030, desc=[the current capture mode does not support this operation], InnerCode=0x703001c
[ERROR] RUNTIME(712971,15):2026-01-15-10:29:29.052.474 [error_message_manage.cc:53]712971 FuncErrorReason:report error module_type=3, module_name=EE8888
[ERROR] RUNTIME(712971,15):2026-01-15-10:29:29.052.477 [error_message_manage.cc:53]712971 FuncErrorReason:rtMemcpy execute failed, reason=[the current capture mode does not support this operation]
[ERROR] ASCENDCL(712971,15):2026-01-15-10:29:29.052.749 [memory.cpp:437]712971 aclrtMemcpyImpl: synchronized memcpy failed, kind = 1, runtime result = 107030
[ERROR] RUNTIME(712971,15):2026-01-15-10:29:29.133.658 [api_error.cc:1519]712971 MemCopySync:Memory copy sync failed, cnt=72, kind=1.
[ERROR] RUNTIME(712971,15):2026-01-15-10:29:29.133.666 [api_c.cc:1197]712971 rtMemcpy:ErrCode=107030, desc=[the current capture mode does not support this operation], InnerCode=0x703001c
[ERROR] RUNTIME(712971,15):2026-01-15-10:29:29.133.668 [error_message_manage.cc:53]712971 FuncErrorReason:report error module_type=3, module_name=EE8888
[ERROR] RUNTIME(712971,15):2026-01-15-10:29:29.133.671 [error_message_manage.cc:53]712971 FuncErrorReason:rtMemcpy execute failed, reason=[the current capture mode does not support this operation]
[ERROR] ASCENDCL(712971,15):2026-01-15-10:29:29.133.896 [memory.cpp:437]712971 aclrtMemcpyImpl: synchronized memcpy failed, kind = 1, runtime result = 107030
[ERROR] RUNTIME(712971,15):2026-01-15-10:29:29.217.826 [api_error.cc:1519]712971 MemCopySync:Memory copy sync failed, cnt=416, kind=1.
[ERROR] RUNTIME(712971,15):2026-01-15-10:29:29.217.835 [api_c.cc:1197]712971 rtMemcpy:ErrCode=107030, desc=[the current capture mode does not support this operation], InnerCode=0x703001c
[ERROR] RUNTIME(712971,15):2026-01-15-10:29:29.217.837 [error_message_manage.cc:53]712971 FuncErrorReason:report error module_type=3, module_name=EE8888
[ERROR] RUNTIME(712971,15):2026-01-15-10:29:29.217.840 [error_message_manage.cc:53]712971 FuncErrorReason:rtMemcpy execute failed, reason=[the current capture mode does not support this operation]
[ERROR] ASCENDCL(712971,15):2026-01-15-10:29:29.218.019 [memory.cpp:437]712971 aclrtMemcpyImpl: synchronized memcpy failed, kind = 1, runtime result = 107030
[ERROR] RUNTIME(712971,15):2026-01-15-10:29:29.290.885 [api_error.cc:1519]712971 MemCopySync:Memory copy sync failed, cnt=72, kind=1.
[ERROR] RUNTIME(712971,15):2026-01-15-10:29:29.290.892 [api_c.cc:1197]712971 rtMemcpy:ErrCode=107030, desc=[the current capture mode does not support this operation], InnerCode=0x703001c
[ERROR] RUNTIME(712971,15):2026-01-15-10:29:29.290.895 [error_message_manage.cc:53]712971 FuncErrorReason:report error module_type=3, module_name=EE8888
[ERROR] RUNTIME(712971,15):2026-01-15-10:29:29.290.897 [error_message_manage.cc:53]712971 FuncErrorReason:rtMemcpy execute failed, reason=[the current capture mode does not support this operation]
[ERROR] ASCENDCL(712971,15):2026-01-15-10:29:29.291.175 [memory.cpp:437]712971 aclrtMemcpyImpl: synchronized memcpy failed, kind = 1, runtime result = 107030
[ERROR] RUNTIME(712971,15):2026-01-15-10:29:29.344.570 [api_error.cc:1519]712971 MemCopySync:Memory copy sync failed, cnt=416, kind=1.
[ERROR] RUNTIME(712971,15):2026-01-15-10:29:29.344.578 [api_c.cc:1197]712971 rtMemcpy:ErrCode=107030, desc=[the current capture mode does not support this operation], InnerCode=0x703001c
[ERROR] RUNTIME(712971,15):2026-01-15-10:29:29.344.581 [error_message_manage.cc:53]712971 FuncErrorReason:report error module_type=3, module_name=EE8888
[ERROR] RUNTIME(712971,15):2026-01-15-10:29:29.344.583 [error_message_manage.cc:53]712971 FuncErrorReason:rtMemcpy execute failed, reason=[the current capture mode does not support this operation]
[ERROR] ASCENDCL(712971,15):2026-01-15-10:29:29.344.803 [memory.cpp:437]712971 aclrtMemcpyImpl: synchronized memcpy failed, kind = 1, runtime result = 107030
[ERROR] RUNTIME(712971,15):2026-01-15-10:29:29.397.989 [api_error.cc:1519]712971 MemCopySync:Memory copy sync failed, cnt=72, kind=1.
[ERROR] RUNTIME(712971,15):2026-01-15-10:29:29.397.996 [api_c.cc:1197]712971 rtMemcpy:ErrCode=107030, desc=[the current capture mode does not support this operation], InnerCode=0x703001c
[ERROR] RUNTIME(712971,15):2026-01-15-10:29:29.397.998 [error_message_manage.cc:53]712971 FuncErrorReason:report error module_type=3, module_name=EE8888
[ERROR] RUNTIME(712971,15):2026-01-15-10:29:29.398.001 [error_message_manage.cc:53]712971 FuncErrorReason:rtMemcpy execute failed, reason=[the current capture mode does not support this operation]
[ERROR] ASCENDCL(712971,15):2026-01-15-10:29:29.398.192 [memory.cpp:437]712971 aclrtMemcpyImpl: synchronized memcpy failed, kind = 1, runtime result = 107030
[ERROR] RUNTIME(712971,15):2026-01-15-10:29:29.468.230 [api_error.cc:1519]712971 MemCopySync:Memory copy sync failed, cnt=416, kind=1.
[ERROR] RUNTIME(712971,15):2026-01-15-10:29:29.468.238 [api_c.cc:1197]712971 rtMemcpy:ErrCode=107030, desc=[the current capture mode does not support this operation], InnerCode=0x703001c
[ERROR] RUNTIME(712971,15):2026-01-15-10:29:29.468.241 [error_message_manage.cc:53]712971 FuncErrorReason:report error module_type=3, module_name=EE8888
[ERROR] RUNTIME(712971,15):2026-01-15-10:29:29.468.244 [error_message_manage.cc:53]712971 FuncErrorReason:rtMemcpy execute failed, reason=[the current capture mode does not support this operation]
[ERROR] ASCENDCL(712971,15):2026-01-15-10:29:29.468.525 [memory.cpp:437]712971 aclrtMemcpyImpl: synchronized memcpy failed, kind = 1, runtime result = 107030
[ERROR] RUNTIME(712971,15):2026-01-15-10:29:29.540.992 [api_error.cc:1519]712971 MemCopySync:Memory copy sync failed, cnt=72, kind=1.
[ERROR] RUNTIME(712971,15):2026-01-15-10:29:29.541.000 [api_c.cc:1197]712971 rtMemcpy:ErrCode=107030, desc=[the current capture mode does not support this operation], InnerCode=0x703001c
[ERROR] RUNTIME(712971,15):2026-01-15-10:29:29.541.002 [error_message_manage.cc:53]712971 FuncErrorReason:report error module_type=3, module_name=EE8888
[ERROR] RUNTIME(712971,15):2026-01-15-10:29:29.541.005 [error_message_manage.cc:53]712971 FuncErrorReason:rtMemcpy execute failed, reason=[the current capture mode does not support this operation]
[ERROR] ASCENDCL(712971,15):2026-01-15-10:29:29.541.205 [memory.cpp:437]712971 aclrtMemcpyImpl: synchronized memcpy failed, kind = 1, runtime result = 107030
[ERROR] RUNTIME(712971,15):2026-01-15-10:29:29.618.836 [api_error.cc:1519]712971 MemCopySync:Memory copy sync failed, cnt=416, kind=1.
[ERROR] RUNTIME(712971,15):2026-01-15-10:29:29.618.844 [api_c.cc:1197]712971 rtMemcpy:ErrCode=107030, desc=[the current capture mode does not support this operation], InnerCode=0x703001c
[ERROR] RUNTIME(712971,15):2026-01-15-10:29:29.618.847 [error_message_manage.cc:53]712971 FuncErrorReason:report error module_type=3, module_name=EE8888
[ERROR] RUNTIME(712971,15):2026-01-15-10:29:29.618.849 [error_message_manage.cc:53]712971 FuncErrorReason:rtMemcpy execute failed, reason=[the current capture mode does not support this operation]
[ERROR] ASCENDCL(712971,15):2026-01-15-10:29:29.619.061 [memory.cpp:437]712971 aclrtMemcpyImpl: synchronized memcpy failed, kind = 1, runtime result = 107030
[ERROR] RUNTIME(712971,15):2026-01-15-10:29:29.692.269 [api_error.cc:1519]712971 MemCopySync:Memory copy sync failed, cnt=72, kind=1.
[ERROR] RUNTIME(712971,15):2026-01-15-10:29:29.692.277 [api_c.cc:1197]712971 rtMemcpy:ErrCode=107030, desc=[the current capture mode does not support this operation], InnerCode=0x703001c
[ERROR] RUNTIME(712971,15):2026-01-15-10:29:29.692.279 [error_message_manage.cc:53]712971 FuncErrorReason:report error module_type=3, module_name=EE8888
[ERROR] RUNTIME(712971,15):2026-01-15-10:29:29.692.282 [error_message_manage.cc:53]712971 FuncErrorReason:rtMemcpy execute failed, reason=[the current capture mode does not support this operation]
[ERROR] ASCENDCL(712971,15):2026-01-15-10:29:29.692.578 [memory.cpp:437]712971 aclrtMemcpyImpl: synchronized memcpy failed, kind = 1, runtime result = 107030
[ERROR] RUNTIME(712971,15):2026-01-15-10:29:29.760.618 [api_error.cc:1519]712971 MemCopySync:Memory copy sync failed, cnt=416, kind=1.
[ERROR] RUNTIME(712971,15):2026-01-15-10:29:29.760.626 [api_c.cc:1197]712971 rtMemcpy:ErrCode=107030, desc=[the current capture mode does not support this operation], InnerCode=0x703001c
[ERROR] RUNTIME(712971,15):2026-01-15-10:29:29.760.629 [error_message_manage.cc:53]712971 FuncErrorReason:report error module_type=3, module_name=EE8888
[ERROR] RUNTIME(712971,15):2026-01-15-10:29:29.760.631 [error_message_manage.cc:53]712971 FuncErrorReason:rtMemcpy execute failed, reason=[the current capture mode does not support this operation]
[ERROR] ASCENDCL(712971,15):2026-01-15-10:29:29.760.863 [memory.cpp:437]712971 aclrtMemcpyImpl: synchronized memcpy failed, kind = 1, runtime result = 107030
[ERROR] RUNTIME(712971,15):2026-01-15-10:29:29.812.637 [api_error.cc:1519]712971 MemCopySync:Memory copy sync failed, cnt=72, kind=1.
[ERROR] RUNTIME(712971,15):2026-01-15-10:29:29.812.644 [api_c.cc:1197]712971 rtMemcpy:ErrCode=107030, desc=[the current capture mode does not support this operation], InnerCode=0x703001c
[ERROR] RUNTIME(712971,15):2026-01-15-10:29:29.812.647 [error_message_manage.cc:53]712971 FuncErrorReason:report error module_type=3, module_name=EE8888
[ERROR] RUNTIME(712971,15):2026-01-15-10:29:29.812.649 [error_message_manage.cc:53]712971 FuncErrorReason:rtMemcpy execute failed, reason=[the current capture mode does not support this operation]
[ERROR] ASCENDCL(712971,15):2026-01-15-10:29:29.812.852 [memory.cpp:437]712971 aclrtMemcpyImpl: synchronized memcpy failed, kind = 1, runtime result = 107030
[ERROR] RUNTIME(712971,15):2026-01-15-10:29:29.872.751 [api_error.cc:1519]712971 MemCopySync:Memory copy sync failed, cnt=416, kind=1.
[ERROR] RUNTIME(712971,15):2026-01-15-10:29:29.872.760 [api_c.cc:1197]712971 rtMemcpy:ErrCode=107030, desc=[the current capture mode does not support this operation], InnerCode=0x703001c
[ERROR] RUNTIME(712971,15):2026-01-15-10:29:29.872.763 [error_message_manage.cc:53]712971 FuncErrorReason:report error module_type=3, module_name=EE8888
[ERROR] RUNTIME(712971,15):2026-01-15-10:29:29.872.766 [error_message_manage.cc:53]712971 FuncErrorReason:rtMemcpy execute failed, reason=[the current capture mode does not support this operation]
[ERROR] ASCENDCL(712971,15):2026-01-15-10:29:29.873.050 [memory.cpp:437]712971 aclrtMemcpyImpl: synchronized memcpy failed, kind = 1, runtime result = 107030
[ERROR] RUNTIME(712971,15):2026-01-15-10:29:29.947.771 [api_error.cc:1519]712971 MemCopySync:Memory copy sync failed, cnt=72, kind=1.
[ERROR] RUNTIME(712971,15):2026-01-15-10:29:29.947.779 [api_c.cc:1197]712971 rtMemcpy:ErrCode=107030, desc=[the current capture mode does not support this operation], InnerCode=0x703001c
[ERROR] RUNTIME(712971,15):2026-01-15-10:29:29.947.782 [error_message_manage.cc:53]712971 FuncErrorReason:report error module_type=3, module_name=EE8888
[ERROR] RUNTIME(712971,15):2026-01-15-10:29:29.947.784 [error_message_manage.cc:53]712971 FuncErrorReason:rtMemcpy execute failed, reason=[the current capture mode does not support this operation]
[ERROR] ASCENDCL(712971,15):2026-01-15-10:29:29.948.075 [memory.cpp:437]712971 aclrtMemcpyImpl: synchronized memcpy failed, kind = 1, runtime result = 107030
[ERROR] RUNTIME(712971,15):2026-01-15-10:29:30.027.445 [api_error.cc:1519]712971 MemCopySync:Memory copy sync failed, cnt=416, kind=1.
[ERROR] RUNTIME(712971,15):2026-01-15-10:29:30.027.455 [api_c.cc:1197]712971 rtMemcpy:ErrCode=107030, desc=[the current capture mode does not support this operation], InnerCode=0x703001c
[ERROR] RUNTIME(712971,15):2026-01-15-10:29:30.027.458 [error_message_manage.cc:53]712971 FuncErrorReason:report error module_type=3, module_name=EE8888
[ERROR] RUNTIME(712971,15):2026-01-15-10:29:30.027.461 [error_message_manage.cc:53]712971 FuncErrorReason:rtMemcpy execute failed, reason=[the current capture mode does not support this operation]
[ERROR] ASCENDCL(712971,15):2026-01-15-10:29:30.027.688 [memory.cpp:437]712971 aclrtMemcpyImpl: synchronized memcpy failed, kind = 1, runtime result = 107030
[ERROR] RUNTIME(712971,15):2026-01-15-10:29:30.101.174 [api_error.cc:1519]712971 MemCopySync:Memory copy sync failed, cnt=72, kind=1.
[ERROR] RUNTIME(712971,15):2026-01-15-10:29:30.101.183 [api_c.cc:1197]712971 rtMemcpy:ErrCode=107030, desc=[the current capture mode does not support this operation], InnerCode=0x703001c
[ERROR] RUNTIME(712971,15):2026-01-15-10:29:30.101.185 [error_message_manage.cc:53]712971 FuncErrorReason:report error module_type=3, module_name=EE8888
[ERROR] RUNTIME(712971,15):2026-01-15-10:29:30.101.188 [error_message_manage.cc:53]712971 FuncErrorReason:rtMemcpy execute failed, reason=[the current capture mode does not support this operation]
[ERROR] ASCENDCL(712971,15):2026-01-15-10:29:30.101.405 [memory.cpp:437]712971 aclrtMemcpyImpl: synchronized memcpy failed, kind = 1, runtime result = 107030
[ERROR] RUNTIME(712971,15):2026-01-15-10:29:30.172.638 [api_error.cc:1519]712971 MemCopySync:Memory copy sync failed, cnt=416, kind=1.
[ERROR] RUNTIME(712971,15):2026-01-15-10:29:30.172.647 [api_c.cc:1197]712971 rtMemcpy:ErrCode=107030, desc=[the current capture mode does not support this operation], InnerCode=0x703001c
[ERROR] RUNTIME(712971,15):2026-01-15-10:29:30.172.649 [error_message_manage.cc:53]712971 FuncErrorReason:report error module_type=3, module_name=EE8888
[ERROR] RUNTIME(712971,15):2026-01-15-10:29:30.172.652 [error_message_manage.cc:53]712971 FuncErrorReason:rtMemcpy execute failed, reason=[the current capture mode does not support this operation]
[ERROR] ASCENDCL(712971,15):2026-01-15-10:29:30.172.895 [memory.cpp:437]712971 aclrtMemcpyImpl: synchronized memcpy failed, kind = 1, runtime result = 107030
[ERROR] RUNTIME(712971,15):2026-01-15-10:29:30.229.794 [api_error.cc:1519]712971 MemCopySync:Memory copy sync failed, cnt=72, kind=1.
[ERROR] RUNTIME(712971,15):2026-01-15-10:29:30.229.802 [api_c.cc:1197]712971 rtMemcpy:ErrCode=107030, desc=[the current capture mode does not support this operation], InnerCode=0x703001c
[ERROR] RUNTIME(712971,15):2026-01-15-10:29:30.229.805 [error_message_manage.cc:53]712971 FuncErrorReason:report error module_type=3, module_name=EE8888
[ERROR] RUNTIME(712971,15):2026-01-15-10:29:30.229.808 [error_message_manage.cc:53]712971 FuncErrorReason:rtMemcpy execute failed, reason=[the current capture mode does not support this operation]
[ERROR] ASCENDCL(712971,15):2026-01-15-10:29:30.230.049 [memory.cpp:437]712971 aclrtMemcpyImpl: synchronized memcpy failed, kind = 1, runtime result = 107030
[ERROR] RUNTIME(712971,15):2026-01-15-10:29:30.294.316 [api_error.cc:1519]712971 MemCopySync:Memory copy sync failed, cnt=416, kind=1.
[ERROR] RUNTIME(712971,15):2026-01-15-10:29:30.294.325 [api_c.cc:1197]712971 rtMemcpy:ErrCode=107030, desc=[the current capture mode does not support this operation], InnerCode=0x703001c
[ERROR] RUNTIME(712971,15):2026-01-15-10:29:30.294.328 [error_message_manage.cc:53]712971 FuncErrorReason:report error module_type=3, module_name=EE8888
[ERROR] RUNTIME(712971,15):2026-01-15-10:29:30.294.330 [error_message_manage.cc:53]712971 FuncErrorReason:rtMemcpy execute failed, reason=[the current capture mode does not support this operation]
[ERROR] ASCENDCL(712971,15):2026-01-15-10:29:30.294.593 [memory.cpp:437]712971 aclrtMemcpyImpl: synchronized memcpy failed, kind = 1, runtime result = 107030
[ERROR] RUNTIME(712971,15):2026-01-15-10:29:30.364.624 [api_error.cc:1519]712971 MemCopySync:Memory copy sync failed, cnt=72, kind=1.
[ERROR] RUNTIME(712971,15):2026-01-15-10:29:30.364.632 [api_c.cc:1197]712971 rtMemcpy:ErrCode=107030, desc=[the current capture mode does not support this operation], InnerCode=0x703001c
[ERROR] RUNTIME(712971,15):2026-01-15-10:29:30.364.634 [error_message_manage.cc:53]712971 FuncErrorReason:report error module_type=3, module_name=EE8888
[ERROR] RUNTIME(712971,15):2026-01-15-10:29:30.364.637 [error_message_manage.cc:53]712971 FuncErrorReason:rtMemcpy execute failed, reason=[the current capture mode does not support this operation]
[ERROR] ASCENDCL(712971,15):2026-01-15-10:29:30.364.858 [memory.cpp:437]712971 aclrtMemcpyImpl: synchronized memcpy failed, kind = 1, runtime result = 107030
[ERROR] RUNTIME(712971,15):2026-01-15-10:29:30.440.619 [api_error.cc:1519]712971 MemCopySync:Memory copy sync failed, cnt=416, kind=1.
[ERROR] RUNTIME(712971,15):2026-01-15-10:29:30.440.628 [api_c.cc:1197]712971 rtMemcpy:ErrCode=107030, desc=[the current capture mode does not support this operation], InnerCode=0x703001c
[ERROR] RUNTIME(712971,15):2026-01-15-10:29:30.440.631 [error_message_manage.cc:53]712971 FuncErrorReason:report error module_type=3, module_name=EE8888
[ERROR] RUNTIME(712971,15):2026-01-15-10:29:30.440.634 [error_message_manage.cc:53]712971 FuncErrorReason:rtMemcpy execute failed, reason=[the current capture mode does not support this operation]
[ERROR] ASCENDCL(712971,15):2026-01-15-10:29:30.440.853 [memory.cpp:437]712971 aclrtMemcpyImpl: synchronized memcpy failed, kind = 1, runtime result = 107030
[ERROR] RUNTIME(712971,15):2026-01-15-10:29:30.521.555 [api_error.cc:1519]712971 MemCopySync:Memory copy sync failed, cnt=72, kind=1.
[ERROR] RUNTIME(712971,15):2026-01-15-10:29:30.521.563 [api_c.cc:1197]712971 rtMemcpy:ErrCode=107030, desc=[the current capture mode does not support this operation], InnerCode=0x703001c
[ERROR] RUNTIME(712971,15):2026-01-15-10:29:30.521.565 [error_message_manage.cc:53]712971 FuncErrorReason:report error module_type=3, module_name=EE8888
[ERROR] RUNTIME(712971,15):2026-01-15-10:29:30.521.568 [error_message_manage.cc:53]712971 FuncErrorReason:rtMemcpy execute failed, reason=[the current capture mode does not support this operation]
[ERROR] ASCENDCL(712971,15):2026-01-15-10:29:30.521.816 [memory.cpp:437]712971 aclrtMemcpyImpl: synchronized memcpy failed, kind = 1, runtime result = 107030
[ERROR] RUNTIME(712971,15):2026-01-15-10:29:30.594.545 [api_error.cc:1519]712971 MemCopySync:Memory copy sync failed, cnt=416, kind=1.
[ERROR] RUNTIME(712971,15):2026-01-15-10:29:30.594.554 [api_c.cc:1197]712971 rtMemcpy:ErrCode=107030, desc=[the current capture mode does not support this operation], InnerCode=0x703001c
[ERROR] RUNTIME(712971,15):2026-01-15-10:29:30.594.557 [error_message_manage.cc:53]712971 FuncErrorReason:report error module_type=3, module_name=EE8888
[ERROR] RUNTIME(712971,15):2026-01-15-10:29:30.594.559 [error_message_manage.cc:53]712971 FuncErrorReason:rtMemcpy execute failed, reason=[the current capture mode does not support this operation]
[ERROR] ASCENDCL(712971,15):2026-01-15-10:29:30.594.811 [memory.cpp:437]712971 aclrtMemcpyImpl: synchronized memcpy failed, kind = 1, runtime result = 107030
[ERROR] RUNTIME(712971,15):2026-01-15-10:29:30.659.784 [api_error.cc:1519]712971 MemCopySync:Memory copy sync failed, cnt=72, kind=1.
[ERROR] RUNTIME(712971,15):2026-01-15-10:29:30.659.794 [api_c.cc:1197]712971 rtMemcpy:ErrCode=107030, desc=[the current capture mode does not support this operation], InnerCode=0x703001c
[ERROR] RUNTIME(712971,15):2026-01-15-10:29:30.659.797 [error_message_manage.cc:53]712971 FuncErrorReason:report error module_type=3, module_name=EE8888
[ERROR] RUNTIME(712971,15):2026-01-15-10:29:30.659.800 [error_message_manage.cc:53]712971 FuncErrorReason:rtMemcpy execute failed, reason=[the current capture mode does not support this operation]
[ERROR] ASCENDCL(712971,15):2026-01-15-10:29:30.660.119 [memory.cpp:437]712971 aclrtMemcpyImpl: synchronized memcpy failed, kind = 1, runtime result = 107030
[ERROR] RUNTIME(712971,15):2026-01-15-10:29:30.711.822 [api_error.cc:1519]712971 MemCopySync:Memory copy sync failed, cnt=416, kind=1.
[ERROR] RUNTIME(712971,15):2026-01-15-10:29:30.711.830 [api_c.cc:1197]712971 rtMemcpy:ErrCode=107030, desc=[the current capture mode does not support this operation], InnerCode=0x703001c
[ERROR] RUNTIME(712971,15):2026-01-15-10:29:30.711.833 [error_message_manage.cc:53]712971 FuncErrorReason:report error module_type=3, module_name=EE8888
[ERROR] RUNTIME(712971,15):2026-01-15-10:29:30.711.836 [error_message_manage.cc:53]712971 FuncErrorReason:rtMemcpy execute failed, reason=[the current capture mode does not support this operation]
[ERROR] ASCENDCL(712971,15):2026-01-15-10:29:30.712.095 [memory.cpp:437]712971 aclrtMemcpyImpl: synchronized memcpy failed, kind = 1, runtime result = 107030
[ERROR] RUNTIME(712971,15):2026-01-15-10:29:30.778.999 [api_error.cc:1519]712971 MemCopySync:Memory copy sync failed, cnt=72, kind=1.
[ERROR] RUNTIME(712971,15):2026-01-15-10:29:30.779.007 [api_c.cc:1197]712971 rtMemcpy:ErrCode=107030, desc=[the current capture mode does not support this operation], InnerCode=0x703001c
[ERROR] RUNTIME(712971,15):2026-01-15-10:29:30.779.010 [error_message_manage.cc:53]712971 FuncErrorReason:report error module_type=3, module_name=EE8888
[ERROR] RUNTIME(712971,15):2026-01-15-10:29:30.779.012 [error_message_manage.cc:53]712971 FuncErrorReason:rtMemcpy execute failed, reason=[the current capture mode does not support this operation]
[ERROR] ASCENDCL(712971,15):2026-01-15-10:29:30.779.251 [memory.cpp:437]712971 aclrtMemcpyImpl: synchronized memcpy failed, kind = 1, runtime result = 107030
[ERROR] RUNTIME(712971,15):2026-01-15-10:29:30.853.800 [api_error.cc:1519]712971 MemCopySync:Memory copy sync failed, cnt=416, kind=1.
[ERROR] RUNTIME(712971,15):2026-01-15-10:29:30.853.809 [api_c.cc:1197]712971 rtMemcpy:ErrCode=107030, desc=[the current capture mode does not support this operation], InnerCode=0x703001c
[ERROR] RUNTIME(712971,15):2026-01-15-10:29:30.853.811 [error_message_manage.cc:53]712971 FuncErrorReason:report error module_type=3, module_name=EE8888
[ERROR] RUNTIME(712971,15):2026-01-15-10:29:30.853.814 [error_message_manage.cc:53]712971 FuncErrorReason:rtMemcpy execute failed, reason=[the current capture mode does not support this operation]
[ERROR] ASCENDCL(712971,15):2026-01-15-10:29:30.854.089 [memory.cpp:437]712971 aclrtMemcpyImpl: synchronized memcpy failed, kind = 1, runtime result = 107030
[ERROR] RUNTIME(712971,15):2026-01-15-10:29:30.932.750 [api_error.cc:1519]712971 MemCopySync:Memory copy sync failed, cnt=72, kind=1.
[ERROR] RUNTIME(712971,15):2026-01-15-10:29:30.932.758 [api_c.cc:1197]712971 rtMemcpy:ErrCode=107030, desc=[the current capture mode does not support this operation], InnerCode=0x703001c
[ERROR] RUNTIME(712971,15):2026-01-15-10:29:30.932.760 [error_message_manage.cc:53]712971 FuncErrorReason:report error module_type=3, module_name=EE8888
[ERROR] RUNTIME(712971,15):2026-01-15-10:29:30.932.763 [error_message_manage.cc:53]712971 FuncErrorReason:rtMemcpy execute failed, reason=[the current capture mode does not support this operation]
[ERROR] ASCENDCL(712971,15):2026-01-15-10:29:30.932.967 [memory.cpp:437]712971 aclrtMemcpyImpl: synchronized memcpy failed, kind = 1, runtime result = 107030
[ERROR] RUNTIME(712971,15):2026-01-15-10:29:31.018.445 [api_error.cc:1519]712971 MemCopySync:Memory copy sync failed, cnt=416, kind=1.
[ERROR] RUNTIME(712971,15):2026-01-15-10:29:31.018.454 [api_c.cc:1197]712971 rtMemcpy:ErrCode=107030, desc=[the current capture mode does not support this operation], InnerCode=0x703001c
[ERROR] RUNTIME(712971,15):2026-01-15-10:29:31.018.457 [error_message_manage.cc:53]712971 FuncErrorReason:report error module_type=3, module_name=EE8888
[ERROR] RUNTIME(712971,15):2026-01-15-10:29:31.018.459 [error_message_manage.cc:53]712971 FuncErrorReason:rtMemcpy execute failed, reason=[the current capture mode does not support this operation]
[ERROR] ASCENDCL(712971,15):2026-01-15-10:29:31.018.664 [memory.cpp:437]712971 aclrtMemcpyImpl: synchronized memcpy failed, kind = 1, runtime result = 107030
[ERROR] RUNTIME(712971,15):2026-01-15-10:29:31.088.428 [api_error.cc:1519]712971 MemCopySync:Memory copy sync failed, cnt=72, kind=1.
[ERROR] RUNTIME(712971,15):2026-01-15-10:29:31.088.437 [api_c.cc:1197]712971 rtMemcpy:ErrCode=107030, desc=[the current capture mode does not support this operation], InnerCode=0x703001c
[ERROR] RUNTIME(712971,15):2026-01-15-10:29:31.088.439 [error_message_manage.cc:53]712971 FuncErrorReason:report error module_type=3, module_name=EE8888
[ERROR] RUNTIME(712971,15):2026-01-15-10:29:31.088.442 [error_message_manage.cc:53]712971 FuncErrorReason:rtMemcpy execute failed, reason=[the current capture mode does not support this operation]
[ERROR] ASCENDCL(712971,15):2026-01-15-10:29:31.088.714 [memory.cpp:437]712971 aclrtMemcpyImpl: synchronized memcpy failed, kind = 1, runtime result = 107030
[ERROR] RUNTIME(712971,15):2026-01-15-10:29:31.150.627 [api_error.cc:1519]712971 MemCopySync:Memory copy sync failed, cnt=416, kind=1.
[ERROR] RUNTIME(712971,15):2026-01-15-10:29:31.150.635 [api_c.cc:1197]712971 rtMemcpy:ErrCode=107030, desc=[the current capture mode does not support this operation], InnerCode=0x703001c
[ERROR] RUNTIME(712971,15):2026-01-15-10:29:31.150.638 [error_message_manage.cc:53]712971 FuncErrorReason:report error module_type=3, module_name=EE8888
[ERROR] RUNTIME(712971,15):2026-01-15-10:29:31.150.641 [error_message_manage.cc:53]712971 FuncErrorReason:rtMemcpy execute failed, reason=[the current capture mode does not support this operation]
[ERROR] ASCENDCL(712971,15):2026-01-15-10:29:31.150.865 [memory.cpp:437]712971 aclrtMemcpyImpl: synchronized memcpy failed, kind = 1, runtime result = 107030
[ERROR] RUNTIME(712971,15):2026-01-15-10:29:31.206.275 [api_error.cc:1519]712971 MemCopySync:Memory copy sync failed, cnt=72, kind=1.
[ERROR] RUNTIME(712971,15):2026-01-15-10:29:31.206.282 [api_c.cc:1197]712971 rtMemcpy:ErrCode=107030, desc=[the current capture mode does not support this operation], InnerCode=0x703001c
[ERROR] RUNTIME(712971,15):2026-01-15-10:29:31.206.285 [error_message_manage.cc:53]712971 FuncErrorReason:report error module_type=3, module_name=EE8888
[ERROR] RUNTIME(712971,15):2026-01-15-10:29:31.206.288 [error_message_manage.cc:53]712971 FuncErrorReason:rtMemcpy execute failed, reason=[the current capture mode does not support this operation]
[ERROR] ASCENDCL(712971,15):2026-01-15-10:29:31.206.550 [memory.cpp:437]712971 aclrtMemcpyImpl: synchronized memcpy failed, kind = 1, runtime result = 107030
[ERROR] RUNTIME(712971,15):2026-01-15-10:29:31.272.869 [api_error.cc:1519]712971 MemCopySync:Memory copy sync failed, cnt=416, kind=1.
[ERROR] RUNTIME(712971,15):2026-01-15-10:29:31.272.878 [api_c.cc:1197]712971 rtMemcpy:ErrCode=107030, desc=[the current capture mode does not support this operation], InnerCode=0x703001c
[ERROR] RUNTIME(712971,15):2026-01-15-10:29:31.272.881 [error_message_manage.cc:53]712971 FuncErrorReason:report error module_type=3, module_name=EE8888
[ERROR] RUNTIME(712971,15):2026-01-15-10:29:31.272.884 [error_message_manage.cc:53]712971 FuncErrorReason:rtMemcpy execute failed, reason=[the current capture mode does not support this operation]
[ERROR] ASCENDCL(712971,15):2026-01-15-10:29:31.273.141 [memory.cpp:437]712971 aclrtMemcpyImpl: synchronized memcpy failed, kind = 1, runtime result = 107030
[ERROR] RUNTIME(712971,15):2026-01-15-10:29:31.347.047 [api_error.cc:1519]712971 MemCopySync:Memory copy sync failed, cnt=72, kind=1.
[ERROR] RUNTIME(712971,15):2026-01-15-10:29:31.347.055 [api_c.cc:1197]712971 rtMemcpy:ErrCode=107030, desc=[the current capture mode does not support this operation], InnerCode=0x703001c
[ERROR] RUNTIME(712971,15):2026-01-15-10:29:31.347.058 [error_message_manage.cc:53]712971 FuncErrorReason:report error module_type=3, module_name=EE8888
[ERROR] RUNTIME(712971,15):2026-01-15-10:29:31.347.060 [error_message_manage.cc:53]712971 FuncErrorReason:rtMemcpy execute failed, reason=[the current capture mode does not support this operation]
[ERROR] ASCENDCL(712971,15):2026-01-15-10:29:31.347.318 [memory.cpp:437]712971 aclrtMemcpyImpl: synchronized memcpy failed, kind = 1, runtime result = 107030
[ERROR] RUNTIME(712971,15):2026-01-15-10:29:31.427.107 [api_error.cc:1519]712971 MemCopySync:Memory copy sync failed, cnt=416, kind=1.
[ERROR] RUNTIME(712971,15):2026-01-15-10:29:31.427.115 [api_c.cc:1197]712971 rtMemcpy:ErrCode=107030, desc=[the current capture mode does not support this operation], InnerCode=0x703001c
[ERROR] RUNTIME(712971,15):2026-01-15-10:29:31.427.118 [error_message_manage.cc:53]712971 FuncErrorReason:report error module_type=3, module_name=EE8888
[ERROR] RUNTIME(712971,15):2026-01-15-10:29:31.427.121 [error_message_manage.cc:53]712971 FuncErrorReason:rtMemcpy execute failed, reason=[the current capture mode does not support this operation]
[ERROR] ASCENDCL(712971,15):2026-01-15-10:29:31.427.357 [memory.cpp:437]712971 aclrtMemcpyImpl: synchronized memcpy failed, kind = 1, runtime result = 107030
[ERROR] RUNTIME(712971,15):2026-01-15-10:29:31.504.054 [api_error.cc:1519]712971 MemCopySync:Memory copy sync failed, cnt=72, kind=1.
[ERROR] RUNTIME(712971,15):2026-01-15-10:29:31.504.062 [api_c.cc:1197]712971 rtMemcpy:ErrCode=107030, desc=[the current capture mode does not support this operation], InnerCode=0x703001c
[ERROR] RUNTIME(712971,15):2026-01-15-10:29:31.504.065 [error_message_manage.cc:53]712971 FuncErrorReason:report error module_type=3, module_name=EE8888
[ERROR] RUNTIME(712971,15):2026-01-15-10:29:31.504.068 [error_message_manage.cc:53]712971 FuncErrorReason:rtMemcpy execute failed, reason=[the current capture mode does not support this operation]
[ERROR] ASCENDCL(712971,15):2026-01-15-10:29:31.504.340 [memory.cpp:437]712971 aclrtMemcpyImpl: synchronized memcpy failed, kind = 1, runtime result = 107030
[ERROR] RUNTIME(712971,15):2026-01-15-10:29:31.582.712 [api_error.cc:1519]712971 MemCopySync:Memory copy sync failed, cnt=416, kind=1.
[ERROR] RUNTIME(712971,15):2026-01-15-10:29:31.582.721 [api_c.cc:1197]712971 rtMemcpy:ErrCode=107030, desc=[the current capture mode does not support this operation], InnerCode=0x703001c
[ERROR] RUNTIME(712971,15):2026-01-15-10:29:31.582.723 [error_message_manage.cc:53]712971 FuncErrorReason:report error module_type=3, module_name=EE8888
[ERROR] RUNTIME(712971,15):2026-01-15-10:29:31.582.726 [error_message_manage.cc:53]712971 FuncErrorReason:rtMemcpy execute failed, reason=[the current capture mode does not support this operation]
[ERROR] ASCENDCL(712971,15):2026-01-15-10:29:31.582.968 [memory.cpp:437]712971 aclrtMemcpyImpl: synchronized memcpy failed, kind = 1, runtime result = 107030
[ERROR] RUNTIME(712971,15):2026-01-15-10:29:31.660.914 [api_error.cc:1519]712971 MemCopySync:Memory copy sync failed, cnt=72, kind=1.
[ERROR] RUNTIME(712971,15):2026-01-15-10:29:31.660.922 [api_c.cc:1197]712971 rtMemcpy:ErrCode=107030, desc=[the current capture mode does not support this operation], InnerCode=0x703001c
[ERROR] RUNTIME(712971,15):2026-01-15-10:29:31.660.924 [error_message_manage.cc:53]712971 FuncErrorReason:report error module_type=3, module_name=EE8888
[ERROR] RUNTIME(712971,15):2026-01-15-10:29:31.660.927 [error_message_manage.cc:53]712971 FuncErrorReason:rtMemcpy execute failed, reason=[the current capture mode does not support this operation]
[ERROR] ASCENDCL(712971,15):2026-01-15-10:29:31.661.197 [memory.cpp:437]712971 aclrtMemcpyImpl: synchronized memcpy failed, kind = 1, runtime result = 107030
[ERROR] RUNTIME(712971,15):2026-01-15-10:29:31.738.219 [api_error.cc:1519]712971 MemCopySync:Memory copy sync failed, cnt=416, kind=1.
[ERROR] RUNTIME(712971,15):2026-01-15-10:29:31.738.228 [api_c.cc:1197]712971 rtMemcpy:ErrCode=107030, desc=[the current capture mode does not support this operation], InnerCode=0x703001c
[ERROR] RUNTIME(712971,15):2026-01-15-10:29:31.738.230 [error_message_manage.cc:53]712971 FuncErrorReason:report error module_type=3, module_name=EE8888
[ERROR] RUNTIME(712971,15):2026-01-15-10:29:31.738.233 [error_message_manage.cc:53]712971 FuncErrorReason:rtMemcpy execute failed, reason=[the current capture mode does not support this operation]
[ERROR] ASCENDCL(712971,15):2026-01-15-10:29:31.738.531 [memory.cpp:437]712971 aclrtMemcpyImpl: synchronized memcpy failed, kind = 1, runtime result = 107030
[ERROR] RUNTIME(712971,15):2026-01-15-10:29:31.812.343 [api_error.cc:1519]712971 MemCopySync:Memory copy sync failed, cnt=72, kind=1.
[ERROR] RUNTIME(712971,15):2026-01-15-10:29:31.812.350 [api_c.cc:1197]712971 rtMemcpy:ErrCode=107030, desc=[the current capture mode does not support this operation], InnerCode=0x703001c
[ERROR] RUNTIME(712971,15):2026-01-15-10:29:31.812.352 [error_message_manage.cc:53]712971 FuncErrorReason:report error module_type=3, module_name=EE8888
[ERROR] RUNTIME(712971,15):2026-01-15-10:29:31.812.355 [error_message_manage.cc:53]712971 FuncErrorReason:rtMemcpy execute failed, reason=[the current capture mode does not support this operation]
[ERROR] ASCENDCL(712971,15):2026-01-15-10:29:31.812.658 [memory.cpp:437]712971 aclrtMemcpyImpl: synchronized memcpy failed, kind = 1, runtime result = 107030
[ERROR] RUNTIME(712971,15):2026-01-15-10:29:31.894.353 [api_error.cc:1519]712971 MemCopySync:Memory copy sync failed, cnt=416, kind=1.
[ERROR] RUNTIME(712971,15):2026-01-15-10:29:31.894.362 [api_c.cc:1197]712971 rtMemcpy:ErrCode=107030, desc=[the current capture mode does not support this operation], InnerCode=0x703001c
[ERROR] RUNTIME(712971,15):2026-01-15-10:29:31.894.365 [error_message_manage.cc:53]712971 FuncErrorReason:report error module_type=3, module_name=EE8888
[ERROR] RUNTIME(712971,15):2026-01-15-10:29:31.894.368 [error_message_manage.cc:53]712971 FuncErrorReason:rtMemcpy execute failed, reason=[the current capture mode does not support this operation]
[ERROR] ASCENDCL(712971,15):2026-01-15-10:29:31.894.633 [memory.cpp:437]712971 aclrtMemcpyImpl: synchronized memcpy failed, kind = 1, runtime result = 107030
[ERROR] RUNTIME(712971,15):2026-01-15-10:29:31.974.793 [api_error.cc:1519]712971 MemCopySync:Memory copy sync failed, cnt=72, kind=1.
[ERROR] RUNTIME(712971,15):2026-01-15-10:29:31.974.801 [api_c.cc:1197]712971 rtMemcpy:ErrCode=107030, desc=[the current capture mode does not support this operation], InnerCode=0x703001c
[ERROR] RUNTIME(712971,15):2026-01-15-10:29:31.974.803 [error_message_manage.cc:53]712971 FuncErrorReason:report error module_type=3, module_name=EE8888
[ERROR] RUNTIME(712971,15):2026-01-15-10:29:31.974.806 [error_message_manage.cc:53]712971 FuncErrorReason:rtMemcpy execute failed, reason=[the current capture mode does not support this operation]
[ERROR] ASCENDCL(712971,15):2026-01-15-10:29:31.975.073 [memory.cpp:437]712971 aclrtMemcpyImpl: synchronized memcpy failed, kind = 1, runtime result = 107030
[ERROR] RUNTIME(712971,15):2026-01-15-10:29:32.058.445 [api_error.cc:1519]712971 MemCopySync:Memory copy sync failed, cnt=416, kind=1.
[ERROR] RUNTIME(712971,15):2026-01-15-10:29:32.058.453 [api_c.cc:1197]712971 rtMemcpy:ErrCode=107030, desc=[the current capture mode does not support this operation], InnerCode=0x703001c
[ERROR] RUNTIME(712971,15):2026-01-15-10:29:32.058.456 [error_message_manage.cc:53]712971 FuncErrorReason:report error module_type=3, module_name=EE8888
[ERROR] RUNTIME(712971,15):2026-01-15-10:29:32.058.459 [error_message_manage.cc:53]712971 FuncErrorReason:rtMemcpy execute failed, reason=[the current capture mode does not support this operation]
[ERROR] ASCENDCL(712971,15):2026-01-15-10:29:32.058.727 [memory.cpp:437]712971 aclrtMemcpyImpl: synchronized memcpy failed, kind = 1, runtime result = 107030
[ERROR] RUNTIME(712971,15):2026-01-15-10:29:32.137.000 [api_error.cc:1519]712971 MemCopySync:Memory copy sync failed, cnt=72, kind=1.
[ERROR] RUNTIME(712971,15):2026-01-15-10:29:32.137.008 [api_c.cc:1197]712971 rtMemcpy:ErrCode=107030, desc=[the current capture mode does not support this operation], InnerCode=0x703001c
[ERROR] RUNTIME(712971,15):2026-01-15-10:29:32.137.010 [error_message_manage.cc:53]712971 FuncErrorReason:report error module_type=3, module_name=EE8888
[ERROR] RUNTIME(712971,15):2026-01-15-10:29:32.137.013 [error_message_manage.cc:53]712971 FuncErrorReason:rtMemcpy execute failed, reason=[the current capture mode does not support this operation]
[ERROR] ASCENDCL(712971,15):2026-01-15-10:29:32.137.245 [memory.cpp:437]712971 aclrtMemcpyImpl: synchronized memcpy failed, kind = 1, runtime result = 107030
[ERROR] RUNTIME(712971,15):2026-01-15-10:29:32.204.424 [api_error.cc:1519]712971 MemCopySync:Memory copy sync failed, cnt=416, kind=1.
[ERROR] RUNTIME(712971,15):2026-01-15-10:29:32.204.432 [api_c.cc:1197]712971 rtMemcpy:ErrCode=107030, desc=[the current capture mode does not support this operation], InnerCode=0x703001c
[ERROR] RUNTIME(712971,15):2026-01-15-10:29:32.204.435 [error_message_manage.cc:53]712971 FuncErrorReason:report error module_type=3, module_name=EE8888
[ERROR] RUNTIME(712971,15):2026-01-15-10:29:32.204.437 [error_message_manage.cc:53]712971 FuncErrorReason:rtMemcpy execute failed, reason=[the current capture mode does not support this operation]
[ERROR] ASCENDCL(712971,15):2026-01-15-10:29:32.204.636 [memory.cpp:437]712971 aclrtMemcpyImpl: synchronized memcpy failed, kind = 1, runtime result = 107030
[ERROR] RUNTIME(712971,15):2026-01-15-10:29:32.247.678 [api_error.cc:1519]712971 MemCopySync:Memory copy sync failed, cnt=72, kind=1.
[ERROR] RUNTIME(712971,15):2026-01-15-10:29:32.247.687 [api_c.cc:1197]712971 rtMemcpy:ErrCode=107030, desc=[the current capture mode does not support this operation], InnerCode=0x703001c
[ERROR] RUNTIME(712971,15):2026-01-15-10:29:32.247.689 [error_message_manage.cc:53]712971 FuncErrorReason:report error module_type=3, module_name=EE8888
[ERROR] RUNTIME(712971,15):2026-01-15-10:29:32.247.692 [error_message_manage.cc:53]712971 FuncErrorReason:rtMemcpy execute failed, reason=[the current capture mode does not support this operation]
[ERROR] ASCENDCL(712971,15):2026-01-15-10:29:32.247.908 [memory.cpp:437]712971 aclrtMemcpyImpl: synchronized memcpy failed, kind = 1, runtime result = 107030
[ERROR] RUNTIME(712971,15):2026-01-15-10:29:32.316.441 [api_error.cc:1519]712971 MemCopySync:Memory copy sync failed, cnt=416, kind=1.
[ERROR] RUNTIME(712971,15):2026-01-15-10:29:32.316.449 [api_c.cc:1197]712971 rtMemcpy:ErrCode=107030, desc=[the current capture mode does not support this operation], InnerCode=0x703001c
[ERROR] RUNTIME(712971,15):2026-01-15-10:29:32.316.452 [error_message_manage.cc:53]712971 FuncErrorReason:report error module_type=3, module_name=EE8888
[ERROR] RUNTIME(712971,15):2026-01-15-10:29:32.316.454 [error_message_manage.cc:53]712971 FuncErrorReason:rtMemcpy execute failed, reason=[the current capture mode does not support this operation]
[ERROR] ASCENDCL(712971,15):2026-01-15-10:29:32.316.661 [memory.cpp:437]712971 aclrtMemcpyImpl: synchronized memcpy failed, kind = 1, runtime result = 107030
[ERROR] RUNTIME(712971,15):2026-01-15-10:29:32.393.768 [api_error.cc:1519]712971 MemCopySync:Memory copy sync failed, cnt=72, kind=1.
[ERROR] RUNTIME(712971,15):2026-01-15-10:29:32.393.776 [api_c.cc:1197]712971 rtMemcpy:ErrCode=107030, desc=[the current capture mode does not support this operation], InnerCode=0x703001c
[ERROR] RUNTIME(712971,15):2026-01-15-10:29:32.393.779 [error_message_manage.cc:53]712971 FuncErrorReason:report error module_type=3, module_name=EE8888
[ERROR] RUNTIME(712971,15):2026-01-15-10:29:32.393.782 [error_message_manage.cc:53]712971 FuncErrorReason:rtMemcpy execute failed, reason=[the current capture mode does not support this operation]
[ERROR] ASCENDCL(712971,15):2026-01-15-10:29:32.393.991 [memory.cpp:437]712971 aclrtMemcpyImpl: synchronized memcpy failed, kind = 1, runtime result = 107030
[ERROR] RUNTIME(712971,15):2026-01-15-10:29:32.469.468 [api_error.cc:1519]712971 MemCopySync:Memory copy sync failed, cnt=416, kind=1.
[ERROR] RUNTIME(712971,15):2026-01-15-10:29:32.469.476 [api_c.cc:1197]712971 rtMemcpy:ErrCode=107030, desc=[the current capture mode does not support this operation], InnerCode=0x703001c
[ERROR] RUNTIME(712971,15):2026-01-15-10:29:32.469.479 [error_message_manage.cc:53]712971 FuncErrorReason:report error module_type=3, module_name=EE8888
[ERROR] RUNTIME(712971,15):2026-01-15-10:29:32.469.481 [error_message_manage.cc:53]712971 FuncErrorReason:rtMemcpy execute failed, reason=[the current capture mode does not support this operation]
[ERROR] ASCENDCL(712971,15):2026-01-15-10:29:32.469.766 [memory.cpp:437]712971 aclrtMemcpyImpl: synchronized memcpy failed, kind = 1, runtime result = 107030
[ERROR] RUNTIME(712971,15):2026-01-15-10:29:32.533.616 [api_error.cc:1519]712971 MemCopySync:Memory copy sync failed, cnt=72, kind=1.
[ERROR] RUNTIME(712971,15):2026-01-15-10:29:32.533.624 [api_c.cc:1197]712971 rtMemcpy:ErrCode=107030, desc=[the current capture mode does not support this operation], InnerCode=0x703001c
[ERROR] RUNTIME(712971,15):2026-01-15-10:29:32.533.626 [error_message_manage.cc:53]712971 FuncErrorReason:report error module_type=3, module_name=EE8888
[ERROR] RUNTIME(712971,15):2026-01-15-10:29:32.533.629 [error_message_manage.cc:53]712971 FuncErrorReason:rtMemcpy execute failed, reason=[the current capture mode does not support this operation]
[ERROR] ASCENDCL(712971,15):2026-01-15-10:29:32.533.878 [memory.cpp:437]712971 aclrtMemcpyImpl: synchronized memcpy failed, kind = 1, runtime result = 107030
[ERROR] RUNTIME(712971,15):2026-01-15-10:29:32.587.308 [api_error.cc:1519]712971 MemCopySync:Memory copy sync failed, cnt=416, kind=1.
[ERROR] RUNTIME(712971,15):2026-01-15-10:29:32.587.317 [api_c.cc:1197]712971 rtMemcpy:ErrCode=107030, desc=[the current capture mode does not support this operation], InnerCode=0x703001c
[ERROR] RUNTIME(712971,15):2026-01-15-10:29:32.587.320 [error_message_manage.cc:53]712971 FuncErrorReason:report error module_type=3, module_name=EE8888
[ERROR] RUNTIME(712971,15):2026-01-15-10:29:32.587.322 [error_message_manage.cc:53]712971 FuncErrorReason:rtMemcpy execute failed, reason=[the current capture mode does not support this operation]
[ERROR] ASCENDCL(712971,15):2026-01-15-10:29:32.587.553 [memory.cpp:437]712971 aclrtMemcpyImpl: synchronized memcpy failed, kind = 1, runtime result = 107030
[ERROR] RUNTIME(712971,15):2026-01-15-10:29:32.651.552 [api_error.cc:1519]712971 MemCopySync:Memory copy sync failed, cnt=72, kind=1.
[ERROR] RUNTIME(712971,15):2026-01-15-10:29:32.651.560 [api_c.cc:1197]712971 rtMemcpy:ErrCode=107030, desc=[the current capture mode does not support this operation], InnerCode=0x703001c
[ERROR] RUNTIME(712971,15):2026-01-15-10:29:32.651.563 [error_message_manage.cc:53]712971 FuncErrorReason:report error module_type=3, module_name=EE8888
[ERROR] RUNTIME(712971,15):2026-01-15-10:29:32.651.566 [error_message_manage.cc:53]712971 FuncErrorReason:rtMemcpy execute failed, reason=[the current capture mode does not support this operation]
[ERROR] ASCENDCL(712971,15):2026-01-15-10:29:32.651.791 [memory.cpp:437]712971 aclrtMemcpyImpl: synchronized memcpy failed, kind = 1, runtime result = 107030
[ERROR] RUNTIME(712971,15):2026-01-15-10:29:32.726.815 [api_error.cc:1519]712971 MemCopySync:Memory copy sync failed, cnt=416, kind=1.
[ERROR] RUNTIME(712971,15):2026-01-15-10:29:32.726.824 [api_c.cc:1197]712971 rtMemcpy:ErrCode=107030, desc=[the current capture mode does not support this operation], InnerCode=0x703001c
[ERROR] RUNTIME(712971,15):2026-01-15-10:29:32.726.827 [error_message_manage.cc:53]712971 FuncErrorReason:report error module_type=3, module_name=EE8888
[ERROR] RUNTIME(712971,15):2026-01-15-10:29:32.726.829 [error_message_manage.cc:53]712971 FuncErrorReason:rtMemcpy execute failed, reason=[the current capture mode does not support this operation]
[ERROR] ASCENDCL(712971,15):2026-01-15-10:29:32.727.026 [memory.cpp:437]712971 aclrtMemcpyImpl: synchronized memcpy failed, kind = 1, runtime result = 107030
[ERROR] RUNTIME(712971,15):2026-01-15-10:29:32.794.979 [api_error.cc:1519]712971 MemCopySync:Memory copy sync failed, cnt=72, kind=1.
[ERROR] RUNTIME(712971,15):2026-01-15-10:29:32.794.987 [api_c.cc:1197]712971 rtMemcpy:ErrCode=107030, desc=[the current capture mode does not support this operation], InnerCode=0x703001c
[ERROR] RUNTIME(712971,15):2026-01-15-10:29:32.794.990 [error_message_manage.cc:53]712971 FuncErrorReason:report error module_type=3, module_name=EE8888
[ERROR] RUNTIME(712971,15):2026-01-15-10:29:32.794.992 [error_message_manage.cc:53]712971 FuncErrorReason:rtMemcpy execute failed, reason=[the current capture mode does not support this operation]
[ERROR] ASCENDCL(712971,15):2026-01-15-10:29:32.795.231 [memory.cpp:437]712971 aclrtMemcpyImpl: synchronized memcpy failed, kind = 1, runtime result = 107030
[ERROR] RUNTIME(712971,15):2026-01-15-10:29:32.856.428 [api_error.cc:1519]712971 MemCopySync:Memory copy sync failed, cnt=416, kind=1.
[ERROR] RUNTIME(712971,15):2026-01-15-10:29:32.856.437 [api_c.cc:1197]712971 rtMemcpy:ErrCode=107030, desc=[the current capture mode does not support this operation], InnerCode=0x703001c
[ERROR] RUNTIME(712971,15):2026-01-15-10:29:32.856.440 [error_message_manage.cc:53]712971 FuncErrorReason:report error module_type=3, module_name=EE8888
[ERROR] RUNTIME(712971,15):2026-01-15-10:29:32.856.443 [error_message_manage.cc:53]712971 FuncErrorReason:rtMemcpy execute failed, reason=[the current capture mode does not support this operation]
[ERROR] ASCENDCL(712971,15):2026-01-15-10:29:32.856.672 [memory.cpp:437]712971 aclrtMemcpyImpl: synchronized memcpy failed, kind = 1, runtime result = 107030
[ERROR] RUNTIME(712971,15):2026-01-15-10:29:32.924.180 [api_error.cc:1519]712971 MemCopySync:Memory copy sync failed, cnt=72, kind=1.
[ERROR] RUNTIME(712971,15):2026-01-15-10:29:32.924.188 [api_c.cc:1197]712971 rtMemcpy:ErrCode=107030, desc=[the current capture mode does not support this operation], InnerCode=0x703001c
[ERROR] RUNTIME(712971,15):2026-01-15-10:29:32.924.191 [error_message_manage.cc:53]712971 FuncErrorReason:report error module_type=3, module_name=EE8888
[ERROR] RUNTIME(712971,15):2026-01-15-10:29:32.924.193 [error_message_manage.cc:53]712971 FuncErrorReason:rtMemcpy execute failed, reason=[the current capture mode does not support this operation]
[ERROR] ASCENDCL(712971,15):2026-01-15-10:29:32.924.414 [memory.cpp:437]712971 aclrtMemcpyImpl: synchronized memcpy failed, kind = 1, runtime result = 107030
[ERROR] RUNTIME(712971,15):2026-01-15-10:29:32.997.081 [api_error.cc:1519]712971 MemCopySync:Memory copy sync failed, cnt=416, kind=1.
[ERROR] RUNTIME(712971,15):2026-01-15-10:29:32.997.090 [api_c.cc:1197]712971 rtMemcpy:ErrCode=107030, desc=[the current capture mode does not support this operation], InnerCode=0x703001c
[ERROR] RUNTIME(712971,15):2026-01-15-10:29:32.997.092 [error_message_manage.cc:53]712971 FuncErrorReason:report error module_type=3, module_name=EE8888
[ERROR] RUNTIME(712971,15):2026-01-15-10:29:32.997.095 [error_message_manage.cc:53]712971 FuncErrorReason:rtMemcpy execute failed, reason=[the current capture mode does not support this operation]
[ERROR] ASCENDCL(712971,15):2026-01-15-10:29:32.997.306 [memory.cpp:437]712971 aclrtMemcpyImpl: synchronized memcpy failed, kind = 1, runtime result = 107030
[ERROR] RUNTIME(712971,15):2026-01-15-10:29:33.062.093 [api_error.cc:1519]712971 MemCopySync:Memory copy sync failed, cnt=72, kind=1.
[ERROR] RUNTIME(712971,15):2026-01-15-10:29:33.062.101 [api_c.cc:1197]712971 rtMemcpy:ErrCode=107030, desc=[the current capture mode does not support this operation], InnerCode=0x703001c
[ERROR] RUNTIME(712971,15):2026-01-15-10:29:33.062.104 [error_message_manage.cc:53]712971 FuncErrorReason:report error module_type=3, module_name=EE8888
[ERROR] RUNTIME(712971,15):2026-01-15-10:29:33.062.106 [error_message_manage.cc:53]712971 FuncErrorReason:rtMemcpy execute failed, reason=[the current capture mode does not support this operation]
[ERROR] ASCENDCL(712971,15):2026-01-15-10:29:33.062.383 [memory.cpp:437]712971 aclrtMemcpyImpl: synchronized memcpy failed, kind = 1, runtime result = 107030
[ERROR] RUNTIME(712971,15):2026-01-15-10:29:33.120.145 [api_error.cc:1519]712971 MemCopySync:Memory copy sync failed, cnt=416, kind=1.
[ERROR] RUNTIME(712971,15):2026-01-15-10:29:33.120.153 [api_c.cc:1197]712971 rtMemcpy:ErrCode=107030, desc=[the current capture mode does not support this operation], InnerCode=0x703001c
[ERROR] RUNTIME(712971,15):2026-01-15-10:29:33.120.156 [error_message_manage.cc:53]712971 FuncErrorReason:report error module_type=3, module_name=EE8888
[ERROR] RUNTIME(712971,15):2026-01-15-10:29:33.120.159 [error_message_manage.cc:53]712971 FuncErrorReason:rtMemcpy execute failed, reason=[the current capture mode does not support this operation]
[ERROR] ASCENDCL(712971,15):2026-01-15-10:29:33.120.409 [memory.cpp:437]712971 aclrtMemcpyImpl: synchronized memcpy failed, kind = 1, runtime result = 107030
[ERROR] RUNTIME(712971,15):2026-01-15-10:29:33.180.168 [api_error.cc:1519]712971 MemCopySync:Memory copy sync failed, cnt=72, kind=1.
[ERROR] RUNTIME(712971,15):2026-01-15-10:29:33.180.175 [api_c.cc:1197]712971 rtMemcpy:ErrCode=107030, desc=[the current capture mode does not support this operation], InnerCode=0x703001c
[ERROR] RUNTIME(712971,15):2026-01-15-10:29:33.180.178 [error_message_manage.cc:53]712971 FuncErrorReason:report error module_type=3, module_name=EE8888
[ERROR] RUNTIME(712971,15):2026-01-15-10:29:33.180.180 [error_message_manage.cc:53]712971 FuncErrorReason:rtMemcpy execute failed, reason=[the current capture mode does not support this operation]
[ERROR] ASCENDCL(712971,15):2026-01-15-10:29:33.180.407 [memory.cpp:437]712971 aclrtMemcpyImpl: synchronized memcpy failed, kind = 1, runtime result = 107030
[ERROR] RUNTIME(712971,15):2026-01-15-10:29:33.246.454 [api_error.cc:1519]712971 MemCopySync:Memory copy sync failed, cnt=416, kind=1.
[ERROR] RUNTIME(712971,15):2026-01-15-10:29:33.246.463 [api_c.cc:1197]712971 rtMemcpy:ErrCode=107030, desc=[the current capture mode does not support this operation], InnerCode=0x703001c
[ERROR] RUNTIME(712971,15):2026-01-15-10:29:33.246.466 [error_message_manage.cc:53]712971 FuncErrorReason:report error module_type=3, module_name=EE8888
[ERROR] RUNTIME(712971,15):2026-01-15-10:29:33.246.469 [error_message_manage.cc:53]712971 FuncErrorReason:rtMemcpy execute failed, reason=[the current capture mode does not support this operation]
[ERROR] ASCENDCL(712971,15):2026-01-15-10:29:33.246.698 [memory.cpp:437]712971 aclrtMemcpyImpl: synchronized memcpy failed, kind = 1, runtime result = 107030
[ERROR] RUNTIME(712971,15):2026-01-15-10:29:33.317.288 [api_error.cc:1519]712971 MemCopySync:Memory copy sync failed, cnt=72, kind=1.
[ERROR] RUNTIME(712971,15):2026-01-15-10:29:33.317.296 [api_c.cc:1197]712971 rtMemcpy:ErrCode=107030, desc=[the current capture mode does not support this operation], InnerCode=0x703001c
[ERROR] RUNTIME(712971,15):2026-01-15-10:29:33.317.299 [error_message_manage.cc:53]712971 FuncErrorReason:report error module_type=3, module_name=EE8888
[ERROR] RUNTIME(712971,15):2026-01-15-10:29:33.317.301 [error_message_manage.cc:53]712971 FuncErrorReason:rtMemcpy execute failed, reason=[the current capture mode does not support this operation]
[ERROR] ASCENDCL(712971,15):2026-01-15-10:29:33.317.508 [memory.cpp:437]712971 aclrtMemcpyImpl: synchronized memcpy failed, kind = 1, runtime result = 107030
[ERROR] RUNTIME(712971,15):2026-01-15-10:29:33.392.879 [api_error.cc:1519]712971 MemCopySync:Memory copy sync failed, cnt=416, kind=1.
[ERROR] RUNTIME(712971,15):2026-01-15-10:29:33.392.888 [api_c.cc:1197]712971 rtMemcpy:ErrCode=107030, desc=[the current capture mode does not support this operation], InnerCode=0x703001c
[ERROR] RUNTIME(712971,15):2026-01-15-10:29:33.392.891 [error_message_manage.cc:53]712971 FuncErrorReason:report error module_type=3, module_name=EE8888
[ERROR] RUNTIME(712971,15):2026-01-15-10:29:33.392.894 [error_message_manage.cc:53]712971 FuncErrorReason:rtMemcpy execute failed, reason=[the current capture mode does not support this operation]
[ERROR] ASCENDCL(712971,15):2026-01-15-10:29:33.393.142 [memory.cpp:437]712971 aclrtMemcpyImpl: synchronized memcpy failed, kind = 1, runtime result = 107030
[ERROR] RUNTIME(712971,15):2026-01-15-10:29:33.455.277 [api_error.cc:1519]712971 MemCopySync:Memory copy sync failed, cnt=72, kind=1.
[ERROR] RUNTIME(712971,15):2026-01-15-10:29:33.455.286 [api_c.cc:1197]712971 rtMemcpy:ErrCode=107030, desc=[the current capture mode does not support this operation], InnerCode=0x703001c
[ERROR] RUNTIME(712971,15):2026-01-15-10:29:33.455.288 [error_message_manage.cc:53]712971 FuncErrorReason:report error module_type=3, module_name=EE8888
[ERROR] RUNTIME(712971,15):2026-01-15-10:29:33.455.291 [error_message_manage.cc:53]712971 FuncErrorReason:rtMemcpy execute failed, reason=[the current capture mode does not support this operation]
[ERROR] ASCENDCL(712971,15):2026-01-15-10:29:33.455.546 [memory.cpp:437]712971 aclrtMemcpyImpl: synchronized memcpy failed, kind = 1, runtime result = 107030
[ERROR] RUNTIME(712971,15):2026-01-15-10:29:33.515.195 [api_error.cc:1519]712971 MemCopySync:Memory copy sync failed, cnt=416, kind=1.
[ERROR] RUNTIME(712971,15):2026-01-15-10:29:33.515.203 [api_c.cc:1197]712971 rtMemcpy:ErrCode=107030, desc=[the current capture mode does not support this operation], InnerCode=0x703001c
[ERROR] RUNTIME(712971,15):2026-01-15-10:29:33.515.206 [error_message_manage.cc:53]712971 FuncErrorReason:report error module_type=3, module_name=EE8888
[ERROR] RUNTIME(712971,15):2026-01-15-10:29:33.515.209 [error_message_manage.cc:53]712971 FuncErrorReason:rtMemcpy execute failed, reason=[the current capture mode does not support this operation]
[ERROR] ASCENDCL(712971,15):2026-01-15-10:29:33.515.441 [memory.cpp:437]712971 aclrtMemcpyImpl: synchronized memcpy failed, kind = 1, runtime result = 107030
[ERROR] RUNTIME(712971,15):2026-01-15-10:29:33.572.431 [api_error.cc:1519]712971 MemCopySync:Memory copy sync failed, cnt=72, kind=1.
[ERROR] RUNTIME(712971,15):2026-01-15-10:29:33.572.439 [api_c.cc:1197]712971 rtMemcpy:ErrCode=107030, desc=[the current capture mode does not support this operation], InnerCode=0x703001c
[ERROR] RUNTIME(712971,15):2026-01-15-10:29:33.572.442 [error_message_manage.cc:53]712971 FuncErrorReason:report error module_type=3, module_name=EE8888
[ERROR] RUNTIME(712971,15):2026-01-15-10:29:33.572.444 [error_message_manage.cc:53]712971 FuncErrorReason:rtMemcpy execute failed, reason=[the current capture mode does not support this operation]
[ERROR] ASCENDCL(712971,15):2026-01-15-10:29:33.572.642 [memory.cpp:437]712971 aclrtMemcpyImpl: synchronized memcpy failed, kind = 1, runtime result = 107030
[ERROR] RUNTIME(712971,15):2026-01-15-10:29:33.648.431 [api_error.cc:1519]712971 MemCopySync:Memory copy sync failed, cnt=416, kind=1.
[ERROR] RUNTIME(712971,15):2026-01-15-10:29:33.648.441 [api_c.cc:1197]712971 rtMemcpy:ErrCode=107030, desc=[the current capture mode does not support this operation], InnerCode=0x703001c
[ERROR] RUNTIME(712971,15):2026-01-15-10:29:33.648.443 [error_message_manage.cc:53]712971 FuncErrorReason:report error module_type=3, module_name=EE8888
[ERROR] RUNTIME(712971,15):2026-01-15-10:29:33.648.446 [error_message_manage.cc:53]712971 FuncErrorReason:rtMemcpy execute failed, reason=[the current capture mode does not support this operation]
[ERROR] ASCENDCL(712971,15):2026-01-15-10:29:33.648.666 [memory.cpp:437]712971 aclrtMemcpyImpl: synchronized memcpy failed, kind = 1, runtime result = 107030
[ERROR] RUNTIME(712971,15):2026-01-15-10:29:33.724.841 [api_error.cc:1519]712971 MemCopySync:Memory copy sync failed, cnt=72, kind=1.
[ERROR] RUNTIME(712971,15):2026-01-15-10:29:33.724.848 [api_c.cc:1197]712971 rtMemcpy:ErrCode=107030, desc=[the current capture mode does not support this operation], InnerCode=0x703001c
[ERROR] RUNTIME(712971,15):2026-01-15-10:29:33.724.850 [error_message_manage.cc:53]712971 FuncErrorReason:report error module_type=3, module_name=EE8888
[ERROR] RUNTIME(712971,15):2026-01-15-10:29:33.724.853 [error_message_manage.cc:53]712971 FuncErrorReason:rtMemcpy execute failed, reason=[the current capture mode does not support this operation]
[ERROR] ASCENDCL(712971,15):2026-01-15-10:29:33.725.082 [memory.cpp:437]712971 aclrtMemcpyImpl: synchronized memcpy failed, kind = 1, runtime result = 107030
[ERROR] RUNTIME(712971,15):2026-01-15-10:29:33.800.100 [api_error.cc:1519]712971 MemCopySync:Memory copy sync failed, cnt=416, kind=1.
[ERROR] RUNTIME(712971,15):2026-01-15-10:29:33.800.109 [api_c.cc:1197]712971 rtMemcpy:ErrCode=107030, desc=[the current capture mode does not support this operation], InnerCode=0x703001c
[ERROR] RUNTIME(712971,15):2026-01-15-10:29:33.800.111 [error_message_manage.cc:53]712971 FuncErrorReason:report error module_type=3, module_name=EE8888
[ERROR] RUNTIME(712971,15):2026-01-15-10:29:33.800.114 [error_message_manage.cc:53]712971 FuncErrorReason:rtMemcpy execute failed, reason=[the current capture mode does not support this operation]
[ERROR] ASCENDCL(712971,15):2026-01-15-10:29:33.800.358 [memory.cpp:437]712971 aclrtMemcpyImpl: synchronized memcpy failed, kind = 1, runtime result = 107030
[ERROR] RUNTIME(712971,15):2026-01-15-10:29:33.848.951 [api_error.cc:1519]712971 MemCopySync:Memory copy sync failed, cnt=72, kind=1.
[ERROR] RUNTIME(712971,15):2026-01-15-10:29:33.848.959 [api_c.cc:1197]712971 rtMemcpy:ErrCode=107030, desc=[the current capture mode does not support this operation], InnerCode=0x703001c
[ERROR] RUNTIME(712971,15):2026-01-15-10:29:33.848.962 [error_message_manage.cc:53]712971 FuncErrorReason:report error module_type=3, module_name=EE8888
[ERROR] RUNTIME(712971,15):2026-01-15-10:29:33.848.965 [error_message_manage.cc:53]712971 FuncErrorReason:rtMemcpy execute failed, reason=[the current capture mode does not support this operation]
[ERROR] ASCENDCL(712971,15):2026-01-15-10:29:33.849.201 [memory.cpp:437]712971 aclrtMemcpyImpl: synchronized memcpy failed, kind = 1, runtime result = 107030
[ERROR] RUNTIME(712971,15):2026-01-15-10:29:33.911.893 [api_error.cc:1519]712971 MemCopySync:Memory copy sync failed, cnt=416, kind=1.
[ERROR] RUNTIME(712971,15):2026-01-15-10:29:33.911.901 [api_c.cc:1197]712971 rtMemcpy:ErrCode=107030, desc=[the current capture mode does not support this operation], InnerCode=0x703001c
[ERROR] RUNTIME(712971,15):2026-01-15-10:29:33.911.903 [error_message_manage.cc:53]712971 FuncErrorReason:report error module_type=3, module_name=EE8888
[ERROR] RUNTIME(712971,15):2026-01-15-10:29:33.911.906 [error_message_manage.cc:53]712971 FuncErrorReason:rtMemcpy execute failed, reason=[the current capture mode does not support this operation]
[ERROR] ASCENDCL(712971,15):2026-01-15-10:29:33.912.111 [memory.cpp:437]712971 aclrtMemcpyImpl: synchronized memcpy failed, kind = 1, runtime result = 107030
[ERROR] RUNTIME(712971,15):2026-01-15-10:29:33.985.526 [api_error.cc:1519]712971 MemCopySync:Memory copy sync failed, cnt=72, kind=1.
[ERROR] RUNTIME(712971,15):2026-01-15-10:29:33.985.534 [api_c.cc:1197]712971 rtMemcpy:ErrCode=107030, desc=[the current capture mode does not support this operation], InnerCode=0x703001c
[ERROR] RUNTIME(712971,15):2026-01-15-10:29:33.985.537 [error_message_manage.cc:53]712971 FuncErrorReason:report error module_type=3, module_name=EE8888
[ERROR] RUNTIME(712971,15):2026-01-15-10:29:33.985.540 [error_message_manage.cc:53]712971 FuncErrorReason:rtMemcpy execute failed, reason=[the current capture mode does not support this operation]
[ERROR] ASCENDCL(712971,15):2026-01-15-10:29:33.985.779 [memory.cpp:437]712971 aclrtMemcpyImpl: synchronized memcpy failed, kind = 1, runtime result = 107030
[ERROR] RUNTIME(712971,15):2026-01-15-10:29:34.058.563 [api_error.cc:1519]712971 MemCopySync:Memory copy sync failed, cnt=416, kind=1.
[ERROR] RUNTIME(712971,15):2026-01-15-10:29:34.058.572 [api_c.cc:1197]712971 rtMemcpy:ErrCode=107030, desc=[the current capture mode does not support this operation], InnerCode=0x703001c
[ERROR] RUNTIME(712971,15):2026-01-15-10:29:34.058.575 [error_message_manage.cc:53]712971 FuncErrorReason:report error module_type=3, module_name=EE8888
[ERROR] RUNTIME(712971,15):2026-01-15-10:29:34.058.578 [error_message_manage.cc:53]712971 FuncErrorReason:rtMemcpy execute failed, reason=[the current capture mode does not support this operation]
[ERROR] ASCENDCL(712971,15):2026-01-15-10:29:34.058.837 [memory.cpp:437]712971 aclrtMemcpyImpl: synchronized memcpy failed, kind = 1, runtime result = 107030
[ERROR] RUNTIME(712971,15):2026-01-15-10:29:34.131.059 [api_error.cc:1519]712971 MemCopySync:Memory copy sync failed, cnt=72, kind=1.
[ERROR] RUNTIME(712971,15):2026-01-15-10:29:34.131.067 [api_c.cc:1197]712971 rtMemcpy:ErrCode=107030, desc=[the current capture mode does not support this operation], InnerCode=0x703001c
[ERROR] RUNTIME(712971,15):2026-01-15-10:29:34.131.069 [error_message_manage.cc:53]712971 FuncErrorReason:report error module_type=3, module_name=EE8888
[ERROR] RUNTIME(712971,15):2026-01-15-10:29:34.131.072 [error_message_manage.cc:53]712971 FuncErrorReason:rtMemcpy execute failed, reason=[the current capture mode does not support this operation]
[ERROR] ASCENDCL(712971,15):2026-01-15-10:29:34.131.306 [memory.cpp:437]712971 aclrtMemcpyImpl: synchronized memcpy failed, kind = 1, runtime result = 107030
[ERROR] RUNTIME(712971,15):2026-01-15-10:29:34.202.031 [api_error.cc:1519]712971 MemCopySync:Memory copy sync failed, cnt=416, kind=1.
[ERROR] RUNTIME(712971,15):2026-01-15-10:29:34.202.039 [api_c.cc:1197]712971 rtMemcpy:ErrCode=107030, desc=[the current capture mode does not support this operation], InnerCode=0x703001c
[ERROR] RUNTIME(712971,15):2026-01-15-10:29:34.202.042 [error_message_manage.cc:53]712971 FuncErrorReason:report error module_type=3, module_name=EE8888
[ERROR] RUNTIME(712971,15):2026-01-15-10:29:34.202.044 [error_message_manage.cc:53]712971 FuncErrorReason:rtMemcpy execute failed, reason=[the current capture mode does not support this operation]
[ERROR] ASCENDCL(712971,15):2026-01-15-10:29:34.202.259 [memory.cpp:437]712971 aclrtMemcpyImpl: synchronized memcpy failed, kind = 1, runtime result = 107030
[ERROR] RUNTIME(712971,15):2026-01-15-10:29:34.271.210 [api_error.cc:1519]712971 MemCopySync:Memory copy sync failed, cnt=72, kind=1.
[ERROR] RUNTIME(712971,15):2026-01-15-10:29:34.271.219 [api_c.cc:1197]712971 rtMemcpy:ErrCode=107030, desc=[the current capture mode does not support this operation], InnerCode=0x703001c
[ERROR] RUNTIME(712971,15):2026-01-15-10:29:34.271.221 [error_message_manage.cc:53]712971 FuncErrorReason:report error module_type=3, module_name=EE8888
[ERROR] RUNTIME(712971,15):2026-01-15-10:29:34.271.224 [error_message_manage.cc:53]712971 FuncErrorReason:rtMemcpy execute failed, reason=[the current capture mode does not support this operation]
[ERROR] ASCENDCL(712971,15):2026-01-15-10:29:34.271.528 [memory.cpp:437]712971 aclrtMemcpyImpl: synchronized memcpy failed, kind = 1, runtime result = 107030
[ERROR] RUNTIME(712971,15):2026-01-15-10:29:34.335.688 [api_error.cc:1519]712971 MemCopySync:Memory copy sync failed, cnt=416, kind=1.
[ERROR] RUNTIME(712971,15):2026-01-15-10:29:34.335.697 [api_c.cc:1197]712971 rtMemcpy:ErrCode=107030, desc=[the current capture mode does not support this operation], InnerCode=0x703001c
[ERROR] RUNTIME(712971,15):2026-01-15-10:29:34.335.699 [error_message_manage.cc:53]712971 FuncErrorReason:report error module_type=3, module_name=EE8888
[ERROR] RUNTIME(712971,15):2026-01-15-10:29:34.335.702 [error_message_manage.cc:53]712971 FuncErrorReason:rtMemcpy execute failed, reason=[the current capture mode does not support this operation]
[ERROR] ASCENDCL(712971,15):2026-01-15-10:29:34.335.919 [memory.cpp:437]712971 aclrtMemcpyImpl: synchronized memcpy failed, kind = 1, runtime result = 107030
[ERROR] RUNTIME(712971,15):2026-01-15-10:29:34.395.361 [api_error.cc:1519]712971 MemCopySync:Memory copy sync failed, cnt=72, kind=1.
[ERROR] RUNTIME(712971,15):2026-01-15-10:29:34.395.369 [api_c.cc:1197]712971 rtMemcpy:ErrCode=107030, desc=[the current capture mode does not support this operation], InnerCode=0x703001c
[ERROR] RUNTIME(712971,15):2026-01-15-10:29:34.395.372 [error_message_manage.cc:53]712971 FuncErrorReason:report error module_type=3, module_name=EE8888
[ERROR] RUNTIME(712971,15):2026-01-15-10:29:34.395.374 [error_message_manage.cc:53]712971 FuncErrorReason:rtMemcpy execute failed, reason=[the current capture mode does not support this operation]
[ERROR] ASCENDCL(712971,15):2026-01-15-10:29:34.395.610 [memory.cpp:437]712971 aclrtMemcpyImpl: synchronized memcpy failed, kind = 1, runtime result = 107030
[ERROR] RUNTIME(712971,15):2026-01-15-10:29:34.458.190 [api_error.cc:1519]712971 MemCopySync:Memory copy sync failed, cnt=416, kind=1.
[ERROR] RUNTIME(712971,15):2026-01-15-10:29:34.458.199 [api_c.cc:1197]712971 rtMemcpy:ErrCode=107030, desc=[the current capture mode does not support this operation], InnerCode=0x703001c
[ERROR] RUNTIME(712971,15):2026-01-15-10:29:34.458.202 [error_message_manage.cc:53]712971 FuncErrorReason:report error module_type=3, module_name=EE8888
[ERROR] RUNTIME(712971,15):2026-01-15-10:29:34.458.205 [error_message_manage.cc:53]712971 FuncErrorReason:rtMemcpy execute failed, reason=[the current capture mode does not support this operation]
[ERROR] ASCENDCL(712971,15):2026-01-15-10:29:34.458.434 [memory.cpp:437]712971 aclrtMemcpyImpl: synchronized memcpy failed, kind = 1, runtime result = 107030
[ERROR] RUNTIME(712971,15):2026-01-15-10:29:34.519.092 [api_error.cc:1519]712971 MemCopySync:Memory copy sync failed, cnt=72, kind=1.
[ERROR] RUNTIME(712971,15):2026-01-15-10:29:34.519.100 [api_c.cc:1197]712971 rtMemcpy:ErrCode=107030, desc=[the current capture mode does not support this operation], InnerCode=0x703001c
[ERROR] RUNTIME(712971,15):2026-01-15-10:29:34.519.103 [error_message_manage.cc:53]712971 FuncErrorReason:report error module_type=3, module_name=EE8888
[ERROR] RUNTIME(712971,15):2026-01-15-10:29:34.519.105 [error_message_manage.cc:53]712971 FuncErrorReason:rtMemcpy execute failed, reason=[the current capture mode does not support this operation]
[ERROR] ASCENDCL(712971,15):2026-01-15-10:29:34.519.352 [memory.cpp:437]712971 aclrtMemcpyImpl: synchronized memcpy failed, kind = 1, runtime result = 107030
[ERROR] RUNTIME(712971,15):2026-01-15-10:29:34.589.520 [api_error.cc:1519]712971 MemCopySync:Memory copy sync failed, cnt=416, kind=1.
[ERROR] RUNTIME(712971,15):2026-01-15-10:29:34.589.528 [api_c.cc:1197]712971 rtMemcpy:ErrCode=107030, desc=[the current capture mode does not support this operation], InnerCode=0x703001c
[ERROR] RUNTIME(712971,15):2026-01-15-10:29:34.589.531 [error_message_manage.cc:53]712971 FuncErrorReason:report error module_type=3, module_name=EE8888
[ERROR] RUNTIME(712971,15):2026-01-15-10:29:34.589.533 [error_message_manage.cc:53]712971 FuncErrorReason:rtMemcpy execute failed, reason=[the current capture mode does not support this operation]
[ERROR] ASCENDCL(712971,15):2026-01-15-10:29:34.589.721 [memory.cpp:437]712971 aclrtMemcpyImpl: synchronized memcpy failed, kind = 1, runtime result = 107030
[ERROR] RUNTIME(712971,15):2026-01-15-10:29:34.661.859 [api_error.cc:1519]712971 MemCopySync:Memory copy sync failed, cnt=72, kind=1.
[ERROR] RUNTIME(712971,15):2026-01-15-10:29:34.661.867 [api_c.cc:1197]712971 rtMemcpy:ErrCode=107030, desc=[the current capture mode does not support this operation], InnerCode=0x703001c
[ERROR] RUNTIME(712971,15):2026-01-15-10:29:34.661.870 [error_message_manage.cc:53]712971 FuncErrorReason:report error module_type=3, module_name=EE8888
[ERROR] RUNTIME(712971,15):2026-01-15-10:29:34.661.872 [error_message_manage.cc:53]712971 FuncErrorReason:rtMemcpy execute failed, reason=[the current capture mode does not support this operation]
[ERROR] ASCENDCL(712971,15):2026-01-15-10:29:34.662.093 [memory.cpp:437]712971 aclrtMemcpyImpl: synchronized memcpy failed, kind = 1, runtime result = 107030
[ERROR] RUNTIME(712971,15):2026-01-15-10:29:34.736.633 [api_error.cc:1519]712971 MemCopySync:Memory copy sync failed, cnt=416, kind=1.
[ERROR] RUNTIME(712971,15):2026-01-15-10:29:34.736.641 [api_c.cc:1197]712971 rtMemcpy:ErrCode=107030, desc=[the current capture mode does not support this operation], InnerCode=0x703001c
[ERROR] RUNTIME(712971,15):2026-01-15-10:29:34.736.644 [error_message_manage.cc:53]712971 FuncErrorReason:report error module_type=3, module_name=EE8888
[ERROR] RUNTIME(712971,15):2026-01-15-10:29:34.736.647 [error_message_manage.cc:53]712971 FuncErrorReason:rtMemcpy execute failed, reason=[the current capture mode does not support this operation]
[ERROR] ASCENDCL(712971,15):2026-01-15-10:29:34.736.884 [memory.cpp:437]712971 aclrtMemcpyImpl: synchronized memcpy failed, kind = 1, runtime result = 107030
[ERROR] RUNTIME(712971,15):2026-01-15-10:29:34.801.294 [api_error.cc:1519]712971 MemCopySync:Memory copy sync failed, cnt=72, kind=1.
[ERROR] RUNTIME(712971,15):2026-01-15-10:29:34.801.302 [api_c.cc:1197]712971 rtMemcpy:ErrCode=107030, desc=[the current capture mode does not support this operation], InnerCode=0x703001c
[ERROR] RUNTIME(712971,15):2026-01-15-10:29:34.801.304 [error_message_manage.cc:53]712971 FuncErrorReason:report error module_type=3, module_name=EE8888
[ERROR] RUNTIME(712971,15):2026-01-15-10:29:34.801.307 [error_message_manage.cc:53]712971 FuncErrorReason:rtMemcpy execute failed, reason=[the current capture mode does not support this operation]
[ERROR] ASCENDCL(712971,15):2026-01-15-10:29:34.801.546 [memory.cpp:437]712971 aclrtMemcpyImpl: synchronized memcpy failed, kind = 1, runtime result = 107030
[ERROR] RUNTIME(712971,15):2026-01-15-10:29:34.870.404 [api_error.cc:1519]712971 MemCopySync:Memory copy sync failed, cnt=416, kind=1.
[ERROR] RUNTIME(712971,15):2026-01-15-10:29:34.870.413 [api_c.cc:1197]712971 rtMemcpy:ErrCode=107030, desc=[the current capture mode does not support this operation], InnerCode=0x703001c
[ERROR] RUNTIME(712971,15):2026-01-15-10:29:34.870.416 [error_message_manage.cc:53]712971 FuncErrorReason:report error module_type=3, module_name=EE8888
[ERROR] RUNTIME(712971,15):2026-01-15-10:29:34.870.419 [error_message_manage.cc:53]712971 FuncErrorReason:rtMemcpy execute failed, reason=[the current capture mode does not support this operation]
[ERROR] ASCENDCL(712971,15):2026-01-15-10:29:34.870.684 [memory.cpp:437]712971 aclrtMemcpyImpl: synchronized memcpy failed, kind = 1, runtime result = 107030
[ERROR] RUNTIME(712971,15):2026-01-15-10:29:34.933.184 [api_error.cc:1519]712971 MemCopySync:Memory copy sync failed, cnt=72, kind=1.
[ERROR] RUNTIME(712971,15):2026-01-15-10:29:34.933.192 [api_c.cc:1197]712971 rtMemcpy:ErrCode=107030, desc=[the current capture mode does not support this operation], InnerCode=0x703001c
[ERROR] RUNTIME(712971,15):2026-01-15-10:29:34.933.194 [error_message_manage.cc:53]712971 FuncErrorReason:report error module_type=3, module_name=EE8888
[ERROR] RUNTIME(712971,15):2026-01-15-10:29:34.933.197 [error_message_manage.cc:53]712971 FuncErrorReason:rtMemcpy execute failed, reason=[the current capture mode does not support this operation]
[ERROR] ASCENDCL(712971,15):2026-01-15-10:29:34.933.414 [memory.cpp:437]712971 aclrtMemcpyImpl: synchronized memcpy failed, kind = 1, runtime result = 107030
[ERROR] RUNTIME(712971,15):2026-01-15-10:29:35.000.888 [api_error.cc:1519]712971 MemCopySync:Memory copy sync failed, cnt=416, kind=1.
[ERROR] RUNTIME(712971,15):2026-01-15-10:29:35.000.896 [api_c.cc:1197]712971 rtMemcpy:ErrCode=107030, desc=[the current capture mode does not support this operation], InnerCode=0x703001c
[ERROR] RUNTIME(712971,15):2026-01-15-10:29:35.000.899 [error_message_manage.cc:53]712971 FuncErrorReason:report error module_type=3, module_name=EE8888
[ERROR] RUNTIME(712971,15):2026-01-15-10:29:35.000.901 [error_message_manage.cc:53]712971 FuncErrorReason:rtMemcpy execute failed, reason=[the current capture mode does not support this operation]
[ERROR] ASCENDCL(712971,15):2026-01-15-10:29:35.001.121 [memory.cpp:437]712971 aclrtMemcpyImpl: synchronized memcpy failed, kind = 1, runtime result = 107030
[ERROR] RUNTIME(712971,15):2026-01-15-10:29:35.063.016 [api_error.cc:1519]712971 MemCopySync:Memory copy sync failed, cnt=72, kind=1.
[ERROR] RUNTIME(712971,15):2026-01-15-10:29:35.063.025 [api_c.cc:1197]712971 rtMemcpy:ErrCode=107030, desc=[the current capture mode does not support this operation], InnerCode=0x703001c
[ERROR] RUNTIME(712971,15):2026-01-15-10:29:35.063.027 [error_message_manage.cc:53]712971 FuncErrorReason:report error module_type=3, module_name=EE8888
[ERROR] RUNTIME(712971,15):2026-01-15-10:29:35.063.030 [error_message_manage.cc:53]712971 FuncErrorReason:rtMemcpy execute failed, reason=[the current capture mode does not support this operation]
[ERROR] ASCENDCL(712971,15):2026-01-15-10:29:35.063.275 [memory.cpp:437]712971 aclrtMemcpyImpl: synchronized memcpy failed, kind = 1, runtime result = 107030
[ERROR] RUNTIME(712971,15):2026-01-15-10:29:35.127.657 [api_error.cc:1519]712971 MemCopySync:Memory copy sync failed, cnt=416, kind=1.
[ERROR] RUNTIME(712971,15):2026-01-15-10:29:35.127.666 [api_c.cc:1197]712971 rtMemcpy:ErrCode=107030, desc=[the current capture mode does not support this operation], InnerCode=0x703001c
[ERROR] RUNTIME(712971,15):2026-01-15-10:29:35.127.668 [error_message_manage.cc:53]712971 FuncErrorReason:report error module_type=3, module_name=EE8888
[ERROR] RUNTIME(712971,15):2026-01-15-10:29:35.127.671 [error_message_manage.cc:53]712971 FuncErrorReason:rtMemcpy execute failed, reason=[the current capture mode does not support this operation]
[ERROR] ASCENDCL(712971,15):2026-01-15-10:29:35.127.874 [memory.cpp:437]712971 aclrtMemcpyImpl: synchronized memcpy failed, kind = 1, runtime result = 107030
[ERROR] RUNTIME(712971,15):2026-01-15-10:29:35.191.236 [api_error.cc:1519]712971 MemCopySync:Memory copy sync failed, cnt=72, kind=1.
[ERROR] RUNTIME(712971,15):2026-01-15-10:29:35.191.243 [api_c.cc:1197]712971 rtMemcpy:ErrCode=107030, desc=[the current capture mode does not support this operation], InnerCode=0x703001c
[ERROR] RUNTIME(712971,15):2026-01-15-10:29:35.191.246 [error_message_manage.cc:53]712971 FuncErrorReason:report error module_type=3, module_name=EE8888
[ERROR] RUNTIME(712971,15):2026-01-15-10:29:35.191.248 [error_message_manage.cc:53]712971 FuncErrorReason:rtMemcpy execute failed, reason=[the current capture mode does not support this operation]
[ERROR] ASCENDCL(712971,15):2026-01-15-10:29:35.191.466 [memory.cpp:437]712971 aclrtMemcpyImpl: synchronized memcpy failed, kind = 1, runtime result = 107030
[ERROR] RUNTIME(712971,15):2026-01-15-10:29:35.258.846 [api_error.cc:1519]712971 MemCopySync:Memory copy sync failed, cnt=416, kind=1.
[ERROR] RUNTIME(712971,15):2026-01-15-10:29:35.258.856 [api_c.cc:1197]712971 rtMemcpy:ErrCode=107030, desc=[the current capture mode does not support this operation], InnerCode=0x703001c
[ERROR] RUNTIME(712971,15):2026-01-15-10:29:35.258.858 [error_message_manage.cc:53]712971 FuncErrorReason:report error module_type=3, module_name=EE8888
[ERROR] RUNTIME(712971,15):2026-01-15-10:29:35.258.861 [error_message_manage.cc:53]712971 FuncErrorReason:rtMemcpy execute failed, reason=[the current capture mode does not support this operation]
[ERROR] ASCENDCL(712971,15):2026-01-15-10:29:35.259.082 [memory.cpp:437]712971 aclrtMemcpyImpl: synchronized memcpy failed, kind = 1, runtime result = 107030
[ERROR] RUNTIME(712971,15):2026-01-15-10:29:35.329.461 [api_error.cc:1519]712971 MemCopySync:Memory copy sync failed, cnt=72, kind=1.
[ERROR] RUNTIME(712971,15):2026-01-15-10:29:35.329.468 [api_c.cc:1197]712971 rtMemcpy:ErrCode=107030, desc=[the current capture mode does not support this operation], InnerCode=0x703001c
[ERROR] RUNTIME(712971,15):2026-01-15-10:29:35.329.471 [error_message_manage.cc:53]712971 FuncErrorReason:report error module_type=3, module_name=EE8888
[ERROR] RUNTIME(712971,15):2026-01-15-10:29:35.329.473 [error_message_manage.cc:53]712971 FuncErrorReason:rtMemcpy execute failed, reason=[the current capture mode does not support this operation]
[ERROR] ASCENDCL(712971,15):2026-01-15-10:29:35.329.698 [memory.cpp:437]712971 aclrtMemcpyImpl: synchronized memcpy failed, kind = 1, runtime result = 107030
[ERROR] RUNTIME(712971,15):2026-01-15-10:29:35.406.091 [api_error.cc:1519]712971 MemCopySync:Memory copy sync failed, cnt=416, kind=1.
[ERROR] RUNTIME(712971,15):2026-01-15-10:29:35.406.100 [api_c.cc:1197]712971 rtMemcpy:ErrCode=107030, desc=[the current capture mode does not support this operation], InnerCode=0x703001c
[ERROR] RUNTIME(712971,15):2026-01-15-10:29:35.406.102 [error_message_manage.cc:53]712971 FuncErrorReason:report error module_type=3, module_name=EE8888
[ERROR] RUNTIME(712971,15):2026-01-15-10:29:35.406.105 [error_message_manage.cc:53]712971 FuncErrorReason:rtMemcpy execute failed, reason=[the current capture mode does not support this operation]
[ERROR] ASCENDCL(712971,15):2026-01-15-10:29:35.406.348 [memory.cpp:437]712971 aclrtMemcpyImpl: synchronized memcpy failed, kind = 1, runtime result = 107030
[ERROR] RUNTIME(712971,15):2026-01-15-10:29:35.481.452 [api_error.cc:1519]712971 MemCopySync:Memory copy sync failed, cnt=72, kind=1.
[ERROR] RUNTIME(712971,15):2026-01-15-10:29:35.481.460 [api_c.cc:1197]712971 rtMemcpy:ErrCode=107030, desc=[the current capture mode does not support this operation], InnerCode=0x703001c
[ERROR] RUNTIME(712971,15):2026-01-15-10:29:35.481.463 [error_message_manage.cc:53]712971 FuncErrorReason:report error module_type=3, module_name=EE8888
[ERROR] RUNTIME(712971,15):2026-01-15-10:29:35.481.465 [error_message_manage.cc:53]712971 FuncErrorReason:rtMemcpy execute failed, reason=[the current capture mode does not support this operation]
[ERROR] ASCENDCL(712971,15):2026-01-15-10:29:35.481.741 [memory.cpp:437]712971 aclrtMemcpyImpl: synchronized memcpy failed, kind = 1, runtime result = 107030
[ERROR] RUNTIME(712971,15):2026-01-15-10:29:35.556.889 [api_error.cc:1519]712971 MemCopySync:Memory copy sync failed, cnt=416, kind=1.
[ERROR] RUNTIME(712971,15):2026-01-15-10:29:35.556.898 [api_c.cc:1197]712971 rtMemcpy:ErrCode=107030, desc=[the current capture mode does not support this operation], InnerCode=0x703001c
[ERROR] RUNTIME(712971,15):2026-01-15-10:29:35.556.900 [error_message_manage.cc:53]712971 FuncErrorReason:report error module_type=3, module_name=EE8888
[ERROR] RUNTIME(712971,15):2026-01-15-10:29:35.556.903 [error_message_manage.cc:53]712971 FuncErrorReason:rtMemcpy execute failed, reason=[the current capture mode does not support this operation]
[ERROR] ASCENDCL(712971,15):2026-01-15-10:29:35.557.145 [memory.cpp:437]712971 aclrtMemcpyImpl: synchronized memcpy failed, kind = 1, runtime result = 107030
[ERROR] RUNTIME(712971,15):2026-01-15-10:29:35.622.582 [api_error.cc:1519]712971 MemCopySync:Memory copy sync failed, cnt=72, kind=1.
[ERROR] RUNTIME(712971,15):2026-01-15-10:29:35.622.590 [api_c.cc:1197]712971 rtMemcpy:ErrCode=107030, desc=[the current capture mode does not support this operation], InnerCode=0x703001c
[ERROR] RUNTIME(712971,15):2026-01-15-10:29:35.622.592 [error_message_manage.cc:53]712971 FuncErrorReason:report error module_type=3, module_name=EE8888
[ERROR] RUNTIME(712971,15):2026-01-15-10:29:35.622.595 [error_message_manage.cc:53]712971 FuncErrorReason:rtMemcpy execute failed, reason=[the current capture mode does not support this operation]
[ERROR] ASCENDCL(712971,15):2026-01-15-10:29:35.622.805 [memory.cpp:437]712971 aclrtMemcpyImpl: synchronized memcpy failed, kind = 1, runtime result = 107030
[ERROR] RUNTIME(712971,15):2026-01-15-10:29:35.672.175 [api_error.cc:1519]712971 MemCopySync:Memory copy sync failed, cnt=416, kind=1.
[ERROR] RUNTIME(712971,15):2026-01-15-10:29:35.672.183 [api_c.cc:1197]712971 rtMemcpy:ErrCode=107030, desc=[the current capture mode does not support this operation], InnerCode=0x703001c
[ERROR] RUNTIME(712971,15):2026-01-15-10:29:35.672.186 [error_message_manage.cc:53]712971 FuncErrorReason:report error module_type=3, module_name=EE8888
[ERROR] RUNTIME(712971,15):2026-01-15-10:29:35.672.189 [error_message_manage.cc:53]712971 FuncErrorReason:rtMemcpy execute failed, reason=[the current capture mode does not support this operation]
[ERROR] ASCENDCL(712971,15):2026-01-15-10:29:35.672.455 [memory.cpp:437]712971 aclrtMemcpyImpl: synchronized memcpy failed, kind = 1, runtime result = 107030
[ERROR] RUNTIME(712971,15):2026-01-15-10:29:35.737.528 [api_error.cc:1519]712971 MemCopySync:Memory copy sync failed, cnt=72, kind=1.
[ERROR] RUNTIME(712971,15):2026-01-15-10:29:35.737.536 [api_c.cc:1197]712971 rtMemcpy:ErrCode=107030, desc=[the current capture mode does not support this operation], InnerCode=0x703001c
[ERROR] RUNTIME(712971,15):2026-01-15-10:29:35.737.539 [error_message_manage.cc:53]712971 FuncErrorReason:report error module_type=3, module_name=EE8888
[ERROR] RUNTIME(712971,15):2026-01-15-10:29:35.737.541 [error_message_manage.cc:53]712971 FuncErrorReason:rtMemcpy execute failed, reason=[the current capture mode does not support this operation]
[ERROR] ASCENDCL(712971,15):2026-01-15-10:29:35.737.760 [memory.cpp:437]712971 aclrtMemcpyImpl: synchronized memcpy failed, kind = 1, runtime result = 107030
[ERROR] RUNTIME(712971,15):2026-01-15-10:29:35.808.065 [api_error.cc:1519]712971 MemCopySync:Memory copy sync failed, cnt=416, kind=1.
[ERROR] RUNTIME(712971,15):2026-01-15-10:29:35.808.073 [api_c.cc:1197]712971 rtMemcpy:ErrCode=107030, desc=[the current capture mode does not support this operation], InnerCode=0x703001c
[ERROR] RUNTIME(712971,15):2026-01-15-10:29:35.808.076 [error_message_manage.cc:53]712971 FuncErrorReason:report error module_type=3, module_name=EE8888
[ERROR] RUNTIME(712971,15):2026-01-15-10:29:35.808.079 [error_message_manage.cc:53]712971 FuncErrorReason:rtMemcpy execute failed, reason=[the current capture mode does not support this operation]
[ERROR] ASCENDCL(712971,15):2026-01-15-10:29:35.808.283 [memory.cpp:437]712971 aclrtMemcpyImpl: synchronized memcpy failed, kind = 1, runtime result = 107030
[ERROR] RUNTIME(712971,15):2026-01-15-10:29:35.883.297 [api_error.cc:1519]712971 MemCopySync:Memory copy sync failed, cnt=72, kind=1.
[ERROR] RUNTIME(712971,15):2026-01-15-10:29:35.883.305 [api_c.cc:1197]712971 rtMemcpy:ErrCode=107030, desc=[the current capture mode does not support this operation], InnerCode=0x703001c
[ERROR] RUNTIME(712971,15):2026-01-15-10:29:35.883.308 [error_message_manage.cc:53]712971 FuncErrorReason:report error module_type=3, module_name=EE8888
[ERROR] RUNTIME(712971,15):2026-01-15-10:29:35.883.310 [error_message_manage.cc:53]712971 FuncErrorReason:rtMemcpy execute failed, reason=[the current capture mode does not support this operation]
[ERROR] ASCENDCL(712971,15):2026-01-15-10:29:35.883.629 [memory.cpp:437]712971 aclrtMemcpyImpl: synchronized memcpy failed, kind = 1, runtime result = 107030
[ERROR] RUNTIME(712971,15):2026-01-15-10:29:35.963.804 [api_error.cc:1519]712971 MemCopySync:Memory copy sync failed, cnt=416, kind=1.
[ERROR] RUNTIME(712971,15):2026-01-15-10:29:35.963.812 [api_c.cc:1197]712971 rtMemcpy:ErrCode=107030, desc=[the current capture mode does not support this operation], InnerCode=0x703001c
[ERROR] RUNTIME(712971,15):2026-01-15-10:29:35.963.815 [error_message_manage.cc:53]712971 FuncErrorReason:report error module_type=3, module_name=EE8888
[ERROR] RUNTIME(712971,15):2026-01-15-10:29:35.963.817 [error_message_manage.cc:53]712971 FuncErrorReason:rtMemcpy execute failed, reason=[the current capture mode does not support this operation]
[ERROR] ASCENDCL(712971,15):2026-01-15-10:29:35.964.022 [memory.cpp:437]712971 aclrtMemcpyImpl: synchronized memcpy failed, kind = 1, runtime result = 107030
[ERROR] RUNTIME(712971,15):2026-01-15-10:29:36.039.226 [api_error.cc:1519]712971 MemCopySync:Memory copy sync failed, cnt=72, kind=1.
[ERROR] RUNTIME(712971,15):2026-01-15-10:29:36.039.234 [api_c.cc:1197]712971 rtMemcpy:ErrCode=107030, desc=[the current capture mode does not support this operation], InnerCode=0x703001c
[ERROR] RUNTIME(712971,15):2026-01-15-10:29:36.039.236 [error_message_manage.cc:53]712971 FuncErrorReason:report error module_type=3, module_name=EE8888
[ERROR] RUNTIME(712971,15):2026-01-15-10:29:36.039.239 [error_message_manage.cc:53]712971 FuncErrorReason:rtMemcpy execute failed, reason=[the current capture mode does not support this operation]
[ERROR] ASCENDCL(712971,15):2026-01-15-10:29:36.039.434 [memory.cpp:437]712971 aclrtMemcpyImpl: synchronized memcpy failed, kind = 1, runtime result = 107030
[ERROR] RUNTIME(712971,15):2026-01-15-10:29:36.106.085 [api_error.cc:1519]712971 MemCopySync:Memory copy sync failed, cnt=416, kind=1.
[ERROR] RUNTIME(712971,15):2026-01-15-10:29:36.106.093 [api_c.cc:1197]712971 rtMemcpy:ErrCode=107030, desc=[the current capture mode does not support this operation], InnerCode=0x703001c
[ERROR] RUNTIME(712971,15):2026-01-15-10:29:36.106.096 [error_message_manage.cc:53]712971 FuncErrorReason:report error module_type=3, module_name=EE8888
[ERROR] RUNTIME(712971,15):2026-01-15-10:29:36.106.099 [error_message_manage.cc:53]712971 FuncErrorReason:rtMemcpy execute failed, reason=[the current capture mode does not support this operation]
[ERROR] ASCENDCL(712971,15):2026-01-15-10:29:36.106.433 [memory.cpp:437]712971 aclrtMemcpyImpl: synchronized memcpy failed, kind = 1, runtime result = 107030
[ERROR] RUNTIME(712971,15):2026-01-15-10:29:36.150.001 [api_error.cc:1519]712971 MemCopySync:Memory copy sync failed, cnt=72, kind=1.
[ERROR] RUNTIME(712971,15):2026-01-15-10:29:36.150.008 [api_c.cc:1197]712971 rtMemcpy:ErrCode=107030, desc=[the current capture mode does not support this operation], InnerCode=0x703001c
[ERROR] RUNTIME(712971,15):2026-01-15-10:29:36.150.011 [error_message_manage.cc:53]712971 FuncErrorReason:report error module_type=3, module_name=EE8888
[ERROR] RUNTIME(712971,15):2026-01-15-10:29:36.150.013 [error_message_manage.cc:53]712971 FuncErrorReason:rtMemcpy execute failed, reason=[the current capture mode does not support this operation]
[ERROR] ASCENDCL(712971,15):2026-01-15-10:29:36.150.235 [memory.cpp:437]712971 aclrtMemcpyImpl: synchronized memcpy failed, kind = 1, runtime result = 107030
[ERROR] RUNTIME(712971,15):2026-01-15-10:29:36.216.618 [api_error.cc:1519]712971 MemCopySync:Memory copy sync failed, cnt=416, kind=1.
[ERROR] RUNTIME(712971,15):2026-01-15-10:29:36.216.626 [api_c.cc:1197]712971 rtMemcpy:ErrCode=107030, desc=[the current capture mode does not support this operation], InnerCode=0x703001c
[ERROR] RUNTIME(712971,15):2026-01-15-10:29:36.216.629 [error_message_manage.cc:53]712971 FuncErrorReason:report error module_type=3, module_name=EE8888
[ERROR] RUNTIME(712971,15):2026-01-15-10:29:36.216.632 [error_message_manage.cc:53]712971 FuncErrorReason:rtMemcpy execute failed, reason=[the current capture mode does not support this operation]
[ERROR] ASCENDCL(712971,15):2026-01-15-10:29:36.216.825 [memory.cpp:437]712971 aclrtMemcpyImpl: synchronized memcpy failed, kind = 1, runtime result = 107030
[ERROR] RUNTIME(712971,15):2026-01-15-10:29:36.289.847 [api_error.cc:1519]712971 MemCopySync:Memory copy sync failed, cnt=72, kind=1.
[ERROR] RUNTIME(712971,15):2026-01-15-10:29:36.289.855 [api_c.cc:1197]712971 rtMemcpy:ErrCode=107030, desc=[the current capture mode does not support this operation], InnerCode=0x703001c
[ERROR] RUNTIME(712971,15):2026-01-15-10:29:36.289.857 [error_message_manage.cc:53]712971 FuncErrorReason:report error module_type=3, module_name=EE8888
[ERROR] RUNTIME(712971,15):2026-01-15-10:29:36.289.860 [error_message_manage.cc:53]712971 FuncErrorReason:rtMemcpy execute failed, reason=[the current capture mode does not support this operation]
[ERROR] ASCENDCL(712971,15):2026-01-15-10:29:36.290.136 [memory.cpp:437]712971 aclrtMemcpyImpl: synchronized memcpy failed, kind = 1, runtime result = 107030
[ERROR] RUNTIME(712971,15):2026-01-15-10:29:36.456.116 [api_c_stream.cc:412]712971 rtsStreamSetAttribute:report error module_name=EE1001
[ERROR] RUNTIME(712971,15):2026-01-15-10:29:36.456.122 [api_c_stream.cc:412]712971 rtsStreamSetAttribute:Invalid stream attribute ID: 4, Supported stream attribute IDs: [1, 4).
[ERROR] RUNTIME(712971,15):2026-01-15-10:29:36.456.153 [api_c_stream.cc:416]712971 rtsStreamSetAttribute:ErrCode=107000, desc=[invalid value], InnerCode=0x7110001
[ERROR] RUNTIME(712971,15):2026-01-15-10:29:36.456.156 [error_message_manage.cc:48]712971 FuncErrorReason:report error module_name=EE1001
[ERROR] RUNTIME(712971,15):2026-01-15-10:29:36.456.158 [error_message_manage.cc:48]712971 FuncErrorReason:rtsStreamSetAttribute execute failed, reason=[invalid value]
[ERROR] ASCENDCL(712971,15):2026-01-15-10:29:36.456.378 [stream.cpp:299]712971 aclrtSetStreamAttributeImpl: call rtsStreamSetAttribute failed, runtime result = 107000
[ERROR] RUNTIME(712971,15):2026-01-15-10:29:36.855.142 [api_c_stream.cc:412]712971 rtsStreamSetAttribute:report error module_name=EE1001
[ERROR] RUNTIME(712971,15):2026-01-15-10:29:36.855.149 [api_c_stream.cc:412]712971 rtsStreamSetAttribute:Invalid stream attribute ID: 4, Supported stream attribute IDs: [1, 4).
[ERROR] RUNTIME(712971,15):2026-01-15-10:29:36.855.183 [api_c_stream.cc:416]712971 rtsStreamSetAttribute:ErrCode=107000, desc=[invalid value], InnerCode=0x7110001
[ERROR] RUNTIME(712971,15):2026-01-15-10:29:36.855.186 [error_message_manage.cc:48]712971 FuncErrorReason:report error module_name=EE1001
[ERROR] RUNTIME(712971,15):2026-01-15-10:29:36.855.189 [error_message_manage.cc:48]712971 FuncErrorReason:rtsStreamSetAttribute execute failed, reason=[invalid value]
[ERROR] ASCENDCL(712971,15):2026-01-15-10:29:36.855.416 [stream.cpp:299]712971 aclrtSetStreamAttributeImpl: call rtsStreamSetAttribute failed, runtime result = 107000
[ERROR] RUNTIME(712971,15):2026-01-15-10:29:37.691.927 [api_error.cc:1519]712971 MemCopySync:Memory copy sync failed, cnt=416, kind=1.
[ERROR] RUNTIME(712971,15):2026-01-15-10:29:37.691.937 [api_c.cc:1197]712971 rtMemcpy:ErrCode=107030, desc=[the current capture mode does not support this operation], InnerCode=0x703001c
[ERROR] RUNTIME(712971,15):2026-01-15-10:29:37.691.939 [error_message_manage.cc:53]712971 FuncErrorReason:report error module_type=3, module_name=EE8888
[ERROR] RUNTIME(712971,15):2026-01-15-10:29:37.691.942 [error_message_manage.cc:53]712971 FuncErrorReason:rtMemcpy execute failed, reason=[the current capture mode does not support this operation]
[ERROR] ASCENDCL(712971,15):2026-01-15-10:29:37.692.227 [memory.cpp:437]712971 aclrtMemcpyImpl: synchronized memcpy failed, kind = 1, runtime result = 107030
[ERROR] RUNTIME(712971,15):2026-01-15-10:29:37.693.243 [api_error.cc:1519]712971 MemCopySync:Memory copy sync failed, cnt=72, kind=1.
[ERROR] RUNTIME(712971,15):2026-01-15-10:29:37.693.250 [api_c.cc:1197]712971 rtMemcpy:ErrCode=107030, desc=[the current capture mode does not support this operation], InnerCode=0x703001c
[ERROR] RUNTIME(712971,15):2026-01-15-10:29:37.693.253 [error_message_manage.cc:53]712971 FuncErrorReason:report error module_type=3, module_name=EE8888
[ERROR] RUNTIME(712971,15):2026-01-15-10:29:37.693.256 [error_message_manage.cc:53]712971 FuncErrorReason:rtMemcpy execute failed, reason=[the current capture mode does not support this operation]
[ERROR] ASCENDCL(712971,15):2026-01-15-10:29:37.693.397 [memory.cpp:437]712971 aclrtMemcpyImpl: synchronized memcpy failed, kind = 1, runtime result = 107030
[ERROR] RUNTIME(712971,15):2026-01-15-10:29:38.470.665 [api_error.cc:1519]712971 MemCopySync:Memory copy sync failed, cnt=416, kind=1.
[ERROR] RUNTIME(712971,15):2026-01-15-10:29:38.470.678 [api_c.cc:1197]712971 rtMemcpy:ErrCode=107030, desc=[the current capture mode does not support this operation], InnerCode=0x703001c
[ERROR] RUNTIME(712971,15):2026-01-15-10:29:38.470.682 [error_message_manage.cc:53]712971 FuncErrorReason:report error module_type=3, module_name=EE8888
[ERROR] RUNTIME(712971,15):2026-01-15-10:29:38.470.685 [error_message_manage.cc:53]712971 FuncErrorReason:rtMemcpy execute failed, reason=[the current capture mode does not support this operation]
[ERROR] ASCENDCL(712971,15):2026-01-15-10:29:38.471.004 [memory.cpp:437]712971 aclrtMemcpyImpl: synchronized memcpy failed, kind = 1, runtime result = 107030
[ERROR] RUNTIME(712971,15):2026-01-15-10:29:39.240.831 [api_error.cc:1519]712971 MemCopySync:Memory copy sync failed, cnt=72, kind=1.
[ERROR] RUNTIME(712971,15):2026-01-15-10:29:39.240.842 [api_c.cc:1197]712971 rtMemcpy:ErrCode=107030, desc=[the current capture mode does not support this operation], InnerCode=0x703001c
[ERROR] RUNTIME(712971,15):2026-01-15-10:29:39.240.846 [error_message_manage.cc:53]712971 FuncErrorReason:report error module_type=3, module_name=EE8888
[ERROR] RUNTIME(712971,15):2026-01-15-10:29:39.240.849 [error_message_manage.cc:53]712971 FuncErrorReason:rtMemcpy execute failed, reason=[the current capture mode does not support this operation]
[ERROR] ASCENDCL(712971,15):2026-01-15-10:29:39.241.185 [memory.cpp:437]712971 aclrtMemcpyImpl: synchronized memcpy failed, kind = 1, runtime result = 107030
[ERROR] RUNTIME(712971,15):2026-01-15-10:29:39.981.853 [api_error.cc:1519]712971 MemCopySync:Memory copy sync failed, cnt=416, kind=1.
[ERROR] RUNTIME(712971,15):2026-01-15-10:29:39.981.863 [api_c.cc:1197]712971 rtMemcpy:ErrCode=107030, desc=[the current capture mode does not support this operation], InnerCode=0x703001c
[ERROR] RUNTIME(712971,15):2026-01-15-10:29:39.981.866 [error_message_manage.cc:53]712971 FuncErrorReason:report error module_type=3, module_name=EE8888
[ERROR] RUNTIME(712971,15):2026-01-15-10:29:39.981.869 [error_message_manage.cc:53]712971 FuncErrorReason:rtMemcpy execute failed, reason=[the current capture mode does not support this operation]
[ERROR] ASCENDCL(712971,15):2026-01-15-10:29:39.982.169 [memory.cpp:437]712971 aclrtMemcpyImpl: synchronized memcpy failed, kind = 1, runtime result = 107030
[ERROR] RUNTIME(712971,15):2026-01-15-10:29:40.751.939 [api_error.cc:1519]712971 MemCopySync:Memory copy sync failed, cnt=72, kind=1.
[ERROR] RUNTIME(712971,15):2026-01-15-10:29:40.751.950 [api_c.cc:1197]712971 rtMemcpy:ErrCode=107030, desc=[the current capture mode does not support this operation], InnerCode=0x703001c
[ERROR] RUNTIME(712971,15):2026-01-15-10:29:40.751.953 [error_message_manage.cc:53]712971 FuncErrorReason:report error module_type=3, module_name=EE8888
[ERROR] RUNTIME(712971,15):2026-01-15-10:29:40.751.957 [error_message_manage.cc:53]712971 FuncErrorReason:rtMemcpy execute failed, reason=[the current capture mode does not support this operation]
[ERROR] ASCENDCL(712971,15):2026-01-15-10:29:40.752.303 [memory.cpp:437]712971 aclrtMemcpyImpl: synchronized memcpy failed, kind = 1, runtime result = 107030
[ERROR] RUNTIME(712971,15):2026-01-15-10:29:41.492.808 [api_error.cc:1519]712971 MemCopySync:Memory copy sync failed, cnt=416, kind=1.
[ERROR] RUNTIME(712971,15):2026-01-15-10:29:41.492.819 [api_c.cc:1197]712971 rtMemcpy:ErrCode=107030, desc=[the current capture mode does not support this operation], InnerCode=0x703001c
[ERROR] RUNTIME(712971,15):2026-01-15-10:29:41.492.822 [error_message_manage.cc:53]712971 FuncErrorReason:report error module_type=3, module_name=EE8888
[ERROR] RUNTIME(712971,15):2026-01-15-10:29:41.492.826 [error_message_manage.cc:53]712971 FuncErrorReason:rtMemcpy execute failed, reason=[the current capture mode does not support this operation]
[ERROR] ASCENDCL(712971,15):2026-01-15-10:29:41.493.166 [memory.cpp:437]712971 aclrtMemcpyImpl: synchronized memcpy failed, kind = 1, runtime result = 107030
[ERROR] RUNTIME(712971,15):2026-01-15-10:29:42.271.832 [api_error.cc:1519]712971 MemCopySync:Memory copy sync failed, cnt=72, kind=1.
[ERROR] RUNTIME(712971,15):2026-01-15-10:29:42.271.842 [api_c.cc:1197]712971 rtMemcpy:ErrCode=107030, desc=[the current capture mode does not support this operation], InnerCode=0x703001c
[ERROR] RUNTIME(712971,15):2026-01-15-10:29:42.271.844 [error_message_manage.cc:53]712971 FuncErrorReason:report error module_type=3, module_name=EE8888
[ERROR] RUNTIME(712971,15):2026-01-15-10:29:42.271.847 [error_message_manage.cc:53]712971 FuncErrorReason:rtMemcpy execute failed, reason=[the current capture mode does not support this operation]
[ERROR] ASCENDCL(712971,15):2026-01-15-10:29:42.272.089 [memory.cpp:437]712971 aclrtMemcpyImpl: synchronized memcpy failed, kind = 1, runtime result = 107030
[ERROR] RUNTIME(712971,15):2026-01-15-10:29:42.370.905 [api_error.cc:1519]712971 MemCopySync:Memory copy sync failed, cnt=416, kind=1.
[ERROR] RUNTIME(712971,15):2026-01-15-10:29:42.370.913 [api_c.cc:1197]712971 rtMemcpy:ErrCode=107030, desc=[the current capture mode does not support this operation], InnerCode=0x703001c
[ERROR] RUNTIME(712971,15):2026-01-15-10:29:42.370.916 [error_message_manage.cc:53]712971 FuncErrorReason:report error module_type=3, module_name=EE8888
[ERROR] RUNTIME(712971,15):2026-01-15-10:29:42.370.919 [error_message_manage.cc:53]712971 FuncErrorReason:rtMemcpy execute failed, reason=[the current capture mode does not support this operation]
[ERROR] ASCENDCL(712971,15):2026-01-15-10:29:42.371.167 [memory.cpp:437]712971 aclrtMemcpyImpl: synchronized memcpy failed, kind = 1, runtime result = 107030
[ERROR] RUNTIME(712971,15):2026-01-15-10:29:42.468.144 [api_error.cc:1519]712971 MemCopySync:Memory copy sync failed, cnt=72, kind=1.
[ERROR] RUNTIME(712971,15):2026-01-15-10:29:42.468.152 [api_c.cc:1197]712971 rtMemcpy:ErrCode=107030, desc=[the current capture mode does not support this operation], InnerCode=0x703001c
[ERROR] RUNTIME(712971,15):2026-01-15-10:29:42.468.154 [error_message_manage.cc:53]712971 FuncErrorReason:report error module_type=3, module_name=EE8888
[ERROR] RUNTIME(712971,15):2026-01-15-10:29:42.468.157 [error_message_manage.cc:53]712971 FuncErrorReason:rtMemcpy execute failed, reason=[the current capture mode does not support this operation]
[ERROR] ASCENDCL(712971,15):2026-01-15-10:29:42.468.360 [memory.cpp:437]712971 aclrtMemcpyImpl: synchronized memcpy failed, kind = 1, runtime result = 107030
[ERROR] RUNTIME(712971,15):2026-01-15-10:29:42.561.413 [api_error.cc:1519]712971 MemCopySync:Memory copy sync failed, cnt=416, kind=1.
[ERROR] RUNTIME(712971,15):2026-01-15-10:29:42.561.422 [api_c.cc:1197]712971 rtMemcpy:ErrCode=107030, desc=[the current capture mode does not support this operation], InnerCode=0x703001c
[ERROR] RUNTIME(712971,15):2026-01-15-10:29:42.561.425 [error_message_manage.cc:53]712971 FuncErrorReason:report error module_type=3, module_name=EE8888
[ERROR] RUNTIME(712971,15):2026-01-15-10:29:42.561.428 [error_message_manage.cc:53]712971 FuncErrorReason:rtMemcpy execute failed, reason=[the current capture mode does not support this operation]
[ERROR] ASCENDCL(712971,15):2026-01-15-10:29:42.561.704 [memory.cpp:437]712971 aclrtMemcpyImpl: synchronized memcpy failed, kind = 1, runtime result = 107030
[ERROR] RUNTIME(712971,15):2026-01-15-10:29:42.655.789 [api_error.cc:1519]712971 MemCopySync:Memory copy sync failed, cnt=72, kind=1.
[ERROR] RUNTIME(712971,15):2026-01-15-10:29:42.655.797 [api_c.cc:1197]712971 rtMemcpy:ErrCode=107030, desc=[the current capture mode does not support this operation], InnerCode=0x703001c
[ERROR] RUNTIME(712971,15):2026-01-15-10:29:42.655.800 [error_message_manage.cc:53]712971 FuncErrorReason:report error module_type=3, module_name=EE8888
[ERROR] RUNTIME(712971,15):2026-01-15-10:29:42.655.802 [error_message_manage.cc:53]712971 FuncErrorReason:rtMemcpy execute failed, reason=[the current capture mode does not support this operation]
[ERROR] ASCENDCL(712971,15):2026-01-15-10:29:42.656.027 [memory.cpp:437]712971 aclrtMemcpyImpl: synchronized memcpy failed, kind = 1, runtime result = 107030
[ERROR] RUNTIME(712971,15):2026-01-15-10:29:42.748.030 [api_error.cc:1519]712971 MemCopySync:Memory copy sync failed, cnt=416, kind=1.
[ERROR] RUNTIME(712971,15):2026-01-15-10:29:42.748.039 [api_c.cc:1197]712971 rtMemcpy:ErrCode=107030, desc=[the current capture mode does not support this operation], InnerCode=0x703001c
[ERROR] RUNTIME(712971,15):2026-01-15-10:29:42.748.042 [error_message_manage.cc:53]712971 FuncErrorReason:report error module_type=3, module_name=EE8888
[ERROR] RUNTIME(712971,15):2026-01-15-10:29:42.748.045 [error_message_manage.cc:53]712971 FuncErrorReason:rtMemcpy execute failed, reason=[the current capture mode does not support this operation]
[ERROR] ASCENDCL(712971,15):2026-01-15-10:29:42.748.320 [memory.cpp:437]712971 aclrtMemcpyImpl: synchronized memcpy failed, kind = 1, runtime result = 107030
[ERROR] RUNTIME(712971,15):2026-01-15-10:29:42.832.017 [api_error.cc:1519]712971 MemCopySync:Memory copy sync failed, cnt=72, kind=1.
[ERROR] RUNTIME(712971,15):2026-01-15-10:29:42.832.024 [api_c.cc:1197]712971 rtMemcpy:ErrCode=107030, desc=[the current capture mode does not support this operation], InnerCode=0x703001c
[ERROR] RUNTIME(712971,15):2026-01-15-10:29:42.832.027 [error_message_manage.cc:53]712971 FuncErrorReason:report error module_type=3, module_name=EE8888
[ERROR] RUNTIME(712971,15):2026-01-15-10:29:42.832.030 [error_message_manage.cc:53]712971 FuncErrorReason:rtMemcpy execute failed, reason=[the current capture mode does not support this operation]
[ERROR] ASCENDCL(712971,15):2026-01-15-10:29:42.832.226 [memory.cpp:437]712971 aclrtMemcpyImpl: synchronized memcpy failed, kind = 1, runtime result = 107030
[ERROR] RUNTIME(712971,15):2026-01-15-10:29:42.932.158 [api_error.cc:1519]712971 MemCopySync:Memory copy sync failed, cnt=416, kind=1.
[ERROR] RUNTIME(712971,15):2026-01-15-10:29:42.932.166 [api_c.cc:1197]712971 rtMemcpy:ErrCode=107030, desc=[the current capture mode does not support this operation], InnerCode=0x703001c
[ERROR] RUNTIME(712971,15):2026-01-15-10:29:42.932.169 [error_message_manage.cc:53]712971 FuncErrorReason:report error module_type=3, module_name=EE8888
[ERROR] RUNTIME(712971,15):2026-01-15-10:29:42.932.172 [error_message_manage.cc:53]712971 FuncErrorReason:rtMemcpy execute failed, reason=[the current capture mode does not support this operation]
[ERROR] ASCENDCL(712971,15):2026-01-15-10:29:42.932.449 [memory.cpp:437]712971 aclrtMemcpyImpl: synchronized memcpy failed, kind = 1, runtime result = 107030
[ERROR] RUNTIME(712971,15):2026-01-15-10:29:43.031.065 [api_error.cc:1519]712971 MemCopySync:Memory copy sync failed, cnt=72, kind=1.
[ERROR] RUNTIME(712971,15):2026-01-15-10:29:43.031.072 [api_c.cc:1197]712971 rtMemcpy:ErrCode=107030, desc=[the current capture mode does not support this operation], InnerCode=0x703001c
[ERROR] RUNTIME(712971,15):2026-01-15-10:29:43.031.075 [error_message_manage.cc:53]712971 FuncErrorReason:report error module_type=3, module_name=EE8888
[ERROR] RUNTIME(712971,15):2026-01-15-10:29:43.031.077 [error_message_manage.cc:53]712971 FuncErrorReason:rtMemcpy execute failed, reason=[the current capture mode does not support this operation]
[ERROR] ASCENDCL(712971,15):2026-01-15-10:29:43.031.290 [memory.cpp:437]712971 aclrtMemcpyImpl: synchronized memcpy failed, kind = 1, runtime result = 107030
[ERROR] RUNTIME(712971,15):2026-01-15-10:29:43.132.787 [api_error.cc:1519]712971 MemCopySync:Memory copy sync failed, cnt=416, kind=1.
[ERROR] RUNTIME(712971,15):2026-01-15-10:29:43.132.795 [api_c.cc:1197]712971 rtMemcpy:ErrCode=107030, desc=[the current capture mode does not support this operation], InnerCode=0x703001c
[ERROR] RUNTIME(712971,15):2026-01-15-10:29:43.132.798 [error_message_manage.cc:53]712971 FuncErrorReason:report error module_type=3, module_name=EE8888
[ERROR] RUNTIME(712971,15):2026-01-15-10:29:43.132.801 [error_message_manage.cc:53]712971 FuncErrorReason:rtMemcpy execute failed, reason=[the current capture mode does not support this operation]
[ERROR] ASCENDCL(712971,15):2026-01-15-10:29:43.133.092 [memory.cpp:437]712971 aclrtMemcpyImpl: synchronized memcpy failed, kind = 1, runtime result = 107030
[ERROR] RUNTIME(712971,15):2026-01-15-10:29:43.220.858 [api_error.cc:1519]712971 MemCopySync:Memory copy sync failed, cnt=72, kind=1.
[ERROR] RUNTIME(712971,15):2026-01-15-10:29:43.220.865 [api_c.cc:1197]712971 rtMemcpy:ErrCode=107030, desc=[the current capture mode does not support this operation], InnerCode=0x703001c
[ERROR] RUNTIME(712971,15):2026-01-15-10:29:43.220.867 [error_message_manage.cc:53]712971 FuncErrorReason:report error module_type=3, module_name=EE8888
[ERROR] RUNTIME(712971,15):2026-01-15-10:29:43.220.870 [error_message_manage.cc:53]712971 FuncErrorReason:rtMemcpy execute failed, reason=[the current capture mode does not support this operation]
[ERROR] ASCENDCL(712971,15):2026-01-15-10:29:43.221.081 [memory.cpp:437]712971 aclrtMemcpyImpl: synchronized memcpy failed, kind = 1, runtime result = 107030
[ERROR] RUNTIME(712971,15):2026-01-15-10:29:43.314.485 [api_error.cc:1519]712971 MemCopySync:Memory copy sync failed, cnt=416, kind=1.
[ERROR] RUNTIME(712971,15):2026-01-15-10:29:43.314.493 [api_c.cc:1197]712971 rtMemcpy:ErrCode=107030, desc=[the current capture mode does not support this operation], InnerCode=0x703001c
[ERROR] RUNTIME(712971,15):2026-01-15-10:29:43.314.496 [error_message_manage.cc:53]712971 FuncErrorReason:report error module_type=3, module_name=EE8888
[ERROR] RUNTIME(712971,15):2026-01-15-10:29:43.314.499 [error_message_manage.cc:53]712971 FuncErrorReason:rtMemcpy execute failed, reason=[the current capture mode does not support this operation]
[ERROR] ASCENDCL(712971,15):2026-01-15-10:29:43.314.790 [memory.cpp:437]712971 aclrtMemcpyImpl: synchronized memcpy failed, kind = 1, runtime result = 107030
[ERROR] RUNTIME(712971,15):2026-01-15-10:29:43.406.067 [api_error.cc:1519]712971 MemCopySync:Memory copy sync failed, cnt=72, kind=1.
[ERROR] RUNTIME(712971,15):2026-01-15-10:29:43.406.074 [api_c.cc:1197]712971 rtMemcpy:ErrCode=107030, desc=[the current capture mode does not support this operation], InnerCode=0x703001c
[ERROR] RUNTIME(712971,15):2026-01-15-10:29:43.406.077 [error_message_manage.cc:53]712971 FuncErrorReason:report error module_type=3, module_name=EE8888
[ERROR] RUNTIME(712971,15):2026-01-15-10:29:43.406.080 [error_message_manage.cc:53]712971 FuncErrorReason:rtMemcpy execute failed, reason=[the current capture mode does not support this operation]
[ERROR] ASCENDCL(712971,15):2026-01-15-10:29:43.406.330 [memory.cpp:437]712971 aclrtMemcpyImpl: synchronized memcpy failed, kind = 1, runtime result = 107030
[ERROR] RUNTIME(712971,15):2026-01-15-10:29:43.504.756 [api_error.cc:1519]712971 MemCopySync:Memory copy sync failed, cnt=416, kind=1.
[ERROR] RUNTIME(712971,15):2026-01-15-10:29:43.504.764 [api_c.cc:1197]712971 rtMemcpy:ErrCode=107030, desc=[the current capture mode does not support this operation], InnerCode=0x703001c
[ERROR] RUNTIME(712971,15):2026-01-15-10:29:43.504.767 [error_message_manage.cc:53]712971 FuncErrorReason:report error module_type=3, module_name=EE8888
[ERROR] RUNTIME(712971,15):2026-01-15-10:29:43.504.770 [error_message_manage.cc:53]712971 FuncErrorReason:rtMemcpy execute failed, reason=[the current capture mode does not support this operation]
[ERROR] ASCENDCL(712971,15):2026-01-15-10:29:43.505.008 [memory.cpp:437]712971 aclrtMemcpyImpl: synchronized memcpy failed, kind = 1, runtime result = 107030
[ERROR] RUNTIME(712971,15):2026-01-15-10:29:43.605.626 [api_error.cc:1519]712971 MemCopySync:Memory copy sync failed, cnt=72, kind=1.
[ERROR] RUNTIME(712971,15):2026-01-15-10:29:43.605.633 [api_c.cc:1197]712971 rtMemcpy:ErrCode=107030, desc=[the current capture mode does not support this operation], InnerCode=0x703001c
[ERROR] RUNTIME(712971,15):2026-01-15-10:29:43.605.635 [error_message_manage.cc:53]712971 FuncErrorReason:report error module_type=3, module_name=EE8888
[ERROR] RUNTIME(712971,15):2026-01-15-10:29:43.605.638 [error_message_manage.cc:53]712971 FuncErrorReason:rtMemcpy execute failed, reason=[the current capture mode does not support this operation]
[ERROR] ASCENDCL(712971,15):2026-01-15-10:29:43.605.925 [memory.cpp:437]712971 aclrtMemcpyImpl: synchronized memcpy failed, kind = 1, runtime result = 107030
[ERROR] RUNTIME(712971,15):2026-01-15-10:29:43.704.959 [api_error.cc:1519]712971 MemCopySync:Memory copy sync failed, cnt=416, kind=1.
[ERROR] RUNTIME(712971,15):2026-01-15-10:29:43.704.967 [api_c.cc:1197]712971 rtMemcpy:ErrCode=107030, desc=[the current capture mode does not support this operation], InnerCode=0x703001c
[ERROR] RUNTIME(712971,15):2026-01-15-10:29:43.704.970 [error_message_manage.cc:53]712971 FuncErrorReason:report error module_type=3, module_name=EE8888
[ERROR] RUNTIME(712971,15):2026-01-15-10:29:43.704.973 [error_message_manage.cc:53]712971 FuncErrorReason:rtMemcpy execute failed, reason=[the current capture mode does not support this operation]
[ERROR] ASCENDCL(712971,15):2026-01-15-10:29:43.705.264 [memory.cpp:437]712971 aclrtMemcpyImpl: synchronized memcpy failed, kind = 1, runtime result = 107030
[ERROR] RUNTIME(712971,15):2026-01-15-10:29:43.789.387 [api_error.cc:1519]712971 MemCopySync:Memory copy sync failed, cnt=72, kind=1.
[ERROR] RUNTIME(712971,15):2026-01-15-10:29:43.789.394 [api_c.cc:1197]712971 rtMemcpy:ErrCode=107030, desc=[the current capture mode does not support this operation], InnerCode=0x703001c
[ERROR] RUNTIME(712971,15):2026-01-15-10:29:43.789.397 [error_message_manage.cc:53]712971 FuncErrorReason:report error module_type=3, module_name=EE8888
[ERROR] RUNTIME(712971,15):2026-01-15-10:29:43.789.400 [error_message_manage.cc:53]712971 FuncErrorReason:rtMemcpy execute failed, reason=[the current capture mode does not support this operation]
[ERROR] ASCENDCL(712971,15):2026-01-15-10:29:43.789.636 [memory.cpp:437]712971 aclrtMemcpyImpl: synchronized memcpy failed, kind = 1, runtime result = 107030
[ERROR] RUNTIME(712971,15):2026-01-15-10:29:43.869.517 [api_error.cc:1519]712971 MemCopySync:Memory copy sync failed, cnt=416, kind=1.
[ERROR] RUNTIME(712971,15):2026-01-15-10:29:43.869.524 [api_c.cc:1197]712971 rtMemcpy:ErrCode=107030, desc=[the current capture mode does not support this operation], InnerCode=0x703001c
[ERROR] RUNTIME(712971,15):2026-01-15-10:29:43.869.527 [error_message_manage.cc:53]712971 FuncErrorReason:report error module_type=3, module_name=EE8888
[ERROR] RUNTIME(712971,15):2026-01-15-10:29:43.869.530 [error_message_manage.cc:53]712971 FuncErrorReason:rtMemcpy execute failed, reason=[the current capture mode does not support this operation]
[ERROR] ASCENDCL(712971,15):2026-01-15-10:29:43.869.744 [memory.cpp:437]712971 aclrtMemcpyImpl: synchronized memcpy failed, kind = 1, runtime result = 107030
[ERROR] RUNTIME(712971,15):2026-01-15-10:29:43.944.141 [api_error.cc:1519]712971 MemCopySync:Memory copy sync failed, cnt=72, kind=1.
[ERROR] RUNTIME(712971,15):2026-01-15-10:29:43.944.150 [api_c.cc:1197]712971 rtMemcpy:ErrCode=107030, desc=[the current capture mode does not support this operation], InnerCode=0x703001c
[ERROR] RUNTIME(712971,15):2026-01-15-10:29:43.944.152 [error_message_manage.cc:53]712971 FuncErrorReason:report error module_type=3, module_name=EE8888
[ERROR] RUNTIME(712971,15):2026-01-15-10:29:43.944.155 [error_message_manage.cc:53]712971 FuncErrorReason:rtMemcpy execute failed, reason=[the current capture mode does not support this operation]
[ERROR] ASCENDCL(712971,15):2026-01-15-10:29:43.944.475 [memory.cpp:437]712971 aclrtMemcpyImpl: synchronized memcpy failed, kind = 1, runtime result = 107030
[ERROR] RUNTIME(712971,15):2026-01-15-10:29:44.017.622 [api_error.cc:1519]712971 MemCopySync:Memory copy sync failed, cnt=416, kind=1.
[ERROR] RUNTIME(712971,15):2026-01-15-10:29:44.017.630 [api_c.cc:1197]712971 rtMemcpy:ErrCode=107030, desc=[the current capture mode does not support this operation], InnerCode=0x703001c
[ERROR] RUNTIME(712971,15):2026-01-15-10:29:44.017.633 [error_message_manage.cc:53]712971 FuncErrorReason:report error module_type=3, module_name=EE8888
[ERROR] RUNTIME(712971,15):2026-01-15-10:29:44.017.635 [error_message_manage.cc:53]712971 FuncErrorReason:rtMemcpy execute failed, reason=[the current capture mode does not support this operation]
[ERROR] ASCENDCL(712971,15):2026-01-15-10:29:44.017.839 [memory.cpp:437]712971 aclrtMemcpyImpl: synchronized memcpy failed, kind = 1, runtime result = 107030
[ERROR] RUNTIME(712971,15):2026-01-15-10:29:44.099.095 [api_error.cc:1519]712971 MemCopySync:Memory copy sync failed, cnt=72, kind=1.
[ERROR] RUNTIME(712971,15):2026-01-15-10:29:44.099.104 [api_c.cc:1197]712971 rtMemcpy:ErrCode=107030, desc=[the current capture mode does not support this operation], InnerCode=0x703001c
[ERROR] RUNTIME(712971,15):2026-01-15-10:29:44.099.106 [error_message_manage.cc:53]712971 FuncErrorReason:report error module_type=3, module_name=EE8888
[ERROR] RUNTIME(712971,15):2026-01-15-10:29:44.099.109 [error_message_manage.cc:53]712971 FuncErrorReason:rtMemcpy execute failed, reason=[the current capture mode does not support this operation]
[ERROR] ASCENDCL(712971,15):2026-01-15-10:29:44.099.330 [memory.cpp:437]712971 aclrtMemcpyImpl: synchronized memcpy failed, kind = 1, runtime result = 107030
[ERROR] RUNTIME(712971,15):2026-01-15-10:29:44.184.623 [api_error.cc:1519]712971 MemCopySync:Memory copy sync failed, cnt=416, kind=1.
[ERROR] RUNTIME(712971,15):2026-01-15-10:29:44.184.630 [api_c.cc:1197]712971 rtMemcpy:ErrCode=107030, desc=[the current capture mode does not support this operation], InnerCode=0x703001c
[ERROR] RUNTIME(712971,15):2026-01-15-10:29:44.184.633 [error_message_manage.cc:53]712971 FuncErrorReason:report error module_type=3, module_name=EE8888
[ERROR] RUNTIME(712971,15):2026-01-15-10:29:44.184.636 [error_message_manage.cc:53]712971 FuncErrorReason:rtMemcpy execute failed, reason=[the current capture mode does not support this operation]
[ERROR] ASCENDCL(712971,15):2026-01-15-10:29:44.184.857 [memory.cpp:437]712971 aclrtMemcpyImpl: synchronized memcpy failed, kind = 1, runtime result = 107030
[ERROR] RUNTIME(712971,15):2026-01-15-10:29:44.265.509 [api_error.cc:1519]712971 MemCopySync:Memory copy sync failed, cnt=72, kind=1.
[ERROR] RUNTIME(712971,15):2026-01-15-10:29:44.265.517 [api_c.cc:1197]712971 rtMemcpy:ErrCode=107030, desc=[the current capture mode does not support this operation], InnerCode=0x703001c
[ERROR] RUNTIME(712971,15):2026-01-15-10:29:44.265.519 [error_message_manage.cc:53]712971 FuncErrorReason:report error module_type=3, module_name=EE8888
[ERROR] RUNTIME(712971,15):2026-01-15-10:29:44.265.522 [error_message_manage.cc:53]712971 FuncErrorReason:rtMemcpy execute failed, reason=[the current capture mode does not support this operation]
[ERROR] ASCENDCL(712971,15):2026-01-15-10:29:44.265.738 [memory.cpp:437]712971 aclrtMemcpyImpl: synchronized memcpy failed, kind = 1, runtime result = 107030
[ERROR] RUNTIME(712971,15):2026-01-15-10:29:44.352.872 [api_error.cc:1519]712971 MemCopySync:Memory copy sync failed, cnt=416, kind=1.
[ERROR] RUNTIME(712971,15):2026-01-15-10:29:44.352.881 [api_c.cc:1197]712971 rtMemcpy:ErrCode=107030, desc=[the current capture mode does not support this operation], InnerCode=0x703001c
[ERROR] RUNTIME(712971,15):2026-01-15-10:29:44.352.883 [error_message_manage.cc:53]712971 FuncErrorReason:report error module_type=3, module_name=EE8888
[ERROR] RUNTIME(712971,15):2026-01-15-10:29:44.352.886 [error_message_manage.cc:53]712971 FuncErrorReason:rtMemcpy execute failed, reason=[the current capture mode does not support this operation]
[ERROR] ASCENDCL(712971,15):2026-01-15-10:29:44.353.192 [memory.cpp:437]712971 aclrtMemcpyImpl: synchronized memcpy failed, kind = 1, runtime result = 107030
[ERROR] RUNTIME(712971,15):2026-01-15-10:29:44.431.201 [api_error.cc:1519]712971 MemCopySync:Memory copy sync failed, cnt=72, kind=1.
[ERROR] RUNTIME(712971,15):2026-01-15-10:29:44.431.209 [api_c.cc:1197]712971 rtMemcpy:ErrCode=107030, desc=[the current capture mode does not support this operation], InnerCode=0x703001c
[ERROR] RUNTIME(712971,15):2026-01-15-10:29:44.431.211 [error_message_manage.cc:53]712971 FuncErrorReason:report error module_type=3, module_name=EE8888
[ERROR] RUNTIME(712971,15):2026-01-15-10:29:44.431.214 [error_message_manage.cc:53]712971 FuncErrorReason:rtMemcpy execute failed, reason=[the current capture mode does not support this operation]
[ERROR] ASCENDCL(712971,15):2026-01-15-10:29:44.431.467 [memory.cpp:437]712971 aclrtMemcpyImpl: synchronized memcpy failed, kind = 1, runtime result = 107030
[ERROR] RUNTIME(712971,15):2026-01-15-10:29:44.482.013 [api_error.cc:1519]712971 MemCopySync:Memory copy sync failed, cnt=416, kind=1.
[ERROR] RUNTIME(712971,15):2026-01-15-10:29:44.482.021 [api_c.cc:1197]712971 rtMemcpy:ErrCode=107030, desc=[the current capture mode does not support this operation], InnerCode=0x703001c
[ERROR] RUNTIME(712971,15):2026-01-15-10:29:44.482.024 [error_message_manage.cc:53]712971 FuncErrorReason:report error module_type=3, module_name=EE8888
[ERROR] RUNTIME(712971,15):2026-01-15-10:29:44.482.027 [error_message_manage.cc:53]712971 FuncErrorReason:rtMemcpy execute failed, reason=[the current capture mode does not support this operation]
[ERROR] ASCENDCL(712971,15):2026-01-15-10:29:44.482.269 [memory.cpp:437]712971 aclrtMemcpyImpl: synchronized memcpy failed, kind = 1, runtime result = 107030
[ERROR] RUNTIME(712971,15):2026-01-15-10:29:44.543.050 [api_error.cc:1519]712971 MemCopySync:Memory copy sync failed, cnt=72, kind=1.
[ERROR] RUNTIME(712971,15):2026-01-15-10:29:44.543.057 [api_c.cc:1197]712971 rtMemcpy:ErrCode=107030, desc=[the current capture mode does not support this operation], InnerCode=0x703001c
[ERROR] RUNTIME(712971,15):2026-01-15-10:29:44.543.060 [error_message_manage.cc:53]712971 FuncErrorReason:report error module_type=3, module_name=EE8888
[ERROR] RUNTIME(712971,15):2026-01-15-10:29:44.543.062 [error_message_manage.cc:53]712971 FuncErrorReason:rtMemcpy execute failed, reason=[the current capture mode does not support this operation]
[ERROR] ASCENDCL(712971,15):2026-01-15-10:29:44.543.293 [memory.cpp:437]712971 aclrtMemcpyImpl: synchronized memcpy failed, kind = 1, runtime result = 107030
[ERROR] RUNTIME(712971,15):2026-01-15-10:29:44.613.523 [api_error.cc:1519]712971 MemCopySync:Memory copy sync failed, cnt=416, kind=1.
[ERROR] RUNTIME(712971,15):2026-01-15-10:29:44.613.530 [api_c.cc:1197]712971 rtMemcpy:ErrCode=107030, desc=[the current capture mode does not support this operation], InnerCode=0x703001c
[ERROR] RUNTIME(712971,15):2026-01-15-10:29:44.613.533 [error_message_manage.cc:53]712971 FuncErrorReason:report error module_type=3, module_name=EE8888
[ERROR] RUNTIME(712971,15):2026-01-15-10:29:44.613.536 [error_message_manage.cc:53]712971 FuncErrorReason:rtMemcpy execute failed, reason=[the current capture mode does not support this operation]
[ERROR] ASCENDCL(712971,15):2026-01-15-10:29:44.613.773 [memory.cpp:437]712971 aclrtMemcpyImpl: synchronized memcpy failed, kind = 1, runtime result = 107030
[ERROR] RUNTIME(712971,15):2026-01-15-10:29:44.689.501 [api_error.cc:1519]712971 MemCopySync:Memory copy sync failed, cnt=72, kind=1.
[ERROR] RUNTIME(712971,15):2026-01-15-10:29:44.689.509 [api_c.cc:1197]712971 rtMemcpy:ErrCode=107030, desc=[the current capture mode does not support this operation], InnerCode=0x703001c
[ERROR] RUNTIME(712971,15):2026-01-15-10:29:44.689.512 [error_message_manage.cc:53]712971 FuncErrorReason:report error module_type=3, module_name=EE8888
[ERROR] RUNTIME(712971,15):2026-01-15-10:29:44.689.515 [error_message_manage.cc:53]712971 FuncErrorReason:rtMemcpy execute failed, reason=[the current capture mode does not support this operation]
[ERROR] ASCENDCL(712971,15):2026-01-15-10:29:44.689.740 [memory.cpp:437]712971 aclrtMemcpyImpl: synchronized memcpy failed, kind = 1, runtime result = 107030
[ERROR] RUNTIME(712971,15):2026-01-15-10:29:44.766.101 [api_error.cc:1519]712971 MemCopySync:Memory copy sync failed, cnt=416, kind=1.
[ERROR] RUNTIME(712971,15):2026-01-15-10:29:44.766.109 [api_c.cc:1197]712971 rtMemcpy:ErrCode=107030, desc=[the current capture mode does not support this operation], InnerCode=0x703001c
[ERROR] RUNTIME(712971,15):2026-01-15-10:29:44.766.112 [error_message_manage.cc:53]712971 FuncErrorReason:report error module_type=3, module_name=EE8888
[ERROR] RUNTIME(712971,15):2026-01-15-10:29:44.766.115 [error_message_manage.cc:53]712971 FuncErrorReason:rtMemcpy execute failed, reason=[the current capture mode does not support this operation]
[ERROR] ASCENDCL(712971,15):2026-01-15-10:29:44.766.342 [memory.cpp:437]712971 aclrtMemcpyImpl: synchronized memcpy failed, kind = 1, runtime result = 107030
[ERROR] RUNTIME(712971,15):2026-01-15-10:29:44.837.553 [api_error.cc:1519]712971 MemCopySync:Memory copy sync failed, cnt=72, kind=1.
[ERROR] RUNTIME(712971,15):2026-01-15-10:29:44.837.560 [api_c.cc:1197]712971 rtMemcpy:ErrCode=107030, desc=[the current capture mode does not support this operation], InnerCode=0x703001c
[ERROR] RUNTIME(712971,15):2026-01-15-10:29:44.837.562 [error_message_manage.cc:53]712971 FuncErrorReason:report error module_type=3, module_name=EE8888
[ERROR] RUNTIME(712971,15):2026-01-15-10:29:44.837.565 [error_message_manage.cc:53]712971 FuncErrorReason:rtMemcpy execute failed, reason=[the current capture mode does not support this operation]
[ERROR] ASCENDCL(712971,15):2026-01-15-10:29:44.837.783 [memory.cpp:437]712971 aclrtMemcpyImpl: synchronized memcpy failed, kind = 1, runtime result = 107030
[ERROR] RUNTIME(712971,15):2026-01-15-10:29:44.901.873 [api_error.cc:1519]712971 MemCopySync:Memory copy sync failed, cnt=416, kind=1.
[ERROR] RUNTIME(712971,15):2026-01-15-10:29:44.901.881 [api_c.cc:1197]712971 rtMemcpy:ErrCode=107030, desc=[the current capture mode does not support this operation], InnerCode=0x703001c
[ERROR] RUNTIME(712971,15):2026-01-15-10:29:44.901.884 [error_message_manage.cc:53]712971 FuncErrorReason:report error module_type=3, module_name=EE8888
[ERROR] RUNTIME(712971,15):2026-01-15-10:29:44.901.887 [error_message_manage.cc:53]712971 FuncErrorReason:rtMemcpy execute failed, reason=[the current capture mode does not support this operation]
[ERROR] ASCENDCL(712971,15):2026-01-15-10:29:44.902.103 [memory.cpp:437]712971 aclrtMemcpyImpl: synchronized memcpy failed, kind = 1, runtime result = 107030
[ERROR] RUNTIME(712971,15):2026-01-15-10:29:44.952.871 [api_error.cc:1519]712971 MemCopySync:Memory copy sync failed, cnt=72, kind=1.
[ERROR] RUNTIME(712971,15):2026-01-15-10:29:44.952.879 [api_c.cc:1197]712971 rtMemcpy:ErrCode=107030, desc=[the current capture mode does not support this operation], InnerCode=0x703001c
[ERROR] RUNTIME(712971,15):2026-01-15-10:29:44.952.881 [error_message_manage.cc:53]712971 FuncErrorReason:report error module_type=3, module_name=EE8888
[ERROR] RUNTIME(712971,15):2026-01-15-10:29:44.952.884 [error_message_manage.cc:53]712971 FuncErrorReason:rtMemcpy execute failed, reason=[the current capture mode does not support this operation]
[ERROR] ASCENDCL(712971,15):2026-01-15-10:29:44.953.103 [memory.cpp:437]712971 aclrtMemcpyImpl: synchronized memcpy failed, kind = 1, runtime result = 107030
[ERROR] RUNTIME(712971,15):2026-01-15-10:29:45.019.467 [api_error.cc:1519]712971 MemCopySync:Memory copy sync failed, cnt=416, kind=1.
[ERROR] RUNTIME(712971,15):2026-01-15-10:29:45.019.474 [api_c.cc:1197]712971 rtMemcpy:ErrCode=107030, desc=[the current capture mode does not support this operation], InnerCode=0x703001c
[ERROR] RUNTIME(712971,15):2026-01-15-10:29:45.019.477 [error_message_manage.cc:53]712971 FuncErrorReason:report error module_type=3, module_name=EE8888
[ERROR] RUNTIME(712971,15):2026-01-15-10:29:45.019.480 [error_message_manage.cc:53]712971 FuncErrorReason:rtMemcpy execute failed, reason=[the current capture mode does not support this operation]
[ERROR] ASCENDCL(712971,15):2026-01-15-10:29:45.019.653 [memory.cpp:437]712971 aclrtMemcpyImpl: synchronized memcpy failed, kind = 1, runtime result = 107030
[ERROR] RUNTIME(712971,15):2026-01-15-10:29:45.087.264 [api_error.cc:1519]712971 MemCopySync:Memory copy sync failed, cnt=72, kind=1.
[ERROR] RUNTIME(712971,15):2026-01-15-10:29:45.087.272 [api_c.cc:1197]712971 rtMemcpy:ErrCode=107030, desc=[the current capture mode does not support this operation], InnerCode=0x703001c
[ERROR] RUNTIME(712971,15):2026-01-15-10:29:45.087.275 [error_message_manage.cc:53]712971 FuncErrorReason:report error module_type=3, module_name=EE8888
[ERROR] RUNTIME(712971,15):2026-01-15-10:29:45.087.278 [error_message_manage.cc:53]712971 FuncErrorReason:rtMemcpy execute failed, reason=[the current capture mode does not support this operation]
[ERROR] ASCENDCL(712971,15):2026-01-15-10:29:45.087.516 [memory.cpp:437]712971 aclrtMemcpyImpl: synchronized memcpy failed, kind = 1, runtime result = 107030
[ERROR] RUNTIME(712971,15):2026-01-15-10:29:45.159.185 [api_error.cc:1519]712971 MemCopySync:Memory copy sync failed, cnt=416, kind=1.
[ERROR] RUNTIME(712971,15):2026-01-15-10:29:45.159.192 [api_c.cc:1197]712971 rtMemcpy:ErrCode=107030, desc=[the current capture mode does not support this operation], InnerCode=0x703001c
[ERROR] RUNTIME(712971,15):2026-01-15-10:29:45.159.195 [error_message_manage.cc:53]712971 FuncErrorReason:report error module_type=3, module_name=EE8888
[ERROR] RUNTIME(712971,15):2026-01-15-10:29:45.159.198 [error_message_manage.cc:53]712971 FuncErrorReason:rtMemcpy execute failed, reason=[the current capture mode does not support this operation]
[ERROR] ASCENDCL(712971,15):2026-01-15-10:29:45.159.461 [memory.cpp:437]712971 aclrtMemcpyImpl: synchronized memcpy failed, kind = 1, runtime result = 107030
[ERROR] RUNTIME(712971,15):2026-01-15-10:29:45.225.095 [api_error.cc:1519]712971 MemCopySync:Memory copy sync failed, cnt=72, kind=1.
[ERROR] RUNTIME(712971,15):2026-01-15-10:29:45.225.102 [api_c.cc:1197]712971 rtMemcpy:ErrCode=107030, desc=[the current capture mode does not support this operation], InnerCode=0x703001c
[ERROR] RUNTIME(712971,15):2026-01-15-10:29:45.225.105 [error_message_manage.cc:53]712971 FuncErrorReason:report error module_type=3, module_name=EE8888
[ERROR] RUNTIME(712971,15):2026-01-15-10:29:45.225.107 [error_message_manage.cc:53]712971 FuncErrorReason:rtMemcpy execute failed, reason=[the current capture mode does not support this operation]
[ERROR] ASCENDCL(712971,15):2026-01-15-10:29:45.225.312 [memory.cpp:437]712971 aclrtMemcpyImpl: synchronized memcpy failed, kind = 1, runtime result = 107030
[ERROR] RUNTIME(712971,15):2026-01-15-10:29:45.293.209 [api_error.cc:1519]712971 MemCopySync:Memory copy sync failed, cnt=416, kind=1.
[ERROR] RUNTIME(712971,15):2026-01-15-10:29:45.293.218 [api_c.cc:1197]712971 rtMemcpy:ErrCode=107030, desc=[the current capture mode does not support this operation], InnerCode=0x703001c
[ERROR] RUNTIME(712971,15):2026-01-15-10:29:45.293.221 [error_message_manage.cc:53]712971 FuncErrorReason:report error module_type=3, module_name=EE8888
[ERROR] RUNTIME(712971,15):2026-01-15-10:29:45.293.224 [error_message_manage.cc:53]712971 FuncErrorReason:rtMemcpy execute failed, reason=[the current capture mode does not support this operation]
[ERROR] ASCENDCL(712971,15):2026-01-15-10:29:45.293.516 [memory.cpp:437]712971 aclrtMemcpyImpl: synchronized memcpy failed, kind = 1, runtime result = 107030
[ERROR] RUNTIME(712971,15):2026-01-15-10:29:45.356.689 [api_error.cc:1519]712971 MemCopySync:Memory copy sync failed, cnt=72, kind=1.
[ERROR] RUNTIME(712971,15):2026-01-15-10:29:45.356.697 [api_c.cc:1197]712971 rtMemcpy:ErrCode=107030, desc=[the current capture mode does not support this operation], InnerCode=0x703001c
[ERROR] RUNTIME(712971,15):2026-01-15-10:29:45.356.699 [error_message_manage.cc:53]712971 FuncErrorReason:report error module_type=3, module_name=EE8888
[ERROR] RUNTIME(712971,15):2026-01-15-10:29:45.356.702 [error_message_manage.cc:53]712971 FuncErrorReason:rtMemcpy execute failed, reason=[the current capture mode does not support this operation]
[ERROR] ASCENDCL(712971,15):2026-01-15-10:29:45.356.959 [memory.cpp:437]712971 aclrtMemcpyImpl: synchronized memcpy failed, kind = 1, runtime result = 107030
[ERROR] RUNTIME(712971,15):2026-01-15-10:29:45.426.606 [api_error.cc:1519]712971 MemCopySync:Memory copy sync failed, cnt=416, kind=1.
[ERROR] RUNTIME(712971,15):2026-01-15-10:29:45.426.614 [api_c.cc:1197]712971 rtMemcpy:ErrCode=107030, desc=[the current capture mode does not support this operation], InnerCode=0x703001c
[ERROR] RUNTIME(712971,15):2026-01-15-10:29:45.426.616 [error_message_manage.cc:53]712971 FuncErrorReason:report error module_type=3, module_name=EE8888
[ERROR] RUNTIME(712971,15):2026-01-15-10:29:45.426.619 [error_message_manage.cc:53]712971 FuncErrorReason:rtMemcpy execute failed, reason=[the current capture mode does not support this operation]
[ERROR] ASCENDCL(712971,15):2026-01-15-10:29:45.426.822 [memory.cpp:437]712971 aclrtMemcpyImpl: synchronized memcpy failed, kind = 1, runtime result = 107030
[ERROR] RUNTIME(712971,15):2026-01-15-10:29:45.490.387 [api_error.cc:1519]712971 MemCopySync:Memory copy sync failed, cnt=72, kind=1.
[ERROR] RUNTIME(712971,15):2026-01-15-10:29:45.490.395 [api_c.cc:1197]712971 rtMemcpy:ErrCode=107030, desc=[the current capture mode does not support this operation], InnerCode=0x703001c
[ERROR] RUNTIME(712971,15):2026-01-15-10:29:45.490.398 [error_message_manage.cc:53]712971 FuncErrorReason:report error module_type=3, module_name=EE8888
[ERROR] RUNTIME(712971,15):2026-01-15-10:29:45.490.401 [error_message_manage.cc:53]712971 FuncErrorReason:rtMemcpy execute failed, reason=[the current capture mode does not support this operation]
[ERROR] ASCENDCL(712971,15):2026-01-15-10:29:45.490.654 [memory.cpp:437]712971 aclrtMemcpyImpl: synchronized memcpy failed, kind = 1, runtime result = 107030
[ERROR] RUNTIME(712971,15):2026-01-15-10:29:45.553.955 [api_error.cc:1519]712971 MemCopySync:Memory copy sync failed, cnt=416, kind=1.
[ERROR] RUNTIME(712971,15):2026-01-15-10:29:45.553.964 [api_c.cc:1197]712971 rtMemcpy:ErrCode=107030, desc=[the current capture mode does not support this operation], InnerCode=0x703001c
[ERROR] RUNTIME(712971,15):2026-01-15-10:29:45.553.967 [error_message_manage.cc:53]712971 FuncErrorReason:report error module_type=3, module_name=EE8888
[ERROR] RUNTIME(712971,15):2026-01-15-10:29:45.553.970 [error_message_manage.cc:53]712971 FuncErrorReason:rtMemcpy execute failed, reason=[the current capture mode does not support this operation]
[ERROR] ASCENDCL(712971,15):2026-01-15-10:29:45.554.228 [memory.cpp:437]712971 aclrtMemcpyImpl: synchronized memcpy failed, kind = 1, runtime result = 107030
[ERROR] RUNTIME(712971,15):2026-01-15-10:29:45.619.678 [api_error.cc:1519]712971 MemCopySync:Memory copy sync failed, cnt=72, kind=1.
[ERROR] RUNTIME(712971,15):2026-01-15-10:29:45.619.687 [api_c.cc:1197]712971 rtMemcpy:ErrCode=107030, desc=[the current capture mode does not support this operation], InnerCode=0x703001c
[ERROR] RUNTIME(712971,15):2026-01-15-10:29:45.619.690 [error_message_manage.cc:53]712971 FuncErrorReason:report error module_type=3, module_name=EE8888
[ERROR] RUNTIME(712971,15):2026-01-15-10:29:45.619.692 [error_message_manage.cc:53]712971 FuncErrorReason:rtMemcpy execute failed, reason=[the current capture mode does not support this operation]
[ERROR] ASCENDCL(712971,15):2026-01-15-10:29:45.619.987 [memory.cpp:437]712971 aclrtMemcpyImpl: synchronized memcpy failed, kind = 1, runtime result = 107030
[ERROR] RUNTIME(712971,15):2026-01-15-10:29:45.686.214 [api_error.cc:1519]712971 MemCopySync:Memory copy sync failed, cnt=416, kind=1.
[ERROR] RUNTIME(712971,15):2026-01-15-10:29:45.686.223 [api_c.cc:1197]712971 rtMemcpy:ErrCode=107030, desc=[the current capture mode does not support this operation], InnerCode=0x703001c
[ERROR] RUNTIME(712971,15):2026-01-15-10:29:45.686.226 [error_message_manage.cc:53]712971 FuncErrorReason:report error module_type=3, module_name=EE8888
[ERROR] RUNTIME(712971,15):2026-01-15-10:29:45.686.228 [error_message_manage.cc:53]712971 FuncErrorReason:rtMemcpy execute failed, reason=[the current capture mode does not support this operation]
[ERROR] ASCENDCL(712971,15):2026-01-15-10:29:45.686.515 [memory.cpp:437]712971 aclrtMemcpyImpl: synchronized memcpy failed, kind = 1, runtime result = 107030
[ERROR] RUNTIME(712971,15):2026-01-15-10:29:45.751.624 [api_error.cc:1519]712971 MemCopySync:Memory copy sync failed, cnt=72, kind=1.
[ERROR] RUNTIME(712971,15):2026-01-15-10:29:45.751.632 [api_c.cc:1197]712971 rtMemcpy:ErrCode=107030, desc=[the current capture mode does not support this operation], InnerCode=0x703001c
[ERROR] RUNTIME(712971,15):2026-01-15-10:29:45.751.635 [error_message_manage.cc:53]712971 FuncErrorReason:report error module_type=3, module_name=EE8888
[ERROR] RUNTIME(712971,15):2026-01-15-10:29:45.751.637 [error_message_manage.cc:53]712971 FuncErrorReason:rtMemcpy execute failed, reason=[the current capture mode does not support this operation]
[ERROR] ASCENDCL(712971,15):2026-01-15-10:29:45.751.865 [memory.cpp:437]712971 aclrtMemcpyImpl: synchronized memcpy failed, kind = 1, runtime result = 107030
[ERROR] RUNTIME(712971,15):2026-01-15-10:29:45.831.118 [api_error.cc:1519]712971 MemCopySync:Memory copy sync failed, cnt=416, kind=1.
[ERROR] RUNTIME(712971,15):2026-01-15-10:29:45.831.126 [api_c.cc:1197]712971 rtMemcpy:ErrCode=107030, desc=[the current capture mode does not support this operation], InnerCode=0x703001c
[ERROR] RUNTIME(712971,15):2026-01-15-10:29:45.831.128 [error_message_manage.cc:53]712971 FuncErrorReason:report error module_type=3, module_name=EE8888
[ERROR] RUNTIME(712971,15):2026-01-15-10:29:45.831.131 [error_message_manage.cc:53]712971 FuncErrorReason:rtMemcpy execute failed, reason=[the current capture mode does not support this operation]
[ERROR] ASCENDCL(712971,15):2026-01-15-10:29:45.831.337 [memory.cpp:437]712971 aclrtMemcpyImpl: synchronized memcpy failed, kind = 1, runtime result = 107030
[ERROR] RUNTIME(712971,15):2026-01-15-10:29:45.898.471 [api_error.cc:1519]712971 MemCopySync:Memory copy sync failed, cnt=72, kind=1.
[ERROR] RUNTIME(712971,15):2026-01-15-10:29:45.898.480 [api_c.cc:1197]712971 rtMemcpy:ErrCode=107030, desc=[the current capture mode does not support this operation], InnerCode=0x703001c
[ERROR] RUNTIME(712971,15):2026-01-15-10:29:45.898.482 [error_message_manage.cc:53]712971 FuncErrorReason:report error module_type=3, module_name=EE8888
[ERROR] RUNTIME(712971,15):2026-01-15-10:29:45.898.485 [error_message_manage.cc:53]712971 FuncErrorReason:rtMemcpy execute failed, reason=[the current capture mode does not support this operation]
[ERROR] ASCENDCL(712971,15):2026-01-15-10:29:45.898.692 [memory.cpp:437]712971 aclrtMemcpyImpl: synchronized memcpy failed, kind = 1, runtime result = 107030
[ERROR] RUNTIME(712971,15):2026-01-15-10:29:45.953.664 [api_error.cc:1519]712971 MemCopySync:Memory copy sync failed, cnt=416, kind=1.
[ERROR] RUNTIME(712971,15):2026-01-15-10:29:45.953.672 [api_c.cc:1197]712971 rtMemcpy:ErrCode=107030, desc=[the current capture mode does not support this operation], InnerCode=0x703001c
[ERROR] RUNTIME(712971,15):2026-01-15-10:29:45.953.675 [error_message_manage.cc:53]712971 FuncErrorReason:report error module_type=3, module_name=EE8888
[ERROR] RUNTIME(712971,15):2026-01-15-10:29:45.953.677 [error_message_manage.cc:53]712971 FuncErrorReason:rtMemcpy execute failed, reason=[the current capture mode does not support this operation]
[ERROR] ASCENDCL(712971,15):2026-01-15-10:29:45.953.909 [memory.cpp:437]712971 aclrtMemcpyImpl: synchronized memcpy failed, kind = 1, runtime result = 107030
[ERROR] RUNTIME(712971,15):2026-01-15-10:29:46.014.022 [api_error.cc:1519]712971 MemCopySync:Memory copy sync failed, cnt=72, kind=1.
[ERROR] RUNTIME(712971,15):2026-01-15-10:29:46.014.029 [api_c.cc:1197]712971 rtMemcpy:ErrCode=107030, desc=[the current capture mode does not support this operation], InnerCode=0x703001c
[ERROR] RUNTIME(712971,15):2026-01-15-10:29:46.014.032 [error_message_manage.cc:53]712971 FuncErrorReason:report error module_type=3, module_name=EE8888
[ERROR] RUNTIME(712971,15):2026-01-15-10:29:46.014.034 [error_message_manage.cc:53]712971 FuncErrorReason:rtMemcpy execute failed, reason=[the current capture mode does not support this operation]
[ERROR] ASCENDCL(712971,15):2026-01-15-10:29:46.014.221 [memory.cpp:437]712971 aclrtMemcpyImpl: synchronized memcpy failed, kind = 1, runtime result = 107030
[ERROR] RUNTIME(712971,15):2026-01-15-10:29:46.083.133 [api_error.cc:1519]712971 MemCopySync:Memory copy sync failed, cnt=416, kind=1.
[ERROR] RUNTIME(712971,15):2026-01-15-10:29:46.083.141 [api_c.cc:1197]712971 rtMemcpy:ErrCode=107030, desc=[the current capture mode does not support this operation], InnerCode=0x703001c
[ERROR] RUNTIME(712971,15):2026-01-15-10:29:46.083.143 [error_message_manage.cc:53]712971 FuncErrorReason:report error module_type=3, module_name=EE8888
[ERROR] RUNTIME(712971,15):2026-01-15-10:29:46.083.146 [error_message_manage.cc:53]712971 FuncErrorReason:rtMemcpy execute failed, reason=[the current capture mode does not support this operation]
[ERROR] ASCENDCL(712971,15):2026-01-15-10:29:46.083.371 [memory.cpp:437]712971 aclrtMemcpyImpl: synchronized memcpy failed, kind = 1, runtime result = 107030
[ERROR] RUNTIME(712971,15):2026-01-15-10:29:46.151.367 [api_error.cc:1519]712971 MemCopySync:Memory copy sync failed, cnt=72, kind=1.
[ERROR] RUNTIME(712971,15):2026-01-15-10:29:46.151.375 [api_c.cc:1197]712971 rtMemcpy:ErrCode=107030, desc=[the current capture mode does not support this operation], InnerCode=0x703001c
[ERROR] RUNTIME(712971,15):2026-01-15-10:29:46.151.377 [error_message_manage.cc:53]712971 FuncErrorReason:report error module_type=3, module_name=EE8888
[ERROR] RUNTIME(712971,15):2026-01-15-10:29:46.151.380 [error_message_manage.cc:53]712971 FuncErrorReason:rtMemcpy execute failed, reason=[the current capture mode does not support this operation]
[ERROR] ASCENDCL(712971,15):2026-01-15-10:29:46.151.671 [memory.cpp:437]712971 aclrtMemcpyImpl: synchronized memcpy failed, kind = 1, runtime result = 107030
[ERROR] RUNTIME(712971,15):2026-01-15-10:29:46.218.270 [api_error.cc:1519]712971 MemCopySync:Memory copy sync failed, cnt=416, kind=1.
[ERROR] RUNTIME(712971,15):2026-01-15-10:29:46.218.278 [api_c.cc:1197]712971 rtMemcpy:ErrCode=107030, desc=[the current capture mode does not support this operation], InnerCode=0x703001c
[ERROR] RUNTIME(712971,15):2026-01-15-10:29:46.218.281 [error_message_manage.cc:53]712971 FuncErrorReason:report error module_type=3, module_name=EE8888
[ERROR] RUNTIME(712971,15):2026-01-15-10:29:46.218.284 [error_message_manage.cc:53]712971 FuncErrorReason:rtMemcpy execute failed, reason=[the current capture mode does not support this operation]
[ERROR] ASCENDCL(712971,15):2026-01-15-10:29:46.218.502 [memory.cpp:437]712971 aclrtMemcpyImpl: synchronized memcpy failed, kind = 1, runtime result = 107030
[ERROR] RUNTIME(712971,15):2026-01-15-10:29:46.282.758 [api_error.cc:1519]712971 MemCopySync:Memory copy sync failed, cnt=72, kind=1.
[ERROR] RUNTIME(712971,15):2026-01-15-10:29:46.282.766 [api_c.cc:1197]712971 rtMemcpy:ErrCode=107030, desc=[the current capture mode does not support this operation], InnerCode=0x703001c
[ERROR] RUNTIME(712971,15):2026-01-15-10:29:46.282.768 [error_message_manage.cc:53]712971 FuncErrorReason:report error module_type=3, module_name=EE8888
[ERROR] RUNTIME(712971,15):2026-01-15-10:29:46.282.771 [error_message_manage.cc:53]712971 FuncErrorReason:rtMemcpy execute failed, reason=[the current capture mode does not support this operation]
[ERROR] ASCENDCL(712971,15):2026-01-15-10:29:46.283.011 [memory.cpp:437]712971 aclrtMemcpyImpl: synchronized memcpy failed, kind = 1, runtime result = 107030
[ERROR] RUNTIME(712971,15):2026-01-15-10:29:46.345.059 [api_error.cc:1519]712971 MemCopySync:Memory copy sync failed, cnt=416, kind=1.
[ERROR] RUNTIME(712971,15):2026-01-15-10:29:46.345.067 [api_c.cc:1197]712971 rtMemcpy:ErrCode=107030, desc=[the current capture mode does not support this operation], InnerCode=0x703001c
[ERROR] RUNTIME(712971,15):2026-01-15-10:29:46.345.069 [error_message_manage.cc:53]712971 FuncErrorReason:report error module_type=3, module_name=EE8888
[ERROR] RUNTIME(712971,15):2026-01-15-10:29:46.345.072 [error_message_manage.cc:53]712971 FuncErrorReason:rtMemcpy execute failed, reason=[the current capture mode does not support this operation]
[ERROR] ASCENDCL(712971,15):2026-01-15-10:29:46.345.345 [memory.cpp:437]712971 aclrtMemcpyImpl: synchronized memcpy failed, kind = 1, runtime result = 107030
[ERROR] RUNTIME(712971,15):2026-01-15-10:29:46.414.783 [api_error.cc:1519]712971 MemCopySync:Memory copy sync failed, cnt=72, kind=1.
[ERROR] RUNTIME(712971,15):2026-01-15-10:29:46.414.791 [api_c.cc:1197]712971 rtMemcpy:ErrCode=107030, desc=[the current capture mode does not support this operation], InnerCode=0x703001c
[ERROR] RUNTIME(712971,15):2026-01-15-10:29:46.414.793 [error_message_manage.cc:53]712971 FuncErrorReason:report error module_type=3, module_name=EE8888
[ERROR] RUNTIME(712971,15):2026-01-15-10:29:46.414.796 [error_message_manage.cc:53]712971 FuncErrorReason:rtMemcpy execute failed, reason=[the current capture mode does not support this operation]
[ERROR] ASCENDCL(712971,15):2026-01-15-10:29:46.415.024 [memory.cpp:437]712971 aclrtMemcpyImpl: synchronized memcpy failed, kind = 1, runtime result = 107030
[ERROR] RUNTIME(712971,15):2026-01-15-10:29:46.485.030 [api_error.cc:1519]712971 MemCopySync:Memory copy sync failed, cnt=416, kind=1.
[ERROR] RUNTIME(712971,15):2026-01-15-10:29:46.485.037 [api_c.cc:1197]712971 rtMemcpy:ErrCode=107030, desc=[the current capture mode does not support this operation], InnerCode=0x703001c
[ERROR] RUNTIME(712971,15):2026-01-15-10:29:46.485.040 [error_message_manage.cc:53]712971 FuncErrorReason:report error module_type=3, module_name=EE8888
[ERROR] RUNTIME(712971,15):2026-01-15-10:29:46.485.043 [error_message_manage.cc:53]712971 FuncErrorReason:rtMemcpy execute failed, reason=[the current capture mode does not support this operation]
[ERROR] ASCENDCL(712971,15):2026-01-15-10:29:46.485.248 [memory.cpp:437]712971 aclrtMemcpyImpl: synchronized memcpy failed, kind = 1, runtime result = 107030
[ERROR] RUNTIME(712971,15):2026-01-15-10:29:46.556.667 [api_error.cc:1519]712971 MemCopySync:Memory copy sync failed, cnt=72, kind=1.
[ERROR] RUNTIME(712971,15):2026-01-15-10:29:46.556.675 [api_c.cc:1197]712971 rtMemcpy:ErrCode=107030, desc=[the current capture mode does not support this operation], InnerCode=0x703001c
[ERROR] RUNTIME(712971,15):2026-01-15-10:29:46.556.678 [error_message_manage.cc:53]712971 FuncErrorReason:report error module_type=3, module_name=EE8888
[ERROR] RUNTIME(712971,15):2026-01-15-10:29:46.556.680 [error_message_manage.cc:53]712971 FuncErrorReason:rtMemcpy execute failed, reason=[the current capture mode does not support this operation]
[ERROR] ASCENDCL(712971,15):2026-01-15-10:29:46.556.951 [memory.cpp:437]712971 aclrtMemcpyImpl: synchronized memcpy failed, kind = 1, runtime result = 107030
[ERROR] RUNTIME(712971,15):2026-01-15-10:29:46.629.007 [api_error.cc:1519]712971 MemCopySync:Memory copy sync failed, cnt=416, kind=1.
[ERROR] RUNTIME(712971,15):2026-01-15-10:29:46.629.015 [api_c.cc:1197]712971 rtMemcpy:ErrCode=107030, desc=[the current capture mode does not support this operation], InnerCode=0x703001c
[ERROR] RUNTIME(712971,15):2026-01-15-10:29:46.629.018 [error_message_manage.cc:53]712971 FuncErrorReason:report error module_type=3, module_name=EE8888
[ERROR] RUNTIME(712971,15):2026-01-15-10:29:46.629.020 [error_message_manage.cc:53]712971 FuncErrorReason:rtMemcpy execute failed, reason=[the current capture mode does not support this operation]
[ERROR] ASCENDCL(712971,15):2026-01-15-10:29:46.629.234 [memory.cpp:437]712971 aclrtMemcpyImpl: synchronized memcpy failed, kind = 1, runtime result = 107030
[ERROR] RUNTIME(712971,15):2026-01-15-10:29:46.700.602 [api_error.cc:1519]712971 MemCopySync:Memory copy sync failed, cnt=72, kind=1.
[ERROR] RUNTIME(712971,15):2026-01-15-10:29:46.700.612 [api_c.cc:1197]712971 rtMemcpy:ErrCode=107030, desc=[the current capture mode does not support this operation], InnerCode=0x703001c
[ERROR] RUNTIME(712971,15):2026-01-15-10:29:46.700.614 [error_message_manage.cc:53]712971 FuncErrorReason:report error module_type=3, module_name=EE8888
[ERROR] RUNTIME(712971,15):2026-01-15-10:29:46.700.617 [error_message_manage.cc:53]712971 FuncErrorReason:rtMemcpy execute failed, reason=[the current capture mode does not support this operation]
[ERROR] ASCENDCL(712971,15):2026-01-15-10:29:46.700.826 [memory.cpp:437]712971 aclrtMemcpyImpl: synchronized memcpy failed, kind = 1, runtime result = 107030
[ERROR] RUNTIME(712971,15):2026-01-15-10:29:46.767.677 [api_error.cc:1519]712971 MemCopySync:Memory copy sync failed, cnt=416, kind=1.
[ERROR] RUNTIME(712971,15):2026-01-15-10:29:46.767.685 [api_c.cc:1197]712971 rtMemcpy:ErrCode=107030, desc=[the current capture mode does not support this operation], InnerCode=0x703001c
[ERROR] RUNTIME(712971,15):2026-01-15-10:29:46.767.687 [error_message_manage.cc:53]712971 FuncErrorReason:report error module_type=3, module_name=EE8888
[ERROR] RUNTIME(712971,15):2026-01-15-10:29:46.767.690 [error_message_manage.cc:53]712971 FuncErrorReason:rtMemcpy execute failed, reason=[the current capture mode does not support this operation]
[ERROR] ASCENDCL(712971,15):2026-01-15-10:29:46.767.921 [memory.cpp:437]712971 aclrtMemcpyImpl: synchronized memcpy failed, kind = 1, runtime result = 107030
[ERROR] RUNTIME(712971,15):2026-01-15-10:29:46.840.188 [api_error.cc:1519]712971 MemCopySync:Memory copy sync failed, cnt=72, kind=1.
[ERROR] RUNTIME(712971,15):2026-01-15-10:29:46.840.195 [api_c.cc:1197]712971 rtMemcpy:ErrCode=107030, desc=[the current capture mode does not support this operation], InnerCode=0x703001c
[ERROR] RUNTIME(712971,15):2026-01-15-10:29:46.840.198 [error_message_manage.cc:53]712971 FuncErrorReason:report error module_type=3, module_name=EE8888
[ERROR] RUNTIME(712971,15):2026-01-15-10:29:46.840.200 [error_message_manage.cc:53]712971 FuncErrorReason:rtMemcpy execute failed, reason=[the current capture mode does not support this operation]
[ERROR] ASCENDCL(712971,15):2026-01-15-10:29:46.840.466 [memory.cpp:437]712971 aclrtMemcpyImpl: synchronized memcpy failed, kind = 1, runtime result = 107030
[ERROR] RUNTIME(712971,15):2026-01-15-10:29:46.905.811 [api_error.cc:1519]712971 MemCopySync:Memory copy sync failed, cnt=416, kind=1.
[ERROR] RUNTIME(712971,15):2026-01-15-10:29:46.905.819 [api_c.cc:1197]712971 rtMemcpy:ErrCode=107030, desc=[the current capture mode does not support this operation], InnerCode=0x703001c
[ERROR] RUNTIME(712971,15):2026-01-15-10:29:46.905.822 [error_message_manage.cc:53]712971 FuncErrorReason:report error module_type=3, module_name=EE8888
[ERROR] RUNTIME(712971,15):2026-01-15-10:29:46.905.825 [error_message_manage.cc:53]712971 FuncErrorReason:rtMemcpy execute failed, reason=[the current capture mode does not support this operation]
[ERROR] ASCENDCL(712971,15):2026-01-15-10:29:46.906.064 [memory.cpp:437]712971 aclrtMemcpyImpl: synchronized memcpy failed, kind = 1, runtime result = 107030
[ERROR] RUNTIME(712971,15):2026-01-15-10:29:46.971.861 [api_error.cc:1519]712971 MemCopySync:Memory copy sync failed, cnt=72, kind=1.
[ERROR] RUNTIME(712971,15):2026-01-15-10:29:46.971.869 [api_c.cc:1197]712971 rtMemcpy:ErrCode=107030, desc=[the current capture mode does not support this operation], InnerCode=0x703001c
[ERROR] RUNTIME(712971,15):2026-01-15-10:29:46.971.871 [error_message_manage.cc:53]712971 FuncErrorReason:report error module_type=3, module_name=EE8888
[ERROR] RUNTIME(712971,15):2026-01-15-10:29:46.971.874 [error_message_manage.cc:53]712971 FuncErrorReason:rtMemcpy execute failed, reason=[the current capture mode does not support this operation]
[ERROR] ASCENDCL(712971,15):2026-01-15-10:29:46.972.140 [memory.cpp:437]712971 aclrtMemcpyImpl: synchronized memcpy failed, kind = 1, runtime result = 107030
[ERROR] RUNTIME(712971,15):2026-01-15-10:29:47.041.028 [api_error.cc:1519]712971 MemCopySync:Memory copy sync failed, cnt=416, kind=1.
[ERROR] RUNTIME(712971,15):2026-01-15-10:29:47.041.037 [api_c.cc:1197]712971 rtMemcpy:ErrCode=107030, desc=[the current capture mode does not support this operation], InnerCode=0x703001c
[ERROR] RUNTIME(712971,15):2026-01-15-10:29:47.041.039 [error_message_manage.cc:53]712971 FuncErrorReason:report error module_type=3, module_name=EE8888
[ERROR] RUNTIME(712971,15):2026-01-15-10:29:47.041.042 [error_message_manage.cc:53]712971 FuncErrorReason:rtMemcpy execute failed, reason=[the current capture mode does not support this operation]
[ERROR] ASCENDCL(712971,15):2026-01-15-10:29:47.041.263 [memory.cpp:437]712971 aclrtMemcpyImpl: synchronized memcpy failed, kind = 1, runtime result = 107030
[ERROR] RUNTIME(712971,15):2026-01-15-10:29:47.108.724 [api_error.cc:1519]712971 MemCopySync:Memory copy sync failed, cnt=72, kind=1.
[ERROR] RUNTIME(712971,15):2026-01-15-10:29:47.108.732 [api_c.cc:1197]712971 rtMemcpy:ErrCode=107030, desc=[the current capture mode does not support this operation], InnerCode=0x703001c
[ERROR] RUNTIME(712971,15):2026-01-15-10:29:47.108.734 [error_message_manage.cc:53]712971 FuncErrorReason:report error module_type=3, module_name=EE8888
[ERROR] RUNTIME(712971,15):2026-01-15-10:29:47.108.737 [error_message_manage.cc:53]712971 FuncErrorReason:rtMemcpy execute failed, reason=[the current capture mode does not support this operation]
[ERROR] ASCENDCL(712971,15):2026-01-15-10:29:47.108.949 [memory.cpp:437]712971 aclrtMemcpyImpl: synchronized memcpy failed, kind = 1, runtime result = 107030
[ERROR] RUNTIME(712971,15):2026-01-15-10:29:47.177.349 [api_error.cc:1519]712971 MemCopySync:Memory copy sync failed, cnt=416, kind=1.
[ERROR] RUNTIME(712971,15):2026-01-15-10:29:47.177.357 [api_c.cc:1197]712971 rtMemcpy:ErrCode=107030, desc=[the current capture mode does not support this operation], InnerCode=0x703001c
[ERROR] RUNTIME(712971,15):2026-01-15-10:29:47.177.359 [error_message_manage.cc:53]712971 FuncErrorReason:report error module_type=3, module_name=EE8888
[ERROR] RUNTIME(712971,15):2026-01-15-10:29:47.177.362 [error_message_manage.cc:53]712971 FuncErrorReason:rtMemcpy execute failed, reason=[the current capture mode does not support this operation]
[ERROR] ASCENDCL(712971,15):2026-01-15-10:29:47.177.584 [memory.cpp:437]712971 aclrtMemcpyImpl: synchronized memcpy failed, kind = 1, runtime result = 107030
[ERROR] RUNTIME(712971,15):2026-01-15-10:29:47.244.027 [api_error.cc:1519]712971 MemCopySync:Memory copy sync failed, cnt=72, kind=1.
[ERROR] RUNTIME(712971,15):2026-01-15-10:29:47.244.035 [api_c.cc:1197]712971 rtMemcpy:ErrCode=107030, desc=[the current capture mode does not support this operation], InnerCode=0x703001c
[ERROR] RUNTIME(712971,15):2026-01-15-10:29:47.244.037 [error_message_manage.cc:53]712971 FuncErrorReason:report error module_type=3, module_name=EE8888
[ERROR] RUNTIME(712971,15):2026-01-15-10:29:47.244.040 [error_message_manage.cc:53]712971 FuncErrorReason:rtMemcpy execute failed, reason=[the current capture mode does not support this operation]
[ERROR] ASCENDCL(712971,15):2026-01-15-10:29:47.244.219 [memory.cpp:437]712971 aclrtMemcpyImpl: synchronized memcpy failed, kind = 1, runtime result = 107030
[ERROR] RUNTIME(712971,15):2026-01-15-10:29:47.307.931 [api_error.cc:1519]712971 MemCopySync:Memory copy sync failed, cnt=416, kind=1.
[ERROR] RUNTIME(712971,15):2026-01-15-10:29:47.307.940 [api_c.cc:1197]712971 rtMemcpy:ErrCode=107030, desc=[the current capture mode does not support this operation], InnerCode=0x703001c
[ERROR] RUNTIME(712971,15):2026-01-15-10:29:47.307.942 [error_message_manage.cc:53]712971 FuncErrorReason:report error module_type=3, module_name=EE8888
[ERROR] RUNTIME(712971,15):2026-01-15-10:29:47.307.945 [error_message_manage.cc:53]712971 FuncErrorReason:rtMemcpy execute failed, reason=[the current capture mode does not support this operation]
[ERROR] ASCENDCL(712971,15):2026-01-15-10:29:47.308.152 [memory.cpp:437]712971 aclrtMemcpyImpl: synchronized memcpy failed, kind = 1, runtime result = 107030
[ERROR] RUNTIME(712971,15):2026-01-15-10:29:47.373.316 [api_error.cc:1519]712971 MemCopySync:Memory copy sync failed, cnt=72, kind=1.
[ERROR] RUNTIME(712971,15):2026-01-15-10:29:47.373.324 [api_c.cc:1197]712971 rtMemcpy:ErrCode=107030, desc=[the current capture mode does not support this operation], InnerCode=0x703001c
[ERROR] RUNTIME(712971,15):2026-01-15-10:29:47.373.326 [error_message_manage.cc:53]712971 FuncErrorReason:report error module_type=3, module_name=EE8888
[ERROR] RUNTIME(712971,15):2026-01-15-10:29:47.373.329 [error_message_manage.cc:53]712971 FuncErrorReason:rtMemcpy execute failed, reason=[the current capture mode does not support this operation]
[ERROR] ASCENDCL(712971,15):2026-01-15-10:29:47.373.560 [memory.cpp:437]712971 aclrtMemcpyImpl: synchronized memcpy failed, kind = 1, runtime result = 107030
[ERROR] RUNTIME(712971,15):2026-01-15-10:29:47.442.449 [api_error.cc:1519]712971 MemCopySync:Memory copy sync failed, cnt=416, kind=1.
[ERROR] RUNTIME(712971,15):2026-01-15-10:29:47.442.457 [api_c.cc:1197]712971 rtMemcpy:ErrCode=107030, desc=[the current capture mode does not support this operation], InnerCode=0x703001c
[ERROR] RUNTIME(712971,15):2026-01-15-10:29:47.442.459 [error_message_manage.cc:53]712971 FuncErrorReason:report error module_type=3, module_name=EE8888
[ERROR] RUNTIME(712971,15):2026-01-15-10:29:47.442.462 [error_message_manage.cc:53]712971 FuncErrorReason:rtMemcpy execute failed, reason=[the current capture mode does not support this operation]
[ERROR] ASCENDCL(712971,15):2026-01-15-10:29:47.442.663 [memory.cpp:437]712971 aclrtMemcpyImpl: synchronized memcpy failed, kind = 1, runtime result = 107030
[ERROR] RUNTIME(712971,15):2026-01-15-10:29:47.500.388 [api_error.cc:1519]712971 MemCopySync:Memory copy sync failed, cnt=72, kind=1.
[ERROR] RUNTIME(712971,15):2026-01-15-10:29:47.500.396 [api_c.cc:1197]712971 rtMemcpy:ErrCode=107030, desc=[the current capture mode does not support this operation], InnerCode=0x703001c
[ERROR] RUNTIME(712971,15):2026-01-15-10:29:47.500.399 [error_message_manage.cc:53]712971 FuncErrorReason:report error module_type=3, module_name=EE8888
[ERROR] RUNTIME(712971,15):2026-01-15-10:29:47.500.401 [error_message_manage.cc:53]712971 FuncErrorReason:rtMemcpy execute failed, reason=[the current capture mode does not support this operation]
[ERROR] ASCENDCL(712971,15):2026-01-15-10:29:47.500.628 [memory.cpp:437]712971 aclrtMemcpyImpl: synchronized memcpy failed, kind = 1, runtime result = 107030
[ERROR] RUNTIME(712971,15):2026-01-15-10:29:47.553.473 [api_error.cc:1519]712971 MemCopySync:Memory copy sync failed, cnt=416, kind=1.
[ERROR] RUNTIME(712971,15):2026-01-15-10:29:47.553.481 [api_c.cc:1197]712971 rtMemcpy:ErrCode=107030, desc=[the current capture mode does not support this operation], InnerCode=0x703001c
[ERROR] RUNTIME(712971,15):2026-01-15-10:29:47.553.483 [error_message_manage.cc:53]712971 FuncErrorReason:report error module_type=3, module_name=EE8888
[ERROR] RUNTIME(712971,15):2026-01-15-10:29:47.553.486 [error_message_manage.cc:53]712971 FuncErrorReason:rtMemcpy execute failed, reason=[the current capture mode does not support this operation]
[ERROR] ASCENDCL(712971,15):2026-01-15-10:29:47.553.778 [memory.cpp:437]712971 aclrtMemcpyImpl: synchronized memcpy failed, kind = 1, runtime result = 107030
[ERROR] RUNTIME(712971,15):2026-01-15-10:29:47.615.882 [api_error.cc:1519]712971 MemCopySync:Memory copy sync failed, cnt=72, kind=1.
[ERROR] RUNTIME(712971,15):2026-01-15-10:29:47.615.890 [api_c.cc:1197]712971 rtMemcpy:ErrCode=107030, desc=[the current capture mode does not support this operation], InnerCode=0x703001c
[ERROR] RUNTIME(712971,15):2026-01-15-10:29:47.615.892 [error_message_manage.cc:53]712971 FuncErrorReason:report error module_type=3, module_name=EE8888
[ERROR] RUNTIME(712971,15):2026-01-15-10:29:47.615.895 [error_message_manage.cc:53]712971 FuncErrorReason:rtMemcpy execute failed, reason=[the current capture mode does not support this operation]
[ERROR] ASCENDCL(712971,15):2026-01-15-10:29:47.616.083 [memory.cpp:437]712971 aclrtMemcpyImpl: synchronized memcpy failed, kind = 1, runtime result = 107030
[ERROR] RUNTIME(712971,15):2026-01-15-10:29:47.679.962 [api_error.cc:1519]712971 MemCopySync:Memory copy sync failed, cnt=416, kind=1.
[ERROR] RUNTIME(712971,15):2026-01-15-10:29:47.679.969 [api_c.cc:1197]712971 rtMemcpy:ErrCode=107030, desc=[the current capture mode does not support this operation], InnerCode=0x703001c
[ERROR] RUNTIME(712971,15):2026-01-15-10:29:47.679.972 [error_message_manage.cc:53]712971 FuncErrorReason:report error module_type=3, module_name=EE8888
[ERROR] RUNTIME(712971,15):2026-01-15-10:29:47.679.975 [error_message_manage.cc:53]712971 FuncErrorReason:rtMemcpy execute failed, reason=[the current capture mode does not support this operation]
[ERROR] ASCENDCL(712971,15):2026-01-15-10:29:47.680.195 [memory.cpp:437]712971 aclrtMemcpyImpl: synchronized memcpy failed, kind = 1, runtime result = 107030
[ERROR] RUNTIME(712971,15):2026-01-15-10:29:47.745.026 [api_error.cc:1519]712971 MemCopySync:Memory copy sync failed, cnt=72, kind=1.
[ERROR] RUNTIME(712971,15):2026-01-15-10:29:47.745.034 [api_c.cc:1197]712971 rtMemcpy:ErrCode=107030, desc=[the current capture mode does not support this operation], InnerCode=0x703001c
[ERROR] RUNTIME(712971,15):2026-01-15-10:29:47.745.037 [error_message_manage.cc:53]712971 FuncErrorReason:report error module_type=3, module_name=EE8888
[ERROR] RUNTIME(712971,15):2026-01-15-10:29:47.745.040 [error_message_manage.cc:53]712971 FuncErrorReason:rtMemcpy execute failed, reason=[the current capture mode does not support this operation]
[ERROR] ASCENDCL(712971,15):2026-01-15-10:29:47.745.310 [memory.cpp:437]712971 aclrtMemcpyImpl: synchronized memcpy failed, kind = 1, runtime result = 107030
[ERROR] RUNTIME(712971,15):2026-01-15-10:29:47.799.546 [api_error.cc:1519]712971 MemCopySync:Memory copy sync failed, cnt=416, kind=1.
[ERROR] RUNTIME(712971,15):2026-01-15-10:29:47.799.555 [api_c.cc:1197]712971 rtMemcpy:ErrCode=107030, desc=[the current capture mode does not support this operation], InnerCode=0x703001c
[ERROR] RUNTIME(712971,15):2026-01-15-10:29:47.799.558 [error_message_manage.cc:53]712971 FuncErrorReason:report error module_type=3, module_name=EE8888
[ERROR] RUNTIME(712971,15):2026-01-15-10:29:47.799.561 [error_message_manage.cc:53]712971 FuncErrorReason:rtMemcpy execute failed, reason=[the current capture mode does not support this operation]
[ERROR] ASCENDCL(712971,15):2026-01-15-10:29:47.799.838 [memory.cpp:437]712971 aclrtMemcpyImpl: synchronized memcpy failed, kind = 1, runtime result = 107030
[ERROR] RUNTIME(712971,15):2026-01-15-10:29:47.860.431 [api_error.cc:1519]712971 MemCopySync:Memory copy sync failed, cnt=72, kind=1.
[ERROR] RUNTIME(712971,15):2026-01-15-10:29:47.860.439 [api_c.cc:1197]712971 rtMemcpy:ErrCode=107030, desc=[the current capture mode does not support this operation], InnerCode=0x703001c
[ERROR] RUNTIME(712971,15):2026-01-15-10:29:47.860.442 [error_message_manage.cc:53]712971 FuncErrorReason:report error module_type=3, module_name=EE8888
[ERROR] RUNTIME(712971,15):2026-01-15-10:29:47.860.445 [error_message_manage.cc:53]712971 FuncErrorReason:rtMemcpy execute failed, reason=[the current capture mode does not support this operation]
[ERROR] ASCENDCL(712971,15):2026-01-15-10:29:47.860.680 [memory.cpp:437]712971 aclrtMemcpyImpl: synchronized memcpy failed, kind = 1, runtime result = 107030
[ERROR] RUNTIME(712971,15):2026-01-15-10:29:47.936.458 [api_error.cc:1519]712971 MemCopySync:Memory copy sync failed, cnt=416, kind=1.
[ERROR] RUNTIME(712971,15):2026-01-15-10:29:47.936.466 [api_c.cc:1197]712971 rtMemcpy:ErrCode=107030, desc=[the current capture mode does not support this operation], InnerCode=0x703001c
[ERROR] RUNTIME(712971,15):2026-01-15-10:29:47.936.469 [error_message_manage.cc:53]712971 FuncErrorReason:report error module_type=3, module_name=EE8888
[ERROR] RUNTIME(712971,15):2026-01-15-10:29:47.936.472 [error_message_manage.cc:53]712971 FuncErrorReason:rtMemcpy execute failed, reason=[the current capture mode does not support this operation]
[ERROR] ASCENDCL(712971,15):2026-01-15-10:29:47.936.753 [memory.cpp:437]712971 aclrtMemcpyImpl: synchronized memcpy failed, kind = 1, runtime result = 107030
[ERROR] RUNTIME(712971,15):2026-01-15-10:29:48.001.940 [api_error.cc:1519]712971 MemCopySync:Memory copy sync failed, cnt=72, kind=1.
[ERROR] RUNTIME(712971,15):2026-01-15-10:29:48.001.948 [api_c.cc:1197]712971 rtMemcpy:ErrCode=107030, desc=[the current capture mode does not support this operation], InnerCode=0x703001c
[ERROR] RUNTIME(712971,15):2026-01-15-10:29:48.001.950 [error_message_manage.cc:53]712971 FuncErrorReason:report error module_type=3, module_name=EE8888
[ERROR] RUNTIME(712971,15):2026-01-15-10:29:48.001.953 [error_message_manage.cc:53]712971 FuncErrorReason:rtMemcpy execute failed, reason=[the current capture mode does not support this operation]
[ERROR] ASCENDCL(712971,15):2026-01-15-10:29:48.002.151 [memory.cpp:437]712971 aclrtMemcpyImpl: synchronized memcpy failed, kind = 1, runtime result = 107030
[ERROR] RUNTIME(712971,15):2026-01-15-10:29:48.064.694 [api_error.cc:1519]712971 MemCopySync:Memory copy sync failed, cnt=416, kind=1.
[ERROR] RUNTIME(712971,15):2026-01-15-10:29:48.064.702 [api_c.cc:1197]712971 rtMemcpy:ErrCode=107030, desc=[the current capture mode does not support this operation], InnerCode=0x703001c
[ERROR] RUNTIME(712971,15):2026-01-15-10:29:48.064.704 [error_message_manage.cc:53]712971 FuncErrorReason:report error module_type=3, module_name=EE8888
[ERROR] RUNTIME(712971,15):2026-01-15-10:29:48.064.707 [error_message_manage.cc:53]712971 FuncErrorReason:rtMemcpy execute failed, reason=[the current capture mode does not support this operation]
[ERROR] ASCENDCL(712971,15):2026-01-15-10:29:48.064.932 [memory.cpp:437]712971 aclrtMemcpyImpl: synchronized memcpy failed, kind = 1, runtime result = 107030
[ERROR] RUNTIME(712971,15):2026-01-15-10:29:48.127.933 [api_error.cc:1519]712971 MemCopySync:Memory copy sync failed, cnt=72, kind=1.
[ERROR] RUNTIME(712971,15):2026-01-15-10:29:48.127.941 [api_c.cc:1197]712971 rtMemcpy:ErrCode=107030, desc=[the current capture mode does not support this operation], InnerCode=0x703001c
[ERROR] RUNTIME(712971,15):2026-01-15-10:29:48.127.944 [error_message_manage.cc:53]712971 FuncErrorReason:report error module_type=3, module_name=EE8888
[ERROR] RUNTIME(712971,15):2026-01-15-10:29:48.127.946 [error_message_manage.cc:53]712971 FuncErrorReason:rtMemcpy execute failed, reason=[the current capture mode does not support this operation]
[ERROR] ASCENDCL(712971,15):2026-01-15-10:29:48.128.245 [memory.cpp:437]712971 aclrtMemcpyImpl: synchronized memcpy failed, kind = 1, runtime result = 107030
[ERROR] RUNTIME(712971,15):2026-01-15-10:29:48.192.170 [api_error.cc:1519]712971 MemCopySync:Memory copy sync failed, cnt=416, kind=1.
[ERROR] RUNTIME(712971,15):2026-01-15-10:29:48.192.178 [api_c.cc:1197]712971 rtMemcpy:ErrCode=107030, desc=[the current capture mode does not support this operation], InnerCode=0x703001c
[ERROR] RUNTIME(712971,15):2026-01-15-10:29:48.192.181 [error_message_manage.cc:53]712971 FuncErrorReason:report error module_type=3, module_name=EE8888
[ERROR] RUNTIME(712971,15):2026-01-15-10:29:48.192.183 [error_message_manage.cc:53]712971 FuncErrorReason:rtMemcpy execute failed, reason=[the current capture mode does not support this operation]
[ERROR] ASCENDCL(712971,15):2026-01-15-10:29:48.192.403 [memory.cpp:437]712971 aclrtMemcpyImpl: synchronized memcpy failed, kind = 1, runtime result = 107030
[ERROR] RUNTIME(712971,15):2026-01-15-10:29:48.261.381 [api_error.cc:1519]712971 MemCopySync:Memory copy sync failed, cnt=72, kind=1.
[ERROR] RUNTIME(712971,15):2026-01-15-10:29:48.261.389 [api_c.cc:1197]712971 rtMemcpy:ErrCode=107030, desc=[the current capture mode does not support this operation], InnerCode=0x703001c
[ERROR] RUNTIME(712971,15):2026-01-15-10:29:48.261.392 [error_message_manage.cc:53]712971 FuncErrorReason:report error module_type=3, module_name=EE8888
[ERROR] RUNTIME(712971,15):2026-01-15-10:29:48.261.395 [error_message_manage.cc:53]712971 FuncErrorReason:rtMemcpy execute failed, reason=[the current capture mode does not support this operation]
[ERROR] ASCENDCL(712971,15):2026-01-15-10:29:48.261.662 [memory.cpp:437]712971 aclrtMemcpyImpl: synchronized memcpy failed, kind = 1, runtime result = 107030
[ERROR] RUNTIME(712971,15):2026-01-15-10:29:48.327.423 [api_error.cc:1519]712971 MemCopySync:Memory copy sync failed, cnt=416, kind=1.
[ERROR] RUNTIME(712971,15):2026-01-15-10:29:48.327.432 [api_c.cc:1197]712971 rtMemcpy:ErrCode=107030, desc=[the current capture mode does not support this operation], InnerCode=0x703001c
[ERROR] RUNTIME(712971,15):2026-01-15-10:29:48.327.435 [error_message_manage.cc:53]712971 FuncErrorReason:report error module_type=3, module_name=EE8888
[ERROR] RUNTIME(712971,15):2026-01-15-10:29:48.327.438 [error_message_manage.cc:53]712971 FuncErrorReason:rtMemcpy execute failed, reason=[the current capture mode does not support this operation]
[ERROR] ASCENDCL(712971,15):2026-01-15-10:29:48.327.715 [memory.cpp:437]712971 aclrtMemcpyImpl: synchronized memcpy failed, kind = 1, runtime result = 107030
[ERROR] RUNTIME(712971,15):2026-01-15-10:29:48.396.679 [api_error.cc:1519]712971 MemCopySync:Memory copy sync failed, cnt=72, kind=1.
[ERROR] RUNTIME(712971,15):2026-01-15-10:29:48.396.686 [api_c.cc:1197]712971 rtMemcpy:ErrCode=107030, desc=[the current capture mode does not support this operation], InnerCode=0x703001c
[ERROR] RUNTIME(712971,15):2026-01-15-10:29:48.396.689 [error_message_manage.cc:53]712971 FuncErrorReason:report error module_type=3, module_name=EE8888
[ERROR] RUNTIME(712971,15):2026-01-15-10:29:48.396.691 [error_message_manage.cc:53]712971 FuncErrorReason:rtMemcpy execute failed, reason=[the current capture mode does not support this operation]
[ERROR] ASCENDCL(712971,15):2026-01-15-10:29:48.396.918 [memory.cpp:437]712971 aclrtMemcpyImpl: synchronized memcpy failed, kind = 1, runtime result = 107030
[ERROR] RUNTIME(712971,15):2026-01-15-10:29:48.461.969 [api_error.cc:1519]712971 MemCopySync:Memory copy sync failed, cnt=416, kind=1.
[ERROR] RUNTIME(712971,15):2026-01-15-10:29:48.461.977 [api_c.cc:1197]712971 rtMemcpy:ErrCode=107030, desc=[the current capture mode does not support this operation], InnerCode=0x703001c
[ERROR] RUNTIME(712971,15):2026-01-15-10:29:48.461.979 [error_message_manage.cc:53]712971 FuncErrorReason:report error module_type=3, module_name=EE8888
[ERROR] RUNTIME(712971,15):2026-01-15-10:29:48.461.982 [error_message_manage.cc:53]712971 FuncErrorReason:rtMemcpy execute failed, reason=[the current capture mode does not support this operation]
[ERROR] ASCENDCL(712971,15):2026-01-15-10:29:48.462.182 [memory.cpp:437]712971 aclrtMemcpyImpl: synchronized memcpy failed, kind = 1, runtime result = 107030
[ERROR] RUNTIME(712971,15):2026-01-15-10:29:48.527.775 [api_error.cc:1519]712971 MemCopySync:Memory copy sync failed, cnt=72, kind=1.
[ERROR] RUNTIME(712971,15):2026-01-15-10:29:48.527.783 [api_c.cc:1197]712971 rtMemcpy:ErrCode=107030, desc=[the current capture mode does not support this operation], InnerCode=0x703001c
[ERROR] RUNTIME(712971,15):2026-01-15-10:29:48.527.785 [error_message_manage.cc:53]712971 FuncErrorReason:report error module_type=3, module_name=EE8888
[ERROR] RUNTIME(712971,15):2026-01-15-10:29:48.527.788 [error_message_manage.cc:53]712971 FuncErrorReason:rtMemcpy execute failed, reason=[the current capture mode does not support this operation]
[ERROR] ASCENDCL(712971,15):2026-01-15-10:29:48.528.077 [memory.cpp:437]712971 aclrtMemcpyImpl: synchronized memcpy failed, kind = 1, runtime result = 107030
[ERROR] RUNTIME(712971,15):2026-01-15-10:29:48.593.987 [api_error.cc:1519]712971 MemCopySync:Memory copy sync failed, cnt=416, kind=1.
[ERROR] RUNTIME(712971,15):2026-01-15-10:29:48.593.995 [api_c.cc:1197]712971 rtMemcpy:ErrCode=107030, desc=[the current capture mode does not support this operation], InnerCode=0x703001c
[ERROR] RUNTIME(712971,15):2026-01-15-10:29:48.593.998 [error_message_manage.cc:53]712971 FuncErrorReason:report error module_type=3, module_name=EE8888
[ERROR] RUNTIME(712971,15):2026-01-15-10:29:48.594.001 [error_message_manage.cc:53]712971 FuncErrorReason:rtMemcpy execute failed, reason=[the current capture mode does not support this operation]
[ERROR] ASCENDCL(712971,15):2026-01-15-10:29:48.594.249 [memory.cpp:437]712971 aclrtMemcpyImpl: synchronized memcpy failed, kind = 1, runtime result = 107030
[ERROR] RUNTIME(712971,15):2026-01-15-10:29:48.658.471 [api_error.cc:1519]712971 MemCopySync:Memory copy sync failed, cnt=72, kind=1.
[ERROR] RUNTIME(712971,15):2026-01-15-10:29:48.658.479 [api_c.cc:1197]712971 rtMemcpy:ErrCode=107030, desc=[the current capture mode does not support this operation], InnerCode=0x703001c
[ERROR] RUNTIME(712971,15):2026-01-15-10:29:48.658.482 [error_message_manage.cc:53]712971 FuncErrorReason:report error module_type=3, module_name=EE8888
[ERROR] RUNTIME(712971,15):2026-01-15-10:29:48.658.484 [error_message_manage.cc:53]712971 FuncErrorReason:rtMemcpy execute failed, reason=[the current capture mode does not support this operation]
[ERROR] ASCENDCL(712971,15):2026-01-15-10:29:48.658.684 [memory.cpp:437]712971 aclrtMemcpyImpl: synchronized memcpy failed, kind = 1, runtime result = 107030
[ERROR] RUNTIME(712971,15):2026-01-15-10:29:48.723.846 [api_error.cc:1519]712971 MemCopySync:Memory copy sync failed, cnt=416, kind=1.
[ERROR] RUNTIME(712971,15):2026-01-15-10:29:48.723.855 [api_c.cc:1197]712971 rtMemcpy:ErrCode=107030, desc=[the current capture mode does not support this operation], InnerCode=0x703001c
[ERROR] RUNTIME(712971,15):2026-01-15-10:29:48.723.857 [error_message_manage.cc:53]712971 FuncErrorReason:report error module_type=3, module_name=EE8888
[ERROR] RUNTIME(712971,15):2026-01-15-10:29:48.723.860 [error_message_manage.cc:53]712971 FuncErrorReason:rtMemcpy execute failed, reason=[the current capture mode does not support this operation]
[ERROR] ASCENDCL(712971,15):2026-01-15-10:29:48.724.160 [memory.cpp:437]712971 aclrtMemcpyImpl: synchronized memcpy failed, kind = 1, runtime result = 107030
[ERROR] RUNTIME(712971,15):2026-01-15-10:29:48.789.115 [api_error.cc:1519]712971 MemCopySync:Memory copy sync failed, cnt=72, kind=1.
[ERROR] RUNTIME(712971,15):2026-01-15-10:29:48.789.123 [api_c.cc:1197]712971 rtMemcpy:ErrCode=107030, desc=[the current capture mode does not support this operation], InnerCode=0x703001c
[ERROR] RUNTIME(712971,15):2026-01-15-10:29:48.789.126 [error_message_manage.cc:53]712971 FuncErrorReason:report error module_type=3, module_name=EE8888
[ERROR] RUNTIME(712971,15):2026-01-15-10:29:48.789.128 [error_message_manage.cc:53]712971 FuncErrorReason:rtMemcpy execute failed, reason=[the current capture mode does not support this operation]
[ERROR] ASCENDCL(712971,15):2026-01-15-10:29:48.789.401 [memory.cpp:437]712971 aclrtMemcpyImpl: synchronized memcpy failed, kind = 1, runtime result = 107030
[ERROR] RUNTIME(712971,15):2026-01-15-10:29:48.856.870 [api_error.cc:1519]712971 MemCopySync:Memory copy sync failed, cnt=416, kind=1.
[ERROR] RUNTIME(712971,15):2026-01-15-10:29:48.856.878 [api_c.cc:1197]712971 rtMemcpy:ErrCode=107030, desc=[the current capture mode does not support this operation], InnerCode=0x703001c
[ERROR] RUNTIME(712971,15):2026-01-15-10:29:48.856.881 [error_message_manage.cc:53]712971 FuncErrorReason:report error module_type=3, module_name=EE8888
[ERROR] RUNTIME(712971,15):2026-01-15-10:29:48.856.884 [error_message_manage.cc:53]712971 FuncErrorReason:rtMemcpy execute failed, reason=[the current capture mode does not support this operation]
[ERROR] ASCENDCL(712971,15):2026-01-15-10:29:48.857.149 [memory.cpp:437]712971 aclrtMemcpyImpl: synchronized memcpy failed, kind = 1, runtime result = 107030
[ERROR] RUNTIME(712971,15):2026-01-15-10:29:48.919.816 [api_error.cc:1519]712971 MemCopySync:Memory copy sync failed, cnt=72, kind=1.
[ERROR] RUNTIME(712971,15):2026-01-15-10:29:48.919.824 [api_c.cc:1197]712971 rtMemcpy:ErrCode=107030, desc=[the current capture mode does not support this operation], InnerCode=0x703001c
[ERROR] RUNTIME(712971,15):2026-01-15-10:29:48.919.827 [error_message_manage.cc:53]712971 FuncErrorReason:report error module_type=3, module_name=EE8888
[ERROR] RUNTIME(712971,15):2026-01-15-10:29:48.919.829 [error_message_manage.cc:53]712971 FuncErrorReason:rtMemcpy execute failed, reason=[the current capture mode does not support this operation]
[ERROR] ASCENDCL(712971,15):2026-01-15-10:29:48.920.046 [memory.cpp:437]712971 aclrtMemcpyImpl: synchronized memcpy failed, kind = 1, runtime result = 107030
[ERROR] RUNTIME(712971,15):2026-01-15-10:29:48.986.367 [api_error.cc:1519]712971 MemCopySync:Memory copy sync failed, cnt=416, kind=1.
[ERROR] RUNTIME(712971,15):2026-01-15-10:29:48.986.377 [api_c.cc:1197]712971 rtMemcpy:ErrCode=107030, desc=[the current capture mode does not support this operation], InnerCode=0x703001c
[ERROR] RUNTIME(712971,15):2026-01-15-10:29:48.986.380 [error_message_manage.cc:53]712971 FuncErrorReason:report error module_type=3, module_name=EE8888
[ERROR] RUNTIME(712971,15):2026-01-15-10:29:48.986.383 [error_message_manage.cc:53]712971 FuncErrorReason:rtMemcpy execute failed, reason=[the current capture mode does not support this operation]
[ERROR] ASCENDCL(712971,15):2026-01-15-10:29:48.986.651 [memory.cpp:437]712971 aclrtMemcpyImpl: synchronized memcpy failed, kind = 1, runtime result = 107030
[ERROR] RUNTIME(712971,15):2026-01-15-10:29:49.048.717 [api_error.cc:1519]712971 MemCopySync:Memory copy sync failed, cnt=72, kind=1.
[ERROR] RUNTIME(712971,15):2026-01-15-10:29:49.048.725 [api_c.cc:1197]712971 rtMemcpy:ErrCode=107030, desc=[the current capture mode does not support this operation], InnerCode=0x703001c
[ERROR] RUNTIME(712971,15):2026-01-15-10:29:49.048.728 [error_message_manage.cc:53]712971 FuncErrorReason:report error module_type=3, module_name=EE8888
[ERROR] RUNTIME(712971,15):2026-01-15-10:29:49.048.730 [error_message_manage.cc:53]712971 FuncErrorReason:rtMemcpy execute failed, reason=[the current capture mode does not support this operation]
[ERROR] ASCENDCL(712971,15):2026-01-15-10:29:49.048.918 [memory.cpp:437]712971 aclrtMemcpyImpl: synchronized memcpy failed, kind = 1, runtime result = 107030
[ERROR] RUNTIME(712971,15):2026-01-15-10:29:49.131.326 [api_error.cc:1519]712971 MemCopySync:Memory copy sync failed, cnt=416, kind=1.
[ERROR] RUNTIME(712971,15):2026-01-15-10:29:49.131.333 [api_c.cc:1197]712971 rtMemcpy:ErrCode=107030, desc=[the current capture mode does not support this operation], InnerCode=0x703001c
[ERROR] RUNTIME(712971,15):2026-01-15-10:29:49.131.336 [error_message_manage.cc:53]712971 FuncErrorReason:report error module_type=3, module_name=EE8888
[ERROR] RUNTIME(712971,15):2026-01-15-10:29:49.131.339 [error_message_manage.cc:53]712971 FuncErrorReason:rtMemcpy execute failed, reason=[the current capture mode does not support this operation]
[ERROR] ASCENDCL(712971,15):2026-01-15-10:29:49.131.631 [memory.cpp:437]712971 aclrtMemcpyImpl: synchronized memcpy failed, kind = 1, runtime result = 107030
[ERROR] RUNTIME(712971,15):2026-01-15-10:29:49.203.505 [api_error.cc:1519]712971 MemCopySync:Memory copy sync failed, cnt=72, kind=1.
[ERROR] RUNTIME(712971,15):2026-01-15-10:29:49.203.512 [api_c.cc:1197]712971 rtMemcpy:ErrCode=107030, desc=[the current capture mode does not support this operation], InnerCode=0x703001c
[ERROR] RUNTIME(712971,15):2026-01-15-10:29:49.203.515 [error_message_manage.cc:53]712971 FuncErrorReason:report error module_type=3, module_name=EE8888
[ERROR] RUNTIME(712971,15):2026-01-15-10:29:49.203.517 [error_message_manage.cc:53]712971 FuncErrorReason:rtMemcpy execute failed, reason=[the current capture mode does not support this operation]
[ERROR] ASCENDCL(712971,15):2026-01-15-10:29:49.203.725 [memory.cpp:437]712971 aclrtMemcpyImpl: synchronized memcpy failed, kind = 1, runtime result = 107030
[ERROR] RUNTIME(712971,15):2026-01-15-10:29:49.267.521 [api_error.cc:1519]712971 MemCopySync:Memory copy sync failed, cnt=416, kind=1.
[ERROR] RUNTIME(712971,15):2026-01-15-10:29:49.267.529 [api_c.cc:1197]712971 rtMemcpy:ErrCode=107030, desc=[the current capture mode does not support this operation], InnerCode=0x703001c
[ERROR] RUNTIME(712971,15):2026-01-15-10:29:49.267.531 [error_message_manage.cc:53]712971 FuncErrorReason:report error module_type=3, module_name=EE8888
[ERROR] RUNTIME(712971,15):2026-01-15-10:29:49.267.534 [error_message_manage.cc:53]712971 FuncErrorReason:rtMemcpy execute failed, reason=[the current capture mode does not support this operation]
[ERROR] ASCENDCL(712971,15):2026-01-15-10:29:49.267.731 [memory.cpp:437]712971 aclrtMemcpyImpl: synchronized memcpy failed, kind = 1, runtime result = 107030
[ERROR] RUNTIME(712971,15):2026-01-15-10:29:49.328.625 [api_error.cc:1519]712971 MemCopySync:Memory copy sync failed, cnt=72, kind=1.
[ERROR] RUNTIME(712971,15):2026-01-15-10:29:49.328.632 [api_c.cc:1197]712971 rtMemcpy:ErrCode=107030, desc=[the current capture mode does not support this operation], InnerCode=0x703001c
[ERROR] RUNTIME(712971,15):2026-01-15-10:29:49.328.635 [error_message_manage.cc:53]712971 FuncErrorReason:report error module_type=3, module_name=EE8888
[ERROR] RUNTIME(712971,15):2026-01-15-10:29:49.328.638 [error_message_manage.cc:53]712971 FuncErrorReason:rtMemcpy execute failed, reason=[the current capture mode does not support this operation]
[ERROR] ASCENDCL(712971,15):2026-01-15-10:29:49.328.911 [memory.cpp:437]712971 aclrtMemcpyImpl: synchronized memcpy failed, kind = 1, runtime result = 107030
[ERROR] RUNTIME(712971,15):2026-01-15-10:29:49.395.930 [api_error.cc:1519]712971 MemCopySync:Memory copy sync failed, cnt=416, kind=1.
[ERROR] RUNTIME(712971,15):2026-01-15-10:29:49.395.938 [api_c.cc:1197]712971 rtMemcpy:ErrCode=107030, desc=[the current capture mode does not support this operation], InnerCode=0x703001c
[ERROR] RUNTIME(712971,15):2026-01-15-10:29:49.395.941 [error_message_manage.cc:53]712971 FuncErrorReason:report error module_type=3, module_name=EE8888
[ERROR] RUNTIME(712971,15):2026-01-15-10:29:49.395.944 [error_message_manage.cc:53]712971 FuncErrorReason:rtMemcpy execute failed, reason=[the current capture mode does not support this operation]
[ERROR] ASCENDCL(712971,15):2026-01-15-10:29:49.396.158 [memory.cpp:437]712971 aclrtMemcpyImpl: synchronized memcpy failed, kind = 1, runtime result = 107030
[ERROR] RUNTIME(712971,15):2026-01-15-10:29:49.461.192 [api_error.cc:1519]712971 MemCopySync:Memory copy sync failed, cnt=72, kind=1.
[ERROR] RUNTIME(712971,15):2026-01-15-10:29:49.461.199 [api_c.cc:1197]712971 rtMemcpy:ErrCode=107030, desc=[the current capture mode does not support this operation], InnerCode=0x703001c
[ERROR] RUNTIME(712971,15):2026-01-15-10:29:49.461.202 [error_message_manage.cc:53]712971 FuncErrorReason:report error module_type=3, module_name=EE8888
[ERROR] RUNTIME(712971,15):2026-01-15-10:29:49.461.205 [error_message_manage.cc:53]712971 FuncErrorReason:rtMemcpy execute failed, reason=[the current capture mode does not support this operation]
[ERROR] ASCENDCL(712971,15):2026-01-15-10:29:49.461.425 [memory.cpp:437]712971 aclrtMemcpyImpl: synchronized memcpy failed, kind = 1, runtime result = 107030
[ERROR] RUNTIME(712971,15):2026-01-15-10:29:49.529.054 [api_error.cc:1519]712971 MemCopySync:Memory copy sync failed, cnt=416, kind=1.
[ERROR] RUNTIME(712971,15):2026-01-15-10:29:49.529.062 [api_c.cc:1197]712971 rtMemcpy:ErrCode=107030, desc=[the current capture mode does not support this operation], InnerCode=0x703001c
[ERROR] RUNTIME(712971,15):2026-01-15-10:29:49.529.065 [error_message_manage.cc:53]712971 FuncErrorReason:report error module_type=3, module_name=EE8888
[ERROR] RUNTIME(712971,15):2026-01-15-10:29:49.529.068 [error_message_manage.cc:53]712971 FuncErrorReason:rtMemcpy execute failed, reason=[the current capture mode does not support this operation]
[ERROR] ASCENDCL(712971,15):2026-01-15-10:29:49.529.342 [memory.cpp:437]712971 aclrtMemcpyImpl: synchronized memcpy failed, kind = 1, runtime result = 107030
[ERROR] RUNTIME(712971,15):2026-01-15-10:29:49.595.372 [api_error.cc:1519]712971 MemCopySync:Memory copy sync failed, cnt=72, kind=1.
[ERROR] RUNTIME(712971,15):2026-01-15-10:29:49.595.379 [api_c.cc:1197]712971 rtMemcpy:ErrCode=107030, desc=[the current capture mode does not support this operation], InnerCode=0x703001c
[ERROR] RUNTIME(712971,15):2026-01-15-10:29:49.595.382 [error_message_manage.cc:53]712971 FuncErrorReason:report error module_type=3, module_name=EE8888
[ERROR] RUNTIME(712971,15):2026-01-15-10:29:49.595.384 [error_message_manage.cc:53]712971 FuncErrorReason:rtMemcpy execute failed, reason=[the current capture mode does not support this operation]
[ERROR] ASCENDCL(712971,15):2026-01-15-10:29:49.595.634 [memory.cpp:437]712971 aclrtMemcpyImpl: synchronized memcpy failed, kind = 1, runtime result = 107030
[ERROR] RUNTIME(712971,15):2026-01-15-10:29:49.663.146 [api_error.cc:1519]712971 MemCopySync:Memory copy sync failed, cnt=416, kind=1.
[ERROR] RUNTIME(712971,15):2026-01-15-10:29:49.663.154 [api_c.cc:1197]712971 rtMemcpy:ErrCode=107030, desc=[the current capture mode does not support this operation], InnerCode=0x703001c
[ERROR] RUNTIME(712971,15):2026-01-15-10:29:49.663.156 [error_message_manage.cc:53]712971 FuncErrorReason:report error module_type=3, module_name=EE8888
[ERROR] RUNTIME(712971,15):2026-01-15-10:29:49.663.159 [error_message_manage.cc:53]712971 FuncErrorReason:rtMemcpy execute failed, reason=[the current capture mode does not support this operation]
[ERROR] ASCENDCL(712971,15):2026-01-15-10:29:49.663.351 [memory.cpp:437]712971 aclrtMemcpyImpl: synchronized memcpy failed, kind = 1, runtime result = 107030
[ERROR] RUNTIME(712971,15):2026-01-15-10:29:49.728.542 [api_error.cc:1519]712971 MemCopySync:Memory copy sync failed, cnt=72, kind=1.
[ERROR] RUNTIME(712971,15):2026-01-15-10:29:49.728.550 [api_c.cc:1197]712971 rtMemcpy:ErrCode=107030, desc=[the current capture mode does not support this operation], InnerCode=0x703001c
[ERROR] RUNTIME(712971,15):2026-01-15-10:29:49.728.552 [error_message_manage.cc:53]712971 FuncErrorReason:report error module_type=3, module_name=EE8888
[ERROR] RUNTIME(712971,15):2026-01-15-10:29:49.728.555 [error_message_manage.cc:53]712971 FuncErrorReason:rtMemcpy execute failed, reason=[the current capture mode does not support this operation]
[ERROR] ASCENDCL(712971,15):2026-01-15-10:29:49.728.819 [memory.cpp:437]712971 aclrtMemcpyImpl: synchronized memcpy failed, kind = 1, runtime result = 107030
[ERROR] RUNTIME(712971,15):2026-01-15-10:29:49.796.707 [api_error.cc:1519]712971 MemCopySync:Memory copy sync failed, cnt=416, kind=1.
[ERROR] RUNTIME(712971,15):2026-01-15-10:29:49.796.715 [api_c.cc:1197]712971 rtMemcpy:ErrCode=107030, desc=[the current capture mode does not support this operation], InnerCode=0x703001c
[ERROR] RUNTIME(712971,15):2026-01-15-10:29:49.796.718 [error_message_manage.cc:53]712971 FuncErrorReason:report error module_type=3, module_name=EE8888
[ERROR] RUNTIME(712971,15):2026-01-15-10:29:49.796.720 [error_message_manage.cc:53]712971 FuncErrorReason:rtMemcpy execute failed, reason=[the current capture mode does not support this operation]
[ERROR] ASCENDCL(712971,15):2026-01-15-10:29:49.796.943 [memory.cpp:437]712971 aclrtMemcpyImpl: synchronized memcpy failed, kind = 1, runtime result = 107030
[ERROR] RUNTIME(712971,15):2026-01-15-10:29:49.856.685 [api_error.cc:1519]712971 MemCopySync:Memory copy sync failed, cnt=72, kind=1.
[ERROR] RUNTIME(712971,15):2026-01-15-10:29:49.856.693 [api_c.cc:1197]712971 rtMemcpy:ErrCode=107030, desc=[the current capture mode does not support this operation], InnerCode=0x703001c
[ERROR] RUNTIME(712971,15):2026-01-15-10:29:49.856.696 [error_message_manage.cc:53]712971 FuncErrorReason:report error module_type=3, module_name=EE8888
[ERROR] RUNTIME(712971,15):2026-01-15-10:29:49.856.698 [error_message_manage.cc:53]712971 FuncErrorReason:rtMemcpy execute failed, reason=[the current capture mode does not support this operation]
[ERROR] ASCENDCL(712971,15):2026-01-15-10:29:49.856.914 [memory.cpp:437]712971 aclrtMemcpyImpl: synchronized memcpy failed, kind = 1, runtime result = 107030
[ERROR] RUNTIME(712971,15):2026-01-15-10:29:49.928.148 [api_error.cc:1519]712971 MemCopySync:Memory copy sync failed, cnt=416, kind=1.
[ERROR] RUNTIME(712971,15):2026-01-15-10:29:49.928.156 [api_c.cc:1197]712971 rtMemcpy:ErrCode=107030, desc=[the current capture mode does not support this operation], InnerCode=0x703001c
[ERROR] RUNTIME(712971,15):2026-01-15-10:29:49.928.158 [error_message_manage.cc:53]712971 FuncErrorReason:report error module_type=3, module_name=EE8888
[ERROR] RUNTIME(712971,15):2026-01-15-10:29:49.928.161 [error_message_manage.cc:53]712971 FuncErrorReason:rtMemcpy execute failed, reason=[the current capture mode does not support this operation]
[ERROR] ASCENDCL(712971,15):2026-01-15-10:29:49.928.419 [memory.cpp:437]712971 aclrtMemcpyImpl: synchronized memcpy failed, kind = 1, runtime result = 107030
[ERROR] RUNTIME(712971,15):2026-01-15-10:29:49.999.661 [api_error.cc:1519]712971 MemCopySync:Memory copy sync failed, cnt=72, kind=1.
[ERROR] RUNTIME(712971,15):2026-01-15-10:29:49.999.669 [api_c.cc:1197]712971 rtMemcpy:ErrCode=107030, desc=[the current capture mode does not support this operation], InnerCode=0x703001c
[ERROR] RUNTIME(712971,15):2026-01-15-10:29:49.999.671 [error_message_manage.cc:53]712971 FuncErrorReason:report error module_type=3, module_name=EE8888
[ERROR] RUNTIME(712971,15):2026-01-15-10:29:49.999.674 [error_message_manage.cc:53]712971 FuncErrorReason:rtMemcpy execute failed, reason=[the current capture mode does not support this operation]
[ERROR] ASCENDCL(712971,15):2026-01-15-10:29:49.999.919 [memory.cpp:437]712971 aclrtMemcpyImpl: synchronized memcpy failed, kind = 1, runtime result = 107030
[ERROR] RUNTIME(712971,15):2026-01-15-10:29:50.067.680 [api_error.cc:1519]712971 MemCopySync:Memory copy sync failed, cnt=416, kind=1.
[ERROR] RUNTIME(712971,15):2026-01-15-10:29:50.067.688 [api_c.cc:1197]712971 rtMemcpy:ErrCode=107030, desc=[the current capture mode does not support this operation], InnerCode=0x703001c
[ERROR] RUNTIME(712971,15):2026-01-15-10:29:50.067.691 [error_message_manage.cc:53]712971 FuncErrorReason:report error module_type=3, module_name=EE8888
[ERROR] RUNTIME(712971,15):2026-01-15-10:29:50.067.694 [error_message_manage.cc:53]712971 FuncErrorReason:rtMemcpy execute failed, reason=[the current capture mode does not support this operation]
[ERROR] ASCENDCL(712971,15):2026-01-15-10:29:50.067.990 [memory.cpp:437]712971 aclrtMemcpyImpl: synchronized memcpy failed, kind = 1, runtime result = 107030
[ERROR] RUNTIME(712971,15):2026-01-15-10:29:50.133.634 [api_error.cc:1519]712971 MemCopySync:Memory copy sync failed, cnt=72, kind=1.
[ERROR] RUNTIME(712971,15):2026-01-15-10:29:50.133.642 [api_c.cc:1197]712971 rtMemcpy:ErrCode=107030, desc=[the current capture mode does not support this operation], InnerCode=0x703001c
[ERROR] RUNTIME(712971,15):2026-01-15-10:29:50.133.645 [error_message_manage.cc:53]712971 FuncErrorReason:report error module_type=3, module_name=EE8888
[ERROR] RUNTIME(712971,15):2026-01-15-10:29:50.133.648 [error_message_manage.cc:53]712971 FuncErrorReason:rtMemcpy execute failed, reason=[the current capture mode does not support this operation]
[ERROR] ASCENDCL(712971,15):2026-01-15-10:29:50.133.940 [memory.cpp:437]712971 aclrtMemcpyImpl: synchronized memcpy failed, kind = 1, runtime result = 107030
[ERROR] RUNTIME(712971,15):2026-01-15-10:29:50.203.149 [api_error.cc:1519]712971 MemCopySync:Memory copy sync failed, cnt=416, kind=1.
[ERROR] RUNTIME(712971,15):2026-01-15-10:29:50.203.157 [api_c.cc:1197]712971 rtMemcpy:ErrCode=107030, desc=[the current capture mode does not support this operation], InnerCode=0x703001c
[ERROR] RUNTIME(712971,15):2026-01-15-10:29:50.203.159 [error_message_manage.cc:53]712971 FuncErrorReason:report error module_type=3, module_name=EE8888
[ERROR] RUNTIME(712971,15):2026-01-15-10:29:50.203.162 [error_message_manage.cc:53]712971 FuncErrorReason:rtMemcpy execute failed, reason=[the current capture mode does not support this operation]
[ERROR] ASCENDCL(712971,15):2026-01-15-10:29:50.203.377 [memory.cpp:437]712971 aclrtMemcpyImpl: synchronized memcpy failed, kind = 1, runtime result = 107030
[ERROR] RUNTIME(712971,15):2026-01-15-10:29:50.268.225 [api_error.cc:1519]712971 MemCopySync:Memory copy sync failed, cnt=72, kind=1.
[ERROR] RUNTIME(712971,15):2026-01-15-10:29:50.268.233 [api_c.cc:1197]712971 rtMemcpy:ErrCode=107030, desc=[the current capture mode does not support this operation], InnerCode=0x703001c
[ERROR] RUNTIME(712971,15):2026-01-15-10:29:50.268.235 [error_message_manage.cc:53]712971 FuncErrorReason:report error module_type=3, module_name=EE8888
[ERROR] RUNTIME(712971,15):2026-01-15-10:29:50.268.238 [error_message_manage.cc:53]712971 FuncErrorReason:rtMemcpy execute failed, reason=[the current capture mode does not support this operation]
[ERROR] ASCENDCL(712971,15):2026-01-15-10:29:50.268.466 [memory.cpp:437]712971 aclrtMemcpyImpl: synchronized memcpy failed, kind = 1, runtime result = 107030
[ERROR] RUNTIME(712971,15):2026-01-15-10:29:50.333.018 [api_error.cc:1519]712971 MemCopySync:Memory copy sync failed, cnt=416, kind=1.
[ERROR] RUNTIME(712971,15):2026-01-15-10:29:50.333.027 [api_c.cc:1197]712971 rtMemcpy:ErrCode=107030, desc=[the current capture mode does not support this operation], InnerCode=0x703001c
[ERROR] RUNTIME(712971,15):2026-01-15-10:29:50.333.030 [error_message_manage.cc:53]712971 FuncErrorReason:report error module_type=3, module_name=EE8888
[ERROR] RUNTIME(712971,15):2026-01-15-10:29:50.333.033 [error_message_manage.cc:53]712971 FuncErrorReason:rtMemcpy execute failed, reason=[the current capture mode does not support this operation]
[ERROR] ASCENDCL(712971,15):2026-01-15-10:29:50.333.325 [memory.cpp:437]712971 aclrtMemcpyImpl: synchronized memcpy failed, kind = 1, runtime result = 107030
[ERROR] RUNTIME(712971,15):2026-01-15-10:29:50.395.849 [api_error.cc:1519]712971 MemCopySync:Memory copy sync failed, cnt=72, kind=1.
[ERROR] RUNTIME(712971,15):2026-01-15-10:29:50.395.858 [api_c.cc:1197]712971 rtMemcpy:ErrCode=107030, desc=[the current capture mode does not support this operation], InnerCode=0x703001c
[ERROR] RUNTIME(712971,15):2026-01-15-10:29:50.395.860 [error_message_manage.cc:53]712971 FuncErrorReason:report error module_type=3, module_name=EE8888
[ERROR] RUNTIME(712971,15):2026-01-15-10:29:50.395.863 [error_message_manage.cc:53]712971 FuncErrorReason:rtMemcpy execute failed, reason=[the current capture mode does not support this operation]
[ERROR] ASCENDCL(712971,15):2026-01-15-10:29:50.396.185 [memory.cpp:437]712971 aclrtMemcpyImpl: synchronized memcpy failed, kind = 1, runtime result = 107030
[ERROR] RUNTIME(712971,15):2026-01-15-10:29:50.583.157 [api_c_stream.cc:412]712971 rtsStreamSetAttribute:report error module_name=EE1001
[ERROR] RUNTIME(712971,15):2026-01-15-10:29:50.583.163 [api_c_stream.cc:412]712971 rtsStreamSetAttribute:Invalid stream attribute ID: 4, Supported stream attribute IDs: [1, 4).
[ERROR] RUNTIME(712971,15):2026-01-15-10:29:50.583.197 [api_c_stream.cc:416]712971 rtsStreamSetAttribute:ErrCode=107000, desc=[invalid value], InnerCode=0x7110001
[ERROR] RUNTIME(712971,15):2026-01-15-10:29:50.583.200 [error_message_manage.cc:48]712971 FuncErrorReason:report error module_name=EE1001
[ERROR] RUNTIME(712971,15):2026-01-15-10:29:50.583.203 [error_message_manage.cc:48]712971 FuncErrorReason:rtsStreamSetAttribute execute failed, reason=[invalid value]
[ERROR] ASCENDCL(712971,15):2026-01-15-10:29:50.583.473 [stream.cpp:299]712971 aclrtSetStreamAttributeImpl: call rtsStreamSetAttribute failed, runtime result = 107000
[ERROR] RUNTIME(712971,15):2026-01-15-10:30:04.914.897 [api_c_stream.cc:412]712971 rtsStreamSetAttribute:report error module_name=EE1001
[ERROR] RUNTIME(712971,15):2026-01-15-10:30:04.914.905 [api_c_stream.cc:412]712971 rtsStreamSetAttribute:Invalid stream attribute ID: 4, Supported stream attribute IDs: [1, 4).
[ERROR] RUNTIME(712971,15):2026-01-15-10:30:04.914.946 [api_c_stream.cc:416]712971 rtsStreamSetAttribute:ErrCode=107000, desc=[invalid value], InnerCode=0x7110001
[ERROR] RUNTIME(712971,15):2026-01-15-10:30:04.914.949 [error_message_manage.cc:48]712971 FuncErrorReason:report error module_name=EE1001
[ERROR] RUNTIME(712971,15):2026-01-15-10:30:04.914.953 [error_message_manage.cc:48]712971 FuncErrorReason:rtsStreamSetAttribute execute failed, reason=[invalid value]
[ERROR] ASCENDCL(712971,15):2026-01-15-10:30:04.915.348 [stream.cpp:299]712971 aclrtSetStreamAttributeImpl: call rtsStreamSetAttribute failed, runtime result = 107000
[ERROR] RUNTIME(712971,15):2026-01-15-10:30:05.707.221 [api_error.cc:1519]712971 MemCopySync:Memory copy sync failed, cnt=416, kind=1.
[ERROR] RUNTIME(712971,15):2026-01-15-10:30:05.707.232 [api_c.cc:1197]712971 rtMemcpy:ErrCode=107030, desc=[the current capture mode does not support this operation], InnerCode=0x703001c
[ERROR] RUNTIME(712971,15):2026-01-15-10:30:05.707.235 [error_message_manage.cc:53]712971 FuncErrorReason:report error module_type=3, module_name=EE8888
[ERROR] RUNTIME(712971,15):2026-01-15-10:30:05.707.238 [error_message_manage.cc:53]712971 FuncErrorReason:rtMemcpy execute failed, reason=[the current capture mode does not support this operation]
[ERROR] ASCENDCL(712971,15):2026-01-15-10:30:05.707.580 [memory.cpp:437]712971 aclrtMemcpyImpl: synchronized memcpy failed, kind = 1, runtime result = 107030
[ERROR] RUNTIME(712971,15):2026-01-15-10:30:05.709.973 [api_error.cc:1519]712971 MemCopySync:Memory copy sync failed, cnt=72, kind=1.
[ERROR] RUNTIME(712971,15):2026-01-15-10:30:05.709.981 [api_c.cc:1197]712971 rtMemcpy:ErrCode=107030, desc=[the current capture mode does not support this operation], InnerCode=0x703001c
[ERROR] RUNTIME(712971,15):2026-01-15-10:30:05.709.984 [error_message_manage.cc:53]712971 FuncErrorReason:report error module_type=3, module_name=EE8888
[ERROR] RUNTIME(712971,15):2026-01-15-10:30:05.709.987 [error_message_manage.cc:53]712971 FuncErrorReason:rtMemcpy execute failed, reason=[the current capture mode does not support this operation]
[ERROR] ASCENDCL(712971,15):2026-01-15-10:30:05.710.186 [memory.cpp:437]712971 aclrtMemcpyImpl: synchronized memcpy failed, kind = 1, runtime result = 107030
[ERROR] RUNTIME(712971,15):2026-01-15-10:30:05.715.968 [api_error.cc:1519]712971 MemCopySync:Memory copy sync failed, cnt=416, kind=1.
[ERROR] RUNTIME(712971,15):2026-01-15-10:30:05.715.976 [api_c.cc:1197]712971 rtMemcpy:ErrCode=107030, desc=[the current capture mode does not support this operation], InnerCode=0x703001c
[ERROR] RUNTIME(712971,15):2026-01-15-10:30:05.715.979 [error_message_manage.cc:53]712971 FuncErrorReason:report error module_type=3, module_name=EE8888
[ERROR] RUNTIME(712971,15):2026-01-15-10:30:05.715.982 [error_message_manage.cc:53]712971 FuncErrorReason:rtMemcpy execute failed, reason=[the current capture mode does not support this operation]
[ERROR] ASCENDCL(712971,15):2026-01-15-10:30:05.716.114 [memory.cpp:437]712971 aclrtMemcpyImpl: synchronized memcpy failed, kind = 1, runtime result = 107030
[ERROR] RUNTIME(712971,15):2026-01-15-10:30:06.013.552 [api_error.cc:1519]712971 MemCopySync:Memory copy sync failed, cnt=72, kind=1.
[ERROR] RUNTIME(712971,15):2026-01-15-10:30:06.013.560 [api_c.cc:1197]712971 rtMemcpy:ErrCode=107030, desc=[the current capture mode does not support this operation], InnerCode=0x703001c
[ERROR] RUNTIME(712971,15):2026-01-15-10:30:06.013.563 [error_message_manage.cc:53]712971 FuncErrorReason:report error module_type=3, module_name=EE8888
[ERROR] RUNTIME(712971,15):2026-01-15-10:30:06.013.566 [error_message_manage.cc:53]712971 FuncErrorReason:rtMemcpy execute failed, reason=[the current capture mode does not support this operation]
[ERROR] ASCENDCL(712971,15):2026-01-15-10:30:06.013.845 [memory.cpp:437]712971 aclrtMemcpyImpl: synchronized memcpy failed, kind = 1, runtime result = 107030
[ERROR] RUNTIME(712971,15):2026-01-15-10:30:06.257.142 [api_c_stream.cc:412]712971 rtsStreamSetAttribute:report error module_name=EE1001
[ERROR] RUNTIME(712971,15):2026-01-15-10:30:06.257.148 [api_c_stream.cc:412]712971 rtsStreamSetAttribute:Invalid stream attribute ID: 4, Supported stream attribute IDs: [1, 4).
[ERROR] RUNTIME(712971,15):2026-01-15-10:30:06.257.191 [api_c_stream.cc:416]712971 rtsStreamSetAttribute:ErrCode=107000, desc=[invalid value], InnerCode=0x7110001
[ERROR] RUNTIME(712971,15):2026-01-15-10:30:06.257.194 [error_message_manage.cc:48]712971 FuncErrorReason:report error module_name=EE1001
[ERROR] RUNTIME(712971,15):2026-01-15-10:30:06.257.197 [error_message_manage.cc:48]712971 FuncErrorReason:rtsStreamSetAttribute execute failed, reason=[invalid value]
[ERROR] ASCENDCL(712971,15):2026-01-15-10:30:06.257.463 [stream.cpp:299]712971 aclrtSetStreamAttributeImpl: call rtsStreamSetAttribute failed, runtime result = 107000
[ERROR] RUNTIME(712971,15):2026-01-15-10:30:06.338.946 [api_c_stream.cc:412]712971 rtsStreamSetAttribute:report error module_name=EE1001
[ERROR] RUNTIME(712971,15):2026-01-15-10:30:06.338.951 [api_c_stream.cc:412]712971 rtsStreamSetAttribute:Invalid stream attribute ID: 4, Supported stream attribute IDs: [1, 4).
[ERROR] RUNTIME(712971,15):2026-01-15-10:30:06.338.979 [api_c_stream.cc:416]712971 rtsStreamSetAttribute:ErrCode=107000, desc=[invalid value], InnerCode=0x7110001
[ERROR] RUNTIME(712971,15):2026-01-15-10:30:06.338.982 [error_message_manage.cc:48]712971 FuncErrorReason:report error module_name=EE1001
[ERROR] RUNTIME(712971,15):2026-01-15-10:30:06.338.985 [error_message_manage.cc:48]712971 FuncErrorReason:rtsStreamSetAttribute execute failed, reason=[invalid value]
[ERROR] ASCENDCL(712971,15):2026-01-15-10:30:06.339.255 [stream.cpp:299]712971 aclrtSetStreamAttributeImpl: call rtsStreamSetAttribute failed, runtime result = 107000
[ERROR] RUNTIME(712971,15):2026-01-15-10:30:06.693.786 [api_error.cc:1519]712971 MemCopySync:Memory copy sync failed, cnt=416, kind=1.
[ERROR] RUNTIME(712971,15):2026-01-15-10:30:06.693.795 [api_c.cc:1197]712971 rtMemcpy:ErrCode=107030, desc=[the current capture mode does not support this operation], InnerCode=0x703001c
[ERROR] RUNTIME(712971,15):2026-01-15-10:30:06.693.798 [error_message_manage.cc:53]712971 FuncErrorReason:report error module_type=3, module_name=EE8888
[ERROR] RUNTIME(712971,15):2026-01-15-10:30:06.693.801 [error_message_manage.cc:53]712971 FuncErrorReason:rtMemcpy execute failed, reason=[the current capture mode does not support this operation]
[ERROR] ASCENDCL(712971,15):2026-01-15-10:30:06.694.165 [memory.cpp:437]712971 aclrtMemcpyImpl: synchronized memcpy failed, kind = 1, runtime result = 107030
[ERROR] RUNTIME(712971,15):2026-01-15-10:30:06.695.147 [api_error.cc:1519]712971 MemCopySync:Memory copy sync failed, cnt=72, kind=1.
[ERROR] RUNTIME(712971,15):2026-01-15-10:30:06.695.154 [api_c.cc:1197]712971 rtMemcpy:ErrCode=107030, desc=[the current capture mode does not support this operation], InnerCode=0x703001c
[ERROR] RUNTIME(712971,15):2026-01-15-10:30:06.695.157 [error_message_manage.cc:53]712971 FuncErrorReason:report error module_type=3, module_name=EE8888
[ERROR] RUNTIME(712971,15):2026-01-15-10:30:06.695.159 [error_message_manage.cc:53]712971 FuncErrorReason:rtMemcpy execute failed, reason=[the current capture mode does not support this operation]
[ERROR] ASCENDCL(712971,15):2026-01-15-10:30:06.695.349 [memory.cpp:437]712971 aclrtMemcpyImpl: synchronized memcpy failed, kind = 1, runtime result = 107030
[ERROR] RUNTIME(712971,15):2026-01-15-10:30:06.700.520 [api_error.cc:1519]712971 MemCopySync:Memory copy sync failed, cnt=416, kind=1.
[ERROR] RUNTIME(712971,15):2026-01-15-10:30:06.700.528 [api_c.cc:1197]712971 rtMemcpy:ErrCode=107030, desc=[the current capture mode does not support this operation], InnerCode=0x703001c
[ERROR] RUNTIME(712971,15):2026-01-15-10:30:06.700.531 [error_message_manage.cc:53]712971 FuncErrorReason:report error module_type=3, module_name=EE8888
[ERROR] RUNTIME(712971,15):2026-01-15-10:30:06.700.534 [error_message_manage.cc:53]712971 FuncErrorReason:rtMemcpy execute failed, reason=[the current capture mode does not support this operation]
[ERROR] ASCENDCL(712971,15):2026-01-15-10:30:06.700.682 [memory.cpp:437]712971 aclrtMemcpyImpl: synchronized memcpy failed, kind = 1, runtime result = 107030
[ERROR] RUNTIME(712971,15):2026-01-15-10:30:06.988.115 [api_error.cc:1519]712971 MemCopySync:Memory copy sync failed, cnt=72, kind=1.
[ERROR] RUNTIME(712971,15):2026-01-15-10:30:06.988.124 [api_c.cc:1197]712971 rtMemcpy:ErrCode=107030, desc=[the current capture mode does not support this operation], InnerCode=0x703001c
[ERROR] RUNTIME(712971,15):2026-01-15-10:30:06.988.126 [error_message_manage.cc:53]712971 FuncErrorReason:report error module_type=3, module_name=EE8888
[ERROR] RUNTIME(712971,15):2026-01-15-10:30:06.988.129 [error_message_manage.cc:53]712971 FuncErrorReason:rtMemcpy execute failed, reason=[the current capture mode does not support this operation]
[ERROR] ASCENDCL(712971,15):2026-01-15-10:30:06.988.486 [memory.cpp:437]712971 aclrtMemcpyImpl: synchronized memcpy failed, kind = 1, runtime result = 107030
[ERROR] RUNTIME(712971,15):2026-01-15-10:30:07.228.668 [api_c_stream.cc:412]712971 rtsStreamSetAttribute:report error module_name=EE1001
[ERROR] RUNTIME(712971,15):2026-01-15-10:30:07.228.673 [api_c_stream.cc:412]712971 rtsStreamSetAttribute:Invalid stream attribute ID: 4, Supported stream attribute IDs: [1, 4).
[ERROR] RUNTIME(712971,15):2026-01-15-10:30:07.228.713 [api_c_stream.cc:416]712971 rtsStreamSetAttribute:ErrCode=107000, desc=[invalid value], InnerCode=0x7110001
[ERROR] RUNTIME(712971,15):2026-01-15-10:30:07.228.716 [error_message_manage.cc:48]712971 FuncErrorReason:report error module_name=EE1001
[ERROR] RUNTIME(712971,15):2026-01-15-10:30:07.228.719 [error_message_manage.cc:48]712971 FuncErrorReason:rtsStreamSetAttribute execute failed, reason=[invalid value]
[ERROR] ASCENDCL(712971,15):2026-01-15-10:30:07.228.977 [stream.cpp:299]712971 aclrtSetStreamAttributeImpl: call rtsStreamSetAttribute failed, runtime result = 107000
[ERROR] RUNTIME(712971,15):2026-01-15-10:30:07.307.652 [api_c_stream.cc:412]712971 rtsStreamSetAttribute:report error module_name=EE1001
[ERROR] RUNTIME(712971,15):2026-01-15-10:30:07.307.658 [api_c_stream.cc:412]712971 rtsStreamSetAttribute:Invalid stream attribute ID: 4, Supported stream attribute IDs: [1, 4).
[ERROR] RUNTIME(712971,15):2026-01-15-10:30:07.307.685 [api_c_stream.cc:416]712971 rtsStreamSetAttribute:ErrCode=107000, desc=[invalid value], InnerCode=0x7110001
[ERROR] RUNTIME(712971,15):2026-01-15-10:30:07.307.687 [error_message_manage.cc:48]712971 FuncErrorReason:report error module_name=EE1001
[ERROR] RUNTIME(712971,15):2026-01-15-10:30:07.307.690 [error_message_manage.cc:48]712971 FuncErrorReason:rtsStreamSetAttribute execute failed, reason=[invalid value]
[ERROR] ASCENDCL(712971,15):2026-01-15-10:30:07.307.896 [stream.cpp:299]712971 aclrtSetStreamAttributeImpl: call rtsStreamSetAttribute failed, runtime result = 107000
[ERROR] RUNTIME(712971,15):2026-01-15-10:30:07.702.410 [api_error.cc:1519]712971 MemCopySync:Memory copy sync failed, cnt=416, kind=1.
[ERROR] RUNTIME(712971,15):2026-01-15-10:30:07.702.418 [api_c.cc:1197]712971 rtMemcpy:ErrCode=107030, desc=[the current capture mode does not support this operation], InnerCode=0x703001c
[ERROR] RUNTIME(712971,15):2026-01-15-10:30:07.702.421 [error_message_manage.cc:53]712971 FuncErrorReason:report error module_type=3, module_name=EE8888
[ERROR] RUNTIME(712971,15):2026-01-15-10:30:07.702.424 [error_message_manage.cc:53]712971 FuncErrorReason:rtMemcpy execute failed, reason=[the current capture mode does not support this operation]
[ERROR] ASCENDCL(712971,15):2026-01-15-10:30:07.702.690 [memory.cpp:437]712971 aclrtMemcpyImpl: synchronized memcpy failed, kind = 1, runtime result = 107030
[ERROR] RUNTIME(712971,15):2026-01-15-10:30:07.703.670 [api_error.cc:1519]712971 MemCopySync:Memory copy sync failed, cnt=72, kind=1.
[ERROR] RUNTIME(712971,15):2026-01-15-10:30:07.703.677 [api_c.cc:1197]712971 rtMemcpy:ErrCode=107030, desc=[the current capture mode does not support this operation], InnerCode=0x703001c
[ERROR] RUNTIME(712971,15):2026-01-15-10:30:07.703.680 [error_message_manage.cc:53]712971 FuncErrorReason:report error module_type=3, module_name=EE8888
[ERROR] RUNTIME(712971,15):2026-01-15-10:30:07.703.682 [error_message_manage.cc:53]712971 FuncErrorReason:rtMemcpy execute failed, reason=[the current capture mode does not support this operation]
[ERROR] ASCENDCL(712971,15):2026-01-15-10:30:07.703.835 [memory.cpp:437]712971 aclrtMemcpyImpl: synchronized memcpy failed, kind = 1, runtime result = 107030
[ERROR] RUNTIME(712971,15):2026-01-15-10:30:07.708.837 [api_error.cc:1519]712971 MemCopySync:Memory copy sync failed, cnt=416, kind=1.
[ERROR] RUNTIME(712971,15):2026-01-15-10:30:07.708.845 [api_c.cc:1197]712971 rtMemcpy:ErrCode=107030, desc=[the current capture mode does not support this operation], InnerCode=0x703001c
[ERROR] RUNTIME(712971,15):2026-01-15-10:30:07.708.848 [error_message_manage.cc:53]712971 FuncErrorReason:report error module_type=3, module_name=EE8888
[ERROR] RUNTIME(712971,15):2026-01-15-10:30:07.708.851 [error_message_manage.cc:53]712971 FuncErrorReason:rtMemcpy execute failed, reason=[the current capture mode does not support this operation]
[ERROR] ASCENDCL(712971,15):2026-01-15-10:30:07.708.998 [memory.cpp:437]712971 aclrtMemcpyImpl: synchronized memcpy failed, kind = 1, runtime result = 107030
[ERROR] RUNTIME(712971,15):2026-01-15-10:30:08.007.007 [api_error.cc:1519]712971 MemCopySync:Memory copy sync failed, cnt=72, kind=1.
[ERROR] RUNTIME(712971,15):2026-01-15-10:30:08.007.016 [api_c.cc:1197]712971 rtMemcpy:ErrCode=107030, desc=[the current capture mode does not support this operation], InnerCode=0x703001c
[ERROR] RUNTIME(712971,15):2026-01-15-10:30:08.007.019 [error_message_manage.cc:53]712971 FuncErrorReason:report error module_type=3, module_name=EE8888
[ERROR] RUNTIME(712971,15):2026-01-15-10:30:08.007.022 [error_message_manage.cc:53]712971 FuncErrorReason:rtMemcpy execute failed, reason=[the current capture mode does not support this operation]
[ERROR] ASCENDCL(712971,15):2026-01-15-10:30:08.007.325 [memory.cpp:437]712971 aclrtMemcpyImpl: synchronized memcpy failed, kind = 1, runtime result = 107030
[ERROR] RUNTIME(712971,15):2026-01-15-10:30:08.293.864 [api_c_stream.cc:412]712971 rtsStreamSetAttribute:report error module_name=EE1001
[ERROR] RUNTIME(712971,15):2026-01-15-10:30:08.293.869 [api_c_stream.cc:412]712971 rtsStreamSetAttribute:Invalid stream attribute ID: 4, Supported stream attribute IDs: [1, 4).
[ERROR] RUNTIME(712971,15):2026-01-15-10:30:08.293.914 [api_c_stream.cc:416]712971 rtsStreamSetAttribute:ErrCode=107000, desc=[invalid value], InnerCode=0x7110001
[ERROR] RUNTIME(712971,15):2026-01-15-10:30:08.293.917 [error_message_manage.cc:48]712971 FuncErrorReason:report error module_name=EE1001
[ERROR] RUNTIME(712971,15):2026-01-15-10:30:08.293.919 [error_message_manage.cc:48]712971 FuncErrorReason:rtsStreamSetAttribute execute failed, reason=[invalid value]
[ERROR] ASCENDCL(712971,15):2026-01-15-10:30:08.294.200 [stream.cpp:299]712971 aclrtSetStreamAttributeImpl: call rtsStreamSetAttribute failed, runtime result = 107000
[ERROR] RUNTIME(712971,15):2026-01-15-10:30:08.388.934 [api_c_stream.cc:412]712971 rtsStreamSetAttribute:report error module_name=EE1001
[ERROR] RUNTIME(712971,15):2026-01-15-10:30:08.388.941 [api_c_stream.cc:412]712971 rtsStreamSetAttribute:Invalid stream attribute ID: 4, Supported stream attribute IDs: [1, 4).
[ERROR] RUNTIME(712971,15):2026-01-15-10:30:08.388.970 [api_c_stream.cc:416]712971 rtsStreamSetAttribute:ErrCode=107000, desc=[invalid value], InnerCode=0x7110001
[ERROR] RUNTIME(712971,15):2026-01-15-10:30:08.388.972 [error_message_manage.cc:48]712971 FuncErrorReason:report error module_name=EE1001
[ERROR] RUNTIME(712971,15):2026-01-15-10:30:08.388.975 [error_message_manage.cc:48]712971 FuncErrorReason:rtsStreamSetAttribute execute failed, reason=[invalid value]
[ERROR] ASCENDCL(712971,15):2026-01-15-10:30:08.389.227 [stream.cpp:299]712971 aclrtSetStreamAttributeImpl: call rtsStreamSetAttribute failed, runtime result = 107000
[ERROR] RUNTIME(712971,15):2026-01-15-10:30:08.695.042 [api_error.cc:1519]712971 MemCopySync:Memory copy sync failed, cnt=416, kind=1.
[ERROR] RUNTIME(712971,15):2026-01-15-10:30:08.695.052 [api_c.cc:1197]712971 rtMemcpy:ErrCode=107030, desc=[the current capture mode does not support this operation], InnerCode=0x703001c
[ERROR] RUNTIME(712971,15):2026-01-15-10:30:08.695.055 [error_message_manage.cc:53]712971 FuncErrorReason:report error module_type=3, module_name=EE8888
[ERROR] RUNTIME(712971,15):2026-01-15-10:30:08.695.058 [error_message_manage.cc:53]712971 FuncErrorReason:rtMemcpy execute failed, reason=[the current capture mode does not support this operation]
[ERROR] ASCENDCL(712971,15):2026-01-15-10:30:08.695.378 [memory.cpp:437]712971 aclrtMemcpyImpl: synchronized memcpy failed, kind = 1, runtime result = 107030
[ERROR] RUNTIME(712971,15):2026-01-15-10:30:08.696.379 [api_error.cc:1519]712971 MemCopySync:Memory copy sync failed, cnt=72, kind=1.
[ERROR] RUNTIME(712971,15):2026-01-15-10:30:08.696.387 [api_c.cc:1197]712971 rtMemcpy:ErrCode=107030, desc=[the current capture mode does not support this operation], InnerCode=0x703001c
[ERROR] RUNTIME(712971,15):2026-01-15-10:30:08.696.390 [error_message_manage.cc:53]712971 FuncErrorReason:report error module_type=3, module_name=EE8888
[ERROR] RUNTIME(712971,15):2026-01-15-10:30:08.696.392 [error_message_manage.cc:53]712971 FuncErrorReason:rtMemcpy execute failed, reason=[the current capture mode does not support this operation]
[ERROR] ASCENDCL(712971,15):2026-01-15-10:30:08.696.608 [memory.cpp:437]712971 aclrtMemcpyImpl: synchronized memcpy failed, kind = 1, runtime result = 107030
[ERROR] RUNTIME(712971,15):2026-01-15-10:30:08.712.021 [api_error.cc:1519]712971 MemCopySync:Memory copy sync failed, cnt=416, kind=1.
[ERROR] RUNTIME(712971,15):2026-01-15-10:30:08.712.029 [api_c.cc:1197]712971 rtMemcpy:ErrCode=107030, desc=[the current capture mode does not support this operation], InnerCode=0x703001c
[ERROR] RUNTIME(712971,15):2026-01-15-10:30:08.712.031 [error_message_manage.cc:53]712971 FuncErrorReason:report error module_type=3, module_name=EE8888
[ERROR] RUNTIME(712971,15):2026-01-15-10:30:08.712.034 [error_message_manage.cc:53]712971 FuncErrorReason:rtMemcpy execute failed, reason=[the current capture mode does not support this operation]
[ERROR] ASCENDCL(712971,15):2026-01-15-10:30:08.712.173 [memory.cpp:437]712971 aclrtMemcpyImpl: synchronized memcpy failed, kind = 1, runtime result = 107030
[ERROR] RUNTIME(712971,15):2026-01-15-10:30:08.997.443 [api_error.cc:1519]712971 MemCopySync:Memory copy sync failed, cnt=72, kind=1.
[ERROR] RUNTIME(712971,15):2026-01-15-10:30:08.997.451 [api_c.cc:1197]712971 rtMemcpy:ErrCode=107030, desc=[the current capture mode does not support this operation], InnerCode=0x703001c
[ERROR] RUNTIME(712971,15):2026-01-15-10:30:08.997.454 [error_message_manage.cc:53]712971 FuncErrorReason:report error module_type=3, module_name=EE8888
[ERROR] RUNTIME(712971,15):2026-01-15-10:30:08.997.457 [error_message_manage.cc:53]712971 FuncErrorReason:rtMemcpy execute failed, reason=[the current capture mode does not support this operation]
[ERROR] ASCENDCL(712971,15):2026-01-15-10:30:08.997.732 [memory.cpp:437]712971 aclrtMemcpyImpl: synchronized memcpy failed, kind = 1, runtime result = 107030
[ERROR] RUNTIME(712971,15):2026-01-15-10:30:09.249.154 [api_c_stream.cc:412]712971 rtsStreamSetAttribute:report error module_name=EE1001
[ERROR] RUNTIME(712971,15):2026-01-15-10:30:09.249.160 [api_c_stream.cc:412]712971 rtsStreamSetAttribute:Invalid stream attribute ID: 4, Supported stream attribute IDs: [1, 4).
[ERROR] RUNTIME(712971,15):2026-01-15-10:30:09.249.201 [api_c_stream.cc:416]712971 rtsStreamSetAttribute:ErrCode=107000, desc=[invalid value], InnerCode=0x7110001
[ERROR] RUNTIME(712971,15):2026-01-15-10:30:09.249.204 [error_message_manage.cc:48]712971 FuncErrorReason:report error module_name=EE1001
[ERROR] RUNTIME(712971,15):2026-01-15-10:30:09.249.206 [error_message_manage.cc:48]712971 FuncErrorReason:rtsStreamSetAttribute execute failed, reason=[invalid value]
[ERROR] ASCENDCL(712971,15):2026-01-15-10:30:09.249.513 [stream.cpp:299]712971 aclrtSetStreamAttributeImpl: call rtsStreamSetAttribute failed, runtime result = 107000
[ERROR] RUNTIME(712971,15):2026-01-15-10:30:09.325.525 [api_c_stream.cc:412]712971 rtsStreamSetAttribute:report error module_name=EE1001
[ERROR] RUNTIME(712971,15):2026-01-15-10:30:09.325.531 [api_c_stream.cc:412]712971 rtsStreamSetAttribute:Invalid stream attribute ID: 4, Supported stream attribute IDs: [1, 4).
[ERROR] RUNTIME(712971,15):2026-01-15-10:30:09.325.559 [api_c_stream.cc:416]712971 rtsStreamSetAttribute:ErrCode=107000, desc=[invalid value], InnerCode=0x7110001
[ERROR] RUNTIME(712971,15):2026-01-15-10:30:09.325.561 [error_message_manage.cc:48]712971 FuncErrorReason:report error module_name=EE1001
[ERROR] RUNTIME(712971,15):2026-01-15-10:30:09.325.564 [error_message_manage.cc:48]712971 FuncErrorReason:rtsStreamSetAttribute execute failed, reason=[invalid value]
[ERROR] ASCENDCL(712971,15):2026-01-15-10:30:09.325.799 [stream.cpp:299]712971 aclrtSetStreamAttributeImpl: call rtsStreamSetAttribute failed, runtime result = 107000
[ERROR] RUNTIME(712971,15):2026-01-15-10:30:09.700.423 [api_error.cc:1519]712971 MemCopySync:Memory copy sync failed, cnt=416, kind=1.
[ERROR] RUNTIME(712971,15):2026-01-15-10:30:09.700.432 [api_c.cc:1197]712971 rtMemcpy:ErrCode=107030, desc=[the current capture mode does not support this operation], InnerCode=0x703001c
[ERROR] RUNTIME(712971,15):2026-01-15-10:30:09.700.435 [error_message_manage.cc:53]712971 FuncErrorReason:report error module_type=3, module_name=EE8888
[ERROR] RUNTIME(712971,15):2026-01-15-10:30:09.700.437 [error_message_manage.cc:53]712971 FuncErrorReason:rtMemcpy execute failed, reason=[the current capture mode does not support this operation]
[ERROR] ASCENDCL(712971,15):2026-01-15-10:30:09.700.759 [memory.cpp:437]712971 aclrtMemcpyImpl: synchronized memcpy failed, kind = 1, runtime result = 107030
[ERROR] RUNTIME(712971,15):2026-01-15-10:30:09.701.721 [api_error.cc:1519]712971 MemCopySync:Memory copy sync failed, cnt=72, kind=1.
[ERROR] RUNTIME(712971,15):2026-01-15-10:30:09.701.729 [api_c.cc:1197]712971 rtMemcpy:ErrCode=107030, desc=[the current capture mode does not support this operation], InnerCode=0x703001c
[ERROR] RUNTIME(712971,15):2026-01-15-10:30:09.701.732 [error_message_manage.cc:53]712971 FuncErrorReason:report error module_type=3, module_name=EE8888
[ERROR] RUNTIME(712971,15):2026-01-15-10:30:09.701.735 [error_message_manage.cc:53]712971 FuncErrorReason:rtMemcpy execute failed, reason=[the current capture mode does not support this operation]
[ERROR] ASCENDCL(712971,15):2026-01-15-10:30:09.701.885 [memory.cpp:437]712971 aclrtMemcpyImpl: synchronized memcpy failed, kind = 1, runtime result = 107030
[ERROR] RUNTIME(712971,15):2026-01-15-10:30:09.707.050 [api_error.cc:1519]712971 MemCopySync:Memory copy sync failed, cnt=416, kind=1.
[ERROR] RUNTIME(712971,15):2026-01-15-10:30:09.707.059 [api_c.cc:1197]712971 rtMemcpy:ErrCode=107030, desc=[the current capture mode does not support this operation], InnerCode=0x703001c
[ERROR] RUNTIME(712971,15):2026-01-15-10:30:09.707.062 [error_message_manage.cc:53]712971 FuncErrorReason:report error module_type=3, module_name=EE8888
[ERROR] RUNTIME(712971,15):2026-01-15-10:30:09.707.064 [error_message_manage.cc:53]712971 FuncErrorReason:rtMemcpy execute failed, reason=[the current capture mode does not support this operation]
[ERROR] ASCENDCL(712971,15):2026-01-15-10:30:09.707.206 [memory.cpp:437]712971 aclrtMemcpyImpl: synchronized memcpy failed, kind = 1, runtime result = 107030
[ERROR] RUNTIME(712971,15):2026-01-15-10:30:10.013.090 [api_error.cc:1519]712971 MemCopySync:Memory copy sync failed, cnt=72, kind=1.
[ERROR] RUNTIME(712971,15):2026-01-15-10:30:10.013.099 [api_c.cc:1197]712971 rtMemcpy:ErrCode=107030, desc=[the current capture mode does not support this operation], InnerCode=0x703001c
[ERROR] RUNTIME(712971,15):2026-01-15-10:30:10.013.102 [error_message_manage.cc:53]712971 FuncErrorReason:report error module_type=3, module_name=EE8888
[ERROR] RUNTIME(712971,15):2026-01-15-10:30:10.013.105 [error_message_manage.cc:53]712971 FuncErrorReason:rtMemcpy execute failed, reason=[the current capture mode does not support this operation]
[ERROR] ASCENDCL(712971,15):2026-01-15-10:30:10.013.405 [memory.cpp:437]712971 aclrtMemcpyImpl: synchronized memcpy failed, kind = 1, runtime result = 107030
[ERROR] RUNTIME(712971,15):2026-01-15-10:30:10.261.849 [api_c_stream.cc:412]712971 rtsStreamSetAttribute:report error module_name=EE1001
[ERROR] RUNTIME(712971,15):2026-01-15-10:30:10.261.855 [api_c_stream.cc:412]712971 rtsStreamSetAttribute:Invalid stream attribute ID: 4, Supported stream attribute IDs: [1, 4).
[ERROR] RUNTIME(712971,15):2026-01-15-10:30:10.261.889 [api_c_stream.cc:416]712971 rtsStreamSetAttribute:ErrCode=107000, desc=[invalid value], InnerCode=0x7110001
[ERROR] RUNTIME(712971,15):2026-01-15-10:30:10.261.892 [error_message_manage.cc:48]712971 FuncErrorReason:report error module_name=EE1001
[ERROR] RUNTIME(712971,15):2026-01-15-10:30:10.261.895 [error_message_manage.cc:48]712971 FuncErrorReason:rtsStreamSetAttribute execute failed, reason=[invalid value]
[ERROR] ASCENDCL(712971,15):2026-01-15-10:30:10.262.342 [stream.cpp:299]712971 aclrtSetStreamAttributeImpl: call rtsStreamSetAttribute failed, runtime result = 107000
[ERROR] RUNTIME(712971,15):2026-01-15-10:30:10.337.639 [api_c_stream.cc:412]712971 rtsStreamSetAttribute:report error module_name=EE1001
[ERROR] RUNTIME(712971,15):2026-01-15-10:30:10.337.645 [api_c_stream.cc:412]712971 rtsStreamSetAttribute:Invalid stream attribute ID: 4, Supported stream attribute IDs: [1, 4).
[ERROR] RUNTIME(712971,15):2026-01-15-10:30:10.337.673 [api_c_stream.cc:416]712971 rtsStreamSetAttribute:ErrCode=107000, desc=[invalid value], InnerCode=0x7110001
[ERROR] RUNTIME(712971,15):2026-01-15-10:30:10.337.675 [error_message_manage.cc:48]712971 FuncErrorReason:report error module_name=EE1001
[ERROR] RUNTIME(712971,15):2026-01-15-10:30:10.337.678 [error_message_manage.cc:48]712971 FuncErrorReason:rtsStreamSetAttribute execute failed, reason=[invalid value]
[ERROR] ASCENDCL(712971,15):2026-01-15-10:30:10.337.943 [stream.cpp:299]712971 aclrtSetStreamAttributeImpl: call rtsStreamSetAttribute failed, runtime result = 107000
[ERROR] RUNTIME(712971,15):2026-01-15-10:30:10.702.540 [api_error.cc:1519]712971 MemCopySync:Memory copy sync failed, cnt=416, kind=1.
[ERROR] RUNTIME(712971,15):2026-01-15-10:30:10.702.550 [api_c.cc:1197]712971 rtMemcpy:ErrCode=107030, desc=[the current capture mode does not support this operation], InnerCode=0x703001c
[ERROR] RUNTIME(712971,15):2026-01-15-10:30:10.702.553 [error_message_manage.cc:53]712971 FuncErrorReason:report error module_type=3, module_name=EE8888
[ERROR] RUNTIME(712971,15):2026-01-15-10:30:10.702.556 [error_message_manage.cc:53]712971 FuncErrorReason:rtMemcpy execute failed, reason=[the current capture mode does not support this operation]
[ERROR] ASCENDCL(712971,15):2026-01-15-10:30:10.702.838 [memory.cpp:437]712971 aclrtMemcpyImpl: synchronized memcpy failed, kind = 1, runtime result = 107030
[ERROR] RUNTIME(712971,15):2026-01-15-10:30:10.703.832 [api_error.cc:1519]712971 MemCopySync:Memory copy sync failed, cnt=72, kind=1.
[ERROR] RUNTIME(712971,15):2026-01-15-10:30:10.703.840 [api_c.cc:1197]712971 rtMemcpy:ErrCode=107030, desc=[the current capture mode does not support this operation], InnerCode=0x703001c
[ERROR] RUNTIME(712971,15):2026-01-15-10:30:10.703.842 [error_message_manage.cc:53]712971 FuncErrorReason:report error module_type=3, module_name=EE8888
[ERROR] RUNTIME(712971,15):2026-01-15-10:30:10.703.845 [error_message_manage.cc:53]712971 FuncErrorReason:rtMemcpy execute failed, reason=[the current capture mode does not support this operation]
[ERROR] ASCENDCL(712971,15):2026-01-15-10:30:10.703.988 [memory.cpp:437]712971 aclrtMemcpyImpl: synchronized memcpy failed, kind = 1, runtime result = 107030
[ERROR] RUNTIME(712971,15):2026-01-15-10:30:10.709.771 [api_error.cc:1519]712971 MemCopySync:Memory copy sync failed, cnt=416, kind=1.
[ERROR] RUNTIME(712971,15):2026-01-15-10:30:10.709.780 [api_c.cc:1197]712971 rtMemcpy:ErrCode=107030, desc=[the current capture mode does not support this operation], InnerCode=0x703001c
[ERROR] RUNTIME(712971,15):2026-01-15-10:30:10.709.783 [error_message_manage.cc:53]712971 FuncErrorReason:report error module_type=3, module_name=EE8888
[ERROR] RUNTIME(712971,15):2026-01-15-10:30:10.709.785 [error_message_manage.cc:53]712971 FuncErrorReason:rtMemcpy execute failed, reason=[the current capture mode does not support this operation]
[ERROR] ASCENDCL(712971,15):2026-01-15-10:30:10.709.948 [memory.cpp:437]712971 aclrtMemcpyImpl: synchronized memcpy failed, kind = 1, runtime result = 107030
[ERROR] RUNTIME(712971,15):2026-01-15-10:30:10.977.239 [api_error.cc:1519]712971 MemCopySync:Memory copy sync failed, cnt=72, kind=1.
[ERROR] RUNTIME(712971,15):2026-01-15-10:30:10.977.248 [api_c.cc:1197]712971 rtMemcpy:ErrCode=107030, desc=[the current capture mode does not support this operation], InnerCode=0x703001c
[ERROR] RUNTIME(712971,15):2026-01-15-10:30:10.977.251 [error_message_manage.cc:53]712971 FuncErrorReason:report error module_type=3, module_name=EE8888
[ERROR] RUNTIME(712971,15):2026-01-15-10:30:10.977.254 [error_message_manage.cc:53]712971 FuncErrorReason:rtMemcpy execute failed, reason=[the current capture mode does not support this operation]
[ERROR] ASCENDCL(712971,15):2026-01-15-10:30:10.977.469 [memory.cpp:437]712971 aclrtMemcpyImpl: synchronized memcpy failed, kind = 1, runtime result = 107030
[ERROR] RUNTIME(712971,15):2026-01-15-10:30:11.164.070 [api_c_stream.cc:412]712971 rtsStreamSetAttribute:report error module_name=EE1001
[ERROR] RUNTIME(712971,15):2026-01-15-10:30:11.164.076 [api_c_stream.cc:412]712971 rtsStreamSetAttribute:Invalid stream attribute ID: 4, Supported stream attribute IDs: [1, 4).
[ERROR] RUNTIME(712971,15):2026-01-15-10:30:11.164.108 [api_c_stream.cc:416]712971 rtsStreamSetAttribute:ErrCode=107000, desc=[invalid value], InnerCode=0x7110001
[ERROR] RUNTIME(712971,15):2026-01-15-10:30:11.164.111 [error_message_manage.cc:48]712971 FuncErrorReason:report error module_name=EE1001
[ERROR] RUNTIME(712971,15):2026-01-15-10:30:11.164.113 [error_message_manage.cc:48]712971 FuncErrorReason:rtsStreamSetAttribute execute failed, reason=[invalid value]
[ERROR] ASCENDCL(712971,15):2026-01-15-10:30:11.164.338 [stream.cpp:299]712971 aclrtSetStreamAttributeImpl: call rtsStreamSetAttribute failed, runtime result = 107000
[ERROR] RUNTIME(712971,15):2026-01-15-10:30:12.568.062 [api_c_stream.cc:412]712971 rtsStreamSetAttribute:report error module_name=EE1001
[ERROR] RUNTIME(712971,15):2026-01-15-10:30:12.568.072 [api_c_stream.cc:412]712971 rtsStreamSetAttribute:Invalid stream attribute ID: 4, Supported stream attribute IDs: [1, 4).
[ERROR] RUNTIME(712971,15):2026-01-15-10:30:12.568.117 [api_c_stream.cc:416]712971 rtsStreamSetAttribute:ErrCode=107000, desc=[invalid value], InnerCode=0x7110001
[ERROR] RUNTIME(712971,15):2026-01-15-10:30:12.568.120 [error_message_manage.cc:48]712971 FuncErrorReason:report error module_name=EE1001
[ERROR] RUNTIME(712971,15):2026-01-15-10:30:12.568.124 [error_message_manage.cc:48]712971 FuncErrorReason:rtsStreamSetAttribute execute failed, reason=[invalid value]
[ERROR] ASCENDCL(712971,15):2026-01-15-10:30:12.568.364 [stream.cpp:299]712971 aclrtSetStreamAttributeImpl: call rtsStreamSetAttribute failed, runtime result = 107000
[ERROR] RUNTIME(712971,15):2026-01-15-10:30:12.705.527 [api_error.cc:1519]712971 MemCopySync:Memory copy sync failed, cnt=416, kind=1.
[ERROR] RUNTIME(712971,15):2026-01-15-10:30:12.705.537 [api_c.cc:1197]712971 rtMemcpy:ErrCode=107030, desc=[the current capture mode does not support this operation], InnerCode=0x703001c
[ERROR] RUNTIME(712971,15):2026-01-15-10:30:12.705.541 [error_message_manage.cc:53]712971 FuncErrorReason:report error module_type=3, module_name=EE8888
[ERROR] RUNTIME(712971,15):2026-01-15-10:30:12.705.544 [error_message_manage.cc:53]712971 FuncErrorReason:rtMemcpy execute failed, reason=[the current capture mode does not support this operation]
[ERROR] ASCENDCL(712971,15):2026-01-15-10:30:12.705.801 [memory.cpp:437]712971 aclrtMemcpyImpl: synchronized memcpy failed, kind = 1, runtime result = 107030
[ERROR] RUNTIME(712971,15):2026-01-15-10:30:12.708.967 [api_error.cc:1519]712971 MemCopySync:Memory copy sync failed, cnt=72, kind=1.
[ERROR] RUNTIME(712971,15):2026-01-15-10:30:12.708.976 [api_c.cc:1197]712971 rtMemcpy:ErrCode=107030, desc=[the current capture mode does not support this operation], InnerCode=0x703001c
[ERROR] RUNTIME(712971,15):2026-01-15-10:30:12.708.979 [error_message_manage.cc:53]712971 FuncErrorReason:report error module_type=3, module_name=EE8888
[ERROR] RUNTIME(712971,15):2026-01-15-10:30:12.708.981 [error_message_manage.cc:53]712971 FuncErrorReason:rtMemcpy execute failed, reason=[the current capture mode does not support this operation]
[ERROR] ASCENDCL(712971,15):2026-01-15-10:30:12.709.108 [memory.cpp:437]712971 aclrtMemcpyImpl: synchronized memcpy failed, kind = 1, runtime result = 107030
[ERROR] RUNTIME(712971,15):2026-01-15-10:30:13.008.974 [api_c_stream.cc:412]712971 rtsStreamSetAttribute:report error module_name=EE1001
[ERROR] RUNTIME(712971,15):2026-01-15-10:30:13.008.980 [api_c_stream.cc:412]712971 rtsStreamSetAttribute:Invalid stream attribute ID: 4, Supported stream attribute IDs: [1, 4).
[ERROR] RUNTIME(712971,15):2026-01-15-10:30:13.009.016 [api_c_stream.cc:416]712971 rtsStreamSetAttribute:ErrCode=107000, desc=[invalid value], InnerCode=0x7110001
[ERROR] RUNTIME(712971,15):2026-01-15-10:30:13.009.019 [error_message_manage.cc:48]712971 FuncErrorReason:report error module_name=EE1001
[ERROR] RUNTIME(712971,15):2026-01-15-10:30:13.009.022 [error_message_manage.cc:48]712971 FuncErrorReason:rtsStreamSetAttribute execute failed, reason=[invalid value]
[ERROR] ASCENDCL(712971,15):2026-01-15-10:30:13.009.292 [stream.cpp:299]712971 aclrtSetStreamAttributeImpl: call rtsStreamSetAttribute failed, runtime result = 107000
[ERROR] RUNTIME(712971,15):2026-01-15-10:30:13.083.826 [api_c_stream.cc:412]712971 rtsStreamSetAttribute:report error module_name=EE1001
[ERROR] RUNTIME(712971,15):2026-01-15-10:30:13.083.831 [api_c_stream.cc:412]712971 rtsStreamSetAttribute:Invalid stream attribute ID: 4, Supported stream attribute IDs: [1, 4).
[ERROR] RUNTIME(712971,15):2026-01-15-10:30:13.083.857 [api_c_stream.cc:416]712971 rtsStreamSetAttribute:ErrCode=107000, desc=[invalid value], InnerCode=0x7110001
[ERROR] RUNTIME(712971,15):2026-01-15-10:30:13.083.860 [error_message_manage.cc:48]712971 FuncErrorReason:report error module_name=EE1001
[ERROR] RUNTIME(712971,15):2026-01-15-10:30:13.083.862 [error_message_manage.cc:48]712971 FuncErrorReason:rtsStreamSetAttribute execute failed, reason=[invalid value]
[ERROR] ASCENDCL(712971,15):2026-01-15-10:30:13.084.138 [stream.cpp:299]712971 aclrtSetStreamAttributeImpl: call rtsStreamSetAttribute failed, runtime result = 107000
[ERROR] RUNTIME(712971,15):2026-01-15-10:30:13.699.559 [api_error.cc:1519]712971 MemCopySync:Memory copy sync failed, cnt=416, kind=1.
[ERROR] RUNTIME(712971,15):2026-01-15-10:30:13.699.570 [api_c.cc:1197]712971 rtMemcpy:ErrCode=107030, desc=[the current capture mode does not support this operation], InnerCode=0x703001c
[ERROR] RUNTIME(712971,15):2026-01-15-10:30:13.699.573 [error_message_manage.cc:53]712971 FuncErrorReason:report error module_type=3, module_name=EE8888
[ERROR] RUNTIME(712971,15):2026-01-15-10:30:13.699.576 [error_message_manage.cc:53]712971 FuncErrorReason:rtMemcpy execute failed, reason=[the current capture mode does not support this operation]
[ERROR] ASCENDCL(712971,15):2026-01-15-10:30:13.699.874 [memory.cpp:437]712971 aclrtMemcpyImpl: synchronized memcpy failed, kind = 1, runtime result = 107030
[ERROR] RUNTIME(712971,15):2026-01-15-10:30:13.700.994 [api_error.cc:1519]712971 MemCopySync:Memory copy sync failed, cnt=72, kind=1.
[ERROR] RUNTIME(712971,15):2026-01-15-10:30:13.701.001 [api_c.cc:1197]712971 rtMemcpy:ErrCode=107030, desc=[the current capture mode does not support this operation], InnerCode=0x703001c
[ERROR] RUNTIME(712971,15):2026-01-15-10:30:13.701.004 [error_message_manage.cc:53]712971 FuncErrorReason:report error module_type=3, module_name=EE8888
[ERROR] RUNTIME(712971,15):2026-01-15-10:30:13.701.007 [error_message_manage.cc:53]712971 FuncErrorReason:rtMemcpy execute failed, reason=[the current capture mode does not support this operation]
[ERROR] ASCENDCL(712971,15):2026-01-15-10:30:13.701.159 [memory.cpp:437]712971 aclrtMemcpyImpl: synchronized memcpy failed, kind = 1, runtime result = 107030
[ERROR] RUNTIME(712971,15):2026-01-15-10:30:14.004.731 [api_c_stream.cc:412]712971 rtsStreamSetAttribute:report error module_name=EE1001
[ERROR] RUNTIME(712971,15):2026-01-15-10:30:14.004.737 [api_c_stream.cc:412]712971 rtsStreamSetAttribute:Invalid stream attribute ID: 4, Supported stream attribute IDs: [1, 4).
[ERROR] RUNTIME(712971,15):2026-01-15-10:30:14.004.766 [api_c_stream.cc:416]712971 rtsStreamSetAttribute:ErrCode=107000, desc=[invalid value], InnerCode=0x7110001
[ERROR] RUNTIME(712971,15):2026-01-15-10:30:14.004.769 [error_message_manage.cc:48]712971 FuncErrorReason:report error module_name=EE1001
[ERROR] RUNTIME(712971,15):2026-01-15-10:30:14.004.772 [error_message_manage.cc:48]712971 FuncErrorReason:rtsStreamSetAttribute execute failed, reason=[invalid value]
[ERROR] ASCENDCL(712971,15):2026-01-15-10:30:14.004.968 [stream.cpp:299]712971 aclrtSetStreamAttributeImpl: call rtsStreamSetAttribute failed, runtime result = 107000
[ERROR] RUNTIME(712971,15):2026-01-15-10:30:14.080.884 [api_c_stream.cc:412]712971 rtsStreamSetAttribute:report error module_name=EE1001
[ERROR] RUNTIME(712971,15):2026-01-15-10:30:14.080.889 [api_c_stream.cc:412]712971 rtsStreamSetAttribute:Invalid stream attribute ID: 4, Supported stream attribute IDs: [1, 4).
[ERROR] RUNTIME(712971,15):2026-01-15-10:30:14.080.916 [api_c_stream.cc:416]712971 rtsStreamSetAttribute:ErrCode=107000, desc=[invalid value], InnerCode=0x7110001
[ERROR] RUNTIME(712971,15):2026-01-15-10:30:14.080.918 [error_message_manage.cc:48]712971 FuncErrorReason:report error module_name=EE1001
[ERROR] RUNTIME(712971,15):2026-01-15-10:30:14.080.921 [error_message_manage.cc:48]712971 FuncErrorReason:rtsStreamSetAttribute execute failed, reason=[invalid value]
[ERROR] ASCENDCL(712971,15):2026-01-15-10:30:14.081.155 [stream.cpp:299]712971 aclrtSetStreamAttributeImpl: call rtsStreamSetAttribute failed, runtime result = 107000
[ERROR] RUNTIME(712971,15):2026-01-15-10:30:14.696.688 [api_error.cc:1519]712971 MemCopySync:Memory copy sync failed, cnt=416, kind=1.
[ERROR] RUNTIME(712971,15):2026-01-15-10:30:14.696.698 [api_c.cc:1197]712971 rtMemcpy:ErrCode=107030, desc=[the current capture mode does not support this operation], InnerCode=0x703001c
[ERROR] RUNTIME(712971,15):2026-01-15-10:30:14.696.701 [error_message_manage.cc:53]712971 FuncErrorReason:report error module_type=3, module_name=EE8888
[ERROR] RUNTIME(712971,15):2026-01-15-10:30:14.696.704 [error_message_manage.cc:53]712971 FuncErrorReason:rtMemcpy execute failed, reason=[the current capture mode does not support this operation]
[ERROR] ASCENDCL(712971,15):2026-01-15-10:30:14.697.000 [memory.cpp:437]712971 aclrtMemcpyImpl: synchronized memcpy failed, kind = 1, runtime result = 107030
[ERROR] RUNTIME(712971,15):2026-01-15-10:30:14.698.067 [api_error.cc:1519]712971 MemCopySync:Memory copy sync failed, cnt=72, kind=1.
[ERROR] RUNTIME(712971,15):2026-01-15-10:30:14.698.075 [api_c.cc:1197]712971 rtMemcpy:ErrCode=107030, desc=[the current capture mode does not support this operation], InnerCode=0x703001c
[ERROR] RUNTIME(712971,15):2026-01-15-10:30:14.698.078 [error_message_manage.cc:53]712971 FuncErrorReason:report error module_type=3, module_name=EE8888
[ERROR] RUNTIME(712971,15):2026-01-15-10:30:14.698.081 [error_message_manage.cc:53]712971 FuncErrorReason:rtMemcpy execute failed, reason=[the current capture mode does not support this operation]
[ERROR] ASCENDCL(712971,15):2026-01-15-10:30:14.698.257 [memory.cpp:437]712971 aclrtMemcpyImpl: synchronized memcpy failed, kind = 1, runtime result = 107030
[ERROR] RUNTIME(712971,15):2026-01-15-10:30:15.015.560 [api_c_stream.cc:412]712971 rtsStreamSetAttribute:report error module_name=EE1001
[ERROR] RUNTIME(712971,15):2026-01-15-10:30:15.015.565 [api_c_stream.cc:412]712971 rtsStreamSetAttribute:Invalid stream attribute ID: 4, Supported stream attribute IDs: [1, 4).
[ERROR] RUNTIME(712971,15):2026-01-15-10:30:15.015.595 [api_c_stream.cc:416]712971 rtsStreamSetAttribute:ErrCode=107000, desc=[invalid value], InnerCode=0x7110001
[ERROR] RUNTIME(712971,15):2026-01-15-10:30:15.015.598 [error_message_manage.cc:48]712971 FuncErrorReason:report error module_name=EE1001
[ERROR] RUNTIME(712971,15):2026-01-15-10:30:15.015.601 [error_message_manage.cc:48]712971 FuncErrorReason:rtsStreamSetAttribute execute failed, reason=[invalid value]
[ERROR] ASCENDCL(712971,15):2026-01-15-10:30:15.015.893 [stream.cpp:299]712971 aclrtSetStreamAttributeImpl: call rtsStreamSetAttribute failed, runtime result = 107000
[ERROR] RUNTIME(712971,15):2026-01-15-10:30:15.088.106 [api_c_stream.cc:412]712971 rtsStreamSetAttribute:report error module_name=EE1001
[ERROR] RUNTIME(712971,15):2026-01-15-10:30:15.088.111 [api_c_stream.cc:412]712971 rtsStreamSetAttribute:Invalid stream attribute ID: 4, Supported stream attribute IDs: [1, 4).
[ERROR] RUNTIME(712971,15):2026-01-15-10:30:15.088.138 [api_c_stream.cc:416]712971 rtsStreamSetAttribute:ErrCode=107000, desc=[invalid value], InnerCode=0x7110001
[ERROR] RUNTIME(712971,15):2026-01-15-10:30:15.088.140 [error_message_manage.cc:48]712971 FuncErrorReason:report error module_name=EE1001
[ERROR] RUNTIME(712971,15):2026-01-15-10:30:15.088.143 [error_message_manage.cc:48]712971 FuncErrorReason:rtsStreamSetAttribute execute failed, reason=[invalid value]
[ERROR] ASCENDCL(712971,15):2026-01-15-10:30:15.088.402 [stream.cpp:299]712971 aclrtSetStreamAttributeImpl: call rtsStreamSetAttribute failed, runtime result = 107000
[ERROR] RUNTIME(712971,15):2026-01-15-10:30:15.693.764 [api_error.cc:1519]712971 MemCopySync:Memory copy sync failed, cnt=416, kind=1.
[ERROR] RUNTIME(712971,15):2026-01-15-10:30:15.693.773 [api_c.cc:1197]712971 rtMemcpy:ErrCode=107030, desc=[the current capture mode does not support this operation], InnerCode=0x703001c
[ERROR] RUNTIME(712971,15):2026-01-15-10:30:15.693.776 [error_message_manage.cc:53]712971 FuncErrorReason:report error module_type=3, module_name=EE8888
[ERROR] RUNTIME(712971,15):2026-01-15-10:30:15.693.779 [error_message_manage.cc:53]712971 FuncErrorReason:rtMemcpy execute failed, reason=[the current capture mode does not support this operation]
[ERROR] ASCENDCL(712971,15):2026-01-15-10:30:15.694.033 [memory.cpp:437]712971 aclrtMemcpyImpl: synchronized memcpy failed, kind = 1, runtime result = 107030
[ERROR] RUNTIME(712971,15):2026-01-15-10:30:15.695.108 [api_error.cc:1519]712971 MemCopySync:Memory copy sync failed, cnt=72, kind=1.
[ERROR] RUNTIME(712971,15):2026-01-15-10:30:15.695.116 [api_c.cc:1197]712971 rtMemcpy:ErrCode=107030, desc=[the current capture mode does not support this operation], InnerCode=0x703001c
[ERROR] RUNTIME(712971,15):2026-01-15-10:30:15.695.119 [error_message_manage.cc:53]712971 FuncErrorReason:report error module_type=3, module_name=EE8888
[ERROR] RUNTIME(712971,15):2026-01-15-10:30:15.695.122 [error_message_manage.cc:53]712971 FuncErrorReason:rtMemcpy execute failed, reason=[the current capture mode does not support this operation]
[ERROR] ASCENDCL(712971,15):2026-01-15-10:30:15.695.256 [memory.cpp:437]712971 aclrtMemcpyImpl: synchronized memcpy failed, kind = 1, runtime result = 107030
[ERROR] RUNTIME(712971,15):2026-01-15-10:30:15.998.146 [api_c_stream.cc:412]712971 rtsStreamSetAttribute:report error module_name=EE1001
[ERROR] RUNTIME(712971,15):2026-01-15-10:30:15.998.152 [api_c_stream.cc:412]712971 rtsStreamSetAttribute:Invalid stream attribute ID: 4, Supported stream attribute IDs: [1, 4).
[ERROR] RUNTIME(712971,15):2026-01-15-10:30:15.998.181 [api_c_stream.cc:416]712971 rtsStreamSetAttribute:ErrCode=107000, desc=[invalid value], InnerCode=0x7110001
[ERROR] RUNTIME(712971,15):2026-01-15-10:30:15.998.184 [error_message_manage.cc:48]712971 FuncErrorReason:report error module_name=EE1001
[ERROR] RUNTIME(712971,15):2026-01-15-10:30:15.998.187 [error_message_manage.cc:48]712971 FuncErrorReason:rtsStreamSetAttribute execute failed, reason=[invalid value]
[ERROR] ASCENDCL(712971,15):2026-01-15-10:30:15.998.392 [stream.cpp:299]712971 aclrtSetStreamAttributeImpl: call rtsStreamSetAttribute failed, runtime result = 107000
[ERROR] RUNTIME(712971,15):2026-01-15-10:30:16.075.662 [api_c_stream.cc:412]712971 rtsStreamSetAttribute:report error module_name=EE1001
[ERROR] RUNTIME(712971,15):2026-01-15-10:30:16.075.667 [api_c_stream.cc:412]712971 rtsStreamSetAttribute:Invalid stream attribute ID: 4, Supported stream attribute IDs: [1, 4).
[ERROR] RUNTIME(712971,15):2026-01-15-10:30:16.075.692 [api_c_stream.cc:416]712971 rtsStreamSetAttribute:ErrCode=107000, desc=[invalid value], InnerCode=0x7110001
[ERROR] RUNTIME(712971,15):2026-01-15-10:30:16.075.694 [error_message_manage.cc:48]712971 FuncErrorReason:report error module_name=EE1001
[ERROR] RUNTIME(712971,15):2026-01-15-10:30:16.075.697 [error_message_manage.cc:48]712971 FuncErrorReason:rtsStreamSetAttribute execute failed, reason=[invalid value]
[ERROR] ASCENDCL(712971,15):2026-01-15-10:30:16.075.864 [stream.cpp:299]712971 aclrtSetStreamAttributeImpl: call rtsStreamSetAttribute failed, runtime result = 107000
[ERROR] RUNTIME(712971,15):2026-01-15-10:30:16.701.570 [api_error.cc:1519]712971 MemCopySync:Memory copy sync failed, cnt=416, kind=1.
[ERROR] RUNTIME(712971,15):2026-01-15-10:30:16.701.579 [api_c.cc:1197]712971 rtMemcpy:ErrCode=107030, desc=[the current capture mode does not support this operation], InnerCode=0x703001c
[ERROR] RUNTIME(712971,15):2026-01-15-10:30:16.701.582 [error_message_manage.cc:53]712971 FuncErrorReason:report error module_type=3, module_name=EE8888
[ERROR] RUNTIME(712971,15):2026-01-15-10:30:16.701.585 [error_message_manage.cc:53]712971 FuncErrorReason:rtMemcpy execute failed, reason=[the current capture mode does not support this operation]
[ERROR] ASCENDCL(712971,15):2026-01-15-10:30:16.701.846 [memory.cpp:437]712971 aclrtMemcpyImpl: synchronized memcpy failed, kind = 1, runtime result = 107030
[ERROR] RUNTIME(712971,15):2026-01-15-10:30:16.702.883 [api_error.cc:1519]712971 MemCopySync:Memory copy sync failed, cnt=72, kind=1.
[ERROR] RUNTIME(712971,15):2026-01-15-10:30:16.702.891 [api_c.cc:1197]712971 rtMemcpy:ErrCode=107030, desc=[the current capture mode does not support this operation], InnerCode=0x703001c
[ERROR] RUNTIME(712971,15):2026-01-15-10:30:16.702.893 [error_message_manage.cc:53]712971 FuncErrorReason:report error module_type=3, module_name=EE8888
[ERROR] RUNTIME(712971,15):2026-01-15-10:30:16.702.896 [error_message_manage.cc:53]712971 FuncErrorReason:rtMemcpy execute failed, reason=[the current capture mode does not support this operation]
[ERROR] ASCENDCL(712971,15):2026-01-15-10:30:16.703.031 [memory.cpp:437]712971 aclrtMemcpyImpl: synchronized memcpy failed, kind = 1, runtime result = 107030
[ERROR] RUNTIME(712971,15):2026-01-15-10:30:16.973.083 [api_c_stream.cc:412]712971 rtsStreamSetAttribute:report error module_name=EE1001
[ERROR] RUNTIME(712971,15):2026-01-15-10:30:16.973.088 [api_c_stream.cc:412]712971 rtsStreamSetAttribute:Invalid stream attribute ID: 4, Supported stream attribute IDs: [1, 4).
[ERROR] RUNTIME(712971,15):2026-01-15-10:30:16.973.117 [api_c_stream.cc:416]712971 rtsStreamSetAttribute:ErrCode=107000, desc=[invalid value], InnerCode=0x7110001
[ERROR] RUNTIME(712971,15):2026-01-15-10:30:16.973.119 [error_message_manage.cc:48]712971 FuncErrorReason:report error module_name=EE1001
[ERROR] RUNTIME(712971,15):2026-01-15-10:30:16.973.122 [error_message_manage.cc:48]712971 FuncErrorReason:rtsStreamSetAttribute execute failed, reason=[invalid value]
[ERROR] ASCENDCL(712971,15):2026-01-15-10:30:16.973.394 [stream.cpp:299]712971 aclrtSetStreamAttributeImpl: call rtsStreamSetAttribute failed, runtime result = 107000
[ERROR] RUNTIME(712971,15):2026-01-15-10:30:17.049.332 [api_c_stream.cc:412]712971 rtsStreamSetAttribute:report error module_name=EE1001
[ERROR] RUNTIME(712971,15):2026-01-15-10:30:17.049.338 [api_c_stream.cc:412]712971 rtsStreamSetAttribute:Invalid stream attribute ID: 4, Supported stream attribute IDs: [1, 4).
[ERROR] RUNTIME(712971,15):2026-01-15-10:30:17.049.365 [api_c_stream.cc:416]712971 rtsStreamSetAttribute:ErrCode=107000, desc=[invalid value], InnerCode=0x7110001
[ERROR] RUNTIME(712971,15):2026-01-15-10:30:17.049.367 [error_message_manage.cc:48]712971 FuncErrorReason:report error module_name=EE1001
[ERROR] RUNTIME(712971,15):2026-01-15-10:30:17.049.370 [error_message_manage.cc:48]712971 FuncErrorReason:rtsStreamSetAttribute execute failed, reason=[invalid value]
[ERROR] ASCENDCL(712971,15):2026-01-15-10:30:17.049.569 [stream.cpp:299]712971 aclrtSetStreamAttributeImpl: call rtsStreamSetAttribute failed, runtime result = 107000
[ERROR] RUNTIME(712971,15):2026-01-15-10:30:17.695.001 [api_error.cc:1519]712971 MemCopySync:Memory copy sync failed, cnt=416, kind=1.
[ERROR] RUNTIME(712971,15):2026-01-15-10:30:17.695.010 [api_c.cc:1197]712971 rtMemcpy:ErrCode=107030, desc=[the current capture mode does not support this operation], InnerCode=0x703001c
[ERROR] RUNTIME(712971,15):2026-01-15-10:30:17.695.013 [error_message_manage.cc:53]712971 FuncErrorReason:report error module_type=3, module_name=EE8888
[ERROR] RUNTIME(712971,15):2026-01-15-10:30:17.695.016 [error_message_manage.cc:53]712971 FuncErrorReason:rtMemcpy execute failed, reason=[the current capture mode does not support this operation]
[ERROR] ASCENDCL(712971,15):2026-01-15-10:30:17.695.319 [memory.cpp:437]712971 aclrtMemcpyImpl: synchronized memcpy failed, kind = 1, runtime result = 107030
[ERROR] RUNTIME(712971,15):2026-01-15-10:30:17.696.390 [api_error.cc:1519]712971 MemCopySync:Memory copy sync failed, cnt=72, kind=1.
[ERROR] RUNTIME(712971,15):2026-01-15-10:30:17.696.398 [api_c.cc:1197]712971 rtMemcpy:ErrCode=107030, desc=[the current capture mode does not support this operation], InnerCode=0x703001c
[ERROR] RUNTIME(712971,15):2026-01-15-10:30:17.696.401 [error_message_manage.cc:53]712971 FuncErrorReason:report error module_type=3, module_name=EE8888
[ERROR] RUNTIME(712971,15):2026-01-15-10:30:17.696.403 [error_message_manage.cc:53]712971 FuncErrorReason:rtMemcpy execute failed, reason=[the current capture mode does not support this operation]
[ERROR] ASCENDCL(712971,15):2026-01-15-10:30:17.696.565 [memory.cpp:437]712971 aclrtMemcpyImpl: synchronized memcpy failed, kind = 1, runtime result = 107030
[ERROR] RUNTIME(712971,15):2026-01-15-10:30:18.001.988 [api_c_stream.cc:412]712971 rtsStreamSetAttribute:report error module_name=EE1001
[ERROR] RUNTIME(712971,15):2026-01-15-10:30:18.001.993 [api_c_stream.cc:412]712971 rtsStreamSetAttribute:Invalid stream attribute ID: 4, Supported stream attribute IDs: [1, 4).
[ERROR] RUNTIME(712971,15):2026-01-15-10:30:18.002.023 [api_c_stream.cc:416]712971 rtsStreamSetAttribute:ErrCode=107000, desc=[invalid value], InnerCode=0x7110001
[ERROR] RUNTIME(712971,15):2026-01-15-10:30:18.002.026 [error_message_manage.cc:48]712971 FuncErrorReason:report error module_name=EE1001
[ERROR] RUNTIME(712971,15):2026-01-15-10:30:18.002.029 [error_message_manage.cc:48]712971 FuncErrorReason:rtsStreamSetAttribute execute failed, reason=[invalid value]
[ERROR] ASCENDCL(712971,15):2026-01-15-10:30:18.002.262 [stream.cpp:299]712971 aclrtSetStreamAttributeImpl: call rtsStreamSetAttribute failed, runtime result = 107000
