[ERROR] RUNTIME(712964,):2026-01-15-10:28:25.811.251 [api_c_stream.cc:412]712964 rtsStreamSetAttribute:report error module_name=EE1001
[ERROR] RUNTIME(712964,):2026-01-15-10:28:25.811.257 [api_c_stream.cc:412]712964 rtsStreamSetAttribute:Invalid stream attribute ID: 4, Supported stream attribute IDs: [1, 4).
[ERROR] RUNTIME(712964,):2026-01-15-10:28:25.811.288 [api_c_stream.cc:416]712964 rtsStreamSetAttribute:ErrCode=107000, desc=[invalid value], InnerCode=0x7110001
[ERROR] RUNTIME(712964,):2026-01-15-10:28:25.811.291 [error_message_manage.cc:48]712964 FuncErrorReason:report error module_name=EE1001
[ERROR] RUNTIME(712964,):2026-01-15-10:28:25.811.294 [error_message_manage.cc:48]712964 FuncErrorReason:rtsStreamSetAttribute execute failed, reason=[invalid value]
[ERROR] ASCENDCL(712964,):2026-01-15-10:28:25.811.539 [stream.cpp:299]712964 aclrtSetStreamAttributeImpl: call rtsStreamSetAttribute failed, runtime result = 107000
[ERROR] RUNTIME(712964,):2026-01-15-10:28:26.713.702 [api_error.cc:1519]712964 MemCopySync:Memory copy sync failed, cnt=416, kind=1.
[ERROR] RUNTIME(712964,):2026-01-15-10:28:26.713.714 [api_c.cc:1197]712964 rtMemcpy:ErrCode=107030, desc=[the current capture mode does not support this operation], InnerCode=0x703001c
[ERROR] RUNTIME(712964,):2026-01-15-10:28:26.713.717 [error_message_manage.cc:53]712964 FuncErrorReason:report error module_type=3, module_name=EE8888
[ERROR] RUNTIME(712964,):2026-01-15-10:28:26.713.720 [error_message_manage.cc:53]712964 FuncErrorReason:rtMemcpy execute failed, reason=[the current capture mode does not support this operation]
[ERROR] ASCENDCL(712964,):2026-01-15-10:28:26.714.017 [memory.cpp:437]712964 aclrtMemcpyImpl: synchronized memcpy failed, kind = 1, runtime result = 107030
[ERROR] RUNTIME(712964,):2026-01-15-10:28:26.737.737 [api_error.cc:1519]712964 MemCopySync:Memory copy sync failed, cnt=72, kind=1.
[ERROR] RUNTIME(712964,):2026-01-15-10:28:26.737.746 [api_c.cc:1197]712964 rtMemcpy:ErrCode=107030, desc=[the current capture mode does not support this operation], InnerCode=0x703001c
[ERROR] RUNTIME(712964,):2026-01-15-10:28:26.737.749 [error_message_manage.cc:53]712964 FuncErrorReason:report error module_type=3, module_name=EE8888
[ERROR] RUNTIME(712964,):2026-01-15-10:28:26.737.752 [error_message_manage.cc:53]712964 FuncErrorReason:rtMemcpy execute failed, reason=[the current capture mode does not support this operation]
[ERROR] ASCENDCL(712964,):2026-01-15-10:28:26.737.896 [memory.cpp:437]712964 aclrtMemcpyImpl: synchronized memcpy failed, kind = 1, runtime result = 107030
[ERROR] RUNTIME(712964,):2026-01-15-10:28:28.224.622 [api_error.cc:1519]712964 MemCopySync:Memory copy sync failed, cnt=416, kind=1.
[ERROR] RUNTIME(712964,):2026-01-15-10:28:28.224.632 [api_c.cc:1197]712964 rtMemcpy:ErrCode=107030, desc=[the current capture mode does not support this operation], InnerCode=0x703001c
[ERROR] RUNTIME(712964,):2026-01-15-10:28:28.224.635 [error_message_manage.cc:53]712964 FuncErrorReason:report error module_type=3, module_name=EE8888
[ERROR] RUNTIME(712964,):2026-01-15-10:28:28.224.638 [error_message_manage.cc:53]712964 FuncErrorReason:rtMemcpy execute failed, reason=[the current capture mode does not support this operation]
[ERROR] ASCENDCL(712964,):2026-01-15-10:28:28.224.932 [memory.cpp:437]712964 aclrtMemcpyImpl: synchronized memcpy failed, kind = 1, runtime result = 107030
[ERROR] RUNTIME(712964,):2026-01-15-10:28:28.958.571 [api_error.cc:1519]712964 MemCopySync:Memory copy sync failed, cnt=72, kind=1.
[ERROR] RUNTIME(712964,):2026-01-15-10:28:28.958.580 [api_c.cc:1197]712964 rtMemcpy:ErrCode=107030, desc=[the current capture mode does not support this operation], InnerCode=0x703001c
[ERROR] RUNTIME(712964,):2026-01-15-10:28:28.958.583 [error_message_manage.cc:53]712964 FuncErrorReason:report error module_type=3, module_name=EE8888
[ERROR] RUNTIME(712964,):2026-01-15-10:28:28.958.586 [error_message_manage.cc:53]712964 FuncErrorReason:rtMemcpy execute failed, reason=[the current capture mode does not support this operation]
[ERROR] ASCENDCL(712964,):2026-01-15-10:28:28.958.882 [memory.cpp:437]712964 aclrtMemcpyImpl: synchronized memcpy failed, kind = 1, runtime result = 107030
[ERROR] RUNTIME(712964,):2026-01-15-10:28:29.708.951 [api_error.cc:1519]712964 MemCopySync:Memory copy sync failed, cnt=416, kind=1.
[ERROR] RUNTIME(712964,):2026-01-15-10:28:29.708.961 [api_c.cc:1197]712964 rtMemcpy:ErrCode=107030, desc=[the current capture mode does not support this operation], InnerCode=0x703001c
[ERROR] RUNTIME(712964,):2026-01-15-10:28:29.708.964 [error_message_manage.cc:53]712964 FuncErrorReason:report error module_type=3, module_name=EE8888
[ERROR] RUNTIME(712964,):2026-01-15-10:28:29.708.967 [error_message_manage.cc:53]712964 FuncErrorReason:rtMemcpy execute failed, reason=[the current capture mode does not support this operation]
[ERROR] ASCENDCL(712964,):2026-01-15-10:28:29.709.239 [memory.cpp:437]712964 aclrtMemcpyImpl: synchronized memcpy failed, kind = 1, runtime result = 107030
[ERROR] RUNTIME(712964,):2026-01-15-10:28:30.617.618 [api_error.cc:1519]712964 MemCopySync:Memory copy sync failed, cnt=72, kind=1.
[ERROR] RUNTIME(712964,):2026-01-15-10:28:30.617.629 [api_c.cc:1197]712964 rtMemcpy:ErrCode=107030, desc=[the current capture mode does not support this operation], InnerCode=0x703001c
[ERROR] RUNTIME(712964,):2026-01-15-10:28:30.617.632 [error_message_manage.cc:53]712964 FuncErrorReason:report error module_type=3, module_name=EE8888
[ERROR] RUNTIME(712964,):2026-01-15-10:28:30.617.635 [error_message_manage.cc:53]712964 FuncErrorReason:rtMemcpy execute failed, reason=[the current capture mode does not support this operation]
[ERROR] ASCENDCL(712964,):2026-01-15-10:28:30.617.945 [memory.cpp:437]712964 aclrtMemcpyImpl: synchronized memcpy failed, kind = 1, runtime result = 107030
[ERROR] RUNTIME(712964,):2026-01-15-10:28:31.401.350 [api_error.cc:1519]712964 MemCopySync:Memory copy sync failed, cnt=416, kind=1.
[ERROR] RUNTIME(712964,):2026-01-15-10:28:31.401.360 [api_c.cc:1197]712964 rtMemcpy:ErrCode=107030, desc=[the current capture mode does not support this operation], InnerCode=0x703001c
[ERROR] RUNTIME(712964,):2026-01-15-10:28:31.401.363 [error_message_manage.cc:53]712964 FuncErrorReason:report error module_type=3, module_name=EE8888
[ERROR] RUNTIME(712964,):2026-01-15-10:28:31.401.367 [error_message_manage.cc:53]712964 FuncErrorReason:rtMemcpy execute failed, reason=[the current capture mode does not support this operation]
[ERROR] ASCENDCL(712964,):2026-01-15-10:28:31.401.602 [memory.cpp:437]712964 aclrtMemcpyImpl: synchronized memcpy failed, kind = 1, runtime result = 107030
[ERROR] RUNTIME(712964,):2026-01-15-10:28:32.239.405 [api_error.cc:1519]712964 MemCopySync:Memory copy sync failed, cnt=72, kind=1.
[ERROR] RUNTIME(712964,):2026-01-15-10:28:32.239.428 [api_c.cc:1197]712964 rtMemcpy:ErrCode=107030, desc=[the current capture mode does not support this operation], InnerCode=0x703001c
[ERROR] RUNTIME(712964,):2026-01-15-10:28:32.239.431 [error_message_manage.cc:53]712964 FuncErrorReason:report error module_type=3, module_name=EE8888
[ERROR] RUNTIME(712964,):2026-01-15-10:28:32.239.434 [error_message_manage.cc:53]712964 FuncErrorReason:rtMemcpy execute failed, reason=[the current capture mode does not support this operation]
[ERROR] ASCENDCL(712964,):2026-01-15-10:28:32.239.726 [memory.cpp:437]712964 aclrtMemcpyImpl: synchronized memcpy failed, kind = 1, runtime result = 107030
[ERROR] RUNTIME(712964,):2026-01-15-10:28:32.321.444 [api_error.cc:1519]712964 MemCopySync:Memory copy sync failed, cnt=416, kind=1.
[ERROR] RUNTIME(712964,):2026-01-15-10:28:32.321.452 [api_c.cc:1197]712964 rtMemcpy:ErrCode=107030, desc=[the current capture mode does not support this operation], InnerCode=0x703001c
[ERROR] RUNTIME(712964,):2026-01-15-10:28:32.321.455 [error_message_manage.cc:53]712964 FuncErrorReason:report error module_type=3, module_name=EE8888
[ERROR] RUNTIME(712964,):2026-01-15-10:28:32.321.458 [error_message_manage.cc:53]712964 FuncErrorReason:rtMemcpy execute failed, reason=[the current capture mode does not support this operation]
[ERROR] ASCENDCL(712964,):2026-01-15-10:28:32.323.116 [memory.cpp:437]712964 aclrtMemcpyImpl: synchronized memcpy failed, kind = 1, runtime result = 107030
[ERROR] RUNTIME(712964,):2026-01-15-10:28:32.398.595 [api_error.cc:1519]712964 MemCopySync:Memory copy sync failed, cnt=72, kind=1.
[ERROR] RUNTIME(712964,):2026-01-15-10:28:32.398.605 [api_c.cc:1197]712964 rtMemcpy:ErrCode=107030, desc=[the current capture mode does not support this operation], InnerCode=0x703001c
[ERROR] RUNTIME(712964,):2026-01-15-10:28:32.398.607 [error_message_manage.cc:53]712964 FuncErrorReason:report error module_type=3, module_name=EE8888
[ERROR] RUNTIME(712964,):2026-01-15-10:28:32.398.610 [error_message_manage.cc:53]712964 FuncErrorReason:rtMemcpy execute failed, reason=[the current capture mode does not support this operation]
[ERROR] ASCENDCL(712964,):2026-01-15-10:28:32.398.901 [memory.cpp:437]712964 aclrtMemcpyImpl: synchronized memcpy failed, kind = 1, runtime result = 107030
[ERROR] RUNTIME(712964,):2026-01-15-10:28:32.473.908 [api_error.cc:1519]712964 MemCopySync:Memory copy sync failed, cnt=416, kind=1.
[ERROR] RUNTIME(712964,):2026-01-15-10:28:32.473.916 [api_c.cc:1197]712964 rtMemcpy:ErrCode=107030, desc=[the current capture mode does not support this operation], InnerCode=0x703001c
[ERROR] RUNTIME(712964,):2026-01-15-10:28:32.473.918 [error_message_manage.cc:53]712964 FuncErrorReason:report error module_type=3, module_name=EE8888
[ERROR] RUNTIME(712964,):2026-01-15-10:28:32.473.921 [error_message_manage.cc:53]712964 FuncErrorReason:rtMemcpy execute failed, reason=[the current capture mode does not support this operation]
[ERROR] ASCENDCL(712964,):2026-01-15-10:28:32.474.172 [memory.cpp:437]712964 aclrtMemcpyImpl: synchronized memcpy failed, kind = 1, runtime result = 107030
[ERROR] RUNTIME(712964,):2026-01-15-10:28:32.540.151 [api_error.cc:1519]712964 MemCopySync:Memory copy sync failed, cnt=72, kind=1.
[ERROR] RUNTIME(712964,):2026-01-15-10:28:32.540.160 [api_c.cc:1197]712964 rtMemcpy:ErrCode=107030, desc=[the current capture mode does not support this operation], InnerCode=0x703001c
[ERROR] RUNTIME(712964,):2026-01-15-10:28:32.540.162 [error_message_manage.cc:53]712964 FuncErrorReason:report error module_type=3, module_name=EE8888
[ERROR] RUNTIME(712964,):2026-01-15-10:28:32.540.165 [error_message_manage.cc:53]712964 FuncErrorReason:rtMemcpy execute failed, reason=[the current capture mode does not support this operation]
[ERROR] ASCENDCL(712964,):2026-01-15-10:28:32.540.382 [memory.cpp:437]712964 aclrtMemcpyImpl: synchronized memcpy failed, kind = 1, runtime result = 107030
[ERROR] RUNTIME(712964,):2026-01-15-10:28:32.673.512 [api_error.cc:1519]712964 MemCopySync:Memory copy sync failed, cnt=416, kind=1.
[ERROR] RUNTIME(712964,):2026-01-15-10:28:32.673.521 [api_c.cc:1197]712964 rtMemcpy:ErrCode=107030, desc=[the current capture mode does not support this operation], InnerCode=0x703001c
[ERROR] RUNTIME(712964,):2026-01-15-10:28:32.673.524 [error_message_manage.cc:53]712964 FuncErrorReason:report error module_type=3, module_name=EE8888
[ERROR] RUNTIME(712964,):2026-01-15-10:28:32.673.527 [error_message_manage.cc:53]712964 FuncErrorReason:rtMemcpy execute failed, reason=[the current capture mode does not support this operation]
[ERROR] ASCENDCL(712964,):2026-01-15-10:28:32.673.817 [memory.cpp:437]712964 aclrtMemcpyImpl: synchronized memcpy failed, kind = 1, runtime result = 107030
[ERROR] RUNTIME(712964,):2026-01-15-10:28:32.742.558 [api_error.cc:1519]712964 MemCopySync:Memory copy sync failed, cnt=72, kind=1.
[ERROR] RUNTIME(712964,):2026-01-15-10:28:32.742.566 [api_c.cc:1197]712964 rtMemcpy:ErrCode=107030, desc=[the current capture mode does not support this operation], InnerCode=0x703001c
[ERROR] RUNTIME(712964,):2026-01-15-10:28:32.742.568 [error_message_manage.cc:53]712964 FuncErrorReason:report error module_type=3, module_name=EE8888
[ERROR] RUNTIME(712964,):2026-01-15-10:28:32.742.571 [error_message_manage.cc:53]712964 FuncErrorReason:rtMemcpy execute failed, reason=[the current capture mode does not support this operation]
[ERROR] ASCENDCL(712964,):2026-01-15-10:28:32.742.820 [memory.cpp:437]712964 aclrtMemcpyImpl: synchronized memcpy failed, kind = 1, runtime result = 107030
[ERROR] RUNTIME(712964,):2026-01-15-10:28:32.820.478 [api_error.cc:1519]712964 MemCopySync:Memory copy sync failed, cnt=416, kind=1.
[ERROR] RUNTIME(712964,):2026-01-15-10:28:32.820.487 [api_c.cc:1197]712964 rtMemcpy:ErrCode=107030, desc=[the current capture mode does not support this operation], InnerCode=0x703001c
[ERROR] RUNTIME(712964,):2026-01-15-10:28:32.820.490 [error_message_manage.cc:53]712964 FuncErrorReason:report error module_type=3, module_name=EE8888
[ERROR] RUNTIME(712964,):2026-01-15-10:28:32.820.493 [error_message_manage.cc:53]712964 FuncErrorReason:rtMemcpy execute failed, reason=[the current capture mode does not support this operation]
[ERROR] ASCENDCL(712964,):2026-01-15-10:28:32.820.781 [memory.cpp:437]712964 aclrtMemcpyImpl: synchronized memcpy failed, kind = 1, runtime result = 107030
[ERROR] RUNTIME(712964,):2026-01-15-10:28:32.896.724 [api_error.cc:1519]712964 MemCopySync:Memory copy sync failed, cnt=72, kind=1.
[ERROR] RUNTIME(712964,):2026-01-15-10:28:32.896.732 [api_c.cc:1197]712964 rtMemcpy:ErrCode=107030, desc=[the current capture mode does not support this operation], InnerCode=0x703001c
[ERROR] RUNTIME(712964,):2026-01-15-10:28:32.896.735 [error_message_manage.cc:53]712964 FuncErrorReason:report error module_type=3, module_name=EE8888
[ERROR] RUNTIME(712964,):2026-01-15-10:28:32.896.737 [error_message_manage.cc:53]712964 FuncErrorReason:rtMemcpy execute failed, reason=[the current capture mode does not support this operation]
[ERROR] ASCENDCL(712964,):2026-01-15-10:28:32.896.959 [memory.cpp:437]712964 aclrtMemcpyImpl: synchronized memcpy failed, kind = 1, runtime result = 107030
[ERROR] RUNTIME(712964,):2026-01-15-10:28:32.970.312 [api_error.cc:1519]712964 MemCopySync:Memory copy sync failed, cnt=416, kind=1.
[ERROR] RUNTIME(712964,):2026-01-15-10:28:32.970.320 [api_c.cc:1197]712964 rtMemcpy:ErrCode=107030, desc=[the current capture mode does not support this operation], InnerCode=0x703001c
[ERROR] RUNTIME(712964,):2026-01-15-10:28:32.970.323 [error_message_manage.cc:53]712964 FuncErrorReason:report error module_type=3, module_name=EE8888
[ERROR] RUNTIME(712964,):2026-01-15-10:28:32.970.325 [error_message_manage.cc:53]712964 FuncErrorReason:rtMemcpy execute failed, reason=[the current capture mode does not support this operation]
[ERROR] ASCENDCL(712964,):2026-01-15-10:28:32.970.541 [memory.cpp:437]712964 aclrtMemcpyImpl: synchronized memcpy failed, kind = 1, runtime result = 107030
[ERROR] RUNTIME(712964,):2026-01-15-10:28:33.038.129 [api_error.cc:1519]712964 MemCopySync:Memory copy sync failed, cnt=72, kind=1.
[ERROR] RUNTIME(712964,):2026-01-15-10:28:33.038.136 [api_c.cc:1197]712964 rtMemcpy:ErrCode=107030, desc=[the current capture mode does not support this operation], InnerCode=0x703001c
[ERROR] RUNTIME(712964,):2026-01-15-10:28:33.038.139 [error_message_manage.cc:53]712964 FuncErrorReason:report error module_type=3, module_name=EE8888
[ERROR] RUNTIME(712964,):2026-01-15-10:28:33.038.142 [error_message_manage.cc:53]712964 FuncErrorReason:rtMemcpy execute failed, reason=[the current capture mode does not support this operation]
[ERROR] ASCENDCL(712964,):2026-01-15-10:28:33.038.336 [memory.cpp:437]712964 aclrtMemcpyImpl: synchronized memcpy failed, kind = 1, runtime result = 107030
[ERROR] RUNTIME(712964,):2026-01-15-10:28:33.112.866 [api_error.cc:1519]712964 MemCopySync:Memory copy sync failed, cnt=416, kind=1.
[ERROR] RUNTIME(712964,):2026-01-15-10:28:33.112.874 [api_c.cc:1197]712964 rtMemcpy:ErrCode=107030, desc=[the current capture mode does not support this operation], InnerCode=0x703001c
[ERROR] RUNTIME(712964,):2026-01-15-10:28:33.112.877 [error_message_manage.cc:53]712964 FuncErrorReason:report error module_type=3, module_name=EE8888
[ERROR] RUNTIME(712964,):2026-01-15-10:28:33.112.880 [error_message_manage.cc:53]712964 FuncErrorReason:rtMemcpy execute failed, reason=[the current capture mode does not support this operation]
[ERROR] ASCENDCL(712964,):2026-01-15-10:28:33.113.076 [memory.cpp:437]712964 aclrtMemcpyImpl: synchronized memcpy failed, kind = 1, runtime result = 107030
[ERROR] RUNTIME(712964,):2026-01-15-10:28:33.183.159 [api_error.cc:1519]712964 MemCopySync:Memory copy sync failed, cnt=72, kind=1.
[ERROR] RUNTIME(712964,):2026-01-15-10:28:33.183.167 [api_c.cc:1197]712964 rtMemcpy:ErrCode=107030, desc=[the current capture mode does not support this operation], InnerCode=0x703001c
[ERROR] RUNTIME(712964,):2026-01-15-10:28:33.183.169 [error_message_manage.cc:53]712964 FuncErrorReason:report error module_type=3, module_name=EE8888
[ERROR] RUNTIME(712964,):2026-01-15-10:28:33.183.172 [error_message_manage.cc:53]712964 FuncErrorReason:rtMemcpy execute failed, reason=[the current capture mode does not support this operation]
[ERROR] ASCENDCL(712964,):2026-01-15-10:28:33.183.386 [memory.cpp:437]712964 aclrtMemcpyImpl: synchronized memcpy failed, kind = 1, runtime result = 107030
[ERROR] RUNTIME(712964,):2026-01-15-10:28:33.258.032 [api_error.cc:1519]712964 MemCopySync:Memory copy sync failed, cnt=416, kind=1.
[ERROR] RUNTIME(712964,):2026-01-15-10:28:33.258.040 [api_c.cc:1197]712964 rtMemcpy:ErrCode=107030, desc=[the current capture mode does not support this operation], InnerCode=0x703001c
[ERROR] RUNTIME(712964,):2026-01-15-10:28:33.258.043 [error_message_manage.cc:53]712964 FuncErrorReason:report error module_type=3, module_name=EE8888
[ERROR] RUNTIME(712964,):2026-01-15-10:28:33.258.046 [error_message_manage.cc:53]712964 FuncErrorReason:rtMemcpy execute failed, reason=[the current capture mode does not support this operation]
[ERROR] ASCENDCL(712964,):2026-01-15-10:28:33.258.239 [memory.cpp:437]712964 aclrtMemcpyImpl: synchronized memcpy failed, kind = 1, runtime result = 107030
[ERROR] RUNTIME(712964,):2026-01-15-10:28:33.329.075 [api_error.cc:1519]712964 MemCopySync:Memory copy sync failed, cnt=72, kind=1.
[ERROR] RUNTIME(712964,):2026-01-15-10:28:33.329.083 [api_c.cc:1197]712964 rtMemcpy:ErrCode=107030, desc=[the current capture mode does not support this operation], InnerCode=0x703001c
[ERROR] RUNTIME(712964,):2026-01-15-10:28:33.329.086 [error_message_manage.cc:53]712964 FuncErrorReason:report error module_type=3, module_name=EE8888
[ERROR] RUNTIME(712964,):2026-01-15-10:28:33.329.089 [error_message_manage.cc:53]712964 FuncErrorReason:rtMemcpy execute failed, reason=[the current capture mode does not support this operation]
[ERROR] ASCENDCL(712964,):2026-01-15-10:28:33.329.276 [memory.cpp:437]712964 aclrtMemcpyImpl: synchronized memcpy failed, kind = 1, runtime result = 107030
[ERROR] RUNTIME(712964,):2026-01-15-10:28:33.404.993 [api_error.cc:1519]712964 MemCopySync:Memory copy sync failed, cnt=416, kind=1.
[ERROR] RUNTIME(712964,):2026-01-15-10:28:33.405.001 [api_c.cc:1197]712964 rtMemcpy:ErrCode=107030, desc=[the current capture mode does not support this operation], InnerCode=0x703001c
[ERROR] RUNTIME(712964,):2026-01-15-10:28:33.405.004 [error_message_manage.cc:53]712964 FuncErrorReason:report error module_type=3, module_name=EE8888
[ERROR] RUNTIME(712964,):2026-01-15-10:28:33.405.007 [error_message_manage.cc:53]712964 FuncErrorReason:rtMemcpy execute failed, reason=[the current capture mode does not support this operation]
[ERROR] ASCENDCL(712964,):2026-01-15-10:28:33.405.234 [memory.cpp:437]712964 aclrtMemcpyImpl: synchronized memcpy failed, kind = 1, runtime result = 107030
[ERROR] RUNTIME(712964,):2026-01-15-10:28:33.480.883 [api_error.cc:1519]712964 MemCopySync:Memory copy sync failed, cnt=72, kind=1.
[ERROR] RUNTIME(712964,):2026-01-15-10:28:33.480.891 [api_c.cc:1197]712964 rtMemcpy:ErrCode=107030, desc=[the current capture mode does not support this operation], InnerCode=0x703001c
[ERROR] RUNTIME(712964,):2026-01-15-10:28:33.480.893 [error_message_manage.cc:53]712964 FuncErrorReason:report error module_type=3, module_name=EE8888
[ERROR] RUNTIME(712964,):2026-01-15-10:28:33.480.896 [error_message_manage.cc:53]712964 FuncErrorReason:rtMemcpy execute failed, reason=[the current capture mode does not support this operation]
[ERROR] ASCENDCL(712964,):2026-01-15-10:28:33.481.098 [memory.cpp:437]712964 aclrtMemcpyImpl: synchronized memcpy failed, kind = 1, runtime result = 107030
[ERROR] RUNTIME(712964,):2026-01-15-10:28:33.558.187 [api_error.cc:1519]712964 MemCopySync:Memory copy sync failed, cnt=416, kind=1.
[ERROR] RUNTIME(712964,):2026-01-15-10:28:33.558.195 [api_c.cc:1197]712964 rtMemcpy:ErrCode=107030, desc=[the current capture mode does not support this operation], InnerCode=0x703001c
[ERROR] RUNTIME(712964,):2026-01-15-10:28:33.558.198 [error_message_manage.cc:53]712964 FuncErrorReason:report error module_type=3, module_name=EE8888
[ERROR] RUNTIME(712964,):2026-01-15-10:28:33.558.201 [error_message_manage.cc:53]712964 FuncErrorReason:rtMemcpy execute failed, reason=[the current capture mode does not support this operation]
[ERROR] ASCENDCL(712964,):2026-01-15-10:28:33.558.388 [memory.cpp:437]712964 aclrtMemcpyImpl: synchronized memcpy failed, kind = 1, runtime result = 107030
[ERROR] RUNTIME(712964,):2026-01-15-10:28:33.631.050 [api_error.cc:1519]712964 MemCopySync:Memory copy sync failed, cnt=72, kind=1.
[ERROR] RUNTIME(712964,):2026-01-15-10:28:33.631.058 [api_c.cc:1197]712964 rtMemcpy:ErrCode=107030, desc=[the current capture mode does not support this operation], InnerCode=0x703001c
[ERROR] RUNTIME(712964,):2026-01-15-10:28:33.631.060 [error_message_manage.cc:53]712964 FuncErrorReason:report error module_type=3, module_name=EE8888
[ERROR] RUNTIME(712964,):2026-01-15-10:28:33.631.063 [error_message_manage.cc:53]712964 FuncErrorReason:rtMemcpy execute failed, reason=[the current capture mode does not support this operation]
[ERROR] ASCENDCL(712964,):2026-01-15-10:28:33.631.310 [memory.cpp:437]712964 aclrtMemcpyImpl: synchronized memcpy failed, kind = 1, runtime result = 107030
[ERROR] RUNTIME(712964,):2026-01-15-10:28:33.709.670 [api_error.cc:1519]712964 MemCopySync:Memory copy sync failed, cnt=416, kind=1.
[ERROR] RUNTIME(712964,):2026-01-15-10:28:33.709.678 [api_c.cc:1197]712964 rtMemcpy:ErrCode=107030, desc=[the current capture mode does not support this operation], InnerCode=0x703001c
[ERROR] RUNTIME(712964,):2026-01-15-10:28:33.709.680 [error_message_manage.cc:53]712964 FuncErrorReason:report error module_type=3, module_name=EE8888
[ERROR] RUNTIME(712964,):2026-01-15-10:28:33.709.683 [error_message_manage.cc:53]712964 FuncErrorReason:rtMemcpy execute failed, reason=[the current capture mode does not support this operation]
[ERROR] ASCENDCL(712964,):2026-01-15-10:28:33.709.877 [memory.cpp:437]712964 aclrtMemcpyImpl: synchronized memcpy failed, kind = 1, runtime result = 107030
[ERROR] RUNTIME(712964,):2026-01-15-10:28:33.782.076 [api_error.cc:1519]712964 MemCopySync:Memory copy sync failed, cnt=72, kind=1.
[ERROR] RUNTIME(712964,):2026-01-15-10:28:33.782.085 [api_c.cc:1197]712964 rtMemcpy:ErrCode=107030, desc=[the current capture mode does not support this operation], InnerCode=0x703001c
[ERROR] RUNTIME(712964,):2026-01-15-10:28:33.782.087 [error_message_manage.cc:53]712964 FuncErrorReason:report error module_type=3, module_name=EE8888
[ERROR] RUNTIME(712964,):2026-01-15-10:28:33.782.090 [error_message_manage.cc:53]712964 FuncErrorReason:rtMemcpy execute failed, reason=[the current capture mode does not support this operation]
[ERROR] ASCENDCL(712964,):2026-01-15-10:28:33.782.376 [memory.cpp:437]712964 aclrtMemcpyImpl: synchronized memcpy failed, kind = 1, runtime result = 107030
[ERROR] RUNTIME(712964,):2026-01-15-10:28:33.861.588 [api_error.cc:1519]712964 MemCopySync:Memory copy sync failed, cnt=416, kind=1.
[ERROR] RUNTIME(712964,):2026-01-15-10:28:33.861.597 [api_c.cc:1197]712964 rtMemcpy:ErrCode=107030, desc=[the current capture mode does not support this operation], InnerCode=0x703001c
[ERROR] RUNTIME(712964,):2026-01-15-10:28:33.861.599 [error_message_manage.cc:53]712964 FuncErrorReason:report error module_type=3, module_name=EE8888
[ERROR] RUNTIME(712964,):2026-01-15-10:28:33.861.602 [error_message_manage.cc:53]712964 FuncErrorReason:rtMemcpy execute failed, reason=[the current capture mode does not support this operation]
[ERROR] ASCENDCL(712964,):2026-01-15-10:28:33.861.844 [memory.cpp:437]712964 aclrtMemcpyImpl: synchronized memcpy failed, kind = 1, runtime result = 107030
[ERROR] RUNTIME(712964,):2026-01-15-10:28:33.932.879 [api_error.cc:1519]712964 MemCopySync:Memory copy sync failed, cnt=72, kind=1.
[ERROR] RUNTIME(712964,):2026-01-15-10:28:33.932.887 [api_c.cc:1197]712964 rtMemcpy:ErrCode=107030, desc=[the current capture mode does not support this operation], InnerCode=0x703001c
[ERROR] RUNTIME(712964,):2026-01-15-10:28:33.932.890 [error_message_manage.cc:53]712964 FuncErrorReason:report error module_type=3, module_name=EE8888
[ERROR] RUNTIME(712964,):2026-01-15-10:28:33.932.893 [error_message_manage.cc:53]712964 FuncErrorReason:rtMemcpy execute failed, reason=[the current capture mode does not support this operation]
[ERROR] ASCENDCL(712964,):2026-01-15-10:28:33.933.076 [memory.cpp:437]712964 aclrtMemcpyImpl: synchronized memcpy failed, kind = 1, runtime result = 107030
[ERROR] RUNTIME(712964,):2026-01-15-10:28:34.008.748 [api_error.cc:1519]712964 MemCopySync:Memory copy sync failed, cnt=416, kind=1.
[ERROR] RUNTIME(712964,):2026-01-15-10:28:34.008.756 [api_c.cc:1197]712964 rtMemcpy:ErrCode=107030, desc=[the current capture mode does not support this operation], InnerCode=0x703001c
[ERROR] RUNTIME(712964,):2026-01-15-10:28:34.008.759 [error_message_manage.cc:53]712964 FuncErrorReason:report error module_type=3, module_name=EE8888
[ERROR] RUNTIME(712964,):2026-01-15-10:28:34.008.762 [error_message_manage.cc:53]712964 FuncErrorReason:rtMemcpy execute failed, reason=[the current capture mode does not support this operation]
[ERROR] ASCENDCL(712964,):2026-01-15-10:28:34.009.034 [memory.cpp:437]712964 aclrtMemcpyImpl: synchronized memcpy failed, kind = 1, runtime result = 107030
[ERROR] RUNTIME(712964,):2026-01-15-10:28:34.081.117 [api_error.cc:1519]712964 MemCopySync:Memory copy sync failed, cnt=72, kind=1.
[ERROR] RUNTIME(712964,):2026-01-15-10:28:34.081.125 [api_c.cc:1197]712964 rtMemcpy:ErrCode=107030, desc=[the current capture mode does not support this operation], InnerCode=0x703001c
[ERROR] RUNTIME(712964,):2026-01-15-10:28:34.081.128 [error_message_manage.cc:53]712964 FuncErrorReason:report error module_type=3, module_name=EE8888
[ERROR] RUNTIME(712964,):2026-01-15-10:28:34.081.130 [error_message_manage.cc:53]712964 FuncErrorReason:rtMemcpy execute failed, reason=[the current capture mode does not support this operation]
[ERROR] ASCENDCL(712964,):2026-01-15-10:28:34.081.331 [memory.cpp:437]712964 aclrtMemcpyImpl: synchronized memcpy failed, kind = 1, runtime result = 107030
[ERROR] RUNTIME(712964,):2026-01-15-10:28:34.154.333 [api_error.cc:1519]712964 MemCopySync:Memory copy sync failed, cnt=416, kind=1.
[ERROR] RUNTIME(712964,):2026-01-15-10:28:34.154.341 [api_c.cc:1197]712964 rtMemcpy:ErrCode=107030, desc=[the current capture mode does not support this operation], InnerCode=0x703001c
[ERROR] RUNTIME(712964,):2026-01-15-10:28:34.154.344 [error_message_manage.cc:53]712964 FuncErrorReason:report error module_type=3, module_name=EE8888
[ERROR] RUNTIME(712964,):2026-01-15-10:28:34.154.347 [error_message_manage.cc:53]712964 FuncErrorReason:rtMemcpy execute failed, reason=[the current capture mode does not support this operation]
[ERROR] ASCENDCL(712964,):2026-01-15-10:28:34.154.550 [memory.cpp:437]712964 aclrtMemcpyImpl: synchronized memcpy failed, kind = 1, runtime result = 107030
[ERROR] RUNTIME(712964,):2026-01-15-10:28:34.224.672 [api_error.cc:1519]712964 MemCopySync:Memory copy sync failed, cnt=72, kind=1.
[ERROR] RUNTIME(712964,):2026-01-15-10:28:34.224.681 [api_c.cc:1197]712964 rtMemcpy:ErrCode=107030, desc=[the current capture mode does not support this operation], InnerCode=0x703001c
[ERROR] RUNTIME(712964,):2026-01-15-10:28:34.224.683 [error_message_manage.cc:53]712964 FuncErrorReason:report error module_type=3, module_name=EE8888
[ERROR] RUNTIME(712964,):2026-01-15-10:28:34.224.686 [error_message_manage.cc:53]712964 FuncErrorReason:rtMemcpy execute failed, reason=[the current capture mode does not support this operation]
[ERROR] ASCENDCL(712964,):2026-01-15-10:28:34.224.953 [memory.cpp:437]712964 aclrtMemcpyImpl: synchronized memcpy failed, kind = 1, runtime result = 107030
[ERROR] RUNTIME(712964,):2026-01-15-10:28:34.300.439 [api_error.cc:1519]712964 MemCopySync:Memory copy sync failed, cnt=416, kind=1.
[ERROR] RUNTIME(712964,):2026-01-15-10:28:34.300.448 [api_c.cc:1197]712964 rtMemcpy:ErrCode=107030, desc=[the current capture mode does not support this operation], InnerCode=0x703001c
[ERROR] RUNTIME(712964,):2026-01-15-10:28:34.300.450 [error_message_manage.cc:53]712964 FuncErrorReason:report error module_type=3, module_name=EE8888
[ERROR] RUNTIME(712964,):2026-01-15-10:28:34.300.453 [error_message_manage.cc:53]712964 FuncErrorReason:rtMemcpy execute failed, reason=[the current capture mode does not support this operation]
[ERROR] ASCENDCL(712964,):2026-01-15-10:28:34.300.673 [memory.cpp:437]712964 aclrtMemcpyImpl: synchronized memcpy failed, kind = 1, runtime result = 107030
[ERROR] RUNTIME(712964,):2026-01-15-10:28:34.374.241 [api_error.cc:1519]712964 MemCopySync:Memory copy sync failed, cnt=72, kind=1.
[ERROR] RUNTIME(712964,):2026-01-15-10:28:34.374.250 [api_c.cc:1197]712964 rtMemcpy:ErrCode=107030, desc=[the current capture mode does not support this operation], InnerCode=0x703001c
[ERROR] RUNTIME(712964,):2026-01-15-10:28:34.374.253 [error_message_manage.cc:53]712964 FuncErrorReason:report error module_type=3, module_name=EE8888
[ERROR] RUNTIME(712964,):2026-01-15-10:28:34.374.256 [error_message_manage.cc:53]712964 FuncErrorReason:rtMemcpy execute failed, reason=[the current capture mode does not support this operation]
[ERROR] ASCENDCL(712964,):2026-01-15-10:28:34.374.514 [memory.cpp:437]712964 aclrtMemcpyImpl: synchronized memcpy failed, kind = 1, runtime result = 107030
[ERROR] RUNTIME(712964,):2026-01-15-10:28:34.451.533 [api_error.cc:1519]712964 MemCopySync:Memory copy sync failed, cnt=416, kind=1.
[ERROR] RUNTIME(712964,):2026-01-15-10:28:34.451.541 [api_c.cc:1197]712964 rtMemcpy:ErrCode=107030, desc=[the current capture mode does not support this operation], InnerCode=0x703001c
[ERROR] RUNTIME(712964,):2026-01-15-10:28:34.451.544 [error_message_manage.cc:53]712964 FuncErrorReason:report error module_type=3, module_name=EE8888
[ERROR] RUNTIME(712964,):2026-01-15-10:28:34.451.547 [error_message_manage.cc:53]712964 FuncErrorReason:rtMemcpy execute failed, reason=[the current capture mode does not support this operation]
[ERROR] ASCENDCL(712964,):2026-01-15-10:28:34.451.771 [memory.cpp:437]712964 aclrtMemcpyImpl: synchronized memcpy failed, kind = 1, runtime result = 107030
[ERROR] RUNTIME(712964,):2026-01-15-10:28:34.525.682 [api_error.cc:1519]712964 MemCopySync:Memory copy sync failed, cnt=72, kind=1.
[ERROR] RUNTIME(712964,):2026-01-15-10:28:34.525.690 [api_c.cc:1197]712964 rtMemcpy:ErrCode=107030, desc=[the current capture mode does not support this operation], InnerCode=0x703001c
[ERROR] RUNTIME(712964,):2026-01-15-10:28:34.525.692 [error_message_manage.cc:53]712964 FuncErrorReason:report error module_type=3, module_name=EE8888
[ERROR] RUNTIME(712964,):2026-01-15-10:28:34.525.695 [error_message_manage.cc:53]712964 FuncErrorReason:rtMemcpy execute failed, reason=[the current capture mode does not support this operation]
[ERROR] ASCENDCL(712964,):2026-01-15-10:28:34.525.974 [memory.cpp:437]712964 aclrtMemcpyImpl: synchronized memcpy failed, kind = 1, runtime result = 107030
[ERROR] RUNTIME(712964,):2026-01-15-10:28:34.603.822 [api_error.cc:1519]712964 MemCopySync:Memory copy sync failed, cnt=416, kind=1.
[ERROR] RUNTIME(712964,):2026-01-15-10:28:34.603.830 [api_c.cc:1197]712964 rtMemcpy:ErrCode=107030, desc=[the current capture mode does not support this operation], InnerCode=0x703001c
[ERROR] RUNTIME(712964,):2026-01-15-10:28:34.603.833 [error_message_manage.cc:53]712964 FuncErrorReason:report error module_type=3, module_name=EE8888
[ERROR] RUNTIME(712964,):2026-01-15-10:28:34.603.836 [error_message_manage.cc:53]712964 FuncErrorReason:rtMemcpy execute failed, reason=[the current capture mode does not support this operation]
[ERROR] ASCENDCL(712964,):2026-01-15-10:28:34.604.197 [memory.cpp:437]712964 aclrtMemcpyImpl: synchronized memcpy failed, kind = 1, runtime result = 107030
[ERROR] RUNTIME(712964,):2026-01-15-10:28:34.681.142 [api_error.cc:1519]712964 MemCopySync:Memory copy sync failed, cnt=72, kind=1.
[ERROR] RUNTIME(712964,):2026-01-15-10:28:34.681.150 [api_c.cc:1197]712964 rtMemcpy:ErrCode=107030, desc=[the current capture mode does not support this operation], InnerCode=0x703001c
[ERROR] RUNTIME(712964,):2026-01-15-10:28:34.681.152 [error_message_manage.cc:53]712964 FuncErrorReason:report error module_type=3, module_name=EE8888
[ERROR] RUNTIME(712964,):2026-01-15-10:28:34.681.155 [error_message_manage.cc:53]712964 FuncErrorReason:rtMemcpy execute failed, reason=[the current capture mode does not support this operation]
[ERROR] ASCENDCL(712964,):2026-01-15-10:28:34.681.395 [memory.cpp:437]712964 aclrtMemcpyImpl: synchronized memcpy failed, kind = 1, runtime result = 107030
[ERROR] RUNTIME(712964,):2026-01-15-10:28:34.753.336 [api_error.cc:1519]712964 MemCopySync:Memory copy sync failed, cnt=416, kind=1.
[ERROR] RUNTIME(712964,):2026-01-15-10:28:34.753.344 [api_c.cc:1197]712964 rtMemcpy:ErrCode=107030, desc=[the current capture mode does not support this operation], InnerCode=0x703001c
[ERROR] RUNTIME(712964,):2026-01-15-10:28:34.753.347 [error_message_manage.cc:53]712964 FuncErrorReason:report error module_type=3, module_name=EE8888
[ERROR] RUNTIME(712964,):2026-01-15-10:28:34.753.349 [error_message_manage.cc:53]712964 FuncErrorReason:rtMemcpy execute failed, reason=[the current capture mode does not support this operation]
[ERROR] ASCENDCL(712964,):2026-01-15-10:28:34.753.564 [memory.cpp:437]712964 aclrtMemcpyImpl: synchronized memcpy failed, kind = 1, runtime result = 107030
[ERROR] RUNTIME(712964,):2026-01-15-10:28:34.822.017 [api_error.cc:1519]712964 MemCopySync:Memory copy sync failed, cnt=72, kind=1.
[ERROR] RUNTIME(712964,):2026-01-15-10:28:34.822.026 [api_c.cc:1197]712964 rtMemcpy:ErrCode=107030, desc=[the current capture mode does not support this operation], InnerCode=0x703001c
[ERROR] RUNTIME(712964,):2026-01-15-10:28:34.822.029 [error_message_manage.cc:53]712964 FuncErrorReason:report error module_type=3, module_name=EE8888
[ERROR] RUNTIME(712964,):2026-01-15-10:28:34.822.032 [error_message_manage.cc:53]712964 FuncErrorReason:rtMemcpy execute failed, reason=[the current capture mode does not support this operation]
[ERROR] ASCENDCL(712964,):2026-01-15-10:28:34.822.280 [memory.cpp:437]712964 aclrtMemcpyImpl: synchronized memcpy failed, kind = 1, runtime result = 107030
[ERROR] RUNTIME(712964,):2026-01-15-10:28:34.896.345 [api_error.cc:1519]712964 MemCopySync:Memory copy sync failed, cnt=416, kind=1.
[ERROR] RUNTIME(712964,):2026-01-15-10:28:34.896.353 [api_c.cc:1197]712964 rtMemcpy:ErrCode=107030, desc=[the current capture mode does not support this operation], InnerCode=0x703001c
[ERROR] RUNTIME(712964,):2026-01-15-10:28:34.896.356 [error_message_manage.cc:53]712964 FuncErrorReason:report error module_type=3, module_name=EE8888
[ERROR] RUNTIME(712964,):2026-01-15-10:28:34.896.358 [error_message_manage.cc:53]712964 FuncErrorReason:rtMemcpy execute failed, reason=[the current capture mode does not support this operation]
[ERROR] ASCENDCL(712964,):2026-01-15-10:28:34.896.564 [memory.cpp:437]712964 aclrtMemcpyImpl: synchronized memcpy failed, kind = 1, runtime result = 107030
[ERROR] RUNTIME(712964,):2026-01-15-10:28:34.966.860 [api_error.cc:1519]712964 MemCopySync:Memory copy sync failed, cnt=72, kind=1.
[ERROR] RUNTIME(712964,):2026-01-15-10:28:34.966.868 [api_c.cc:1197]712964 rtMemcpy:ErrCode=107030, desc=[the current capture mode does not support this operation], InnerCode=0x703001c
[ERROR] RUNTIME(712964,):2026-01-15-10:28:34.966.871 [error_message_manage.cc:53]712964 FuncErrorReason:report error module_type=3, module_name=EE8888
[ERROR] RUNTIME(712964,):2026-01-15-10:28:34.966.874 [error_message_manage.cc:53]712964 FuncErrorReason:rtMemcpy execute failed, reason=[the current capture mode does not support this operation]
[ERROR] ASCENDCL(712964,):2026-01-15-10:28:34.967.119 [memory.cpp:437]712964 aclrtMemcpyImpl: synchronized memcpy failed, kind = 1, runtime result = 107030
[ERROR] RUNTIME(712964,):2026-01-15-10:28:35.042.498 [api_error.cc:1519]712964 MemCopySync:Memory copy sync failed, cnt=416, kind=1.
[ERROR] RUNTIME(712964,):2026-01-15-10:28:35.042.507 [api_c.cc:1197]712964 rtMemcpy:ErrCode=107030, desc=[the current capture mode does not support this operation], InnerCode=0x703001c
[ERROR] RUNTIME(712964,):2026-01-15-10:28:35.042.509 [error_message_manage.cc:53]712964 FuncErrorReason:report error module_type=3, module_name=EE8888
[ERROR] RUNTIME(712964,):2026-01-15-10:28:35.042.512 [error_message_manage.cc:53]712964 FuncErrorReason:rtMemcpy execute failed, reason=[the current capture mode does not support this operation]
[ERROR] ASCENDCL(712964,):2026-01-15-10:28:35.042.772 [memory.cpp:437]712964 aclrtMemcpyImpl: synchronized memcpy failed, kind = 1, runtime result = 107030
[ERROR] RUNTIME(712964,):2026-01-15-10:28:35.109.910 [api_error.cc:1519]712964 MemCopySync:Memory copy sync failed, cnt=72, kind=1.
[ERROR] RUNTIME(712964,):2026-01-15-10:28:35.109.918 [api_c.cc:1197]712964 rtMemcpy:ErrCode=107030, desc=[the current capture mode does not support this operation], InnerCode=0x703001c
[ERROR] RUNTIME(712964,):2026-01-15-10:28:35.109.920 [error_message_manage.cc:53]712964 FuncErrorReason:report error module_type=3, module_name=EE8888
[ERROR] RUNTIME(712964,):2026-01-15-10:28:35.109.923 [error_message_manage.cc:53]712964 FuncErrorReason:rtMemcpy execute failed, reason=[the current capture mode does not support this operation]
[ERROR] ASCENDCL(712964,):2026-01-15-10:28:35.110.171 [memory.cpp:437]712964 aclrtMemcpyImpl: synchronized memcpy failed, kind = 1, runtime result = 107030
[ERROR] RUNTIME(712964,):2026-01-15-10:28:35.186.577 [api_error.cc:1519]712964 MemCopySync:Memory copy sync failed, cnt=416, kind=1.
[ERROR] RUNTIME(712964,):2026-01-15-10:28:35.186.585 [api_c.cc:1197]712964 rtMemcpy:ErrCode=107030, desc=[the current capture mode does not support this operation], InnerCode=0x703001c
[ERROR] RUNTIME(712964,):2026-01-15-10:28:35.186.588 [error_message_manage.cc:53]712964 FuncErrorReason:report error module_type=3, module_name=EE8888
[ERROR] RUNTIME(712964,):2026-01-15-10:28:35.186.591 [error_message_manage.cc:53]712964 FuncErrorReason:rtMemcpy execute failed, reason=[the current capture mode does not support this operation]
[ERROR] ASCENDCL(712964,):2026-01-15-10:28:35.186.840 [memory.cpp:437]712964 aclrtMemcpyImpl: synchronized memcpy failed, kind = 1, runtime result = 107030
[ERROR] RUNTIME(712964,):2026-01-15-10:28:35.261.929 [api_error.cc:1519]712964 MemCopySync:Memory copy sync failed, cnt=72, kind=1.
[ERROR] RUNTIME(712964,):2026-01-15-10:28:35.261.936 [api_c.cc:1197]712964 rtMemcpy:ErrCode=107030, desc=[the current capture mode does not support this operation], InnerCode=0x703001c
[ERROR] RUNTIME(712964,):2026-01-15-10:28:35.261.939 [error_message_manage.cc:53]712964 FuncErrorReason:report error module_type=3, module_name=EE8888
[ERROR] RUNTIME(712964,):2026-01-15-10:28:35.261.941 [error_message_manage.cc:53]712964 FuncErrorReason:rtMemcpy execute failed, reason=[the current capture mode does not support this operation]
[ERROR] ASCENDCL(712964,):2026-01-15-10:28:35.262.134 [memory.cpp:437]712964 aclrtMemcpyImpl: synchronized memcpy failed, kind = 1, runtime result = 107030
[ERROR] RUNTIME(712964,):2026-01-15-10:28:35.328.806 [api_error.cc:1519]712964 MemCopySync:Memory copy sync failed, cnt=416, kind=1.
[ERROR] RUNTIME(712964,):2026-01-15-10:28:35.328.814 [api_c.cc:1197]712964 rtMemcpy:ErrCode=107030, desc=[the current capture mode does not support this operation], InnerCode=0x703001c
[ERROR] RUNTIME(712964,):2026-01-15-10:28:35.328.816 [error_message_manage.cc:53]712964 FuncErrorReason:report error module_type=3, module_name=EE8888
[ERROR] RUNTIME(712964,):2026-01-15-10:28:35.328.819 [error_message_manage.cc:53]712964 FuncErrorReason:rtMemcpy execute failed, reason=[the current capture mode does not support this operation]
[ERROR] ASCENDCL(712964,):2026-01-15-10:28:35.329.010 [memory.cpp:437]712964 aclrtMemcpyImpl: synchronized memcpy failed, kind = 1, runtime result = 107030
[ERROR] RUNTIME(712964,):2026-01-15-10:28:35.396.531 [api_error.cc:1519]712964 MemCopySync:Memory copy sync failed, cnt=72, kind=1.
[ERROR] RUNTIME(712964,):2026-01-15-10:28:35.396.540 [api_c.cc:1197]712964 rtMemcpy:ErrCode=107030, desc=[the current capture mode does not support this operation], InnerCode=0x703001c
[ERROR] RUNTIME(712964,):2026-01-15-10:28:35.396.542 [error_message_manage.cc:53]712964 FuncErrorReason:report error module_type=3, module_name=EE8888
[ERROR] RUNTIME(712964,):2026-01-15-10:28:35.396.545 [error_message_manage.cc:53]712964 FuncErrorReason:rtMemcpy execute failed, reason=[the current capture mode does not support this operation]
[ERROR] ASCENDCL(712964,):2026-01-15-10:28:35.396.802 [memory.cpp:437]712964 aclrtMemcpyImpl: synchronized memcpy failed, kind = 1, runtime result = 107030
[ERROR] RUNTIME(712964,):2026-01-15-10:28:35.471.267 [api_error.cc:1519]712964 MemCopySync:Memory copy sync failed, cnt=416, kind=1.
[ERROR] RUNTIME(712964,):2026-01-15-10:28:35.471.275 [api_c.cc:1197]712964 rtMemcpy:ErrCode=107030, desc=[the current capture mode does not support this operation], InnerCode=0x703001c
[ERROR] RUNTIME(712964,):2026-01-15-10:28:35.471.277 [error_message_manage.cc:53]712964 FuncErrorReason:report error module_type=3, module_name=EE8888
[ERROR] RUNTIME(712964,):2026-01-15-10:28:35.471.280 [error_message_manage.cc:53]712964 FuncErrorReason:rtMemcpy execute failed, reason=[the current capture mode does not support this operation]
[ERROR] ASCENDCL(712964,):2026-01-15-10:28:35.471.577 [memory.cpp:437]712964 aclrtMemcpyImpl: synchronized memcpy failed, kind = 1, runtime result = 107030
[ERROR] RUNTIME(712964,):2026-01-15-10:28:35.546.176 [api_error.cc:1519]712964 MemCopySync:Memory copy sync failed, cnt=72, kind=1.
[ERROR] RUNTIME(712964,):2026-01-15-10:28:35.546.183 [api_c.cc:1197]712964 rtMemcpy:ErrCode=107030, desc=[the current capture mode does not support this operation], InnerCode=0x703001c
[ERROR] RUNTIME(712964,):2026-01-15-10:28:35.546.186 [error_message_manage.cc:53]712964 FuncErrorReason:report error module_type=3, module_name=EE8888
[ERROR] RUNTIME(712964,):2026-01-15-10:28:35.546.188 [error_message_manage.cc:53]712964 FuncErrorReason:rtMemcpy execute failed, reason=[the current capture mode does not support this operation]
[ERROR] ASCENDCL(712964,):2026-01-15-10:28:35.546.494 [memory.cpp:437]712964 aclrtMemcpyImpl: synchronized memcpy failed, kind = 1, runtime result = 107030
[ERROR] RUNTIME(712964,):2026-01-15-10:28:35.626.971 [api_error.cc:1519]712964 MemCopySync:Memory copy sync failed, cnt=416, kind=1.
[ERROR] RUNTIME(712964,):2026-01-15-10:28:35.626.979 [api_c.cc:1197]712964 rtMemcpy:ErrCode=107030, desc=[the current capture mode does not support this operation], InnerCode=0x703001c
[ERROR] RUNTIME(712964,):2026-01-15-10:28:35.626.982 [error_message_manage.cc:53]712964 FuncErrorReason:report error module_type=3, module_name=EE8888
[ERROR] RUNTIME(712964,):2026-01-15-10:28:35.626.985 [error_message_manage.cc:53]712964 FuncErrorReason:rtMemcpy execute failed, reason=[the current capture mode does not support this operation]
[ERROR] ASCENDCL(712964,):2026-01-15-10:28:35.627.355 [memory.cpp:437]712964 aclrtMemcpyImpl: synchronized memcpy failed, kind = 1, runtime result = 107030
[ERROR] RUNTIME(712964,):2026-01-15-10:28:35.705.480 [api_error.cc:1519]712964 MemCopySync:Memory copy sync failed, cnt=72, kind=1.
[ERROR] RUNTIME(712964,):2026-01-15-10:28:35.705.488 [api_c.cc:1197]712964 rtMemcpy:ErrCode=107030, desc=[the current capture mode does not support this operation], InnerCode=0x703001c
[ERROR] RUNTIME(712964,):2026-01-15-10:28:35.705.490 [error_message_manage.cc:53]712964 FuncErrorReason:report error module_type=3, module_name=EE8888
[ERROR] RUNTIME(712964,):2026-01-15-10:28:35.705.493 [error_message_manage.cc:53]712964 FuncErrorReason:rtMemcpy execute failed, reason=[the current capture mode does not support this operation]
[ERROR] ASCENDCL(712964,):2026-01-15-10:28:35.705.729 [memory.cpp:437]712964 aclrtMemcpyImpl: synchronized memcpy failed, kind = 1, runtime result = 107030
[ERROR] RUNTIME(712964,):2026-01-15-10:28:35.788.013 [api_error.cc:1519]712964 MemCopySync:Memory copy sync failed, cnt=416, kind=1.
[ERROR] RUNTIME(712964,):2026-01-15-10:28:35.788.022 [api_c.cc:1197]712964 rtMemcpy:ErrCode=107030, desc=[the current capture mode does not support this operation], InnerCode=0x703001c
[ERROR] RUNTIME(712964,):2026-01-15-10:28:35.788.024 [error_message_manage.cc:53]712964 FuncErrorReason:report error module_type=3, module_name=EE8888
[ERROR] RUNTIME(712964,):2026-01-15-10:28:35.788.027 [error_message_manage.cc:53]712964 FuncErrorReason:rtMemcpy execute failed, reason=[the current capture mode does not support this operation]
[ERROR] ASCENDCL(712964,):2026-01-15-10:28:35.788.308 [memory.cpp:437]712964 aclrtMemcpyImpl: synchronized memcpy failed, kind = 1, runtime result = 107030
[ERROR] RUNTIME(712964,):2026-01-15-10:28:35.861.205 [api_error.cc:1519]712964 MemCopySync:Memory copy sync failed, cnt=72, kind=1.
[ERROR] RUNTIME(712964,):2026-01-15-10:28:35.861.214 [api_c.cc:1197]712964 rtMemcpy:ErrCode=107030, desc=[the current capture mode does not support this operation], InnerCode=0x703001c
[ERROR] RUNTIME(712964,):2026-01-15-10:28:35.861.216 [error_message_manage.cc:53]712964 FuncErrorReason:report error module_type=3, module_name=EE8888
[ERROR] RUNTIME(712964,):2026-01-15-10:28:35.861.219 [error_message_manage.cc:53]712964 FuncErrorReason:rtMemcpy execute failed, reason=[the current capture mode does not support this operation]
[ERROR] ASCENDCL(712964,):2026-01-15-10:28:35.861.508 [memory.cpp:437]712964 aclrtMemcpyImpl: synchronized memcpy failed, kind = 1, runtime result = 107030
[ERROR] RUNTIME(712964,):2026-01-15-10:28:35.933.297 [api_error.cc:1519]712964 MemCopySync:Memory copy sync failed, cnt=416, kind=1.
[ERROR] RUNTIME(712964,):2026-01-15-10:28:35.933.306 [api_c.cc:1197]712964 rtMemcpy:ErrCode=107030, desc=[the current capture mode does not support this operation], InnerCode=0x703001c
[ERROR] RUNTIME(712964,):2026-01-15-10:28:35.933.308 [error_message_manage.cc:53]712964 FuncErrorReason:report error module_type=3, module_name=EE8888
[ERROR] RUNTIME(712964,):2026-01-15-10:28:35.933.311 [error_message_manage.cc:53]712964 FuncErrorReason:rtMemcpy execute failed, reason=[the current capture mode does not support this operation]
[ERROR] ASCENDCL(712964,):2026-01-15-10:28:35.933.510 [memory.cpp:437]712964 aclrtMemcpyImpl: synchronized memcpy failed, kind = 1, runtime result = 107030
[ERROR] RUNTIME(712964,):2026-01-15-10:28:36.006.835 [api_error.cc:1519]712964 MemCopySync:Memory copy sync failed, cnt=72, kind=1.
[ERROR] RUNTIME(712964,):2026-01-15-10:28:36.006.843 [api_c.cc:1197]712964 rtMemcpy:ErrCode=107030, desc=[the current capture mode does not support this operation], InnerCode=0x703001c
[ERROR] RUNTIME(712964,):2026-01-15-10:28:36.006.846 [error_message_manage.cc:53]712964 FuncErrorReason:report error module_type=3, module_name=EE8888
[ERROR] RUNTIME(712964,):2026-01-15-10:28:36.006.849 [error_message_manage.cc:53]712964 FuncErrorReason:rtMemcpy execute failed, reason=[the current capture mode does not support this operation]
[ERROR] ASCENDCL(712964,):2026-01-15-10:28:36.007.124 [memory.cpp:437]712964 aclrtMemcpyImpl: synchronized memcpy failed, kind = 1, runtime result = 107030
[ERROR] RUNTIME(712964,):2026-01-15-10:28:36.079.722 [api_error.cc:1519]712964 MemCopySync:Memory copy sync failed, cnt=416, kind=1.
[ERROR] RUNTIME(712964,):2026-01-15-10:28:36.079.730 [api_c.cc:1197]712964 rtMemcpy:ErrCode=107030, desc=[the current capture mode does not support this operation], InnerCode=0x703001c
[ERROR] RUNTIME(712964,):2026-01-15-10:28:36.079.733 [error_message_manage.cc:53]712964 FuncErrorReason:report error module_type=3, module_name=EE8888
[ERROR] RUNTIME(712964,):2026-01-15-10:28:36.079.735 [error_message_manage.cc:53]712964 FuncErrorReason:rtMemcpy execute failed, reason=[the current capture mode does not support this operation]
[ERROR] ASCENDCL(712964,):2026-01-15-10:28:36.079.943 [memory.cpp:437]712964 aclrtMemcpyImpl: synchronized memcpy failed, kind = 1, runtime result = 107030
[ERROR] RUNTIME(712964,):2026-01-15-10:28:36.148.992 [api_error.cc:1519]712964 MemCopySync:Memory copy sync failed, cnt=72, kind=1.
[ERROR] RUNTIME(712964,):2026-01-15-10:28:36.148.999 [api_c.cc:1197]712964 rtMemcpy:ErrCode=107030, desc=[the current capture mode does not support this operation], InnerCode=0x703001c
[ERROR] RUNTIME(712964,):2026-01-15-10:28:36.149.002 [error_message_manage.cc:53]712964 FuncErrorReason:report error module_type=3, module_name=EE8888
[ERROR] RUNTIME(712964,):2026-01-15-10:28:36.149.005 [error_message_manage.cc:53]712964 FuncErrorReason:rtMemcpy execute failed, reason=[the current capture mode does not support this operation]
[ERROR] ASCENDCL(712964,):2026-01-15-10:28:36.149.218 [memory.cpp:437]712964 aclrtMemcpyImpl: synchronized memcpy failed, kind = 1, runtime result = 107030
[ERROR] RUNTIME(712964,):2026-01-15-10:28:36.219.092 [api_error.cc:1519]712964 MemCopySync:Memory copy sync failed, cnt=416, kind=1.
[ERROR] RUNTIME(712964,):2026-01-15-10:28:36.219.100 [api_c.cc:1197]712964 rtMemcpy:ErrCode=107030, desc=[the current capture mode does not support this operation], InnerCode=0x703001c
[ERROR] RUNTIME(712964,):2026-01-15-10:28:36.219.102 [error_message_manage.cc:53]712964 FuncErrorReason:report error module_type=3, module_name=EE8888
[ERROR] RUNTIME(712964,):2026-01-15-10:28:36.219.105 [error_message_manage.cc:53]712964 FuncErrorReason:rtMemcpy execute failed, reason=[the current capture mode does not support this operation]
[ERROR] ASCENDCL(712964,):2026-01-15-10:28:36.219.349 [memory.cpp:437]712964 aclrtMemcpyImpl: synchronized memcpy failed, kind = 1, runtime result = 107030
[ERROR] RUNTIME(712964,):2026-01-15-10:28:36.288.739 [api_error.cc:1519]712964 MemCopySync:Memory copy sync failed, cnt=72, kind=1.
[ERROR] RUNTIME(712964,):2026-01-15-10:28:36.288.747 [api_c.cc:1197]712964 rtMemcpy:ErrCode=107030, desc=[the current capture mode does not support this operation], InnerCode=0x703001c
[ERROR] RUNTIME(712964,):2026-01-15-10:28:36.288.749 [error_message_manage.cc:53]712964 FuncErrorReason:report error module_type=3, module_name=EE8888
[ERROR] RUNTIME(712964,):2026-01-15-10:28:36.288.752 [error_message_manage.cc:53]712964 FuncErrorReason:rtMemcpy execute failed, reason=[the current capture mode does not support this operation]
[ERROR] ASCENDCL(712964,):2026-01-15-10:28:36.288.943 [memory.cpp:437]712964 aclrtMemcpyImpl: synchronized memcpy failed, kind = 1, runtime result = 107030
[ERROR] RUNTIME(712964,):2026-01-15-10:28:36.360.955 [api_error.cc:1519]712964 MemCopySync:Memory copy sync failed, cnt=416, kind=1.
[ERROR] RUNTIME(712964,):2026-01-15-10:28:36.360.962 [api_c.cc:1197]712964 rtMemcpy:ErrCode=107030, desc=[the current capture mode does not support this operation], InnerCode=0x703001c
[ERROR] RUNTIME(712964,):2026-01-15-10:28:36.360.965 [error_message_manage.cc:53]712964 FuncErrorReason:report error module_type=3, module_name=EE8888
[ERROR] RUNTIME(712964,):2026-01-15-10:28:36.360.968 [error_message_manage.cc:53]712964 FuncErrorReason:rtMemcpy execute failed, reason=[the current capture mode does not support this operation]
[ERROR] ASCENDCL(712964,):2026-01-15-10:28:36.361.155 [memory.cpp:437]712964 aclrtMemcpyImpl: synchronized memcpy failed, kind = 1, runtime result = 107030
[ERROR] RUNTIME(712964,):2026-01-15-10:28:36.430.185 [api_error.cc:1519]712964 MemCopySync:Memory copy sync failed, cnt=72, kind=1.
[ERROR] RUNTIME(712964,):2026-01-15-10:28:36.430.193 [api_c.cc:1197]712964 rtMemcpy:ErrCode=107030, desc=[the current capture mode does not support this operation], InnerCode=0x703001c
[ERROR] RUNTIME(712964,):2026-01-15-10:28:36.430.195 [error_message_manage.cc:53]712964 FuncErrorReason:report error module_type=3, module_name=EE8888
[ERROR] RUNTIME(712964,):2026-01-15-10:28:36.430.198 [error_message_manage.cc:53]712964 FuncErrorReason:rtMemcpy execute failed, reason=[the current capture mode does not support this operation]
[ERROR] ASCENDCL(712964,):2026-01-15-10:28:36.430.480 [memory.cpp:437]712964 aclrtMemcpyImpl: synchronized memcpy failed, kind = 1, runtime result = 107030
[ERROR] RUNTIME(712964,):2026-01-15-10:28:36.507.448 [api_error.cc:1519]712964 MemCopySync:Memory copy sync failed, cnt=416, kind=1.
[ERROR] RUNTIME(712964,):2026-01-15-10:28:36.507.456 [api_c.cc:1197]712964 rtMemcpy:ErrCode=107030, desc=[the current capture mode does not support this operation], InnerCode=0x703001c
[ERROR] RUNTIME(712964,):2026-01-15-10:28:36.507.458 [error_message_manage.cc:53]712964 FuncErrorReason:report error module_type=3, module_name=EE8888
[ERROR] RUNTIME(712964,):2026-01-15-10:28:36.507.461 [error_message_manage.cc:53]712964 FuncErrorReason:rtMemcpy execute failed, reason=[the current capture mode does not support this operation]
[ERROR] ASCENDCL(712964,):2026-01-15-10:28:36.507.705 [memory.cpp:437]712964 aclrtMemcpyImpl: synchronized memcpy failed, kind = 1, runtime result = 107030
[ERROR] RUNTIME(712964,):2026-01-15-10:28:36.575.986 [api_error.cc:1519]712964 MemCopySync:Memory copy sync failed, cnt=72, kind=1.
[ERROR] RUNTIME(712964,):2026-01-15-10:28:36.575.993 [api_c.cc:1197]712964 rtMemcpy:ErrCode=107030, desc=[the current capture mode does not support this operation], InnerCode=0x703001c
[ERROR] RUNTIME(712964,):2026-01-15-10:28:36.575.996 [error_message_manage.cc:53]712964 FuncErrorReason:report error module_type=3, module_name=EE8888
[ERROR] RUNTIME(712964,):2026-01-15-10:28:36.575.999 [error_message_manage.cc:53]712964 FuncErrorReason:rtMemcpy execute failed, reason=[the current capture mode does not support this operation]
[ERROR] ASCENDCL(712964,):2026-01-15-10:28:36.576.216 [memory.cpp:437]712964 aclrtMemcpyImpl: synchronized memcpy failed, kind = 1, runtime result = 107030
[ERROR] RUNTIME(712964,):2026-01-15-10:28:36.642.595 [api_error.cc:1519]712964 MemCopySync:Memory copy sync failed, cnt=416, kind=1.
[ERROR] RUNTIME(712964,):2026-01-15-10:28:36.642.603 [api_c.cc:1197]712964 rtMemcpy:ErrCode=107030, desc=[the current capture mode does not support this operation], InnerCode=0x703001c
[ERROR] RUNTIME(712964,):2026-01-15-10:28:36.642.606 [error_message_manage.cc:53]712964 FuncErrorReason:report error module_type=3, module_name=EE8888
[ERROR] RUNTIME(712964,):2026-01-15-10:28:36.642.609 [error_message_manage.cc:53]712964 FuncErrorReason:rtMemcpy execute failed, reason=[the current capture mode does not support this operation]
[ERROR] ASCENDCL(712964,):2026-01-15-10:28:36.642.898 [memory.cpp:437]712964 aclrtMemcpyImpl: synchronized memcpy failed, kind = 1, runtime result = 107030
[ERROR] RUNTIME(712964,):2026-01-15-10:28:36.707.048 [api_error.cc:1519]712964 MemCopySync:Memory copy sync failed, cnt=72, kind=1.
[ERROR] RUNTIME(712964,):2026-01-15-10:28:36.707.056 [api_c.cc:1197]712964 rtMemcpy:ErrCode=107030, desc=[the current capture mode does not support this operation], InnerCode=0x703001c
[ERROR] RUNTIME(712964,):2026-01-15-10:28:36.707.059 [error_message_manage.cc:53]712964 FuncErrorReason:report error module_type=3, module_name=EE8888
[ERROR] RUNTIME(712964,):2026-01-15-10:28:36.707.061 [error_message_manage.cc:53]712964 FuncErrorReason:rtMemcpy execute failed, reason=[the current capture mode does not support this operation]
[ERROR] ASCENDCL(712964,):2026-01-15-10:28:36.707.304 [memory.cpp:437]712964 aclrtMemcpyImpl: synchronized memcpy failed, kind = 1, runtime result = 107030
[ERROR] RUNTIME(712964,):2026-01-15-10:28:36.782.588 [api_error.cc:1519]712964 MemCopySync:Memory copy sync failed, cnt=416, kind=1.
[ERROR] RUNTIME(712964,):2026-01-15-10:28:36.782.597 [api_c.cc:1197]712964 rtMemcpy:ErrCode=107030, desc=[the current capture mode does not support this operation], InnerCode=0x703001c
[ERROR] RUNTIME(712964,):2026-01-15-10:28:36.782.600 [error_message_manage.cc:53]712964 FuncErrorReason:report error module_type=3, module_name=EE8888
[ERROR] RUNTIME(712964,):2026-01-15-10:28:36.782.603 [error_message_manage.cc:53]712964 FuncErrorReason:rtMemcpy execute failed, reason=[the current capture mode does not support this operation]
[ERROR] ASCENDCL(712964,):2026-01-15-10:28:36.782.830 [memory.cpp:437]712964 aclrtMemcpyImpl: synchronized memcpy failed, kind = 1, runtime result = 107030
[ERROR] RUNTIME(712964,):2026-01-15-10:28:36.862.320 [api_error.cc:1519]712964 MemCopySync:Memory copy sync failed, cnt=72, kind=1.
[ERROR] RUNTIME(712964,):2026-01-15-10:28:36.862.327 [api_c.cc:1197]712964 rtMemcpy:ErrCode=107030, desc=[the current capture mode does not support this operation], InnerCode=0x703001c
[ERROR] RUNTIME(712964,):2026-01-15-10:28:36.862.330 [error_message_manage.cc:53]712964 FuncErrorReason:report error module_type=3, module_name=EE8888
[ERROR] RUNTIME(712964,):2026-01-15-10:28:36.862.333 [error_message_manage.cc:53]712964 FuncErrorReason:rtMemcpy execute failed, reason=[the current capture mode does not support this operation]
[ERROR] ASCENDCL(712964,):2026-01-15-10:28:36.862.585 [memory.cpp:437]712964 aclrtMemcpyImpl: synchronized memcpy failed, kind = 1, runtime result = 107030
[ERROR] RUNTIME(712964,):2026-01-15-10:28:36.937.584 [api_error.cc:1519]712964 MemCopySync:Memory copy sync failed, cnt=416, kind=1.
[ERROR] RUNTIME(712964,):2026-01-15-10:28:36.937.592 [api_c.cc:1197]712964 rtMemcpy:ErrCode=107030, desc=[the current capture mode does not support this operation], InnerCode=0x703001c
[ERROR] RUNTIME(712964,):2026-01-15-10:28:36.937.595 [error_message_manage.cc:53]712964 FuncErrorReason:report error module_type=3, module_name=EE8888
[ERROR] RUNTIME(712964,):2026-01-15-10:28:36.937.597 [error_message_manage.cc:53]712964 FuncErrorReason:rtMemcpy execute failed, reason=[the current capture mode does not support this operation]
[ERROR] ASCENDCL(712964,):2026-01-15-10:28:36.937.828 [memory.cpp:437]712964 aclrtMemcpyImpl: synchronized memcpy failed, kind = 1, runtime result = 107030
[ERROR] RUNTIME(712964,):2026-01-15-10:28:37.015.434 [api_error.cc:1519]712964 MemCopySync:Memory copy sync failed, cnt=72, kind=1.
[ERROR] RUNTIME(712964,):2026-01-15-10:28:37.015.442 [api_c.cc:1197]712964 rtMemcpy:ErrCode=107030, desc=[the current capture mode does not support this operation], InnerCode=0x703001c
[ERROR] RUNTIME(712964,):2026-01-15-10:28:37.015.445 [error_message_manage.cc:53]712964 FuncErrorReason:report error module_type=3, module_name=EE8888
[ERROR] RUNTIME(712964,):2026-01-15-10:28:37.015.448 [error_message_manage.cc:53]712964 FuncErrorReason:rtMemcpy execute failed, reason=[the current capture mode does not support this operation]
[ERROR] ASCENDCL(712964,):2026-01-15-10:28:37.015.766 [memory.cpp:437]712964 aclrtMemcpyImpl: synchronized memcpy failed, kind = 1, runtime result = 107030
[ERROR] RUNTIME(712964,):2026-01-15-10:28:37.089.480 [api_error.cc:1519]712964 MemCopySync:Memory copy sync failed, cnt=416, kind=1.
[ERROR] RUNTIME(712964,):2026-01-15-10:28:37.089.488 [api_c.cc:1197]712964 rtMemcpy:ErrCode=107030, desc=[the current capture mode does not support this operation], InnerCode=0x703001c
[ERROR] RUNTIME(712964,):2026-01-15-10:28:37.089.490 [error_message_manage.cc:53]712964 FuncErrorReason:report error module_type=3, module_name=EE8888
[ERROR] RUNTIME(712964,):2026-01-15-10:28:37.089.493 [error_message_manage.cc:53]712964 FuncErrorReason:rtMemcpy execute failed, reason=[the current capture mode does not support this operation]
[ERROR] ASCENDCL(712964,):2026-01-15-10:28:37.089.722 [memory.cpp:437]712964 aclrtMemcpyImpl: synchronized memcpy failed, kind = 1, runtime result = 107030
[ERROR] RUNTIME(712964,):2026-01-15-10:28:37.163.963 [api_error.cc:1519]712964 MemCopySync:Memory copy sync failed, cnt=72, kind=1.
[ERROR] RUNTIME(712964,):2026-01-15-10:28:37.163.971 [api_c.cc:1197]712964 rtMemcpy:ErrCode=107030, desc=[the current capture mode does not support this operation], InnerCode=0x703001c
[ERROR] RUNTIME(712964,):2026-01-15-10:28:37.163.974 [error_message_manage.cc:53]712964 FuncErrorReason:report error module_type=3, module_name=EE8888
[ERROR] RUNTIME(712964,):2026-01-15-10:28:37.163.983 [error_message_manage.cc:53]712964 FuncErrorReason:rtMemcpy execute failed, reason=[the current capture mode does not support this operation]
[ERROR] ASCENDCL(712964,):2026-01-15-10:28:37.164.225 [memory.cpp:437]712964 aclrtMemcpyImpl: synchronized memcpy failed, kind = 1, runtime result = 107030
[ERROR] RUNTIME(712964,):2026-01-15-10:28:37.234.262 [api_error.cc:1519]712964 MemCopySync:Memory copy sync failed, cnt=416, kind=1.
[ERROR] RUNTIME(712964,):2026-01-15-10:28:37.234.271 [api_c.cc:1197]712964 rtMemcpy:ErrCode=107030, desc=[the current capture mode does not support this operation], InnerCode=0x703001c
[ERROR] RUNTIME(712964,):2026-01-15-10:28:37.234.274 [error_message_manage.cc:53]712964 FuncErrorReason:report error module_type=3, module_name=EE8888
[ERROR] RUNTIME(712964,):2026-01-15-10:28:37.234.277 [error_message_manage.cc:53]712964 FuncErrorReason:rtMemcpy execute failed, reason=[the current capture mode does not support this operation]
[ERROR] ASCENDCL(712964,):2026-01-15-10:28:37.234.629 [memory.cpp:437]712964 aclrtMemcpyImpl: synchronized memcpy failed, kind = 1, runtime result = 107030
[ERROR] RUNTIME(712964,):2026-01-15-10:28:37.314.353 [api_error.cc:1519]712964 MemCopySync:Memory copy sync failed, cnt=72, kind=1.
[ERROR] RUNTIME(712964,):2026-01-15-10:28:37.314.361 [api_c.cc:1197]712964 rtMemcpy:ErrCode=107030, desc=[the current capture mode does not support this operation], InnerCode=0x703001c
[ERROR] RUNTIME(712964,):2026-01-15-10:28:37.314.363 [error_message_manage.cc:53]712964 FuncErrorReason:report error module_type=3, module_name=EE8888
[ERROR] RUNTIME(712964,):2026-01-15-10:28:37.314.366 [error_message_manage.cc:53]712964 FuncErrorReason:rtMemcpy execute failed, reason=[the current capture mode does not support this operation]
[ERROR] ASCENDCL(712964,):2026-01-15-10:28:37.314.609 [memory.cpp:437]712964 aclrtMemcpyImpl: synchronized memcpy failed, kind = 1, runtime result = 107030
[ERROR] RUNTIME(712964,):2026-01-15-10:28:37.392.426 [api_error.cc:1519]712964 MemCopySync:Memory copy sync failed, cnt=416, kind=1.
[ERROR] RUNTIME(712964,):2026-01-15-10:28:37.392.435 [api_c.cc:1197]712964 rtMemcpy:ErrCode=107030, desc=[the current capture mode does not support this operation], InnerCode=0x703001c
[ERROR] RUNTIME(712964,):2026-01-15-10:28:37.392.438 [error_message_manage.cc:53]712964 FuncErrorReason:report error module_type=3, module_name=EE8888
[ERROR] RUNTIME(712964,):2026-01-15-10:28:37.392.441 [error_message_manage.cc:53]712964 FuncErrorReason:rtMemcpy execute failed, reason=[the current capture mode does not support this operation]
[ERROR] ASCENDCL(712964,):2026-01-15-10:28:37.392.754 [memory.cpp:437]712964 aclrtMemcpyImpl: synchronized memcpy failed, kind = 1, runtime result = 107030
[ERROR] RUNTIME(712964,):2026-01-15-10:28:37.461.432 [api_error.cc:1519]712964 MemCopySync:Memory copy sync failed, cnt=72, kind=1.
[ERROR] RUNTIME(712964,):2026-01-15-10:28:37.461.439 [api_c.cc:1197]712964 rtMemcpy:ErrCode=107030, desc=[the current capture mode does not support this operation], InnerCode=0x703001c
[ERROR] RUNTIME(712964,):2026-01-15-10:28:37.461.442 [error_message_manage.cc:53]712964 FuncErrorReason:report error module_type=3, module_name=EE8888
[ERROR] RUNTIME(712964,):2026-01-15-10:28:37.461.445 [error_message_manage.cc:53]712964 FuncErrorReason:rtMemcpy execute failed, reason=[the current capture mode does not support this operation]
[ERROR] ASCENDCL(712964,):2026-01-15-10:28:37.461.631 [memory.cpp:437]712964 aclrtMemcpyImpl: synchronized memcpy failed, kind = 1, runtime result = 107030
[ERROR] RUNTIME(712964,):2026-01-15-10:28:37.533.785 [api_error.cc:1519]712964 MemCopySync:Memory copy sync failed, cnt=416, kind=1.
[ERROR] RUNTIME(712964,):2026-01-15-10:28:37.533.793 [api_c.cc:1197]712964 rtMemcpy:ErrCode=107030, desc=[the current capture mode does not support this operation], InnerCode=0x703001c
[ERROR] RUNTIME(712964,):2026-01-15-10:28:37.533.796 [error_message_manage.cc:53]712964 FuncErrorReason:report error module_type=3, module_name=EE8888
[ERROR] RUNTIME(712964,):2026-01-15-10:28:37.533.799 [error_message_manage.cc:53]712964 FuncErrorReason:rtMemcpy execute failed, reason=[the current capture mode does not support this operation]
[ERROR] ASCENDCL(712964,):2026-01-15-10:28:37.534.077 [memory.cpp:437]712964 aclrtMemcpyImpl: synchronized memcpy failed, kind = 1, runtime result = 107030
[ERROR] RUNTIME(712964,):2026-01-15-10:28:37.602.527 [api_error.cc:1519]712964 MemCopySync:Memory copy sync failed, cnt=72, kind=1.
[ERROR] RUNTIME(712964,):2026-01-15-10:28:37.602.535 [api_c.cc:1197]712964 rtMemcpy:ErrCode=107030, desc=[the current capture mode does not support this operation], InnerCode=0x703001c
[ERROR] RUNTIME(712964,):2026-01-15-10:28:37.602.537 [error_message_manage.cc:53]712964 FuncErrorReason:report error module_type=3, module_name=EE8888
[ERROR] RUNTIME(712964,):2026-01-15-10:28:37.602.540 [error_message_manage.cc:53]712964 FuncErrorReason:rtMemcpy execute failed, reason=[the current capture mode does not support this operation]
[ERROR] ASCENDCL(712964,):2026-01-15-10:28:37.602.815 [memory.cpp:437]712964 aclrtMemcpyImpl: synchronized memcpy failed, kind = 1, runtime result = 107030
[ERROR] RUNTIME(712964,):2026-01-15-10:28:37.675.200 [api_error.cc:1519]712964 MemCopySync:Memory copy sync failed, cnt=416, kind=1.
[ERROR] RUNTIME(712964,):2026-01-15-10:28:37.675.209 [api_c.cc:1197]712964 rtMemcpy:ErrCode=107030, desc=[the current capture mode does not support this operation], InnerCode=0x703001c
[ERROR] RUNTIME(712964,):2026-01-15-10:28:37.675.211 [error_message_manage.cc:53]712964 FuncErrorReason:report error module_type=3, module_name=EE8888
[ERROR] RUNTIME(712964,):2026-01-15-10:28:37.675.214 [error_message_manage.cc:53]712964 FuncErrorReason:rtMemcpy execute failed, reason=[the current capture mode does not support this operation]
[ERROR] ASCENDCL(712964,):2026-01-15-10:28:37.675.456 [memory.cpp:437]712964 aclrtMemcpyImpl: synchronized memcpy failed, kind = 1, runtime result = 107030
[ERROR] RUNTIME(712964,):2026-01-15-10:28:37.741.661 [api_error.cc:1519]712964 MemCopySync:Memory copy sync failed, cnt=72, kind=1.
[ERROR] RUNTIME(712964,):2026-01-15-10:28:37.741.669 [api_c.cc:1197]712964 rtMemcpy:ErrCode=107030, desc=[the current capture mode does not support this operation], InnerCode=0x703001c
[ERROR] RUNTIME(712964,):2026-01-15-10:28:37.741.672 [error_message_manage.cc:53]712964 FuncErrorReason:report error module_type=3, module_name=EE8888
[ERROR] RUNTIME(712964,):2026-01-15-10:28:37.741.674 [error_message_manage.cc:53]712964 FuncErrorReason:rtMemcpy execute failed, reason=[the current capture mode does not support this operation]
[ERROR] ASCENDCL(712964,):2026-01-15-10:28:37.741.872 [memory.cpp:437]712964 aclrtMemcpyImpl: synchronized memcpy failed, kind = 1, runtime result = 107030
[ERROR] RUNTIME(712964,):2026-01-15-10:28:37.815.573 [api_error.cc:1519]712964 MemCopySync:Memory copy sync failed, cnt=416, kind=1.
[ERROR] RUNTIME(712964,):2026-01-15-10:28:37.815.582 [api_c.cc:1197]712964 rtMemcpy:ErrCode=107030, desc=[the current capture mode does not support this operation], InnerCode=0x703001c
[ERROR] RUNTIME(712964,):2026-01-15-10:28:37.815.585 [error_message_manage.cc:53]712964 FuncErrorReason:report error module_type=3, module_name=EE8888
[ERROR] RUNTIME(712964,):2026-01-15-10:28:37.815.588 [error_message_manage.cc:53]712964 FuncErrorReason:rtMemcpy execute failed, reason=[the current capture mode does not support this operation]
[ERROR] ASCENDCL(712964,):2026-01-15-10:28:37.815.856 [memory.cpp:437]712964 aclrtMemcpyImpl: synchronized memcpy failed, kind = 1, runtime result = 107030
[ERROR] RUNTIME(712964,):2026-01-15-10:28:37.889.232 [api_error.cc:1519]712964 MemCopySync:Memory copy sync failed, cnt=72, kind=1.
[ERROR] RUNTIME(712964,):2026-01-15-10:28:37.889.240 [api_c.cc:1197]712964 rtMemcpy:ErrCode=107030, desc=[the current capture mode does not support this operation], InnerCode=0x703001c
[ERROR] RUNTIME(712964,):2026-01-15-10:28:37.889.242 [error_message_manage.cc:53]712964 FuncErrorReason:report error module_type=3, module_name=EE8888
[ERROR] RUNTIME(712964,):2026-01-15-10:28:37.889.245 [error_message_manage.cc:53]712964 FuncErrorReason:rtMemcpy execute failed, reason=[the current capture mode does not support this operation]
[ERROR] ASCENDCL(712964,):2026-01-15-10:28:37.889.522 [memory.cpp:437]712964 aclrtMemcpyImpl: synchronized memcpy failed, kind = 1, runtime result = 107030
[ERROR] RUNTIME(712964,):2026-01-15-10:28:37.960.670 [api_error.cc:1519]712964 MemCopySync:Memory copy sync failed, cnt=416, kind=1.
[ERROR] RUNTIME(712964,):2026-01-15-10:28:37.960.679 [api_c.cc:1197]712964 rtMemcpy:ErrCode=107030, desc=[the current capture mode does not support this operation], InnerCode=0x703001c
[ERROR] RUNTIME(712964,):2026-01-15-10:28:37.960.682 [error_message_manage.cc:53]712964 FuncErrorReason:report error module_type=3, module_name=EE8888
[ERROR] RUNTIME(712964,):2026-01-15-10:28:37.960.685 [error_message_manage.cc:53]712964 FuncErrorReason:rtMemcpy execute failed, reason=[the current capture mode does not support this operation]
[ERROR] ASCENDCL(712964,):2026-01-15-10:28:37.960.891 [memory.cpp:437]712964 aclrtMemcpyImpl: synchronized memcpy failed, kind = 1, runtime result = 107030
[ERROR] RUNTIME(712964,):2026-01-15-10:28:38.031.287 [api_error.cc:1519]712964 MemCopySync:Memory copy sync failed, cnt=72, kind=1.
[ERROR] RUNTIME(712964,):2026-01-15-10:28:38.031.295 [api_c.cc:1197]712964 rtMemcpy:ErrCode=107030, desc=[the current capture mode does not support this operation], InnerCode=0x703001c
[ERROR] RUNTIME(712964,):2026-01-15-10:28:38.031.297 [error_message_manage.cc:53]712964 FuncErrorReason:report error module_type=3, module_name=EE8888
[ERROR] RUNTIME(712964,):2026-01-15-10:28:38.031.300 [error_message_manage.cc:53]712964 FuncErrorReason:rtMemcpy execute failed, reason=[the current capture mode does not support this operation]
[ERROR] ASCENDCL(712964,):2026-01-15-10:28:38.031.613 [memory.cpp:437]712964 aclrtMemcpyImpl: synchronized memcpy failed, kind = 1, runtime result = 107030
[ERROR] RUNTIME(712964,):2026-01-15-10:28:38.104.923 [api_error.cc:1519]712964 MemCopySync:Memory copy sync failed, cnt=416, kind=1.
[ERROR] RUNTIME(712964,):2026-01-15-10:28:38.104.932 [api_c.cc:1197]712964 rtMemcpy:ErrCode=107030, desc=[the current capture mode does not support this operation], InnerCode=0x703001c
[ERROR] RUNTIME(712964,):2026-01-15-10:28:38.104.935 [error_message_manage.cc:53]712964 FuncErrorReason:report error module_type=3, module_name=EE8888
[ERROR] RUNTIME(712964,):2026-01-15-10:28:38.104.938 [error_message_manage.cc:53]712964 FuncErrorReason:rtMemcpy execute failed, reason=[the current capture mode does not support this operation]
[ERROR] ASCENDCL(712964,):2026-01-15-10:28:38.105.188 [memory.cpp:437]712964 aclrtMemcpyImpl: synchronized memcpy failed, kind = 1, runtime result = 107030
[ERROR] RUNTIME(712964,):2026-01-15-10:28:38.179.709 [api_error.cc:1519]712964 MemCopySync:Memory copy sync failed, cnt=72, kind=1.
[ERROR] RUNTIME(712964,):2026-01-15-10:28:38.179.717 [api_c.cc:1197]712964 rtMemcpy:ErrCode=107030, desc=[the current capture mode does not support this operation], InnerCode=0x703001c
[ERROR] RUNTIME(712964,):2026-01-15-10:28:38.179.720 [error_message_manage.cc:53]712964 FuncErrorReason:report error module_type=3, module_name=EE8888
[ERROR] RUNTIME(712964,):2026-01-15-10:28:38.179.723 [error_message_manage.cc:53]712964 FuncErrorReason:rtMemcpy execute failed, reason=[the current capture mode does not support this operation]
[ERROR] ASCENDCL(712964,):2026-01-15-10:28:38.179.955 [memory.cpp:437]712964 aclrtMemcpyImpl: synchronized memcpy failed, kind = 1, runtime result = 107030
[ERROR] RUNTIME(712964,):2026-01-15-10:28:38.254.878 [api_error.cc:1519]712964 MemCopySync:Memory copy sync failed, cnt=416, kind=1.
[ERROR] RUNTIME(712964,):2026-01-15-10:28:38.254.887 [api_c.cc:1197]712964 rtMemcpy:ErrCode=107030, desc=[the current capture mode does not support this operation], InnerCode=0x703001c
[ERROR] RUNTIME(712964,):2026-01-15-10:28:38.254.890 [error_message_manage.cc:53]712964 FuncErrorReason:report error module_type=3, module_name=EE8888
[ERROR] RUNTIME(712964,):2026-01-15-10:28:38.254.893 [error_message_manage.cc:53]712964 FuncErrorReason:rtMemcpy execute failed, reason=[the current capture mode does not support this operation]
[ERROR] ASCENDCL(712964,):2026-01-15-10:28:38.255.202 [memory.cpp:437]712964 aclrtMemcpyImpl: synchronized memcpy failed, kind = 1, runtime result = 107030
[ERROR] RUNTIME(712964,):2026-01-15-10:28:38.325.106 [api_error.cc:1519]712964 MemCopySync:Memory copy sync failed, cnt=72, kind=1.
[ERROR] RUNTIME(712964,):2026-01-15-10:28:38.325.113 [api_c.cc:1197]712964 rtMemcpy:ErrCode=107030, desc=[the current capture mode does not support this operation], InnerCode=0x703001c
[ERROR] RUNTIME(712964,):2026-01-15-10:28:38.325.116 [error_message_manage.cc:53]712964 FuncErrorReason:report error module_type=3, module_name=EE8888
[ERROR] RUNTIME(712964,):2026-01-15-10:28:38.325.119 [error_message_manage.cc:53]712964 FuncErrorReason:rtMemcpy execute failed, reason=[the current capture mode does not support this operation]
[ERROR] ASCENDCL(712964,):2026-01-15-10:28:38.325.367 [memory.cpp:437]712964 aclrtMemcpyImpl: synchronized memcpy failed, kind = 1, runtime result = 107030
[ERROR] RUNTIME(712964,):2026-01-15-10:28:38.398.498 [api_error.cc:1519]712964 MemCopySync:Memory copy sync failed, cnt=416, kind=1.
[ERROR] RUNTIME(712964,):2026-01-15-10:28:38.398.507 [api_c.cc:1197]712964 rtMemcpy:ErrCode=107030, desc=[the current capture mode does not support this operation], InnerCode=0x703001c
[ERROR] RUNTIME(712964,):2026-01-15-10:28:38.398.509 [error_message_manage.cc:53]712964 FuncErrorReason:report error module_type=3, module_name=EE8888
[ERROR] RUNTIME(712964,):2026-01-15-10:28:38.398.512 [error_message_manage.cc:53]712964 FuncErrorReason:rtMemcpy execute failed, reason=[the current capture mode does not support this operation]
[ERROR] ASCENDCL(712964,):2026-01-15-10:28:38.398.819 [memory.cpp:437]712964 aclrtMemcpyImpl: synchronized memcpy failed, kind = 1, runtime result = 107030
[ERROR] RUNTIME(712964,):2026-01-15-10:28:38.468.742 [api_error.cc:1519]712964 MemCopySync:Memory copy sync failed, cnt=72, kind=1.
[ERROR] RUNTIME(712964,):2026-01-15-10:28:38.468.750 [api_c.cc:1197]712964 rtMemcpy:ErrCode=107030, desc=[the current capture mode does not support this operation], InnerCode=0x703001c
[ERROR] RUNTIME(712964,):2026-01-15-10:28:38.468.753 [error_message_manage.cc:53]712964 FuncErrorReason:report error module_type=3, module_name=EE8888
[ERROR] RUNTIME(712964,):2026-01-15-10:28:38.468.756 [error_message_manage.cc:53]712964 FuncErrorReason:rtMemcpy execute failed, reason=[the current capture mode does not support this operation]
[ERROR] ASCENDCL(712964,):2026-01-15-10:28:38.468.969 [memory.cpp:437]712964 aclrtMemcpyImpl: synchronized memcpy failed, kind = 1, runtime result = 107030
[ERROR] RUNTIME(712964,):2026-01-15-10:28:38.538.123 [api_error.cc:1519]712964 MemCopySync:Memory copy sync failed, cnt=416, kind=1.
[ERROR] RUNTIME(712964,):2026-01-15-10:28:38.538.132 [api_c.cc:1197]712964 rtMemcpy:ErrCode=107030, desc=[the current capture mode does not support this operation], InnerCode=0x703001c
[ERROR] RUNTIME(712964,):2026-01-15-10:28:38.538.134 [error_message_manage.cc:53]712964 FuncErrorReason:report error module_type=3, module_name=EE8888
[ERROR] RUNTIME(712964,):2026-01-15-10:28:38.538.137 [error_message_manage.cc:53]712964 FuncErrorReason:rtMemcpy execute failed, reason=[the current capture mode does not support this operation]
[ERROR] ASCENDCL(712964,):2026-01-15-10:28:38.538.355 [memory.cpp:437]712964 aclrtMemcpyImpl: synchronized memcpy failed, kind = 1, runtime result = 107030
[ERROR] RUNTIME(712964,):2026-01-15-10:28:38.610.776 [api_error.cc:1519]712964 MemCopySync:Memory copy sync failed, cnt=72, kind=1.
[ERROR] RUNTIME(712964,):2026-01-15-10:28:38.610.785 [api_c.cc:1197]712964 rtMemcpy:ErrCode=107030, desc=[the current capture mode does not support this operation], InnerCode=0x703001c
[ERROR] RUNTIME(712964,):2026-01-15-10:28:38.610.787 [error_message_manage.cc:53]712964 FuncErrorReason:report error module_type=3, module_name=EE8888
[ERROR] RUNTIME(712964,):2026-01-15-10:28:38.610.790 [error_message_manage.cc:53]712964 FuncErrorReason:rtMemcpy execute failed, reason=[the current capture mode does not support this operation]
[ERROR] ASCENDCL(712964,):2026-01-15-10:28:38.611.064 [memory.cpp:437]712964 aclrtMemcpyImpl: synchronized memcpy failed, kind = 1, runtime result = 107030
[ERROR] RUNTIME(712964,):2026-01-15-10:28:38.679.166 [api_error.cc:1519]712964 MemCopySync:Memory copy sync failed, cnt=416, kind=1.
[ERROR] RUNTIME(712964,):2026-01-15-10:28:38.679.174 [api_c.cc:1197]712964 rtMemcpy:ErrCode=107030, desc=[the current capture mode does not support this operation], InnerCode=0x703001c
[ERROR] RUNTIME(712964,):2026-01-15-10:28:38.679.177 [error_message_manage.cc:53]712964 FuncErrorReason:report error module_type=3, module_name=EE8888
[ERROR] RUNTIME(712964,):2026-01-15-10:28:38.679.179 [error_message_manage.cc:53]712964 FuncErrorReason:rtMemcpy execute failed, reason=[the current capture mode does not support this operation]
[ERROR] ASCENDCL(712964,):2026-01-15-10:28:38.679.440 [memory.cpp:437]712964 aclrtMemcpyImpl: synchronized memcpy failed, kind = 1, runtime result = 107030
[ERROR] RUNTIME(712964,):2026-01-15-10:28:38.750.049 [api_error.cc:1519]712964 MemCopySync:Memory copy sync failed, cnt=72, kind=1.
[ERROR] RUNTIME(712964,):2026-01-15-10:28:38.750.057 [api_c.cc:1197]712964 rtMemcpy:ErrCode=107030, desc=[the current capture mode does not support this operation], InnerCode=0x703001c
[ERROR] RUNTIME(712964,):2026-01-15-10:28:38.750.059 [error_message_manage.cc:53]712964 FuncErrorReason:report error module_type=3, module_name=EE8888
[ERROR] RUNTIME(712964,):2026-01-15-10:28:38.750.062 [error_message_manage.cc:53]712964 FuncErrorReason:rtMemcpy execute failed, reason=[the current capture mode does not support this operation]
[ERROR] ASCENDCL(712964,):2026-01-15-10:28:38.750.295 [memory.cpp:437]712964 aclrtMemcpyImpl: synchronized memcpy failed, kind = 1, runtime result = 107030
[ERROR] RUNTIME(712964,):2026-01-15-10:28:38.826.145 [api_error.cc:1519]712964 MemCopySync:Memory copy sync failed, cnt=416, kind=1.
[ERROR] RUNTIME(712964,):2026-01-15-10:28:38.826.154 [api_c.cc:1197]712964 rtMemcpy:ErrCode=107030, desc=[the current capture mode does not support this operation], InnerCode=0x703001c
[ERROR] RUNTIME(712964,):2026-01-15-10:28:38.826.156 [error_message_manage.cc:53]712964 FuncErrorReason:report error module_type=3, module_name=EE8888
[ERROR] RUNTIME(712964,):2026-01-15-10:28:38.826.159 [error_message_manage.cc:53]712964 FuncErrorReason:rtMemcpy execute failed, reason=[the current capture mode does not support this operation]
[ERROR] ASCENDCL(712964,):2026-01-15-10:28:38.826.455 [memory.cpp:437]712964 aclrtMemcpyImpl: synchronized memcpy failed, kind = 1, runtime result = 107030
[ERROR] RUNTIME(712964,):2026-01-15-10:28:38.899.398 [api_error.cc:1519]712964 MemCopySync:Memory copy sync failed, cnt=72, kind=1.
[ERROR] RUNTIME(712964,):2026-01-15-10:28:38.899.421 [api_c.cc:1197]712964 rtMemcpy:ErrCode=107030, desc=[the current capture mode does not support this operation], InnerCode=0x703001c
[ERROR] RUNTIME(712964,):2026-01-15-10:28:38.899.424 [error_message_manage.cc:53]712964 FuncErrorReason:report error module_type=3, module_name=EE8888
[ERROR] RUNTIME(712964,):2026-01-15-10:28:38.899.426 [error_message_manage.cc:53]712964 FuncErrorReason:rtMemcpy execute failed, reason=[the current capture mode does not support this operation]
[ERROR] ASCENDCL(712964,):2026-01-15-10:28:38.899.686 [memory.cpp:437]712964 aclrtMemcpyImpl: synchronized memcpy failed, kind = 1, runtime result = 107030
[ERROR] RUNTIME(712964,):2026-01-15-10:28:38.969.927 [api_error.cc:1519]712964 MemCopySync:Memory copy sync failed, cnt=416, kind=1.
[ERROR] RUNTIME(712964,):2026-01-15-10:28:38.969.935 [api_c.cc:1197]712964 rtMemcpy:ErrCode=107030, desc=[the current capture mode does not support this operation], InnerCode=0x703001c
[ERROR] RUNTIME(712964,):2026-01-15-10:28:38.969.938 [error_message_manage.cc:53]712964 FuncErrorReason:report error module_type=3, module_name=EE8888
[ERROR] RUNTIME(712964,):2026-01-15-10:28:38.969.941 [error_message_manage.cc:53]712964 FuncErrorReason:rtMemcpy execute failed, reason=[the current capture mode does not support this operation]
[ERROR] ASCENDCL(712964,):2026-01-15-10:28:38.970.160 [memory.cpp:437]712964 aclrtMemcpyImpl: synchronized memcpy failed, kind = 1, runtime result = 107030
[ERROR] RUNTIME(712964,):2026-01-15-10:28:39.038.180 [api_error.cc:1519]712964 MemCopySync:Memory copy sync failed, cnt=72, kind=1.
[ERROR] RUNTIME(712964,):2026-01-15-10:28:39.038.188 [api_c.cc:1197]712964 rtMemcpy:ErrCode=107030, desc=[the current capture mode does not support this operation], InnerCode=0x703001c
[ERROR] RUNTIME(712964,):2026-01-15-10:28:39.038.191 [error_message_manage.cc:53]712964 FuncErrorReason:report error module_type=3, module_name=EE8888
[ERROR] RUNTIME(712964,):2026-01-15-10:28:39.038.194 [error_message_manage.cc:53]712964 FuncErrorReason:rtMemcpy execute failed, reason=[the current capture mode does not support this operation]
[ERROR] ASCENDCL(712964,):2026-01-15-10:28:39.038.459 [memory.cpp:437]712964 aclrtMemcpyImpl: synchronized memcpy failed, kind = 1, runtime result = 107030
[ERROR] RUNTIME(712964,):2026-01-15-10:28:39.112.315 [api_error.cc:1519]712964 MemCopySync:Memory copy sync failed, cnt=416, kind=1.
[ERROR] RUNTIME(712964,):2026-01-15-10:28:39.112.323 [api_c.cc:1197]712964 rtMemcpy:ErrCode=107030, desc=[the current capture mode does not support this operation], InnerCode=0x703001c
[ERROR] RUNTIME(712964,):2026-01-15-10:28:39.112.326 [error_message_manage.cc:53]712964 FuncErrorReason:report error module_type=3, module_name=EE8888
[ERROR] RUNTIME(712964,):2026-01-15-10:28:39.112.329 [error_message_manage.cc:53]712964 FuncErrorReason:rtMemcpy execute failed, reason=[the current capture mode does not support this operation]
[ERROR] ASCENDCL(712964,):2026-01-15-10:28:39.112.649 [memory.cpp:437]712964 aclrtMemcpyImpl: synchronized memcpy failed, kind = 1, runtime result = 107030
[ERROR] RUNTIME(712964,):2026-01-15-10:28:39.181.429 [api_error.cc:1519]712964 MemCopySync:Memory copy sync failed, cnt=72, kind=1.
[ERROR] RUNTIME(712964,):2026-01-15-10:28:39.181.437 [api_c.cc:1197]712964 rtMemcpy:ErrCode=107030, desc=[the current capture mode does not support this operation], InnerCode=0x703001c
[ERROR] RUNTIME(712964,):2026-01-15-10:28:39.181.440 [error_message_manage.cc:53]712964 FuncErrorReason:report error module_type=3, module_name=EE8888
[ERROR] RUNTIME(712964,):2026-01-15-10:28:39.181.442 [error_message_manage.cc:53]712964 FuncErrorReason:rtMemcpy execute failed, reason=[the current capture mode does not support this operation]
[ERROR] ASCENDCL(712964,):2026-01-15-10:28:39.181.691 [memory.cpp:437]712964 aclrtMemcpyImpl: synchronized memcpy failed, kind = 1, runtime result = 107030
[ERROR] RUNTIME(712964,):2026-01-15-10:28:39.256.189 [api_error.cc:1519]712964 MemCopySync:Memory copy sync failed, cnt=416, kind=1.
[ERROR] RUNTIME(712964,):2026-01-15-10:28:39.256.199 [api_c.cc:1197]712964 rtMemcpy:ErrCode=107030, desc=[the current capture mode does not support this operation], InnerCode=0x703001c
[ERROR] RUNTIME(712964,):2026-01-15-10:28:39.256.201 [error_message_manage.cc:53]712964 FuncErrorReason:report error module_type=3, module_name=EE8888
[ERROR] RUNTIME(712964,):2026-01-15-10:28:39.256.204 [error_message_manage.cc:53]712964 FuncErrorReason:rtMemcpy execute failed, reason=[the current capture mode does not support this operation]
[ERROR] ASCENDCL(712964,):2026-01-15-10:28:39.256.488 [memory.cpp:437]712964 aclrtMemcpyImpl: synchronized memcpy failed, kind = 1, runtime result = 107030
[ERROR] RUNTIME(712964,):2026-01-15-10:28:39.324.359 [api_error.cc:1519]712964 MemCopySync:Memory copy sync failed, cnt=72, kind=1.
[ERROR] RUNTIME(712964,):2026-01-15-10:28:39.324.367 [api_c.cc:1197]712964 rtMemcpy:ErrCode=107030, desc=[the current capture mode does not support this operation], InnerCode=0x703001c
[ERROR] RUNTIME(712964,):2026-01-15-10:28:39.324.370 [error_message_manage.cc:53]712964 FuncErrorReason:report error module_type=3, module_name=EE8888
[ERROR] RUNTIME(712964,):2026-01-15-10:28:39.324.372 [error_message_manage.cc:53]712964 FuncErrorReason:rtMemcpy execute failed, reason=[the current capture mode does not support this operation]
[ERROR] ASCENDCL(712964,):2026-01-15-10:28:39.324.629 [memory.cpp:437]712964 aclrtMemcpyImpl: synchronized memcpy failed, kind = 1, runtime result = 107030
[ERROR] RUNTIME(712964,):2026-01-15-10:28:39.394.795 [api_error.cc:1519]712964 MemCopySync:Memory copy sync failed, cnt=416, kind=1.
[ERROR] RUNTIME(712964,):2026-01-15-10:28:39.394.803 [api_c.cc:1197]712964 rtMemcpy:ErrCode=107030, desc=[the current capture mode does not support this operation], InnerCode=0x703001c
[ERROR] RUNTIME(712964,):2026-01-15-10:28:39.394.806 [error_message_manage.cc:53]712964 FuncErrorReason:report error module_type=3, module_name=EE8888
[ERROR] RUNTIME(712964,):2026-01-15-10:28:39.394.809 [error_message_manage.cc:53]712964 FuncErrorReason:rtMemcpy execute failed, reason=[the current capture mode does not support this operation]
[ERROR] ASCENDCL(712964,):2026-01-15-10:28:39.395.135 [memory.cpp:437]712964 aclrtMemcpyImpl: synchronized memcpy failed, kind = 1, runtime result = 107030
[ERROR] RUNTIME(712964,):2026-01-15-10:28:39.464.028 [api_error.cc:1519]712964 MemCopySync:Memory copy sync failed, cnt=72, kind=1.
[ERROR] RUNTIME(712964,):2026-01-15-10:28:39.464.036 [api_c.cc:1197]712964 rtMemcpy:ErrCode=107030, desc=[the current capture mode does not support this operation], InnerCode=0x703001c
[ERROR] RUNTIME(712964,):2026-01-15-10:28:39.464.039 [error_message_manage.cc:53]712964 FuncErrorReason:report error module_type=3, module_name=EE8888
[ERROR] RUNTIME(712964,):2026-01-15-10:28:39.464.042 [error_message_manage.cc:53]712964 FuncErrorReason:rtMemcpy execute failed, reason=[the current capture mode does not support this operation]
[ERROR] ASCENDCL(712964,):2026-01-15-10:28:39.464.309 [memory.cpp:437]712964 aclrtMemcpyImpl: synchronized memcpy failed, kind = 1, runtime result = 107030
[ERROR] RUNTIME(712964,):2026-01-15-10:28:39.532.727 [api_error.cc:1519]712964 MemCopySync:Memory copy sync failed, cnt=416, kind=1.
[ERROR] RUNTIME(712964,):2026-01-15-10:28:39.532.735 [api_c.cc:1197]712964 rtMemcpy:ErrCode=107030, desc=[the current capture mode does not support this operation], InnerCode=0x703001c
[ERROR] RUNTIME(712964,):2026-01-15-10:28:39.532.738 [error_message_manage.cc:53]712964 FuncErrorReason:report error module_type=3, module_name=EE8888
[ERROR] RUNTIME(712964,):2026-01-15-10:28:39.532.741 [error_message_manage.cc:53]712964 FuncErrorReason:rtMemcpy execute failed, reason=[the current capture mode does not support this operation]
[ERROR] ASCENDCL(712964,):2026-01-15-10:28:39.532.965 [memory.cpp:437]712964 aclrtMemcpyImpl: synchronized memcpy failed, kind = 1, runtime result = 107030
[ERROR] RUNTIME(712964,):2026-01-15-10:28:39.600.362 [api_error.cc:1519]712964 MemCopySync:Memory copy sync failed, cnt=72, kind=1.
[ERROR] RUNTIME(712964,):2026-01-15-10:28:39.600.370 [api_c.cc:1197]712964 rtMemcpy:ErrCode=107030, desc=[the current capture mode does not support this operation], InnerCode=0x703001c
[ERROR] RUNTIME(712964,):2026-01-15-10:28:39.600.372 [error_message_manage.cc:53]712964 FuncErrorReason:report error module_type=3, module_name=EE8888
[ERROR] RUNTIME(712964,):2026-01-15-10:28:39.600.375 [error_message_manage.cc:53]712964 FuncErrorReason:rtMemcpy execute failed, reason=[the current capture mode does not support this operation]
[ERROR] ASCENDCL(712964,):2026-01-15-10:28:39.600.700 [memory.cpp:437]712964 aclrtMemcpyImpl: synchronized memcpy failed, kind = 1, runtime result = 107030
[ERROR] RUNTIME(712964,):2026-01-15-10:28:39.668.002 [api_error.cc:1519]712964 MemCopySync:Memory copy sync failed, cnt=416, kind=1.
[ERROR] RUNTIME(712964,):2026-01-15-10:28:39.668.011 [api_c.cc:1197]712964 rtMemcpy:ErrCode=107030, desc=[the current capture mode does not support this operation], InnerCode=0x703001c
[ERROR] RUNTIME(712964,):2026-01-15-10:28:39.668.013 [error_message_manage.cc:53]712964 FuncErrorReason:report error module_type=3, module_name=EE8888
[ERROR] RUNTIME(712964,):2026-01-15-10:28:39.668.016 [error_message_manage.cc:53]712964 FuncErrorReason:rtMemcpy execute failed, reason=[the current capture mode does not support this operation]
[ERROR] ASCENDCL(712964,):2026-01-15-10:28:39.668.242 [memory.cpp:437]712964 aclrtMemcpyImpl: synchronized memcpy failed, kind = 1, runtime result = 107030
[ERROR] RUNTIME(712964,):2026-01-15-10:28:39.734.259 [api_error.cc:1519]712964 MemCopySync:Memory copy sync failed, cnt=72, kind=1.
[ERROR] RUNTIME(712964,):2026-01-15-10:28:39.734.267 [api_c.cc:1197]712964 rtMemcpy:ErrCode=107030, desc=[the current capture mode does not support this operation], InnerCode=0x703001c
[ERROR] RUNTIME(712964,):2026-01-15-10:28:39.734.270 [error_message_manage.cc:53]712964 FuncErrorReason:report error module_type=3, module_name=EE8888
[ERROR] RUNTIME(712964,):2026-01-15-10:28:39.734.272 [error_message_manage.cc:53]712964 FuncErrorReason:rtMemcpy execute failed, reason=[the current capture mode does not support this operation]
[ERROR] ASCENDCL(712964,):2026-01-15-10:28:39.734.469 [memory.cpp:437]712964 aclrtMemcpyImpl: synchronized memcpy failed, kind = 1, runtime result = 107030
[ERROR] RUNTIME(712964,):2026-01-15-10:28:39.805.997 [api_error.cc:1519]712964 MemCopySync:Memory copy sync failed, cnt=416, kind=1.
[ERROR] RUNTIME(712964,):2026-01-15-10:28:39.806.005 [api_c.cc:1197]712964 rtMemcpy:ErrCode=107030, desc=[the current capture mode does not support this operation], InnerCode=0x703001c
[ERROR] RUNTIME(712964,):2026-01-15-10:28:39.806.008 [error_message_manage.cc:53]712964 FuncErrorReason:report error module_type=3, module_name=EE8888
[ERROR] RUNTIME(712964,):2026-01-15-10:28:39.806.011 [error_message_manage.cc:53]712964 FuncErrorReason:rtMemcpy execute failed, reason=[the current capture mode does not support this operation]
[ERROR] ASCENDCL(712964,):2026-01-15-10:28:39.806.298 [memory.cpp:437]712964 aclrtMemcpyImpl: synchronized memcpy failed, kind = 1, runtime result = 107030
[ERROR] RUNTIME(712964,):2026-01-15-10:28:39.873.468 [api_error.cc:1519]712964 MemCopySync:Memory copy sync failed, cnt=72, kind=1.
[ERROR] RUNTIME(712964,):2026-01-15-10:28:39.873.476 [api_c.cc:1197]712964 rtMemcpy:ErrCode=107030, desc=[the current capture mode does not support this operation], InnerCode=0x703001c
[ERROR] RUNTIME(712964,):2026-01-15-10:28:39.873.478 [error_message_manage.cc:53]712964 FuncErrorReason:report error module_type=3, module_name=EE8888
[ERROR] RUNTIME(712964,):2026-01-15-10:28:39.873.481 [error_message_manage.cc:53]712964 FuncErrorReason:rtMemcpy execute failed, reason=[the current capture mode does not support this operation]
[ERROR] ASCENDCL(712964,):2026-01-15-10:28:39.873.707 [memory.cpp:437]712964 aclrtMemcpyImpl: synchronized memcpy failed, kind = 1, runtime result = 107030
[ERROR] RUNTIME(712964,):2026-01-15-10:28:39.944.023 [api_error.cc:1519]712964 MemCopySync:Memory copy sync failed, cnt=416, kind=1.
[ERROR] RUNTIME(712964,):2026-01-15-10:28:39.944.031 [api_c.cc:1197]712964 rtMemcpy:ErrCode=107030, desc=[the current capture mode does not support this operation], InnerCode=0x703001c
[ERROR] RUNTIME(712964,):2026-01-15-10:28:39.944.033 [error_message_manage.cc:53]712964 FuncErrorReason:report error module_type=3, module_name=EE8888
[ERROR] RUNTIME(712964,):2026-01-15-10:28:39.944.036 [error_message_manage.cc:53]712964 FuncErrorReason:rtMemcpy execute failed, reason=[the current capture mode does not support this operation]
[ERROR] ASCENDCL(712964,):2026-01-15-10:28:39.944.282 [memory.cpp:437]712964 aclrtMemcpyImpl: synchronized memcpy failed, kind = 1, runtime result = 107030
[ERROR] RUNTIME(712964,):2026-01-15-10:28:40.014.534 [api_error.cc:1519]712964 MemCopySync:Memory copy sync failed, cnt=72, kind=1.
[ERROR] RUNTIME(712964,):2026-01-15-10:28:40.014.542 [api_c.cc:1197]712964 rtMemcpy:ErrCode=107030, desc=[the current capture mode does not support this operation], InnerCode=0x703001c
[ERROR] RUNTIME(712964,):2026-01-15-10:28:40.014.545 [error_message_manage.cc:53]712964 FuncErrorReason:report error module_type=3, module_name=EE8888
[ERROR] RUNTIME(712964,):2026-01-15-10:28:40.014.548 [error_message_manage.cc:53]712964 FuncErrorReason:rtMemcpy execute failed, reason=[the current capture mode does not support this operation]
[ERROR] ASCENDCL(712964,):2026-01-15-10:28:40.014.847 [memory.cpp:437]712964 aclrtMemcpyImpl: synchronized memcpy failed, kind = 1, runtime result = 107030
[ERROR] RUNTIME(712964,):2026-01-15-10:28:40.087.324 [api_error.cc:1519]712964 MemCopySync:Memory copy sync failed, cnt=416, kind=1.
[ERROR] RUNTIME(712964,):2026-01-15-10:28:40.087.332 [api_c.cc:1197]712964 rtMemcpy:ErrCode=107030, desc=[the current capture mode does not support this operation], InnerCode=0x703001c
[ERROR] RUNTIME(712964,):2026-01-15-10:28:40.087.335 [error_message_manage.cc:53]712964 FuncErrorReason:report error module_type=3, module_name=EE8888
[ERROR] RUNTIME(712964,):2026-01-15-10:28:40.087.338 [error_message_manage.cc:53]712964 FuncErrorReason:rtMemcpy execute failed, reason=[the current capture mode does not support this operation]
[ERROR] ASCENDCL(712964,):2026-01-15-10:28:40.087.558 [memory.cpp:437]712964 aclrtMemcpyImpl: synchronized memcpy failed, kind = 1, runtime result = 107030
[ERROR] RUNTIME(712964,):2026-01-15-10:28:40.159.763 [api_error.cc:1519]712964 MemCopySync:Memory copy sync failed, cnt=72, kind=1.
[ERROR] RUNTIME(712964,):2026-01-15-10:28:40.159.771 [api_c.cc:1197]712964 rtMemcpy:ErrCode=107030, desc=[the current capture mode does not support this operation], InnerCode=0x703001c
[ERROR] RUNTIME(712964,):2026-01-15-10:28:40.159.774 [error_message_manage.cc:53]712964 FuncErrorReason:report error module_type=3, module_name=EE8888
[ERROR] RUNTIME(712964,):2026-01-15-10:28:40.159.776 [error_message_manage.cc:53]712964 FuncErrorReason:rtMemcpy execute failed, reason=[the current capture mode does not support this operation]
[ERROR] ASCENDCL(712964,):2026-01-15-10:28:40.160.010 [memory.cpp:437]712964 aclrtMemcpyImpl: synchronized memcpy failed, kind = 1, runtime result = 107030
[ERROR] RUNTIME(712964,):2026-01-15-10:28:40.227.076 [api_error.cc:1519]712964 MemCopySync:Memory copy sync failed, cnt=416, kind=1.
[ERROR] RUNTIME(712964,):2026-01-15-10:28:40.227.085 [api_c.cc:1197]712964 rtMemcpy:ErrCode=107030, desc=[the current capture mode does not support this operation], InnerCode=0x703001c
[ERROR] RUNTIME(712964,):2026-01-15-10:28:40.227.088 [error_message_manage.cc:53]712964 FuncErrorReason:report error module_type=3, module_name=EE8888
[ERROR] RUNTIME(712964,):2026-01-15-10:28:40.227.091 [error_message_manage.cc:53]712964 FuncErrorReason:rtMemcpy execute failed, reason=[the current capture mode does not support this operation]
[ERROR] ASCENDCL(712964,):2026-01-15-10:28:40.227.375 [memory.cpp:437]712964 aclrtMemcpyImpl: synchronized memcpy failed, kind = 1, runtime result = 107030
[ERROR] RUNTIME(712964,):2026-01-15-10:28:40.292.864 [api_error.cc:1519]712964 MemCopySync:Memory copy sync failed, cnt=72, kind=1.
[ERROR] RUNTIME(712964,):2026-01-15-10:28:40.292.871 [api_c.cc:1197]712964 rtMemcpy:ErrCode=107030, desc=[the current capture mode does not support this operation], InnerCode=0x703001c
[ERROR] RUNTIME(712964,):2026-01-15-10:28:40.292.874 [error_message_manage.cc:53]712964 FuncErrorReason:report error module_type=3, module_name=EE8888
[ERROR] RUNTIME(712964,):2026-01-15-10:28:40.292.877 [error_message_manage.cc:53]712964 FuncErrorReason:rtMemcpy execute failed, reason=[the current capture mode does not support this operation]
[ERROR] ASCENDCL(712964,):2026-01-15-10:28:40.293.124 [memory.cpp:437]712964 aclrtMemcpyImpl: synchronized memcpy failed, kind = 1, runtime result = 107030
[ERROR] RUNTIME(712964,):2026-01-15-10:28:40.356.724 [api_error.cc:1519]712964 MemCopySync:Memory copy sync failed, cnt=416, kind=1.
[ERROR] RUNTIME(712964,):2026-01-15-10:28:40.356.733 [api_c.cc:1197]712964 rtMemcpy:ErrCode=107030, desc=[the current capture mode does not support this operation], InnerCode=0x703001c
[ERROR] RUNTIME(712964,):2026-01-15-10:28:40.356.735 [error_message_manage.cc:53]712964 FuncErrorReason:report error module_type=3, module_name=EE8888
[ERROR] RUNTIME(712964,):2026-01-15-10:28:40.356.738 [error_message_manage.cc:53]712964 FuncErrorReason:rtMemcpy execute failed, reason=[the current capture mode does not support this operation]
[ERROR] ASCENDCL(712964,):2026-01-15-10:28:40.356.979 [memory.cpp:437]712964 aclrtMemcpyImpl: synchronized memcpy failed, kind = 1, runtime result = 107030
[ERROR] RUNTIME(712964,):2026-01-15-10:28:40.422.603 [api_error.cc:1519]712964 MemCopySync:Memory copy sync failed, cnt=72, kind=1.
[ERROR] RUNTIME(712964,):2026-01-15-10:28:40.422.618 [api_c.cc:1197]712964 rtMemcpy:ErrCode=107030, desc=[the current capture mode does not support this operation], InnerCode=0x703001c
[ERROR] RUNTIME(712964,):2026-01-15-10:28:40.422.621 [error_message_manage.cc:53]712964 FuncErrorReason:report error module_type=3, module_name=EE8888
[ERROR] RUNTIME(712964,):2026-01-15-10:28:40.422.624 [error_message_manage.cc:53]712964 FuncErrorReason:rtMemcpy execute failed, reason=[the current capture mode does not support this operation]
[ERROR] ASCENDCL(712964,):2026-01-15-10:28:40.422.958 [memory.cpp:437]712964 aclrtMemcpyImpl: synchronized memcpy failed, kind = 1, runtime result = 107030
[ERROR] RUNTIME(712964,):2026-01-15-10:28:40.498.912 [api_error.cc:1519]712964 MemCopySync:Memory copy sync failed, cnt=416, kind=1.
[ERROR] RUNTIME(712964,):2026-01-15-10:28:40.498.921 [api_c.cc:1197]712964 rtMemcpy:ErrCode=107030, desc=[the current capture mode does not support this operation], InnerCode=0x703001c
[ERROR] RUNTIME(712964,):2026-01-15-10:28:40.498.923 [error_message_manage.cc:53]712964 FuncErrorReason:report error module_type=3, module_name=EE8888
[ERROR] RUNTIME(712964,):2026-01-15-10:28:40.498.926 [error_message_manage.cc:53]712964 FuncErrorReason:rtMemcpy execute failed, reason=[the current capture mode does not support this operation]
[ERROR] ASCENDCL(712964,):2026-01-15-10:28:40.499.190 [memory.cpp:437]712964 aclrtMemcpyImpl: synchronized memcpy failed, kind = 1, runtime result = 107030
[ERROR] RUNTIME(712964,):2026-01-15-10:28:40.574.713 [api_error.cc:1519]712964 MemCopySync:Memory copy sync failed, cnt=72, kind=1.
[ERROR] RUNTIME(712964,):2026-01-15-10:28:40.574.721 [api_c.cc:1197]712964 rtMemcpy:ErrCode=107030, desc=[the current capture mode does not support this operation], InnerCode=0x703001c
[ERROR] RUNTIME(712964,):2026-01-15-10:28:40.574.724 [error_message_manage.cc:53]712964 FuncErrorReason:report error module_type=3, module_name=EE8888
[ERROR] RUNTIME(712964,):2026-01-15-10:28:40.574.726 [error_message_manage.cc:53]712964 FuncErrorReason:rtMemcpy execute failed, reason=[the current capture mode does not support this operation]
[ERROR] ASCENDCL(712964,):2026-01-15-10:28:40.575.083 [memory.cpp:437]712964 aclrtMemcpyImpl: synchronized memcpy failed, kind = 1, runtime result = 107030
[ERROR] RUNTIME(712964,):2026-01-15-10:28:40.786.299 [api_c_stream.cc:412]712964 rtsStreamSetAttribute:report error module_name=EE1001
[ERROR] RUNTIME(712964,):2026-01-15-10:28:40.786.304 [api_c_stream.cc:412]712964 rtsStreamSetAttribute:Invalid stream attribute ID: 4, Supported stream attribute IDs: [1, 4).
[ERROR] RUNTIME(712964,):2026-01-15-10:28:40.786.336 [api_c_stream.cc:416]712964 rtsStreamSetAttribute:ErrCode=107000, desc=[invalid value], InnerCode=0x7110001
[ERROR] RUNTIME(712964,):2026-01-15-10:28:40.786.338 [error_message_manage.cc:48]712964 FuncErrorReason:report error module_name=EE1001
[ERROR] RUNTIME(712964,):2026-01-15-10:28:40.786.341 [error_message_manage.cc:48]712964 FuncErrorReason:rtsStreamSetAttribute execute failed, reason=[invalid value]
[ERROR] ASCENDCL(712964,):2026-01-15-10:28:40.786.636 [stream.cpp:299]712964 aclrtSetStreamAttributeImpl: call rtsStreamSetAttribute failed, runtime result = 107000
[ERROR] RUNTIME(712964,):2026-01-15-10:28:41.343.966 [api_c_stream.cc:412]712964 rtsStreamSetAttribute:report error module_name=EE1001
[ERROR] RUNTIME(712964,):2026-01-15-10:28:41.343.973 [api_c_stream.cc:412]712964 rtsStreamSetAttribute:Invalid stream attribute ID: 4, Supported stream attribute IDs: [1, 4).
[ERROR] RUNTIME(712964,):2026-01-15-10:28:41.344.003 [api_c_stream.cc:416]712964 rtsStreamSetAttribute:ErrCode=107000, desc=[invalid value], InnerCode=0x7110001
[ERROR] RUNTIME(712964,):2026-01-15-10:28:41.344.006 [error_message_manage.cc:48]712964 FuncErrorReason:report error module_name=EE1001
[ERROR] RUNTIME(712964,):2026-01-15-10:28:41.344.009 [error_message_manage.cc:48]712964 FuncErrorReason:rtsStreamSetAttribute execute failed, reason=[invalid value]
[ERROR] ASCENDCL(712964,):2026-01-15-10:28:41.344.241 [stream.cpp:299]712964 aclrtSetStreamAttributeImpl: call rtsStreamSetAttribute failed, runtime result = 107000
[ERROR] RUNTIME(712964,):2026-01-15-10:28:41.688.430 [api_error.cc:1519]712964 MemCopySync:Memory copy sync failed, cnt=416, kind=1.
[ERROR] RUNTIME(712964,):2026-01-15-10:28:41.688.443 [api_c.cc:1197]712964 rtMemcpy:ErrCode=107030, desc=[the current capture mode does not support this operation], InnerCode=0x703001c
[ERROR] RUNTIME(712964,):2026-01-15-10:28:41.688.445 [error_message_manage.cc:53]712964 FuncErrorReason:report error module_type=3, module_name=EE8888
[ERROR] RUNTIME(712964,):2026-01-15-10:28:41.688.449 [error_message_manage.cc:53]712964 FuncErrorReason:rtMemcpy execute failed, reason=[the current capture mode does not support this operation]
[ERROR] ASCENDCL(712964,):2026-01-15-10:28:41.688.745 [memory.cpp:437]712964 aclrtMemcpyImpl: synchronized memcpy failed, kind = 1, runtime result = 107030
[ERROR] RUNTIME(712964,):2026-01-15-10:28:41.689.907 [api_error.cc:1519]712964 MemCopySync:Memory copy sync failed, cnt=72, kind=1.
[ERROR] RUNTIME(712964,):2026-01-15-10:28:41.689.915 [api_c.cc:1197]712964 rtMemcpy:ErrCode=107030, desc=[the current capture mode does not support this operation], InnerCode=0x703001c
[ERROR] RUNTIME(712964,):2026-01-15-10:28:41.689.918 [error_message_manage.cc:53]712964 FuncErrorReason:report error module_type=3, module_name=EE8888
[ERROR] RUNTIME(712964,):2026-01-15-10:28:41.689.921 [error_message_manage.cc:53]712964 FuncErrorReason:rtMemcpy execute failed, reason=[the current capture mode does not support this operation]
[ERROR] ASCENDCL(712964,):2026-01-15-10:28:41.690.107 [memory.cpp:437]712964 aclrtMemcpyImpl: synchronized memcpy failed, kind = 1, runtime result = 107030
[ERROR] RUNTIME(712964,):2026-01-15-10:28:42.440.018 [api_error.cc:1519]712964 MemCopySync:Memory copy sync failed, cnt=416, kind=1.
[ERROR] RUNTIME(712964,):2026-01-15-10:28:42.440.028 [api_c.cc:1197]712964 rtMemcpy:ErrCode=107030, desc=[the current capture mode does not support this operation], InnerCode=0x703001c
[ERROR] RUNTIME(712964,):2026-01-15-10:28:42.440.031 [error_message_manage.cc:53]712964 FuncErrorReason:report error module_type=3, module_name=EE8888
[ERROR] RUNTIME(712964,):2026-01-15-10:28:42.440.034 [error_message_manage.cc:53]712964 FuncErrorReason:rtMemcpy execute failed, reason=[the current capture mode does not support this operation]
[ERROR] ASCENDCL(712964,):2026-01-15-10:28:42.440.381 [memory.cpp:437]712964 aclrtMemcpyImpl: synchronized memcpy failed, kind = 1, runtime result = 107030
[ERROR] RUNTIME(712964,):2026-01-15-10:28:43.204.472 [api_error.cc:1519]712964 MemCopySync:Memory copy sync failed, cnt=72, kind=1.
[ERROR] RUNTIME(712964,):2026-01-15-10:28:43.204.482 [api_c.cc:1197]712964 rtMemcpy:ErrCode=107030, desc=[the current capture mode does not support this operation], InnerCode=0x703001c
[ERROR] RUNTIME(712964,):2026-01-15-10:28:43.204.485 [error_message_manage.cc:53]712964 FuncErrorReason:report error module_type=3, module_name=EE8888
[ERROR] RUNTIME(712964,):2026-01-15-10:28:43.204.488 [error_message_manage.cc:53]712964 FuncErrorReason:rtMemcpy execute failed, reason=[the current capture mode does not support this operation]
[ERROR] ASCENDCL(712964,):2026-01-15-10:28:43.204.723 [memory.cpp:437]712964 aclrtMemcpyImpl: synchronized memcpy failed, kind = 1, runtime result = 107030
[ERROR] RUNTIME(712964,):2026-01-15-10:28:43.939.339 [api_error.cc:1519]712964 MemCopySync:Memory copy sync failed, cnt=416, kind=1.
[ERROR] RUNTIME(712964,):2026-01-15-10:28:43.939.350 [api_c.cc:1197]712964 rtMemcpy:ErrCode=107030, desc=[the current capture mode does not support this operation], InnerCode=0x703001c
[ERROR] RUNTIME(712964,):2026-01-15-10:28:43.939.353 [error_message_manage.cc:53]712964 FuncErrorReason:report error module_type=3, module_name=EE8888
[ERROR] RUNTIME(712964,):2026-01-15-10:28:43.939.356 [error_message_manage.cc:53]712964 FuncErrorReason:rtMemcpy execute failed, reason=[the current capture mode does not support this operation]
[ERROR] ASCENDCL(712964,):2026-01-15-10:28:43.939.686 [memory.cpp:437]712964 aclrtMemcpyImpl: synchronized memcpy failed, kind = 1, runtime result = 107030
[ERROR] RUNTIME(712964,):2026-01-15-10:28:44.707.049 [api_error.cc:1519]712964 MemCopySync:Memory copy sync failed, cnt=72, kind=1.
[ERROR] RUNTIME(712964,):2026-01-15-10:28:44.707.060 [api_c.cc:1197]712964 rtMemcpy:ErrCode=107030, desc=[the current capture mode does not support this operation], InnerCode=0x703001c
[ERROR] RUNTIME(712964,):2026-01-15-10:28:44.707.063 [error_message_manage.cc:53]712964 FuncErrorReason:report error module_type=3, module_name=EE8888
[ERROR] RUNTIME(712964,):2026-01-15-10:28:44.707.067 [error_message_manage.cc:53]712964 FuncErrorReason:rtMemcpy execute failed, reason=[the current capture mode does not support this operation]
[ERROR] ASCENDCL(712964,):2026-01-15-10:28:44.707.440 [memory.cpp:437]712964 aclrtMemcpyImpl: synchronized memcpy failed, kind = 1, runtime result = 107030
[ERROR] RUNTIME(712964,):2026-01-15-10:28:45.447.289 [api_error.cc:1519]712964 MemCopySync:Memory copy sync failed, cnt=416, kind=1.
[ERROR] RUNTIME(712964,):2026-01-15-10:28:45.447.299 [api_c.cc:1197]712964 rtMemcpy:ErrCode=107030, desc=[the current capture mode does not support this operation], InnerCode=0x703001c
[ERROR] RUNTIME(712964,):2026-01-15-10:28:45.447.302 [error_message_manage.cc:53]712964 FuncErrorReason:report error module_type=3, module_name=EE8888
[ERROR] RUNTIME(712964,):2026-01-15-10:28:45.447.305 [error_message_manage.cc:53]712964 FuncErrorReason:rtMemcpy execute failed, reason=[the current capture mode does not support this operation]
[ERROR] ASCENDCL(712964,):2026-01-15-10:28:45.447.640 [memory.cpp:437]712964 aclrtMemcpyImpl: synchronized memcpy failed, kind = 1, runtime result = 107030
[ERROR] RUNTIME(712964,):2026-01-15-10:28:46.209.751 [api_error.cc:1519]712964 MemCopySync:Memory copy sync failed, cnt=72, kind=1.
[ERROR] RUNTIME(712964,):2026-01-15-10:28:46.209.762 [api_c.cc:1197]712964 rtMemcpy:ErrCode=107030, desc=[the current capture mode does not support this operation], InnerCode=0x703001c
[ERROR] RUNTIME(712964,):2026-01-15-10:28:46.209.765 [error_message_manage.cc:53]712964 FuncErrorReason:report error module_type=3, module_name=EE8888
[ERROR] RUNTIME(712964,):2026-01-15-10:28:46.209.769 [error_message_manage.cc:53]712964 FuncErrorReason:rtMemcpy execute failed, reason=[the current capture mode does not support this operation]
[ERROR] ASCENDCL(712964,):2026-01-15-10:28:46.210.073 [memory.cpp:437]712964 aclrtMemcpyImpl: synchronized memcpy failed, kind = 1, runtime result = 107030
[ERROR] RUNTIME(712964,):2026-01-15-10:28:46.287.118 [api_error.cc:1519]712964 MemCopySync:Memory copy sync failed, cnt=416, kind=1.
[ERROR] RUNTIME(712964,):2026-01-15-10:28:46.287.127 [api_c.cc:1197]712964 rtMemcpy:ErrCode=107030, desc=[the current capture mode does not support this operation], InnerCode=0x703001c
[ERROR] RUNTIME(712964,):2026-01-15-10:28:46.287.130 [error_message_manage.cc:53]712964 FuncErrorReason:report error module_type=3, module_name=EE8888
[ERROR] RUNTIME(712964,):2026-01-15-10:28:46.287.133 [error_message_manage.cc:53]712964 FuncErrorReason:rtMemcpy execute failed, reason=[the current capture mode does not support this operation]
[ERROR] ASCENDCL(712964,):2026-01-15-10:28:46.287.385 [memory.cpp:437]712964 aclrtMemcpyImpl: synchronized memcpy failed, kind = 1, runtime result = 107030
[ERROR] RUNTIME(712964,):2026-01-15-10:28:46.358.760 [api_error.cc:1519]712964 MemCopySync:Memory copy sync failed, cnt=72, kind=1.
[ERROR] RUNTIME(712964,):2026-01-15-10:28:46.358.769 [api_c.cc:1197]712964 rtMemcpy:ErrCode=107030, desc=[the current capture mode does not support this operation], InnerCode=0x703001c
[ERROR] RUNTIME(712964,):2026-01-15-10:28:46.358.771 [error_message_manage.cc:53]712964 FuncErrorReason:report error module_type=3, module_name=EE8888
[ERROR] RUNTIME(712964,):2026-01-15-10:28:46.358.774 [error_message_manage.cc:53]712964 FuncErrorReason:rtMemcpy execute failed, reason=[the current capture mode does not support this operation]
[ERROR] ASCENDCL(712964,):2026-01-15-10:28:46.359.025 [memory.cpp:437]712964 aclrtMemcpyImpl: synchronized memcpy failed, kind = 1, runtime result = 107030
[ERROR] RUNTIME(712964,):2026-01-15-10:28:46.439.453 [api_error.cc:1519]712964 MemCopySync:Memory copy sync failed, cnt=416, kind=1.
[ERROR] RUNTIME(712964,):2026-01-15-10:28:46.439.462 [api_c.cc:1197]712964 rtMemcpy:ErrCode=107030, desc=[the current capture mode does not support this operation], InnerCode=0x703001c
[ERROR] RUNTIME(712964,):2026-01-15-10:28:46.439.464 [error_message_manage.cc:53]712964 FuncErrorReason:report error module_type=3, module_name=EE8888
[ERROR] RUNTIME(712964,):2026-01-15-10:28:46.439.467 [error_message_manage.cc:53]712964 FuncErrorReason:rtMemcpy execute failed, reason=[the current capture mode does not support this operation]
[ERROR] ASCENDCL(712964,):2026-01-15-10:28:46.439.735 [memory.cpp:437]712964 aclrtMemcpyImpl: synchronized memcpy failed, kind = 1, runtime result = 107030
[ERROR] RUNTIME(712964,):2026-01-15-10:28:46.516.156 [api_error.cc:1519]712964 MemCopySync:Memory copy sync failed, cnt=72, kind=1.
[ERROR] RUNTIME(712964,):2026-01-15-10:28:46.516.165 [api_c.cc:1197]712964 rtMemcpy:ErrCode=107030, desc=[the current capture mode does not support this operation], InnerCode=0x703001c
[ERROR] RUNTIME(712964,):2026-01-15-10:28:46.516.167 [error_message_manage.cc:53]712964 FuncErrorReason:report error module_type=3, module_name=EE8888
[ERROR] RUNTIME(712964,):2026-01-15-10:28:46.516.170 [error_message_manage.cc:53]712964 FuncErrorReason:rtMemcpy execute failed, reason=[the current capture mode does not support this operation]
[ERROR] ASCENDCL(712964,):2026-01-15-10:28:46.516.371 [memory.cpp:437]712964 aclrtMemcpyImpl: synchronized memcpy failed, kind = 1, runtime result = 107030
[ERROR] RUNTIME(712964,):2026-01-15-10:28:46.592.501 [api_error.cc:1519]712964 MemCopySync:Memory copy sync failed, cnt=416, kind=1.
[ERROR] RUNTIME(712964,):2026-01-15-10:28:46.592.510 [api_c.cc:1197]712964 rtMemcpy:ErrCode=107030, desc=[the current capture mode does not support this operation], InnerCode=0x703001c
[ERROR] RUNTIME(712964,):2026-01-15-10:28:46.592.512 [error_message_manage.cc:53]712964 FuncErrorReason:report error module_type=3, module_name=EE8888
[ERROR] RUNTIME(712964,):2026-01-15-10:28:46.592.515 [error_message_manage.cc:53]712964 FuncErrorReason:rtMemcpy execute failed, reason=[the current capture mode does not support this operation]
[ERROR] ASCENDCL(712964,):2026-01-15-10:28:46.592.772 [memory.cpp:437]712964 aclrtMemcpyImpl: synchronized memcpy failed, kind = 1, runtime result = 107030
[ERROR] RUNTIME(712964,):2026-01-15-10:28:46.659.000 [api_error.cc:1519]712964 MemCopySync:Memory copy sync failed, cnt=72, kind=1.
[ERROR] RUNTIME(712964,):2026-01-15-10:28:46.659.009 [api_c.cc:1197]712964 rtMemcpy:ErrCode=107030, desc=[the current capture mode does not support this operation], InnerCode=0x703001c
[ERROR] RUNTIME(712964,):2026-01-15-10:28:46.659.012 [error_message_manage.cc:53]712964 FuncErrorReason:report error module_type=3, module_name=EE8888
[ERROR] RUNTIME(712964,):2026-01-15-10:28:46.659.014 [error_message_manage.cc:53]712964 FuncErrorReason:rtMemcpy execute failed, reason=[the current capture mode does not support this operation]
[ERROR] ASCENDCL(712964,):2026-01-15-10:28:46.659.289 [memory.cpp:437]712964 aclrtMemcpyImpl: synchronized memcpy failed, kind = 1, runtime result = 107030
[ERROR] RUNTIME(712964,):2026-01-15-10:28:46.737.283 [api_error.cc:1519]712964 MemCopySync:Memory copy sync failed, cnt=416, kind=1.
[ERROR] RUNTIME(712964,):2026-01-15-10:28:46.737.292 [api_c.cc:1197]712964 rtMemcpy:ErrCode=107030, desc=[the current capture mode does not support this operation], InnerCode=0x703001c
[ERROR] RUNTIME(712964,):2026-01-15-10:28:46.737.294 [error_message_manage.cc:53]712964 FuncErrorReason:report error module_type=3, module_name=EE8888
[ERROR] RUNTIME(712964,):2026-01-15-10:28:46.737.297 [error_message_manage.cc:53]712964 FuncErrorReason:rtMemcpy execute failed, reason=[the current capture mode does not support this operation]
[ERROR] ASCENDCL(712964,):2026-01-15-10:28:46.737.559 [memory.cpp:437]712964 aclrtMemcpyImpl: synchronized memcpy failed, kind = 1, runtime result = 107030
[ERROR] RUNTIME(712964,):2026-01-15-10:28:46.809.247 [api_error.cc:1519]712964 MemCopySync:Memory copy sync failed, cnt=72, kind=1.
[ERROR] RUNTIME(712964,):2026-01-15-10:28:46.809.255 [api_c.cc:1197]712964 rtMemcpy:ErrCode=107030, desc=[the current capture mode does not support this operation], InnerCode=0x703001c
[ERROR] RUNTIME(712964,):2026-01-15-10:28:46.809.258 [error_message_manage.cc:53]712964 FuncErrorReason:report error module_type=3, module_name=EE8888
[ERROR] RUNTIME(712964,):2026-01-15-10:28:46.809.260 [error_message_manage.cc:53]712964 FuncErrorReason:rtMemcpy execute failed, reason=[the current capture mode does not support this operation]
[ERROR] ASCENDCL(712964,):2026-01-15-10:28:46.809.457 [memory.cpp:437]712964 aclrtMemcpyImpl: synchronized memcpy failed, kind = 1, runtime result = 107030
[ERROR] RUNTIME(712964,):2026-01-15-10:28:46.886.415 [api_error.cc:1519]712964 MemCopySync:Memory copy sync failed, cnt=416, kind=1.
[ERROR] RUNTIME(712964,):2026-01-15-10:28:46.886.424 [api_c.cc:1197]712964 rtMemcpy:ErrCode=107030, desc=[the current capture mode does not support this operation], InnerCode=0x703001c
[ERROR] RUNTIME(712964,):2026-01-15-10:28:46.886.426 [error_message_manage.cc:53]712964 FuncErrorReason:report error module_type=3, module_name=EE8888
[ERROR] RUNTIME(712964,):2026-01-15-10:28:46.886.429 [error_message_manage.cc:53]712964 FuncErrorReason:rtMemcpy execute failed, reason=[the current capture mode does not support this operation]
[ERROR] ASCENDCL(712964,):2026-01-15-10:28:46.886.706 [memory.cpp:437]712964 aclrtMemcpyImpl: synchronized memcpy failed, kind = 1, runtime result = 107030
[ERROR] RUNTIME(712964,):2026-01-15-10:28:46.955.819 [api_error.cc:1519]712964 MemCopySync:Memory copy sync failed, cnt=72, kind=1.
[ERROR] RUNTIME(712964,):2026-01-15-10:28:46.955.827 [api_c.cc:1197]712964 rtMemcpy:ErrCode=107030, desc=[the current capture mode does not support this operation], InnerCode=0x703001c
[ERROR] RUNTIME(712964,):2026-01-15-10:28:46.955.829 [error_message_manage.cc:53]712964 FuncErrorReason:report error module_type=3, module_name=EE8888
[ERROR] RUNTIME(712964,):2026-01-15-10:28:46.955.832 [error_message_manage.cc:53]712964 FuncErrorReason:rtMemcpy execute failed, reason=[the current capture mode does not support this operation]
[ERROR] ASCENDCL(712964,):2026-01-15-10:28:46.956.105 [memory.cpp:437]712964 aclrtMemcpyImpl: synchronized memcpy failed, kind = 1, runtime result = 107030
[ERROR] RUNTIME(712964,):2026-01-15-10:28:47.028.671 [api_error.cc:1519]712964 MemCopySync:Memory copy sync failed, cnt=416, kind=1.
[ERROR] RUNTIME(712964,):2026-01-15-10:28:47.028.680 [api_c.cc:1197]712964 rtMemcpy:ErrCode=107030, desc=[the current capture mode does not support this operation], InnerCode=0x703001c
[ERROR] RUNTIME(712964,):2026-01-15-10:28:47.028.682 [error_message_manage.cc:53]712964 FuncErrorReason:report error module_type=3, module_name=EE8888
[ERROR] RUNTIME(712964,):2026-01-15-10:28:47.028.685 [error_message_manage.cc:53]712964 FuncErrorReason:rtMemcpy execute failed, reason=[the current capture mode does not support this operation]
[ERROR] ASCENDCL(712964,):2026-01-15-10:28:47.028.970 [memory.cpp:437]712964 aclrtMemcpyImpl: synchronized memcpy failed, kind = 1, runtime result = 107030
[ERROR] RUNTIME(712964,):2026-01-15-10:28:47.102.864 [api_error.cc:1519]712964 MemCopySync:Memory copy sync failed, cnt=72, kind=1.
[ERROR] RUNTIME(712964,):2026-01-15-10:28:47.102.873 [api_c.cc:1197]712964 rtMemcpy:ErrCode=107030, desc=[the current capture mode does not support this operation], InnerCode=0x703001c
[ERROR] RUNTIME(712964,):2026-01-15-10:28:47.102.875 [error_message_manage.cc:53]712964 FuncErrorReason:report error module_type=3, module_name=EE8888
[ERROR] RUNTIME(712964,):2026-01-15-10:28:47.102.878 [error_message_manage.cc:53]712964 FuncErrorReason:rtMemcpy execute failed, reason=[the current capture mode does not support this operation]
[ERROR] ASCENDCL(712964,):2026-01-15-10:28:47.103.106 [memory.cpp:437]712964 aclrtMemcpyImpl: synchronized memcpy failed, kind = 1, runtime result = 107030
[ERROR] RUNTIME(712964,):2026-01-15-10:28:47.183.003 [api_error.cc:1519]712964 MemCopySync:Memory copy sync failed, cnt=416, kind=1.
[ERROR] RUNTIME(712964,):2026-01-15-10:28:47.183.012 [api_c.cc:1197]712964 rtMemcpy:ErrCode=107030, desc=[the current capture mode does not support this operation], InnerCode=0x703001c
[ERROR] RUNTIME(712964,):2026-01-15-10:28:47.183.014 [error_message_manage.cc:53]712964 FuncErrorReason:report error module_type=3, module_name=EE8888
[ERROR] RUNTIME(712964,):2026-01-15-10:28:47.183.017 [error_message_manage.cc:53]712964 FuncErrorReason:rtMemcpy execute failed, reason=[the current capture mode does not support this operation]
[ERROR] ASCENDCL(712964,):2026-01-15-10:28:47.183.296 [memory.cpp:437]712964 aclrtMemcpyImpl: synchronized memcpy failed, kind = 1, runtime result = 107030
[ERROR] RUNTIME(712964,):2026-01-15-10:28:47.257.500 [api_error.cc:1519]712964 MemCopySync:Memory copy sync failed, cnt=72, kind=1.
[ERROR] RUNTIME(712964,):2026-01-15-10:28:47.257.509 [api_c.cc:1197]712964 rtMemcpy:ErrCode=107030, desc=[the current capture mode does not support this operation], InnerCode=0x703001c
[ERROR] RUNTIME(712964,):2026-01-15-10:28:47.257.512 [error_message_manage.cc:53]712964 FuncErrorReason:report error module_type=3, module_name=EE8888
[ERROR] RUNTIME(712964,):2026-01-15-10:28:47.257.514 [error_message_manage.cc:53]712964 FuncErrorReason:rtMemcpy execute failed, reason=[the current capture mode does not support this operation]
[ERROR] ASCENDCL(712964,):2026-01-15-10:28:47.257.806 [memory.cpp:437]712964 aclrtMemcpyImpl: synchronized memcpy failed, kind = 1, runtime result = 107030
[ERROR] RUNTIME(712964,):2026-01-15-10:28:47.327.383 [api_error.cc:1519]712964 MemCopySync:Memory copy sync failed, cnt=416, kind=1.
[ERROR] RUNTIME(712964,):2026-01-15-10:28:47.327.391 [api_c.cc:1197]712964 rtMemcpy:ErrCode=107030, desc=[the current capture mode does not support this operation], InnerCode=0x703001c
[ERROR] RUNTIME(712964,):2026-01-15-10:28:47.327.394 [error_message_manage.cc:53]712964 FuncErrorReason:report error module_type=3, module_name=EE8888
[ERROR] RUNTIME(712964,):2026-01-15-10:28:47.327.397 [error_message_manage.cc:53]712964 FuncErrorReason:rtMemcpy execute failed, reason=[the current capture mode does not support this operation]
[ERROR] ASCENDCL(712964,):2026-01-15-10:28:47.327.667 [memory.cpp:437]712964 aclrtMemcpyImpl: synchronized memcpy failed, kind = 1, runtime result = 107030
[ERROR] RUNTIME(712964,):2026-01-15-10:28:47.394.575 [api_error.cc:1519]712964 MemCopySync:Memory copy sync failed, cnt=72, kind=1.
[ERROR] RUNTIME(712964,):2026-01-15-10:28:47.394.583 [api_c.cc:1197]712964 rtMemcpy:ErrCode=107030, desc=[the current capture mode does not support this operation], InnerCode=0x703001c
[ERROR] RUNTIME(712964,):2026-01-15-10:28:47.394.586 [error_message_manage.cc:53]712964 FuncErrorReason:report error module_type=3, module_name=EE8888
[ERROR] RUNTIME(712964,):2026-01-15-10:28:47.394.588 [error_message_manage.cc:53]712964 FuncErrorReason:rtMemcpy execute failed, reason=[the current capture mode does not support this operation]
[ERROR] ASCENDCL(712964,):2026-01-15-10:28:47.394.791 [memory.cpp:437]712964 aclrtMemcpyImpl: synchronized memcpy failed, kind = 1, runtime result = 107030
[ERROR] RUNTIME(712964,):2026-01-15-10:28:47.470.795 [api_error.cc:1519]712964 MemCopySync:Memory copy sync failed, cnt=416, kind=1.
[ERROR] RUNTIME(712964,):2026-01-15-10:28:47.470.804 [api_c.cc:1197]712964 rtMemcpy:ErrCode=107030, desc=[the current capture mode does not support this operation], InnerCode=0x703001c
[ERROR] RUNTIME(712964,):2026-01-15-10:28:47.470.807 [error_message_manage.cc:53]712964 FuncErrorReason:report error module_type=3, module_name=EE8888
[ERROR] RUNTIME(712964,):2026-01-15-10:28:47.470.810 [error_message_manage.cc:53]712964 FuncErrorReason:rtMemcpy execute failed, reason=[the current capture mode does not support this operation]
[ERROR] ASCENDCL(712964,):2026-01-15-10:28:47.471.106 [memory.cpp:437]712964 aclrtMemcpyImpl: synchronized memcpy failed, kind = 1, runtime result = 107030
[ERROR] RUNTIME(712964,):2026-01-15-10:28:47.544.746 [api_error.cc:1519]712964 MemCopySync:Memory copy sync failed, cnt=72, kind=1.
[ERROR] RUNTIME(712964,):2026-01-15-10:28:47.544.755 [api_c.cc:1197]712964 rtMemcpy:ErrCode=107030, desc=[the current capture mode does not support this operation], InnerCode=0x703001c
[ERROR] RUNTIME(712964,):2026-01-15-10:28:47.544.757 [error_message_manage.cc:53]712964 FuncErrorReason:report error module_type=3, module_name=EE8888
[ERROR] RUNTIME(712964,):2026-01-15-10:28:47.544.760 [error_message_manage.cc:53]712964 FuncErrorReason:rtMemcpy execute failed, reason=[the current capture mode does not support this operation]
[ERROR] ASCENDCL(712964,):2026-01-15-10:28:47.545.029 [memory.cpp:437]712964 aclrtMemcpyImpl: synchronized memcpy failed, kind = 1, runtime result = 107030
[ERROR] RUNTIME(712964,):2026-01-15-10:28:47.620.428 [api_error.cc:1519]712964 MemCopySync:Memory copy sync failed, cnt=416, kind=1.
[ERROR] RUNTIME(712964,):2026-01-15-10:28:47.620.438 [api_c.cc:1197]712964 rtMemcpy:ErrCode=107030, desc=[the current capture mode does not support this operation], InnerCode=0x703001c
[ERROR] RUNTIME(712964,):2026-01-15-10:28:47.620.440 [error_message_manage.cc:53]712964 FuncErrorReason:report error module_type=3, module_name=EE8888
[ERROR] RUNTIME(712964,):2026-01-15-10:28:47.620.443 [error_message_manage.cc:53]712964 FuncErrorReason:rtMemcpy execute failed, reason=[the current capture mode does not support this operation]
[ERROR] ASCENDCL(712964,):2026-01-15-10:28:47.620.658 [memory.cpp:437]712964 aclrtMemcpyImpl: synchronized memcpy failed, kind = 1, runtime result = 107030
[ERROR] RUNTIME(712964,):2026-01-15-10:28:47.692.630 [api_error.cc:1519]712964 MemCopySync:Memory copy sync failed, cnt=72, kind=1.
[ERROR] RUNTIME(712964,):2026-01-15-10:28:47.692.638 [api_c.cc:1197]712964 rtMemcpy:ErrCode=107030, desc=[the current capture mode does not support this operation], InnerCode=0x703001c
[ERROR] RUNTIME(712964,):2026-01-15-10:28:47.692.641 [error_message_manage.cc:53]712964 FuncErrorReason:report error module_type=3, module_name=EE8888
[ERROR] RUNTIME(712964,):2026-01-15-10:28:47.692.643 [error_message_manage.cc:53]712964 FuncErrorReason:rtMemcpy execute failed, reason=[the current capture mode does not support this operation]
[ERROR] ASCENDCL(712964,):2026-01-15-10:28:47.692.867 [memory.cpp:437]712964 aclrtMemcpyImpl: synchronized memcpy failed, kind = 1, runtime result = 107030
[ERROR] RUNTIME(712964,):2026-01-15-10:28:47.768.830 [api_error.cc:1519]712964 MemCopySync:Memory copy sync failed, cnt=416, kind=1.
[ERROR] RUNTIME(712964,):2026-01-15-10:28:47.768.838 [api_c.cc:1197]712964 rtMemcpy:ErrCode=107030, desc=[the current capture mode does not support this operation], InnerCode=0x703001c
[ERROR] RUNTIME(712964,):2026-01-15-10:28:47.768.841 [error_message_manage.cc:53]712964 FuncErrorReason:report error module_type=3, module_name=EE8888
[ERROR] RUNTIME(712964,):2026-01-15-10:28:47.768.843 [error_message_manage.cc:53]712964 FuncErrorReason:rtMemcpy execute failed, reason=[the current capture mode does not support this operation]
[ERROR] ASCENDCL(712964,):2026-01-15-10:28:47.769.047 [memory.cpp:437]712964 aclrtMemcpyImpl: synchronized memcpy failed, kind = 1, runtime result = 107030
[ERROR] RUNTIME(712964,):2026-01-15-10:28:47.840.123 [api_error.cc:1519]712964 MemCopySync:Memory copy sync failed, cnt=72, kind=1.
[ERROR] RUNTIME(712964,):2026-01-15-10:28:47.840.131 [api_c.cc:1197]712964 rtMemcpy:ErrCode=107030, desc=[the current capture mode does not support this operation], InnerCode=0x703001c
[ERROR] RUNTIME(712964,):2026-01-15-10:28:47.840.134 [error_message_manage.cc:53]712964 FuncErrorReason:report error module_type=3, module_name=EE8888
[ERROR] RUNTIME(712964,):2026-01-15-10:28:47.840.136 [error_message_manage.cc:53]712964 FuncErrorReason:rtMemcpy execute failed, reason=[the current capture mode does not support this operation]
[ERROR] ASCENDCL(712964,):2026-01-15-10:28:47.840.412 [memory.cpp:437]712964 aclrtMemcpyImpl: synchronized memcpy failed, kind = 1, runtime result = 107030
[ERROR] RUNTIME(712964,):2026-01-15-10:28:47.913.034 [api_error.cc:1519]712964 MemCopySync:Memory copy sync failed, cnt=416, kind=1.
[ERROR] RUNTIME(712964,):2026-01-15-10:28:47.913.042 [api_c.cc:1197]712964 rtMemcpy:ErrCode=107030, desc=[the current capture mode does not support this operation], InnerCode=0x703001c
[ERROR] RUNTIME(712964,):2026-01-15-10:28:47.913.045 [error_message_manage.cc:53]712964 FuncErrorReason:report error module_type=3, module_name=EE8888
[ERROR] RUNTIME(712964,):2026-01-15-10:28:47.913.047 [error_message_manage.cc:53]712964 FuncErrorReason:rtMemcpy execute failed, reason=[the current capture mode does not support this operation]
[ERROR] ASCENDCL(712964,):2026-01-15-10:28:47.913.268 [memory.cpp:437]712964 aclrtMemcpyImpl: synchronized memcpy failed, kind = 1, runtime result = 107030
[ERROR] RUNTIME(712964,):2026-01-15-10:28:47.984.920 [api_error.cc:1519]712964 MemCopySync:Memory copy sync failed, cnt=72, kind=1.
[ERROR] RUNTIME(712964,):2026-01-15-10:28:47.984.927 [api_c.cc:1197]712964 rtMemcpy:ErrCode=107030, desc=[the current capture mode does not support this operation], InnerCode=0x703001c
[ERROR] RUNTIME(712964,):2026-01-15-10:28:47.984.930 [error_message_manage.cc:53]712964 FuncErrorReason:report error module_type=3, module_name=EE8888
[ERROR] RUNTIME(712964,):2026-01-15-10:28:47.984.933 [error_message_manage.cc:53]712964 FuncErrorReason:rtMemcpy execute failed, reason=[the current capture mode does not support this operation]
[ERROR] ASCENDCL(712964,):2026-01-15-10:28:47.985.117 [memory.cpp:437]712964 aclrtMemcpyImpl: synchronized memcpy failed, kind = 1, runtime result = 107030
[ERROR] RUNTIME(712964,):2026-01-15-10:28:48.060.437 [api_error.cc:1519]712964 MemCopySync:Memory copy sync failed, cnt=416, kind=1.
[ERROR] RUNTIME(712964,):2026-01-15-10:28:48.060.445 [api_c.cc:1197]712964 rtMemcpy:ErrCode=107030, desc=[the current capture mode does not support this operation], InnerCode=0x703001c
[ERROR] RUNTIME(712964,):2026-01-15-10:28:48.060.448 [error_message_manage.cc:53]712964 FuncErrorReason:report error module_type=3, module_name=EE8888
[ERROR] RUNTIME(712964,):2026-01-15-10:28:48.060.451 [error_message_manage.cc:53]712964 FuncErrorReason:rtMemcpy execute failed, reason=[the current capture mode does not support this operation]
[ERROR] ASCENDCL(712964,):2026-01-15-10:28:48.060.740 [memory.cpp:437]712964 aclrtMemcpyImpl: synchronized memcpy failed, kind = 1, runtime result = 107030
[ERROR] RUNTIME(712964,):2026-01-15-10:28:48.134.562 [api_error.cc:1519]712964 MemCopySync:Memory copy sync failed, cnt=72, kind=1.
[ERROR] RUNTIME(712964,):2026-01-15-10:28:48.134.570 [api_c.cc:1197]712964 rtMemcpy:ErrCode=107030, desc=[the current capture mode does not support this operation], InnerCode=0x703001c
[ERROR] RUNTIME(712964,):2026-01-15-10:28:48.134.573 [error_message_manage.cc:53]712964 FuncErrorReason:report error module_type=3, module_name=EE8888
[ERROR] RUNTIME(712964,):2026-01-15-10:28:48.134.575 [error_message_manage.cc:53]712964 FuncErrorReason:rtMemcpy execute failed, reason=[the current capture mode does not support this operation]
[ERROR] ASCENDCL(712964,):2026-01-15-10:28:48.134.816 [memory.cpp:437]712964 aclrtMemcpyImpl: synchronized memcpy failed, kind = 1, runtime result = 107030
[ERROR] RUNTIME(712964,):2026-01-15-10:28:48.211.909 [api_error.cc:1519]712964 MemCopySync:Memory copy sync failed, cnt=416, kind=1.
[ERROR] RUNTIME(712964,):2026-01-15-10:28:48.211.919 [api_c.cc:1197]712964 rtMemcpy:ErrCode=107030, desc=[the current capture mode does not support this operation], InnerCode=0x703001c
[ERROR] RUNTIME(712964,):2026-01-15-10:28:48.211.921 [error_message_manage.cc:53]712964 FuncErrorReason:report error module_type=3, module_name=EE8888
[ERROR] RUNTIME(712964,):2026-01-15-10:28:48.211.924 [error_message_manage.cc:53]712964 FuncErrorReason:rtMemcpy execute failed, reason=[the current capture mode does not support this operation]
[ERROR] ASCENDCL(712964,):2026-01-15-10:28:48.212.187 [memory.cpp:437]712964 aclrtMemcpyImpl: synchronized memcpy failed, kind = 1, runtime result = 107030
[ERROR] RUNTIME(712964,):2026-01-15-10:28:48.287.546 [api_error.cc:1519]712964 MemCopySync:Memory copy sync failed, cnt=72, kind=1.
[ERROR] RUNTIME(712964,):2026-01-15-10:28:48.287.556 [api_c.cc:1197]712964 rtMemcpy:ErrCode=107030, desc=[the current capture mode does not support this operation], InnerCode=0x703001c
[ERROR] RUNTIME(712964,):2026-01-15-10:28:48.287.558 [error_message_manage.cc:53]712964 FuncErrorReason:report error module_type=3, module_name=EE8888
[ERROR] RUNTIME(712964,):2026-01-15-10:28:48.287.561 [error_message_manage.cc:53]712964 FuncErrorReason:rtMemcpy execute failed, reason=[the current capture mode does not support this operation]
[ERROR] ASCENDCL(712964,):2026-01-15-10:28:48.287.856 [memory.cpp:437]712964 aclrtMemcpyImpl: synchronized memcpy failed, kind = 1, runtime result = 107030
[ERROR] RUNTIME(712964,):2026-01-15-10:28:48.366.695 [api_error.cc:1519]712964 MemCopySync:Memory copy sync failed, cnt=416, kind=1.
[ERROR] RUNTIME(712964,):2026-01-15-10:28:48.366.703 [api_c.cc:1197]712964 rtMemcpy:ErrCode=107030, desc=[the current capture mode does not support this operation], InnerCode=0x703001c
[ERROR] RUNTIME(712964,):2026-01-15-10:28:48.366.706 [error_message_manage.cc:53]712964 FuncErrorReason:report error module_type=3, module_name=EE8888
[ERROR] RUNTIME(712964,):2026-01-15-10:28:48.366.709 [error_message_manage.cc:53]712964 FuncErrorReason:rtMemcpy execute failed, reason=[the current capture mode does not support this operation]
[ERROR] ASCENDCL(712964,):2026-01-15-10:28:48.366.959 [memory.cpp:437]712964 aclrtMemcpyImpl: synchronized memcpy failed, kind = 1, runtime result = 107030
[ERROR] RUNTIME(712964,):2026-01-15-10:28:48.438.594 [api_error.cc:1519]712964 MemCopySync:Memory copy sync failed, cnt=72, kind=1.
[ERROR] RUNTIME(712964,):2026-01-15-10:28:48.438.602 [api_c.cc:1197]712964 rtMemcpy:ErrCode=107030, desc=[the current capture mode does not support this operation], InnerCode=0x703001c
[ERROR] RUNTIME(712964,):2026-01-15-10:28:48.438.604 [error_message_manage.cc:53]712964 FuncErrorReason:report error module_type=3, module_name=EE8888
[ERROR] RUNTIME(712964,):2026-01-15-10:28:48.438.607 [error_message_manage.cc:53]712964 FuncErrorReason:rtMemcpy execute failed, reason=[the current capture mode does not support this operation]
[ERROR] ASCENDCL(712964,):2026-01-15-10:28:48.438.898 [memory.cpp:437]712964 aclrtMemcpyImpl: synchronized memcpy failed, kind = 1, runtime result = 107030
[ERROR] RUNTIME(712964,):2026-01-15-10:28:48.511.845 [api_error.cc:1519]712964 MemCopySync:Memory copy sync failed, cnt=416, kind=1.
[ERROR] RUNTIME(712964,):2026-01-15-10:28:48.511.853 [api_c.cc:1197]712964 rtMemcpy:ErrCode=107030, desc=[the current capture mode does not support this operation], InnerCode=0x703001c
[ERROR] RUNTIME(712964,):2026-01-15-10:28:48.511.856 [error_message_manage.cc:53]712964 FuncErrorReason:report error module_type=3, module_name=EE8888
[ERROR] RUNTIME(712964,):2026-01-15-10:28:48.511.859 [error_message_manage.cc:53]712964 FuncErrorReason:rtMemcpy execute failed, reason=[the current capture mode does not support this operation]
[ERROR] ASCENDCL(712964,):2026-01-15-10:28:48.512.071 [memory.cpp:437]712964 aclrtMemcpyImpl: synchronized memcpy failed, kind = 1, runtime result = 107030
[ERROR] RUNTIME(712964,):2026-01-15-10:28:48.582.163 [api_error.cc:1519]712964 MemCopySync:Memory copy sync failed, cnt=72, kind=1.
[ERROR] RUNTIME(712964,):2026-01-15-10:28:48.582.171 [api_c.cc:1197]712964 rtMemcpy:ErrCode=107030, desc=[the current capture mode does not support this operation], InnerCode=0x703001c
[ERROR] RUNTIME(712964,):2026-01-15-10:28:48.582.174 [error_message_manage.cc:53]712964 FuncErrorReason:report error module_type=3, module_name=EE8888
[ERROR] RUNTIME(712964,):2026-01-15-10:28:48.582.177 [error_message_manage.cc:53]712964 FuncErrorReason:rtMemcpy execute failed, reason=[the current capture mode does not support this operation]
[ERROR] ASCENDCL(712964,):2026-01-15-10:28:48.582.399 [memory.cpp:437]712964 aclrtMemcpyImpl: synchronized memcpy failed, kind = 1, runtime result = 107030
[ERROR] RUNTIME(712964,):2026-01-15-10:28:48.649.465 [api_error.cc:1519]712964 MemCopySync:Memory copy sync failed, cnt=416, kind=1.
[ERROR] RUNTIME(712964,):2026-01-15-10:28:48.649.474 [api_c.cc:1197]712964 rtMemcpy:ErrCode=107030, desc=[the current capture mode does not support this operation], InnerCode=0x703001c
[ERROR] RUNTIME(712964,):2026-01-15-10:28:48.649.477 [error_message_manage.cc:53]712964 FuncErrorReason:report error module_type=3, module_name=EE8888
[ERROR] RUNTIME(712964,):2026-01-15-10:28:48.649.480 [error_message_manage.cc:53]712964 FuncErrorReason:rtMemcpy execute failed, reason=[the current capture mode does not support this operation]
[ERROR] ASCENDCL(712964,):2026-01-15-10:28:48.649.758 [memory.cpp:437]712964 aclrtMemcpyImpl: synchronized memcpy failed, kind = 1, runtime result = 107030
[ERROR] RUNTIME(712964,):2026-01-15-10:28:48.713.010 [api_error.cc:1519]712964 MemCopySync:Memory copy sync failed, cnt=72, kind=1.
[ERROR] RUNTIME(712964,):2026-01-15-10:28:48.713.018 [api_c.cc:1197]712964 rtMemcpy:ErrCode=107030, desc=[the current capture mode does not support this operation], InnerCode=0x703001c
[ERROR] RUNTIME(712964,):2026-01-15-10:28:48.713.021 [error_message_manage.cc:53]712964 FuncErrorReason:report error module_type=3, module_name=EE8888
[ERROR] RUNTIME(712964,):2026-01-15-10:28:48.713.024 [error_message_manage.cc:53]712964 FuncErrorReason:rtMemcpy execute failed, reason=[the current capture mode does not support this operation]
[ERROR] ASCENDCL(712964,):2026-01-15-10:28:48.713.239 [memory.cpp:437]712964 aclrtMemcpyImpl: synchronized memcpy failed, kind = 1, runtime result = 107030
[ERROR] RUNTIME(712964,):2026-01-15-10:28:48.805.612 [api_error.cc:1519]712964 MemCopySync:Memory copy sync failed, cnt=416, kind=1.
[ERROR] RUNTIME(712964,):2026-01-15-10:28:48.805.621 [api_c.cc:1197]712964 rtMemcpy:ErrCode=107030, desc=[the current capture mode does not support this operation], InnerCode=0x703001c
[ERROR] RUNTIME(712964,):2026-01-15-10:28:48.805.624 [error_message_manage.cc:53]712964 FuncErrorReason:report error module_type=3, module_name=EE8888
[ERROR] RUNTIME(712964,):2026-01-15-10:28:48.805.626 [error_message_manage.cc:53]712964 FuncErrorReason:rtMemcpy execute failed, reason=[the current capture mode does not support this operation]
[ERROR] ASCENDCL(712964,):2026-01-15-10:28:48.805.843 [memory.cpp:437]712964 aclrtMemcpyImpl: synchronized memcpy failed, kind = 1, runtime result = 107030
[ERROR] RUNTIME(712964,):2026-01-15-10:28:48.896.264 [api_error.cc:1519]712964 MemCopySync:Memory copy sync failed, cnt=72, kind=1.
[ERROR] RUNTIME(712964,):2026-01-15-10:28:48.896.273 [api_c.cc:1197]712964 rtMemcpy:ErrCode=107030, desc=[the current capture mode does not support this operation], InnerCode=0x703001c
[ERROR] RUNTIME(712964,):2026-01-15-10:28:48.896.276 [error_message_manage.cc:53]712964 FuncErrorReason:report error module_type=3, module_name=EE8888
[ERROR] RUNTIME(712964,):2026-01-15-10:28:48.896.279 [error_message_manage.cc:53]712964 FuncErrorReason:rtMemcpy execute failed, reason=[the current capture mode does not support this operation]
[ERROR] ASCENDCL(712964,):2026-01-15-10:28:48.896.543 [memory.cpp:437]712964 aclrtMemcpyImpl: synchronized memcpy failed, kind = 1, runtime result = 107030
[ERROR] RUNTIME(712964,):2026-01-15-10:28:48.964.440 [api_error.cc:1519]712964 MemCopySync:Memory copy sync failed, cnt=416, kind=1.
[ERROR] RUNTIME(712964,):2026-01-15-10:28:48.964.448 [api_c.cc:1197]712964 rtMemcpy:ErrCode=107030, desc=[the current capture mode does not support this operation], InnerCode=0x703001c
[ERROR] RUNTIME(712964,):2026-01-15-10:28:48.964.451 [error_message_manage.cc:53]712964 FuncErrorReason:report error module_type=3, module_name=EE8888
[ERROR] RUNTIME(712964,):2026-01-15-10:28:48.964.454 [error_message_manage.cc:53]712964 FuncErrorReason:rtMemcpy execute failed, reason=[the current capture mode does not support this operation]
[ERROR] ASCENDCL(712964,):2026-01-15-10:28:48.964.713 [memory.cpp:437]712964 aclrtMemcpyImpl: synchronized memcpy failed, kind = 1, runtime result = 107030
[ERROR] RUNTIME(712964,):2026-01-15-10:28:49.031.422 [api_error.cc:1519]712964 MemCopySync:Memory copy sync failed, cnt=72, kind=1.
[ERROR] RUNTIME(712964,):2026-01-15-10:28:49.031.431 [api_c.cc:1197]712964 rtMemcpy:ErrCode=107030, desc=[the current capture mode does not support this operation], InnerCode=0x703001c
[ERROR] RUNTIME(712964,):2026-01-15-10:28:49.031.433 [error_message_manage.cc:53]712964 FuncErrorReason:report error module_type=3, module_name=EE8888
[ERROR] RUNTIME(712964,):2026-01-15-10:28:49.031.436 [error_message_manage.cc:53]712964 FuncErrorReason:rtMemcpy execute failed, reason=[the current capture mode does not support this operation]
[ERROR] ASCENDCL(712964,):2026-01-15-10:28:49.031.709 [memory.cpp:437]712964 aclrtMemcpyImpl: synchronized memcpy failed, kind = 1, runtime result = 107030
[ERROR] RUNTIME(712964,):2026-01-15-10:28:49.107.566 [api_error.cc:1519]712964 MemCopySync:Memory copy sync failed, cnt=416, kind=1.
[ERROR] RUNTIME(712964,):2026-01-15-10:28:49.107.575 [api_c.cc:1197]712964 rtMemcpy:ErrCode=107030, desc=[the current capture mode does not support this operation], InnerCode=0x703001c
[ERROR] RUNTIME(712964,):2026-01-15-10:28:49.107.578 [error_message_manage.cc:53]712964 FuncErrorReason:report error module_type=3, module_name=EE8888
[ERROR] RUNTIME(712964,):2026-01-15-10:28:49.107.581 [error_message_manage.cc:53]712964 FuncErrorReason:rtMemcpy execute failed, reason=[the current capture mode does not support this operation]
[ERROR] ASCENDCL(712964,):2026-01-15-10:28:49.107.793 [memory.cpp:437]712964 aclrtMemcpyImpl: synchronized memcpy failed, kind = 1, runtime result = 107030
[ERROR] RUNTIME(712964,):2026-01-15-10:28:49.185.246 [api_error.cc:1519]712964 MemCopySync:Memory copy sync failed, cnt=72, kind=1.
[ERROR] RUNTIME(712964,):2026-01-15-10:28:49.185.253 [api_c.cc:1197]712964 rtMemcpy:ErrCode=107030, desc=[the current capture mode does not support this operation], InnerCode=0x703001c
[ERROR] RUNTIME(712964,):2026-01-15-10:28:49.185.256 [error_message_manage.cc:53]712964 FuncErrorReason:report error module_type=3, module_name=EE8888
[ERROR] RUNTIME(712964,):2026-01-15-10:28:49.185.259 [error_message_manage.cc:53]712964 FuncErrorReason:rtMemcpy execute failed, reason=[the current capture mode does not support this operation]
[ERROR] ASCENDCL(712964,):2026-01-15-10:28:49.185.496 [memory.cpp:437]712964 aclrtMemcpyImpl: synchronized memcpy failed, kind = 1, runtime result = 107030
[ERROR] RUNTIME(712964,):2026-01-15-10:28:49.268.055 [api_error.cc:1519]712964 MemCopySync:Memory copy sync failed, cnt=416, kind=1.
[ERROR] RUNTIME(712964,):2026-01-15-10:28:49.268.065 [api_c.cc:1197]712964 rtMemcpy:ErrCode=107030, desc=[the current capture mode does not support this operation], InnerCode=0x703001c
[ERROR] RUNTIME(712964,):2026-01-15-10:28:49.268.068 [error_message_manage.cc:53]712964 FuncErrorReason:report error module_type=3, module_name=EE8888
[ERROR] RUNTIME(712964,):2026-01-15-10:28:49.268.071 [error_message_manage.cc:53]712964 FuncErrorReason:rtMemcpy execute failed, reason=[the current capture mode does not support this operation]
[ERROR] ASCENDCL(712964,):2026-01-15-10:28:49.268.349 [memory.cpp:437]712964 aclrtMemcpyImpl: synchronized memcpy failed, kind = 1, runtime result = 107030
[ERROR] RUNTIME(712964,):2026-01-15-10:28:49.338.615 [api_error.cc:1519]712964 MemCopySync:Memory copy sync failed, cnt=72, kind=1.
[ERROR] RUNTIME(712964,):2026-01-15-10:28:49.338.624 [api_c.cc:1197]712964 rtMemcpy:ErrCode=107030, desc=[the current capture mode does not support this operation], InnerCode=0x703001c
[ERROR] RUNTIME(712964,):2026-01-15-10:28:49.338.627 [error_message_manage.cc:53]712964 FuncErrorReason:report error module_type=3, module_name=EE8888
[ERROR] RUNTIME(712964,):2026-01-15-10:28:49.338.630 [error_message_manage.cc:53]712964 FuncErrorReason:rtMemcpy execute failed, reason=[the current capture mode does not support this operation]
[ERROR] ASCENDCL(712964,):2026-01-15-10:28:49.338.886 [memory.cpp:437]712964 aclrtMemcpyImpl: synchronized memcpy failed, kind = 1, runtime result = 107030
[ERROR] RUNTIME(712964,):2026-01-15-10:28:49.413.367 [api_error.cc:1519]712964 MemCopySync:Memory copy sync failed, cnt=416, kind=1.
[ERROR] RUNTIME(712964,):2026-01-15-10:28:49.413.377 [api_c.cc:1197]712964 rtMemcpy:ErrCode=107030, desc=[the current capture mode does not support this operation], InnerCode=0x703001c
[ERROR] RUNTIME(712964,):2026-01-15-10:28:49.413.380 [error_message_manage.cc:53]712964 FuncErrorReason:report error module_type=3, module_name=EE8888
[ERROR] RUNTIME(712964,):2026-01-15-10:28:49.413.383 [error_message_manage.cc:53]712964 FuncErrorReason:rtMemcpy execute failed, reason=[the current capture mode does not support this operation]
[ERROR] ASCENDCL(712964,):2026-01-15-10:28:49.413.592 [memory.cpp:437]712964 aclrtMemcpyImpl: synchronized memcpy failed, kind = 1, runtime result = 107030
[ERROR] RUNTIME(712964,):2026-01-15-10:28:49.478.387 [api_error.cc:1519]712964 MemCopySync:Memory copy sync failed, cnt=72, kind=1.
[ERROR] RUNTIME(712964,):2026-01-15-10:28:49.478.395 [api_c.cc:1197]712964 rtMemcpy:ErrCode=107030, desc=[the current capture mode does not support this operation], InnerCode=0x703001c
[ERROR] RUNTIME(712964,):2026-01-15-10:28:49.478.398 [error_message_manage.cc:53]712964 FuncErrorReason:report error module_type=3, module_name=EE8888
[ERROR] RUNTIME(712964,):2026-01-15-10:28:49.478.401 [error_message_manage.cc:53]712964 FuncErrorReason:rtMemcpy execute failed, reason=[the current capture mode does not support this operation]
[ERROR] ASCENDCL(712964,):2026-01-15-10:28:49.478.647 [memory.cpp:437]712964 aclrtMemcpyImpl: synchronized memcpy failed, kind = 1, runtime result = 107030
[ERROR] RUNTIME(712964,):2026-01-15-10:28:49.548.733 [api_error.cc:1519]712964 MemCopySync:Memory copy sync failed, cnt=416, kind=1.
[ERROR] RUNTIME(712964,):2026-01-15-10:28:49.548.742 [api_c.cc:1197]712964 rtMemcpy:ErrCode=107030, desc=[the current capture mode does not support this operation], InnerCode=0x703001c
[ERROR] RUNTIME(712964,):2026-01-15-10:28:49.548.744 [error_message_manage.cc:53]712964 FuncErrorReason:report error module_type=3, module_name=EE8888
[ERROR] RUNTIME(712964,):2026-01-15-10:28:49.548.747 [error_message_manage.cc:53]712964 FuncErrorReason:rtMemcpy execute failed, reason=[the current capture mode does not support this operation]
[ERROR] ASCENDCL(712964,):2026-01-15-10:28:49.548.986 [memory.cpp:437]712964 aclrtMemcpyImpl: synchronized memcpy failed, kind = 1, runtime result = 107030
[ERROR] RUNTIME(712964,):2026-01-15-10:28:49.613.865 [api_error.cc:1519]712964 MemCopySync:Memory copy sync failed, cnt=72, kind=1.
[ERROR] RUNTIME(712964,):2026-01-15-10:28:49.613.873 [api_c.cc:1197]712964 rtMemcpy:ErrCode=107030, desc=[the current capture mode does not support this operation], InnerCode=0x703001c
[ERROR] RUNTIME(712964,):2026-01-15-10:28:49.613.876 [error_message_manage.cc:53]712964 FuncErrorReason:report error module_type=3, module_name=EE8888
[ERROR] RUNTIME(712964,):2026-01-15-10:28:49.613.878 [error_message_manage.cc:53]712964 FuncErrorReason:rtMemcpy execute failed, reason=[the current capture mode does not support this operation]
[ERROR] ASCENDCL(712964,):2026-01-15-10:28:49.614.091 [memory.cpp:437]712964 aclrtMemcpyImpl: synchronized memcpy failed, kind = 1, runtime result = 107030
[ERROR] RUNTIME(712964,):2026-01-15-10:28:49.687.648 [api_error.cc:1519]712964 MemCopySync:Memory copy sync failed, cnt=416, kind=1.
[ERROR] RUNTIME(712964,):2026-01-15-10:28:49.687.656 [api_c.cc:1197]712964 rtMemcpy:ErrCode=107030, desc=[the current capture mode does not support this operation], InnerCode=0x703001c
[ERROR] RUNTIME(712964,):2026-01-15-10:28:49.687.659 [error_message_manage.cc:53]712964 FuncErrorReason:report error module_type=3, module_name=EE8888
[ERROR] RUNTIME(712964,):2026-01-15-10:28:49.687.662 [error_message_manage.cc:53]712964 FuncErrorReason:rtMemcpy execute failed, reason=[the current capture mode does not support this operation]
[ERROR] ASCENDCL(712964,):2026-01-15-10:28:49.687.951 [memory.cpp:437]712964 aclrtMemcpyImpl: synchronized memcpy failed, kind = 1, runtime result = 107030
[ERROR] RUNTIME(712964,):2026-01-15-10:28:49.758.036 [api_error.cc:1519]712964 MemCopySync:Memory copy sync failed, cnt=72, kind=1.
[ERROR] RUNTIME(712964,):2026-01-15-10:28:49.758.044 [api_c.cc:1197]712964 rtMemcpy:ErrCode=107030, desc=[the current capture mode does not support this operation], InnerCode=0x703001c
[ERROR] RUNTIME(712964,):2026-01-15-10:28:49.758.046 [error_message_manage.cc:53]712964 FuncErrorReason:report error module_type=3, module_name=EE8888
[ERROR] RUNTIME(712964,):2026-01-15-10:28:49.758.049 [error_message_manage.cc:53]712964 FuncErrorReason:rtMemcpy execute failed, reason=[the current capture mode does not support this operation]
[ERROR] ASCENDCL(712964,):2026-01-15-10:28:49.758.274 [memory.cpp:437]712964 aclrtMemcpyImpl: synchronized memcpy failed, kind = 1, runtime result = 107030
[ERROR] RUNTIME(712964,):2026-01-15-10:28:49.832.862 [api_error.cc:1519]712964 MemCopySync:Memory copy sync failed, cnt=416, kind=1.
[ERROR] RUNTIME(712964,):2026-01-15-10:28:49.832.870 [api_c.cc:1197]712964 rtMemcpy:ErrCode=107030, desc=[the current capture mode does not support this operation], InnerCode=0x703001c
[ERROR] RUNTIME(712964,):2026-01-15-10:28:49.832.873 [error_message_manage.cc:53]712964 FuncErrorReason:report error module_type=3, module_name=EE8888
[ERROR] RUNTIME(712964,):2026-01-15-10:28:49.832.876 [error_message_manage.cc:53]712964 FuncErrorReason:rtMemcpy execute failed, reason=[the current capture mode does not support this operation]
[ERROR] ASCENDCL(712964,):2026-01-15-10:28:49.833.098 [memory.cpp:437]712964 aclrtMemcpyImpl: synchronized memcpy failed, kind = 1, runtime result = 107030
[ERROR] RUNTIME(712964,):2026-01-15-10:28:49.906.269 [api_error.cc:1519]712964 MemCopySync:Memory copy sync failed, cnt=72, kind=1.
[ERROR] RUNTIME(712964,):2026-01-15-10:28:49.906.277 [api_c.cc:1197]712964 rtMemcpy:ErrCode=107030, desc=[the current capture mode does not support this operation], InnerCode=0x703001c
[ERROR] RUNTIME(712964,):2026-01-15-10:28:49.906.280 [error_message_manage.cc:53]712964 FuncErrorReason:report error module_type=3, module_name=EE8888
[ERROR] RUNTIME(712964,):2026-01-15-10:28:49.906.282 [error_message_manage.cc:53]712964 FuncErrorReason:rtMemcpy execute failed, reason=[the current capture mode does not support this operation]
[ERROR] ASCENDCL(712964,):2026-01-15-10:28:49.906.480 [memory.cpp:437]712964 aclrtMemcpyImpl: synchronized memcpy failed, kind = 1, runtime result = 107030
[ERROR] RUNTIME(712964,):2026-01-15-10:28:49.981.799 [api_error.cc:1519]712964 MemCopySync:Memory copy sync failed, cnt=416, kind=1.
[ERROR] RUNTIME(712964,):2026-01-15-10:28:49.981.807 [api_c.cc:1197]712964 rtMemcpy:ErrCode=107030, desc=[the current capture mode does not support this operation], InnerCode=0x703001c
[ERROR] RUNTIME(712964,):2026-01-15-10:28:49.981.810 [error_message_manage.cc:53]712964 FuncErrorReason:report error module_type=3, module_name=EE8888
[ERROR] RUNTIME(712964,):2026-01-15-10:28:49.981.812 [error_message_manage.cc:53]712964 FuncErrorReason:rtMemcpy execute failed, reason=[the current capture mode does not support this operation]
[ERROR] ASCENDCL(712964,):2026-01-15-10:28:49.982.030 [memory.cpp:437]712964 aclrtMemcpyImpl: synchronized memcpy failed, kind = 1, runtime result = 107030
[ERROR] RUNTIME(712964,):2026-01-15-10:28:50.055.037 [api_error.cc:1519]712964 MemCopySync:Memory copy sync failed, cnt=72, kind=1.
[ERROR] RUNTIME(712964,):2026-01-15-10:28:50.055.045 [api_c.cc:1197]712964 rtMemcpy:ErrCode=107030, desc=[the current capture mode does not support this operation], InnerCode=0x703001c
[ERROR] RUNTIME(712964,):2026-01-15-10:28:50.055.048 [error_message_manage.cc:53]712964 FuncErrorReason:report error module_type=3, module_name=EE8888
[ERROR] RUNTIME(712964,):2026-01-15-10:28:50.055.051 [error_message_manage.cc:53]712964 FuncErrorReason:rtMemcpy execute failed, reason=[the current capture mode does not support this operation]
[ERROR] ASCENDCL(712964,):2026-01-15-10:28:50.055.339 [memory.cpp:437]712964 aclrtMemcpyImpl: synchronized memcpy failed, kind = 1, runtime result = 107030
[ERROR] RUNTIME(712964,):2026-01-15-10:28:50.127.666 [api_error.cc:1519]712964 MemCopySync:Memory copy sync failed, cnt=416, kind=1.
[ERROR] RUNTIME(712964,):2026-01-15-10:28:50.127.674 [api_c.cc:1197]712964 rtMemcpy:ErrCode=107030, desc=[the current capture mode does not support this operation], InnerCode=0x703001c
[ERROR] RUNTIME(712964,):2026-01-15-10:28:50.127.676 [error_message_manage.cc:53]712964 FuncErrorReason:report error module_type=3, module_name=EE8888
[ERROR] RUNTIME(712964,):2026-01-15-10:28:50.127.679 [error_message_manage.cc:53]712964 FuncErrorReason:rtMemcpy execute failed, reason=[the current capture mode does not support this operation]
[ERROR] ASCENDCL(712964,):2026-01-15-10:28:50.127.901 [memory.cpp:437]712964 aclrtMemcpyImpl: synchronized memcpy failed, kind = 1, runtime result = 107030
[ERROR] RUNTIME(712964,):2026-01-15-10:28:50.202.889 [api_error.cc:1519]712964 MemCopySync:Memory copy sync failed, cnt=72, kind=1.
[ERROR] RUNTIME(712964,):2026-01-15-10:28:50.202.898 [api_c.cc:1197]712964 rtMemcpy:ErrCode=107030, desc=[the current capture mode does not support this operation], InnerCode=0x703001c
[ERROR] RUNTIME(712964,):2026-01-15-10:28:50.202.900 [error_message_manage.cc:53]712964 FuncErrorReason:report error module_type=3, module_name=EE8888
[ERROR] RUNTIME(712964,):2026-01-15-10:28:50.202.903 [error_message_manage.cc:53]712964 FuncErrorReason:rtMemcpy execute failed, reason=[the current capture mode does not support this operation]
[ERROR] ASCENDCL(712964,):2026-01-15-10:28:50.203.121 [memory.cpp:437]712964 aclrtMemcpyImpl: synchronized memcpy failed, kind = 1, runtime result = 107030
[ERROR] RUNTIME(712964,):2026-01-15-10:28:50.279.751 [api_error.cc:1519]712964 MemCopySync:Memory copy sync failed, cnt=416, kind=1.
[ERROR] RUNTIME(712964,):2026-01-15-10:28:50.279.759 [api_c.cc:1197]712964 rtMemcpy:ErrCode=107030, desc=[the current capture mode does not support this operation], InnerCode=0x703001c
[ERROR] RUNTIME(712964,):2026-01-15-10:28:50.279.762 [error_message_manage.cc:53]712964 FuncErrorReason:report error module_type=3, module_name=EE8888
[ERROR] RUNTIME(712964,):2026-01-15-10:28:50.279.765 [error_message_manage.cc:53]712964 FuncErrorReason:rtMemcpy execute failed, reason=[the current capture mode does not support this operation]
[ERROR] ASCENDCL(712964,):2026-01-15-10:28:50.280.047 [memory.cpp:437]712964 aclrtMemcpyImpl: synchronized memcpy failed, kind = 1, runtime result = 107030
[ERROR] RUNTIME(712964,):2026-01-15-10:28:50.343.488 [api_error.cc:1519]712964 MemCopySync:Memory copy sync failed, cnt=72, kind=1.
[ERROR] RUNTIME(712964,):2026-01-15-10:28:50.343.496 [api_c.cc:1197]712964 rtMemcpy:ErrCode=107030, desc=[the current capture mode does not support this operation], InnerCode=0x703001c
[ERROR] RUNTIME(712964,):2026-01-15-10:28:50.343.498 [error_message_manage.cc:53]712964 FuncErrorReason:report error module_type=3, module_name=EE8888
[ERROR] RUNTIME(712964,):2026-01-15-10:28:50.343.501 [error_message_manage.cc:53]712964 FuncErrorReason:rtMemcpy execute failed, reason=[the current capture mode does not support this operation]
[ERROR] ASCENDCL(712964,):2026-01-15-10:28:50.343.729 [memory.cpp:437]712964 aclrtMemcpyImpl: synchronized memcpy failed, kind = 1, runtime result = 107030
[ERROR] RUNTIME(712964,):2026-01-15-10:28:50.411.833 [api_error.cc:1519]712964 MemCopySync:Memory copy sync failed, cnt=416, kind=1.
[ERROR] RUNTIME(712964,):2026-01-15-10:28:50.411.842 [api_c.cc:1197]712964 rtMemcpy:ErrCode=107030, desc=[the current capture mode does not support this operation], InnerCode=0x703001c
[ERROR] RUNTIME(712964,):2026-01-15-10:28:50.411.844 [error_message_manage.cc:53]712964 FuncErrorReason:report error module_type=3, module_name=EE8888
[ERROR] RUNTIME(712964,):2026-01-15-10:28:50.411.847 [error_message_manage.cc:53]712964 FuncErrorReason:rtMemcpy execute failed, reason=[the current capture mode does not support this operation]
[ERROR] ASCENDCL(712964,):2026-01-15-10:28:50.412.063 [memory.cpp:437]712964 aclrtMemcpyImpl: synchronized memcpy failed, kind = 1, runtime result = 107030
[ERROR] RUNTIME(712964,):2026-01-15-10:28:50.481.858 [api_error.cc:1519]712964 MemCopySync:Memory copy sync failed, cnt=72, kind=1.
[ERROR] RUNTIME(712964,):2026-01-15-10:28:50.481.867 [api_c.cc:1197]712964 rtMemcpy:ErrCode=107030, desc=[the current capture mode does not support this operation], InnerCode=0x703001c
[ERROR] RUNTIME(712964,):2026-01-15-10:28:50.481.869 [error_message_manage.cc:53]712964 FuncErrorReason:report error module_type=3, module_name=EE8888
[ERROR] RUNTIME(712964,):2026-01-15-10:28:50.481.872 [error_message_manage.cc:53]712964 FuncErrorReason:rtMemcpy execute failed, reason=[the current capture mode does not support this operation]
[ERROR] ASCENDCL(712964,):2026-01-15-10:28:50.482.169 [memory.cpp:437]712964 aclrtMemcpyImpl: synchronized memcpy failed, kind = 1, runtime result = 107030
[ERROR] RUNTIME(712964,):2026-01-15-10:28:50.550.494 [api_error.cc:1519]712964 MemCopySync:Memory copy sync failed, cnt=416, kind=1.
[ERROR] RUNTIME(712964,):2026-01-15-10:28:50.550.503 [api_c.cc:1197]712964 rtMemcpy:ErrCode=107030, desc=[the current capture mode does not support this operation], InnerCode=0x703001c
[ERROR] RUNTIME(712964,):2026-01-15-10:28:50.550.505 [error_message_manage.cc:53]712964 FuncErrorReason:report error module_type=3, module_name=EE8888
[ERROR] RUNTIME(712964,):2026-01-15-10:28:50.550.508 [error_message_manage.cc:53]712964 FuncErrorReason:rtMemcpy execute failed, reason=[the current capture mode does not support this operation]
[ERROR] ASCENDCL(712964,):2026-01-15-10:28:50.550.726 [memory.cpp:437]712964 aclrtMemcpyImpl: synchronized memcpy failed, kind = 1, runtime result = 107030
[ERROR] RUNTIME(712964,):2026-01-15-10:28:50.623.063 [api_error.cc:1519]712964 MemCopySync:Memory copy sync failed, cnt=72, kind=1.
[ERROR] RUNTIME(712964,):2026-01-15-10:28:50.623.071 [api_c.cc:1197]712964 rtMemcpy:ErrCode=107030, desc=[the current capture mode does not support this operation], InnerCode=0x703001c
[ERROR] RUNTIME(712964,):2026-01-15-10:28:50.623.073 [error_message_manage.cc:53]712964 FuncErrorReason:report error module_type=3, module_name=EE8888
[ERROR] RUNTIME(712964,):2026-01-15-10:28:50.623.076 [error_message_manage.cc:53]712964 FuncErrorReason:rtMemcpy execute failed, reason=[the current capture mode does not support this operation]
[ERROR] ASCENDCL(712964,):2026-01-15-10:28:50.623.282 [memory.cpp:437]712964 aclrtMemcpyImpl: synchronized memcpy failed, kind = 1, runtime result = 107030
[ERROR] RUNTIME(712964,):2026-01-15-10:28:50.700.784 [api_error.cc:1519]712964 MemCopySync:Memory copy sync failed, cnt=416, kind=1.
[ERROR] RUNTIME(712964,):2026-01-15-10:28:50.700.793 [api_c.cc:1197]712964 rtMemcpy:ErrCode=107030, desc=[the current capture mode does not support this operation], InnerCode=0x703001c
[ERROR] RUNTIME(712964,):2026-01-15-10:28:50.700.796 [error_message_manage.cc:53]712964 FuncErrorReason:report error module_type=3, module_name=EE8888
[ERROR] RUNTIME(712964,):2026-01-15-10:28:50.700.799 [error_message_manage.cc:53]712964 FuncErrorReason:rtMemcpy execute failed, reason=[the current capture mode does not support this operation]
[ERROR] ASCENDCL(712964,):2026-01-15-10:28:50.701.050 [memory.cpp:437]712964 aclrtMemcpyImpl: synchronized memcpy failed, kind = 1, runtime result = 107030
[ERROR] RUNTIME(712964,):2026-01-15-10:28:50.770.509 [api_error.cc:1519]712964 MemCopySync:Memory copy sync failed, cnt=72, kind=1.
[ERROR] RUNTIME(712964,):2026-01-15-10:28:50.770.517 [api_c.cc:1197]712964 rtMemcpy:ErrCode=107030, desc=[the current capture mode does not support this operation], InnerCode=0x703001c
[ERROR] RUNTIME(712964,):2026-01-15-10:28:50.770.519 [error_message_manage.cc:53]712964 FuncErrorReason:report error module_type=3, module_name=EE8888
[ERROR] RUNTIME(712964,):2026-01-15-10:28:50.770.522 [error_message_manage.cc:53]712964 FuncErrorReason:rtMemcpy execute failed, reason=[the current capture mode does not support this operation]
[ERROR] ASCENDCL(712964,):2026-01-15-10:28:50.770.788 [memory.cpp:437]712964 aclrtMemcpyImpl: synchronized memcpy failed, kind = 1, runtime result = 107030
[ERROR] RUNTIME(712964,):2026-01-15-10:28:50.846.496 [api_error.cc:1519]712964 MemCopySync:Memory copy sync failed, cnt=416, kind=1.
[ERROR] RUNTIME(712964,):2026-01-15-10:28:50.846.505 [api_c.cc:1197]712964 rtMemcpy:ErrCode=107030, desc=[the current capture mode does not support this operation], InnerCode=0x703001c
[ERROR] RUNTIME(712964,):2026-01-15-10:28:50.846.507 [error_message_manage.cc:53]712964 FuncErrorReason:report error module_type=3, module_name=EE8888
[ERROR] RUNTIME(712964,):2026-01-15-10:28:50.846.510 [error_message_manage.cc:53]712964 FuncErrorReason:rtMemcpy execute failed, reason=[the current capture mode does not support this operation]
[ERROR] ASCENDCL(712964,):2026-01-15-10:28:50.846.818 [memory.cpp:437]712964 aclrtMemcpyImpl: synchronized memcpy failed, kind = 1, runtime result = 107030
[ERROR] RUNTIME(712964,):2026-01-15-10:28:50.911.533 [api_error.cc:1519]712964 MemCopySync:Memory copy sync failed, cnt=72, kind=1.
[ERROR] RUNTIME(712964,):2026-01-15-10:28:50.911.542 [api_c.cc:1197]712964 rtMemcpy:ErrCode=107030, desc=[the current capture mode does not support this operation], InnerCode=0x703001c
[ERROR] RUNTIME(712964,):2026-01-15-10:28:50.911.544 [error_message_manage.cc:53]712964 FuncErrorReason:report error module_type=3, module_name=EE8888
[ERROR] RUNTIME(712964,):2026-01-15-10:28:50.911.547 [error_message_manage.cc:53]712964 FuncErrorReason:rtMemcpy execute failed, reason=[the current capture mode does not support this operation]
[ERROR] ASCENDCL(712964,):2026-01-15-10:28:50.911.793 [memory.cpp:437]712964 aclrtMemcpyImpl: synchronized memcpy failed, kind = 1, runtime result = 107030
[ERROR] RUNTIME(712964,):2026-01-15-10:28:50.980.987 [api_error.cc:1519]712964 MemCopySync:Memory copy sync failed, cnt=416, kind=1.
[ERROR] RUNTIME(712964,):2026-01-15-10:28:50.980.996 [api_c.cc:1197]712964 rtMemcpy:ErrCode=107030, desc=[the current capture mode does not support this operation], InnerCode=0x703001c
[ERROR] RUNTIME(712964,):2026-01-15-10:28:50.980.999 [error_message_manage.cc:53]712964 FuncErrorReason:report error module_type=3, module_name=EE8888
[ERROR] RUNTIME(712964,):2026-01-15-10:28:50.981.001 [error_message_manage.cc:53]712964 FuncErrorReason:rtMemcpy execute failed, reason=[the current capture mode does not support this operation]
[ERROR] ASCENDCL(712964,):2026-01-15-10:28:50.981.207 [memory.cpp:437]712964 aclrtMemcpyImpl: synchronized memcpy failed, kind = 1, runtime result = 107030
[ERROR] RUNTIME(712964,):2026-01-15-10:28:51.041.983 [api_error.cc:1519]712964 MemCopySync:Memory copy sync failed, cnt=72, kind=1.
[ERROR] RUNTIME(712964,):2026-01-15-10:28:51.041.991 [api_c.cc:1197]712964 rtMemcpy:ErrCode=107030, desc=[the current capture mode does not support this operation], InnerCode=0x703001c
[ERROR] RUNTIME(712964,):2026-01-15-10:28:51.041.994 [error_message_manage.cc:53]712964 FuncErrorReason:report error module_type=3, module_name=EE8888
[ERROR] RUNTIME(712964,):2026-01-15-10:28:51.041.997 [error_message_manage.cc:53]712964 FuncErrorReason:rtMemcpy execute failed, reason=[the current capture mode does not support this operation]
[ERROR] ASCENDCL(712964,):2026-01-15-10:28:51.042.291 [memory.cpp:437]712964 aclrtMemcpyImpl: synchronized memcpy failed, kind = 1, runtime result = 107030
[ERROR] RUNTIME(712964,):2026-01-15-10:28:51.109.417 [api_error.cc:1519]712964 MemCopySync:Memory copy sync failed, cnt=416, kind=1.
[ERROR] RUNTIME(712964,):2026-01-15-10:28:51.109.426 [api_c.cc:1197]712964 rtMemcpy:ErrCode=107030, desc=[the current capture mode does not support this operation], InnerCode=0x703001c
[ERROR] RUNTIME(712964,):2026-01-15-10:28:51.109.428 [error_message_manage.cc:53]712964 FuncErrorReason:report error module_type=3, module_name=EE8888
[ERROR] RUNTIME(712964,):2026-01-15-10:28:51.109.431 [error_message_manage.cc:53]712964 FuncErrorReason:rtMemcpy execute failed, reason=[the current capture mode does not support this operation]
[ERROR] ASCENDCL(712964,):2026-01-15-10:28:51.109.635 [memory.cpp:437]712964 aclrtMemcpyImpl: synchronized memcpy failed, kind = 1, runtime result = 107030
[ERROR] RUNTIME(712964,):2026-01-15-10:28:51.175.204 [api_error.cc:1519]712964 MemCopySync:Memory copy sync failed, cnt=72, kind=1.
[ERROR] RUNTIME(712964,):2026-01-15-10:28:51.175.212 [api_c.cc:1197]712964 rtMemcpy:ErrCode=107030, desc=[the current capture mode does not support this operation], InnerCode=0x703001c
[ERROR] RUNTIME(712964,):2026-01-15-10:28:51.175.215 [error_message_manage.cc:53]712964 FuncErrorReason:report error module_type=3, module_name=EE8888
[ERROR] RUNTIME(712964,):2026-01-15-10:28:51.175.218 [error_message_manage.cc:53]712964 FuncErrorReason:rtMemcpy execute failed, reason=[the current capture mode does not support this operation]
[ERROR] ASCENDCL(712964,):2026-01-15-10:28:51.175.395 [memory.cpp:437]712964 aclrtMemcpyImpl: synchronized memcpy failed, kind = 1, runtime result = 107030
[ERROR] RUNTIME(712964,):2026-01-15-10:28:51.243.488 [api_error.cc:1519]712964 MemCopySync:Memory copy sync failed, cnt=416, kind=1.
[ERROR] RUNTIME(712964,):2026-01-15-10:28:51.243.497 [api_c.cc:1197]712964 rtMemcpy:ErrCode=107030, desc=[the current capture mode does not support this operation], InnerCode=0x703001c
[ERROR] RUNTIME(712964,):2026-01-15-10:28:51.243.500 [error_message_manage.cc:53]712964 FuncErrorReason:report error module_type=3, module_name=EE8888
[ERROR] RUNTIME(712964,):2026-01-15-10:28:51.243.503 [error_message_manage.cc:53]712964 FuncErrorReason:rtMemcpy execute failed, reason=[the current capture mode does not support this operation]
[ERROR] ASCENDCL(712964,):2026-01-15-10:28:51.243.794 [memory.cpp:437]712964 aclrtMemcpyImpl: synchronized memcpy failed, kind = 1, runtime result = 107030
[ERROR] RUNTIME(712964,):2026-01-15-10:28:51.311.364 [api_error.cc:1519]712964 MemCopySync:Memory copy sync failed, cnt=72, kind=1.
[ERROR] RUNTIME(712964,):2026-01-15-10:28:51.311.372 [api_c.cc:1197]712964 rtMemcpy:ErrCode=107030, desc=[the current capture mode does not support this operation], InnerCode=0x703001c
[ERROR] RUNTIME(712964,):2026-01-15-10:28:51.311.375 [error_message_manage.cc:53]712964 FuncErrorReason:report error module_type=3, module_name=EE8888
[ERROR] RUNTIME(712964,):2026-01-15-10:28:51.311.377 [error_message_manage.cc:53]712964 FuncErrorReason:rtMemcpy execute failed, reason=[the current capture mode does not support this operation]
[ERROR] ASCENDCL(712964,):2026-01-15-10:28:51.311.621 [memory.cpp:437]712964 aclrtMemcpyImpl: synchronized memcpy failed, kind = 1, runtime result = 107030
[ERROR] RUNTIME(712964,):2026-01-15-10:28:51.382.909 [api_error.cc:1519]712964 MemCopySync:Memory copy sync failed, cnt=416, kind=1.
[ERROR] RUNTIME(712964,):2026-01-15-10:28:51.382.918 [api_c.cc:1197]712964 rtMemcpy:ErrCode=107030, desc=[the current capture mode does not support this operation], InnerCode=0x703001c
[ERROR] RUNTIME(712964,):2026-01-15-10:28:51.382.921 [error_message_manage.cc:53]712964 FuncErrorReason:report error module_type=3, module_name=EE8888
[ERROR] RUNTIME(712964,):2026-01-15-10:28:51.382.924 [error_message_manage.cc:53]712964 FuncErrorReason:rtMemcpy execute failed, reason=[the current capture mode does not support this operation]
[ERROR] ASCENDCL(712964,):2026-01-15-10:28:51.383.121 [memory.cpp:437]712964 aclrtMemcpyImpl: synchronized memcpy failed, kind = 1, runtime result = 107030
[ERROR] RUNTIME(712964,):2026-01-15-10:28:51.453.066 [api_error.cc:1519]712964 MemCopySync:Memory copy sync failed, cnt=72, kind=1.
[ERROR] RUNTIME(712964,):2026-01-15-10:28:51.453.074 [api_c.cc:1197]712964 rtMemcpy:ErrCode=107030, desc=[the current capture mode does not support this operation], InnerCode=0x703001c
[ERROR] RUNTIME(712964,):2026-01-15-10:28:51.453.077 [error_message_manage.cc:53]712964 FuncErrorReason:report error module_type=3, module_name=EE8888
[ERROR] RUNTIME(712964,):2026-01-15-10:28:51.453.080 [error_message_manage.cc:53]712964 FuncErrorReason:rtMemcpy execute failed, reason=[the current capture mode does not support this operation]
[ERROR] ASCENDCL(712964,):2026-01-15-10:28:51.453.425 [memory.cpp:437]712964 aclrtMemcpyImpl: synchronized memcpy failed, kind = 1, runtime result = 107030
[ERROR] RUNTIME(712964,):2026-01-15-10:28:51.528.071 [api_error.cc:1519]712964 MemCopySync:Memory copy sync failed, cnt=416, kind=1.
[ERROR] RUNTIME(712964,):2026-01-15-10:28:51.528.079 [api_c.cc:1197]712964 rtMemcpy:ErrCode=107030, desc=[the current capture mode does not support this operation], InnerCode=0x703001c
[ERROR] RUNTIME(712964,):2026-01-15-10:28:51.528.082 [error_message_manage.cc:53]712964 FuncErrorReason:report error module_type=3, module_name=EE8888
[ERROR] RUNTIME(712964,):2026-01-15-10:28:51.528.085 [error_message_manage.cc:53]712964 FuncErrorReason:rtMemcpy execute failed, reason=[the current capture mode does not support this operation]
[ERROR] ASCENDCL(712964,):2026-01-15-10:28:51.528.293 [memory.cpp:437]712964 aclrtMemcpyImpl: synchronized memcpy failed, kind = 1, runtime result = 107030
[ERROR] RUNTIME(712964,):2026-01-15-10:28:51.602.786 [api_error.cc:1519]712964 MemCopySync:Memory copy sync failed, cnt=72, kind=1.
[ERROR] RUNTIME(712964,):2026-01-15-10:28:51.602.794 [api_c.cc:1197]712964 rtMemcpy:ErrCode=107030, desc=[the current capture mode does not support this operation], InnerCode=0x703001c
[ERROR] RUNTIME(712964,):2026-01-15-10:28:51.602.796 [error_message_manage.cc:53]712964 FuncErrorReason:report error module_type=3, module_name=EE8888
[ERROR] RUNTIME(712964,):2026-01-15-10:28:51.602.799 [error_message_manage.cc:53]712964 FuncErrorReason:rtMemcpy execute failed, reason=[the current capture mode does not support this operation]
[ERROR] ASCENDCL(712964,):2026-01-15-10:28:51.603.051 [memory.cpp:437]712964 aclrtMemcpyImpl: synchronized memcpy failed, kind = 1, runtime result = 107030
[ERROR] RUNTIME(712964,):2026-01-15-10:28:51.679.969 [api_error.cc:1519]712964 MemCopySync:Memory copy sync failed, cnt=416, kind=1.
[ERROR] RUNTIME(712964,):2026-01-15-10:28:51.679.978 [api_c.cc:1197]712964 rtMemcpy:ErrCode=107030, desc=[the current capture mode does not support this operation], InnerCode=0x703001c
[ERROR] RUNTIME(712964,):2026-01-15-10:28:51.679.981 [error_message_manage.cc:53]712964 FuncErrorReason:report error module_type=3, module_name=EE8888
[ERROR] RUNTIME(712964,):2026-01-15-10:28:51.679.984 [error_message_manage.cc:53]712964 FuncErrorReason:rtMemcpy execute failed, reason=[the current capture mode does not support this operation]
[ERROR] ASCENDCL(712964,):2026-01-15-10:28:51.680.268 [memory.cpp:437]712964 aclrtMemcpyImpl: synchronized memcpy failed, kind = 1, runtime result = 107030
[ERROR] RUNTIME(712964,):2026-01-15-10:28:51.749.666 [api_error.cc:1519]712964 MemCopySync:Memory copy sync failed, cnt=72, kind=1.
[ERROR] RUNTIME(712964,):2026-01-15-10:28:51.749.674 [api_c.cc:1197]712964 rtMemcpy:ErrCode=107030, desc=[the current capture mode does not support this operation], InnerCode=0x703001c
[ERROR] RUNTIME(712964,):2026-01-15-10:28:51.749.677 [error_message_manage.cc:53]712964 FuncErrorReason:report error module_type=3, module_name=EE8888
[ERROR] RUNTIME(712964,):2026-01-15-10:28:51.749.679 [error_message_manage.cc:53]712964 FuncErrorReason:rtMemcpy execute failed, reason=[the current capture mode does not support this operation]
[ERROR] ASCENDCL(712964,):2026-01-15-10:28:51.749.887 [memory.cpp:437]712964 aclrtMemcpyImpl: synchronized memcpy failed, kind = 1, runtime result = 107030
[ERROR] RUNTIME(712964,):2026-01-15-10:28:51.826.138 [api_error.cc:1519]712964 MemCopySync:Memory copy sync failed, cnt=416, kind=1.
[ERROR] RUNTIME(712964,):2026-01-15-10:28:51.826.147 [api_c.cc:1197]712964 rtMemcpy:ErrCode=107030, desc=[the current capture mode does not support this operation], InnerCode=0x703001c
[ERROR] RUNTIME(712964,):2026-01-15-10:28:51.826.150 [error_message_manage.cc:53]712964 FuncErrorReason:report error module_type=3, module_name=EE8888
[ERROR] RUNTIME(712964,):2026-01-15-10:28:51.826.152 [error_message_manage.cc:53]712964 FuncErrorReason:rtMemcpy execute failed, reason=[the current capture mode does not support this operation]
[ERROR] ASCENDCL(712964,):2026-01-15-10:28:51.826.374 [memory.cpp:437]712964 aclrtMemcpyImpl: synchronized memcpy failed, kind = 1, runtime result = 107030
[ERROR] RUNTIME(712964,):2026-01-15-10:28:51.901.641 [api_error.cc:1519]712964 MemCopySync:Memory copy sync failed, cnt=72, kind=1.
[ERROR] RUNTIME(712964,):2026-01-15-10:28:51.901.650 [api_c.cc:1197]712964 rtMemcpy:ErrCode=107030, desc=[the current capture mode does not support this operation], InnerCode=0x703001c
[ERROR] RUNTIME(712964,):2026-01-15-10:28:51.901.652 [error_message_manage.cc:53]712964 FuncErrorReason:report error module_type=3, module_name=EE8888
[ERROR] RUNTIME(712964,):2026-01-15-10:28:51.901.655 [error_message_manage.cc:53]712964 FuncErrorReason:rtMemcpy execute failed, reason=[the current capture mode does not support this operation]
[ERROR] ASCENDCL(712964,):2026-01-15-10:28:51.901.932 [memory.cpp:437]712964 aclrtMemcpyImpl: synchronized memcpy failed, kind = 1, runtime result = 107030
[ERROR] RUNTIME(712964,):2026-01-15-10:28:51.977.806 [api_error.cc:1519]712964 MemCopySync:Memory copy sync failed, cnt=416, kind=1.
[ERROR] RUNTIME(712964,):2026-01-15-10:28:51.977.815 [api_c.cc:1197]712964 rtMemcpy:ErrCode=107030, desc=[the current capture mode does not support this operation], InnerCode=0x703001c
[ERROR] RUNTIME(712964,):2026-01-15-10:28:51.977.817 [error_message_manage.cc:53]712964 FuncErrorReason:report error module_type=3, module_name=EE8888
[ERROR] RUNTIME(712964,):2026-01-15-10:28:51.977.820 [error_message_manage.cc:53]712964 FuncErrorReason:rtMemcpy execute failed, reason=[the current capture mode does not support this operation]
[ERROR] ASCENDCL(712964,):2026-01-15-10:28:51.978.036 [memory.cpp:437]712964 aclrtMemcpyImpl: synchronized memcpy failed, kind = 1, runtime result = 107030
[ERROR] RUNTIME(712964,):2026-01-15-10:28:52.047.951 [api_error.cc:1519]712964 MemCopySync:Memory copy sync failed, cnt=72, kind=1.
[ERROR] RUNTIME(712964,):2026-01-15-10:28:52.047.959 [api_c.cc:1197]712964 rtMemcpy:ErrCode=107030, desc=[the current capture mode does not support this operation], InnerCode=0x703001c
[ERROR] RUNTIME(712964,):2026-01-15-10:28:52.047.961 [error_message_manage.cc:53]712964 FuncErrorReason:report error module_type=3, module_name=EE8888
[ERROR] RUNTIME(712964,):2026-01-15-10:28:52.047.964 [error_message_manage.cc:53]712964 FuncErrorReason:rtMemcpy execute failed, reason=[the current capture mode does not support this operation]
[ERROR] ASCENDCL(712964,):2026-01-15-10:28:52.048.253 [memory.cpp:437]712964 aclrtMemcpyImpl: synchronized memcpy failed, kind = 1, runtime result = 107030
[ERROR] RUNTIME(712964,):2026-01-15-10:28:52.121.327 [api_error.cc:1519]712964 MemCopySync:Memory copy sync failed, cnt=416, kind=1.
[ERROR] RUNTIME(712964,):2026-01-15-10:28:52.121.336 [api_c.cc:1197]712964 rtMemcpy:ErrCode=107030, desc=[the current capture mode does not support this operation], InnerCode=0x703001c
[ERROR] RUNTIME(712964,):2026-01-15-10:28:52.121.338 [error_message_manage.cc:53]712964 FuncErrorReason:report error module_type=3, module_name=EE8888
[ERROR] RUNTIME(712964,):2026-01-15-10:28:52.121.341 [error_message_manage.cc:53]712964 FuncErrorReason:rtMemcpy execute failed, reason=[the current capture mode does not support this operation]
[ERROR] ASCENDCL(712964,):2026-01-15-10:28:52.121.542 [memory.cpp:437]712964 aclrtMemcpyImpl: synchronized memcpy failed, kind = 1, runtime result = 107030
[ERROR] RUNTIME(712964,):2026-01-15-10:28:52.193.783 [api_error.cc:1519]712964 MemCopySync:Memory copy sync failed, cnt=72, kind=1.
[ERROR] RUNTIME(712964,):2026-01-15-10:28:52.193.791 [api_c.cc:1197]712964 rtMemcpy:ErrCode=107030, desc=[the current capture mode does not support this operation], InnerCode=0x703001c
[ERROR] RUNTIME(712964,):2026-01-15-10:28:52.193.793 [error_message_manage.cc:53]712964 FuncErrorReason:report error module_type=3, module_name=EE8888
[ERROR] RUNTIME(712964,):2026-01-15-10:28:52.193.796 [error_message_manage.cc:53]712964 FuncErrorReason:rtMemcpy execute failed, reason=[the current capture mode does not support this operation]
[ERROR] ASCENDCL(712964,):2026-01-15-10:28:52.194.001 [memory.cpp:437]712964 aclrtMemcpyImpl: synchronized memcpy failed, kind = 1, runtime result = 107030
[ERROR] RUNTIME(712964,):2026-01-15-10:28:52.272.026 [api_error.cc:1519]712964 MemCopySync:Memory copy sync failed, cnt=416, kind=1.
[ERROR] RUNTIME(712964,):2026-01-15-10:28:52.272.034 [api_c.cc:1197]712964 rtMemcpy:ErrCode=107030, desc=[the current capture mode does not support this operation], InnerCode=0x703001c
[ERROR] RUNTIME(712964,):2026-01-15-10:28:52.272.037 [error_message_manage.cc:53]712964 FuncErrorReason:report error module_type=3, module_name=EE8888
[ERROR] RUNTIME(712964,):2026-01-15-10:28:52.272.040 [error_message_manage.cc:53]712964 FuncErrorReason:rtMemcpy execute failed, reason=[the current capture mode does not support this operation]
[ERROR] ASCENDCL(712964,):2026-01-15-10:28:52.272.327 [memory.cpp:437]712964 aclrtMemcpyImpl: synchronized memcpy failed, kind = 1, runtime result = 107030
[ERROR] RUNTIME(712964,):2026-01-15-10:28:52.338.097 [api_error.cc:1519]712964 MemCopySync:Memory copy sync failed, cnt=72, kind=1.
[ERROR] RUNTIME(712964,):2026-01-15-10:28:52.338.104 [api_c.cc:1197]712964 rtMemcpy:ErrCode=107030, desc=[the current capture mode does not support this operation], InnerCode=0x703001c
[ERROR] RUNTIME(712964,):2026-01-15-10:28:52.338.107 [error_message_manage.cc:53]712964 FuncErrorReason:report error module_type=3, module_name=EE8888
[ERROR] RUNTIME(712964,):2026-01-15-10:28:52.338.110 [error_message_manage.cc:53]712964 FuncErrorReason:rtMemcpy execute failed, reason=[the current capture mode does not support this operation]
[ERROR] ASCENDCL(712964,):2026-01-15-10:28:52.338.316 [memory.cpp:437]712964 aclrtMemcpyImpl: synchronized memcpy failed, kind = 1, runtime result = 107030
[ERROR] RUNTIME(712964,):2026-01-15-10:28:52.406.797 [api_error.cc:1519]712964 MemCopySync:Memory copy sync failed, cnt=416, kind=1.
[ERROR] RUNTIME(712964,):2026-01-15-10:28:52.406.805 [api_c.cc:1197]712964 rtMemcpy:ErrCode=107030, desc=[the current capture mode does not support this operation], InnerCode=0x703001c
[ERROR] RUNTIME(712964,):2026-01-15-10:28:52.406.808 [error_message_manage.cc:53]712964 FuncErrorReason:report error module_type=3, module_name=EE8888
[ERROR] RUNTIME(712964,):2026-01-15-10:28:52.406.810 [error_message_manage.cc:53]712964 FuncErrorReason:rtMemcpy execute failed, reason=[the current capture mode does not support this operation]
[ERROR] ASCENDCL(712964,):2026-01-15-10:28:52.407.046 [memory.cpp:437]712964 aclrtMemcpyImpl: synchronized memcpy failed, kind = 1, runtime result = 107030
[ERROR] RUNTIME(712964,):2026-01-15-10:28:52.481.103 [api_error.cc:1519]712964 MemCopySync:Memory copy sync failed, cnt=72, kind=1.
[ERROR] RUNTIME(712964,):2026-01-15-10:28:52.481.111 [api_c.cc:1197]712964 rtMemcpy:ErrCode=107030, desc=[the current capture mode does not support this operation], InnerCode=0x703001c
[ERROR] RUNTIME(712964,):2026-01-15-10:28:52.481.113 [error_message_manage.cc:53]712964 FuncErrorReason:report error module_type=3, module_name=EE8888
[ERROR] RUNTIME(712964,):2026-01-15-10:28:52.481.116 [error_message_manage.cc:53]712964 FuncErrorReason:rtMemcpy execute failed, reason=[the current capture mode does not support this operation]
[ERROR] ASCENDCL(712964,):2026-01-15-10:28:52.481.422 [memory.cpp:437]712964 aclrtMemcpyImpl: synchronized memcpy failed, kind = 1, runtime result = 107030
[ERROR] RUNTIME(712964,):2026-01-15-10:28:52.560.771 [api_error.cc:1519]712964 MemCopySync:Memory copy sync failed, cnt=416, kind=1.
[ERROR] RUNTIME(712964,):2026-01-15-10:28:52.560.780 [api_c.cc:1197]712964 rtMemcpy:ErrCode=107030, desc=[the current capture mode does not support this operation], InnerCode=0x703001c
[ERROR] RUNTIME(712964,):2026-01-15-10:28:52.560.783 [error_message_manage.cc:53]712964 FuncErrorReason:report error module_type=3, module_name=EE8888
[ERROR] RUNTIME(712964,):2026-01-15-10:28:52.560.785 [error_message_manage.cc:53]712964 FuncErrorReason:rtMemcpy execute failed, reason=[the current capture mode does not support this operation]
[ERROR] ASCENDCL(712964,):2026-01-15-10:28:52.561.038 [memory.cpp:437]712964 aclrtMemcpyImpl: synchronized memcpy failed, kind = 1, runtime result = 107030
[ERROR] RUNTIME(712964,):2026-01-15-10:28:52.638.345 [api_error.cc:1519]712964 MemCopySync:Memory copy sync failed, cnt=72, kind=1.
[ERROR] RUNTIME(712964,):2026-01-15-10:28:52.638.354 [api_c.cc:1197]712964 rtMemcpy:ErrCode=107030, desc=[the current capture mode does not support this operation], InnerCode=0x703001c
[ERROR] RUNTIME(712964,):2026-01-15-10:28:52.638.356 [error_message_manage.cc:53]712964 FuncErrorReason:report error module_type=3, module_name=EE8888
[ERROR] RUNTIME(712964,):2026-01-15-10:28:52.638.359 [error_message_manage.cc:53]712964 FuncErrorReason:rtMemcpy execute failed, reason=[the current capture mode does not support this operation]
[ERROR] ASCENDCL(712964,):2026-01-15-10:28:52.638.586 [memory.cpp:437]712964 aclrtMemcpyImpl: synchronized memcpy failed, kind = 1, runtime result = 107030
[ERROR] RUNTIME(712964,):2026-01-15-10:28:52.720.201 [api_error.cc:1519]712964 MemCopySync:Memory copy sync failed, cnt=416, kind=1.
[ERROR] RUNTIME(712964,):2026-01-15-10:28:52.720.209 [api_c.cc:1197]712964 rtMemcpy:ErrCode=107030, desc=[the current capture mode does not support this operation], InnerCode=0x703001c
[ERROR] RUNTIME(712964,):2026-01-15-10:28:52.720.212 [error_message_manage.cc:53]712964 FuncErrorReason:report error module_type=3, module_name=EE8888
[ERROR] RUNTIME(712964,):2026-01-15-10:28:52.720.214 [error_message_manage.cc:53]712964 FuncErrorReason:rtMemcpy execute failed, reason=[the current capture mode does not support this operation]
[ERROR] ASCENDCL(712964,):2026-01-15-10:28:52.720.417 [memory.cpp:437]712964 aclrtMemcpyImpl: synchronized memcpy failed, kind = 1, runtime result = 107030
[ERROR] RUNTIME(712964,):2026-01-15-10:28:52.790.928 [api_error.cc:1519]712964 MemCopySync:Memory copy sync failed, cnt=72, kind=1.
[ERROR] RUNTIME(712964,):2026-01-15-10:28:52.790.936 [api_c.cc:1197]712964 rtMemcpy:ErrCode=107030, desc=[the current capture mode does not support this operation], InnerCode=0x703001c
[ERROR] RUNTIME(712964,):2026-01-15-10:28:52.790.939 [error_message_manage.cc:53]712964 FuncErrorReason:report error module_type=3, module_name=EE8888
[ERROR] RUNTIME(712964,):2026-01-15-10:28:52.790.941 [error_message_manage.cc:53]712964 FuncErrorReason:rtMemcpy execute failed, reason=[the current capture mode does not support this operation]
[ERROR] ASCENDCL(712964,):2026-01-15-10:28:52.791.124 [memory.cpp:437]712964 aclrtMemcpyImpl: synchronized memcpy failed, kind = 1, runtime result = 107030
[ERROR] RUNTIME(712964,):2026-01-15-10:28:52.854.597 [api_error.cc:1519]712964 MemCopySync:Memory copy sync failed, cnt=416, kind=1.
[ERROR] RUNTIME(712964,):2026-01-15-10:28:52.854.606 [api_c.cc:1197]712964 rtMemcpy:ErrCode=107030, desc=[the current capture mode does not support this operation], InnerCode=0x703001c
[ERROR] RUNTIME(712964,):2026-01-15-10:28:52.854.608 [error_message_manage.cc:53]712964 FuncErrorReason:report error module_type=3, module_name=EE8888
[ERROR] RUNTIME(712964,):2026-01-15-10:28:52.854.611 [error_message_manage.cc:53]712964 FuncErrorReason:rtMemcpy execute failed, reason=[the current capture mode does not support this operation]
[ERROR] ASCENDCL(712964,):2026-01-15-10:28:52.854.927 [memory.cpp:437]712964 aclrtMemcpyImpl: synchronized memcpy failed, kind = 1, runtime result = 107030
[ERROR] RUNTIME(712964,):2026-01-15-10:28:52.915.324 [api_error.cc:1519]712964 MemCopySync:Memory copy sync failed, cnt=72, kind=1.
[ERROR] RUNTIME(712964,):2026-01-15-10:28:52.915.332 [api_c.cc:1197]712964 rtMemcpy:ErrCode=107030, desc=[the current capture mode does not support this operation], InnerCode=0x703001c
[ERROR] RUNTIME(712964,):2026-01-15-10:28:52.915.334 [error_message_manage.cc:53]712964 FuncErrorReason:report error module_type=3, module_name=EE8888
[ERROR] RUNTIME(712964,):2026-01-15-10:28:52.915.337 [error_message_manage.cc:53]712964 FuncErrorReason:rtMemcpy execute failed, reason=[the current capture mode does not support this operation]
[ERROR] ASCENDCL(712964,):2026-01-15-10:28:52.915.577 [memory.cpp:437]712964 aclrtMemcpyImpl: synchronized memcpy failed, kind = 1, runtime result = 107030
[ERROR] RUNTIME(712964,):2026-01-15-10:28:52.978.991 [api_error.cc:1519]712964 MemCopySync:Memory copy sync failed, cnt=416, kind=1.
[ERROR] RUNTIME(712964,):2026-01-15-10:28:52.978.999 [api_c.cc:1197]712964 rtMemcpy:ErrCode=107030, desc=[the current capture mode does not support this operation], InnerCode=0x703001c
[ERROR] RUNTIME(712964,):2026-01-15-10:28:52.979.002 [error_message_manage.cc:53]712964 FuncErrorReason:report error module_type=3, module_name=EE8888
[ERROR] RUNTIME(712964,):2026-01-15-10:28:52.979.005 [error_message_manage.cc:53]712964 FuncErrorReason:rtMemcpy execute failed, reason=[the current capture mode does not support this operation]
[ERROR] ASCENDCL(712964,):2026-01-15-10:28:52.979.228 [memory.cpp:437]712964 aclrtMemcpyImpl: synchronized memcpy failed, kind = 1, runtime result = 107030
[ERROR] RUNTIME(712964,):2026-01-15-10:28:53.045.985 [api_error.cc:1519]712964 MemCopySync:Memory copy sync failed, cnt=72, kind=1.
[ERROR] RUNTIME(712964,):2026-01-15-10:28:53.045.994 [api_c.cc:1197]712964 rtMemcpy:ErrCode=107030, desc=[the current capture mode does not support this operation], InnerCode=0x703001c
[ERROR] RUNTIME(712964,):2026-01-15-10:28:53.045.996 [error_message_manage.cc:53]712964 FuncErrorReason:report error module_type=3, module_name=EE8888
[ERROR] RUNTIME(712964,):2026-01-15-10:28:53.045.999 [error_message_manage.cc:53]712964 FuncErrorReason:rtMemcpy execute failed, reason=[the current capture mode does not support this operation]
[ERROR] ASCENDCL(712964,):2026-01-15-10:28:53.046.211 [memory.cpp:437]712964 aclrtMemcpyImpl: synchronized memcpy failed, kind = 1, runtime result = 107030
[ERROR] RUNTIME(712964,):2026-01-15-10:28:53.125.470 [api_error.cc:1519]712964 MemCopySync:Memory copy sync failed, cnt=416, kind=1.
[ERROR] RUNTIME(712964,):2026-01-15-10:28:53.125.478 [api_c.cc:1197]712964 rtMemcpy:ErrCode=107030, desc=[the current capture mode does not support this operation], InnerCode=0x703001c
[ERROR] RUNTIME(712964,):2026-01-15-10:28:53.125.481 [error_message_manage.cc:53]712964 FuncErrorReason:report error module_type=3, module_name=EE8888
[ERROR] RUNTIME(712964,):2026-01-15-10:28:53.125.484 [error_message_manage.cc:53]712964 FuncErrorReason:rtMemcpy execute failed, reason=[the current capture mode does not support this operation]
[ERROR] ASCENDCL(712964,):2026-01-15-10:28:53.125.710 [memory.cpp:437]712964 aclrtMemcpyImpl: synchronized memcpy failed, kind = 1, runtime result = 107030
[ERROR] RUNTIME(712964,):2026-01-15-10:28:53.204.712 [api_error.cc:1519]712964 MemCopySync:Memory copy sync failed, cnt=72, kind=1.
[ERROR] RUNTIME(712964,):2026-01-15-10:28:53.204.720 [api_c.cc:1197]712964 rtMemcpy:ErrCode=107030, desc=[the current capture mode does not support this operation], InnerCode=0x703001c
[ERROR] RUNTIME(712964,):2026-01-15-10:28:53.204.723 [error_message_manage.cc:53]712964 FuncErrorReason:report error module_type=3, module_name=EE8888
[ERROR] RUNTIME(712964,):2026-01-15-10:28:53.204.725 [error_message_manage.cc:53]712964 FuncErrorReason:rtMemcpy execute failed, reason=[the current capture mode does not support this operation]
[ERROR] ASCENDCL(712964,):2026-01-15-10:28:53.204.933 [memory.cpp:437]712964 aclrtMemcpyImpl: synchronized memcpy failed, kind = 1, runtime result = 107030
[ERROR] RUNTIME(712964,):2026-01-15-10:28:53.283.990 [api_error.cc:1519]712964 MemCopySync:Memory copy sync failed, cnt=416, kind=1.
[ERROR] RUNTIME(712964,):2026-01-15-10:28:53.283.999 [api_c.cc:1197]712964 rtMemcpy:ErrCode=107030, desc=[the current capture mode does not support this operation], InnerCode=0x703001c
[ERROR] RUNTIME(712964,):2026-01-15-10:28:53.284.002 [error_message_manage.cc:53]712964 FuncErrorReason:report error module_type=3, module_name=EE8888
[ERROR] RUNTIME(712964,):2026-01-15-10:28:53.284.005 [error_message_manage.cc:53]712964 FuncErrorReason:rtMemcpy execute failed, reason=[the current capture mode does not support this operation]
[ERROR] ASCENDCL(712964,):2026-01-15-10:28:53.284.356 [memory.cpp:437]712964 aclrtMemcpyImpl: synchronized memcpy failed, kind = 1, runtime result = 107030
[ERROR] RUNTIME(712964,):2026-01-15-10:28:53.356.490 [api_error.cc:1519]712964 MemCopySync:Memory copy sync failed, cnt=72, kind=1.
[ERROR] RUNTIME(712964,):2026-01-15-10:28:53.356.498 [api_c.cc:1197]712964 rtMemcpy:ErrCode=107030, desc=[the current capture mode does not support this operation], InnerCode=0x703001c
[ERROR] RUNTIME(712964,):2026-01-15-10:28:53.356.501 [error_message_manage.cc:53]712964 FuncErrorReason:report error module_type=3, module_name=EE8888
[ERROR] RUNTIME(712964,):2026-01-15-10:28:53.356.503 [error_message_manage.cc:53]712964 FuncErrorReason:rtMemcpy execute failed, reason=[the current capture mode does not support this operation]
[ERROR] ASCENDCL(712964,):2026-01-15-10:28:53.356.716 [memory.cpp:437]712964 aclrtMemcpyImpl: synchronized memcpy failed, kind = 1, runtime result = 107030
[ERROR] RUNTIME(712964,):2026-01-15-10:28:53.435.019 [api_error.cc:1519]712964 MemCopySync:Memory copy sync failed, cnt=416, kind=1.
[ERROR] RUNTIME(712964,):2026-01-15-10:28:53.435.028 [api_c.cc:1197]712964 rtMemcpy:ErrCode=107030, desc=[the current capture mode does not support this operation], InnerCode=0x703001c
[ERROR] RUNTIME(712964,):2026-01-15-10:28:53.435.030 [error_message_manage.cc:53]712964 FuncErrorReason:report error module_type=3, module_name=EE8888
[ERROR] RUNTIME(712964,):2026-01-15-10:28:53.435.033 [error_message_manage.cc:53]712964 FuncErrorReason:rtMemcpy execute failed, reason=[the current capture mode does not support this operation]
[ERROR] ASCENDCL(712964,):2026-01-15-10:28:53.435.239 [memory.cpp:437]712964 aclrtMemcpyImpl: synchronized memcpy failed, kind = 1, runtime result = 107030
[ERROR] RUNTIME(712964,):2026-01-15-10:28:53.504.885 [api_error.cc:1519]712964 MemCopySync:Memory copy sync failed, cnt=72, kind=1.
[ERROR] RUNTIME(712964,):2026-01-15-10:28:53.504.893 [api_c.cc:1197]712964 rtMemcpy:ErrCode=107030, desc=[the current capture mode does not support this operation], InnerCode=0x703001c
[ERROR] RUNTIME(712964,):2026-01-15-10:28:53.504.895 [error_message_manage.cc:53]712964 FuncErrorReason:report error module_type=3, module_name=EE8888
[ERROR] RUNTIME(712964,):2026-01-15-10:28:53.504.898 [error_message_manage.cc:53]712964 FuncErrorReason:rtMemcpy execute failed, reason=[the current capture mode does not support this operation]
[ERROR] ASCENDCL(712964,):2026-01-15-10:28:53.505.197 [memory.cpp:437]712964 aclrtMemcpyImpl: synchronized memcpy failed, kind = 1, runtime result = 107030
[ERROR] RUNTIME(712964,):2026-01-15-10:28:53.572.196 [api_error.cc:1519]712964 MemCopySync:Memory copy sync failed, cnt=416, kind=1.
[ERROR] RUNTIME(712964,):2026-01-15-10:28:53.572.205 [api_c.cc:1197]712964 rtMemcpy:ErrCode=107030, desc=[the current capture mode does not support this operation], InnerCode=0x703001c
[ERROR] RUNTIME(712964,):2026-01-15-10:28:53.572.208 [error_message_manage.cc:53]712964 FuncErrorReason:report error module_type=3, module_name=EE8888
[ERROR] RUNTIME(712964,):2026-01-15-10:28:53.572.211 [error_message_manage.cc:53]712964 FuncErrorReason:rtMemcpy execute failed, reason=[the current capture mode does not support this operation]
[ERROR] ASCENDCL(712964,):2026-01-15-10:28:53.572.554 [memory.cpp:437]712964 aclrtMemcpyImpl: synchronized memcpy failed, kind = 1, runtime result = 107030
[ERROR] RUNTIME(712964,):2026-01-15-10:28:53.639.166 [api_error.cc:1519]712964 MemCopySync:Memory copy sync failed, cnt=72, kind=1.
[ERROR] RUNTIME(712964,):2026-01-15-10:28:53.639.174 [api_c.cc:1197]712964 rtMemcpy:ErrCode=107030, desc=[the current capture mode does not support this operation], InnerCode=0x703001c
[ERROR] RUNTIME(712964,):2026-01-15-10:28:53.639.176 [error_message_manage.cc:53]712964 FuncErrorReason:report error module_type=3, module_name=EE8888
[ERROR] RUNTIME(712964,):2026-01-15-10:28:53.639.179 [error_message_manage.cc:53]712964 FuncErrorReason:rtMemcpy execute failed, reason=[the current capture mode does not support this operation]
[ERROR] ASCENDCL(712964,):2026-01-15-10:28:53.639.397 [memory.cpp:437]712964 aclrtMemcpyImpl: synchronized memcpy failed, kind = 1, runtime result = 107030
[ERROR] RUNTIME(712964,):2026-01-15-10:28:53.709.726 [api_error.cc:1519]712964 MemCopySync:Memory copy sync failed, cnt=416, kind=1.
[ERROR] RUNTIME(712964,):2026-01-15-10:28:53.709.734 [api_c.cc:1197]712964 rtMemcpy:ErrCode=107030, desc=[the current capture mode does not support this operation], InnerCode=0x703001c
[ERROR] RUNTIME(712964,):2026-01-15-10:28:53.709.737 [error_message_manage.cc:53]712964 FuncErrorReason:report error module_type=3, module_name=EE8888
[ERROR] RUNTIME(712964,):2026-01-15-10:28:53.709.740 [error_message_manage.cc:53]712964 FuncErrorReason:rtMemcpy execute failed, reason=[the current capture mode does not support this operation]
[ERROR] ASCENDCL(712964,):2026-01-15-10:28:53.710.016 [memory.cpp:437]712964 aclrtMemcpyImpl: synchronized memcpy failed, kind = 1, runtime result = 107030
[ERROR] RUNTIME(712964,):2026-01-15-10:28:53.778.678 [api_error.cc:1519]712964 MemCopySync:Memory copy sync failed, cnt=72, kind=1.
[ERROR] RUNTIME(712964,):2026-01-15-10:28:53.778.685 [api_c.cc:1197]712964 rtMemcpy:ErrCode=107030, desc=[the current capture mode does not support this operation], InnerCode=0x703001c
[ERROR] RUNTIME(712964,):2026-01-15-10:28:53.778.688 [error_message_manage.cc:53]712964 FuncErrorReason:report error module_type=3, module_name=EE8888
[ERROR] RUNTIME(712964,):2026-01-15-10:28:53.778.691 [error_message_manage.cc:53]712964 FuncErrorReason:rtMemcpy execute failed, reason=[the current capture mode does not support this operation]
[ERROR] ASCENDCL(712964,):2026-01-15-10:28:53.778.909 [memory.cpp:437]712964 aclrtMemcpyImpl: synchronized memcpy failed, kind = 1, runtime result = 107030
[ERROR] RUNTIME(712964,):2026-01-15-10:28:53.847.485 [api_error.cc:1519]712964 MemCopySync:Memory copy sync failed, cnt=416, kind=1.
[ERROR] RUNTIME(712964,):2026-01-15-10:28:53.847.494 [api_c.cc:1197]712964 rtMemcpy:ErrCode=107030, desc=[the current capture mode does not support this operation], InnerCode=0x703001c
[ERROR] RUNTIME(712964,):2026-01-15-10:28:53.847.497 [error_message_manage.cc:53]712964 FuncErrorReason:report error module_type=3, module_name=EE8888
[ERROR] RUNTIME(712964,):2026-01-15-10:28:53.847.500 [error_message_manage.cc:53]712964 FuncErrorReason:rtMemcpy execute failed, reason=[the current capture mode does not support this operation]
[ERROR] ASCENDCL(712964,):2026-01-15-10:28:53.847.726 [memory.cpp:437]712964 aclrtMemcpyImpl: synchronized memcpy failed, kind = 1, runtime result = 107030
[ERROR] RUNTIME(712964,):2026-01-15-10:28:53.920.336 [api_error.cc:1519]712964 MemCopySync:Memory copy sync failed, cnt=72, kind=1.
[ERROR] RUNTIME(712964,):2026-01-15-10:28:53.920.344 [api_c.cc:1197]712964 rtMemcpy:ErrCode=107030, desc=[the current capture mode does not support this operation], InnerCode=0x703001c
[ERROR] RUNTIME(712964,):2026-01-15-10:28:53.920.347 [error_message_manage.cc:53]712964 FuncErrorReason:report error module_type=3, module_name=EE8888
[ERROR] RUNTIME(712964,):2026-01-15-10:28:53.920.350 [error_message_manage.cc:53]712964 FuncErrorReason:rtMemcpy execute failed, reason=[the current capture mode does not support this operation]
[ERROR] ASCENDCL(712964,):2026-01-15-10:28:53.920.615 [memory.cpp:437]712964 aclrtMemcpyImpl: synchronized memcpy failed, kind = 1, runtime result = 107030
[ERROR] RUNTIME(712964,):2026-01-15-10:28:53.989.566 [api_error.cc:1519]712964 MemCopySync:Memory copy sync failed, cnt=416, kind=1.
[ERROR] RUNTIME(712964,):2026-01-15-10:28:53.989.575 [api_c.cc:1197]712964 rtMemcpy:ErrCode=107030, desc=[the current capture mode does not support this operation], InnerCode=0x703001c
[ERROR] RUNTIME(712964,):2026-01-15-10:28:53.989.577 [error_message_manage.cc:53]712964 FuncErrorReason:report error module_type=3, module_name=EE8888
[ERROR] RUNTIME(712964,):2026-01-15-10:28:53.989.580 [error_message_manage.cc:53]712964 FuncErrorReason:rtMemcpy execute failed, reason=[the current capture mode does not support this operation]
[ERROR] ASCENDCL(712964,):2026-01-15-10:28:53.989.792 [memory.cpp:437]712964 aclrtMemcpyImpl: synchronized memcpy failed, kind = 1, runtime result = 107030
[ERROR] RUNTIME(712964,):2026-01-15-10:28:54.058.481 [api_error.cc:1519]712964 MemCopySync:Memory copy sync failed, cnt=72, kind=1.
[ERROR] RUNTIME(712964,):2026-01-15-10:28:54.058.489 [api_c.cc:1197]712964 rtMemcpy:ErrCode=107030, desc=[the current capture mode does not support this operation], InnerCode=0x703001c
[ERROR] RUNTIME(712964,):2026-01-15-10:28:54.058.492 [error_message_manage.cc:53]712964 FuncErrorReason:report error module_type=3, module_name=EE8888
[ERROR] RUNTIME(712964,):2026-01-15-10:28:54.058.495 [error_message_manage.cc:53]712964 FuncErrorReason:rtMemcpy execute failed, reason=[the current capture mode does not support this operation]
[ERROR] ASCENDCL(712964,):2026-01-15-10:28:54.058.794 [memory.cpp:437]712964 aclrtMemcpyImpl: synchronized memcpy failed, kind = 1, runtime result = 107030
[ERROR] RUNTIME(712964,):2026-01-15-10:28:54.131.213 [api_error.cc:1519]712964 MemCopySync:Memory copy sync failed, cnt=416, kind=1.
[ERROR] RUNTIME(712964,):2026-01-15-10:28:54.131.221 [api_c.cc:1197]712964 rtMemcpy:ErrCode=107030, desc=[the current capture mode does not support this operation], InnerCode=0x703001c
[ERROR] RUNTIME(712964,):2026-01-15-10:28:54.131.224 [error_message_manage.cc:53]712964 FuncErrorReason:report error module_type=3, module_name=EE8888
[ERROR] RUNTIME(712964,):2026-01-15-10:28:54.131.227 [error_message_manage.cc:53]712964 FuncErrorReason:rtMemcpy execute failed, reason=[the current capture mode does not support this operation]
[ERROR] ASCENDCL(712964,):2026-01-15-10:28:54.131.486 [memory.cpp:437]712964 aclrtMemcpyImpl: synchronized memcpy failed, kind = 1, runtime result = 107030
[ERROR] RUNTIME(712964,):2026-01-15-10:28:54.200.757 [api_error.cc:1519]712964 MemCopySync:Memory copy sync failed, cnt=72, kind=1.
[ERROR] RUNTIME(712964,):2026-01-15-10:28:54.200.765 [api_c.cc:1197]712964 rtMemcpy:ErrCode=107030, desc=[the current capture mode does not support this operation], InnerCode=0x703001c
[ERROR] RUNTIME(712964,):2026-01-15-10:28:54.200.768 [error_message_manage.cc:53]712964 FuncErrorReason:report error module_type=3, module_name=EE8888
[ERROR] RUNTIME(712964,):2026-01-15-10:28:54.200.770 [error_message_manage.cc:53]712964 FuncErrorReason:rtMemcpy execute failed, reason=[the current capture mode does not support this operation]
[ERROR] ASCENDCL(712964,):2026-01-15-10:28:54.200.965 [memory.cpp:437]712964 aclrtMemcpyImpl: synchronized memcpy failed, kind = 1, runtime result = 107030
[ERROR] RUNTIME(712964,):2026-01-15-10:28:54.270.348 [api_error.cc:1519]712964 MemCopySync:Memory copy sync failed, cnt=416, kind=1.
[ERROR] RUNTIME(712964,):2026-01-15-10:28:54.270.357 [api_c.cc:1197]712964 rtMemcpy:ErrCode=107030, desc=[the current capture mode does not support this operation], InnerCode=0x703001c
[ERROR] RUNTIME(712964,):2026-01-15-10:28:54.270.360 [error_message_manage.cc:53]712964 FuncErrorReason:report error module_type=3, module_name=EE8888
[ERROR] RUNTIME(712964,):2026-01-15-10:28:54.270.363 [error_message_manage.cc:53]712964 FuncErrorReason:rtMemcpy execute failed, reason=[the current capture mode does not support this operation]
[ERROR] ASCENDCL(712964,):2026-01-15-10:28:54.270.656 [memory.cpp:437]712964 aclrtMemcpyImpl: synchronized memcpy failed, kind = 1, runtime result = 107030
[ERROR] RUNTIME(712964,):2026-01-15-10:28:54.337.259 [api_error.cc:1519]712964 MemCopySync:Memory copy sync failed, cnt=72, kind=1.
[ERROR] RUNTIME(712964,):2026-01-15-10:28:54.337.267 [api_c.cc:1197]712964 rtMemcpy:ErrCode=107030, desc=[the current capture mode does not support this operation], InnerCode=0x703001c
[ERROR] RUNTIME(712964,):2026-01-15-10:28:54.337.269 [error_message_manage.cc:53]712964 FuncErrorReason:report error module_type=3, module_name=EE8888
[ERROR] RUNTIME(712964,):2026-01-15-10:28:54.337.272 [error_message_manage.cc:53]712964 FuncErrorReason:rtMemcpy execute failed, reason=[the current capture mode does not support this operation]
[ERROR] ASCENDCL(712964,):2026-01-15-10:28:54.337.538 [memory.cpp:437]712964 aclrtMemcpyImpl: synchronized memcpy failed, kind = 1, runtime result = 107030
[ERROR] RUNTIME(712964,):2026-01-15-10:28:54.407.373 [api_error.cc:1519]712964 MemCopySync:Memory copy sync failed, cnt=416, kind=1.
[ERROR] RUNTIME(712964,):2026-01-15-10:28:54.407.381 [api_c.cc:1197]712964 rtMemcpy:ErrCode=107030, desc=[the current capture mode does not support this operation], InnerCode=0x703001c
[ERROR] RUNTIME(712964,):2026-01-15-10:28:54.407.384 [error_message_manage.cc:53]712964 FuncErrorReason:report error module_type=3, module_name=EE8888
[ERROR] RUNTIME(712964,):2026-01-15-10:28:54.407.387 [error_message_manage.cc:53]712964 FuncErrorReason:rtMemcpy execute failed, reason=[the current capture mode does not support this operation]
[ERROR] ASCENDCL(712964,):2026-01-15-10:28:54.407.576 [memory.cpp:437]712964 aclrtMemcpyImpl: synchronized memcpy failed, kind = 1, runtime result = 107030
[ERROR] RUNTIME(712964,):2026-01-15-10:28:54.472.797 [api_error.cc:1519]712964 MemCopySync:Memory copy sync failed, cnt=72, kind=1.
[ERROR] RUNTIME(712964,):2026-01-15-10:28:54.472.805 [api_c.cc:1197]712964 rtMemcpy:ErrCode=107030, desc=[the current capture mode does not support this operation], InnerCode=0x703001c
[ERROR] RUNTIME(712964,):2026-01-15-10:28:54.472.808 [error_message_manage.cc:53]712964 FuncErrorReason:report error module_type=3, module_name=EE8888
[ERROR] RUNTIME(712964,):2026-01-15-10:28:54.472.810 [error_message_manage.cc:53]712964 FuncErrorReason:rtMemcpy execute failed, reason=[the current capture mode does not support this operation]
[ERROR] ASCENDCL(712964,):2026-01-15-10:28:54.473.076 [memory.cpp:437]712964 aclrtMemcpyImpl: synchronized memcpy failed, kind = 1, runtime result = 107030
[ERROR] RUNTIME(712964,):2026-01-15-10:28:54.689.440 [api_c_stream.cc:412]712964 rtsStreamSetAttribute:report error module_name=EE1001
[ERROR] RUNTIME(712964,):2026-01-15-10:28:54.689.445 [api_c_stream.cc:412]712964 rtsStreamSetAttribute:Invalid stream attribute ID: 4, Supported stream attribute IDs: [1, 4).
[ERROR] RUNTIME(712964,):2026-01-15-10:28:54.689.476 [api_c_stream.cc:416]712964 rtsStreamSetAttribute:ErrCode=107000, desc=[invalid value], InnerCode=0x7110001
[ERROR] RUNTIME(712964,):2026-01-15-10:28:54.689.478 [error_message_manage.cc:48]712964 FuncErrorReason:report error module_name=EE1001
[ERROR] RUNTIME(712964,):2026-01-15-10:28:54.689.481 [error_message_manage.cc:48]712964 FuncErrorReason:rtsStreamSetAttribute execute failed, reason=[invalid value]
[ERROR] ASCENDCL(712964,):2026-01-15-10:28:54.689.761 [stream.cpp:299]712964 aclrtSetStreamAttributeImpl: call rtsStreamSetAttribute failed, runtime result = 107000
[ERROR] RUNTIME(712964,):2026-01-15-10:28:55.205.421 [api_c_stream.cc:412]712964 rtsStreamSetAttribute:report error module_name=EE1001
[ERROR] RUNTIME(712964,):2026-01-15-10:28:55.205.427 [api_c_stream.cc:412]712964 rtsStreamSetAttribute:Invalid stream attribute ID: 4, Supported stream attribute IDs: [1, 4).
[ERROR] RUNTIME(712964,):2026-01-15-10:28:55.205.457 [api_c_stream.cc:416]712964 rtsStreamSetAttribute:ErrCode=107000, desc=[invalid value], InnerCode=0x7110001
[ERROR] RUNTIME(712964,):2026-01-15-10:28:55.205.460 [error_message_manage.cc:48]712964 FuncErrorReason:report error module_name=EE1001
[ERROR] RUNTIME(712964,):2026-01-15-10:28:55.205.463 [error_message_manage.cc:48]712964 FuncErrorReason:rtsStreamSetAttribute execute failed, reason=[invalid value]
[ERROR] ASCENDCL(712964,):2026-01-15-10:28:55.205.641 [stream.cpp:299]712964 aclrtSetStreamAttributeImpl: call rtsStreamSetAttribute failed, runtime result = 107000
[ERROR] RUNTIME(712964,):2026-01-15-10:28:55.690.679 [api_error.cc:1519]712964 MemCopySync:Memory copy sync failed, cnt=416, kind=1.
[ERROR] RUNTIME(712964,):2026-01-15-10:28:55.690.689 [api_c.cc:1197]712964 rtMemcpy:ErrCode=107030, desc=[the current capture mode does not support this operation], InnerCode=0x703001c
[ERROR] RUNTIME(712964,):2026-01-15-10:28:55.690.691 [error_message_manage.cc:53]712964 FuncErrorReason:report error module_type=3, module_name=EE8888
[ERROR] RUNTIME(712964,):2026-01-15-10:28:55.690.694 [error_message_manage.cc:53]712964 FuncErrorReason:rtMemcpy execute failed, reason=[the current capture mode does not support this operation]
[ERROR] ASCENDCL(712964,):2026-01-15-10:28:55.691.008 [memory.cpp:437]712964 aclrtMemcpyImpl: synchronized memcpy failed, kind = 1, runtime result = 107030
[ERROR] RUNTIME(712964,):2026-01-15-10:28:55.692.106 [api_error.cc:1519]712964 MemCopySync:Memory copy sync failed, cnt=72, kind=1.
[ERROR] RUNTIME(712964,):2026-01-15-10:28:55.692.114 [api_c.cc:1197]712964 rtMemcpy:ErrCode=107030, desc=[the current capture mode does not support this operation], InnerCode=0x703001c
[ERROR] RUNTIME(712964,):2026-01-15-10:28:55.692.117 [error_message_manage.cc:53]712964 FuncErrorReason:report error module_type=3, module_name=EE8888
[ERROR] RUNTIME(712964,):2026-01-15-10:28:55.692.120 [error_message_manage.cc:53]712964 FuncErrorReason:rtMemcpy execute failed, reason=[the current capture mode does not support this operation]
[ERROR] ASCENDCL(712964,):2026-01-15-10:28:55.692.268 [memory.cpp:437]712964 aclrtMemcpyImpl: synchronized memcpy failed, kind = 1, runtime result = 107030
[ERROR] RUNTIME(712964,):2026-01-15-10:28:56.454.521 [api_error.cc:1519]712964 MemCopySync:Memory copy sync failed, cnt=416, kind=1.
[ERROR] RUNTIME(712964,):2026-01-15-10:28:56.454.531 [api_c.cc:1197]712964 rtMemcpy:ErrCode=107030, desc=[the current capture mode does not support this operation], InnerCode=0x703001c
[ERROR] RUNTIME(712964,):2026-01-15-10:28:56.454.533 [error_message_manage.cc:53]712964 FuncErrorReason:report error module_type=3, module_name=EE8888
[ERROR] RUNTIME(712964,):2026-01-15-10:28:56.454.537 [error_message_manage.cc:53]712964 FuncErrorReason:rtMemcpy execute failed, reason=[the current capture mode does not support this operation]
[ERROR] ASCENDCL(712964,):2026-01-15-10:28:56.454.794 [memory.cpp:437]712964 aclrtMemcpyImpl: synchronized memcpy failed, kind = 1, runtime result = 107030
[ERROR] RUNTIME(712964,):2026-01-15-10:28:57.230.211 [api_error.cc:1519]712964 MemCopySync:Memory copy sync failed, cnt=72, kind=1.
[ERROR] RUNTIME(712964,):2026-01-15-10:28:57.230.220 [api_c.cc:1197]712964 rtMemcpy:ErrCode=107030, desc=[the current capture mode does not support this operation], InnerCode=0x703001c
[ERROR] RUNTIME(712964,):2026-01-15-10:28:57.230.222 [error_message_manage.cc:53]712964 FuncErrorReason:report error module_type=3, module_name=EE8888
[ERROR] RUNTIME(712964,):2026-01-15-10:28:57.230.226 [error_message_manage.cc:53]712964 FuncErrorReason:rtMemcpy execute failed, reason=[the current capture mode does not support this operation]
[ERROR] ASCENDCL(712964,):2026-01-15-10:28:57.230.520 [memory.cpp:437]712964 aclrtMemcpyImpl: synchronized memcpy failed, kind = 1, runtime result = 107030
[ERROR] RUNTIME(712964,):2026-01-15-10:28:57.983.002 [api_error.cc:1519]712964 MemCopySync:Memory copy sync failed, cnt=416, kind=1.
[ERROR] RUNTIME(712964,):2026-01-15-10:28:57.983.013 [api_c.cc:1197]712964 rtMemcpy:ErrCode=107030, desc=[the current capture mode does not support this operation], InnerCode=0x703001c
[ERROR] RUNTIME(712964,):2026-01-15-10:28:57.983.016 [error_message_manage.cc:53]712964 FuncErrorReason:report error module_type=3, module_name=EE8888
[ERROR] RUNTIME(712964,):2026-01-15-10:28:57.983.019 [error_message_manage.cc:53]712964 FuncErrorReason:rtMemcpy execute failed, reason=[the current capture mode does not support this operation]
[ERROR] ASCENDCL(712964,):2026-01-15-10:28:57.983.323 [memory.cpp:437]712964 aclrtMemcpyImpl: synchronized memcpy failed, kind = 1, runtime result = 107030
[ERROR] RUNTIME(712964,):2026-01-15-10:28:58.740.681 [api_error.cc:1519]712964 MemCopySync:Memory copy sync failed, cnt=72, kind=1.
[ERROR] RUNTIME(712964,):2026-01-15-10:28:58.740.693 [api_c.cc:1197]712964 rtMemcpy:ErrCode=107030, desc=[the current capture mode does not support this operation], InnerCode=0x703001c
[ERROR] RUNTIME(712964,):2026-01-15-10:28:58.740.696 [error_message_manage.cc:53]712964 FuncErrorReason:report error module_type=3, module_name=EE8888
[ERROR] RUNTIME(712964,):2026-01-15-10:28:58.740.700 [error_message_manage.cc:53]712964 FuncErrorReason:rtMemcpy execute failed, reason=[the current capture mode does not support this operation]
[ERROR] ASCENDCL(712964,):2026-01-15-10:28:58.741.088 [memory.cpp:437]712964 aclrtMemcpyImpl: synchronized memcpy failed, kind = 1, runtime result = 107030
[ERROR] RUNTIME(712964,):2026-01-15-10:28:59.494.292 [api_error.cc:1519]712964 MemCopySync:Memory copy sync failed, cnt=416, kind=1.
[ERROR] RUNTIME(712964,):2026-01-15-10:28:59.494.303 [api_c.cc:1197]712964 rtMemcpy:ErrCode=107030, desc=[the current capture mode does not support this operation], InnerCode=0x703001c
[ERROR] RUNTIME(712964,):2026-01-15-10:28:59.494.306 [error_message_manage.cc:53]712964 FuncErrorReason:report error module_type=3, module_name=EE8888
[ERROR] RUNTIME(712964,):2026-01-15-10:28:59.494.309 [error_message_manage.cc:53]712964 FuncErrorReason:rtMemcpy execute failed, reason=[the current capture mode does not support this operation]
[ERROR] ASCENDCL(712964,):2026-01-15-10:28:59.494.623 [memory.cpp:437]712964 aclrtMemcpyImpl: synchronized memcpy failed, kind = 1, runtime result = 107030
[ERROR] RUNTIME(712964,):2026-01-15-10:29:00.283.798 [api_error.cc:1519]712964 MemCopySync:Memory copy sync failed, cnt=72, kind=1.
[ERROR] RUNTIME(712964,):2026-01-15-10:29:00.283.810 [api_c.cc:1197]712964 rtMemcpy:ErrCode=107030, desc=[the current capture mode does not support this operation], InnerCode=0x703001c
[ERROR] RUNTIME(712964,):2026-01-15-10:29:00.283.813 [error_message_manage.cc:53]712964 FuncErrorReason:report error module_type=3, module_name=EE8888
[ERROR] RUNTIME(712964,):2026-01-15-10:29:00.283.816 [error_message_manage.cc:53]712964 FuncErrorReason:rtMemcpy execute failed, reason=[the current capture mode does not support this operation]
[ERROR] ASCENDCL(712964,):2026-01-15-10:29:00.284.131 [memory.cpp:437]712964 aclrtMemcpyImpl: synchronized memcpy failed, kind = 1, runtime result = 107030
[ERROR] RUNTIME(712964,):2026-01-15-10:29:00.358.828 [api_error.cc:1519]712964 MemCopySync:Memory copy sync failed, cnt=416, kind=1.
[ERROR] RUNTIME(712964,):2026-01-15-10:29:00.358.836 [api_c.cc:1197]712964 rtMemcpy:ErrCode=107030, desc=[the current capture mode does not support this operation], InnerCode=0x703001c
[ERROR] RUNTIME(712964,):2026-01-15-10:29:00.358.839 [error_message_manage.cc:53]712964 FuncErrorReason:report error module_type=3, module_name=EE8888
[ERROR] RUNTIME(712964,):2026-01-15-10:29:00.358.842 [error_message_manage.cc:53]712964 FuncErrorReason:rtMemcpy execute failed, reason=[the current capture mode does not support this operation]
[ERROR] ASCENDCL(712964,):2026-01-15-10:29:00.359.082 [memory.cpp:437]712964 aclrtMemcpyImpl: synchronized memcpy failed, kind = 1, runtime result = 107030
[ERROR] RUNTIME(712964,):2026-01-15-10:29:00.421.500 [api_error.cc:1519]712964 MemCopySync:Memory copy sync failed, cnt=72, kind=1.
[ERROR] RUNTIME(712964,):2026-01-15-10:29:00.421.508 [api_c.cc:1197]712964 rtMemcpy:ErrCode=107030, desc=[the current capture mode does not support this operation], InnerCode=0x703001c
[ERROR] RUNTIME(712964,):2026-01-15-10:29:00.421.511 [error_message_manage.cc:53]712964 FuncErrorReason:report error module_type=3, module_name=EE8888
[ERROR] RUNTIME(712964,):2026-01-15-10:29:00.421.513 [error_message_manage.cc:53]712964 FuncErrorReason:rtMemcpy execute failed, reason=[the current capture mode does not support this operation]
[ERROR] ASCENDCL(712964,):2026-01-15-10:29:00.421.709 [memory.cpp:437]712964 aclrtMemcpyImpl: synchronized memcpy failed, kind = 1, runtime result = 107030
[ERROR] RUNTIME(712964,):2026-01-15-10:29:00.480.164 [api_error.cc:1519]712964 MemCopySync:Memory copy sync failed, cnt=416, kind=1.
[ERROR] RUNTIME(712964,):2026-01-15-10:29:00.480.173 [api_c.cc:1197]712964 rtMemcpy:ErrCode=107030, desc=[the current capture mode does not support this operation], InnerCode=0x703001c
[ERROR] RUNTIME(712964,):2026-01-15-10:29:00.480.176 [error_message_manage.cc:53]712964 FuncErrorReason:report error module_type=3, module_name=EE8888
[ERROR] RUNTIME(712964,):2026-01-15-10:29:00.480.178 [error_message_manage.cc:53]712964 FuncErrorReason:rtMemcpy execute failed, reason=[the current capture mode does not support this operation]
[ERROR] ASCENDCL(712964,):2026-01-15-10:29:00.480.463 [memory.cpp:437]712964 aclrtMemcpyImpl: synchronized memcpy failed, kind = 1, runtime result = 107030
[ERROR] RUNTIME(712964,):2026-01-15-10:29:00.536.029 [api_error.cc:1519]712964 MemCopySync:Memory copy sync failed, cnt=72, kind=1.
[ERROR] RUNTIME(712964,):2026-01-15-10:29:00.536.038 [api_c.cc:1197]712964 rtMemcpy:ErrCode=107030, desc=[the current capture mode does not support this operation], InnerCode=0x703001c
[ERROR] RUNTIME(712964,):2026-01-15-10:29:00.536.040 [error_message_manage.cc:53]712964 FuncErrorReason:report error module_type=3, module_name=EE8888
[ERROR] RUNTIME(712964,):2026-01-15-10:29:00.536.043 [error_message_manage.cc:53]712964 FuncErrorReason:rtMemcpy execute failed, reason=[the current capture mode does not support this operation]
[ERROR] ASCENDCL(712964,):2026-01-15-10:29:00.536.297 [memory.cpp:437]712964 aclrtMemcpyImpl: synchronized memcpy failed, kind = 1, runtime result = 107030
[ERROR] RUNTIME(712964,):2026-01-15-10:29:00.605.170 [api_error.cc:1519]712964 MemCopySync:Memory copy sync failed, cnt=416, kind=1.
[ERROR] RUNTIME(712964,):2026-01-15-10:29:00.605.179 [api_c.cc:1197]712964 rtMemcpy:ErrCode=107030, desc=[the current capture mode does not support this operation], InnerCode=0x703001c
[ERROR] RUNTIME(712964,):2026-01-15-10:29:00.605.181 [error_message_manage.cc:53]712964 FuncErrorReason:report error module_type=3, module_name=EE8888
[ERROR] RUNTIME(712964,):2026-01-15-10:29:00.605.184 [error_message_manage.cc:53]712964 FuncErrorReason:rtMemcpy execute failed, reason=[the current capture mode does not support this operation]
[ERROR] ASCENDCL(712964,):2026-01-15-10:29:00.605.406 [memory.cpp:437]712964 aclrtMemcpyImpl: synchronized memcpy failed, kind = 1, runtime result = 107030
[ERROR] RUNTIME(712964,):2026-01-15-10:29:00.682.742 [api_error.cc:1519]712964 MemCopySync:Memory copy sync failed, cnt=72, kind=1.
[ERROR] RUNTIME(712964,):2026-01-15-10:29:00.682.750 [api_c.cc:1197]712964 rtMemcpy:ErrCode=107030, desc=[the current capture mode does not support this operation], InnerCode=0x703001c
[ERROR] RUNTIME(712964,):2026-01-15-10:29:00.682.753 [error_message_manage.cc:53]712964 FuncErrorReason:report error module_type=3, module_name=EE8888
[ERROR] RUNTIME(712964,):2026-01-15-10:29:00.682.756 [error_message_manage.cc:53]712964 FuncErrorReason:rtMemcpy execute failed, reason=[the current capture mode does not support this operation]
[ERROR] ASCENDCL(712964,):2026-01-15-10:29:00.683.031 [memory.cpp:437]712964 aclrtMemcpyImpl: synchronized memcpy failed, kind = 1, runtime result = 107030
[ERROR] RUNTIME(712964,):2026-01-15-10:29:00.768.449 [api_error.cc:1519]712964 MemCopySync:Memory copy sync failed, cnt=416, kind=1.
[ERROR] RUNTIME(712964,):2026-01-15-10:29:00.768.457 [api_c.cc:1197]712964 rtMemcpy:ErrCode=107030, desc=[the current capture mode does not support this operation], InnerCode=0x703001c
[ERROR] RUNTIME(712964,):2026-01-15-10:29:00.768.460 [error_message_manage.cc:53]712964 FuncErrorReason:report error module_type=3, module_name=EE8888
[ERROR] RUNTIME(712964,):2026-01-15-10:29:00.768.463 [error_message_manage.cc:53]712964 FuncErrorReason:rtMemcpy execute failed, reason=[the current capture mode does not support this operation]
[ERROR] ASCENDCL(712964,):2026-01-15-10:29:00.768.710 [memory.cpp:437]712964 aclrtMemcpyImpl: synchronized memcpy failed, kind = 1, runtime result = 107030
[ERROR] RUNTIME(712964,):2026-01-15-10:29:00.849.534 [api_error.cc:1519]712964 MemCopySync:Memory copy sync failed, cnt=72, kind=1.
[ERROR] RUNTIME(712964,):2026-01-15-10:29:00.849.543 [api_c.cc:1197]712964 rtMemcpy:ErrCode=107030, desc=[the current capture mode does not support this operation], InnerCode=0x703001c
[ERROR] RUNTIME(712964,):2026-01-15-10:29:00.849.546 [error_message_manage.cc:53]712964 FuncErrorReason:report error module_type=3, module_name=EE8888
[ERROR] RUNTIME(712964,):2026-01-15-10:29:00.849.548 [error_message_manage.cc:53]712964 FuncErrorReason:rtMemcpy execute failed, reason=[the current capture mode does not support this operation]
[ERROR] ASCENDCL(712964,):2026-01-15-10:29:00.849.829 [memory.cpp:437]712964 aclrtMemcpyImpl: synchronized memcpy failed, kind = 1, runtime result = 107030
[ERROR] RUNTIME(712964,):2026-01-15-10:29:00.932.605 [api_error.cc:1519]712964 MemCopySync:Memory copy sync failed, cnt=416, kind=1.
[ERROR] RUNTIME(712964,):2026-01-15-10:29:00.932.615 [api_c.cc:1197]712964 rtMemcpy:ErrCode=107030, desc=[the current capture mode does not support this operation], InnerCode=0x703001c
[ERROR] RUNTIME(712964,):2026-01-15-10:29:00.932.617 [error_message_manage.cc:53]712964 FuncErrorReason:report error module_type=3, module_name=EE8888
[ERROR] RUNTIME(712964,):2026-01-15-10:29:00.932.620 [error_message_manage.cc:53]712964 FuncErrorReason:rtMemcpy execute failed, reason=[the current capture mode does not support this operation]
[ERROR] ASCENDCL(712964,):2026-01-15-10:29:00.932.912 [memory.cpp:437]712964 aclrtMemcpyImpl: synchronized memcpy failed, kind = 1, runtime result = 107030
[ERROR] RUNTIME(712964,):2026-01-15-10:29:01.015.599 [api_error.cc:1519]712964 MemCopySync:Memory copy sync failed, cnt=72, kind=1.
[ERROR] RUNTIME(712964,):2026-01-15-10:29:01.015.607 [api_c.cc:1197]712964 rtMemcpy:ErrCode=107030, desc=[the current capture mode does not support this operation], InnerCode=0x703001c
[ERROR] RUNTIME(712964,):2026-01-15-10:29:01.015.609 [error_message_manage.cc:53]712964 FuncErrorReason:report error module_type=3, module_name=EE8888
[ERROR] RUNTIME(712964,):2026-01-15-10:29:01.015.612 [error_message_manage.cc:53]712964 FuncErrorReason:rtMemcpy execute failed, reason=[the current capture mode does not support this operation]
[ERROR] ASCENDCL(712964,):2026-01-15-10:29:01.015.924 [memory.cpp:437]712964 aclrtMemcpyImpl: synchronized memcpy failed, kind = 1, runtime result = 107030
[ERROR] RUNTIME(712964,):2026-01-15-10:29:01.101.873 [api_error.cc:1519]712964 MemCopySync:Memory copy sync failed, cnt=416, kind=1.
[ERROR] RUNTIME(712964,):2026-01-15-10:29:01.101.882 [api_c.cc:1197]712964 rtMemcpy:ErrCode=107030, desc=[the current capture mode does not support this operation], InnerCode=0x703001c
[ERROR] RUNTIME(712964,):2026-01-15-10:29:01.101.884 [error_message_manage.cc:53]712964 FuncErrorReason:report error module_type=3, module_name=EE8888
[ERROR] RUNTIME(712964,):2026-01-15-10:29:01.101.887 [error_message_manage.cc:53]712964 FuncErrorReason:rtMemcpy execute failed, reason=[the current capture mode does not support this operation]
[ERROR] ASCENDCL(712964,):2026-01-15-10:29:01.102.200 [memory.cpp:437]712964 aclrtMemcpyImpl: synchronized memcpy failed, kind = 1, runtime result = 107030
[ERROR] RUNTIME(712964,):2026-01-15-10:29:01.183.527 [api_error.cc:1519]712964 MemCopySync:Memory copy sync failed, cnt=72, kind=1.
[ERROR] RUNTIME(712964,):2026-01-15-10:29:01.183.535 [api_c.cc:1197]712964 rtMemcpy:ErrCode=107030, desc=[the current capture mode does not support this operation], InnerCode=0x703001c
[ERROR] RUNTIME(712964,):2026-01-15-10:29:01.183.537 [error_message_manage.cc:53]712964 FuncErrorReason:report error module_type=3, module_name=EE8888
[ERROR] RUNTIME(712964,):2026-01-15-10:29:01.183.540 [error_message_manage.cc:53]712964 FuncErrorReason:rtMemcpy execute failed, reason=[the current capture mode does not support this operation]
[ERROR] ASCENDCL(712964,):2026-01-15-10:29:01.183.811 [memory.cpp:437]712964 aclrtMemcpyImpl: synchronized memcpy failed, kind = 1, runtime result = 107030
[ERROR] RUNTIME(712964,):2026-01-15-10:29:01.266.804 [api_error.cc:1519]712964 MemCopySync:Memory copy sync failed, cnt=416, kind=1.
[ERROR] RUNTIME(712964,):2026-01-15-10:29:01.266.814 [api_c.cc:1197]712964 rtMemcpy:ErrCode=107030, desc=[the current capture mode does not support this operation], InnerCode=0x703001c
[ERROR] RUNTIME(712964,):2026-01-15-10:29:01.266.816 [error_message_manage.cc:53]712964 FuncErrorReason:report error module_type=3, module_name=EE8888
[ERROR] RUNTIME(712964,):2026-01-15-10:29:01.266.819 [error_message_manage.cc:53]712964 FuncErrorReason:rtMemcpy execute failed, reason=[the current capture mode does not support this operation]
[ERROR] ASCENDCL(712964,):2026-01-15-10:29:01.267.050 [memory.cpp:437]712964 aclrtMemcpyImpl: synchronized memcpy failed, kind = 1, runtime result = 107030
[ERROR] RUNTIME(712964,):2026-01-15-10:29:01.347.893 [api_error.cc:1519]712964 MemCopySync:Memory copy sync failed, cnt=72, kind=1.
[ERROR] RUNTIME(712964,):2026-01-15-10:29:01.347.902 [api_c.cc:1197]712964 rtMemcpy:ErrCode=107030, desc=[the current capture mode does not support this operation], InnerCode=0x703001c
[ERROR] RUNTIME(712964,):2026-01-15-10:29:01.347.904 [error_message_manage.cc:53]712964 FuncErrorReason:report error module_type=3, module_name=EE8888
[ERROR] RUNTIME(712964,):2026-01-15-10:29:01.347.907 [error_message_manage.cc:53]712964 FuncErrorReason:rtMemcpy execute failed, reason=[the current capture mode does not support this operation]
[ERROR] ASCENDCL(712964,):2026-01-15-10:29:01.348.183 [memory.cpp:437]712964 aclrtMemcpyImpl: synchronized memcpy failed, kind = 1, runtime result = 107030
[ERROR] RUNTIME(712964,):2026-01-15-10:29:01.432.883 [api_error.cc:1519]712964 MemCopySync:Memory copy sync failed, cnt=416, kind=1.
[ERROR] RUNTIME(712964,):2026-01-15-10:29:01.432.892 [api_c.cc:1197]712964 rtMemcpy:ErrCode=107030, desc=[the current capture mode does not support this operation], InnerCode=0x703001c
[ERROR] RUNTIME(712964,):2026-01-15-10:29:01.432.894 [error_message_manage.cc:53]712964 FuncErrorReason:report error module_type=3, module_name=EE8888
[ERROR] RUNTIME(712964,):2026-01-15-10:29:01.432.897 [error_message_manage.cc:53]712964 FuncErrorReason:rtMemcpy execute failed, reason=[the current capture mode does not support this operation]
[ERROR] ASCENDCL(712964,):2026-01-15-10:29:01.433.139 [memory.cpp:437]712964 aclrtMemcpyImpl: synchronized memcpy failed, kind = 1, runtime result = 107030
[ERROR] RUNTIME(712964,):2026-01-15-10:29:01.513.061 [api_error.cc:1519]712964 MemCopySync:Memory copy sync failed, cnt=72, kind=1.
[ERROR] RUNTIME(712964,):2026-01-15-10:29:01.513.069 [api_c.cc:1197]712964 rtMemcpy:ErrCode=107030, desc=[the current capture mode does not support this operation], InnerCode=0x703001c
[ERROR] RUNTIME(712964,):2026-01-15-10:29:01.513.072 [error_message_manage.cc:53]712964 FuncErrorReason:report error module_type=3, module_name=EE8888
[ERROR] RUNTIME(712964,):2026-01-15-10:29:01.513.075 [error_message_manage.cc:53]712964 FuncErrorReason:rtMemcpy execute failed, reason=[the current capture mode does not support this operation]
[ERROR] ASCENDCL(712964,):2026-01-15-10:29:01.513.368 [memory.cpp:437]712964 aclrtMemcpyImpl: synchronized memcpy failed, kind = 1, runtime result = 107030
[ERROR] RUNTIME(712964,):2026-01-15-10:29:01.593.370 [api_error.cc:1519]712964 MemCopySync:Memory copy sync failed, cnt=416, kind=1.
[ERROR] RUNTIME(712964,):2026-01-15-10:29:01.593.378 [api_c.cc:1197]712964 rtMemcpy:ErrCode=107030, desc=[the current capture mode does not support this operation], InnerCode=0x703001c
[ERROR] RUNTIME(712964,):2026-01-15-10:29:01.593.381 [error_message_manage.cc:53]712964 FuncErrorReason:report error module_type=3, module_name=EE8888
[ERROR] RUNTIME(712964,):2026-01-15-10:29:01.593.383 [error_message_manage.cc:53]712964 FuncErrorReason:rtMemcpy execute failed, reason=[the current capture mode does not support this operation]
[ERROR] ASCENDCL(712964,):2026-01-15-10:29:01.593.685 [memory.cpp:437]712964 aclrtMemcpyImpl: synchronized memcpy failed, kind = 1, runtime result = 107030
[ERROR] RUNTIME(712964,):2026-01-15-10:29:01.673.530 [api_error.cc:1519]712964 MemCopySync:Memory copy sync failed, cnt=72, kind=1.
[ERROR] RUNTIME(712964,):2026-01-15-10:29:01.673.538 [api_c.cc:1197]712964 rtMemcpy:ErrCode=107030, desc=[the current capture mode does not support this operation], InnerCode=0x703001c
[ERROR] RUNTIME(712964,):2026-01-15-10:29:01.673.541 [error_message_manage.cc:53]712964 FuncErrorReason:report error module_type=3, module_name=EE8888
[ERROR] RUNTIME(712964,):2026-01-15-10:29:01.673.544 [error_message_manage.cc:53]712964 FuncErrorReason:rtMemcpy execute failed, reason=[the current capture mode does not support this operation]
[ERROR] ASCENDCL(712964,):2026-01-15-10:29:01.673.777 [memory.cpp:437]712964 aclrtMemcpyImpl: synchronized memcpy failed, kind = 1, runtime result = 107030
[ERROR] RUNTIME(712964,):2026-01-15-10:29:01.752.696 [api_error.cc:1519]712964 MemCopySync:Memory copy sync failed, cnt=416, kind=1.
[ERROR] RUNTIME(712964,):2026-01-15-10:29:01.752.704 [api_c.cc:1197]712964 rtMemcpy:ErrCode=107030, desc=[the current capture mode does not support this operation], InnerCode=0x703001c
[ERROR] RUNTIME(712964,):2026-01-15-10:29:01.752.707 [error_message_manage.cc:53]712964 FuncErrorReason:report error module_type=3, module_name=EE8888
[ERROR] RUNTIME(712964,):2026-01-15-10:29:01.752.710 [error_message_manage.cc:53]712964 FuncErrorReason:rtMemcpy execute failed, reason=[the current capture mode does not support this operation]
[ERROR] ASCENDCL(712964,):2026-01-15-10:29:01.752.971 [memory.cpp:437]712964 aclrtMemcpyImpl: synchronized memcpy failed, kind = 1, runtime result = 107030
[ERROR] RUNTIME(712964,):2026-01-15-10:29:01.825.382 [api_error.cc:1519]712964 MemCopySync:Memory copy sync failed, cnt=72, kind=1.
[ERROR] RUNTIME(712964,):2026-01-15-10:29:01.825.389 [api_c.cc:1197]712964 rtMemcpy:ErrCode=107030, desc=[the current capture mode does not support this operation], InnerCode=0x703001c
[ERROR] RUNTIME(712964,):2026-01-15-10:29:01.825.392 [error_message_manage.cc:53]712964 FuncErrorReason:report error module_type=3, module_name=EE8888
[ERROR] RUNTIME(712964,):2026-01-15-10:29:01.825.395 [error_message_manage.cc:53]712964 FuncErrorReason:rtMemcpy execute failed, reason=[the current capture mode does not support this operation]
[ERROR] ASCENDCL(712964,):2026-01-15-10:29:01.825.602 [memory.cpp:437]712964 aclrtMemcpyImpl: synchronized memcpy failed, kind = 1, runtime result = 107030
[ERROR] RUNTIME(712964,):2026-01-15-10:29:01.891.213 [api_error.cc:1519]712964 MemCopySync:Memory copy sync failed, cnt=416, kind=1.
[ERROR] RUNTIME(712964,):2026-01-15-10:29:01.891.222 [api_c.cc:1197]712964 rtMemcpy:ErrCode=107030, desc=[the current capture mode does not support this operation], InnerCode=0x703001c
[ERROR] RUNTIME(712964,):2026-01-15-10:29:01.891.224 [error_message_manage.cc:53]712964 FuncErrorReason:report error module_type=3, module_name=EE8888
[ERROR] RUNTIME(712964,):2026-01-15-10:29:01.891.227 [error_message_manage.cc:53]712964 FuncErrorReason:rtMemcpy execute failed, reason=[the current capture mode does not support this operation]
[ERROR] ASCENDCL(712964,):2026-01-15-10:29:01.891.524 [memory.cpp:437]712964 aclrtMemcpyImpl: synchronized memcpy failed, kind = 1, runtime result = 107030
[ERROR] RUNTIME(712964,):2026-01-15-10:29:01.964.891 [api_error.cc:1519]712964 MemCopySync:Memory copy sync failed, cnt=72, kind=1.
[ERROR] RUNTIME(712964,):2026-01-15-10:29:01.964.900 [api_c.cc:1197]712964 rtMemcpy:ErrCode=107030, desc=[the current capture mode does not support this operation], InnerCode=0x703001c
[ERROR] RUNTIME(712964,):2026-01-15-10:29:01.964.902 [error_message_manage.cc:53]712964 FuncErrorReason:report error module_type=3, module_name=EE8888
[ERROR] RUNTIME(712964,):2026-01-15-10:29:01.964.905 [error_message_manage.cc:53]712964 FuncErrorReason:rtMemcpy execute failed, reason=[the current capture mode does not support this operation]
[ERROR] ASCENDCL(712964,):2026-01-15-10:29:01.965.132 [memory.cpp:437]712964 aclrtMemcpyImpl: synchronized memcpy failed, kind = 1, runtime result = 107030
[ERROR] RUNTIME(712964,):2026-01-15-10:29:02.043.670 [api_error.cc:1519]712964 MemCopySync:Memory copy sync failed, cnt=416, kind=1.
[ERROR] RUNTIME(712964,):2026-01-15-10:29:02.043.679 [api_c.cc:1197]712964 rtMemcpy:ErrCode=107030, desc=[the current capture mode does not support this operation], InnerCode=0x703001c
[ERROR] RUNTIME(712964,):2026-01-15-10:29:02.043.681 [error_message_manage.cc:53]712964 FuncErrorReason:report error module_type=3, module_name=EE8888
[ERROR] RUNTIME(712964,):2026-01-15-10:29:02.043.684 [error_message_manage.cc:53]712964 FuncErrorReason:rtMemcpy execute failed, reason=[the current capture mode does not support this operation]
[ERROR] ASCENDCL(712964,):2026-01-15-10:29:02.043.918 [memory.cpp:437]712964 aclrtMemcpyImpl: synchronized memcpy failed, kind = 1, runtime result = 107030
[ERROR] RUNTIME(712964,):2026-01-15-10:29:02.117.877 [api_error.cc:1519]712964 MemCopySync:Memory copy sync failed, cnt=72, kind=1.
[ERROR] RUNTIME(712964,):2026-01-15-10:29:02.117.884 [api_c.cc:1197]712964 rtMemcpy:ErrCode=107030, desc=[the current capture mode does not support this operation], InnerCode=0x703001c
[ERROR] RUNTIME(712964,):2026-01-15-10:29:02.117.887 [error_message_manage.cc:53]712964 FuncErrorReason:report error module_type=3, module_name=EE8888
[ERROR] RUNTIME(712964,):2026-01-15-10:29:02.117.890 [error_message_manage.cc:53]712964 FuncErrorReason:rtMemcpy execute failed, reason=[the current capture mode does not support this operation]
[ERROR] ASCENDCL(712964,):2026-01-15-10:29:02.118.177 [memory.cpp:437]712964 aclrtMemcpyImpl: synchronized memcpy failed, kind = 1, runtime result = 107030
[ERROR] RUNTIME(712964,):2026-01-15-10:29:02.193.126 [api_error.cc:1519]712964 MemCopySync:Memory copy sync failed, cnt=416, kind=1.
[ERROR] RUNTIME(712964,):2026-01-15-10:29:02.193.134 [api_c.cc:1197]712964 rtMemcpy:ErrCode=107030, desc=[the current capture mode does not support this operation], InnerCode=0x703001c
[ERROR] RUNTIME(712964,):2026-01-15-10:29:02.193.137 [error_message_manage.cc:53]712964 FuncErrorReason:report error module_type=3, module_name=EE8888
[ERROR] RUNTIME(712964,):2026-01-15-10:29:02.193.140 [error_message_manage.cc:53]712964 FuncErrorReason:rtMemcpy execute failed, reason=[the current capture mode does not support this operation]
[ERROR] ASCENDCL(712964,):2026-01-15-10:29:02.193.368 [memory.cpp:437]712964 aclrtMemcpyImpl: synchronized memcpy failed, kind = 1, runtime result = 107030
[ERROR] RUNTIME(712964,):2026-01-15-10:29:02.275.980 [api_error.cc:1519]712964 MemCopySync:Memory copy sync failed, cnt=72, kind=1.
[ERROR] RUNTIME(712964,):2026-01-15-10:29:02.275.989 [api_c.cc:1197]712964 rtMemcpy:ErrCode=107030, desc=[the current capture mode does not support this operation], InnerCode=0x703001c
[ERROR] RUNTIME(712964,):2026-01-15-10:29:02.275.992 [error_message_manage.cc:53]712964 FuncErrorReason:report error module_type=3, module_name=EE8888
[ERROR] RUNTIME(712964,):2026-01-15-10:29:02.275.994 [error_message_manage.cc:53]712964 FuncErrorReason:rtMemcpy execute failed, reason=[the current capture mode does not support this operation]
[ERROR] ASCENDCL(712964,):2026-01-15-10:29:02.276.205 [memory.cpp:437]712964 aclrtMemcpyImpl: synchronized memcpy failed, kind = 1, runtime result = 107030
[ERROR] RUNTIME(712964,):2026-01-15-10:29:02.387.315 [api_error.cc:1519]712964 MemCopySync:Memory copy sync failed, cnt=416, kind=1.
[ERROR] RUNTIME(712964,):2026-01-15-10:29:02.387.324 [api_c.cc:1197]712964 rtMemcpy:ErrCode=107030, desc=[the current capture mode does not support this operation], InnerCode=0x703001c
[ERROR] RUNTIME(712964,):2026-01-15-10:29:02.387.326 [error_message_manage.cc:53]712964 FuncErrorReason:report error module_type=3, module_name=EE8888
[ERROR] RUNTIME(712964,):2026-01-15-10:29:02.387.329 [error_message_manage.cc:53]712964 FuncErrorReason:rtMemcpy execute failed, reason=[the current capture mode does not support this operation]
[ERROR] ASCENDCL(712964,):2026-01-15-10:29:02.387.645 [memory.cpp:437]712964 aclrtMemcpyImpl: synchronized memcpy failed, kind = 1, runtime result = 107030
[ERROR] RUNTIME(712964,):2026-01-15-10:29:02.467.056 [api_error.cc:1519]712964 MemCopySync:Memory copy sync failed, cnt=72, kind=1.
[ERROR] RUNTIME(712964,):2026-01-15-10:29:02.467.065 [api_c.cc:1197]712964 rtMemcpy:ErrCode=107030, desc=[the current capture mode does not support this operation], InnerCode=0x703001c
[ERROR] RUNTIME(712964,):2026-01-15-10:29:02.467.067 [error_message_manage.cc:53]712964 FuncErrorReason:report error module_type=3, module_name=EE8888
[ERROR] RUNTIME(712964,):2026-01-15-10:29:02.467.070 [error_message_manage.cc:53]712964 FuncErrorReason:rtMemcpy execute failed, reason=[the current capture mode does not support this operation]
[ERROR] ASCENDCL(712964,):2026-01-15-10:29:02.467.312 [memory.cpp:437]712964 aclrtMemcpyImpl: synchronized memcpy failed, kind = 1, runtime result = 107030
[ERROR] RUNTIME(712964,):2026-01-15-10:29:02.591.773 [api_error.cc:1519]712964 MemCopySync:Memory copy sync failed, cnt=416, kind=1.
[ERROR] RUNTIME(712964,):2026-01-15-10:29:02.591.783 [api_c.cc:1197]712964 rtMemcpy:ErrCode=107030, desc=[the current capture mode does not support this operation], InnerCode=0x703001c
[ERROR] RUNTIME(712964,):2026-01-15-10:29:02.591.785 [error_message_manage.cc:53]712964 FuncErrorReason:report error module_type=3, module_name=EE8888
[ERROR] RUNTIME(712964,):2026-01-15-10:29:02.591.788 [error_message_manage.cc:53]712964 FuncErrorReason:rtMemcpy execute failed, reason=[the current capture mode does not support this operation]
[ERROR] ASCENDCL(712964,):2026-01-15-10:29:02.592.116 [memory.cpp:437]712964 aclrtMemcpyImpl: synchronized memcpy failed, kind = 1, runtime result = 107030
[ERROR] RUNTIME(712964,):2026-01-15-10:29:02.672.249 [api_error.cc:1519]712964 MemCopySync:Memory copy sync failed, cnt=72, kind=1.
[ERROR] RUNTIME(712964,):2026-01-15-10:29:02.672.258 [api_c.cc:1197]712964 rtMemcpy:ErrCode=107030, desc=[the current capture mode does not support this operation], InnerCode=0x703001c
[ERROR] RUNTIME(712964,):2026-01-15-10:29:02.672.260 [error_message_manage.cc:53]712964 FuncErrorReason:report error module_type=3, module_name=EE8888
[ERROR] RUNTIME(712964,):2026-01-15-10:29:02.672.263 [error_message_manage.cc:53]712964 FuncErrorReason:rtMemcpy execute failed, reason=[the current capture mode does not support this operation]
[ERROR] ASCENDCL(712964,):2026-01-15-10:29:02.672.478 [memory.cpp:437]712964 aclrtMemcpyImpl: synchronized memcpy failed, kind = 1, runtime result = 107030
[ERROR] RUNTIME(712964,):2026-01-15-10:29:02.755.735 [api_error.cc:1519]712964 MemCopySync:Memory copy sync failed, cnt=416, kind=1.
[ERROR] RUNTIME(712964,):2026-01-15-10:29:02.755.744 [api_c.cc:1197]712964 rtMemcpy:ErrCode=107030, desc=[the current capture mode does not support this operation], InnerCode=0x703001c
[ERROR] RUNTIME(712964,):2026-01-15-10:29:02.755.747 [error_message_manage.cc:53]712964 FuncErrorReason:report error module_type=3, module_name=EE8888
[ERROR] RUNTIME(712964,):2026-01-15-10:29:02.755.750 [error_message_manage.cc:53]712964 FuncErrorReason:rtMemcpy execute failed, reason=[the current capture mode does not support this operation]
[ERROR] ASCENDCL(712964,):2026-01-15-10:29:02.756.001 [memory.cpp:437]712964 aclrtMemcpyImpl: synchronized memcpy failed, kind = 1, runtime result = 107030
[ERROR] RUNTIME(712964,):2026-01-15-10:29:02.826.572 [api_error.cc:1519]712964 MemCopySync:Memory copy sync failed, cnt=72, kind=1.
[ERROR] RUNTIME(712964,):2026-01-15-10:29:02.826.579 [api_c.cc:1197]712964 rtMemcpy:ErrCode=107030, desc=[the current capture mode does not support this operation], InnerCode=0x703001c
[ERROR] RUNTIME(712964,):2026-01-15-10:29:02.826.582 [error_message_manage.cc:53]712964 FuncErrorReason:report error module_type=3, module_name=EE8888
[ERROR] RUNTIME(712964,):2026-01-15-10:29:02.826.585 [error_message_manage.cc:53]712964 FuncErrorReason:rtMemcpy execute failed, reason=[the current capture mode does not support this operation]
[ERROR] ASCENDCL(712964,):2026-01-15-10:29:02.826.776 [memory.cpp:437]712964 aclrtMemcpyImpl: synchronized memcpy failed, kind = 1, runtime result = 107030
[ERROR] RUNTIME(712964,):2026-01-15-10:29:02.885.902 [api_error.cc:1519]712964 MemCopySync:Memory copy sync failed, cnt=416, kind=1.
[ERROR] RUNTIME(712964,):2026-01-15-10:29:02.885.911 [api_c.cc:1197]712964 rtMemcpy:ErrCode=107030, desc=[the current capture mode does not support this operation], InnerCode=0x703001c
[ERROR] RUNTIME(712964,):2026-01-15-10:29:02.885.914 [error_message_manage.cc:53]712964 FuncErrorReason:report error module_type=3, module_name=EE8888
[ERROR] RUNTIME(712964,):2026-01-15-10:29:02.885.917 [error_message_manage.cc:53]712964 FuncErrorReason:rtMemcpy execute failed, reason=[the current capture mode does not support this operation]
[ERROR] ASCENDCL(712964,):2026-01-15-10:29:02.886.205 [memory.cpp:437]712964 aclrtMemcpyImpl: synchronized memcpy failed, kind = 1, runtime result = 107030
[ERROR] RUNTIME(712964,):2026-01-15-10:29:02.940.525 [api_error.cc:1519]712964 MemCopySync:Memory copy sync failed, cnt=72, kind=1.
[ERROR] RUNTIME(712964,):2026-01-15-10:29:02.940.533 [api_c.cc:1197]712964 rtMemcpy:ErrCode=107030, desc=[the current capture mode does not support this operation], InnerCode=0x703001c
[ERROR] RUNTIME(712964,):2026-01-15-10:29:02.940.535 [error_message_manage.cc:53]712964 FuncErrorReason:report error module_type=3, module_name=EE8888
[ERROR] RUNTIME(712964,):2026-01-15-10:29:02.940.538 [error_message_manage.cc:53]712964 FuncErrorReason:rtMemcpy execute failed, reason=[the current capture mode does not support this operation]
[ERROR] ASCENDCL(712964,):2026-01-15-10:29:02.940.785 [memory.cpp:437]712964 aclrtMemcpyImpl: synchronized memcpy failed, kind = 1, runtime result = 107030
[ERROR] RUNTIME(712964,):2026-01-15-10:29:03.000.512 [api_error.cc:1519]712964 MemCopySync:Memory copy sync failed, cnt=416, kind=1.
[ERROR] RUNTIME(712964,):2026-01-15-10:29:03.000.520 [api_c.cc:1197]712964 rtMemcpy:ErrCode=107030, desc=[the current capture mode does not support this operation], InnerCode=0x703001c
[ERROR] RUNTIME(712964,):2026-01-15-10:29:03.000.522 [error_message_manage.cc:53]712964 FuncErrorReason:report error module_type=3, module_name=EE8888
[ERROR] RUNTIME(712964,):2026-01-15-10:29:03.000.525 [error_message_manage.cc:53]712964 FuncErrorReason:rtMemcpy execute failed, reason=[the current capture mode does not support this operation]
[ERROR] ASCENDCL(712964,):2026-01-15-10:29:03.000.715 [memory.cpp:437]712964 aclrtMemcpyImpl: synchronized memcpy failed, kind = 1, runtime result = 107030
[ERROR] RUNTIME(712964,):2026-01-15-10:29:03.067.067 [api_error.cc:1519]712964 MemCopySync:Memory copy sync failed, cnt=72, kind=1.
[ERROR] RUNTIME(712964,):2026-01-15-10:29:03.067.075 [api_c.cc:1197]712964 rtMemcpy:ErrCode=107030, desc=[the current capture mode does not support this operation], InnerCode=0x703001c
[ERROR] RUNTIME(712964,):2026-01-15-10:29:03.067.077 [error_message_manage.cc:53]712964 FuncErrorReason:report error module_type=3, module_name=EE8888
[ERROR] RUNTIME(712964,):2026-01-15-10:29:03.067.080 [error_message_manage.cc:53]712964 FuncErrorReason:rtMemcpy execute failed, reason=[the current capture mode does not support this operation]
[ERROR] ASCENDCL(712964,):2026-01-15-10:29:03.067.280 [memory.cpp:437]712964 aclrtMemcpyImpl: synchronized memcpy failed, kind = 1, runtime result = 107030
[ERROR] RUNTIME(712964,):2026-01-15-10:29:03.141.018 [api_error.cc:1519]712964 MemCopySync:Memory copy sync failed, cnt=416, kind=1.
[ERROR] RUNTIME(712964,):2026-01-15-10:29:03.141.027 [api_c.cc:1197]712964 rtMemcpy:ErrCode=107030, desc=[the current capture mode does not support this operation], InnerCode=0x703001c
[ERROR] RUNTIME(712964,):2026-01-15-10:29:03.141.030 [error_message_manage.cc:53]712964 FuncErrorReason:report error module_type=3, module_name=EE8888
[ERROR] RUNTIME(712964,):2026-01-15-10:29:03.141.033 [error_message_manage.cc:53]712964 FuncErrorReason:rtMemcpy execute failed, reason=[the current capture mode does not support this operation]
[ERROR] ASCENDCL(712964,):2026-01-15-10:29:03.141.357 [memory.cpp:437]712964 aclrtMemcpyImpl: synchronized memcpy failed, kind = 1, runtime result = 107030
[ERROR] RUNTIME(712964,):2026-01-15-10:29:03.213.463 [api_error.cc:1519]712964 MemCopySync:Memory copy sync failed, cnt=72, kind=1.
[ERROR] RUNTIME(712964,):2026-01-15-10:29:03.213.471 [api_c.cc:1197]712964 rtMemcpy:ErrCode=107030, desc=[the current capture mode does not support this operation], InnerCode=0x703001c
[ERROR] RUNTIME(712964,):2026-01-15-10:29:03.213.474 [error_message_manage.cc:53]712964 FuncErrorReason:report error module_type=3, module_name=EE8888
[ERROR] RUNTIME(712964,):2026-01-15-10:29:03.213.476 [error_message_manage.cc:53]712964 FuncErrorReason:rtMemcpy execute failed, reason=[the current capture mode does not support this operation]
[ERROR] ASCENDCL(712964,):2026-01-15-10:29:03.213.765 [memory.cpp:437]712964 aclrtMemcpyImpl: synchronized memcpy failed, kind = 1, runtime result = 107030
[ERROR] RUNTIME(712964,):2026-01-15-10:29:03.286.130 [api_error.cc:1519]712964 MemCopySync:Memory copy sync failed, cnt=416, kind=1.
[ERROR] RUNTIME(712964,):2026-01-15-10:29:03.286.139 [api_c.cc:1197]712964 rtMemcpy:ErrCode=107030, desc=[the current capture mode does not support this operation], InnerCode=0x703001c
[ERROR] RUNTIME(712964,):2026-01-15-10:29:03.286.142 [error_message_manage.cc:53]712964 FuncErrorReason:report error module_type=3, module_name=EE8888
[ERROR] RUNTIME(712964,):2026-01-15-10:29:03.286.145 [error_message_manage.cc:53]712964 FuncErrorReason:rtMemcpy execute failed, reason=[the current capture mode does not support this operation]
[ERROR] ASCENDCL(712964,):2026-01-15-10:29:03.286.371 [memory.cpp:437]712964 aclrtMemcpyImpl: synchronized memcpy failed, kind = 1, runtime result = 107030
[ERROR] RUNTIME(712964,):2026-01-15-10:29:03.359.159 [api_error.cc:1519]712964 MemCopySync:Memory copy sync failed, cnt=72, kind=1.
[ERROR] RUNTIME(712964,):2026-01-15-10:29:03.359.167 [api_c.cc:1197]712964 rtMemcpy:ErrCode=107030, desc=[the current capture mode does not support this operation], InnerCode=0x703001c
[ERROR] RUNTIME(712964,):2026-01-15-10:29:03.359.169 [error_message_manage.cc:53]712964 FuncErrorReason:report error module_type=3, module_name=EE8888
[ERROR] RUNTIME(712964,):2026-01-15-10:29:03.359.172 [error_message_manage.cc:53]712964 FuncErrorReason:rtMemcpy execute failed, reason=[the current capture mode does not support this operation]
[ERROR] ASCENDCL(712964,):2026-01-15-10:29:03.359.506 [memory.cpp:437]712964 aclrtMemcpyImpl: synchronized memcpy failed, kind = 1, runtime result = 107030
[ERROR] RUNTIME(712964,):2026-01-15-10:29:03.428.882 [api_error.cc:1519]712964 MemCopySync:Memory copy sync failed, cnt=416, kind=1.
[ERROR] RUNTIME(712964,):2026-01-15-10:29:03.428.890 [api_c.cc:1197]712964 rtMemcpy:ErrCode=107030, desc=[the current capture mode does not support this operation], InnerCode=0x703001c
[ERROR] RUNTIME(712964,):2026-01-15-10:29:03.428.893 [error_message_manage.cc:53]712964 FuncErrorReason:report error module_type=3, module_name=EE8888
[ERROR] RUNTIME(712964,):2026-01-15-10:29:03.428.896 [error_message_manage.cc:53]712964 FuncErrorReason:rtMemcpy execute failed, reason=[the current capture mode does not support this operation]
[ERROR] ASCENDCL(712964,):2026-01-15-10:29:03.429.145 [memory.cpp:437]712964 aclrtMemcpyImpl: synchronized memcpy failed, kind = 1, runtime result = 107030
[ERROR] RUNTIME(712964,):2026-01-15-10:29:03.492.611 [api_error.cc:1519]712964 MemCopySync:Memory copy sync failed, cnt=72, kind=1.
[ERROR] RUNTIME(712964,):2026-01-15-10:29:03.492.619 [api_c.cc:1197]712964 rtMemcpy:ErrCode=107030, desc=[the current capture mode does not support this operation], InnerCode=0x703001c
[ERROR] RUNTIME(712964,):2026-01-15-10:29:03.492.622 [error_message_manage.cc:53]712964 FuncErrorReason:report error module_type=3, module_name=EE8888
[ERROR] RUNTIME(712964,):2026-01-15-10:29:03.492.625 [error_message_manage.cc:53]712964 FuncErrorReason:rtMemcpy execute failed, reason=[the current capture mode does not support this operation]
[ERROR] ASCENDCL(712964,):2026-01-15-10:29:03.492.929 [memory.cpp:437]712964 aclrtMemcpyImpl: synchronized memcpy failed, kind = 1, runtime result = 107030
[ERROR] RUNTIME(712964,):2026-01-15-10:29:03.561.774 [api_error.cc:1519]712964 MemCopySync:Memory copy sync failed, cnt=416, kind=1.
[ERROR] RUNTIME(712964,):2026-01-15-10:29:03.561.782 [api_c.cc:1197]712964 rtMemcpy:ErrCode=107030, desc=[the current capture mode does not support this operation], InnerCode=0x703001c
[ERROR] RUNTIME(712964,):2026-01-15-10:29:03.561.785 [error_message_manage.cc:53]712964 FuncErrorReason:report error module_type=3, module_name=EE8888
[ERROR] RUNTIME(712964,):2026-01-15-10:29:03.561.788 [error_message_manage.cc:53]712964 FuncErrorReason:rtMemcpy execute failed, reason=[the current capture mode does not support this operation]
[ERROR] ASCENDCL(712964,):2026-01-15-10:29:03.562.011 [memory.cpp:437]712964 aclrtMemcpyImpl: synchronized memcpy failed, kind = 1, runtime result = 107030
[ERROR] RUNTIME(712964,):2026-01-15-10:29:03.630.757 [api_error.cc:1519]712964 MemCopySync:Memory copy sync failed, cnt=72, kind=1.
[ERROR] RUNTIME(712964,):2026-01-15-10:29:03.630.765 [api_c.cc:1197]712964 rtMemcpy:ErrCode=107030, desc=[the current capture mode does not support this operation], InnerCode=0x703001c
[ERROR] RUNTIME(712964,):2026-01-15-10:29:03.630.768 [error_message_manage.cc:53]712964 FuncErrorReason:report error module_type=3, module_name=EE8888
[ERROR] RUNTIME(712964,):2026-01-15-10:29:03.630.771 [error_message_manage.cc:53]712964 FuncErrorReason:rtMemcpy execute failed, reason=[the current capture mode does not support this operation]
[ERROR] ASCENDCL(712964,):2026-01-15-10:29:03.630.980 [memory.cpp:437]712964 aclrtMemcpyImpl: synchronized memcpy failed, kind = 1, runtime result = 107030
[ERROR] RUNTIME(712964,):2026-01-15-10:29:03.700.429 [api_error.cc:1519]712964 MemCopySync:Memory copy sync failed, cnt=416, kind=1.
[ERROR] RUNTIME(712964,):2026-01-15-10:29:03.700.438 [api_c.cc:1197]712964 rtMemcpy:ErrCode=107030, desc=[the current capture mode does not support this operation], InnerCode=0x703001c
[ERROR] RUNTIME(712964,):2026-01-15-10:29:03.700.441 [error_message_manage.cc:53]712964 FuncErrorReason:report error module_type=3, module_name=EE8888
[ERROR] RUNTIME(712964,):2026-01-15-10:29:03.700.445 [error_message_manage.cc:53]712964 FuncErrorReason:rtMemcpy execute failed, reason=[the current capture mode does not support this operation]
[ERROR] ASCENDCL(712964,):2026-01-15-10:29:03.700.736 [memory.cpp:437]712964 aclrtMemcpyImpl: synchronized memcpy failed, kind = 1, runtime result = 107030
[ERROR] RUNTIME(712964,):2026-01-15-10:29:03.766.563 [api_error.cc:1519]712964 MemCopySync:Memory copy sync failed, cnt=72, kind=1.
[ERROR] RUNTIME(712964,):2026-01-15-10:29:03.766.571 [api_c.cc:1197]712964 rtMemcpy:ErrCode=107030, desc=[the current capture mode does not support this operation], InnerCode=0x703001c
[ERROR] RUNTIME(712964,):2026-01-15-10:29:03.766.574 [error_message_manage.cc:53]712964 FuncErrorReason:report error module_type=3, module_name=EE8888
[ERROR] RUNTIME(712964,):2026-01-15-10:29:03.766.576 [error_message_manage.cc:53]712964 FuncErrorReason:rtMemcpy execute failed, reason=[the current capture mode does not support this operation]
[ERROR] ASCENDCL(712964,):2026-01-15-10:29:03.766.779 [memory.cpp:437]712964 aclrtMemcpyImpl: synchronized memcpy failed, kind = 1, runtime result = 107030
[ERROR] RUNTIME(712964,):2026-01-15-10:29:03.834.788 [api_error.cc:1519]712964 MemCopySync:Memory copy sync failed, cnt=416, kind=1.
[ERROR] RUNTIME(712964,):2026-01-15-10:29:03.834.797 [api_c.cc:1197]712964 rtMemcpy:ErrCode=107030, desc=[the current capture mode does not support this operation], InnerCode=0x703001c
[ERROR] RUNTIME(712964,):2026-01-15-10:29:03.834.800 [error_message_manage.cc:53]712964 FuncErrorReason:report error module_type=3, module_name=EE8888
[ERROR] RUNTIME(712964,):2026-01-15-10:29:03.834.802 [error_message_manage.cc:53]712964 FuncErrorReason:rtMemcpy execute failed, reason=[the current capture mode does not support this operation]
[ERROR] ASCENDCL(712964,):2026-01-15-10:29:03.835.051 [memory.cpp:437]712964 aclrtMemcpyImpl: synchronized memcpy failed, kind = 1, runtime result = 107030
[ERROR] RUNTIME(712964,):2026-01-15-10:29:03.906.624 [api_error.cc:1519]712964 MemCopySync:Memory copy sync failed, cnt=72, kind=1.
[ERROR] RUNTIME(712964,):2026-01-15-10:29:03.906.632 [api_c.cc:1197]712964 rtMemcpy:ErrCode=107030, desc=[the current capture mode does not support this operation], InnerCode=0x703001c
[ERROR] RUNTIME(712964,):2026-01-15-10:29:03.906.635 [error_message_manage.cc:53]712964 FuncErrorReason:report error module_type=3, module_name=EE8888
[ERROR] RUNTIME(712964,):2026-01-15-10:29:03.906.638 [error_message_manage.cc:53]712964 FuncErrorReason:rtMemcpy execute failed, reason=[the current capture mode does not support this operation]
[ERROR] ASCENDCL(712964,):2026-01-15-10:29:03.906.921 [memory.cpp:437]712964 aclrtMemcpyImpl: synchronized memcpy failed, kind = 1, runtime result = 107030
[ERROR] RUNTIME(712964,):2026-01-15-10:29:03.978.066 [api_error.cc:1519]712964 MemCopySync:Memory copy sync failed, cnt=416, kind=1.
[ERROR] RUNTIME(712964,):2026-01-15-10:29:03.978.075 [api_c.cc:1197]712964 rtMemcpy:ErrCode=107030, desc=[the current capture mode does not support this operation], InnerCode=0x703001c
[ERROR] RUNTIME(712964,):2026-01-15-10:29:03.978.077 [error_message_manage.cc:53]712964 FuncErrorReason:report error module_type=3, module_name=EE8888
[ERROR] RUNTIME(712964,):2026-01-15-10:29:03.978.080 [error_message_manage.cc:53]712964 FuncErrorReason:rtMemcpy execute failed, reason=[the current capture mode does not support this operation]
[ERROR] ASCENDCL(712964,):2026-01-15-10:29:03.978.322 [memory.cpp:437]712964 aclrtMemcpyImpl: synchronized memcpy failed, kind = 1, runtime result = 107030
[ERROR] RUNTIME(712964,):2026-01-15-10:29:04.044.603 [api_error.cc:1519]712964 MemCopySync:Memory copy sync failed, cnt=72, kind=1.
[ERROR] RUNTIME(712964,):2026-01-15-10:29:04.044.612 [api_c.cc:1197]712964 rtMemcpy:ErrCode=107030, desc=[the current capture mode does not support this operation], InnerCode=0x703001c
[ERROR] RUNTIME(712964,):2026-01-15-10:29:04.044.616 [error_message_manage.cc:53]712964 FuncErrorReason:report error module_type=3, module_name=EE8888
[ERROR] RUNTIME(712964,):2026-01-15-10:29:04.044.619 [error_message_manage.cc:53]712964 FuncErrorReason:rtMemcpy execute failed, reason=[the current capture mode does not support this operation]
[ERROR] ASCENDCL(712964,):2026-01-15-10:29:04.044.899 [memory.cpp:437]712964 aclrtMemcpyImpl: synchronized memcpy failed, kind = 1, runtime result = 107030
[ERROR] RUNTIME(712964,):2026-01-15-10:29:04.118.728 [api_error.cc:1519]712964 MemCopySync:Memory copy sync failed, cnt=416, kind=1.
[ERROR] RUNTIME(712964,):2026-01-15-10:29:04.118.737 [api_c.cc:1197]712964 rtMemcpy:ErrCode=107030, desc=[the current capture mode does not support this operation], InnerCode=0x703001c
[ERROR] RUNTIME(712964,):2026-01-15-10:29:04.118.740 [error_message_manage.cc:53]712964 FuncErrorReason:report error module_type=3, module_name=EE8888
[ERROR] RUNTIME(712964,):2026-01-15-10:29:04.118.743 [error_message_manage.cc:53]712964 FuncErrorReason:rtMemcpy execute failed, reason=[the current capture mode does not support this operation]
[ERROR] ASCENDCL(712964,):2026-01-15-10:29:04.119.016 [memory.cpp:437]712964 aclrtMemcpyImpl: synchronized memcpy failed, kind = 1, runtime result = 107030
[ERROR] RUNTIME(712964,):2026-01-15-10:29:04.188.239 [api_error.cc:1519]712964 MemCopySync:Memory copy sync failed, cnt=72, kind=1.
[ERROR] RUNTIME(712964,):2026-01-15-10:29:04.188.248 [api_c.cc:1197]712964 rtMemcpy:ErrCode=107030, desc=[the current capture mode does not support this operation], InnerCode=0x703001c
[ERROR] RUNTIME(712964,):2026-01-15-10:29:04.188.251 [error_message_manage.cc:53]712964 FuncErrorReason:report error module_type=3, module_name=EE8888
[ERROR] RUNTIME(712964,):2026-01-15-10:29:04.188.254 [error_message_manage.cc:53]712964 FuncErrorReason:rtMemcpy execute failed, reason=[the current capture mode does not support this operation]
[ERROR] ASCENDCL(712964,):2026-01-15-10:29:04.188.498 [memory.cpp:437]712964 aclrtMemcpyImpl: synchronized memcpy failed, kind = 1, runtime result = 107030
[ERROR] RUNTIME(712964,):2026-01-15-10:29:04.262.395 [api_error.cc:1519]712964 MemCopySync:Memory copy sync failed, cnt=416, kind=1.
[ERROR] RUNTIME(712964,):2026-01-15-10:29:04.262.403 [api_c.cc:1197]712964 rtMemcpy:ErrCode=107030, desc=[the current capture mode does not support this operation], InnerCode=0x703001c
[ERROR] RUNTIME(712964,):2026-01-15-10:29:04.262.406 [error_message_manage.cc:53]712964 FuncErrorReason:report error module_type=3, module_name=EE8888
[ERROR] RUNTIME(712964,):2026-01-15-10:29:04.262.409 [error_message_manage.cc:53]712964 FuncErrorReason:rtMemcpy execute failed, reason=[the current capture mode does not support this operation]
[ERROR] ASCENDCL(712964,):2026-01-15-10:29:04.262.640 [memory.cpp:437]712964 aclrtMemcpyImpl: synchronized memcpy failed, kind = 1, runtime result = 107030
[ERROR] RUNTIME(712964,):2026-01-15-10:29:04.324.009 [api_error.cc:1519]712964 MemCopySync:Memory copy sync failed, cnt=72, kind=1.
[ERROR] RUNTIME(712964,):2026-01-15-10:29:04.324.018 [api_c.cc:1197]712964 rtMemcpy:ErrCode=107030, desc=[the current capture mode does not support this operation], InnerCode=0x703001c
[ERROR] RUNTIME(712964,):2026-01-15-10:29:04.324.021 [error_message_manage.cc:53]712964 FuncErrorReason:report error module_type=3, module_name=EE8888
[ERROR] RUNTIME(712964,):2026-01-15-10:29:04.324.024 [error_message_manage.cc:53]712964 FuncErrorReason:rtMemcpy execute failed, reason=[the current capture mode does not support this operation]
[ERROR] ASCENDCL(712964,):2026-01-15-10:29:04.324.290 [memory.cpp:437]712964 aclrtMemcpyImpl: synchronized memcpy failed, kind = 1, runtime result = 107030
[ERROR] RUNTIME(712964,):2026-01-15-10:29:04.401.402 [api_error.cc:1519]712964 MemCopySync:Memory copy sync failed, cnt=416, kind=1.
[ERROR] RUNTIME(712964,):2026-01-15-10:29:04.401.410 [api_c.cc:1197]712964 rtMemcpy:ErrCode=107030, desc=[the current capture mode does not support this operation], InnerCode=0x703001c
[ERROR] RUNTIME(712964,):2026-01-15-10:29:04.401.413 [error_message_manage.cc:53]712964 FuncErrorReason:report error module_type=3, module_name=EE8888
[ERROR] RUNTIME(712964,):2026-01-15-10:29:04.401.415 [error_message_manage.cc:53]712964 FuncErrorReason:rtMemcpy execute failed, reason=[the current capture mode does not support this operation]
[ERROR] ASCENDCL(712964,):2026-01-15-10:29:04.401.711 [memory.cpp:437]712964 aclrtMemcpyImpl: synchronized memcpy failed, kind = 1, runtime result = 107030
[ERROR] RUNTIME(712964,):2026-01-15-10:29:04.468.536 [api_error.cc:1519]712964 MemCopySync:Memory copy sync failed, cnt=72, kind=1.
[ERROR] RUNTIME(712964,):2026-01-15-10:29:04.468.544 [api_c.cc:1197]712964 rtMemcpy:ErrCode=107030, desc=[the current capture mode does not support this operation], InnerCode=0x703001c
[ERROR] RUNTIME(712964,):2026-01-15-10:29:04.468.546 [error_message_manage.cc:53]712964 FuncErrorReason:report error module_type=3, module_name=EE8888
[ERROR] RUNTIME(712964,):2026-01-15-10:29:04.468.549 [error_message_manage.cc:53]712964 FuncErrorReason:rtMemcpy execute failed, reason=[the current capture mode does not support this operation]
[ERROR] ASCENDCL(712964,):2026-01-15-10:29:04.468.785 [memory.cpp:437]712964 aclrtMemcpyImpl: synchronized memcpy failed, kind = 1, runtime result = 107030
[ERROR] RUNTIME(712964,):2026-01-15-10:29:04.531.822 [api_error.cc:1519]712964 MemCopySync:Memory copy sync failed, cnt=416, kind=1.
[ERROR] RUNTIME(712964,):2026-01-15-10:29:04.531.831 [api_c.cc:1197]712964 rtMemcpy:ErrCode=107030, desc=[the current capture mode does not support this operation], InnerCode=0x703001c
[ERROR] RUNTIME(712964,):2026-01-15-10:29:04.531.833 [error_message_manage.cc:53]712964 FuncErrorReason:report error module_type=3, module_name=EE8888
[ERROR] RUNTIME(712964,):2026-01-15-10:29:04.531.836 [error_message_manage.cc:53]712964 FuncErrorReason:rtMemcpy execute failed, reason=[the current capture mode does not support this operation]
[ERROR] ASCENDCL(712964,):2026-01-15-10:29:04.532.110 [memory.cpp:437]712964 aclrtMemcpyImpl: synchronized memcpy failed, kind = 1, runtime result = 107030
[ERROR] RUNTIME(712964,):2026-01-15-10:29:04.597.324 [api_error.cc:1519]712964 MemCopySync:Memory copy sync failed, cnt=72, kind=1.
[ERROR] RUNTIME(712964,):2026-01-15-10:29:04.597.332 [api_c.cc:1197]712964 rtMemcpy:ErrCode=107030, desc=[the current capture mode does not support this operation], InnerCode=0x703001c
[ERROR] RUNTIME(712964,):2026-01-15-10:29:04.597.334 [error_message_manage.cc:53]712964 FuncErrorReason:report error module_type=3, module_name=EE8888
[ERROR] RUNTIME(712964,):2026-01-15-10:29:04.597.337 [error_message_manage.cc:53]712964 FuncErrorReason:rtMemcpy execute failed, reason=[the current capture mode does not support this operation]
[ERROR] ASCENDCL(712964,):2026-01-15-10:29:04.597.646 [memory.cpp:437]712964 aclrtMemcpyImpl: synchronized memcpy failed, kind = 1, runtime result = 107030
[ERROR] RUNTIME(712964,):2026-01-15-10:29:04.665.595 [api_error.cc:1519]712964 MemCopySync:Memory copy sync failed, cnt=416, kind=1.
[ERROR] RUNTIME(712964,):2026-01-15-10:29:04.665.603 [api_c.cc:1197]712964 rtMemcpy:ErrCode=107030, desc=[the current capture mode does not support this operation], InnerCode=0x703001c
[ERROR] RUNTIME(712964,):2026-01-15-10:29:04.665.606 [error_message_manage.cc:53]712964 FuncErrorReason:report error module_type=3, module_name=EE8888
[ERROR] RUNTIME(712964,):2026-01-15-10:29:04.665.609 [error_message_manage.cc:53]712964 FuncErrorReason:rtMemcpy execute failed, reason=[the current capture mode does not support this operation]
[ERROR] ASCENDCL(712964,):2026-01-15-10:29:04.665.819 [memory.cpp:437]712964 aclrtMemcpyImpl: synchronized memcpy failed, kind = 1, runtime result = 107030
[ERROR] RUNTIME(712964,):2026-01-15-10:29:04.733.948 [api_error.cc:1519]712964 MemCopySync:Memory copy sync failed, cnt=72, kind=1.
[ERROR] RUNTIME(712964,):2026-01-15-10:29:04.733.956 [api_c.cc:1197]712964 rtMemcpy:ErrCode=107030, desc=[the current capture mode does not support this operation], InnerCode=0x703001c
[ERROR] RUNTIME(712964,):2026-01-15-10:29:04.733.959 [error_message_manage.cc:53]712964 FuncErrorReason:report error module_type=3, module_name=EE8888
[ERROR] RUNTIME(712964,):2026-01-15-10:29:04.733.961 [error_message_manage.cc:53]712964 FuncErrorReason:rtMemcpy execute failed, reason=[the current capture mode does not support this operation]
[ERROR] ASCENDCL(712964,):2026-01-15-10:29:04.734.292 [memory.cpp:437]712964 aclrtMemcpyImpl: synchronized memcpy failed, kind = 1, runtime result = 107030
[ERROR] RUNTIME(712964,):2026-01-15-10:29:04.811.701 [api_error.cc:1519]712964 MemCopySync:Memory copy sync failed, cnt=416, kind=1.
[ERROR] RUNTIME(712964,):2026-01-15-10:29:04.811.709 [api_c.cc:1197]712964 rtMemcpy:ErrCode=107030, desc=[the current capture mode does not support this operation], InnerCode=0x703001c
[ERROR] RUNTIME(712964,):2026-01-15-10:29:04.811.712 [error_message_manage.cc:53]712964 FuncErrorReason:report error module_type=3, module_name=EE8888
[ERROR] RUNTIME(712964,):2026-01-15-10:29:04.811.715 [error_message_manage.cc:53]712964 FuncErrorReason:rtMemcpy execute failed, reason=[the current capture mode does not support this operation]
[ERROR] ASCENDCL(712964,):2026-01-15-10:29:04.811.971 [memory.cpp:437]712964 aclrtMemcpyImpl: synchronized memcpy failed, kind = 1, runtime result = 107030
[ERROR] RUNTIME(712964,):2026-01-15-10:29:04.882.927 [api_error.cc:1519]712964 MemCopySync:Memory copy sync failed, cnt=72, kind=1.
[ERROR] RUNTIME(712964,):2026-01-15-10:29:04.882.936 [api_c.cc:1197]712964 rtMemcpy:ErrCode=107030, desc=[the current capture mode does not support this operation], InnerCode=0x703001c
[ERROR] RUNTIME(712964,):2026-01-15-10:29:04.882.938 [error_message_manage.cc:53]712964 FuncErrorReason:report error module_type=3, module_name=EE8888
[ERROR] RUNTIME(712964,):2026-01-15-10:29:04.882.941 [error_message_manage.cc:53]712964 FuncErrorReason:rtMemcpy execute failed, reason=[the current capture mode does not support this operation]
[ERROR] ASCENDCL(712964,):2026-01-15-10:29:04.883.173 [memory.cpp:437]712964 aclrtMemcpyImpl: synchronized memcpy failed, kind = 1, runtime result = 107030
[ERROR] RUNTIME(712964,):2026-01-15-10:29:04.954.613 [api_error.cc:1519]712964 MemCopySync:Memory copy sync failed, cnt=416, kind=1.
[ERROR] RUNTIME(712964,):2026-01-15-10:29:04.954.621 [api_c.cc:1197]712964 rtMemcpy:ErrCode=107030, desc=[the current capture mode does not support this operation], InnerCode=0x703001c
[ERROR] RUNTIME(712964,):2026-01-15-10:29:04.954.624 [error_message_manage.cc:53]712964 FuncErrorReason:report error module_type=3, module_name=EE8888
[ERROR] RUNTIME(712964,):2026-01-15-10:29:04.954.627 [error_message_manage.cc:53]712964 FuncErrorReason:rtMemcpy execute failed, reason=[the current capture mode does not support this operation]
[ERROR] ASCENDCL(712964,):2026-01-15-10:29:04.954.886 [memory.cpp:437]712964 aclrtMemcpyImpl: synchronized memcpy failed, kind = 1, runtime result = 107030
[ERROR] RUNTIME(712964,):2026-01-15-10:29:05.022.170 [api_error.cc:1519]712964 MemCopySync:Memory copy sync failed, cnt=72, kind=1.
[ERROR] RUNTIME(712964,):2026-01-15-10:29:05.022.178 [api_c.cc:1197]712964 rtMemcpy:ErrCode=107030, desc=[the current capture mode does not support this operation], InnerCode=0x703001c
[ERROR] RUNTIME(712964,):2026-01-15-10:29:05.022.180 [error_message_manage.cc:53]712964 FuncErrorReason:report error module_type=3, module_name=EE8888
[ERROR] RUNTIME(712964,):2026-01-15-10:29:05.022.183 [error_message_manage.cc:53]712964 FuncErrorReason:rtMemcpy execute failed, reason=[the current capture mode does not support this operation]
[ERROR] ASCENDCL(712964,):2026-01-15-10:29:05.022.387 [memory.cpp:437]712964 aclrtMemcpyImpl: synchronized memcpy failed, kind = 1, runtime result = 107030
[ERROR] RUNTIME(712964,):2026-01-15-10:29:05.097.988 [api_error.cc:1519]712964 MemCopySync:Memory copy sync failed, cnt=416, kind=1.
[ERROR] RUNTIME(712964,):2026-01-15-10:29:05.097.996 [api_c.cc:1197]712964 rtMemcpy:ErrCode=107030, desc=[the current capture mode does not support this operation], InnerCode=0x703001c
[ERROR] RUNTIME(712964,):2026-01-15-10:29:05.097.999 [error_message_manage.cc:53]712964 FuncErrorReason:report error module_type=3, module_name=EE8888
[ERROR] RUNTIME(712964,):2026-01-15-10:29:05.098.002 [error_message_manage.cc:53]712964 FuncErrorReason:rtMemcpy execute failed, reason=[the current capture mode does not support this operation]
[ERROR] ASCENDCL(712964,):2026-01-15-10:29:05.098.292 [memory.cpp:437]712964 aclrtMemcpyImpl: synchronized memcpy failed, kind = 1, runtime result = 107030
[ERROR] RUNTIME(712964,):2026-01-15-10:29:05.165.499 [api_error.cc:1519]712964 MemCopySync:Memory copy sync failed, cnt=72, kind=1.
[ERROR] RUNTIME(712964,):2026-01-15-10:29:05.165.506 [api_c.cc:1197]712964 rtMemcpy:ErrCode=107030, desc=[the current capture mode does not support this operation], InnerCode=0x703001c
[ERROR] RUNTIME(712964,):2026-01-15-10:29:05.165.509 [error_message_manage.cc:53]712964 FuncErrorReason:report error module_type=3, module_name=EE8888
[ERROR] RUNTIME(712964,):2026-01-15-10:29:05.165.512 [error_message_manage.cc:53]712964 FuncErrorReason:rtMemcpy execute failed, reason=[the current capture mode does not support this operation]
[ERROR] ASCENDCL(712964,):2026-01-15-10:29:05.165.743 [memory.cpp:437]712964 aclrtMemcpyImpl: synchronized memcpy failed, kind = 1, runtime result = 107030
[ERROR] RUNTIME(712964,):2026-01-15-10:29:05.236.805 [api_error.cc:1519]712964 MemCopySync:Memory copy sync failed, cnt=416, kind=1.
[ERROR] RUNTIME(712964,):2026-01-15-10:29:05.236.813 [api_c.cc:1197]712964 rtMemcpy:ErrCode=107030, desc=[the current capture mode does not support this operation], InnerCode=0x703001c
[ERROR] RUNTIME(712964,):2026-01-15-10:29:05.236.816 [error_message_manage.cc:53]712964 FuncErrorReason:report error module_type=3, module_name=EE8888
[ERROR] RUNTIME(712964,):2026-01-15-10:29:05.236.819 [error_message_manage.cc:53]712964 FuncErrorReason:rtMemcpy execute failed, reason=[the current capture mode does not support this operation]
[ERROR] ASCENDCL(712964,):2026-01-15-10:29:05.237.103 [memory.cpp:437]712964 aclrtMemcpyImpl: synchronized memcpy failed, kind = 1, runtime result = 107030
[ERROR] RUNTIME(712964,):2026-01-15-10:29:05.305.384 [api_error.cc:1519]712964 MemCopySync:Memory copy sync failed, cnt=72, kind=1.
[ERROR] RUNTIME(712964,):2026-01-15-10:29:05.305.392 [api_c.cc:1197]712964 rtMemcpy:ErrCode=107030, desc=[the current capture mode does not support this operation], InnerCode=0x703001c
[ERROR] RUNTIME(712964,):2026-01-15-10:29:05.305.395 [error_message_manage.cc:53]712964 FuncErrorReason:report error module_type=3, module_name=EE8888
[ERROR] RUNTIME(712964,):2026-01-15-10:29:05.305.397 [error_message_manage.cc:53]712964 FuncErrorReason:rtMemcpy execute failed, reason=[the current capture mode does not support this operation]
[ERROR] ASCENDCL(712964,):2026-01-15-10:29:05.305.681 [memory.cpp:437]712964 aclrtMemcpyImpl: synchronized memcpy failed, kind = 1, runtime result = 107030
[ERROR] RUNTIME(712964,):2026-01-15-10:29:05.376.062 [api_error.cc:1519]712964 MemCopySync:Memory copy sync failed, cnt=416, kind=1.
[ERROR] RUNTIME(712964,):2026-01-15-10:29:05.376.070 [api_c.cc:1197]712964 rtMemcpy:ErrCode=107030, desc=[the current capture mode does not support this operation], InnerCode=0x703001c
[ERROR] RUNTIME(712964,):2026-01-15-10:29:05.376.073 [error_message_manage.cc:53]712964 FuncErrorReason:report error module_type=3, module_name=EE8888
[ERROR] RUNTIME(712964,):2026-01-15-10:29:05.376.076 [error_message_manage.cc:53]712964 FuncErrorReason:rtMemcpy execute failed, reason=[the current capture mode does not support this operation]
[ERROR] ASCENDCL(712964,):2026-01-15-10:29:05.376.318 [memory.cpp:437]712964 aclrtMemcpyImpl: synchronized memcpy failed, kind = 1, runtime result = 107030
[ERROR] RUNTIME(712964,):2026-01-15-10:29:05.441.986 [api_error.cc:1519]712964 MemCopySync:Memory copy sync failed, cnt=72, kind=1.
[ERROR] RUNTIME(712964,):2026-01-15-10:29:05.441.994 [api_c.cc:1197]712964 rtMemcpy:ErrCode=107030, desc=[the current capture mode does not support this operation], InnerCode=0x703001c
[ERROR] RUNTIME(712964,):2026-01-15-10:29:05.441.997 [error_message_manage.cc:53]712964 FuncErrorReason:report error module_type=3, module_name=EE8888
[ERROR] RUNTIME(712964,):2026-01-15-10:29:05.442.000 [error_message_manage.cc:53]712964 FuncErrorReason:rtMemcpy execute failed, reason=[the current capture mode does not support this operation]
[ERROR] ASCENDCL(712964,):2026-01-15-10:29:05.442.218 [memory.cpp:437]712964 aclrtMemcpyImpl: synchronized memcpy failed, kind = 1, runtime result = 107030
[ERROR] RUNTIME(712964,):2026-01-15-10:29:05.513.112 [api_error.cc:1519]712964 MemCopySync:Memory copy sync failed, cnt=416, kind=1.
[ERROR] RUNTIME(712964,):2026-01-15-10:29:05.513.121 [api_c.cc:1197]712964 rtMemcpy:ErrCode=107030, desc=[the current capture mode does not support this operation], InnerCode=0x703001c
[ERROR] RUNTIME(712964,):2026-01-15-10:29:05.513.123 [error_message_manage.cc:53]712964 FuncErrorReason:report error module_type=3, module_name=EE8888
[ERROR] RUNTIME(712964,):2026-01-15-10:29:05.513.126 [error_message_manage.cc:53]712964 FuncErrorReason:rtMemcpy execute failed, reason=[the current capture mode does not support this operation]
[ERROR] ASCENDCL(712964,):2026-01-15-10:29:05.513.404 [memory.cpp:437]712964 aclrtMemcpyImpl: synchronized memcpy failed, kind = 1, runtime result = 107030
[ERROR] RUNTIME(712964,):2026-01-15-10:29:05.585.619 [api_error.cc:1519]712964 MemCopySync:Memory copy sync failed, cnt=72, kind=1.
[ERROR] RUNTIME(712964,):2026-01-15-10:29:05.585.628 [api_c.cc:1197]712964 rtMemcpy:ErrCode=107030, desc=[the current capture mode does not support this operation], InnerCode=0x703001c
[ERROR] RUNTIME(712964,):2026-01-15-10:29:05.585.631 [error_message_manage.cc:53]712964 FuncErrorReason:report error module_type=3, module_name=EE8888
[ERROR] RUNTIME(712964,):2026-01-15-10:29:05.585.633 [error_message_manage.cc:53]712964 FuncErrorReason:rtMemcpy execute failed, reason=[the current capture mode does not support this operation]
[ERROR] ASCENDCL(712964,):2026-01-15-10:29:05.585.896 [memory.cpp:437]712964 aclrtMemcpyImpl: synchronized memcpy failed, kind = 1, runtime result = 107030
[ERROR] RUNTIME(712964,):2026-01-15-10:29:05.659.595 [api_error.cc:1519]712964 MemCopySync:Memory copy sync failed, cnt=416, kind=1.
[ERROR] RUNTIME(712964,):2026-01-15-10:29:05.659.604 [api_c.cc:1197]712964 rtMemcpy:ErrCode=107030, desc=[the current capture mode does not support this operation], InnerCode=0x703001c
[ERROR] RUNTIME(712964,):2026-01-15-10:29:05.659.607 [error_message_manage.cc:53]712964 FuncErrorReason:report error module_type=3, module_name=EE8888
[ERROR] RUNTIME(712964,):2026-01-15-10:29:05.659.610 [error_message_manage.cc:53]712964 FuncErrorReason:rtMemcpy execute failed, reason=[the current capture mode does not support this operation]
[ERROR] ASCENDCL(712964,):2026-01-15-10:29:05.659.820 [memory.cpp:437]712964 aclrtMemcpyImpl: synchronized memcpy failed, kind = 1, runtime result = 107030
[ERROR] RUNTIME(712964,):2026-01-15-10:29:05.723.105 [api_error.cc:1519]712964 MemCopySync:Memory copy sync failed, cnt=72, kind=1.
[ERROR] RUNTIME(712964,):2026-01-15-10:29:05.723.113 [api_c.cc:1197]712964 rtMemcpy:ErrCode=107030, desc=[the current capture mode does not support this operation], InnerCode=0x703001c
[ERROR] RUNTIME(712964,):2026-01-15-10:29:05.723.116 [error_message_manage.cc:53]712964 FuncErrorReason:report error module_type=3, module_name=EE8888
[ERROR] RUNTIME(712964,):2026-01-15-10:29:05.723.119 [error_message_manage.cc:53]712964 FuncErrorReason:rtMemcpy execute failed, reason=[the current capture mode does not support this operation]
[ERROR] ASCENDCL(712964,):2026-01-15-10:29:05.723.405 [memory.cpp:437]712964 aclrtMemcpyImpl: synchronized memcpy failed, kind = 1, runtime result = 107030
[ERROR] RUNTIME(712964,):2026-01-15-10:29:05.783.284 [api_error.cc:1519]712964 MemCopySync:Memory copy sync failed, cnt=416, kind=1.
[ERROR] RUNTIME(712964,):2026-01-15-10:29:05.783.293 [api_c.cc:1197]712964 rtMemcpy:ErrCode=107030, desc=[the current capture mode does not support this operation], InnerCode=0x703001c
[ERROR] RUNTIME(712964,):2026-01-15-10:29:05.783.296 [error_message_manage.cc:53]712964 FuncErrorReason:report error module_type=3, module_name=EE8888
[ERROR] RUNTIME(712964,):2026-01-15-10:29:05.783.298 [error_message_manage.cc:53]712964 FuncErrorReason:rtMemcpy execute failed, reason=[the current capture mode does not support this operation]
[ERROR] ASCENDCL(712964,):2026-01-15-10:29:05.783.547 [memory.cpp:437]712964 aclrtMemcpyImpl: synchronized memcpy failed, kind = 1, runtime result = 107030
[ERROR] RUNTIME(712964,):2026-01-15-10:29:05.841.225 [api_error.cc:1519]712964 MemCopySync:Memory copy sync failed, cnt=72, kind=1.
[ERROR] RUNTIME(712964,):2026-01-15-10:29:05.841.233 [api_c.cc:1197]712964 rtMemcpy:ErrCode=107030, desc=[the current capture mode does not support this operation], InnerCode=0x703001c
[ERROR] RUNTIME(712964,):2026-01-15-10:29:05.841.235 [error_message_manage.cc:53]712964 FuncErrorReason:report error module_type=3, module_name=EE8888
[ERROR] RUNTIME(712964,):2026-01-15-10:29:05.841.238 [error_message_manage.cc:53]712964 FuncErrorReason:rtMemcpy execute failed, reason=[the current capture mode does not support this operation]
[ERROR] ASCENDCL(712964,):2026-01-15-10:29:05.841.428 [memory.cpp:437]712964 aclrtMemcpyImpl: synchronized memcpy failed, kind = 1, runtime result = 107030
[ERROR] RUNTIME(712964,):2026-01-15-10:29:05.910.920 [api_error.cc:1519]712964 MemCopySync:Memory copy sync failed, cnt=416, kind=1.
[ERROR] RUNTIME(712964,):2026-01-15-10:29:05.910.928 [api_c.cc:1197]712964 rtMemcpy:ErrCode=107030, desc=[the current capture mode does not support this operation], InnerCode=0x703001c
[ERROR] RUNTIME(712964,):2026-01-15-10:29:05.910.931 [error_message_manage.cc:53]712964 FuncErrorReason:report error module_type=3, module_name=EE8888
[ERROR] RUNTIME(712964,):2026-01-15-10:29:05.910.934 [error_message_manage.cc:53]712964 FuncErrorReason:rtMemcpy execute failed, reason=[the current capture mode does not support this operation]
[ERROR] ASCENDCL(712964,):2026-01-15-10:29:05.911.217 [memory.cpp:437]712964 aclrtMemcpyImpl: synchronized memcpy failed, kind = 1, runtime result = 107030
[ERROR] RUNTIME(712964,):2026-01-15-10:29:05.974.268 [api_error.cc:1519]712964 MemCopySync:Memory copy sync failed, cnt=72, kind=1.
[ERROR] RUNTIME(712964,):2026-01-15-10:29:05.974.275 [api_c.cc:1197]712964 rtMemcpy:ErrCode=107030, desc=[the current capture mode does not support this operation], InnerCode=0x703001c
[ERROR] RUNTIME(712964,):2026-01-15-10:29:05.974.278 [error_message_manage.cc:53]712964 FuncErrorReason:report error module_type=3, module_name=EE8888
[ERROR] RUNTIME(712964,):2026-01-15-10:29:05.974.280 [error_message_manage.cc:53]712964 FuncErrorReason:rtMemcpy execute failed, reason=[the current capture mode does not support this operation]
[ERROR] ASCENDCL(712964,):2026-01-15-10:29:05.974.508 [memory.cpp:437]712964 aclrtMemcpyImpl: synchronized memcpy failed, kind = 1, runtime result = 107030
[ERROR] RUNTIME(712964,):2026-01-15-10:29:06.046.254 [api_error.cc:1519]712964 MemCopySync:Memory copy sync failed, cnt=416, kind=1.
[ERROR] RUNTIME(712964,):2026-01-15-10:29:06.046.262 [api_c.cc:1197]712964 rtMemcpy:ErrCode=107030, desc=[the current capture mode does not support this operation], InnerCode=0x703001c
[ERROR] RUNTIME(712964,):2026-01-15-10:29:06.046.264 [error_message_manage.cc:53]712964 FuncErrorReason:report error module_type=3, module_name=EE8888
[ERROR] RUNTIME(712964,):2026-01-15-10:29:06.046.267 [error_message_manage.cc:53]712964 FuncErrorReason:rtMemcpy execute failed, reason=[the current capture mode does not support this operation]
[ERROR] ASCENDCL(712964,):2026-01-15-10:29:06.046.473 [memory.cpp:437]712964 aclrtMemcpyImpl: synchronized memcpy failed, kind = 1, runtime result = 107030
[ERROR] RUNTIME(712964,):2026-01-15-10:29:06.115.644 [api_error.cc:1519]712964 MemCopySync:Memory copy sync failed, cnt=72, kind=1.
[ERROR] RUNTIME(712964,):2026-01-15-10:29:06.115.652 [api_c.cc:1197]712964 rtMemcpy:ErrCode=107030, desc=[the current capture mode does not support this operation], InnerCode=0x703001c
[ERROR] RUNTIME(712964,):2026-01-15-10:29:06.115.655 [error_message_manage.cc:53]712964 FuncErrorReason:report error module_type=3, module_name=EE8888
[ERROR] RUNTIME(712964,):2026-01-15-10:29:06.115.658 [error_message_manage.cc:53]712964 FuncErrorReason:rtMemcpy execute failed, reason=[the current capture mode does not support this operation]
[ERROR] ASCENDCL(712964,):2026-01-15-10:29:06.115.951 [memory.cpp:437]712964 aclrtMemcpyImpl: synchronized memcpy failed, kind = 1, runtime result = 107030
[ERROR] RUNTIME(712964,):2026-01-15-10:29:06.189.148 [api_error.cc:1519]712964 MemCopySync:Memory copy sync failed, cnt=416, kind=1.
[ERROR] RUNTIME(712964,):2026-01-15-10:29:06.189.157 [api_c.cc:1197]712964 rtMemcpy:ErrCode=107030, desc=[the current capture mode does not support this operation], InnerCode=0x703001c
[ERROR] RUNTIME(712964,):2026-01-15-10:29:06.189.160 [error_message_manage.cc:53]712964 FuncErrorReason:report error module_type=3, module_name=EE8888
[ERROR] RUNTIME(712964,):2026-01-15-10:29:06.189.162 [error_message_manage.cc:53]712964 FuncErrorReason:rtMemcpy execute failed, reason=[the current capture mode does not support this operation]
[ERROR] ASCENDCL(712964,):2026-01-15-10:29:06.189.375 [memory.cpp:437]712964 aclrtMemcpyImpl: synchronized memcpy failed, kind = 1, runtime result = 107030
[ERROR] RUNTIME(712964,):2026-01-15-10:29:06.263.482 [api_error.cc:1519]712964 MemCopySync:Memory copy sync failed, cnt=72, kind=1.
[ERROR] RUNTIME(712964,):2026-01-15-10:29:06.263.491 [api_c.cc:1197]712964 rtMemcpy:ErrCode=107030, desc=[the current capture mode does not support this operation], InnerCode=0x703001c
[ERROR] RUNTIME(712964,):2026-01-15-10:29:06.263.493 [error_message_manage.cc:53]712964 FuncErrorReason:report error module_type=3, module_name=EE8888
[ERROR] RUNTIME(712964,):2026-01-15-10:29:06.263.496 [error_message_manage.cc:53]712964 FuncErrorReason:rtMemcpy execute failed, reason=[the current capture mode does not support this operation]
[ERROR] ASCENDCL(712964,):2026-01-15-10:29:06.263.688 [memory.cpp:437]712964 aclrtMemcpyImpl: synchronized memcpy failed, kind = 1, runtime result = 107030
[ERROR] RUNTIME(712964,):2026-01-15-10:29:06.331.695 [api_error.cc:1519]712964 MemCopySync:Memory copy sync failed, cnt=416, kind=1.
[ERROR] RUNTIME(712964,):2026-01-15-10:29:06.331.704 [api_c.cc:1197]712964 rtMemcpy:ErrCode=107030, desc=[the current capture mode does not support this operation], InnerCode=0x703001c
[ERROR] RUNTIME(712964,):2026-01-15-10:29:06.331.706 [error_message_manage.cc:53]712964 FuncErrorReason:report error module_type=3, module_name=EE8888
[ERROR] RUNTIME(712964,):2026-01-15-10:29:06.331.709 [error_message_manage.cc:53]712964 FuncErrorReason:rtMemcpy execute failed, reason=[the current capture mode does not support this operation]
[ERROR] ASCENDCL(712964,):2026-01-15-10:29:06.332.015 [memory.cpp:437]712964 aclrtMemcpyImpl: synchronized memcpy failed, kind = 1, runtime result = 107030
[ERROR] RUNTIME(712964,):2026-01-15-10:29:06.404.316 [api_error.cc:1519]712964 MemCopySync:Memory copy sync failed, cnt=72, kind=1.
[ERROR] RUNTIME(712964,):2026-01-15-10:29:06.404.325 [api_c.cc:1197]712964 rtMemcpy:ErrCode=107030, desc=[the current capture mode does not support this operation], InnerCode=0x703001c
[ERROR] RUNTIME(712964,):2026-01-15-10:29:06.404.327 [error_message_manage.cc:53]712964 FuncErrorReason:report error module_type=3, module_name=EE8888
[ERROR] RUNTIME(712964,):2026-01-15-10:29:06.404.330 [error_message_manage.cc:53]712964 FuncErrorReason:rtMemcpy execute failed, reason=[the current capture mode does not support this operation]
[ERROR] ASCENDCL(712964,):2026-01-15-10:29:06.404.532 [memory.cpp:437]712964 aclrtMemcpyImpl: synchronized memcpy failed, kind = 1, runtime result = 107030
[ERROR] RUNTIME(712964,):2026-01-15-10:29:06.485.182 [api_error.cc:1519]712964 MemCopySync:Memory copy sync failed, cnt=416, kind=1.
[ERROR] RUNTIME(712964,):2026-01-15-10:29:06.485.191 [api_c.cc:1197]712964 rtMemcpy:ErrCode=107030, desc=[the current capture mode does not support this operation], InnerCode=0x703001c
[ERROR] RUNTIME(712964,):2026-01-15-10:29:06.485.193 [error_message_manage.cc:53]712964 FuncErrorReason:report error module_type=3, module_name=EE8888
[ERROR] RUNTIME(712964,):2026-01-15-10:29:06.485.196 [error_message_manage.cc:53]712964 FuncErrorReason:rtMemcpy execute failed, reason=[the current capture mode does not support this operation]
[ERROR] ASCENDCL(712964,):2026-01-15-10:29:06.485.416 [memory.cpp:437]712964 aclrtMemcpyImpl: synchronized memcpy failed, kind = 1, runtime result = 107030
[ERROR] RUNTIME(712964,):2026-01-15-10:29:06.548.298 [api_error.cc:1519]712964 MemCopySync:Memory copy sync failed, cnt=72, kind=1.
[ERROR] RUNTIME(712964,):2026-01-15-10:29:06.548.306 [api_c.cc:1197]712964 rtMemcpy:ErrCode=107030, desc=[the current capture mode does not support this operation], InnerCode=0x703001c
[ERROR] RUNTIME(712964,):2026-01-15-10:29:06.548.308 [error_message_manage.cc:53]712964 FuncErrorReason:report error module_type=3, module_name=EE8888
[ERROR] RUNTIME(712964,):2026-01-15-10:29:06.548.311 [error_message_manage.cc:53]712964 FuncErrorReason:rtMemcpy execute failed, reason=[the current capture mode does not support this operation]
[ERROR] ASCENDCL(712964,):2026-01-15-10:29:06.548.580 [memory.cpp:437]712964 aclrtMemcpyImpl: synchronized memcpy failed, kind = 1, runtime result = 107030
[ERROR] RUNTIME(712964,):2026-01-15-10:29:06.611.653 [api_error.cc:1519]712964 MemCopySync:Memory copy sync failed, cnt=416, kind=1.
[ERROR] RUNTIME(712964,):2026-01-15-10:29:06.611.663 [api_c.cc:1197]712964 rtMemcpy:ErrCode=107030, desc=[the current capture mode does not support this operation], InnerCode=0x703001c
[ERROR] RUNTIME(712964,):2026-01-15-10:29:06.611.665 [error_message_manage.cc:53]712964 FuncErrorReason:report error module_type=3, module_name=EE8888
[ERROR] RUNTIME(712964,):2026-01-15-10:29:06.611.668 [error_message_manage.cc:53]712964 FuncErrorReason:rtMemcpy execute failed, reason=[the current capture mode does not support this operation]
[ERROR] ASCENDCL(712964,):2026-01-15-10:29:06.611.918 [memory.cpp:437]712964 aclrtMemcpyImpl: synchronized memcpy failed, kind = 1, runtime result = 107030
[ERROR] RUNTIME(712964,):2026-01-15-10:29:06.672.179 [api_error.cc:1519]712964 MemCopySync:Memory copy sync failed, cnt=72, kind=1.
[ERROR] RUNTIME(712964,):2026-01-15-10:29:06.672.187 [api_c.cc:1197]712964 rtMemcpy:ErrCode=107030, desc=[the current capture mode does not support this operation], InnerCode=0x703001c
[ERROR] RUNTIME(712964,):2026-01-15-10:29:06.672.190 [error_message_manage.cc:53]712964 FuncErrorReason:report error module_type=3, module_name=EE8888
[ERROR] RUNTIME(712964,):2026-01-15-10:29:06.672.193 [error_message_manage.cc:53]712964 FuncErrorReason:rtMemcpy execute failed, reason=[the current capture mode does not support this operation]
[ERROR] ASCENDCL(712964,):2026-01-15-10:29:06.672.407 [memory.cpp:437]712964 aclrtMemcpyImpl: synchronized memcpy failed, kind = 1, runtime result = 107030
[ERROR] RUNTIME(712964,):2026-01-15-10:29:06.745.268 [api_error.cc:1519]712964 MemCopySync:Memory copy sync failed, cnt=416, kind=1.
[ERROR] RUNTIME(712964,):2026-01-15-10:29:06.745.276 [api_c.cc:1197]712964 rtMemcpy:ErrCode=107030, desc=[the current capture mode does not support this operation], InnerCode=0x703001c
[ERROR] RUNTIME(712964,):2026-01-15-10:29:06.745.279 [error_message_manage.cc:53]712964 FuncErrorReason:report error module_type=3, module_name=EE8888
[ERROR] RUNTIME(712964,):2026-01-15-10:29:06.745.282 [error_message_manage.cc:53]712964 FuncErrorReason:rtMemcpy execute failed, reason=[the current capture mode does not support this operation]
[ERROR] ASCENDCL(712964,):2026-01-15-10:29:06.745.573 [memory.cpp:437]712964 aclrtMemcpyImpl: synchronized memcpy failed, kind = 1, runtime result = 107030
[ERROR] RUNTIME(712964,):2026-01-15-10:29:06.817.570 [api_error.cc:1519]712964 MemCopySync:Memory copy sync failed, cnt=72, kind=1.
[ERROR] RUNTIME(712964,):2026-01-15-10:29:06.817.578 [api_c.cc:1197]712964 rtMemcpy:ErrCode=107030, desc=[the current capture mode does not support this operation], InnerCode=0x703001c
[ERROR] RUNTIME(712964,):2026-01-15-10:29:06.817.580 [error_message_manage.cc:53]712964 FuncErrorReason:report error module_type=3, module_name=EE8888
[ERROR] RUNTIME(712964,):2026-01-15-10:29:06.817.583 [error_message_manage.cc:53]712964 FuncErrorReason:rtMemcpy execute failed, reason=[the current capture mode does not support this operation]
[ERROR] ASCENDCL(712964,):2026-01-15-10:29:06.817.807 [memory.cpp:437]712964 aclrtMemcpyImpl: synchronized memcpy failed, kind = 1, runtime result = 107030
[ERROR] RUNTIME(712964,):2026-01-15-10:29:06.896.476 [api_error.cc:1519]712964 MemCopySync:Memory copy sync failed, cnt=416, kind=1.
[ERROR] RUNTIME(712964,):2026-01-15-10:29:06.896.486 [api_c.cc:1197]712964 rtMemcpy:ErrCode=107030, desc=[the current capture mode does not support this operation], InnerCode=0x703001c
[ERROR] RUNTIME(712964,):2026-01-15-10:29:06.896.488 [error_message_manage.cc:53]712964 FuncErrorReason:report error module_type=3, module_name=EE8888
[ERROR] RUNTIME(712964,):2026-01-15-10:29:06.896.491 [error_message_manage.cc:53]712964 FuncErrorReason:rtMemcpy execute failed, reason=[the current capture mode does not support this operation]
[ERROR] ASCENDCL(712964,):2026-01-15-10:29:06.896.718 [memory.cpp:437]712964 aclrtMemcpyImpl: synchronized memcpy failed, kind = 1, runtime result = 107030
[ERROR] RUNTIME(712964,):2026-01-15-10:29:06.974.343 [api_error.cc:1519]712964 MemCopySync:Memory copy sync failed, cnt=72, kind=1.
[ERROR] RUNTIME(712964,):2026-01-15-10:29:06.974.351 [api_c.cc:1197]712964 rtMemcpy:ErrCode=107030, desc=[the current capture mode does not support this operation], InnerCode=0x703001c
[ERROR] RUNTIME(712964,):2026-01-15-10:29:06.974.354 [error_message_manage.cc:53]712964 FuncErrorReason:report error module_type=3, module_name=EE8888
[ERROR] RUNTIME(712964,):2026-01-15-10:29:06.974.356 [error_message_manage.cc:53]712964 FuncErrorReason:rtMemcpy execute failed, reason=[the current capture mode does not support this operation]
[ERROR] ASCENDCL(712964,):2026-01-15-10:29:06.974.619 [memory.cpp:437]712964 aclrtMemcpyImpl: synchronized memcpy failed, kind = 1, runtime result = 107030
[ERROR] RUNTIME(712964,):2026-01-15-10:29:07.052.295 [api_error.cc:1519]712964 MemCopySync:Memory copy sync failed, cnt=416, kind=1.
[ERROR] RUNTIME(712964,):2026-01-15-10:29:07.052.303 [api_c.cc:1197]712964 rtMemcpy:ErrCode=107030, desc=[the current capture mode does not support this operation], InnerCode=0x703001c
[ERROR] RUNTIME(712964,):2026-01-15-10:29:07.052.306 [error_message_manage.cc:53]712964 FuncErrorReason:report error module_type=3, module_name=EE8888
[ERROR] RUNTIME(712964,):2026-01-15-10:29:07.052.308 [error_message_manage.cc:53]712964 FuncErrorReason:rtMemcpy execute failed, reason=[the current capture mode does not support this operation]
[ERROR] ASCENDCL(712964,):2026-01-15-10:29:07.052.583 [memory.cpp:437]712964 aclrtMemcpyImpl: synchronized memcpy failed, kind = 1, runtime result = 107030
[ERROR] RUNTIME(712964,):2026-01-15-10:29:07.126.994 [api_error.cc:1519]712964 MemCopySync:Memory copy sync failed, cnt=72, kind=1.
[ERROR] RUNTIME(712964,):2026-01-15-10:29:07.127.002 [api_c.cc:1197]712964 rtMemcpy:ErrCode=107030, desc=[the current capture mode does not support this operation], InnerCode=0x703001c
[ERROR] RUNTIME(712964,):2026-01-15-10:29:07.127.005 [error_message_manage.cc:53]712964 FuncErrorReason:report error module_type=3, module_name=EE8888
[ERROR] RUNTIME(712964,):2026-01-15-10:29:07.127.008 [error_message_manage.cc:53]712964 FuncErrorReason:rtMemcpy execute failed, reason=[the current capture mode does not support this operation]
[ERROR] ASCENDCL(712964,):2026-01-15-10:29:07.127.287 [memory.cpp:437]712964 aclrtMemcpyImpl: synchronized memcpy failed, kind = 1, runtime result = 107030
[ERROR] RUNTIME(712964,):2026-01-15-10:29:07.203.666 [api_error.cc:1519]712964 MemCopySync:Memory copy sync failed, cnt=416, kind=1.
[ERROR] RUNTIME(712964,):2026-01-15-10:29:07.203.675 [api_c.cc:1197]712964 rtMemcpy:ErrCode=107030, desc=[the current capture mode does not support this operation], InnerCode=0x703001c
[ERROR] RUNTIME(712964,):2026-01-15-10:29:07.203.678 [error_message_manage.cc:53]712964 FuncErrorReason:report error module_type=3, module_name=EE8888
[ERROR] RUNTIME(712964,):2026-01-15-10:29:07.203.680 [error_message_manage.cc:53]712964 FuncErrorReason:rtMemcpy execute failed, reason=[the current capture mode does not support this operation]
[ERROR] ASCENDCL(712964,):2026-01-15-10:29:07.203.911 [memory.cpp:437]712964 aclrtMemcpyImpl: synchronized memcpy failed, kind = 1, runtime result = 107030
[ERROR] RUNTIME(712964,):2026-01-15-10:29:07.280.547 [api_error.cc:1519]712964 MemCopySync:Memory copy sync failed, cnt=72, kind=1.
[ERROR] RUNTIME(712964,):2026-01-15-10:29:07.280.555 [api_c.cc:1197]712964 rtMemcpy:ErrCode=107030, desc=[the current capture mode does not support this operation], InnerCode=0x703001c
[ERROR] RUNTIME(712964,):2026-01-15-10:29:07.280.558 [error_message_manage.cc:53]712964 FuncErrorReason:report error module_type=3, module_name=EE8888
[ERROR] RUNTIME(712964,):2026-01-15-10:29:07.280.561 [error_message_manage.cc:53]712964 FuncErrorReason:rtMemcpy execute failed, reason=[the current capture mode does not support this operation]
[ERROR] ASCENDCL(712964,):2026-01-15-10:29:07.280.814 [memory.cpp:437]712964 aclrtMemcpyImpl: synchronized memcpy failed, kind = 1, runtime result = 107030
[ERROR] RUNTIME(712964,):2026-01-15-10:29:07.357.706 [api_error.cc:1519]712964 MemCopySync:Memory copy sync failed, cnt=416, kind=1.
[ERROR] RUNTIME(712964,):2026-01-15-10:29:07.357.715 [api_c.cc:1197]712964 rtMemcpy:ErrCode=107030, desc=[the current capture mode does not support this operation], InnerCode=0x703001c
[ERROR] RUNTIME(712964,):2026-01-15-10:29:07.357.718 [error_message_manage.cc:53]712964 FuncErrorReason:report error module_type=3, module_name=EE8888
[ERROR] RUNTIME(712964,):2026-01-15-10:29:07.357.721 [error_message_manage.cc:53]712964 FuncErrorReason:rtMemcpy execute failed, reason=[the current capture mode does not support this operation]
[ERROR] ASCENDCL(712964,):2026-01-15-10:29:07.358.021 [memory.cpp:437]712964 aclrtMemcpyImpl: synchronized memcpy failed, kind = 1, runtime result = 107030
[ERROR] RUNTIME(712964,):2026-01-15-10:29:07.428.502 [api_error.cc:1519]712964 MemCopySync:Memory copy sync failed, cnt=72, kind=1.
[ERROR] RUNTIME(712964,):2026-01-15-10:29:07.428.510 [api_c.cc:1197]712964 rtMemcpy:ErrCode=107030, desc=[the current capture mode does not support this operation], InnerCode=0x703001c
[ERROR] RUNTIME(712964,):2026-01-15-10:29:07.428.512 [error_message_manage.cc:53]712964 FuncErrorReason:report error module_type=3, module_name=EE8888
[ERROR] RUNTIME(712964,):2026-01-15-10:29:07.428.515 [error_message_manage.cc:53]712964 FuncErrorReason:rtMemcpy execute failed, reason=[the current capture mode does not support this operation]
[ERROR] ASCENDCL(712964,):2026-01-15-10:29:07.428.747 [memory.cpp:437]712964 aclrtMemcpyImpl: synchronized memcpy failed, kind = 1, runtime result = 107030
[ERROR] RUNTIME(712964,):2026-01-15-10:29:07.496.557 [api_error.cc:1519]712964 MemCopySync:Memory copy sync failed, cnt=416, kind=1.
[ERROR] RUNTIME(712964,):2026-01-15-10:29:07.496.566 [api_c.cc:1197]712964 rtMemcpy:ErrCode=107030, desc=[the current capture mode does not support this operation], InnerCode=0x703001c
[ERROR] RUNTIME(712964,):2026-01-15-10:29:07.496.569 [error_message_manage.cc:53]712964 FuncErrorReason:report error module_type=3, module_name=EE8888
[ERROR] RUNTIME(712964,):2026-01-15-10:29:07.496.572 [error_message_manage.cc:53]712964 FuncErrorReason:rtMemcpy execute failed, reason=[the current capture mode does not support this operation]
[ERROR] ASCENDCL(712964,):2026-01-15-10:29:07.496.820 [memory.cpp:437]712964 aclrtMemcpyImpl: synchronized memcpy failed, kind = 1, runtime result = 107030
[ERROR] RUNTIME(712964,):2026-01-15-10:29:07.544.305 [api_error.cc:1519]712964 MemCopySync:Memory copy sync failed, cnt=72, kind=1.
[ERROR] RUNTIME(712964,):2026-01-15-10:29:07.544.313 [api_c.cc:1197]712964 rtMemcpy:ErrCode=107030, desc=[the current capture mode does not support this operation], InnerCode=0x703001c
[ERROR] RUNTIME(712964,):2026-01-15-10:29:07.544.315 [error_message_manage.cc:53]712964 FuncErrorReason:report error module_type=3, module_name=EE8888
[ERROR] RUNTIME(712964,):2026-01-15-10:29:07.544.318 [error_message_manage.cc:53]712964 FuncErrorReason:rtMemcpy execute failed, reason=[the current capture mode does not support this operation]
[ERROR] ASCENDCL(712964,):2026-01-15-10:29:07.544.558 [memory.cpp:437]712964 aclrtMemcpyImpl: synchronized memcpy failed, kind = 1, runtime result = 107030
[ERROR] RUNTIME(712964,):2026-01-15-10:29:07.618.199 [api_error.cc:1519]712964 MemCopySync:Memory copy sync failed, cnt=416, kind=1.
[ERROR] RUNTIME(712964,):2026-01-15-10:29:07.618.208 [api_c.cc:1197]712964 rtMemcpy:ErrCode=107030, desc=[the current capture mode does not support this operation], InnerCode=0x703001c
[ERROR] RUNTIME(712964,):2026-01-15-10:29:07.618.210 [error_message_manage.cc:53]712964 FuncErrorReason:report error module_type=3, module_name=EE8888
[ERROR] RUNTIME(712964,):2026-01-15-10:29:07.618.213 [error_message_manage.cc:53]712964 FuncErrorReason:rtMemcpy execute failed, reason=[the current capture mode does not support this operation]
[ERROR] ASCENDCL(712964,):2026-01-15-10:29:07.618.412 [memory.cpp:437]712964 aclrtMemcpyImpl: synchronized memcpy failed, kind = 1, runtime result = 107030
[ERROR] RUNTIME(712964,):2026-01-15-10:29:07.683.663 [api_error.cc:1519]712964 MemCopySync:Memory copy sync failed, cnt=72, kind=1.
[ERROR] RUNTIME(712964,):2026-01-15-10:29:07.683.671 [api_c.cc:1197]712964 rtMemcpy:ErrCode=107030, desc=[the current capture mode does not support this operation], InnerCode=0x703001c
[ERROR] RUNTIME(712964,):2026-01-15-10:29:07.683.674 [error_message_manage.cc:53]712964 FuncErrorReason:report error module_type=3, module_name=EE8888
[ERROR] RUNTIME(712964,):2026-01-15-10:29:07.683.676 [error_message_manage.cc:53]712964 FuncErrorReason:rtMemcpy execute failed, reason=[the current capture mode does not support this operation]
[ERROR] ASCENDCL(712964,):2026-01-15-10:29:07.683.900 [memory.cpp:437]712964 aclrtMemcpyImpl: synchronized memcpy failed, kind = 1, runtime result = 107030
[ERROR] RUNTIME(712964,):2026-01-15-10:29:07.757.698 [api_error.cc:1519]712964 MemCopySync:Memory copy sync failed, cnt=416, kind=1.
[ERROR] RUNTIME(712964,):2026-01-15-10:29:07.757.707 [api_c.cc:1197]712964 rtMemcpy:ErrCode=107030, desc=[the current capture mode does not support this operation], InnerCode=0x703001c
[ERROR] RUNTIME(712964,):2026-01-15-10:29:07.757.709 [error_message_manage.cc:53]712964 FuncErrorReason:report error module_type=3, module_name=EE8888
[ERROR] RUNTIME(712964,):2026-01-15-10:29:07.757.712 [error_message_manage.cc:53]712964 FuncErrorReason:rtMemcpy execute failed, reason=[the current capture mode does not support this operation]
[ERROR] ASCENDCL(712964,):2026-01-15-10:29:07.758.002 [memory.cpp:437]712964 aclrtMemcpyImpl: synchronized memcpy failed, kind = 1, runtime result = 107030
[ERROR] RUNTIME(712964,):2026-01-15-10:29:07.830.901 [api_error.cc:1519]712964 MemCopySync:Memory copy sync failed, cnt=72, kind=1.
[ERROR] RUNTIME(712964,):2026-01-15-10:29:07.830.909 [api_c.cc:1197]712964 rtMemcpy:ErrCode=107030, desc=[the current capture mode does not support this operation], InnerCode=0x703001c
[ERROR] RUNTIME(712964,):2026-01-15-10:29:07.830.912 [error_message_manage.cc:53]712964 FuncErrorReason:report error module_type=3, module_name=EE8888
[ERROR] RUNTIME(712964,):2026-01-15-10:29:07.830.914 [error_message_manage.cc:53]712964 FuncErrorReason:rtMemcpy execute failed, reason=[the current capture mode does not support this operation]
[ERROR] ASCENDCL(712964,):2026-01-15-10:29:07.831.138 [memory.cpp:437]712964 aclrtMemcpyImpl: synchronized memcpy failed, kind = 1, runtime result = 107030
[ERROR] RUNTIME(712964,):2026-01-15-10:29:07.910.242 [api_error.cc:1519]712964 MemCopySync:Memory copy sync failed, cnt=416, kind=1.
[ERROR] RUNTIME(712964,):2026-01-15-10:29:07.910.250 [api_c.cc:1197]712964 rtMemcpy:ErrCode=107030, desc=[the current capture mode does not support this operation], InnerCode=0x703001c
[ERROR] RUNTIME(712964,):2026-01-15-10:29:07.910.252 [error_message_manage.cc:53]712964 FuncErrorReason:report error module_type=3, module_name=EE8888
[ERROR] RUNTIME(712964,):2026-01-15-10:29:07.910.255 [error_message_manage.cc:53]712964 FuncErrorReason:rtMemcpy execute failed, reason=[the current capture mode does not support this operation]
[ERROR] ASCENDCL(712964,):2026-01-15-10:29:07.910.543 [memory.cpp:437]712964 aclrtMemcpyImpl: synchronized memcpy failed, kind = 1, runtime result = 107030
[ERROR] RUNTIME(712964,):2026-01-15-10:29:07.984.869 [api_error.cc:1519]712964 MemCopySync:Memory copy sync failed, cnt=72, kind=1.
[ERROR] RUNTIME(712964,):2026-01-15-10:29:07.984.877 [api_c.cc:1197]712964 rtMemcpy:ErrCode=107030, desc=[the current capture mode does not support this operation], InnerCode=0x703001c
[ERROR] RUNTIME(712964,):2026-01-15-10:29:07.984.880 [error_message_manage.cc:53]712964 FuncErrorReason:report error module_type=3, module_name=EE8888
[ERROR] RUNTIME(712964,):2026-01-15-10:29:07.984.883 [error_message_manage.cc:53]712964 FuncErrorReason:rtMemcpy execute failed, reason=[the current capture mode does not support this operation]
[ERROR] ASCENDCL(712964,):2026-01-15-10:29:07.985.090 [memory.cpp:437]712964 aclrtMemcpyImpl: synchronized memcpy failed, kind = 1, runtime result = 107030
[ERROR] RUNTIME(712964,):2026-01-15-10:29:08.059.750 [api_error.cc:1519]712964 MemCopySync:Memory copy sync failed, cnt=416, kind=1.
[ERROR] RUNTIME(712964,):2026-01-15-10:29:08.059.759 [api_c.cc:1197]712964 rtMemcpy:ErrCode=107030, desc=[the current capture mode does not support this operation], InnerCode=0x703001c
[ERROR] RUNTIME(712964,):2026-01-15-10:29:08.059.762 [error_message_manage.cc:53]712964 FuncErrorReason:report error module_type=3, module_name=EE8888
[ERROR] RUNTIME(712964,):2026-01-15-10:29:08.059.764 [error_message_manage.cc:53]712964 FuncErrorReason:rtMemcpy execute failed, reason=[the current capture mode does not support this operation]
[ERROR] ASCENDCL(712964,):2026-01-15-10:29:08.059.968 [memory.cpp:437]712964 aclrtMemcpyImpl: synchronized memcpy failed, kind = 1, runtime result = 107030
[ERROR] RUNTIME(712964,):2026-01-15-10:29:08.134.727 [api_error.cc:1519]712964 MemCopySync:Memory copy sync failed, cnt=72, kind=1.
[ERROR] RUNTIME(712964,):2026-01-15-10:29:08.134.735 [api_c.cc:1197]712964 rtMemcpy:ErrCode=107030, desc=[the current capture mode does not support this operation], InnerCode=0x703001c
[ERROR] RUNTIME(712964,):2026-01-15-10:29:08.134.737 [error_message_manage.cc:53]712964 FuncErrorReason:report error module_type=3, module_name=EE8888
[ERROR] RUNTIME(712964,):2026-01-15-10:29:08.134.740 [error_message_manage.cc:53]712964 FuncErrorReason:rtMemcpy execute failed, reason=[the current capture mode does not support this operation]
[ERROR] ASCENDCL(712964,):2026-01-15-10:29:08.135.042 [memory.cpp:437]712964 aclrtMemcpyImpl: synchronized memcpy failed, kind = 1, runtime result = 107030
[ERROR] RUNTIME(712964,):2026-01-15-10:29:08.214.617 [api_error.cc:1519]712964 MemCopySync:Memory copy sync failed, cnt=416, kind=1.
[ERROR] RUNTIME(712964,):2026-01-15-10:29:08.214.626 [api_c.cc:1197]712964 rtMemcpy:ErrCode=107030, desc=[the current capture mode does not support this operation], InnerCode=0x703001c
[ERROR] RUNTIME(712964,):2026-01-15-10:29:08.214.629 [error_message_manage.cc:53]712964 FuncErrorReason:report error module_type=3, module_name=EE8888
[ERROR] RUNTIME(712964,):2026-01-15-10:29:08.214.631 [error_message_manage.cc:53]712964 FuncErrorReason:rtMemcpy execute failed, reason=[the current capture mode does not support this operation]
[ERROR] ASCENDCL(712964,):2026-01-15-10:29:08.214.871 [memory.cpp:437]712964 aclrtMemcpyImpl: synchronized memcpy failed, kind = 1, runtime result = 107030
[ERROR] RUNTIME(712964,):2026-01-15-10:29:08.277.345 [api_error.cc:1519]712964 MemCopySync:Memory copy sync failed, cnt=72, kind=1.
[ERROR] RUNTIME(712964,):2026-01-15-10:29:08.277.354 [api_c.cc:1197]712964 rtMemcpy:ErrCode=107030, desc=[the current capture mode does not support this operation], InnerCode=0x703001c
[ERROR] RUNTIME(712964,):2026-01-15-10:29:08.277.356 [error_message_manage.cc:53]712964 FuncErrorReason:report error module_type=3, module_name=EE8888
[ERROR] RUNTIME(712964,):2026-01-15-10:29:08.277.359 [error_message_manage.cc:53]712964 FuncErrorReason:rtMemcpy execute failed, reason=[the current capture mode does not support this operation]
[ERROR] ASCENDCL(712964,):2026-01-15-10:29:08.277.570 [memory.cpp:437]712964 aclrtMemcpyImpl: synchronized memcpy failed, kind = 1, runtime result = 107030
[ERROR] RUNTIME(712964,):2026-01-15-10:29:08.315.981 [api_error.cc:1519]712964 MemCopySync:Memory copy sync failed, cnt=416, kind=1.
[ERROR] RUNTIME(712964,):2026-01-15-10:29:08.315.990 [api_c.cc:1197]712964 rtMemcpy:ErrCode=107030, desc=[the current capture mode does not support this operation], InnerCode=0x703001c
[ERROR] RUNTIME(712964,):2026-01-15-10:29:08.315.992 [error_message_manage.cc:53]712964 FuncErrorReason:report error module_type=3, module_name=EE8888
[ERROR] RUNTIME(712964,):2026-01-15-10:29:08.315.995 [error_message_manage.cc:53]712964 FuncErrorReason:rtMemcpy execute failed, reason=[the current capture mode does not support this operation]
[ERROR] ASCENDCL(712964,):2026-01-15-10:29:08.316.324 [memory.cpp:437]712964 aclrtMemcpyImpl: synchronized memcpy failed, kind = 1, runtime result = 107030
[ERROR] RUNTIME(712964,):2026-01-15-10:29:08.384.884 [api_error.cc:1519]712964 MemCopySync:Memory copy sync failed, cnt=72, kind=1.
[ERROR] RUNTIME(712964,):2026-01-15-10:29:08.384.891 [api_c.cc:1197]712964 rtMemcpy:ErrCode=107030, desc=[the current capture mode does not support this operation], InnerCode=0x703001c
[ERROR] RUNTIME(712964,):2026-01-15-10:29:08.384.894 [error_message_manage.cc:53]712964 FuncErrorReason:report error module_type=3, module_name=EE8888
[ERROR] RUNTIME(712964,):2026-01-15-10:29:08.384.896 [error_message_manage.cc:53]712964 FuncErrorReason:rtMemcpy execute failed, reason=[the current capture mode does not support this operation]
[ERROR] ASCENDCL(712964,):2026-01-15-10:29:08.385.130 [memory.cpp:437]712964 aclrtMemcpyImpl: synchronized memcpy failed, kind = 1, runtime result = 107030
[ERROR] RUNTIME(712964,):2026-01-15-10:29:08.467.072 [api_error.cc:1519]712964 MemCopySync:Memory copy sync failed, cnt=416, kind=1.
[ERROR] RUNTIME(712964,):2026-01-15-10:29:08.467.081 [api_c.cc:1197]712964 rtMemcpy:ErrCode=107030, desc=[the current capture mode does not support this operation], InnerCode=0x703001c
[ERROR] RUNTIME(712964,):2026-01-15-10:29:08.467.084 [error_message_manage.cc:53]712964 FuncErrorReason:report error module_type=3, module_name=EE8888
[ERROR] RUNTIME(712964,):2026-01-15-10:29:08.467.086 [error_message_manage.cc:53]712964 FuncErrorReason:rtMemcpy execute failed, reason=[the current capture mode does not support this operation]
[ERROR] ASCENDCL(712964,):2026-01-15-10:29:08.467.318 [memory.cpp:437]712964 aclrtMemcpyImpl: synchronized memcpy failed, kind = 1, runtime result = 107030
[ERROR] RUNTIME(712964,):2026-01-15-10:29:08.544.293 [api_error.cc:1519]712964 MemCopySync:Memory copy sync failed, cnt=72, kind=1.
[ERROR] RUNTIME(712964,):2026-01-15-10:29:08.544.301 [api_c.cc:1197]712964 rtMemcpy:ErrCode=107030, desc=[the current capture mode does not support this operation], InnerCode=0x703001c
[ERROR] RUNTIME(712964,):2026-01-15-10:29:08.544.303 [error_message_manage.cc:53]712964 FuncErrorReason:report error module_type=3, module_name=EE8888
[ERROR] RUNTIME(712964,):2026-01-15-10:29:08.544.306 [error_message_manage.cc:53]712964 FuncErrorReason:rtMemcpy execute failed, reason=[the current capture mode does not support this operation]
[ERROR] ASCENDCL(712964,):2026-01-15-10:29:08.544.658 [memory.cpp:437]712964 aclrtMemcpyImpl: synchronized memcpy failed, kind = 1, runtime result = 107030
[ERROR] RUNTIME(712964,):2026-01-15-10:29:08.765.133 [api_c_stream.cc:412]712964 rtsStreamSetAttribute:report error module_name=EE1001
[ERROR] RUNTIME(712964,):2026-01-15-10:29:08.765.138 [api_c_stream.cc:412]712964 rtsStreamSetAttribute:Invalid stream attribute ID: 4, Supported stream attribute IDs: [1, 4).
[ERROR] RUNTIME(712964,):2026-01-15-10:29:08.765.169 [api_c_stream.cc:416]712964 rtsStreamSetAttribute:ErrCode=107000, desc=[invalid value], InnerCode=0x7110001
[ERROR] RUNTIME(712964,):2026-01-15-10:29:08.765.172 [error_message_manage.cc:48]712964 FuncErrorReason:report error module_name=EE1001
[ERROR] RUNTIME(712964,):2026-01-15-10:29:08.765.175 [error_message_manage.cc:48]712964 FuncErrorReason:rtsStreamSetAttribute execute failed, reason=[invalid value]
[ERROR] ASCENDCL(712964,):2026-01-15-10:29:08.765.455 [stream.cpp:299]712964 aclrtSetStreamAttributeImpl: call rtsStreamSetAttribute failed, runtime result = 107000
[ERROR] RUNTIME(712964,):2026-01-15-10:29:09.249.760 [api_c_stream.cc:412]712964 rtsStreamSetAttribute:report error module_name=EE1001
[ERROR] RUNTIME(712964,):2026-01-15-10:29:09.249.766 [api_c_stream.cc:412]712964 rtsStreamSetAttribute:Invalid stream attribute ID: 4, Supported stream attribute IDs: [1, 4).
[ERROR] RUNTIME(712964,):2026-01-15-10:29:09.249.797 [api_c_stream.cc:416]712964 rtsStreamSetAttribute:ErrCode=107000, desc=[invalid value], InnerCode=0x7110001
[ERROR] RUNTIME(712964,):2026-01-15-10:29:09.249.800 [error_message_manage.cc:48]712964 FuncErrorReason:report error module_name=EE1001
[ERROR] RUNTIME(712964,):2026-01-15-10:29:09.249.803 [error_message_manage.cc:48]712964 FuncErrorReason:rtsStreamSetAttribute execute failed, reason=[invalid value]
[ERROR] ASCENDCL(712964,):2026-01-15-10:29:09.250.021 [stream.cpp:299]712964 aclrtSetStreamAttributeImpl: call rtsStreamSetAttribute failed, runtime result = 107000
[ERROR] RUNTIME(712964,):2026-01-15-10:29:09.685.098 [api_error.cc:1519]712964 MemCopySync:Memory copy sync failed, cnt=416, kind=1.
[ERROR] RUNTIME(712964,):2026-01-15-10:29:09.685.114 [api_c.cc:1197]712964 rtMemcpy:ErrCode=107030, desc=[the current capture mode does not support this operation], InnerCode=0x703001c
[ERROR] RUNTIME(712964,):2026-01-15-10:29:09.685.117 [error_message_manage.cc:53]712964 FuncErrorReason:report error module_type=3, module_name=EE8888
[ERROR] RUNTIME(712964,):2026-01-15-10:29:09.685.120 [error_message_manage.cc:53]712964 FuncErrorReason:rtMemcpy execute failed, reason=[the current capture mode does not support this operation]
[ERROR] ASCENDCL(712964,):2026-01-15-10:29:09.685.401 [memory.cpp:437]712964 aclrtMemcpyImpl: synchronized memcpy failed, kind = 1, runtime result = 107030
[ERROR] RUNTIME(712964,):2026-01-15-10:29:09.686.738 [api_error.cc:1519]712964 MemCopySync:Memory copy sync failed, cnt=72, kind=1.
[ERROR] RUNTIME(712964,):2026-01-15-10:29:09.686.747 [api_c.cc:1197]712964 rtMemcpy:ErrCode=107030, desc=[the current capture mode does not support this operation], InnerCode=0x703001c
[ERROR] RUNTIME(712964,):2026-01-15-10:29:09.686.750 [error_message_manage.cc:53]712964 FuncErrorReason:report error module_type=3, module_name=EE8888
[ERROR] RUNTIME(712964,):2026-01-15-10:29:09.686.752 [error_message_manage.cc:53]712964 FuncErrorReason:rtMemcpy execute failed, reason=[the current capture mode does not support this operation]
[ERROR] ASCENDCL(712964,):2026-01-15-10:29:09.686.966 [memory.cpp:437]712964 aclrtMemcpyImpl: synchronized memcpy failed, kind = 1, runtime result = 107030
[ERROR] RUNTIME(712964,):2026-01-15-10:29:10.458.982 [api_error.cc:1519]712964 MemCopySync:Memory copy sync failed, cnt=416, kind=1.
[ERROR] RUNTIME(712964,):2026-01-15-10:29:10.458.992 [api_c.cc:1197]712964 rtMemcpy:ErrCode=107030, desc=[the current capture mode does not support this operation], InnerCode=0x703001c
[ERROR] RUNTIME(712964,):2026-01-15-10:29:10.458.995 [error_message_manage.cc:53]712964 FuncErrorReason:report error module_type=3, module_name=EE8888
[ERROR] RUNTIME(712964,):2026-01-15-10:29:10.458.998 [error_message_manage.cc:53]712964 FuncErrorReason:rtMemcpy execute failed, reason=[the current capture mode does not support this operation]
[ERROR] ASCENDCL(712964,):2026-01-15-10:29:10.459.300 [memory.cpp:437]712964 aclrtMemcpyImpl: synchronized memcpy failed, kind = 1, runtime result = 107030
[ERROR] RUNTIME(712964,):2026-01-15-10:29:11.228.353 [api_error.cc:1519]712964 MemCopySync:Memory copy sync failed, cnt=72, kind=1.
[ERROR] RUNTIME(712964,):2026-01-15-10:29:11.228.363 [api_c.cc:1197]712964 rtMemcpy:ErrCode=107030, desc=[the current capture mode does not support this operation], InnerCode=0x703001c
[ERROR] RUNTIME(712964,):2026-01-15-10:29:11.228.367 [error_message_manage.cc:53]712964 FuncErrorReason:report error module_type=3, module_name=EE8888
[ERROR] RUNTIME(712964,):2026-01-15-10:29:11.228.370 [error_message_manage.cc:53]712964 FuncErrorReason:rtMemcpy execute failed, reason=[the current capture mode does not support this operation]
[ERROR] ASCENDCL(712964,):2026-01-15-10:29:11.228.697 [memory.cpp:437]712964 aclrtMemcpyImpl: synchronized memcpy failed, kind = 1, runtime result = 107030
[ERROR] RUNTIME(712964,):2026-01-15-10:29:11.965.450 [api_error.cc:1519]712964 MemCopySync:Memory copy sync failed, cnt=416, kind=1.
[ERROR] RUNTIME(712964,):2026-01-15-10:29:11.965.460 [api_c.cc:1197]712964 rtMemcpy:ErrCode=107030, desc=[the current capture mode does not support this operation], InnerCode=0x703001c
[ERROR] RUNTIME(712964,):2026-01-15-10:29:11.965.463 [error_message_manage.cc:53]712964 FuncErrorReason:report error module_type=3, module_name=EE8888
[ERROR] RUNTIME(712964,):2026-01-15-10:29:11.965.466 [error_message_manage.cc:53]712964 FuncErrorReason:rtMemcpy execute failed, reason=[the current capture mode does not support this operation]
[ERROR] ASCENDCL(712964,):2026-01-15-10:29:11.965.783 [memory.cpp:437]712964 aclrtMemcpyImpl: synchronized memcpy failed, kind = 1, runtime result = 107030
[ERROR] RUNTIME(712964,):2026-01-15-10:29:12.743.853 [api_error.cc:1519]712964 MemCopySync:Memory copy sync failed, cnt=72, kind=1.
[ERROR] RUNTIME(712964,):2026-01-15-10:29:12.743.863 [api_c.cc:1197]712964 rtMemcpy:ErrCode=107030, desc=[the current capture mode does not support this operation], InnerCode=0x703001c
[ERROR] RUNTIME(712964,):2026-01-15-10:29:12.743.865 [error_message_manage.cc:53]712964 FuncErrorReason:report error module_type=3, module_name=EE8888
[ERROR] RUNTIME(712964,):2026-01-15-10:29:12.743.868 [error_message_manage.cc:53]712964 FuncErrorReason:rtMemcpy execute failed, reason=[the current capture mode does not support this operation]
[ERROR] ASCENDCL(712964,):2026-01-15-10:29:12.744.159 [memory.cpp:437]712964 aclrtMemcpyImpl: synchronized memcpy failed, kind = 1, runtime result = 107030
[ERROR] RUNTIME(712964,):2026-01-15-10:29:13.486.919 [api_error.cc:1519]712964 MemCopySync:Memory copy sync failed, cnt=416, kind=1.
[ERROR] RUNTIME(712964,):2026-01-15-10:29:13.486.929 [api_c.cc:1197]712964 rtMemcpy:ErrCode=107030, desc=[the current capture mode does not support this operation], InnerCode=0x703001c
[ERROR] RUNTIME(712964,):2026-01-15-10:29:13.486.932 [error_message_manage.cc:53]712964 FuncErrorReason:report error module_type=3, module_name=EE8888
[ERROR] RUNTIME(712964,):2026-01-15-10:29:13.486.935 [error_message_manage.cc:53]712964 FuncErrorReason:rtMemcpy execute failed, reason=[the current capture mode does not support this operation]
[ERROR] ASCENDCL(712964,):2026-01-15-10:29:13.487.225 [memory.cpp:437]712964 aclrtMemcpyImpl: synchronized memcpy failed, kind = 1, runtime result = 107030
[ERROR] RUNTIME(712964,):2026-01-15-10:29:14.245.248 [api_error.cc:1519]712964 MemCopySync:Memory copy sync failed, cnt=72, kind=1.
[ERROR] RUNTIME(712964,):2026-01-15-10:29:14.245.257 [api_c.cc:1197]712964 rtMemcpy:ErrCode=107030, desc=[the current capture mode does not support this operation], InnerCode=0x703001c
[ERROR] RUNTIME(712964,):2026-01-15-10:29:14.245.260 [error_message_manage.cc:53]712964 FuncErrorReason:report error module_type=3, module_name=EE8888
[ERROR] RUNTIME(712964,):2026-01-15-10:29:14.245.263 [error_message_manage.cc:53]712964 FuncErrorReason:rtMemcpy execute failed, reason=[the current capture mode does not support this operation]
[ERROR] ASCENDCL(712964,):2026-01-15-10:29:14.245.621 [memory.cpp:437]712964 aclrtMemcpyImpl: synchronized memcpy failed, kind = 1, runtime result = 107030
[ERROR] RUNTIME(712964,):2026-01-15-10:29:14.327.915 [api_error.cc:1519]712964 MemCopySync:Memory copy sync failed, cnt=416, kind=1.
[ERROR] RUNTIME(712964,):2026-01-15-10:29:14.327.924 [api_c.cc:1197]712964 rtMemcpy:ErrCode=107030, desc=[the current capture mode does not support this operation], InnerCode=0x703001c
[ERROR] RUNTIME(712964,):2026-01-15-10:29:14.327.927 [error_message_manage.cc:53]712964 FuncErrorReason:report error module_type=3, module_name=EE8888
[ERROR] RUNTIME(712964,):2026-01-15-10:29:14.327.930 [error_message_manage.cc:53]712964 FuncErrorReason:rtMemcpy execute failed, reason=[the current capture mode does not support this operation]
[ERROR] ASCENDCL(712964,):2026-01-15-10:29:14.328.178 [memory.cpp:437]712964 aclrtMemcpyImpl: synchronized memcpy failed, kind = 1, runtime result = 107030
[ERROR] RUNTIME(712964,):2026-01-15-10:29:14.405.861 [api_error.cc:1519]712964 MemCopySync:Memory copy sync failed, cnt=72, kind=1.
[ERROR] RUNTIME(712964,):2026-01-15-10:29:14.405.869 [api_c.cc:1197]712964 rtMemcpy:ErrCode=107030, desc=[the current capture mode does not support this operation], InnerCode=0x703001c
[ERROR] RUNTIME(712964,):2026-01-15-10:29:14.405.871 [error_message_manage.cc:53]712964 FuncErrorReason:report error module_type=3, module_name=EE8888
[ERROR] RUNTIME(712964,):2026-01-15-10:29:14.405.874 [error_message_manage.cc:53]712964 FuncErrorReason:rtMemcpy execute failed, reason=[the current capture mode does not support this operation]
[ERROR] ASCENDCL(712964,):2026-01-15-10:29:14.406.153 [memory.cpp:437]712964 aclrtMemcpyImpl: synchronized memcpy failed, kind = 1, runtime result = 107030
[ERROR] RUNTIME(712964,):2026-01-15-10:29:14.478.968 [api_error.cc:1519]712964 MemCopySync:Memory copy sync failed, cnt=416, kind=1.
[ERROR] RUNTIME(712964,):2026-01-15-10:29:14.478.977 [api_c.cc:1197]712964 rtMemcpy:ErrCode=107030, desc=[the current capture mode does not support this operation], InnerCode=0x703001c
[ERROR] RUNTIME(712964,):2026-01-15-10:29:14.478.979 [error_message_manage.cc:53]712964 FuncErrorReason:report error module_type=3, module_name=EE8888
[ERROR] RUNTIME(712964,):2026-01-15-10:29:14.478.982 [error_message_manage.cc:53]712964 FuncErrorReason:rtMemcpy execute failed, reason=[the current capture mode does not support this operation]
[ERROR] ASCENDCL(712964,):2026-01-15-10:29:14.479.151 [memory.cpp:437]712964 aclrtMemcpyImpl: synchronized memcpy failed, kind = 1, runtime result = 107030
[ERROR] RUNTIME(712964,):2026-01-15-10:29:14.525.933 [api_error.cc:1519]712964 MemCopySync:Memory copy sync failed, cnt=72, kind=1.
[ERROR] RUNTIME(712964,):2026-01-15-10:29:14.525.942 [api_c.cc:1197]712964 rtMemcpy:ErrCode=107030, desc=[the current capture mode does not support this operation], InnerCode=0x703001c
[ERROR] RUNTIME(712964,):2026-01-15-10:29:14.525.944 [error_message_manage.cc:53]712964 FuncErrorReason:report error module_type=3, module_name=EE8888
[ERROR] RUNTIME(712964,):2026-01-15-10:29:14.525.947 [error_message_manage.cc:53]712964 FuncErrorReason:rtMemcpy execute failed, reason=[the current capture mode does not support this operation]
[ERROR] ASCENDCL(712964,):2026-01-15-10:29:14.526.166 [memory.cpp:437]712964 aclrtMemcpyImpl: synchronized memcpy failed, kind = 1, runtime result = 107030
[ERROR] RUNTIME(712964,):2026-01-15-10:29:14.583.815 [api_error.cc:1519]712964 MemCopySync:Memory copy sync failed, cnt=416, kind=1.
[ERROR] RUNTIME(712964,):2026-01-15-10:29:14.583.824 [api_c.cc:1197]712964 rtMemcpy:ErrCode=107030, desc=[the current capture mode does not support this operation], InnerCode=0x703001c
[ERROR] RUNTIME(712964,):2026-01-15-10:29:14.583.826 [error_message_manage.cc:53]712964 FuncErrorReason:report error module_type=3, module_name=EE8888
[ERROR] RUNTIME(712964,):2026-01-15-10:29:14.583.829 [error_message_manage.cc:53]712964 FuncErrorReason:rtMemcpy execute failed, reason=[the current capture mode does not support this operation]
[ERROR] ASCENDCL(712964,):2026-01-15-10:29:14.584.035 [memory.cpp:437]712964 aclrtMemcpyImpl: synchronized memcpy failed, kind = 1, runtime result = 107030
[ERROR] RUNTIME(712964,):2026-01-15-10:29:14.658.634 [api_error.cc:1519]712964 MemCopySync:Memory copy sync failed, cnt=72, kind=1.
[ERROR] RUNTIME(712964,):2026-01-15-10:29:14.658.643 [api_c.cc:1197]712964 rtMemcpy:ErrCode=107030, desc=[the current capture mode does not support this operation], InnerCode=0x703001c
[ERROR] RUNTIME(712964,):2026-01-15-10:29:14.658.645 [error_message_manage.cc:53]712964 FuncErrorReason:report error module_type=3, module_name=EE8888
[ERROR] RUNTIME(712964,):2026-01-15-10:29:14.658.648 [error_message_manage.cc:53]712964 FuncErrorReason:rtMemcpy execute failed, reason=[the current capture mode does not support this operation]
[ERROR] ASCENDCL(712964,):2026-01-15-10:29:14.658.878 [memory.cpp:437]712964 aclrtMemcpyImpl: synchronized memcpy failed, kind = 1, runtime result = 107030
[ERROR] RUNTIME(712964,):2026-01-15-10:29:14.740.811 [api_error.cc:1519]712964 MemCopySync:Memory copy sync failed, cnt=416, kind=1.
[ERROR] RUNTIME(712964,):2026-01-15-10:29:14.740.820 [api_c.cc:1197]712964 rtMemcpy:ErrCode=107030, desc=[the current capture mode does not support this operation], InnerCode=0x703001c
[ERROR] RUNTIME(712964,):2026-01-15-10:29:14.740.823 [error_message_manage.cc:53]712964 FuncErrorReason:report error module_type=3, module_name=EE8888
[ERROR] RUNTIME(712964,):2026-01-15-10:29:14.740.826 [error_message_manage.cc:53]712964 FuncErrorReason:rtMemcpy execute failed, reason=[the current capture mode does not support this operation]
[ERROR] ASCENDCL(712964,):2026-01-15-10:29:14.741.180 [memory.cpp:437]712964 aclrtMemcpyImpl: synchronized memcpy failed, kind = 1, runtime result = 107030
[ERROR] RUNTIME(712964,):2026-01-15-10:29:14.822.314 [api_error.cc:1519]712964 MemCopySync:Memory copy sync failed, cnt=72, kind=1.
[ERROR] RUNTIME(712964,):2026-01-15-10:29:14.822.323 [api_c.cc:1197]712964 rtMemcpy:ErrCode=107030, desc=[the current capture mode does not support this operation], InnerCode=0x703001c
[ERROR] RUNTIME(712964,):2026-01-15-10:29:14.822.325 [error_message_manage.cc:53]712964 FuncErrorReason:report error module_type=3, module_name=EE8888
[ERROR] RUNTIME(712964,):2026-01-15-10:29:14.822.328 [error_message_manage.cc:53]712964 FuncErrorReason:rtMemcpy execute failed, reason=[the current capture mode does not support this operation]
[ERROR] ASCENDCL(712964,):2026-01-15-10:29:14.822.549 [memory.cpp:437]712964 aclrtMemcpyImpl: synchronized memcpy failed, kind = 1, runtime result = 107030
[ERROR] RUNTIME(712964,):2026-01-15-10:29:14.907.740 [api_error.cc:1519]712964 MemCopySync:Memory copy sync failed, cnt=416, kind=1.
[ERROR] RUNTIME(712964,):2026-01-15-10:29:14.907.749 [api_c.cc:1197]712964 rtMemcpy:ErrCode=107030, desc=[the current capture mode does not support this operation], InnerCode=0x703001c
[ERROR] RUNTIME(712964,):2026-01-15-10:29:14.907.751 [error_message_manage.cc:53]712964 FuncErrorReason:report error module_type=3, module_name=EE8888
[ERROR] RUNTIME(712964,):2026-01-15-10:29:14.907.754 [error_message_manage.cc:53]712964 FuncErrorReason:rtMemcpy execute failed, reason=[the current capture mode does not support this operation]
[ERROR] ASCENDCL(712964,):2026-01-15-10:29:14.907.988 [memory.cpp:437]712964 aclrtMemcpyImpl: synchronized memcpy failed, kind = 1, runtime result = 107030
[ERROR] RUNTIME(712964,):2026-01-15-10:29:14.996.440 [api_error.cc:1519]712964 MemCopySync:Memory copy sync failed, cnt=72, kind=1.
[ERROR] RUNTIME(712964,):2026-01-15-10:29:14.996.448 [api_c.cc:1197]712964 rtMemcpy:ErrCode=107030, desc=[the current capture mode does not support this operation], InnerCode=0x703001c
[ERROR] RUNTIME(712964,):2026-01-15-10:29:14.996.451 [error_message_manage.cc:53]712964 FuncErrorReason:report error module_type=3, module_name=EE8888
[ERROR] RUNTIME(712964,):2026-01-15-10:29:14.996.453 [error_message_manage.cc:53]712964 FuncErrorReason:rtMemcpy execute failed, reason=[the current capture mode does not support this operation]
[ERROR] ASCENDCL(712964,):2026-01-15-10:29:14.996.753 [memory.cpp:437]712964 aclrtMemcpyImpl: synchronized memcpy failed, kind = 1, runtime result = 107030
[ERROR] RUNTIME(712964,):2026-01-15-10:29:15.085.875 [api_error.cc:1519]712964 MemCopySync:Memory copy sync failed, cnt=416, kind=1.
[ERROR] RUNTIME(712964,):2026-01-15-10:29:15.085.884 [api_c.cc:1197]712964 rtMemcpy:ErrCode=107030, desc=[the current capture mode does not support this operation], InnerCode=0x703001c
[ERROR] RUNTIME(712964,):2026-01-15-10:29:15.085.886 [error_message_manage.cc:53]712964 FuncErrorReason:report error module_type=3, module_name=EE8888
[ERROR] RUNTIME(712964,):2026-01-15-10:29:15.085.889 [error_message_manage.cc:53]712964 FuncErrorReason:rtMemcpy execute failed, reason=[the current capture mode does not support this operation]
[ERROR] ASCENDCL(712964,):2026-01-15-10:29:15.086.162 [memory.cpp:437]712964 aclrtMemcpyImpl: synchronized memcpy failed, kind = 1, runtime result = 107030
[ERROR] RUNTIME(712964,):2026-01-15-10:29:15.172.512 [api_error.cc:1519]712964 MemCopySync:Memory copy sync failed, cnt=72, kind=1.
[ERROR] RUNTIME(712964,):2026-01-15-10:29:15.172.520 [api_c.cc:1197]712964 rtMemcpy:ErrCode=107030, desc=[the current capture mode does not support this operation], InnerCode=0x703001c
[ERROR] RUNTIME(712964,):2026-01-15-10:29:15.172.522 [error_message_manage.cc:53]712964 FuncErrorReason:report error module_type=3, module_name=EE8888
[ERROR] RUNTIME(712964,):2026-01-15-10:29:15.172.525 [error_message_manage.cc:53]712964 FuncErrorReason:rtMemcpy execute failed, reason=[the current capture mode does not support this operation]
[ERROR] ASCENDCL(712964,):2026-01-15-10:29:15.172.813 [memory.cpp:437]712964 aclrtMemcpyImpl: synchronized memcpy failed, kind = 1, runtime result = 107030
[ERROR] RUNTIME(712964,):2026-01-15-10:29:15.257.601 [api_error.cc:1519]712964 MemCopySync:Memory copy sync failed, cnt=416, kind=1.
[ERROR] RUNTIME(712964,):2026-01-15-10:29:15.257.609 [api_c.cc:1197]712964 rtMemcpy:ErrCode=107030, desc=[the current capture mode does not support this operation], InnerCode=0x703001c
[ERROR] RUNTIME(712964,):2026-01-15-10:29:15.257.612 [error_message_manage.cc:53]712964 FuncErrorReason:report error module_type=3, module_name=EE8888
[ERROR] RUNTIME(712964,):2026-01-15-10:29:15.257.615 [error_message_manage.cc:53]712964 FuncErrorReason:rtMemcpy execute failed, reason=[the current capture mode does not support this operation]
[ERROR] ASCENDCL(712964,):2026-01-15-10:29:15.257.838 [memory.cpp:437]712964 aclrtMemcpyImpl: synchronized memcpy failed, kind = 1, runtime result = 107030
[ERROR] RUNTIME(712964,):2026-01-15-10:29:15.337.946 [api_error.cc:1519]712964 MemCopySync:Memory copy sync failed, cnt=72, kind=1.
[ERROR] RUNTIME(712964,):2026-01-15-10:29:15.337.954 [api_c.cc:1197]712964 rtMemcpy:ErrCode=107030, desc=[the current capture mode does not support this operation], InnerCode=0x703001c
[ERROR] RUNTIME(712964,):2026-01-15-10:29:15.337.957 [error_message_manage.cc:53]712964 FuncErrorReason:report error module_type=3, module_name=EE8888
[ERROR] RUNTIME(712964,):2026-01-15-10:29:15.337.960 [error_message_manage.cc:53]712964 FuncErrorReason:rtMemcpy execute failed, reason=[the current capture mode does not support this operation]
[ERROR] ASCENDCL(712964,):2026-01-15-10:29:15.338.245 [memory.cpp:437]712964 aclrtMemcpyImpl: synchronized memcpy failed, kind = 1, runtime result = 107030
[ERROR] RUNTIME(712964,):2026-01-15-10:29:15.421.775 [api_error.cc:1519]712964 MemCopySync:Memory copy sync failed, cnt=416, kind=1.
[ERROR] RUNTIME(712964,):2026-01-15-10:29:15.421.783 [api_c.cc:1197]712964 rtMemcpy:ErrCode=107030, desc=[the current capture mode does not support this operation], InnerCode=0x703001c
[ERROR] RUNTIME(712964,):2026-01-15-10:29:15.421.785 [error_message_manage.cc:53]712964 FuncErrorReason:report error module_type=3, module_name=EE8888
[ERROR] RUNTIME(712964,):2026-01-15-10:29:15.421.788 [error_message_manage.cc:53]712964 FuncErrorReason:rtMemcpy execute failed, reason=[the current capture mode does not support this operation]
[ERROR] ASCENDCL(712964,):2026-01-15-10:29:15.422.015 [memory.cpp:437]712964 aclrtMemcpyImpl: synchronized memcpy failed, kind = 1, runtime result = 107030
[ERROR] RUNTIME(712964,):2026-01-15-10:29:15.510.466 [api_error.cc:1519]712964 MemCopySync:Memory copy sync failed, cnt=72, kind=1.
[ERROR] RUNTIME(712964,):2026-01-15-10:29:15.510.474 [api_c.cc:1197]712964 rtMemcpy:ErrCode=107030, desc=[the current capture mode does not support this operation], InnerCode=0x703001c
[ERROR] RUNTIME(712964,):2026-01-15-10:29:15.510.476 [error_message_manage.cc:53]712964 FuncErrorReason:report error module_type=3, module_name=EE8888
[ERROR] RUNTIME(712964,):2026-01-15-10:29:15.510.479 [error_message_manage.cc:53]712964 FuncErrorReason:rtMemcpy execute failed, reason=[the current capture mode does not support this operation]
[ERROR] ASCENDCL(712964,):2026-01-15-10:29:15.510.677 [memory.cpp:437]712964 aclrtMemcpyImpl: synchronized memcpy failed, kind = 1, runtime result = 107030
[ERROR] RUNTIME(712964,):2026-01-15-10:29:15.597.690 [api_error.cc:1519]712964 MemCopySync:Memory copy sync failed, cnt=416, kind=1.
[ERROR] RUNTIME(712964,):2026-01-15-10:29:15.597.700 [api_c.cc:1197]712964 rtMemcpy:ErrCode=107030, desc=[the current capture mode does not support this operation], InnerCode=0x703001c
[ERROR] RUNTIME(712964,):2026-01-15-10:29:15.597.703 [error_message_manage.cc:53]712964 FuncErrorReason:report error module_type=3, module_name=EE8888
[ERROR] RUNTIME(712964,):2026-01-15-10:29:15.597.706 [error_message_manage.cc:53]712964 FuncErrorReason:rtMemcpy execute failed, reason=[the current capture mode does not support this operation]
[ERROR] ASCENDCL(712964,):2026-01-15-10:29:15.598.015 [memory.cpp:437]712964 aclrtMemcpyImpl: synchronized memcpy failed, kind = 1, runtime result = 107030
[ERROR] RUNTIME(712964,):2026-01-15-10:29:15.683.253 [api_error.cc:1519]712964 MemCopySync:Memory copy sync failed, cnt=72, kind=1.
[ERROR] RUNTIME(712964,):2026-01-15-10:29:15.683.262 [api_c.cc:1197]712964 rtMemcpy:ErrCode=107030, desc=[the current capture mode does not support this operation], InnerCode=0x703001c
[ERROR] RUNTIME(712964,):2026-01-15-10:29:15.683.265 [error_message_manage.cc:53]712964 FuncErrorReason:report error module_type=3, module_name=EE8888
[ERROR] RUNTIME(712964,):2026-01-15-10:29:15.683.268 [error_message_manage.cc:53]712964 FuncErrorReason:rtMemcpy execute failed, reason=[the current capture mode does not support this operation]
[ERROR] ASCENDCL(712964,):2026-01-15-10:29:15.683.530 [memory.cpp:437]712964 aclrtMemcpyImpl: synchronized memcpy failed, kind = 1, runtime result = 107030
[ERROR] RUNTIME(712964,):2026-01-15-10:29:15.769.550 [api_error.cc:1519]712964 MemCopySync:Memory copy sync failed, cnt=416, kind=1.
[ERROR] RUNTIME(712964,):2026-01-15-10:29:15.769.559 [api_c.cc:1197]712964 rtMemcpy:ErrCode=107030, desc=[the current capture mode does not support this operation], InnerCode=0x703001c
[ERROR] RUNTIME(712964,):2026-01-15-10:29:15.769.562 [error_message_manage.cc:53]712964 FuncErrorReason:report error module_type=3, module_name=EE8888
[ERROR] RUNTIME(712964,):2026-01-15-10:29:15.769.565 [error_message_manage.cc:53]712964 FuncErrorReason:rtMemcpy execute failed, reason=[the current capture mode does not support this operation]
[ERROR] ASCENDCL(712964,):2026-01-15-10:29:15.769.845 [memory.cpp:437]712964 aclrtMemcpyImpl: synchronized memcpy failed, kind = 1, runtime result = 107030
[ERROR] RUNTIME(712964,):2026-01-15-10:29:15.852.957 [api_error.cc:1519]712964 MemCopySync:Memory copy sync failed, cnt=72, kind=1.
[ERROR] RUNTIME(712964,):2026-01-15-10:29:15.852.965 [api_c.cc:1197]712964 rtMemcpy:ErrCode=107030, desc=[the current capture mode does not support this operation], InnerCode=0x703001c
[ERROR] RUNTIME(712964,):2026-01-15-10:29:15.852.967 [error_message_manage.cc:53]712964 FuncErrorReason:report error module_type=3, module_name=EE8888
[ERROR] RUNTIME(712964,):2026-01-15-10:29:15.852.970 [error_message_manage.cc:53]712964 FuncErrorReason:rtMemcpy execute failed, reason=[the current capture mode does not support this operation]
[ERROR] ASCENDCL(712964,):2026-01-15-10:29:15.853.231 [memory.cpp:437]712964 aclrtMemcpyImpl: synchronized memcpy failed, kind = 1, runtime result = 107030
[ERROR] RUNTIME(712964,):2026-01-15-10:29:15.941.036 [api_error.cc:1519]712964 MemCopySync:Memory copy sync failed, cnt=416, kind=1.
[ERROR] RUNTIME(712964,):2026-01-15-10:29:15.941.045 [api_c.cc:1197]712964 rtMemcpy:ErrCode=107030, desc=[the current capture mode does not support this operation], InnerCode=0x703001c
[ERROR] RUNTIME(712964,):2026-01-15-10:29:15.941.048 [error_message_manage.cc:53]712964 FuncErrorReason:report error module_type=3, module_name=EE8888
[ERROR] RUNTIME(712964,):2026-01-15-10:29:15.941.051 [error_message_manage.cc:53]712964 FuncErrorReason:rtMemcpy execute failed, reason=[the current capture mode does not support this operation]
[ERROR] ASCENDCL(712964,):2026-01-15-10:29:15.941.329 [memory.cpp:437]712964 aclrtMemcpyImpl: synchronized memcpy failed, kind = 1, runtime result = 107030
[ERROR] RUNTIME(712964,):2026-01-15-10:29:16.026.990 [api_error.cc:1519]712964 MemCopySync:Memory copy sync failed, cnt=72, kind=1.
[ERROR] RUNTIME(712964,):2026-01-15-10:29:16.026.999 [api_c.cc:1197]712964 rtMemcpy:ErrCode=107030, desc=[the current capture mode does not support this operation], InnerCode=0x703001c
[ERROR] RUNTIME(712964,):2026-01-15-10:29:16.027.001 [error_message_manage.cc:53]712964 FuncErrorReason:report error module_type=3, module_name=EE8888
[ERROR] RUNTIME(712964,):2026-01-15-10:29:16.027.004 [error_message_manage.cc:53]712964 FuncErrorReason:rtMemcpy execute failed, reason=[the current capture mode does not support this operation]
[ERROR] ASCENDCL(712964,):2026-01-15-10:29:16.027.259 [memory.cpp:437]712964 aclrtMemcpyImpl: synchronized memcpy failed, kind = 1, runtime result = 107030
[ERROR] RUNTIME(712964,):2026-01-15-10:29:16.110.718 [api_error.cc:1519]712964 MemCopySync:Memory copy sync failed, cnt=416, kind=1.
[ERROR] RUNTIME(712964,):2026-01-15-10:29:16.110.726 [api_c.cc:1197]712964 rtMemcpy:ErrCode=107030, desc=[the current capture mode does not support this operation], InnerCode=0x703001c
[ERROR] RUNTIME(712964,):2026-01-15-10:29:16.110.729 [error_message_manage.cc:53]712964 FuncErrorReason:report error module_type=3, module_name=EE8888
[ERROR] RUNTIME(712964,):2026-01-15-10:29:16.110.732 [error_message_manage.cc:53]712964 FuncErrorReason:rtMemcpy execute failed, reason=[the current capture mode does not support this operation]
[ERROR] ASCENDCL(712964,):2026-01-15-10:29:16.111.016 [memory.cpp:437]712964 aclrtMemcpyImpl: synchronized memcpy failed, kind = 1, runtime result = 107030
[ERROR] RUNTIME(712964,):2026-01-15-10:29:16.188.374 [api_error.cc:1519]712964 MemCopySync:Memory copy sync failed, cnt=72, kind=1.
[ERROR] RUNTIME(712964,):2026-01-15-10:29:16.188.382 [api_c.cc:1197]712964 rtMemcpy:ErrCode=107030, desc=[the current capture mode does not support this operation], InnerCode=0x703001c
[ERROR] RUNTIME(712964,):2026-01-15-10:29:16.188.384 [error_message_manage.cc:53]712964 FuncErrorReason:report error module_type=3, module_name=EE8888
[ERROR] RUNTIME(712964,):2026-01-15-10:29:16.188.387 [error_message_manage.cc:53]712964 FuncErrorReason:rtMemcpy execute failed, reason=[the current capture mode does not support this operation]
[ERROR] ASCENDCL(712964,):2026-01-15-10:29:16.188.659 [memory.cpp:437]712964 aclrtMemcpyImpl: synchronized memcpy failed, kind = 1, runtime result = 107030
[ERROR] RUNTIME(712964,):2026-01-15-10:29:16.254.909 [api_error.cc:1519]712964 MemCopySync:Memory copy sync failed, cnt=416, kind=1.
[ERROR] RUNTIME(712964,):2026-01-15-10:29:16.254.917 [api_c.cc:1197]712964 rtMemcpy:ErrCode=107030, desc=[the current capture mode does not support this operation], InnerCode=0x703001c
[ERROR] RUNTIME(712964,):2026-01-15-10:29:16.254.920 [error_message_manage.cc:53]712964 FuncErrorReason:report error module_type=3, module_name=EE8888
[ERROR] RUNTIME(712964,):2026-01-15-10:29:16.254.923 [error_message_manage.cc:53]712964 FuncErrorReason:rtMemcpy execute failed, reason=[the current capture mode does not support this operation]
[ERROR] ASCENDCL(712964,):2026-01-15-10:29:16.255.164 [memory.cpp:437]712964 aclrtMemcpyImpl: synchronized memcpy failed, kind = 1, runtime result = 107030
[ERROR] RUNTIME(712964,):2026-01-15-10:29:16.290.104 [api_error.cc:1519]712964 MemCopySync:Memory copy sync failed, cnt=72, kind=1.
[ERROR] RUNTIME(712964,):2026-01-15-10:29:16.290.112 [api_c.cc:1197]712964 rtMemcpy:ErrCode=107030, desc=[the current capture mode does not support this operation], InnerCode=0x703001c
[ERROR] RUNTIME(712964,):2026-01-15-10:29:16.290.114 [error_message_manage.cc:53]712964 FuncErrorReason:report error module_type=3, module_name=EE8888
[ERROR] RUNTIME(712964,):2026-01-15-10:29:16.290.117 [error_message_manage.cc:53]712964 FuncErrorReason:rtMemcpy execute failed, reason=[the current capture mode does not support this operation]
[ERROR] ASCENDCL(712964,):2026-01-15-10:29:16.290.295 [memory.cpp:437]712964 aclrtMemcpyImpl: synchronized memcpy failed, kind = 1, runtime result = 107030
[ERROR] RUNTIME(712964,):2026-01-15-10:29:16.362.880 [api_error.cc:1519]712964 MemCopySync:Memory copy sync failed, cnt=416, kind=1.
[ERROR] RUNTIME(712964,):2026-01-15-10:29:16.362.889 [api_c.cc:1197]712964 rtMemcpy:ErrCode=107030, desc=[the current capture mode does not support this operation], InnerCode=0x703001c
[ERROR] RUNTIME(712964,):2026-01-15-10:29:16.362.892 [error_message_manage.cc:53]712964 FuncErrorReason:report error module_type=3, module_name=EE8888
[ERROR] RUNTIME(712964,):2026-01-15-10:29:16.362.895 [error_message_manage.cc:53]712964 FuncErrorReason:rtMemcpy execute failed, reason=[the current capture mode does not support this operation]
[ERROR] ASCENDCL(712964,):2026-01-15-10:29:16.363.179 [memory.cpp:437]712964 aclrtMemcpyImpl: synchronized memcpy failed, kind = 1, runtime result = 107030
[ERROR] RUNTIME(712964,):2026-01-15-10:29:16.449.243 [api_error.cc:1519]712964 MemCopySync:Memory copy sync failed, cnt=72, kind=1.
[ERROR] RUNTIME(712964,):2026-01-15-10:29:16.449.251 [api_c.cc:1197]712964 rtMemcpy:ErrCode=107030, desc=[the current capture mode does not support this operation], InnerCode=0x703001c
[ERROR] RUNTIME(712964,):2026-01-15-10:29:16.449.253 [error_message_manage.cc:53]712964 FuncErrorReason:report error module_type=3, module_name=EE8888
[ERROR] RUNTIME(712964,):2026-01-15-10:29:16.449.256 [error_message_manage.cc:53]712964 FuncErrorReason:rtMemcpy execute failed, reason=[the current capture mode does not support this operation]
[ERROR] ASCENDCL(712964,):2026-01-15-10:29:16.449.481 [memory.cpp:437]712964 aclrtMemcpyImpl: synchronized memcpy failed, kind = 1, runtime result = 107030
[ERROR] RUNTIME(712964,):2026-01-15-10:29:16.541.037 [api_error.cc:1519]712964 MemCopySync:Memory copy sync failed, cnt=416, kind=1.
[ERROR] RUNTIME(712964,):2026-01-15-10:29:16.541.046 [api_c.cc:1197]712964 rtMemcpy:ErrCode=107030, desc=[the current capture mode does not support this operation], InnerCode=0x703001c
[ERROR] RUNTIME(712964,):2026-01-15-10:29:16.541.049 [error_message_manage.cc:53]712964 FuncErrorReason:report error module_type=3, module_name=EE8888
[ERROR] RUNTIME(712964,):2026-01-15-10:29:16.541.052 [error_message_manage.cc:53]712964 FuncErrorReason:rtMemcpy execute failed, reason=[the current capture mode does not support this operation]
[ERROR] ASCENDCL(712964,):2026-01-15-10:29:16.541.302 [memory.cpp:437]712964 aclrtMemcpyImpl: synchronized memcpy failed, kind = 1, runtime result = 107030
[ERROR] RUNTIME(712964,):2026-01-15-10:29:16.628.302 [api_error.cc:1519]712964 MemCopySync:Memory copy sync failed, cnt=72, kind=1.
[ERROR] RUNTIME(712964,):2026-01-15-10:29:16.628.312 [api_c.cc:1197]712964 rtMemcpy:ErrCode=107030, desc=[the current capture mode does not support this operation], InnerCode=0x703001c
[ERROR] RUNTIME(712964,):2026-01-15-10:29:16.628.315 [error_message_manage.cc:53]712964 FuncErrorReason:report error module_type=3, module_name=EE8888
[ERROR] RUNTIME(712964,):2026-01-15-10:29:16.628.317 [error_message_manage.cc:53]712964 FuncErrorReason:rtMemcpy execute failed, reason=[the current capture mode does not support this operation]
[ERROR] ASCENDCL(712964,):2026-01-15-10:29:16.628.554 [memory.cpp:437]712964 aclrtMemcpyImpl: synchronized memcpy failed, kind = 1, runtime result = 107030
[ERROR] RUNTIME(712964,):2026-01-15-10:29:16.718.158 [api_error.cc:1519]712964 MemCopySync:Memory copy sync failed, cnt=416, kind=1.
[ERROR] RUNTIME(712964,):2026-01-15-10:29:16.718.168 [api_c.cc:1197]712964 rtMemcpy:ErrCode=107030, desc=[the current capture mode does not support this operation], InnerCode=0x703001c
[ERROR] RUNTIME(712964,):2026-01-15-10:29:16.718.170 [error_message_manage.cc:53]712964 FuncErrorReason:report error module_type=3, module_name=EE8888
[ERROR] RUNTIME(712964,):2026-01-15-10:29:16.718.173 [error_message_manage.cc:53]712964 FuncErrorReason:rtMemcpy execute failed, reason=[the current capture mode does not support this operation]
[ERROR] ASCENDCL(712964,):2026-01-15-10:29:16.718.393 [memory.cpp:437]712964 aclrtMemcpyImpl: synchronized memcpy failed, kind = 1, runtime result = 107030
[ERROR] RUNTIME(712964,):2026-01-15-10:29:16.796.527 [api_error.cc:1519]712964 MemCopySync:Memory copy sync failed, cnt=72, kind=1.
[ERROR] RUNTIME(712964,):2026-01-15-10:29:16.796.535 [api_c.cc:1197]712964 rtMemcpy:ErrCode=107030, desc=[the current capture mode does not support this operation], InnerCode=0x703001c
[ERROR] RUNTIME(712964,):2026-01-15-10:29:16.796.538 [error_message_manage.cc:53]712964 FuncErrorReason:report error module_type=3, module_name=EE8888
[ERROR] RUNTIME(712964,):2026-01-15-10:29:16.796.540 [error_message_manage.cc:53]712964 FuncErrorReason:rtMemcpy execute failed, reason=[the current capture mode does not support this operation]
[ERROR] ASCENDCL(712964,):2026-01-15-10:29:16.796.838 [memory.cpp:437]712964 aclrtMemcpyImpl: synchronized memcpy failed, kind = 1, runtime result = 107030
[ERROR] RUNTIME(712964,):2026-01-15-10:29:16.873.606 [api_error.cc:1519]712964 MemCopySync:Memory copy sync failed, cnt=416, kind=1.
[ERROR] RUNTIME(712964,):2026-01-15-10:29:16.873.615 [api_c.cc:1197]712964 rtMemcpy:ErrCode=107030, desc=[the current capture mode does not support this operation], InnerCode=0x703001c
[ERROR] RUNTIME(712964,):2026-01-15-10:29:16.873.618 [error_message_manage.cc:53]712964 FuncErrorReason:report error module_type=3, module_name=EE8888
[ERROR] RUNTIME(712964,):2026-01-15-10:29:16.873.620 [error_message_manage.cc:53]712964 FuncErrorReason:rtMemcpy execute failed, reason=[the current capture mode does not support this operation]
[ERROR] ASCENDCL(712964,):2026-01-15-10:29:16.873.837 [memory.cpp:437]712964 aclrtMemcpyImpl: synchronized memcpy failed, kind = 1, runtime result = 107030
[ERROR] RUNTIME(712964,):2026-01-15-10:29:16.952.774 [api_error.cc:1519]712964 MemCopySync:Memory copy sync failed, cnt=72, kind=1.
[ERROR] RUNTIME(712964,):2026-01-15-10:29:16.952.782 [api_c.cc:1197]712964 rtMemcpy:ErrCode=107030, desc=[the current capture mode does not support this operation], InnerCode=0x703001c
[ERROR] RUNTIME(712964,):2026-01-15-10:29:16.952.785 [error_message_manage.cc:53]712964 FuncErrorReason:report error module_type=3, module_name=EE8888
[ERROR] RUNTIME(712964,):2026-01-15-10:29:16.952.788 [error_message_manage.cc:53]712964 FuncErrorReason:rtMemcpy execute failed, reason=[the current capture mode does not support this operation]
[ERROR] ASCENDCL(712964,):2026-01-15-10:29:16.953.048 [memory.cpp:437]712964 aclrtMemcpyImpl: synchronized memcpy failed, kind = 1, runtime result = 107030
[ERROR] RUNTIME(712964,):2026-01-15-10:29:17.033.991 [api_error.cc:1519]712964 MemCopySync:Memory copy sync failed, cnt=416, kind=1.
[ERROR] RUNTIME(712964,):2026-01-15-10:29:17.033.999 [api_c.cc:1197]712964 rtMemcpy:ErrCode=107030, desc=[the current capture mode does not support this operation], InnerCode=0x703001c
[ERROR] RUNTIME(712964,):2026-01-15-10:29:17.034.002 [error_message_manage.cc:53]712964 FuncErrorReason:report error module_type=3, module_name=EE8888
[ERROR] RUNTIME(712964,):2026-01-15-10:29:17.034.004 [error_message_manage.cc:53]712964 FuncErrorReason:rtMemcpy execute failed, reason=[the current capture mode does not support this operation]
[ERROR] ASCENDCL(712964,):2026-01-15-10:29:17.034.291 [memory.cpp:437]712964 aclrtMemcpyImpl: synchronized memcpy failed, kind = 1, runtime result = 107030
[ERROR] RUNTIME(712964,):2026-01-15-10:29:17.102.664 [api_error.cc:1519]712964 MemCopySync:Memory copy sync failed, cnt=72, kind=1.
[ERROR] RUNTIME(712964,):2026-01-15-10:29:17.102.672 [api_c.cc:1197]712964 rtMemcpy:ErrCode=107030, desc=[the current capture mode does not support this operation], InnerCode=0x703001c
[ERROR] RUNTIME(712964,):2026-01-15-10:29:17.102.675 [error_message_manage.cc:53]712964 FuncErrorReason:report error module_type=3, module_name=EE8888
[ERROR] RUNTIME(712964,):2026-01-15-10:29:17.102.678 [error_message_manage.cc:53]712964 FuncErrorReason:rtMemcpy execute failed, reason=[the current capture mode does not support this operation]
[ERROR] ASCENDCL(712964,):2026-01-15-10:29:17.102.848 [memory.cpp:437]712964 aclrtMemcpyImpl: synchronized memcpy failed, kind = 1, runtime result = 107030
[ERROR] RUNTIME(712964,):2026-01-15-10:29:17.178.073 [api_error.cc:1519]712964 MemCopySync:Memory copy sync failed, cnt=416, kind=1.
[ERROR] RUNTIME(712964,):2026-01-15-10:29:17.178.081 [api_c.cc:1197]712964 rtMemcpy:ErrCode=107030, desc=[the current capture mode does not support this operation], InnerCode=0x703001c
[ERROR] RUNTIME(712964,):2026-01-15-10:29:17.178.084 [error_message_manage.cc:53]712964 FuncErrorReason:report error module_type=3, module_name=EE8888
[ERROR] RUNTIME(712964,):2026-01-15-10:29:17.178.087 [error_message_manage.cc:53]712964 FuncErrorReason:rtMemcpy execute failed, reason=[the current capture mode does not support this operation]
[ERROR] ASCENDCL(712964,):2026-01-15-10:29:17.178.385 [memory.cpp:437]712964 aclrtMemcpyImpl: synchronized memcpy failed, kind = 1, runtime result = 107030
[ERROR] RUNTIME(712964,):2026-01-15-10:29:17.245.629 [api_error.cc:1519]712964 MemCopySync:Memory copy sync failed, cnt=72, kind=1.
[ERROR] RUNTIME(712964,):2026-01-15-10:29:17.245.637 [api_c.cc:1197]712964 rtMemcpy:ErrCode=107030, desc=[the current capture mode does not support this operation], InnerCode=0x703001c
[ERROR] RUNTIME(712964,):2026-01-15-10:29:17.245.639 [error_message_manage.cc:53]712964 FuncErrorReason:report error module_type=3, module_name=EE8888
[ERROR] RUNTIME(712964,):2026-01-15-10:29:17.245.642 [error_message_manage.cc:53]712964 FuncErrorReason:rtMemcpy execute failed, reason=[the current capture mode does not support this operation]
[ERROR] ASCENDCL(712964,):2026-01-15-10:29:17.245.837 [memory.cpp:437]712964 aclrtMemcpyImpl: synchronized memcpy failed, kind = 1, runtime result = 107030
[ERROR] RUNTIME(712964,):2026-01-15-10:29:17.312.856 [api_error.cc:1519]712964 MemCopySync:Memory copy sync failed, cnt=416, kind=1.
[ERROR] RUNTIME(712964,):2026-01-15-10:29:17.312.865 [api_c.cc:1197]712964 rtMemcpy:ErrCode=107030, desc=[the current capture mode does not support this operation], InnerCode=0x703001c
[ERROR] RUNTIME(712964,):2026-01-15-10:29:17.312.867 [error_message_manage.cc:53]712964 FuncErrorReason:report error module_type=3, module_name=EE8888
[ERROR] RUNTIME(712964,):2026-01-15-10:29:17.312.870 [error_message_manage.cc:53]712964 FuncErrorReason:rtMemcpy execute failed, reason=[the current capture mode does not support this operation]
[ERROR] ASCENDCL(712964,):2026-01-15-10:29:17.313.069 [memory.cpp:437]712964 aclrtMemcpyImpl: synchronized memcpy failed, kind = 1, runtime result = 107030
[ERROR] RUNTIME(712964,):2026-01-15-10:29:17.374.242 [api_error.cc:1519]712964 MemCopySync:Memory copy sync failed, cnt=72, kind=1.
[ERROR] RUNTIME(712964,):2026-01-15-10:29:17.374.251 [api_c.cc:1197]712964 rtMemcpy:ErrCode=107030, desc=[the current capture mode does not support this operation], InnerCode=0x703001c
[ERROR] RUNTIME(712964,):2026-01-15-10:29:17.374.253 [error_message_manage.cc:53]712964 FuncErrorReason:report error module_type=3, module_name=EE8888
[ERROR] RUNTIME(712964,):2026-01-15-10:29:17.374.256 [error_message_manage.cc:53]712964 FuncErrorReason:rtMemcpy execute failed, reason=[the current capture mode does not support this operation]
[ERROR] ASCENDCL(712964,):2026-01-15-10:29:17.374.530 [memory.cpp:437]712964 aclrtMemcpyImpl: synchronized memcpy failed, kind = 1, runtime result = 107030
[ERROR] RUNTIME(712964,):2026-01-15-10:29:17.437.745 [api_error.cc:1519]712964 MemCopySync:Memory copy sync failed, cnt=416, kind=1.
[ERROR] RUNTIME(712964,):2026-01-15-10:29:17.437.753 [api_c.cc:1197]712964 rtMemcpy:ErrCode=107030, desc=[the current capture mode does not support this operation], InnerCode=0x703001c
[ERROR] RUNTIME(712964,):2026-01-15-10:29:17.437.755 [error_message_manage.cc:53]712964 FuncErrorReason:report error module_type=3, module_name=EE8888
[ERROR] RUNTIME(712964,):2026-01-15-10:29:17.437.758 [error_message_manage.cc:53]712964 FuncErrorReason:rtMemcpy execute failed, reason=[the current capture mode does not support this operation]
[ERROR] ASCENDCL(712964,):2026-01-15-10:29:17.438.056 [memory.cpp:437]712964 aclrtMemcpyImpl: synchronized memcpy failed, kind = 1, runtime result = 107030
[ERROR] RUNTIME(712964,):2026-01-15-10:29:17.506.349 [api_error.cc:1519]712964 MemCopySync:Memory copy sync failed, cnt=72, kind=1.
[ERROR] RUNTIME(712964,):2026-01-15-10:29:17.506.359 [api_c.cc:1197]712964 rtMemcpy:ErrCode=107030, desc=[the current capture mode does not support this operation], InnerCode=0x703001c
[ERROR] RUNTIME(712964,):2026-01-15-10:29:17.506.362 [error_message_manage.cc:53]712964 FuncErrorReason:report error module_type=3, module_name=EE8888
[ERROR] RUNTIME(712964,):2026-01-15-10:29:17.506.365 [error_message_manage.cc:53]712964 FuncErrorReason:rtMemcpy execute failed, reason=[the current capture mode does not support this operation]
[ERROR] ASCENDCL(712964,):2026-01-15-10:29:17.506.633 [memory.cpp:437]712964 aclrtMemcpyImpl: synchronized memcpy failed, kind = 1, runtime result = 107030
[ERROR] RUNTIME(712964,):2026-01-15-10:29:17.582.066 [api_error.cc:1519]712964 MemCopySync:Memory copy sync failed, cnt=416, kind=1.
[ERROR] RUNTIME(712964,):2026-01-15-10:29:17.582.075 [api_c.cc:1197]712964 rtMemcpy:ErrCode=107030, desc=[the current capture mode does not support this operation], InnerCode=0x703001c
[ERROR] RUNTIME(712964,):2026-01-15-10:29:17.582.078 [error_message_manage.cc:53]712964 FuncErrorReason:report error module_type=3, module_name=EE8888
[ERROR] RUNTIME(712964,):2026-01-15-10:29:17.582.081 [error_message_manage.cc:53]712964 FuncErrorReason:rtMemcpy execute failed, reason=[the current capture mode does not support this operation]
[ERROR] ASCENDCL(712964,):2026-01-15-10:29:17.582.388 [memory.cpp:437]712964 aclrtMemcpyImpl: synchronized memcpy failed, kind = 1, runtime result = 107030
[ERROR] RUNTIME(712964,):2026-01-15-10:29:17.651.948 [api_error.cc:1519]712964 MemCopySync:Memory copy sync failed, cnt=72, kind=1.
[ERROR] RUNTIME(712964,):2026-01-15-10:29:17.651.957 [api_c.cc:1197]712964 rtMemcpy:ErrCode=107030, desc=[the current capture mode does not support this operation], InnerCode=0x703001c
[ERROR] RUNTIME(712964,):2026-01-15-10:29:17.651.959 [error_message_manage.cc:53]712964 FuncErrorReason:report error module_type=3, module_name=EE8888
[ERROR] RUNTIME(712964,):2026-01-15-10:29:17.651.962 [error_message_manage.cc:53]712964 FuncErrorReason:rtMemcpy execute failed, reason=[the current capture mode does not support this operation]
[ERROR] ASCENDCL(712964,):2026-01-15-10:29:17.652.213 [memory.cpp:437]712964 aclrtMemcpyImpl: synchronized memcpy failed, kind = 1, runtime result = 107030
[ERROR] RUNTIME(712964,):2026-01-15-10:29:17.724.404 [api_error.cc:1519]712964 MemCopySync:Memory copy sync failed, cnt=416, kind=1.
[ERROR] RUNTIME(712964,):2026-01-15-10:29:17.724.413 [api_c.cc:1197]712964 rtMemcpy:ErrCode=107030, desc=[the current capture mode does not support this operation], InnerCode=0x703001c
[ERROR] RUNTIME(712964,):2026-01-15-10:29:17.724.415 [error_message_manage.cc:53]712964 FuncErrorReason:report error module_type=3, module_name=EE8888
[ERROR] RUNTIME(712964,):2026-01-15-10:29:17.724.418 [error_message_manage.cc:53]712964 FuncErrorReason:rtMemcpy execute failed, reason=[the current capture mode does not support this operation]
[ERROR] ASCENDCL(712964,):2026-01-15-10:29:17.724.654 [memory.cpp:437]712964 aclrtMemcpyImpl: synchronized memcpy failed, kind = 1, runtime result = 107030
[ERROR] RUNTIME(712964,):2026-01-15-10:29:17.792.044 [api_error.cc:1519]712964 MemCopySync:Memory copy sync failed, cnt=72, kind=1.
[ERROR] RUNTIME(712964,):2026-01-15-10:29:17.792.052 [api_c.cc:1197]712964 rtMemcpy:ErrCode=107030, desc=[the current capture mode does not support this operation], InnerCode=0x703001c
[ERROR] RUNTIME(712964,):2026-01-15-10:29:17.792.054 [error_message_manage.cc:53]712964 FuncErrorReason:report error module_type=3, module_name=EE8888
[ERROR] RUNTIME(712964,):2026-01-15-10:29:17.792.057 [error_message_manage.cc:53]712964 FuncErrorReason:rtMemcpy execute failed, reason=[the current capture mode does not support this operation]
[ERROR] ASCENDCL(712964,):2026-01-15-10:29:17.792.309 [memory.cpp:437]712964 aclrtMemcpyImpl: synchronized memcpy failed, kind = 1, runtime result = 107030
[ERROR] RUNTIME(712964,):2026-01-15-10:29:17.854.757 [api_error.cc:1519]712964 MemCopySync:Memory copy sync failed, cnt=416, kind=1.
[ERROR] RUNTIME(712964,):2026-01-15-10:29:17.854.765 [api_c.cc:1197]712964 rtMemcpy:ErrCode=107030, desc=[the current capture mode does not support this operation], InnerCode=0x703001c
[ERROR] RUNTIME(712964,):2026-01-15-10:29:17.854.767 [error_message_manage.cc:53]712964 FuncErrorReason:report error module_type=3, module_name=EE8888
[ERROR] RUNTIME(712964,):2026-01-15-10:29:17.854.770 [error_message_manage.cc:53]712964 FuncErrorReason:rtMemcpy execute failed, reason=[the current capture mode does not support this operation]
[ERROR] ASCENDCL(712964,):2026-01-15-10:29:17.854.997 [memory.cpp:437]712964 aclrtMemcpyImpl: synchronized memcpy failed, kind = 1, runtime result = 107030
[ERROR] RUNTIME(712964,):2026-01-15-10:29:17.897.938 [api_error.cc:1519]712964 MemCopySync:Memory copy sync failed, cnt=72, kind=1.
[ERROR] RUNTIME(712964,):2026-01-15-10:29:17.897.946 [api_c.cc:1197]712964 rtMemcpy:ErrCode=107030, desc=[the current capture mode does not support this operation], InnerCode=0x703001c
[ERROR] RUNTIME(712964,):2026-01-15-10:29:17.897.948 [error_message_manage.cc:53]712964 FuncErrorReason:report error module_type=3, module_name=EE8888
[ERROR] RUNTIME(712964,):2026-01-15-10:29:17.897.951 [error_message_manage.cc:53]712964 FuncErrorReason:rtMemcpy execute failed, reason=[the current capture mode does not support this operation]
[ERROR] ASCENDCL(712964,):2026-01-15-10:29:17.898.154 [memory.cpp:437]712964 aclrtMemcpyImpl: synchronized memcpy failed, kind = 1, runtime result = 107030
[ERROR] RUNTIME(712964,):2026-01-15-10:29:17.970.719 [api_error.cc:1519]712964 MemCopySync:Memory copy sync failed, cnt=416, kind=1.
[ERROR] RUNTIME(712964,):2026-01-15-10:29:17.970.727 [api_c.cc:1197]712964 rtMemcpy:ErrCode=107030, desc=[the current capture mode does not support this operation], InnerCode=0x703001c
[ERROR] RUNTIME(712964,):2026-01-15-10:29:17.970.730 [error_message_manage.cc:53]712964 FuncErrorReason:report error module_type=3, module_name=EE8888
[ERROR] RUNTIME(712964,):2026-01-15-10:29:17.970.733 [error_message_manage.cc:53]712964 FuncErrorReason:rtMemcpy execute failed, reason=[the current capture mode does not support this operation]
[ERROR] ASCENDCL(712964,):2026-01-15-10:29:17.971.032 [memory.cpp:437]712964 aclrtMemcpyImpl: synchronized memcpy failed, kind = 1, runtime result = 107030
[ERROR] RUNTIME(712964,):2026-01-15-10:29:18.046.930 [api_error.cc:1519]712964 MemCopySync:Memory copy sync failed, cnt=72, kind=1.
[ERROR] RUNTIME(712964,):2026-01-15-10:29:18.046.938 [api_c.cc:1197]712964 rtMemcpy:ErrCode=107030, desc=[the current capture mode does not support this operation], InnerCode=0x703001c
[ERROR] RUNTIME(712964,):2026-01-15-10:29:18.046.940 [error_message_manage.cc:53]712964 FuncErrorReason:report error module_type=3, module_name=EE8888
[ERROR] RUNTIME(712964,):2026-01-15-10:29:18.046.943 [error_message_manage.cc:53]712964 FuncErrorReason:rtMemcpy execute failed, reason=[the current capture mode does not support this operation]
[ERROR] ASCENDCL(712964,):2026-01-15-10:29:18.047.156 [memory.cpp:437]712964 aclrtMemcpyImpl: synchronized memcpy failed, kind = 1, runtime result = 107030
[ERROR] RUNTIME(712964,):2026-01-15-10:29:18.126.137 [api_error.cc:1519]712964 MemCopySync:Memory copy sync failed, cnt=416, kind=1.
[ERROR] RUNTIME(712964,):2026-01-15-10:29:18.126.145 [api_c.cc:1197]712964 rtMemcpy:ErrCode=107030, desc=[the current capture mode does not support this operation], InnerCode=0x703001c
[ERROR] RUNTIME(712964,):2026-01-15-10:29:18.126.148 [error_message_manage.cc:53]712964 FuncErrorReason:report error module_type=3, module_name=EE8888
[ERROR] RUNTIME(712964,):2026-01-15-10:29:18.126.150 [error_message_manage.cc:53]712964 FuncErrorReason:rtMemcpy execute failed, reason=[the current capture mode does not support this operation]
[ERROR] ASCENDCL(712964,):2026-01-15-10:29:18.126.379 [memory.cpp:437]712964 aclrtMemcpyImpl: synchronized memcpy failed, kind = 1, runtime result = 107030
[ERROR] RUNTIME(712964,):2026-01-15-10:29:18.203.166 [api_error.cc:1519]712964 MemCopySync:Memory copy sync failed, cnt=72, kind=1.
[ERROR] RUNTIME(712964,):2026-01-15-10:29:18.203.174 [api_c.cc:1197]712964 rtMemcpy:ErrCode=107030, desc=[the current capture mode does not support this operation], InnerCode=0x703001c
[ERROR] RUNTIME(712964,):2026-01-15-10:29:18.203.177 [error_message_manage.cc:53]712964 FuncErrorReason:report error module_type=3, module_name=EE8888
[ERROR] RUNTIME(712964,):2026-01-15-10:29:18.203.180 [error_message_manage.cc:53]712964 FuncErrorReason:rtMemcpy execute failed, reason=[the current capture mode does not support this operation]
[ERROR] ASCENDCL(712964,):2026-01-15-10:29:18.203.464 [memory.cpp:437]712964 aclrtMemcpyImpl: synchronized memcpy failed, kind = 1, runtime result = 107030
[ERROR] RUNTIME(712964,):2026-01-15-10:29:18.280.246 [api_error.cc:1519]712964 MemCopySync:Memory copy sync failed, cnt=416, kind=1.
[ERROR] RUNTIME(712964,):2026-01-15-10:29:18.280.254 [api_c.cc:1197]712964 rtMemcpy:ErrCode=107030, desc=[the current capture mode does not support this operation], InnerCode=0x703001c
[ERROR] RUNTIME(712964,):2026-01-15-10:29:18.280.257 [error_message_manage.cc:53]712964 FuncErrorReason:report error module_type=3, module_name=EE8888
[ERROR] RUNTIME(712964,):2026-01-15-10:29:18.280.259 [error_message_manage.cc:53]712964 FuncErrorReason:rtMemcpy execute failed, reason=[the current capture mode does not support this operation]
[ERROR] ASCENDCL(712964,):2026-01-15-10:29:18.280.514 [memory.cpp:437]712964 aclrtMemcpyImpl: synchronized memcpy failed, kind = 1, runtime result = 107030
[ERROR] RUNTIME(712964,):2026-01-15-10:29:18.354.047 [api_error.cc:1519]712964 MemCopySync:Memory copy sync failed, cnt=72, kind=1.
[ERROR] RUNTIME(712964,):2026-01-15-10:29:18.354.055 [api_c.cc:1197]712964 rtMemcpy:ErrCode=107030, desc=[the current capture mode does not support this operation], InnerCode=0x703001c
[ERROR] RUNTIME(712964,):2026-01-15-10:29:18.354.058 [error_message_manage.cc:53]712964 FuncErrorReason:report error module_type=3, module_name=EE8888
[ERROR] RUNTIME(712964,):2026-01-15-10:29:18.354.061 [error_message_manage.cc:53]712964 FuncErrorReason:rtMemcpy execute failed, reason=[the current capture mode does not support this operation]
[ERROR] ASCENDCL(712964,):2026-01-15-10:29:18.354.346 [memory.cpp:437]712964 aclrtMemcpyImpl: synchronized memcpy failed, kind = 1, runtime result = 107030
[ERROR] RUNTIME(712964,):2026-01-15-10:29:18.429.938 [api_error.cc:1519]712964 MemCopySync:Memory copy sync failed, cnt=416, kind=1.
[ERROR] RUNTIME(712964,):2026-01-15-10:29:18.429.946 [api_c.cc:1197]712964 rtMemcpy:ErrCode=107030, desc=[the current capture mode does not support this operation], InnerCode=0x703001c
[ERROR] RUNTIME(712964,):2026-01-15-10:29:18.429.949 [error_message_manage.cc:53]712964 FuncErrorReason:report error module_type=3, module_name=EE8888
[ERROR] RUNTIME(712964,):2026-01-15-10:29:18.429.951 [error_message_manage.cc:53]712964 FuncErrorReason:rtMemcpy execute failed, reason=[the current capture mode does not support this operation]
[ERROR] ASCENDCL(712964,):2026-01-15-10:29:18.430.151 [memory.cpp:437]712964 aclrtMemcpyImpl: synchronized memcpy failed, kind = 1, runtime result = 107030
[ERROR] RUNTIME(712964,):2026-01-15-10:29:18.495.712 [api_error.cc:1519]712964 MemCopySync:Memory copy sync failed, cnt=72, kind=1.
[ERROR] RUNTIME(712964,):2026-01-15-10:29:18.495.720 [api_c.cc:1197]712964 rtMemcpy:ErrCode=107030, desc=[the current capture mode does not support this operation], InnerCode=0x703001c
[ERROR] RUNTIME(712964,):2026-01-15-10:29:18.495.722 [error_message_manage.cc:53]712964 FuncErrorReason:report error module_type=3, module_name=EE8888
[ERROR] RUNTIME(712964,):2026-01-15-10:29:18.495.725 [error_message_manage.cc:53]712964 FuncErrorReason:rtMemcpy execute failed, reason=[the current capture mode does not support this operation]
[ERROR] ASCENDCL(712964,):2026-01-15-10:29:18.495.893 [memory.cpp:437]712964 aclrtMemcpyImpl: synchronized memcpy failed, kind = 1, runtime result = 107030
[ERROR] RUNTIME(712964,):2026-01-15-10:29:18.570.470 [api_error.cc:1519]712964 MemCopySync:Memory copy sync failed, cnt=416, kind=1.
[ERROR] RUNTIME(712964,):2026-01-15-10:29:18.570.479 [api_c.cc:1197]712964 rtMemcpy:ErrCode=107030, desc=[the current capture mode does not support this operation], InnerCode=0x703001c
[ERROR] RUNTIME(712964,):2026-01-15-10:29:18.570.482 [error_message_manage.cc:53]712964 FuncErrorReason:report error module_type=3, module_name=EE8888
[ERROR] RUNTIME(712964,):2026-01-15-10:29:18.570.485 [error_message_manage.cc:53]712964 FuncErrorReason:rtMemcpy execute failed, reason=[the current capture mode does not support this operation]
[ERROR] ASCENDCL(712964,):2026-01-15-10:29:18.570.799 [memory.cpp:437]712964 aclrtMemcpyImpl: synchronized memcpy failed, kind = 1, runtime result = 107030
[ERROR] RUNTIME(712964,):2026-01-15-10:29:18.636.220 [api_error.cc:1519]712964 MemCopySync:Memory copy sync failed, cnt=72, kind=1.
[ERROR] RUNTIME(712964,):2026-01-15-10:29:18.636.228 [api_c.cc:1197]712964 rtMemcpy:ErrCode=107030, desc=[the current capture mode does not support this operation], InnerCode=0x703001c
[ERROR] RUNTIME(712964,):2026-01-15-10:29:18.636.230 [error_message_manage.cc:53]712964 FuncErrorReason:report error module_type=3, module_name=EE8888
[ERROR] RUNTIME(712964,):2026-01-15-10:29:18.636.233 [error_message_manage.cc:53]712964 FuncErrorReason:rtMemcpy execute failed, reason=[the current capture mode does not support this operation]
[ERROR] ASCENDCL(712964,):2026-01-15-10:29:18.636.482 [memory.cpp:437]712964 aclrtMemcpyImpl: synchronized memcpy failed, kind = 1, runtime result = 107030
[ERROR] RUNTIME(712964,):2026-01-15-10:29:18.691.264 [api_error.cc:1519]712964 MemCopySync:Memory copy sync failed, cnt=416, kind=1.
[ERROR] RUNTIME(712964,):2026-01-15-10:29:18.691.272 [api_c.cc:1197]712964 rtMemcpy:ErrCode=107030, desc=[the current capture mode does not support this operation], InnerCode=0x703001c
[ERROR] RUNTIME(712964,):2026-01-15-10:29:18.691.275 [error_message_manage.cc:53]712964 FuncErrorReason:report error module_type=3, module_name=EE8888
[ERROR] RUNTIME(712964,):2026-01-15-10:29:18.691.278 [error_message_manage.cc:53]712964 FuncErrorReason:rtMemcpy execute failed, reason=[the current capture mode does not support this operation]
[ERROR] ASCENDCL(712964,):2026-01-15-10:29:18.691.529 [memory.cpp:437]712964 aclrtMemcpyImpl: synchronized memcpy failed, kind = 1, runtime result = 107030
[ERROR] RUNTIME(712964,):2026-01-15-10:29:18.753.369 [api_error.cc:1519]712964 MemCopySync:Memory copy sync failed, cnt=72, kind=1.
[ERROR] RUNTIME(712964,):2026-01-15-10:29:18.753.378 [api_c.cc:1197]712964 rtMemcpy:ErrCode=107030, desc=[the current capture mode does not support this operation], InnerCode=0x703001c
[ERROR] RUNTIME(712964,):2026-01-15-10:29:18.753.380 [error_message_manage.cc:53]712964 FuncErrorReason:report error module_type=3, module_name=EE8888
[ERROR] RUNTIME(712964,):2026-01-15-10:29:18.753.383 [error_message_manage.cc:53]712964 FuncErrorReason:rtMemcpy execute failed, reason=[the current capture mode does not support this operation]
[ERROR] ASCENDCL(712964,):2026-01-15-10:29:18.753.705 [memory.cpp:437]712964 aclrtMemcpyImpl: synchronized memcpy failed, kind = 1, runtime result = 107030
[ERROR] RUNTIME(712964,):2026-01-15-10:29:18.824.965 [api_error.cc:1519]712964 MemCopySync:Memory copy sync failed, cnt=416, kind=1.
[ERROR] RUNTIME(712964,):2026-01-15-10:29:18.824.973 [api_c.cc:1197]712964 rtMemcpy:ErrCode=107030, desc=[the current capture mode does not support this operation], InnerCode=0x703001c
[ERROR] RUNTIME(712964,):2026-01-15-10:29:18.824.976 [error_message_manage.cc:53]712964 FuncErrorReason:report error module_type=3, module_name=EE8888
[ERROR] RUNTIME(712964,):2026-01-15-10:29:18.824.979 [error_message_manage.cc:53]712964 FuncErrorReason:rtMemcpy execute failed, reason=[the current capture mode does not support this operation]
[ERROR] ASCENDCL(712964,):2026-01-15-10:29:18.825.199 [memory.cpp:437]712964 aclrtMemcpyImpl: synchronized memcpy failed, kind = 1, runtime result = 107030
[ERROR] RUNTIME(712964,):2026-01-15-10:29:18.900.170 [api_error.cc:1519]712964 MemCopySync:Memory copy sync failed, cnt=72, kind=1.
[ERROR] RUNTIME(712964,):2026-01-15-10:29:18.900.178 [api_c.cc:1197]712964 rtMemcpy:ErrCode=107030, desc=[the current capture mode does not support this operation], InnerCode=0x703001c
[ERROR] RUNTIME(712964,):2026-01-15-10:29:18.900.181 [error_message_manage.cc:53]712964 FuncErrorReason:report error module_type=3, module_name=EE8888
[ERROR] RUNTIME(712964,):2026-01-15-10:29:18.900.184 [error_message_manage.cc:53]712964 FuncErrorReason:rtMemcpy execute failed, reason=[the current capture mode does not support this operation]
[ERROR] ASCENDCL(712964,):2026-01-15-10:29:18.900.388 [memory.cpp:437]712964 aclrtMemcpyImpl: synchronized memcpy failed, kind = 1, runtime result = 107030
[ERROR] RUNTIME(712964,):2026-01-15-10:29:18.979.335 [api_error.cc:1519]712964 MemCopySync:Memory copy sync failed, cnt=416, kind=1.
[ERROR] RUNTIME(712964,):2026-01-15-10:29:18.979.344 [api_c.cc:1197]712964 rtMemcpy:ErrCode=107030, desc=[the current capture mode does not support this operation], InnerCode=0x703001c
[ERROR] RUNTIME(712964,):2026-01-15-10:29:18.979.347 [error_message_manage.cc:53]712964 FuncErrorReason:report error module_type=3, module_name=EE8888
[ERROR] RUNTIME(712964,):2026-01-15-10:29:18.979.350 [error_message_manage.cc:53]712964 FuncErrorReason:rtMemcpy execute failed, reason=[the current capture mode does not support this operation]
[ERROR] ASCENDCL(712964,):2026-01-15-10:29:18.979.663 [memory.cpp:437]712964 aclrtMemcpyImpl: synchronized memcpy failed, kind = 1, runtime result = 107030
[ERROR] RUNTIME(712964,):2026-01-15-10:29:19.051.919 [api_error.cc:1519]712964 MemCopySync:Memory copy sync failed, cnt=72, kind=1.
[ERROR] RUNTIME(712964,):2026-01-15-10:29:19.051.927 [api_c.cc:1197]712964 rtMemcpy:ErrCode=107030, desc=[the current capture mode does not support this operation], InnerCode=0x703001c
[ERROR] RUNTIME(712964,):2026-01-15-10:29:19.051.930 [error_message_manage.cc:53]712964 FuncErrorReason:report error module_type=3, module_name=EE8888
[ERROR] RUNTIME(712964,):2026-01-15-10:29:19.051.932 [error_message_manage.cc:53]712964 FuncErrorReason:rtMemcpy execute failed, reason=[the current capture mode does not support this operation]
[ERROR] ASCENDCL(712964,):2026-01-15-10:29:19.052.159 [memory.cpp:437]712964 aclrtMemcpyImpl: synchronized memcpy failed, kind = 1, runtime result = 107030
[ERROR] RUNTIME(712964,):2026-01-15-10:29:19.136.419 [api_error.cc:1519]712964 MemCopySync:Memory copy sync failed, cnt=416, kind=1.
[ERROR] RUNTIME(712964,):2026-01-15-10:29:19.136.428 [api_c.cc:1197]712964 rtMemcpy:ErrCode=107030, desc=[the current capture mode does not support this operation], InnerCode=0x703001c
[ERROR] RUNTIME(712964,):2026-01-15-10:29:19.136.431 [error_message_manage.cc:53]712964 FuncErrorReason:report error module_type=3, module_name=EE8888
[ERROR] RUNTIME(712964,):2026-01-15-10:29:19.136.434 [error_message_manage.cc:53]712964 FuncErrorReason:rtMemcpy execute failed, reason=[the current capture mode does not support this operation]
[ERROR] ASCENDCL(712964,):2026-01-15-10:29:19.136.653 [memory.cpp:437]712964 aclrtMemcpyImpl: synchronized memcpy failed, kind = 1, runtime result = 107030
[ERROR] RUNTIME(712964,):2026-01-15-10:29:19.211.165 [api_error.cc:1519]712964 MemCopySync:Memory copy sync failed, cnt=72, kind=1.
[ERROR] RUNTIME(712964,):2026-01-15-10:29:19.211.173 [api_c.cc:1197]712964 rtMemcpy:ErrCode=107030, desc=[the current capture mode does not support this operation], InnerCode=0x703001c
[ERROR] RUNTIME(712964,):2026-01-15-10:29:19.211.176 [error_message_manage.cc:53]712964 FuncErrorReason:report error module_type=3, module_name=EE8888
[ERROR] RUNTIME(712964,):2026-01-15-10:29:19.211.178 [error_message_manage.cc:53]712964 FuncErrorReason:rtMemcpy execute failed, reason=[the current capture mode does not support this operation]
[ERROR] ASCENDCL(712964,):2026-01-15-10:29:19.211.375 [memory.cpp:437]712964 aclrtMemcpyImpl: synchronized memcpy failed, kind = 1, runtime result = 107030
[ERROR] RUNTIME(712964,):2026-01-15-10:29:19.282.620 [api_error.cc:1519]712964 MemCopySync:Memory copy sync failed, cnt=416, kind=1.
[ERROR] RUNTIME(712964,):2026-01-15-10:29:19.282.629 [api_c.cc:1197]712964 rtMemcpy:ErrCode=107030, desc=[the current capture mode does not support this operation], InnerCode=0x703001c
[ERROR] RUNTIME(712964,):2026-01-15-10:29:19.282.632 [error_message_manage.cc:53]712964 FuncErrorReason:report error module_type=3, module_name=EE8888
[ERROR] RUNTIME(712964,):2026-01-15-10:29:19.282.634 [error_message_manage.cc:53]712964 FuncErrorReason:rtMemcpy execute failed, reason=[the current capture mode does not support this operation]
[ERROR] ASCENDCL(712964,):2026-01-15-10:29:19.282.826 [memory.cpp:437]712964 aclrtMemcpyImpl: synchronized memcpy failed, kind = 1, runtime result = 107030
[ERROR] RUNTIME(712964,):2026-01-15-10:29:19.347.099 [api_error.cc:1519]712964 MemCopySync:Memory copy sync failed, cnt=72, kind=1.
[ERROR] RUNTIME(712964,):2026-01-15-10:29:19.347.107 [api_c.cc:1197]712964 rtMemcpy:ErrCode=107030, desc=[the current capture mode does not support this operation], InnerCode=0x703001c
[ERROR] RUNTIME(712964,):2026-01-15-10:29:19.347.110 [error_message_manage.cc:53]712964 FuncErrorReason:report error module_type=3, module_name=EE8888
[ERROR] RUNTIME(712964,):2026-01-15-10:29:19.347.113 [error_message_manage.cc:53]712964 FuncErrorReason:rtMemcpy execute failed, reason=[the current capture mode does not support this operation]
[ERROR] ASCENDCL(712964,):2026-01-15-10:29:19.347.325 [memory.cpp:437]712964 aclrtMemcpyImpl: synchronized memcpy failed, kind = 1, runtime result = 107030
[ERROR] RUNTIME(712964,):2026-01-15-10:29:19.413.041 [api_error.cc:1519]712964 MemCopySync:Memory copy sync failed, cnt=416, kind=1.
[ERROR] RUNTIME(712964,):2026-01-15-10:29:19.413.050 [api_c.cc:1197]712964 rtMemcpy:ErrCode=107030, desc=[the current capture mode does not support this operation], InnerCode=0x703001c
[ERROR] RUNTIME(712964,):2026-01-15-10:29:19.413.052 [error_message_manage.cc:53]712964 FuncErrorReason:report error module_type=3, module_name=EE8888
[ERROR] RUNTIME(712964,):2026-01-15-10:29:19.413.055 [error_message_manage.cc:53]712964 FuncErrorReason:rtMemcpy execute failed, reason=[the current capture mode does not support this operation]
[ERROR] ASCENDCL(712964,):2026-01-15-10:29:19.413.251 [memory.cpp:437]712964 aclrtMemcpyImpl: synchronized memcpy failed, kind = 1, runtime result = 107030
[ERROR] RUNTIME(712964,):2026-01-15-10:29:19.475.546 [api_error.cc:1519]712964 MemCopySync:Memory copy sync failed, cnt=72, kind=1.
[ERROR] RUNTIME(712964,):2026-01-15-10:29:19.475.554 [api_c.cc:1197]712964 rtMemcpy:ErrCode=107030, desc=[the current capture mode does not support this operation], InnerCode=0x703001c
[ERROR] RUNTIME(712964,):2026-01-15-10:29:19.475.556 [error_message_manage.cc:53]712964 FuncErrorReason:report error module_type=3, module_name=EE8888
[ERROR] RUNTIME(712964,):2026-01-15-10:29:19.475.559 [error_message_manage.cc:53]712964 FuncErrorReason:rtMemcpy execute failed, reason=[the current capture mode does not support this operation]
[ERROR] ASCENDCL(712964,):2026-01-15-10:29:19.475.765 [memory.cpp:437]712964 aclrtMemcpyImpl: synchronized memcpy failed, kind = 1, runtime result = 107030
[ERROR] RUNTIME(712964,):2026-01-15-10:29:19.537.921 [api_error.cc:1519]712964 MemCopySync:Memory copy sync failed, cnt=416, kind=1.
[ERROR] RUNTIME(712964,):2026-01-15-10:29:19.537.930 [api_c.cc:1197]712964 rtMemcpy:ErrCode=107030, desc=[the current capture mode does not support this operation], InnerCode=0x703001c
[ERROR] RUNTIME(712964,):2026-01-15-10:29:19.537.933 [error_message_manage.cc:53]712964 FuncErrorReason:report error module_type=3, module_name=EE8888
[ERROR] RUNTIME(712964,):2026-01-15-10:29:19.537.935 [error_message_manage.cc:53]712964 FuncErrorReason:rtMemcpy execute failed, reason=[the current capture mode does not support this operation]
[ERROR] ASCENDCL(712964,):2026-01-15-10:29:19.538.150 [memory.cpp:437]712964 aclrtMemcpyImpl: synchronized memcpy failed, kind = 1, runtime result = 107030
[ERROR] RUNTIME(712964,):2026-01-15-10:29:19.608.429 [api_error.cc:1519]712964 MemCopySync:Memory copy sync failed, cnt=72, kind=1.
[ERROR] RUNTIME(712964,):2026-01-15-10:29:19.608.437 [api_c.cc:1197]712964 rtMemcpy:ErrCode=107030, desc=[the current capture mode does not support this operation], InnerCode=0x703001c
[ERROR] RUNTIME(712964,):2026-01-15-10:29:19.608.440 [error_message_manage.cc:53]712964 FuncErrorReason:report error module_type=3, module_name=EE8888
[ERROR] RUNTIME(712964,):2026-01-15-10:29:19.608.442 [error_message_manage.cc:53]712964 FuncErrorReason:rtMemcpy execute failed, reason=[the current capture mode does not support this operation]
[ERROR] ASCENDCL(712964,):2026-01-15-10:29:19.608.705 [memory.cpp:437]712964 aclrtMemcpyImpl: synchronized memcpy failed, kind = 1, runtime result = 107030
[ERROR] RUNTIME(712964,):2026-01-15-10:29:19.677.380 [api_error.cc:1519]712964 MemCopySync:Memory copy sync failed, cnt=416, kind=1.
[ERROR] RUNTIME(712964,):2026-01-15-10:29:19.677.388 [api_c.cc:1197]712964 rtMemcpy:ErrCode=107030, desc=[the current capture mode does not support this operation], InnerCode=0x703001c
[ERROR] RUNTIME(712964,):2026-01-15-10:29:19.677.391 [error_message_manage.cc:53]712964 FuncErrorReason:report error module_type=3, module_name=EE8888
[ERROR] RUNTIME(712964,):2026-01-15-10:29:19.677.394 [error_message_manage.cc:53]712964 FuncErrorReason:rtMemcpy execute failed, reason=[the current capture mode does not support this operation]
[ERROR] ASCENDCL(712964,):2026-01-15-10:29:19.677.727 [memory.cpp:437]712964 aclrtMemcpyImpl: synchronized memcpy failed, kind = 1, runtime result = 107030
[ERROR] RUNTIME(712964,):2026-01-15-10:29:19.741.008 [api_error.cc:1519]712964 MemCopySync:Memory copy sync failed, cnt=72, kind=1.
[ERROR] RUNTIME(712964,):2026-01-15-10:29:19.741.017 [api_c.cc:1197]712964 rtMemcpy:ErrCode=107030, desc=[the current capture mode does not support this operation], InnerCode=0x703001c
[ERROR] RUNTIME(712964,):2026-01-15-10:29:19.741.020 [error_message_manage.cc:53]712964 FuncErrorReason:report error module_type=3, module_name=EE8888
[ERROR] RUNTIME(712964,):2026-01-15-10:29:19.741.023 [error_message_manage.cc:53]712964 FuncErrorReason:rtMemcpy execute failed, reason=[the current capture mode does not support this operation]
[ERROR] ASCENDCL(712964,):2026-01-15-10:29:19.741.253 [memory.cpp:437]712964 aclrtMemcpyImpl: synchronized memcpy failed, kind = 1, runtime result = 107030
[ERROR] RUNTIME(712964,):2026-01-15-10:29:19.811.924 [api_error.cc:1519]712964 MemCopySync:Memory copy sync failed, cnt=416, kind=1.
[ERROR] RUNTIME(712964,):2026-01-15-10:29:19.811.932 [api_c.cc:1197]712964 rtMemcpy:ErrCode=107030, desc=[the current capture mode does not support this operation], InnerCode=0x703001c
[ERROR] RUNTIME(712964,):2026-01-15-10:29:19.811.935 [error_message_manage.cc:53]712964 FuncErrorReason:report error module_type=3, module_name=EE8888
[ERROR] RUNTIME(712964,):2026-01-15-10:29:19.811.937 [error_message_manage.cc:53]712964 FuncErrorReason:rtMemcpy execute failed, reason=[the current capture mode does not support this operation]
[ERROR] ASCENDCL(712964,):2026-01-15-10:29:19.812.210 [memory.cpp:437]712964 aclrtMemcpyImpl: synchronized memcpy failed, kind = 1, runtime result = 107030
[ERROR] RUNTIME(712964,):2026-01-15-10:29:19.878.077 [api_error.cc:1519]712964 MemCopySync:Memory copy sync failed, cnt=72, kind=1.
[ERROR] RUNTIME(712964,):2026-01-15-10:29:19.878.086 [api_c.cc:1197]712964 rtMemcpy:ErrCode=107030, desc=[the current capture mode does not support this operation], InnerCode=0x703001c
[ERROR] RUNTIME(712964,):2026-01-15-10:29:19.878.088 [error_message_manage.cc:53]712964 FuncErrorReason:report error module_type=3, module_name=EE8888
[ERROR] RUNTIME(712964,):2026-01-15-10:29:19.878.091 [error_message_manage.cc:53]712964 FuncErrorReason:rtMemcpy execute failed, reason=[the current capture mode does not support this operation]
[ERROR] ASCENDCL(712964,):2026-01-15-10:29:19.878.312 [memory.cpp:437]712964 aclrtMemcpyImpl: synchronized memcpy failed, kind = 1, runtime result = 107030
[ERROR] RUNTIME(712964,):2026-01-15-10:29:19.953.467 [api_error.cc:1519]712964 MemCopySync:Memory copy sync failed, cnt=416, kind=1.
[ERROR] RUNTIME(712964,):2026-01-15-10:29:19.953.476 [api_c.cc:1197]712964 rtMemcpy:ErrCode=107030, desc=[the current capture mode does not support this operation], InnerCode=0x703001c
[ERROR] RUNTIME(712964,):2026-01-15-10:29:19.953.478 [error_message_manage.cc:53]712964 FuncErrorReason:report error module_type=3, module_name=EE8888
[ERROR] RUNTIME(712964,):2026-01-15-10:29:19.953.481 [error_message_manage.cc:53]712964 FuncErrorReason:rtMemcpy execute failed, reason=[the current capture mode does not support this operation]
[ERROR] ASCENDCL(712964,):2026-01-15-10:29:19.953.764 [memory.cpp:437]712964 aclrtMemcpyImpl: synchronized memcpy failed, kind = 1, runtime result = 107030
[ERROR] RUNTIME(712964,):2026-01-15-10:29:20.023.614 [api_error.cc:1519]712964 MemCopySync:Memory copy sync failed, cnt=72, kind=1.
[ERROR] RUNTIME(712964,):2026-01-15-10:29:20.023.622 [api_c.cc:1197]712964 rtMemcpy:ErrCode=107030, desc=[the current capture mode does not support this operation], InnerCode=0x703001c
[ERROR] RUNTIME(712964,):2026-01-15-10:29:20.023.625 [error_message_manage.cc:53]712964 FuncErrorReason:report error module_type=3, module_name=EE8888
[ERROR] RUNTIME(712964,):2026-01-15-10:29:20.023.627 [error_message_manage.cc:53]712964 FuncErrorReason:rtMemcpy execute failed, reason=[the current capture mode does not support this operation]
[ERROR] ASCENDCL(712964,):2026-01-15-10:29:20.023.852 [memory.cpp:437]712964 aclrtMemcpyImpl: synchronized memcpy failed, kind = 1, runtime result = 107030
[ERROR] RUNTIME(712964,):2026-01-15-10:29:20.097.118 [api_error.cc:1519]712964 MemCopySync:Memory copy sync failed, cnt=416, kind=1.
[ERROR] RUNTIME(712964,):2026-01-15-10:29:20.097.127 [api_c.cc:1197]712964 rtMemcpy:ErrCode=107030, desc=[the current capture mode does not support this operation], InnerCode=0x703001c
[ERROR] RUNTIME(712964,):2026-01-15-10:29:20.097.130 [error_message_manage.cc:53]712964 FuncErrorReason:report error module_type=3, module_name=EE8888
[ERROR] RUNTIME(712964,):2026-01-15-10:29:20.097.132 [error_message_manage.cc:53]712964 FuncErrorReason:rtMemcpy execute failed, reason=[the current capture mode does not support this operation]
[ERROR] ASCENDCL(712964,):2026-01-15-10:29:20.097.346 [memory.cpp:437]712964 aclrtMemcpyImpl: synchronized memcpy failed, kind = 1, runtime result = 107030
[ERROR] RUNTIME(712964,):2026-01-15-10:29:20.159.113 [api_error.cc:1519]712964 MemCopySync:Memory copy sync failed, cnt=72, kind=1.
[ERROR] RUNTIME(712964,):2026-01-15-10:29:20.159.121 [api_c.cc:1197]712964 rtMemcpy:ErrCode=107030, desc=[the current capture mode does not support this operation], InnerCode=0x703001c
[ERROR] RUNTIME(712964,):2026-01-15-10:29:20.159.124 [error_message_manage.cc:53]712964 FuncErrorReason:report error module_type=3, module_name=EE8888
[ERROR] RUNTIME(712964,):2026-01-15-10:29:20.159.126 [error_message_manage.cc:53]712964 FuncErrorReason:rtMemcpy execute failed, reason=[the current capture mode does not support this operation]
[ERROR] ASCENDCL(712964,):2026-01-15-10:29:20.159.405 [memory.cpp:437]712964 aclrtMemcpyImpl: synchronized memcpy failed, kind = 1, runtime result = 107030
[ERROR] RUNTIME(712964,):2026-01-15-10:29:20.220.995 [api_error.cc:1519]712964 MemCopySync:Memory copy sync failed, cnt=416, kind=1.
[ERROR] RUNTIME(712964,):2026-01-15-10:29:20.221.003 [api_c.cc:1197]712964 rtMemcpy:ErrCode=107030, desc=[the current capture mode does not support this operation], InnerCode=0x703001c
[ERROR] RUNTIME(712964,):2026-01-15-10:29:20.221.006 [error_message_manage.cc:53]712964 FuncErrorReason:report error module_type=3, module_name=EE8888
[ERROR] RUNTIME(712964,):2026-01-15-10:29:20.221.009 [error_message_manage.cc:53]712964 FuncErrorReason:rtMemcpy execute failed, reason=[the current capture mode does not support this operation]
[ERROR] ASCENDCL(712964,):2026-01-15-10:29:20.221.227 [memory.cpp:437]712964 aclrtMemcpyImpl: synchronized memcpy failed, kind = 1, runtime result = 107030
[ERROR] RUNTIME(712964,):2026-01-15-10:29:20.285.864 [api_error.cc:1519]712964 MemCopySync:Memory copy sync failed, cnt=72, kind=1.
[ERROR] RUNTIME(712964,):2026-01-15-10:29:20.285.873 [api_c.cc:1197]712964 rtMemcpy:ErrCode=107030, desc=[the current capture mode does not support this operation], InnerCode=0x703001c
[ERROR] RUNTIME(712964,):2026-01-15-10:29:20.285.876 [error_message_manage.cc:53]712964 FuncErrorReason:report error module_type=3, module_name=EE8888
[ERROR] RUNTIME(712964,):2026-01-15-10:29:20.285.879 [error_message_manage.cc:53]712964 FuncErrorReason:rtMemcpy execute failed, reason=[the current capture mode does not support this operation]
[ERROR] ASCENDCL(712964,):2026-01-15-10:29:20.286.071 [memory.cpp:437]712964 aclrtMemcpyImpl: synchronized memcpy failed, kind = 1, runtime result = 107030
[ERROR] RUNTIME(712964,):2026-01-15-10:29:20.352.453 [api_error.cc:1519]712964 MemCopySync:Memory copy sync failed, cnt=416, kind=1.
[ERROR] RUNTIME(712964,):2026-01-15-10:29:20.352.462 [api_c.cc:1197]712964 rtMemcpy:ErrCode=107030, desc=[the current capture mode does not support this operation], InnerCode=0x703001c
[ERROR] RUNTIME(712964,):2026-01-15-10:29:20.352.464 [error_message_manage.cc:53]712964 FuncErrorReason:report error module_type=3, module_name=EE8888
[ERROR] RUNTIME(712964,):2026-01-15-10:29:20.352.467 [error_message_manage.cc:53]712964 FuncErrorReason:rtMemcpy execute failed, reason=[the current capture mode does not support this operation]
[ERROR] ASCENDCL(712964,):2026-01-15-10:29:20.352.699 [memory.cpp:437]712964 aclrtMemcpyImpl: synchronized memcpy failed, kind = 1, runtime result = 107030
[ERROR] RUNTIME(712964,):2026-01-15-10:29:20.425.965 [api_error.cc:1519]712964 MemCopySync:Memory copy sync failed, cnt=72, kind=1.
[ERROR] RUNTIME(712964,):2026-01-15-10:29:20.425.973 [api_c.cc:1197]712964 rtMemcpy:ErrCode=107030, desc=[the current capture mode does not support this operation], InnerCode=0x703001c
[ERROR] RUNTIME(712964,):2026-01-15-10:29:20.425.976 [error_message_manage.cc:53]712964 FuncErrorReason:report error module_type=3, module_name=EE8888
[ERROR] RUNTIME(712964,):2026-01-15-10:29:20.425.978 [error_message_manage.cc:53]712964 FuncErrorReason:rtMemcpy execute failed, reason=[the current capture mode does not support this operation]
[ERROR] ASCENDCL(712964,):2026-01-15-10:29:20.426.238 [memory.cpp:437]712964 aclrtMemcpyImpl: synchronized memcpy failed, kind = 1, runtime result = 107030
[ERROR] RUNTIME(712964,):2026-01-15-10:29:20.505.846 [api_error.cc:1519]712964 MemCopySync:Memory copy sync failed, cnt=416, kind=1.
[ERROR] RUNTIME(712964,):2026-01-15-10:29:20.505.854 [api_c.cc:1197]712964 rtMemcpy:ErrCode=107030, desc=[the current capture mode does not support this operation], InnerCode=0x703001c
[ERROR] RUNTIME(712964,):2026-01-15-10:29:20.505.857 [error_message_manage.cc:53]712964 FuncErrorReason:report error module_type=3, module_name=EE8888
[ERROR] RUNTIME(712964,):2026-01-15-10:29:20.505.859 [error_message_manage.cc:53]712964 FuncErrorReason:rtMemcpy execute failed, reason=[the current capture mode does not support this operation]
[ERROR] ASCENDCL(712964,):2026-01-15-10:29:20.506.074 [memory.cpp:437]712964 aclrtMemcpyImpl: synchronized memcpy failed, kind = 1, runtime result = 107030
[ERROR] RUNTIME(712964,):2026-01-15-10:29:20.582.199 [api_error.cc:1519]712964 MemCopySync:Memory copy sync failed, cnt=72, kind=1.
[ERROR] RUNTIME(712964,):2026-01-15-10:29:20.582.208 [api_c.cc:1197]712964 rtMemcpy:ErrCode=107030, desc=[the current capture mode does not support this operation], InnerCode=0x703001c
[ERROR] RUNTIME(712964,):2026-01-15-10:29:20.582.211 [error_message_manage.cc:53]712964 FuncErrorReason:report error module_type=3, module_name=EE8888
[ERROR] RUNTIME(712964,):2026-01-15-10:29:20.582.214 [error_message_manage.cc:53]712964 FuncErrorReason:rtMemcpy execute failed, reason=[the current capture mode does not support this operation]
[ERROR] ASCENDCL(712964,):2026-01-15-10:29:20.582.476 [memory.cpp:437]712964 aclrtMemcpyImpl: synchronized memcpy failed, kind = 1, runtime result = 107030
[ERROR] RUNTIME(712964,):2026-01-15-10:29:20.659.145 [api_error.cc:1519]712964 MemCopySync:Memory copy sync failed, cnt=416, kind=1.
[ERROR] RUNTIME(712964,):2026-01-15-10:29:20.659.153 [api_c.cc:1197]712964 rtMemcpy:ErrCode=107030, desc=[the current capture mode does not support this operation], InnerCode=0x703001c
[ERROR] RUNTIME(712964,):2026-01-15-10:29:20.659.155 [error_message_manage.cc:53]712964 FuncErrorReason:report error module_type=3, module_name=EE8888
[ERROR] RUNTIME(712964,):2026-01-15-10:29:20.659.158 [error_message_manage.cc:53]712964 FuncErrorReason:rtMemcpy execute failed, reason=[the current capture mode does not support this operation]
[ERROR] ASCENDCL(712964,):2026-01-15-10:29:20.659.441 [memory.cpp:437]712964 aclrtMemcpyImpl: synchronized memcpy failed, kind = 1, runtime result = 107030
[ERROR] RUNTIME(712964,):2026-01-15-10:29:20.707.916 [api_error.cc:1519]712964 MemCopySync:Memory copy sync failed, cnt=72, kind=1.
[ERROR] RUNTIME(712964,):2026-01-15-10:29:20.707.924 [api_c.cc:1197]712964 rtMemcpy:ErrCode=107030, desc=[the current capture mode does not support this operation], InnerCode=0x703001c
[ERROR] RUNTIME(712964,):2026-01-15-10:29:20.707.926 [error_message_manage.cc:53]712964 FuncErrorReason:report error module_type=3, module_name=EE8888
[ERROR] RUNTIME(712964,):2026-01-15-10:29:20.707.928 [error_message_manage.cc:53]712964 FuncErrorReason:rtMemcpy execute failed, reason=[the current capture mode does not support this operation]
[ERROR] ASCENDCL(712964,):2026-01-15-10:29:20.708.130 [memory.cpp:437]712964 aclrtMemcpyImpl: synchronized memcpy failed, kind = 1, runtime result = 107030
[ERROR] RUNTIME(712964,):2026-01-15-10:29:20.770.043 [api_error.cc:1519]712964 MemCopySync:Memory copy sync failed, cnt=416, kind=1.
[ERROR] RUNTIME(712964,):2026-01-15-10:29:20.770.052 [api_c.cc:1197]712964 rtMemcpy:ErrCode=107030, desc=[the current capture mode does not support this operation], InnerCode=0x703001c
[ERROR] RUNTIME(712964,):2026-01-15-10:29:20.770.055 [error_message_manage.cc:53]712964 FuncErrorReason:report error module_type=3, module_name=EE8888
[ERROR] RUNTIME(712964,):2026-01-15-10:29:20.770.057 [error_message_manage.cc:53]712964 FuncErrorReason:rtMemcpy execute failed, reason=[the current capture mode does not support this operation]
[ERROR] ASCENDCL(712964,):2026-01-15-10:29:20.770.330 [memory.cpp:437]712964 aclrtMemcpyImpl: synchronized memcpy failed, kind = 1, runtime result = 107030
[ERROR] RUNTIME(712964,):2026-01-15-10:29:20.843.259 [api_error.cc:1519]712964 MemCopySync:Memory copy sync failed, cnt=72, kind=1.
[ERROR] RUNTIME(712964,):2026-01-15-10:29:20.843.267 [api_c.cc:1197]712964 rtMemcpy:ErrCode=107030, desc=[the current capture mode does not support this operation], InnerCode=0x703001c
[ERROR] RUNTIME(712964,):2026-01-15-10:29:20.843.270 [error_message_manage.cc:53]712964 FuncErrorReason:report error module_type=3, module_name=EE8888
[ERROR] RUNTIME(712964,):2026-01-15-10:29:20.843.272 [error_message_manage.cc:53]712964 FuncErrorReason:rtMemcpy execute failed, reason=[the current capture mode does not support this operation]
[ERROR] ASCENDCL(712964,):2026-01-15-10:29:20.843.562 [memory.cpp:437]712964 aclrtMemcpyImpl: synchronized memcpy failed, kind = 1, runtime result = 107030
[ERROR] RUNTIME(712964,):2026-01-15-10:29:20.918.428 [api_error.cc:1519]712964 MemCopySync:Memory copy sync failed, cnt=416, kind=1.
[ERROR] RUNTIME(712964,):2026-01-15-10:29:20.918.436 [api_c.cc:1197]712964 rtMemcpy:ErrCode=107030, desc=[the current capture mode does not support this operation], InnerCode=0x703001c
[ERROR] RUNTIME(712964,):2026-01-15-10:29:20.918.438 [error_message_manage.cc:53]712964 FuncErrorReason:report error module_type=3, module_name=EE8888
[ERROR] RUNTIME(712964,):2026-01-15-10:29:20.918.441 [error_message_manage.cc:53]712964 FuncErrorReason:rtMemcpy execute failed, reason=[the current capture mode does not support this operation]
[ERROR] ASCENDCL(712964,):2026-01-15-10:29:20.918.632 [memory.cpp:437]712964 aclrtMemcpyImpl: synchronized memcpy failed, kind = 1, runtime result = 107030
[ERROR] RUNTIME(712964,):2026-01-15-10:29:20.993.051 [api_error.cc:1519]712964 MemCopySync:Memory copy sync failed, cnt=72, kind=1.
[ERROR] RUNTIME(712964,):2026-01-15-10:29:20.993.059 [api_c.cc:1197]712964 rtMemcpy:ErrCode=107030, desc=[the current capture mode does not support this operation], InnerCode=0x703001c
[ERROR] RUNTIME(712964,):2026-01-15-10:29:20.993.061 [error_message_manage.cc:53]712964 FuncErrorReason:report error module_type=3, module_name=EE8888
[ERROR] RUNTIME(712964,):2026-01-15-10:29:20.993.064 [error_message_manage.cc:53]712964 FuncErrorReason:rtMemcpy execute failed, reason=[the current capture mode does not support this operation]
[ERROR] ASCENDCL(712964,):2026-01-15-10:29:20.993.377 [memory.cpp:437]712964 aclrtMemcpyImpl: synchronized memcpy failed, kind = 1, runtime result = 107030
[ERROR] RUNTIME(712964,):2026-01-15-10:29:21.070.102 [api_error.cc:1519]712964 MemCopySync:Memory copy sync failed, cnt=416, kind=1.
[ERROR] RUNTIME(712964,):2026-01-15-10:29:21.070.111 [api_c.cc:1197]712964 rtMemcpy:ErrCode=107030, desc=[the current capture mode does not support this operation], InnerCode=0x703001c
[ERROR] RUNTIME(712964,):2026-01-15-10:29:21.070.113 [error_message_manage.cc:53]712964 FuncErrorReason:report error module_type=3, module_name=EE8888
[ERROR] RUNTIME(712964,):2026-01-15-10:29:21.070.116 [error_message_manage.cc:53]712964 FuncErrorReason:rtMemcpy execute failed, reason=[the current capture mode does not support this operation]
[ERROR] ASCENDCL(712964,):2026-01-15-10:29:21.070.360 [memory.cpp:437]712964 aclrtMemcpyImpl: synchronized memcpy failed, kind = 1, runtime result = 107030
[ERROR] RUNTIME(712964,):2026-01-15-10:29:21.140.609 [api_error.cc:1519]712964 MemCopySync:Memory copy sync failed, cnt=72, kind=1.
[ERROR] RUNTIME(712964,):2026-01-15-10:29:21.140.618 [api_c.cc:1197]712964 rtMemcpy:ErrCode=107030, desc=[the current capture mode does not support this operation], InnerCode=0x703001c
[ERROR] RUNTIME(712964,):2026-01-15-10:29:21.140.620 [error_message_manage.cc:53]712964 FuncErrorReason:report error module_type=3, module_name=EE8888
[ERROR] RUNTIME(712964,):2026-01-15-10:29:21.140.623 [error_message_manage.cc:53]712964 FuncErrorReason:rtMemcpy execute failed, reason=[the current capture mode does not support this operation]
[ERROR] ASCENDCL(712964,):2026-01-15-10:29:21.140.830 [memory.cpp:437]712964 aclrtMemcpyImpl: synchronized memcpy failed, kind = 1, runtime result = 107030
[ERROR] RUNTIME(712964,):2026-01-15-10:29:21.207.324 [api_error.cc:1519]712964 MemCopySync:Memory copy sync failed, cnt=416, kind=1.
[ERROR] RUNTIME(712964,):2026-01-15-10:29:21.207.332 [api_c.cc:1197]712964 rtMemcpy:ErrCode=107030, desc=[the current capture mode does not support this operation], InnerCode=0x703001c
[ERROR] RUNTIME(712964,):2026-01-15-10:29:21.207.334 [error_message_manage.cc:53]712964 FuncErrorReason:report error module_type=3, module_name=EE8888
[ERROR] RUNTIME(712964,):2026-01-15-10:29:21.207.337 [error_message_manage.cc:53]712964 FuncErrorReason:rtMemcpy execute failed, reason=[the current capture mode does not support this operation]
[ERROR] ASCENDCL(712964,):2026-01-15-10:29:21.207.598 [memory.cpp:437]712964 aclrtMemcpyImpl: synchronized memcpy failed, kind = 1, runtime result = 107030
[ERROR] RUNTIME(712964,):2026-01-15-10:29:21.257.043 [api_error.cc:1519]712964 MemCopySync:Memory copy sync failed, cnt=72, kind=1.
[ERROR] RUNTIME(712964,):2026-01-15-10:29:21.257.051 [api_c.cc:1197]712964 rtMemcpy:ErrCode=107030, desc=[the current capture mode does not support this operation], InnerCode=0x703001c
[ERROR] RUNTIME(712964,):2026-01-15-10:29:21.257.054 [error_message_manage.cc:53]712964 FuncErrorReason:report error module_type=3, module_name=EE8888
[ERROR] RUNTIME(712964,):2026-01-15-10:29:21.257.056 [error_message_manage.cc:53]712964 FuncErrorReason:rtMemcpy execute failed, reason=[the current capture mode does not support this operation]
[ERROR] ASCENDCL(712964,):2026-01-15-10:29:21.257.260 [memory.cpp:437]712964 aclrtMemcpyImpl: synchronized memcpy failed, kind = 1, runtime result = 107030
[ERROR] RUNTIME(712964,):2026-01-15-10:29:21.324.924 [api_error.cc:1519]712964 MemCopySync:Memory copy sync failed, cnt=416, kind=1.
[ERROR] RUNTIME(712964,):2026-01-15-10:29:21.324.933 [api_c.cc:1197]712964 rtMemcpy:ErrCode=107030, desc=[the current capture mode does not support this operation], InnerCode=0x703001c
[ERROR] RUNTIME(712964,):2026-01-15-10:29:21.324.935 [error_message_manage.cc:53]712964 FuncErrorReason:report error module_type=3, module_name=EE8888
[ERROR] RUNTIME(712964,):2026-01-15-10:29:21.324.938 [error_message_manage.cc:53]712964 FuncErrorReason:rtMemcpy execute failed, reason=[the current capture mode does not support this operation]
[ERROR] ASCENDCL(712964,):2026-01-15-10:29:21.325.138 [memory.cpp:437]712964 aclrtMemcpyImpl: synchronized memcpy failed, kind = 1, runtime result = 107030
[ERROR] RUNTIME(712964,):2026-01-15-10:29:21.399.218 [api_error.cc:1519]712964 MemCopySync:Memory copy sync failed, cnt=72, kind=1.
[ERROR] RUNTIME(712964,):2026-01-15-10:29:21.399.226 [api_c.cc:1197]712964 rtMemcpy:ErrCode=107030, desc=[the current capture mode does not support this operation], InnerCode=0x703001c
[ERROR] RUNTIME(712964,):2026-01-15-10:29:21.399.229 [error_message_manage.cc:53]712964 FuncErrorReason:report error module_type=3, module_name=EE8888
[ERROR] RUNTIME(712964,):2026-01-15-10:29:21.399.232 [error_message_manage.cc:53]712964 FuncErrorReason:rtMemcpy execute failed, reason=[the current capture mode does not support this operation]
[ERROR] ASCENDCL(712964,):2026-01-15-10:29:21.399.528 [memory.cpp:437]712964 aclrtMemcpyImpl: synchronized memcpy failed, kind = 1, runtime result = 107030
[ERROR] RUNTIME(712964,):2026-01-15-10:29:21.475.294 [api_error.cc:1519]712964 MemCopySync:Memory copy sync failed, cnt=416, kind=1.
[ERROR] RUNTIME(712964,):2026-01-15-10:29:21.475.302 [api_c.cc:1197]712964 rtMemcpy:ErrCode=107030, desc=[the current capture mode does not support this operation], InnerCode=0x703001c
[ERROR] RUNTIME(712964,):2026-01-15-10:29:21.475.305 [error_message_manage.cc:53]712964 FuncErrorReason:report error module_type=3, module_name=EE8888
[ERROR] RUNTIME(712964,):2026-01-15-10:29:21.475.308 [error_message_manage.cc:53]712964 FuncErrorReason:rtMemcpy execute failed, reason=[the current capture mode does not support this operation]
[ERROR] ASCENDCL(712964,):2026-01-15-10:29:21.475.565 [memory.cpp:437]712964 aclrtMemcpyImpl: synchronized memcpy failed, kind = 1, runtime result = 107030
[ERROR] RUNTIME(712964,):2026-01-15-10:29:21.545.391 [api_error.cc:1519]712964 MemCopySync:Memory copy sync failed, cnt=72, kind=1.
[ERROR] RUNTIME(712964,):2026-01-15-10:29:21.545.399 [api_c.cc:1197]712964 rtMemcpy:ErrCode=107030, desc=[the current capture mode does not support this operation], InnerCode=0x703001c
[ERROR] RUNTIME(712964,):2026-01-15-10:29:21.545.401 [error_message_manage.cc:53]712964 FuncErrorReason:report error module_type=3, module_name=EE8888
[ERROR] RUNTIME(712964,):2026-01-15-10:29:21.545.404 [error_message_manage.cc:53]712964 FuncErrorReason:rtMemcpy execute failed, reason=[the current capture mode does not support this operation]
[ERROR] ASCENDCL(712964,):2026-01-15-10:29:21.545.633 [memory.cpp:437]712964 aclrtMemcpyImpl: synchronized memcpy failed, kind = 1, runtime result = 107030
[ERROR] RUNTIME(712964,):2026-01-15-10:29:21.616.133 [api_error.cc:1519]712964 MemCopySync:Memory copy sync failed, cnt=416, kind=1.
[ERROR] RUNTIME(712964,):2026-01-15-10:29:21.616.141 [api_c.cc:1197]712964 rtMemcpy:ErrCode=107030, desc=[the current capture mode does not support this operation], InnerCode=0x703001c
[ERROR] RUNTIME(712964,):2026-01-15-10:29:21.616.144 [error_message_manage.cc:53]712964 FuncErrorReason:report error module_type=3, module_name=EE8888
[ERROR] RUNTIME(712964,):2026-01-15-10:29:21.616.147 [error_message_manage.cc:53]712964 FuncErrorReason:rtMemcpy execute failed, reason=[the current capture mode does not support this operation]
[ERROR] ASCENDCL(712964,):2026-01-15-10:29:21.616.345 [memory.cpp:437]712964 aclrtMemcpyImpl: synchronized memcpy failed, kind = 1, runtime result = 107030
[ERROR] RUNTIME(712964,):2026-01-15-10:29:21.691.529 [api_error.cc:1519]712964 MemCopySync:Memory copy sync failed, cnt=72, kind=1.
[ERROR] RUNTIME(712964,):2026-01-15-10:29:21.691.536 [api_c.cc:1197]712964 rtMemcpy:ErrCode=107030, desc=[the current capture mode does not support this operation], InnerCode=0x703001c
[ERROR] RUNTIME(712964,):2026-01-15-10:29:21.691.539 [error_message_manage.cc:53]712964 FuncErrorReason:report error module_type=3, module_name=EE8888
[ERROR] RUNTIME(712964,):2026-01-15-10:29:21.691.541 [error_message_manage.cc:53]712964 FuncErrorReason:rtMemcpy execute failed, reason=[the current capture mode does not support this operation]
[ERROR] ASCENDCL(712964,):2026-01-15-10:29:21.691.756 [memory.cpp:437]712964 aclrtMemcpyImpl: synchronized memcpy failed, kind = 1, runtime result = 107030
[ERROR] RUNTIME(712964,):2026-01-15-10:29:21.766.909 [api_error.cc:1519]712964 MemCopySync:Memory copy sync failed, cnt=416, kind=1.
[ERROR] RUNTIME(712964,):2026-01-15-10:29:21.766.917 [api_c.cc:1197]712964 rtMemcpy:ErrCode=107030, desc=[the current capture mode does not support this operation], InnerCode=0x703001c
[ERROR] RUNTIME(712964,):2026-01-15-10:29:21.766.920 [error_message_manage.cc:53]712964 FuncErrorReason:report error module_type=3, module_name=EE8888
[ERROR] RUNTIME(712964,):2026-01-15-10:29:21.766.923 [error_message_manage.cc:53]712964 FuncErrorReason:rtMemcpy execute failed, reason=[the current capture mode does not support this operation]
[ERROR] ASCENDCL(712964,):2026-01-15-10:29:21.767.264 [memory.cpp:437]712964 aclrtMemcpyImpl: synchronized memcpy failed, kind = 1, runtime result = 107030
[ERROR] RUNTIME(712964,):2026-01-15-10:29:21.837.707 [api_error.cc:1519]712964 MemCopySync:Memory copy sync failed, cnt=72, kind=1.
[ERROR] RUNTIME(712964,):2026-01-15-10:29:21.837.715 [api_c.cc:1197]712964 rtMemcpy:ErrCode=107030, desc=[the current capture mode does not support this operation], InnerCode=0x703001c
[ERROR] RUNTIME(712964,):2026-01-15-10:29:21.837.718 [error_message_manage.cc:53]712964 FuncErrorReason:report error module_type=3, module_name=EE8888
[ERROR] RUNTIME(712964,):2026-01-15-10:29:21.837.720 [error_message_manage.cc:53]712964 FuncErrorReason:rtMemcpy execute failed, reason=[the current capture mode does not support this operation]
[ERROR] ASCENDCL(712964,):2026-01-15-10:29:21.837.914 [memory.cpp:437]712964 aclrtMemcpyImpl: synchronized memcpy failed, kind = 1, runtime result = 107030
[ERROR] RUNTIME(712964,):2026-01-15-10:29:21.910.917 [api_error.cc:1519]712964 MemCopySync:Memory copy sync failed, cnt=416, kind=1.
[ERROR] RUNTIME(712964,):2026-01-15-10:29:21.910.925 [api_c.cc:1197]712964 rtMemcpy:ErrCode=107030, desc=[the current capture mode does not support this operation], InnerCode=0x703001c
[ERROR] RUNTIME(712964,):2026-01-15-10:29:21.910.928 [error_message_manage.cc:53]712964 FuncErrorReason:report error module_type=3, module_name=EE8888
[ERROR] RUNTIME(712964,):2026-01-15-10:29:21.910.931 [error_message_manage.cc:53]712964 FuncErrorReason:rtMemcpy execute failed, reason=[the current capture mode does not support this operation]
[ERROR] ASCENDCL(712964,):2026-01-15-10:29:21.911.140 [memory.cpp:437]712964 aclrtMemcpyImpl: synchronized memcpy failed, kind = 1, runtime result = 107030
[ERROR] RUNTIME(712964,):2026-01-15-10:29:21.976.145 [api_error.cc:1519]712964 MemCopySync:Memory copy sync failed, cnt=72, kind=1.
[ERROR] RUNTIME(712964,):2026-01-15-10:29:21.976.153 [api_c.cc:1197]712964 rtMemcpy:ErrCode=107030, desc=[the current capture mode does not support this operation], InnerCode=0x703001c
[ERROR] RUNTIME(712964,):2026-01-15-10:29:21.976.155 [error_message_manage.cc:53]712964 FuncErrorReason:report error module_type=3, module_name=EE8888
[ERROR] RUNTIME(712964,):2026-01-15-10:29:21.976.158 [error_message_manage.cc:53]712964 FuncErrorReason:rtMemcpy execute failed, reason=[the current capture mode does not support this operation]
[ERROR] ASCENDCL(712964,):2026-01-15-10:29:21.976.424 [memory.cpp:437]712964 aclrtMemcpyImpl: synchronized memcpy failed, kind = 1, runtime result = 107030
[ERROR] RUNTIME(712964,):2026-01-15-10:29:22.042.199 [api_error.cc:1519]712964 MemCopySync:Memory copy sync failed, cnt=416, kind=1.
[ERROR] RUNTIME(712964,):2026-01-15-10:29:22.042.207 [api_c.cc:1197]712964 rtMemcpy:ErrCode=107030, desc=[the current capture mode does not support this operation], InnerCode=0x703001c
[ERROR] RUNTIME(712964,):2026-01-15-10:29:22.042.210 [error_message_manage.cc:53]712964 FuncErrorReason:report error module_type=3, module_name=EE8888
[ERROR] RUNTIME(712964,):2026-01-15-10:29:22.042.213 [error_message_manage.cc:53]712964 FuncErrorReason:rtMemcpy execute failed, reason=[the current capture mode does not support this operation]
[ERROR] ASCENDCL(712964,):2026-01-15-10:29:22.042.445 [memory.cpp:437]712964 aclrtMemcpyImpl: synchronized memcpy failed, kind = 1, runtime result = 107030
[ERROR] RUNTIME(712964,):2026-01-15-10:29:22.110.213 [api_error.cc:1519]712964 MemCopySync:Memory copy sync failed, cnt=72, kind=1.
[ERROR] RUNTIME(712964,):2026-01-15-10:29:22.110.221 [api_c.cc:1197]712964 rtMemcpy:ErrCode=107030, desc=[the current capture mode does not support this operation], InnerCode=0x703001c
[ERROR] RUNTIME(712964,):2026-01-15-10:29:22.110.224 [error_message_manage.cc:53]712964 FuncErrorReason:report error module_type=3, module_name=EE8888
[ERROR] RUNTIME(712964,):2026-01-15-10:29:22.110.226 [error_message_manage.cc:53]712964 FuncErrorReason:rtMemcpy execute failed, reason=[the current capture mode does not support this operation]
[ERROR] ASCENDCL(712964,):2026-01-15-10:29:22.110.407 [memory.cpp:437]712964 aclrtMemcpyImpl: synchronized memcpy failed, kind = 1, runtime result = 107030
[ERROR] RUNTIME(712964,):2026-01-15-10:29:22.180.040 [api_error.cc:1519]712964 MemCopySync:Memory copy sync failed, cnt=416, kind=1.
[ERROR] RUNTIME(712964,):2026-01-15-10:29:22.180.048 [api_c.cc:1197]712964 rtMemcpy:ErrCode=107030, desc=[the current capture mode does not support this operation], InnerCode=0x703001c
[ERROR] RUNTIME(712964,):2026-01-15-10:29:22.180.051 [error_message_manage.cc:53]712964 FuncErrorReason:report error module_type=3, module_name=EE8888
[ERROR] RUNTIME(712964,):2026-01-15-10:29:22.180.054 [error_message_manage.cc:53]712964 FuncErrorReason:rtMemcpy execute failed, reason=[the current capture mode does not support this operation]
[ERROR] ASCENDCL(712964,):2026-01-15-10:29:22.180.337 [memory.cpp:437]712964 aclrtMemcpyImpl: synchronized memcpy failed, kind = 1, runtime result = 107030
[ERROR] RUNTIME(712964,):2026-01-15-10:29:22.249.428 [api_error.cc:1519]712964 MemCopySync:Memory copy sync failed, cnt=72, kind=1.
[ERROR] RUNTIME(712964,):2026-01-15-10:29:22.249.436 [api_c.cc:1197]712964 rtMemcpy:ErrCode=107030, desc=[the current capture mode does not support this operation], InnerCode=0x703001c
[ERROR] RUNTIME(712964,):2026-01-15-10:29:22.249.439 [error_message_manage.cc:53]712964 FuncErrorReason:report error module_type=3, module_name=EE8888
[ERROR] RUNTIME(712964,):2026-01-15-10:29:22.249.442 [error_message_manage.cc:53]712964 FuncErrorReason:rtMemcpy execute failed, reason=[the current capture mode does not support this operation]
[ERROR] ASCENDCL(712964,):2026-01-15-10:29:22.249.668 [memory.cpp:437]712964 aclrtMemcpyImpl: synchronized memcpy failed, kind = 1, runtime result = 107030
[ERROR] RUNTIME(712964,):2026-01-15-10:29:22.322.326 [api_error.cc:1519]712964 MemCopySync:Memory copy sync failed, cnt=416, kind=1.
[ERROR] RUNTIME(712964,):2026-01-15-10:29:22.322.334 [api_c.cc:1197]712964 rtMemcpy:ErrCode=107030, desc=[the current capture mode does not support this operation], InnerCode=0x703001c
[ERROR] RUNTIME(712964,):2026-01-15-10:29:22.322.336 [error_message_manage.cc:53]712964 FuncErrorReason:report error module_type=3, module_name=EE8888
[ERROR] RUNTIME(712964,):2026-01-15-10:29:22.322.339 [error_message_manage.cc:53]712964 FuncErrorReason:rtMemcpy execute failed, reason=[the current capture mode does not support this operation]
[ERROR] ASCENDCL(712964,):2026-01-15-10:29:22.322.661 [memory.cpp:437]712964 aclrtMemcpyImpl: synchronized memcpy failed, kind = 1, runtime result = 107030
[ERROR] RUNTIME(712964,):2026-01-15-10:29:22.395.602 [api_error.cc:1519]712964 MemCopySync:Memory copy sync failed, cnt=72, kind=1.
[ERROR] RUNTIME(712964,):2026-01-15-10:29:22.395.611 [api_c.cc:1197]712964 rtMemcpy:ErrCode=107030, desc=[the current capture mode does not support this operation], InnerCode=0x703001c
[ERROR] RUNTIME(712964,):2026-01-15-10:29:22.395.614 [error_message_manage.cc:53]712964 FuncErrorReason:report error module_type=3, module_name=EE8888
[ERROR] RUNTIME(712964,):2026-01-15-10:29:22.395.617 [error_message_manage.cc:53]712964 FuncErrorReason:rtMemcpy execute failed, reason=[the current capture mode does not support this operation]
[ERROR] ASCENDCL(712964,):2026-01-15-10:29:22.395.994 [memory.cpp:437]712964 aclrtMemcpyImpl: synchronized memcpy failed, kind = 1, runtime result = 107030
[ERROR] RUNTIME(712964,):2026-01-15-10:29:22.466.982 [api_error.cc:1519]712964 MemCopySync:Memory copy sync failed, cnt=416, kind=1.
[ERROR] RUNTIME(712964,):2026-01-15-10:29:22.466.990 [api_c.cc:1197]712964 rtMemcpy:ErrCode=107030, desc=[the current capture mode does not support this operation], InnerCode=0x703001c
[ERROR] RUNTIME(712964,):2026-01-15-10:29:22.466.993 [error_message_manage.cc:53]712964 FuncErrorReason:report error module_type=3, module_name=EE8888
[ERROR] RUNTIME(712964,):2026-01-15-10:29:22.466.996 [error_message_manage.cc:53]712964 FuncErrorReason:rtMemcpy execute failed, reason=[the current capture mode does not support this operation]
[ERROR] ASCENDCL(712964,):2026-01-15-10:29:22.469.141 [memory.cpp:437]712964 aclrtMemcpyImpl: synchronized memcpy failed, kind = 1, runtime result = 107030
[ERROR] RUNTIME(712964,):2026-01-15-10:29:22.536.284 [api_error.cc:1519]712964 MemCopySync:Memory copy sync failed, cnt=72, kind=1.
[ERROR] RUNTIME(712964,):2026-01-15-10:29:22.536.292 [api_c.cc:1197]712964 rtMemcpy:ErrCode=107030, desc=[the current capture mode does not support this operation], InnerCode=0x703001c
[ERROR] RUNTIME(712964,):2026-01-15-10:29:22.536.295 [error_message_manage.cc:53]712964 FuncErrorReason:report error module_type=3, module_name=EE8888
[ERROR] RUNTIME(712964,):2026-01-15-10:29:22.536.297 [error_message_manage.cc:53]712964 FuncErrorReason:rtMemcpy execute failed, reason=[the current capture mode does not support this operation]
[ERROR] ASCENDCL(712964,):2026-01-15-10:29:22.536.488 [memory.cpp:437]712964 aclrtMemcpyImpl: synchronized memcpy failed, kind = 1, runtime result = 107030
[ERROR] RUNTIME(712964,):2026-01-15-10:29:22.674.276 [api_c_stream.cc:412]712964 rtsStreamSetAttribute:report error module_name=EE1001
[ERROR] RUNTIME(712964,):2026-01-15-10:29:22.674.282 [api_c_stream.cc:412]712964 rtsStreamSetAttribute:Invalid stream attribute ID: 4, Supported stream attribute IDs: [1, 4).
[ERROR] RUNTIME(712964,):2026-01-15-10:29:22.674.314 [api_c_stream.cc:416]712964 rtsStreamSetAttribute:ErrCode=107000, desc=[invalid value], InnerCode=0x7110001
[ERROR] RUNTIME(712964,):2026-01-15-10:29:22.674.316 [error_message_manage.cc:48]712964 FuncErrorReason:report error module_name=EE1001
[ERROR] RUNTIME(712964,):2026-01-15-10:29:22.674.319 [error_message_manage.cc:48]712964 FuncErrorReason:rtsStreamSetAttribute execute failed, reason=[invalid value]
[ERROR] ASCENDCL(712964,):2026-01-15-10:29:22.674.607 [stream.cpp:299]712964 aclrtSetStreamAttributeImpl: call rtsStreamSetAttribute failed, runtime result = 107000
[ERROR] RUNTIME(712964,):2026-01-15-10:29:23.129.792 [api_c_stream.cc:412]712964 rtsStreamSetAttribute:report error module_name=EE1001
[ERROR] RUNTIME(712964,):2026-01-15-10:29:23.129.799 [api_c_stream.cc:412]712964 rtsStreamSetAttribute:Invalid stream attribute ID: 4, Supported stream attribute IDs: [1, 4).
[ERROR] RUNTIME(712964,):2026-01-15-10:29:23.129.833 [api_c_stream.cc:416]712964 rtsStreamSetAttribute:ErrCode=107000, desc=[invalid value], InnerCode=0x7110001
[ERROR] RUNTIME(712964,):2026-01-15-10:29:23.129.835 [error_message_manage.cc:48]712964 FuncErrorReason:report error module_name=EE1001
[ERROR] RUNTIME(712964,):2026-01-15-10:29:23.129.838 [error_message_manage.cc:48]712964 FuncErrorReason:rtsStreamSetAttribute execute failed, reason=[invalid value]
[ERROR] ASCENDCL(712964,):2026-01-15-10:29:23.130.046 [stream.cpp:299]712964 aclrtSetStreamAttributeImpl: call rtsStreamSetAttribute failed, runtime result = 107000
[ERROR] RUNTIME(712964,):2026-01-15-10:29:23.695.319 [api_error.cc:1519]712964 MemCopySync:Memory copy sync failed, cnt=416, kind=1.
[ERROR] RUNTIME(712964,):2026-01-15-10:29:23.695.329 [api_c.cc:1197]712964 rtMemcpy:ErrCode=107030, desc=[the current capture mode does not support this operation], InnerCode=0x703001c
[ERROR] RUNTIME(712964,):2026-01-15-10:29:23.695.332 [error_message_manage.cc:53]712964 FuncErrorReason:report error module_type=3, module_name=EE8888
[ERROR] RUNTIME(712964,):2026-01-15-10:29:23.695.335 [error_message_manage.cc:53]712964 FuncErrorReason:rtMemcpy execute failed, reason=[the current capture mode does not support this operation]
[ERROR] ASCENDCL(712964,):2026-01-15-10:29:23.695.657 [memory.cpp:437]712964 aclrtMemcpyImpl: synchronized memcpy failed, kind = 1, runtime result = 107030
[ERROR] RUNTIME(712964,):2026-01-15-10:29:23.696.765 [api_error.cc:1519]712964 MemCopySync:Memory copy sync failed, cnt=72, kind=1.
[ERROR] RUNTIME(712964,):2026-01-15-10:29:23.696.773 [api_c.cc:1197]712964 rtMemcpy:ErrCode=107030, desc=[the current capture mode does not support this operation], InnerCode=0x703001c
[ERROR] RUNTIME(712964,):2026-01-15-10:29:23.696.776 [error_message_manage.cc:53]712964 FuncErrorReason:report error module_type=3, module_name=EE8888
[ERROR] RUNTIME(712964,):2026-01-15-10:29:23.696.779 [error_message_manage.cc:53]712964 FuncErrorReason:rtMemcpy execute failed, reason=[the current capture mode does not support this operation]
[ERROR] ASCENDCL(712964,):2026-01-15-10:29:23.696.985 [memory.cpp:437]712964 aclrtMemcpyImpl: synchronized memcpy failed, kind = 1, runtime result = 107030
[ERROR] RUNTIME(712964,):2026-01-15-10:29:24.450.278 [api_error.cc:1519]712964 MemCopySync:Memory copy sync failed, cnt=416, kind=1.
[ERROR] RUNTIME(712964,):2026-01-15-10:29:24.450.287 [api_c.cc:1197]712964 rtMemcpy:ErrCode=107030, desc=[the current capture mode does not support this operation], InnerCode=0x703001c
[ERROR] RUNTIME(712964,):2026-01-15-10:29:24.450.290 [error_message_manage.cc:53]712964 FuncErrorReason:report error module_type=3, module_name=EE8888
[ERROR] RUNTIME(712964,):2026-01-15-10:29:24.450.293 [error_message_manage.cc:53]712964 FuncErrorReason:rtMemcpy execute failed, reason=[the current capture mode does not support this operation]
[ERROR] ASCENDCL(712964,):2026-01-15-10:29:24.450.598 [memory.cpp:437]712964 aclrtMemcpyImpl: synchronized memcpy failed, kind = 1, runtime result = 107030
[ERROR] RUNTIME(712964,):2026-01-15-10:29:25.251.370 [api_error.cc:1519]712964 MemCopySync:Memory copy sync failed, cnt=72, kind=1.
[ERROR] RUNTIME(712964,):2026-01-15-10:29:25.251.379 [api_c.cc:1197]712964 rtMemcpy:ErrCode=107030, desc=[the current capture mode does not support this operation], InnerCode=0x703001c
[ERROR] RUNTIME(712964,):2026-01-15-10:29:25.251.382 [error_message_manage.cc:53]712964 FuncErrorReason:report error module_type=3, module_name=EE8888
[ERROR] RUNTIME(712964,):2026-01-15-10:29:25.251.386 [error_message_manage.cc:53]712964 FuncErrorReason:rtMemcpy execute failed, reason=[the current capture mode does not support this operation]
[ERROR] ASCENDCL(712964,):2026-01-15-10:29:25.251.681 [memory.cpp:437]712964 aclrtMemcpyImpl: synchronized memcpy failed, kind = 1, runtime result = 107030
[ERROR] RUNTIME(712964,):2026-01-15-10:29:25.981.237 [api_error.cc:1519]712964 MemCopySync:Memory copy sync failed, cnt=416, kind=1.
[ERROR] RUNTIME(712964,):2026-01-15-10:29:25.981.248 [api_c.cc:1197]712964 rtMemcpy:ErrCode=107030, desc=[the current capture mode does not support this operation], InnerCode=0x703001c
[ERROR] RUNTIME(712964,):2026-01-15-10:29:25.981.251 [error_message_manage.cc:53]712964 FuncErrorReason:report error module_type=3, module_name=EE8888
[ERROR] RUNTIME(712964,):2026-01-15-10:29:25.981.254 [error_message_manage.cc:53]712964 FuncErrorReason:rtMemcpy execute failed, reason=[the current capture mode does not support this operation]
[ERROR] ASCENDCL(712964,):2026-01-15-10:29:25.981.567 [memory.cpp:437]712964 aclrtMemcpyImpl: synchronized memcpy failed, kind = 1, runtime result = 107030
[ERROR] RUNTIME(712964,):2026-01-15-10:29:26.744.892 [api_error.cc:1519]712964 MemCopySync:Memory copy sync failed, cnt=72, kind=1.
[ERROR] RUNTIME(712964,):2026-01-15-10:29:26.744.901 [api_c.cc:1197]712964 rtMemcpy:ErrCode=107030, desc=[the current capture mode does not support this operation], InnerCode=0x703001c
[ERROR] RUNTIME(712964,):2026-01-15-10:29:26.744.904 [error_message_manage.cc:53]712964 FuncErrorReason:report error module_type=3, module_name=EE8888
[ERROR] RUNTIME(712964,):2026-01-15-10:29:26.744.907 [error_message_manage.cc:53]712964 FuncErrorReason:rtMemcpy execute failed, reason=[the current capture mode does not support this operation]
[ERROR] ASCENDCL(712964,):2026-01-15-10:29:26.745.236 [memory.cpp:437]712964 aclrtMemcpyImpl: synchronized memcpy failed, kind = 1, runtime result = 107030
[ERROR] RUNTIME(712964,):2026-01-15-10:29:27.483.352 [api_error.cc:1519]712964 MemCopySync:Memory copy sync failed, cnt=416, kind=1.
[ERROR] RUNTIME(712964,):2026-01-15-10:29:27.483.362 [api_c.cc:1197]712964 rtMemcpy:ErrCode=107030, desc=[the current capture mode does not support this operation], InnerCode=0x703001c
[ERROR] RUNTIME(712964,):2026-01-15-10:29:27.483.365 [error_message_manage.cc:53]712964 FuncErrorReason:report error module_type=3, module_name=EE8888
[ERROR] RUNTIME(712964,):2026-01-15-10:29:27.483.368 [error_message_manage.cc:53]712964 FuncErrorReason:rtMemcpy execute failed, reason=[the current capture mode does not support this operation]
[ERROR] ASCENDCL(712964,):2026-01-15-10:29:27.483.706 [memory.cpp:437]712964 aclrtMemcpyImpl: synchronized memcpy failed, kind = 1, runtime result = 107030
[ERROR] RUNTIME(712964,):2026-01-15-10:29:28.259.488 [api_error.cc:1519]712964 MemCopySync:Memory copy sync failed, cnt=72, kind=1.
[ERROR] RUNTIME(712964,):2026-01-15-10:29:28.259.497 [api_c.cc:1197]712964 rtMemcpy:ErrCode=107030, desc=[the current capture mode does not support this operation], InnerCode=0x703001c
[ERROR] RUNTIME(712964,):2026-01-15-10:29:28.259.500 [error_message_manage.cc:53]712964 FuncErrorReason:report error module_type=3, module_name=EE8888
[ERROR] RUNTIME(712964,):2026-01-15-10:29:28.259.504 [error_message_manage.cc:53]712964 FuncErrorReason:rtMemcpy execute failed, reason=[the current capture mode does not support this operation]
[ERROR] ASCENDCL(712964,):2026-01-15-10:29:28.259.791 [memory.cpp:437]712964 aclrtMemcpyImpl: synchronized memcpy failed, kind = 1, runtime result = 107030
[ERROR] RUNTIME(712964,):2026-01-15-10:29:28.351.032 [api_error.cc:1519]712964 MemCopySync:Memory copy sync failed, cnt=416, kind=1.
[ERROR] RUNTIME(712964,):2026-01-15-10:29:28.351.041 [api_c.cc:1197]712964 rtMemcpy:ErrCode=107030, desc=[the current capture mode does not support this operation], InnerCode=0x703001c
[ERROR] RUNTIME(712964,):2026-01-15-10:29:28.351.044 [error_message_manage.cc:53]712964 FuncErrorReason:report error module_type=3, module_name=EE8888
[ERROR] RUNTIME(712964,):2026-01-15-10:29:28.351.046 [error_message_manage.cc:53]712964 FuncErrorReason:rtMemcpy execute failed, reason=[the current capture mode does not support this operation]
[ERROR] ASCENDCL(712964,):2026-01-15-10:29:28.351.281 [memory.cpp:437]712964 aclrtMemcpyImpl: synchronized memcpy failed, kind = 1, runtime result = 107030
[ERROR] RUNTIME(712964,):2026-01-15-10:29:28.443.886 [api_error.cc:1519]712964 MemCopySync:Memory copy sync failed, cnt=72, kind=1.
[ERROR] RUNTIME(712964,):2026-01-15-10:29:28.443.894 [api_c.cc:1197]712964 rtMemcpy:ErrCode=107030, desc=[the current capture mode does not support this operation], InnerCode=0x703001c
[ERROR] RUNTIME(712964,):2026-01-15-10:29:28.443.897 [error_message_manage.cc:53]712964 FuncErrorReason:report error module_type=3, module_name=EE8888
[ERROR] RUNTIME(712964,):2026-01-15-10:29:28.443.900 [error_message_manage.cc:53]712964 FuncErrorReason:rtMemcpy execute failed, reason=[the current capture mode does not support this operation]
[ERROR] ASCENDCL(712964,):2026-01-15-10:29:28.444.195 [memory.cpp:437]712964 aclrtMemcpyImpl: synchronized memcpy failed, kind = 1, runtime result = 107030
[ERROR] RUNTIME(712964,):2026-01-15-10:29:28.534.820 [api_error.cc:1519]712964 MemCopySync:Memory copy sync failed, cnt=416, kind=1.
[ERROR] RUNTIME(712964,):2026-01-15-10:29:28.534.829 [api_c.cc:1197]712964 rtMemcpy:ErrCode=107030, desc=[the current capture mode does not support this operation], InnerCode=0x703001c
[ERROR] RUNTIME(712964,):2026-01-15-10:29:28.534.831 [error_message_manage.cc:53]712964 FuncErrorReason:report error module_type=3, module_name=EE8888
[ERROR] RUNTIME(712964,):2026-01-15-10:29:28.534.834 [error_message_manage.cc:53]712964 FuncErrorReason:rtMemcpy execute failed, reason=[the current capture mode does not support this operation]
[ERROR] ASCENDCL(712964,):2026-01-15-10:29:28.535.103 [memory.cpp:437]712964 aclrtMemcpyImpl: synchronized memcpy failed, kind = 1, runtime result = 107030
[ERROR] RUNTIME(712964,):2026-01-15-10:29:28.627.386 [api_error.cc:1519]712964 MemCopySync:Memory copy sync failed, cnt=72, kind=1.
[ERROR] RUNTIME(712964,):2026-01-15-10:29:28.627.395 [api_c.cc:1197]712964 rtMemcpy:ErrCode=107030, desc=[the current capture mode does not support this operation], InnerCode=0x703001c
[ERROR] RUNTIME(712964,):2026-01-15-10:29:28.627.397 [error_message_manage.cc:53]712964 FuncErrorReason:report error module_type=3, module_name=EE8888
[ERROR] RUNTIME(712964,):2026-01-15-10:29:28.627.400 [error_message_manage.cc:53]712964 FuncErrorReason:rtMemcpy execute failed, reason=[the current capture mode does not support this operation]
[ERROR] ASCENDCL(712964,):2026-01-15-10:29:28.627.716 [memory.cpp:437]712964 aclrtMemcpyImpl: synchronized memcpy failed, kind = 1, runtime result = 107030
[ERROR] RUNTIME(712964,):2026-01-15-10:29:28.720.777 [api_error.cc:1519]712964 MemCopySync:Memory copy sync failed, cnt=416, kind=1.
[ERROR] RUNTIME(712964,):2026-01-15-10:29:28.720.785 [api_c.cc:1197]712964 rtMemcpy:ErrCode=107030, desc=[the current capture mode does not support this operation], InnerCode=0x703001c
[ERROR] RUNTIME(712964,):2026-01-15-10:29:28.720.788 [error_message_manage.cc:53]712964 FuncErrorReason:report error module_type=3, module_name=EE8888
[ERROR] RUNTIME(712964,):2026-01-15-10:29:28.720.790 [error_message_manage.cc:53]712964 FuncErrorReason:rtMemcpy execute failed, reason=[the current capture mode does not support this operation]
[ERROR] ASCENDCL(712964,):2026-01-15-10:29:28.721.029 [memory.cpp:437]712964 aclrtMemcpyImpl: synchronized memcpy failed, kind = 1, runtime result = 107030
[ERROR] RUNTIME(712964,):2026-01-15-10:29:28.805.156 [api_error.cc:1519]712964 MemCopySync:Memory copy sync failed, cnt=72, kind=1.
[ERROR] RUNTIME(712964,):2026-01-15-10:29:28.805.164 [api_c.cc:1197]712964 rtMemcpy:ErrCode=107030, desc=[the current capture mode does not support this operation], InnerCode=0x703001c
[ERROR] RUNTIME(712964,):2026-01-15-10:29:28.805.166 [error_message_manage.cc:53]712964 FuncErrorReason:report error module_type=3, module_name=EE8888
[ERROR] RUNTIME(712964,):2026-01-15-10:29:28.805.169 [error_message_manage.cc:53]712964 FuncErrorReason:rtMemcpy execute failed, reason=[the current capture mode does not support this operation]
[ERROR] ASCENDCL(712964,):2026-01-15-10:29:28.805.433 [memory.cpp:437]712964 aclrtMemcpyImpl: synchronized memcpy failed, kind = 1, runtime result = 107030
[ERROR] RUNTIME(712964,):2026-01-15-10:29:28.887.887 [api_error.cc:1519]712964 MemCopySync:Memory copy sync failed, cnt=416, kind=1.
[ERROR] RUNTIME(712964,):2026-01-15-10:29:28.887.895 [api_c.cc:1197]712964 rtMemcpy:ErrCode=107030, desc=[the current capture mode does not support this operation], InnerCode=0x703001c
[ERROR] RUNTIME(712964,):2026-01-15-10:29:28.887.897 [error_message_manage.cc:53]712964 FuncErrorReason:report error module_type=3, module_name=EE8888
[ERROR] RUNTIME(712964,):2026-01-15-10:29:28.887.900 [error_message_manage.cc:53]712964 FuncErrorReason:rtMemcpy execute failed, reason=[the current capture mode does not support this operation]
[ERROR] ASCENDCL(712964,):2026-01-15-10:29:28.888.127 [memory.cpp:437]712964 aclrtMemcpyImpl: synchronized memcpy failed, kind = 1, runtime result = 107030
[ERROR] RUNTIME(712964,):2026-01-15-10:29:28.962.768 [api_error.cc:1519]712964 MemCopySync:Memory copy sync failed, cnt=72, kind=1.
[ERROR] RUNTIME(712964,):2026-01-15-10:29:28.962.775 [api_c.cc:1197]712964 rtMemcpy:ErrCode=107030, desc=[the current capture mode does not support this operation], InnerCode=0x703001c
[ERROR] RUNTIME(712964,):2026-01-15-10:29:28.962.778 [error_message_manage.cc:53]712964 FuncErrorReason:report error module_type=3, module_name=EE8888
[ERROR] RUNTIME(712964,):2026-01-15-10:29:28.962.780 [error_message_manage.cc:53]712964 FuncErrorReason:rtMemcpy execute failed, reason=[the current capture mode does not support this operation]
[ERROR] ASCENDCL(712964,):2026-01-15-10:29:28.962.990 [memory.cpp:437]712964 aclrtMemcpyImpl: synchronized memcpy failed, kind = 1, runtime result = 107030
[ERROR] RUNTIME(712964,):2026-01-15-10:29:29.024.765 [api_error.cc:1519]712964 MemCopySync:Memory copy sync failed, cnt=416, kind=1.
[ERROR] RUNTIME(712964,):2026-01-15-10:29:29.024.774 [api_c.cc:1197]712964 rtMemcpy:ErrCode=107030, desc=[the current capture mode does not support this operation], InnerCode=0x703001c
[ERROR] RUNTIME(712964,):2026-01-15-10:29:29.024.776 [error_message_manage.cc:53]712964 FuncErrorReason:report error module_type=3, module_name=EE8888
[ERROR] RUNTIME(712964,):2026-01-15-10:29:29.024.779 [error_message_manage.cc:53]712964 FuncErrorReason:rtMemcpy execute failed, reason=[the current capture mode does not support this operation]
[ERROR] ASCENDCL(712964,):2026-01-15-10:29:29.025.063 [memory.cpp:437]712964 aclrtMemcpyImpl: synchronized memcpy failed, kind = 1, runtime result = 107030
[ERROR] RUNTIME(712964,):2026-01-15-10:29:29.070.050 [api_error.cc:1519]712964 MemCopySync:Memory copy sync failed, cnt=72, kind=1.
[ERROR] RUNTIME(712964,):2026-01-15-10:29:29.070.058 [api_c.cc:1197]712964 rtMemcpy:ErrCode=107030, desc=[the current capture mode does not support this operation], InnerCode=0x703001c
[ERROR] RUNTIME(712964,):2026-01-15-10:29:29.070.060 [error_message_manage.cc:53]712964 FuncErrorReason:report error module_type=3, module_name=EE8888
[ERROR] RUNTIME(712964,):2026-01-15-10:29:29.070.063 [error_message_manage.cc:53]712964 FuncErrorReason:rtMemcpy execute failed, reason=[the current capture mode does not support this operation]
[ERROR] ASCENDCL(712964,):2026-01-15-10:29:29.070.284 [memory.cpp:437]712964 aclrtMemcpyImpl: synchronized memcpy failed, kind = 1, runtime result = 107030
[ERROR] RUNTIME(712964,):2026-01-15-10:29:29.143.189 [api_error.cc:1519]712964 MemCopySync:Memory copy sync failed, cnt=416, kind=1.
[ERROR] RUNTIME(712964,):2026-01-15-10:29:29.143.197 [api_c.cc:1197]712964 rtMemcpy:ErrCode=107030, desc=[the current capture mode does not support this operation], InnerCode=0x703001c
[ERROR] RUNTIME(712964,):2026-01-15-10:29:29.143.199 [error_message_manage.cc:53]712964 FuncErrorReason:report error module_type=3, module_name=EE8888
[ERROR] RUNTIME(712964,):2026-01-15-10:29:29.143.202 [error_message_manage.cc:53]712964 FuncErrorReason:rtMemcpy execute failed, reason=[the current capture mode does not support this operation]
[ERROR] ASCENDCL(712964,):2026-01-15-10:29:29.143.444 [memory.cpp:437]712964 aclrtMemcpyImpl: synchronized memcpy failed, kind = 1, runtime result = 107030
[ERROR] RUNTIME(712964,):2026-01-15-10:29:29.222.503 [api_error.cc:1519]712964 MemCopySync:Memory copy sync failed, cnt=72, kind=1.
[ERROR] RUNTIME(712964,):2026-01-15-10:29:29.222.511 [api_c.cc:1197]712964 rtMemcpy:ErrCode=107030, desc=[the current capture mode does not support this operation], InnerCode=0x703001c
[ERROR] RUNTIME(712964,):2026-01-15-10:29:29.222.513 [error_message_manage.cc:53]712964 FuncErrorReason:report error module_type=3, module_name=EE8888
[ERROR] RUNTIME(712964,):2026-01-15-10:29:29.222.516 [error_message_manage.cc:53]712964 FuncErrorReason:rtMemcpy execute failed, reason=[the current capture mode does not support this operation]
[ERROR] ASCENDCL(712964,):2026-01-15-10:29:29.222.817 [memory.cpp:437]712964 aclrtMemcpyImpl: synchronized memcpy failed, kind = 1, runtime result = 107030
[ERROR] RUNTIME(712964,):2026-01-15-10:29:29.304.736 [api_error.cc:1519]712964 MemCopySync:Memory copy sync failed, cnt=416, kind=1.
[ERROR] RUNTIME(712964,):2026-01-15-10:29:29.304.744 [api_c.cc:1197]712964 rtMemcpy:ErrCode=107030, desc=[the current capture mode does not support this operation], InnerCode=0x703001c
[ERROR] RUNTIME(712964,):2026-01-15-10:29:29.304.747 [error_message_manage.cc:53]712964 FuncErrorReason:report error module_type=3, module_name=EE8888
[ERROR] RUNTIME(712964,):2026-01-15-10:29:29.304.750 [error_message_manage.cc:53]712964 FuncErrorReason:rtMemcpy execute failed, reason=[the current capture mode does not support this operation]
[ERROR] ASCENDCL(712964,):2026-01-15-10:29:29.304.969 [memory.cpp:437]712964 aclrtMemcpyImpl: synchronized memcpy failed, kind = 1, runtime result = 107030
[ERROR] RUNTIME(712964,):2026-01-15-10:29:29.380.052 [api_error.cc:1519]712964 MemCopySync:Memory copy sync failed, cnt=72, kind=1.
[ERROR] RUNTIME(712964,):2026-01-15-10:29:29.380.061 [api_c.cc:1197]712964 rtMemcpy:ErrCode=107030, desc=[the current capture mode does not support this operation], InnerCode=0x703001c
[ERROR] RUNTIME(712964,):2026-01-15-10:29:29.380.063 [error_message_manage.cc:53]712964 FuncErrorReason:report error module_type=3, module_name=EE8888
[ERROR] RUNTIME(712964,):2026-01-15-10:29:29.380.066 [error_message_manage.cc:53]712964 FuncErrorReason:rtMemcpy execute failed, reason=[the current capture mode does not support this operation]
[ERROR] ASCENDCL(712964,):2026-01-15-10:29:29.380.314 [memory.cpp:437]712964 aclrtMemcpyImpl: synchronized memcpy failed, kind = 1, runtime result = 107030
[ERROR] RUNTIME(712964,):2026-01-15-10:29:29.455.802 [api_error.cc:1519]712964 MemCopySync:Memory copy sync failed, cnt=416, kind=1.
[ERROR] RUNTIME(712964,):2026-01-15-10:29:29.455.811 [api_c.cc:1197]712964 rtMemcpy:ErrCode=107030, desc=[the current capture mode does not support this operation], InnerCode=0x703001c
[ERROR] RUNTIME(712964,):2026-01-15-10:29:29.455.813 [error_message_manage.cc:53]712964 FuncErrorReason:report error module_type=3, module_name=EE8888
[ERROR] RUNTIME(712964,):2026-01-15-10:29:29.455.816 [error_message_manage.cc:53]712964 FuncErrorReason:rtMemcpy execute failed, reason=[the current capture mode does not support this operation]
[ERROR] ASCENDCL(712964,):2026-01-15-10:29:29.456.034 [memory.cpp:437]712964 aclrtMemcpyImpl: synchronized memcpy failed, kind = 1, runtime result = 107030
[ERROR] RUNTIME(712964,):2026-01-15-10:29:29.523.423 [api_error.cc:1519]712964 MemCopySync:Memory copy sync failed, cnt=72, kind=1.
[ERROR] RUNTIME(712964,):2026-01-15-10:29:29.523.432 [api_c.cc:1197]712964 rtMemcpy:ErrCode=107030, desc=[the current capture mode does not support this operation], InnerCode=0x703001c
[ERROR] RUNTIME(712964,):2026-01-15-10:29:29.523.434 [error_message_manage.cc:53]712964 FuncErrorReason:report error module_type=3, module_name=EE8888
[ERROR] RUNTIME(712964,):2026-01-15-10:29:29.523.437 [error_message_manage.cc:53]712964 FuncErrorReason:rtMemcpy execute failed, reason=[the current capture mode does not support this operation]
[ERROR] ASCENDCL(712964,):2026-01-15-10:29:29.523.693 [memory.cpp:437]712964 aclrtMemcpyImpl: synchronized memcpy failed, kind = 1, runtime result = 107030
[ERROR] RUNTIME(712964,):2026-01-15-10:29:29.579.981 [api_error.cc:1519]712964 MemCopySync:Memory copy sync failed, cnt=416, kind=1.
[ERROR] RUNTIME(712964,):2026-01-15-10:29:29.579.991 [api_c.cc:1197]712964 rtMemcpy:ErrCode=107030, desc=[the current capture mode does not support this operation], InnerCode=0x703001c
[ERROR] RUNTIME(712964,):2026-01-15-10:29:29.579.993 [error_message_manage.cc:53]712964 FuncErrorReason:report error module_type=3, module_name=EE8888
[ERROR] RUNTIME(712964,):2026-01-15-10:29:29.579.996 [error_message_manage.cc:53]712964 FuncErrorReason:rtMemcpy execute failed, reason=[the current capture mode does not support this operation]
[ERROR] ASCENDCL(712964,):2026-01-15-10:29:29.580.204 [memory.cpp:437]712964 aclrtMemcpyImpl: synchronized memcpy failed, kind = 1, runtime result = 107030
[ERROR] RUNTIME(712964,):2026-01-15-10:29:29.637.423 [api_error.cc:1519]712964 MemCopySync:Memory copy sync failed, cnt=72, kind=1.
[ERROR] RUNTIME(712964,):2026-01-15-10:29:29.637.430 [api_c.cc:1197]712964 rtMemcpy:ErrCode=107030, desc=[the current capture mode does not support this operation], InnerCode=0x703001c
[ERROR] RUNTIME(712964,):2026-01-15-10:29:29.637.433 [error_message_manage.cc:53]712964 FuncErrorReason:report error module_type=3, module_name=EE8888
[ERROR] RUNTIME(712964,):2026-01-15-10:29:29.637.435 [error_message_manage.cc:53]712964 FuncErrorReason:rtMemcpy execute failed, reason=[the current capture mode does not support this operation]
[ERROR] ASCENDCL(712964,):2026-01-15-10:29:29.637.642 [memory.cpp:437]712964 aclrtMemcpyImpl: synchronized memcpy failed, kind = 1, runtime result = 107030
[ERROR] RUNTIME(712964,):2026-01-15-10:29:29.705.265 [api_error.cc:1519]712964 MemCopySync:Memory copy sync failed, cnt=416, kind=1.
[ERROR] RUNTIME(712964,):2026-01-15-10:29:29.705.273 [api_c.cc:1197]712964 rtMemcpy:ErrCode=107030, desc=[the current capture mode does not support this operation], InnerCode=0x703001c
[ERROR] RUNTIME(712964,):2026-01-15-10:29:29.705.275 [error_message_manage.cc:53]712964 FuncErrorReason:report error module_type=3, module_name=EE8888
[ERROR] RUNTIME(712964,):2026-01-15-10:29:29.705.278 [error_message_manage.cc:53]712964 FuncErrorReason:rtMemcpy execute failed, reason=[the current capture mode does not support this operation]
[ERROR] ASCENDCL(712964,):2026-01-15-10:29:29.705.503 [memory.cpp:437]712964 aclrtMemcpyImpl: synchronized memcpy failed, kind = 1, runtime result = 107030
[ERROR] RUNTIME(712964,):2026-01-15-10:29:29.780.917 [api_error.cc:1519]712964 MemCopySync:Memory copy sync failed, cnt=72, kind=1.
[ERROR] RUNTIME(712964,):2026-01-15-10:29:29.780.927 [api_c.cc:1197]712964 rtMemcpy:ErrCode=107030, desc=[the current capture mode does not support this operation], InnerCode=0x703001c
[ERROR] RUNTIME(712964,):2026-01-15-10:29:29.780.930 [error_message_manage.cc:53]712964 FuncErrorReason:report error module_type=3, module_name=EE8888
[ERROR] RUNTIME(712964,):2026-01-15-10:29:29.780.933 [error_message_manage.cc:53]712964 FuncErrorReason:rtMemcpy execute failed, reason=[the current capture mode does not support this operation]
[ERROR] ASCENDCL(712964,):2026-01-15-10:29:29.781.168 [memory.cpp:437]712964 aclrtMemcpyImpl: synchronized memcpy failed, kind = 1, runtime result = 107030
[ERROR] RUNTIME(712964,):2026-01-15-10:29:29.854.783 [api_error.cc:1519]712964 MemCopySync:Memory copy sync failed, cnt=416, kind=1.
[ERROR] RUNTIME(712964,):2026-01-15-10:29:29.854.792 [api_c.cc:1197]712964 rtMemcpy:ErrCode=107030, desc=[the current capture mode does not support this operation], InnerCode=0x703001c
[ERROR] RUNTIME(712964,):2026-01-15-10:29:29.854.795 [error_message_manage.cc:53]712964 FuncErrorReason:report error module_type=3, module_name=EE8888
[ERROR] RUNTIME(712964,):2026-01-15-10:29:29.854.798 [error_message_manage.cc:53]712964 FuncErrorReason:rtMemcpy execute failed, reason=[the current capture mode does not support this operation]
[ERROR] ASCENDCL(712964,):2026-01-15-10:29:29.855.059 [memory.cpp:437]712964 aclrtMemcpyImpl: synchronized memcpy failed, kind = 1, runtime result = 107030
[ERROR] RUNTIME(712964,):2026-01-15-10:29:29.924.041 [api_error.cc:1519]712964 MemCopySync:Memory copy sync failed, cnt=72, kind=1.
[ERROR] RUNTIME(712964,):2026-01-15-10:29:29.924.049 [api_c.cc:1197]712964 rtMemcpy:ErrCode=107030, desc=[the current capture mode does not support this operation], InnerCode=0x703001c
[ERROR] RUNTIME(712964,):2026-01-15-10:29:29.924.052 [error_message_manage.cc:53]712964 FuncErrorReason:report error module_type=3, module_name=EE8888
[ERROR] RUNTIME(712964,):2026-01-15-10:29:29.924.054 [error_message_manage.cc:53]712964 FuncErrorReason:rtMemcpy execute failed, reason=[the current capture mode does not support this operation]
[ERROR] ASCENDCL(712964,):2026-01-15-10:29:29.924.287 [memory.cpp:437]712964 aclrtMemcpyImpl: synchronized memcpy failed, kind = 1, runtime result = 107030
[ERROR] RUNTIME(712964,):2026-01-15-10:29:29.992.174 [api_error.cc:1519]712964 MemCopySync:Memory copy sync failed, cnt=416, kind=1.
[ERROR] RUNTIME(712964,):2026-01-15-10:29:29.992.182 [api_c.cc:1197]712964 rtMemcpy:ErrCode=107030, desc=[the current capture mode does not support this operation], InnerCode=0x703001c
[ERROR] RUNTIME(712964,):2026-01-15-10:29:29.992.185 [error_message_manage.cc:53]712964 FuncErrorReason:report error module_type=3, module_name=EE8888
[ERROR] RUNTIME(712964,):2026-01-15-10:29:29.992.188 [error_message_manage.cc:53]712964 FuncErrorReason:rtMemcpy execute failed, reason=[the current capture mode does not support this operation]
[ERROR] ASCENDCL(712964,):2026-01-15-10:29:29.992.448 [memory.cpp:437]712964 aclrtMemcpyImpl: synchronized memcpy failed, kind = 1, runtime result = 107030
[ERROR] RUNTIME(712964,):2026-01-15-10:29:30.047.981 [api_error.cc:1519]712964 MemCopySync:Memory copy sync failed, cnt=72, kind=1.
[ERROR] RUNTIME(712964,):2026-01-15-10:29:30.047.989 [api_c.cc:1197]712964 rtMemcpy:ErrCode=107030, desc=[the current capture mode does not support this operation], InnerCode=0x703001c
[ERROR] RUNTIME(712964,):2026-01-15-10:29:30.047.992 [error_message_manage.cc:53]712964 FuncErrorReason:report error module_type=3, module_name=EE8888
[ERROR] RUNTIME(712964,):2026-01-15-10:29:30.047.994 [error_message_manage.cc:53]712964 FuncErrorReason:rtMemcpy execute failed, reason=[the current capture mode does not support this operation]
[ERROR] ASCENDCL(712964,):2026-01-15-10:29:30.048.243 [memory.cpp:437]712964 aclrtMemcpyImpl: synchronized memcpy failed, kind = 1, runtime result = 107030
[ERROR] RUNTIME(712964,):2026-01-15-10:29:30.117.294 [api_error.cc:1519]712964 MemCopySync:Memory copy sync failed, cnt=416, kind=1.
[ERROR] RUNTIME(712964,):2026-01-15-10:29:30.117.302 [api_c.cc:1197]712964 rtMemcpy:ErrCode=107030, desc=[the current capture mode does not support this operation], InnerCode=0x703001c
[ERROR] RUNTIME(712964,):2026-01-15-10:29:30.117.305 [error_message_manage.cc:53]712964 FuncErrorReason:report error module_type=3, module_name=EE8888
[ERROR] RUNTIME(712964,):2026-01-15-10:29:30.117.308 [error_message_manage.cc:53]712964 FuncErrorReason:rtMemcpy execute failed, reason=[the current capture mode does not support this operation]
[ERROR] ASCENDCL(712964,):2026-01-15-10:29:30.117.534 [memory.cpp:437]712964 aclrtMemcpyImpl: synchronized memcpy failed, kind = 1, runtime result = 107030
[ERROR] RUNTIME(712964,):2026-01-15-10:29:30.198.647 [api_error.cc:1519]712964 MemCopySync:Memory copy sync failed, cnt=72, kind=1.
[ERROR] RUNTIME(712964,):2026-01-15-10:29:30.198.656 [api_c.cc:1197]712964 rtMemcpy:ErrCode=107030, desc=[the current capture mode does not support this operation], InnerCode=0x703001c
[ERROR] RUNTIME(712964,):2026-01-15-10:29:30.198.659 [error_message_manage.cc:53]712964 FuncErrorReason:report error module_type=3, module_name=EE8888
[ERROR] RUNTIME(712964,):2026-01-15-10:29:30.198.661 [error_message_manage.cc:53]712964 FuncErrorReason:rtMemcpy execute failed, reason=[the current capture mode does not support this operation]
[ERROR] ASCENDCL(712964,):2026-01-15-10:29:30.198.975 [memory.cpp:437]712964 aclrtMemcpyImpl: synchronized memcpy failed, kind = 1, runtime result = 107030
[ERROR] RUNTIME(712964,):2026-01-15-10:29:30.279.603 [api_error.cc:1519]712964 MemCopySync:Memory copy sync failed, cnt=416, kind=1.
[ERROR] RUNTIME(712964,):2026-01-15-10:29:30.279.612 [api_c.cc:1197]712964 rtMemcpy:ErrCode=107030, desc=[the current capture mode does not support this operation], InnerCode=0x703001c
[ERROR] RUNTIME(712964,):2026-01-15-10:29:30.279.615 [error_message_manage.cc:53]712964 FuncErrorReason:report error module_type=3, module_name=EE8888
[ERROR] RUNTIME(712964,):2026-01-15-10:29:30.279.618 [error_message_manage.cc:53]712964 FuncErrorReason:rtMemcpy execute failed, reason=[the current capture mode does not support this operation]
[ERROR] ASCENDCL(712964,):2026-01-15-10:29:30.279.909 [memory.cpp:437]712964 aclrtMemcpyImpl: synchronized memcpy failed, kind = 1, runtime result = 107030
[ERROR] RUNTIME(712964,):2026-01-15-10:29:30.346.229 [api_error.cc:1519]712964 MemCopySync:Memory copy sync failed, cnt=72, kind=1.
[ERROR] RUNTIME(712964,):2026-01-15-10:29:30.346.237 [api_c.cc:1197]712964 rtMemcpy:ErrCode=107030, desc=[the current capture mode does not support this operation], InnerCode=0x703001c
[ERROR] RUNTIME(712964,):2026-01-15-10:29:30.346.240 [error_message_manage.cc:53]712964 FuncErrorReason:report error module_type=3, module_name=EE8888
[ERROR] RUNTIME(712964,):2026-01-15-10:29:30.346.243 [error_message_manage.cc:53]712964 FuncErrorReason:rtMemcpy execute failed, reason=[the current capture mode does not support this operation]
[ERROR] ASCENDCL(712964,):2026-01-15-10:29:30.346.505 [memory.cpp:437]712964 aclrtMemcpyImpl: synchronized memcpy failed, kind = 1, runtime result = 107030
[ERROR] RUNTIME(712964,):2026-01-15-10:29:30.408.165 [api_error.cc:1519]712964 MemCopySync:Memory copy sync failed, cnt=416, kind=1.
[ERROR] RUNTIME(712964,):2026-01-15-10:29:30.408.174 [api_c.cc:1197]712964 rtMemcpy:ErrCode=107030, desc=[the current capture mode does not support this operation], InnerCode=0x703001c
[ERROR] RUNTIME(712964,):2026-01-15-10:29:30.408.177 [error_message_manage.cc:53]712964 FuncErrorReason:report error module_type=3, module_name=EE8888
[ERROR] RUNTIME(712964,):2026-01-15-10:29:30.408.180 [error_message_manage.cc:53]712964 FuncErrorReason:rtMemcpy execute failed, reason=[the current capture mode does not support this operation]
[ERROR] ASCENDCL(712964,):2026-01-15-10:29:30.408.470 [memory.cpp:437]712964 aclrtMemcpyImpl: synchronized memcpy failed, kind = 1, runtime result = 107030
[ERROR] RUNTIME(712964,):2026-01-15-10:29:30.458.422 [api_error.cc:1519]712964 MemCopySync:Memory copy sync failed, cnt=72, kind=1.
[ERROR] RUNTIME(712964,):2026-01-15-10:29:30.458.431 [api_c.cc:1197]712964 rtMemcpy:ErrCode=107030, desc=[the current capture mode does not support this operation], InnerCode=0x703001c
[ERROR] RUNTIME(712964,):2026-01-15-10:29:30.458.434 [error_message_manage.cc:53]712964 FuncErrorReason:report error module_type=3, module_name=EE8888
[ERROR] RUNTIME(712964,):2026-01-15-10:29:30.458.436 [error_message_manage.cc:53]712964 FuncErrorReason:rtMemcpy execute failed, reason=[the current capture mode does not support this operation]
[ERROR] ASCENDCL(712964,):2026-01-15-10:29:30.458.726 [memory.cpp:437]712964 aclrtMemcpyImpl: synchronized memcpy failed, kind = 1, runtime result = 107030
[ERROR] RUNTIME(712964,):2026-01-15-10:29:30.532.350 [api_error.cc:1519]712964 MemCopySync:Memory copy sync failed, cnt=416, kind=1.
[ERROR] RUNTIME(712964,):2026-01-15-10:29:30.532.358 [api_c.cc:1197]712964 rtMemcpy:ErrCode=107030, desc=[the current capture mode does not support this operation], InnerCode=0x703001c
[ERROR] RUNTIME(712964,):2026-01-15-10:29:30.532.361 [error_message_manage.cc:53]712964 FuncErrorReason:report error module_type=3, module_name=EE8888
[ERROR] RUNTIME(712964,):2026-01-15-10:29:30.532.364 [error_message_manage.cc:53]712964 FuncErrorReason:rtMemcpy execute failed, reason=[the current capture mode does not support this operation]
[ERROR] ASCENDCL(712964,):2026-01-15-10:29:30.532.622 [memory.cpp:437]712964 aclrtMemcpyImpl: synchronized memcpy failed, kind = 1, runtime result = 107030
[ERROR] RUNTIME(712964,):2026-01-15-10:29:30.607.655 [api_error.cc:1519]712964 MemCopySync:Memory copy sync failed, cnt=72, kind=1.
[ERROR] RUNTIME(712964,):2026-01-15-10:29:30.607.663 [api_c.cc:1197]712964 rtMemcpy:ErrCode=107030, desc=[the current capture mode does not support this operation], InnerCode=0x703001c
[ERROR] RUNTIME(712964,):2026-01-15-10:29:30.607.665 [error_message_manage.cc:53]712964 FuncErrorReason:report error module_type=3, module_name=EE8888
[ERROR] RUNTIME(712964,):2026-01-15-10:29:30.607.668 [error_message_manage.cc:53]712964 FuncErrorReason:rtMemcpy execute failed, reason=[the current capture mode does not support this operation]
[ERROR] ASCENDCL(712964,):2026-01-15-10:29:30.607.932 [memory.cpp:437]712964 aclrtMemcpyImpl: synchronized memcpy failed, kind = 1, runtime result = 107030
[ERROR] RUNTIME(712964,):2026-01-15-10:29:30.687.094 [api_error.cc:1519]712964 MemCopySync:Memory copy sync failed, cnt=416, kind=1.
[ERROR] RUNTIME(712964,):2026-01-15-10:29:30.687.102 [api_c.cc:1197]712964 rtMemcpy:ErrCode=107030, desc=[the current capture mode does not support this operation], InnerCode=0x703001c
[ERROR] RUNTIME(712964,):2026-01-15-10:29:30.687.105 [error_message_manage.cc:53]712964 FuncErrorReason:report error module_type=3, module_name=EE8888
[ERROR] RUNTIME(712964,):2026-01-15-10:29:30.687.108 [error_message_manage.cc:53]712964 FuncErrorReason:rtMemcpy execute failed, reason=[the current capture mode does not support this operation]
[ERROR] ASCENDCL(712964,):2026-01-15-10:29:30.687.336 [memory.cpp:437]712964 aclrtMemcpyImpl: synchronized memcpy failed, kind = 1, runtime result = 107030
[ERROR] RUNTIME(712964,):2026-01-15-10:29:30.761.456 [api_error.cc:1519]712964 MemCopySync:Memory copy sync failed, cnt=72, kind=1.
[ERROR] RUNTIME(712964,):2026-01-15-10:29:30.761.464 [api_c.cc:1197]712964 rtMemcpy:ErrCode=107030, desc=[the current capture mode does not support this operation], InnerCode=0x703001c
[ERROR] RUNTIME(712964,):2026-01-15-10:29:30.761.466 [error_message_manage.cc:53]712964 FuncErrorReason:report error module_type=3, module_name=EE8888
[ERROR] RUNTIME(712964,):2026-01-15-10:29:30.761.469 [error_message_manage.cc:53]712964 FuncErrorReason:rtMemcpy execute failed, reason=[the current capture mode does not support this operation]
[ERROR] ASCENDCL(712964,):2026-01-15-10:29:30.761.693 [memory.cpp:437]712964 aclrtMemcpyImpl: synchronized memcpy failed, kind = 1, runtime result = 107030
[ERROR] RUNTIME(712964,):2026-01-15-10:29:30.829.114 [api_error.cc:1519]712964 MemCopySync:Memory copy sync failed, cnt=416, kind=1.
[ERROR] RUNTIME(712964,):2026-01-15-10:29:30.829.123 [api_c.cc:1197]712964 rtMemcpy:ErrCode=107030, desc=[the current capture mode does not support this operation], InnerCode=0x703001c
[ERROR] RUNTIME(712964,):2026-01-15-10:29:30.829.126 [error_message_manage.cc:53]712964 FuncErrorReason:report error module_type=3, module_name=EE8888
[ERROR] RUNTIME(712964,):2026-01-15-10:29:30.829.129 [error_message_manage.cc:53]712964 FuncErrorReason:rtMemcpy execute failed, reason=[the current capture mode does not support this operation]
[ERROR] ASCENDCL(712964,):2026-01-15-10:29:30.829.396 [memory.cpp:437]712964 aclrtMemcpyImpl: synchronized memcpy failed, kind = 1, runtime result = 107030
[ERROR] RUNTIME(712964,):2026-01-15-10:29:30.884.223 [api_error.cc:1519]712964 MemCopySync:Memory copy sync failed, cnt=72, kind=1.
[ERROR] RUNTIME(712964,):2026-01-15-10:29:30.884.231 [api_c.cc:1197]712964 rtMemcpy:ErrCode=107030, desc=[the current capture mode does not support this operation], InnerCode=0x703001c
[ERROR] RUNTIME(712964,):2026-01-15-10:29:30.884.233 [error_message_manage.cc:53]712964 FuncErrorReason:report error module_type=3, module_name=EE8888
[ERROR] RUNTIME(712964,):2026-01-15-10:29:30.884.236 [error_message_manage.cc:53]712964 FuncErrorReason:rtMemcpy execute failed, reason=[the current capture mode does not support this operation]
[ERROR] ASCENDCL(712964,):2026-01-15-10:29:30.884.477 [memory.cpp:437]712964 aclrtMemcpyImpl: synchronized memcpy failed, kind = 1, runtime result = 107030
[ERROR] RUNTIME(712964,):2026-01-15-10:29:30.947.117 [api_error.cc:1519]712964 MemCopySync:Memory copy sync failed, cnt=416, kind=1.
[ERROR] RUNTIME(712964,):2026-01-15-10:29:30.947.125 [api_c.cc:1197]712964 rtMemcpy:ErrCode=107030, desc=[the current capture mode does not support this operation], InnerCode=0x703001c
[ERROR] RUNTIME(712964,):2026-01-15-10:29:30.947.128 [error_message_manage.cc:53]712964 FuncErrorReason:report error module_type=3, module_name=EE8888
[ERROR] RUNTIME(712964,):2026-01-15-10:29:30.947.131 [error_message_manage.cc:53]712964 FuncErrorReason:rtMemcpy execute failed, reason=[the current capture mode does not support this operation]
[ERROR] ASCENDCL(712964,):2026-01-15-10:29:30.947.326 [memory.cpp:437]712964 aclrtMemcpyImpl: synchronized memcpy failed, kind = 1, runtime result = 107030
[ERROR] RUNTIME(712964,):2026-01-15-10:29:31.022.224 [api_error.cc:1519]712964 MemCopySync:Memory copy sync failed, cnt=72, kind=1.
[ERROR] RUNTIME(712964,):2026-01-15-10:29:31.022.232 [api_c.cc:1197]712964 rtMemcpy:ErrCode=107030, desc=[the current capture mode does not support this operation], InnerCode=0x703001c
[ERROR] RUNTIME(712964,):2026-01-15-10:29:31.022.235 [error_message_manage.cc:53]712964 FuncErrorReason:report error module_type=3, module_name=EE8888
[ERROR] RUNTIME(712964,):2026-01-15-10:29:31.022.238 [error_message_manage.cc:53]712964 FuncErrorReason:rtMemcpy execute failed, reason=[the current capture mode does not support this operation]
[ERROR] ASCENDCL(712964,):2026-01-15-10:29:31.022.494 [memory.cpp:437]712964 aclrtMemcpyImpl: synchronized memcpy failed, kind = 1, runtime result = 107030
[ERROR] RUNTIME(712964,):2026-01-15-10:29:31.109.183 [api_error.cc:1519]712964 MemCopySync:Memory copy sync failed, cnt=416, kind=1.
[ERROR] RUNTIME(712964,):2026-01-15-10:29:31.109.191 [api_c.cc:1197]712964 rtMemcpy:ErrCode=107030, desc=[the current capture mode does not support this operation], InnerCode=0x703001c
[ERROR] RUNTIME(712964,):2026-01-15-10:29:31.109.194 [error_message_manage.cc:53]712964 FuncErrorReason:report error module_type=3, module_name=EE8888
[ERROR] RUNTIME(712964,):2026-01-15-10:29:31.109.196 [error_message_manage.cc:53]712964 FuncErrorReason:rtMemcpy execute failed, reason=[the current capture mode does not support this operation]
[ERROR] ASCENDCL(712964,):2026-01-15-10:29:31.109.500 [memory.cpp:437]712964 aclrtMemcpyImpl: synchronized memcpy failed, kind = 1, runtime result = 107030
[ERROR] RUNTIME(712964,):2026-01-15-10:29:31.188.178 [api_error.cc:1519]712964 MemCopySync:Memory copy sync failed, cnt=72, kind=1.
[ERROR] RUNTIME(712964,):2026-01-15-10:29:31.188.186 [api_c.cc:1197]712964 rtMemcpy:ErrCode=107030, desc=[the current capture mode does not support this operation], InnerCode=0x703001c
[ERROR] RUNTIME(712964,):2026-01-15-10:29:31.188.189 [error_message_manage.cc:53]712964 FuncErrorReason:report error module_type=3, module_name=EE8888
[ERROR] RUNTIME(712964,):2026-01-15-10:29:31.188.191 [error_message_manage.cc:53]712964 FuncErrorReason:rtMemcpy execute failed, reason=[the current capture mode does not support this operation]
[ERROR] ASCENDCL(712964,):2026-01-15-10:29:31.188.414 [memory.cpp:437]712964 aclrtMemcpyImpl: synchronized memcpy failed, kind = 1, runtime result = 107030
[ERROR] RUNTIME(712964,):2026-01-15-10:29:31.257.503 [api_error.cc:1519]712964 MemCopySync:Memory copy sync failed, cnt=416, kind=1.
[ERROR] RUNTIME(712964,):2026-01-15-10:29:31.257.511 [api_c.cc:1197]712964 rtMemcpy:ErrCode=107030, desc=[the current capture mode does not support this operation], InnerCode=0x703001c
[ERROR] RUNTIME(712964,):2026-01-15-10:29:31.257.514 [error_message_manage.cc:53]712964 FuncErrorReason:report error module_type=3, module_name=EE8888
[ERROR] RUNTIME(712964,):2026-01-15-10:29:31.257.517 [error_message_manage.cc:53]712964 FuncErrorReason:rtMemcpy execute failed, reason=[the current capture mode does not support this operation]
[ERROR] ASCENDCL(712964,):2026-01-15-10:29:31.257.748 [memory.cpp:437]712964 aclrtMemcpyImpl: synchronized memcpy failed, kind = 1, runtime result = 107030
[ERROR] RUNTIME(712964,):2026-01-15-10:29:31.332.540 [api_error.cc:1519]712964 MemCopySync:Memory copy sync failed, cnt=72, kind=1.
[ERROR] RUNTIME(712964,):2026-01-15-10:29:31.332.548 [api_c.cc:1197]712964 rtMemcpy:ErrCode=107030, desc=[the current capture mode does not support this operation], InnerCode=0x703001c
[ERROR] RUNTIME(712964,):2026-01-15-10:29:31.332.550 [error_message_manage.cc:53]712964 FuncErrorReason:report error module_type=3, module_name=EE8888
[ERROR] RUNTIME(712964,):2026-01-15-10:29:31.332.553 [error_message_manage.cc:53]712964 FuncErrorReason:rtMemcpy execute failed, reason=[the current capture mode does not support this operation]
[ERROR] ASCENDCL(712964,):2026-01-15-10:29:31.332.853 [memory.cpp:437]712964 aclrtMemcpyImpl: synchronized memcpy failed, kind = 1, runtime result = 107030
[ERROR] RUNTIME(712964,):2026-01-15-10:29:31.410.544 [api_error.cc:1519]712964 MemCopySync:Memory copy sync failed, cnt=416, kind=1.
[ERROR] RUNTIME(712964,):2026-01-15-10:29:31.410.552 [api_c.cc:1197]712964 rtMemcpy:ErrCode=107030, desc=[the current capture mode does not support this operation], InnerCode=0x703001c
[ERROR] RUNTIME(712964,):2026-01-15-10:29:31.410.555 [error_message_manage.cc:53]712964 FuncErrorReason:report error module_type=3, module_name=EE8888
[ERROR] RUNTIME(712964,):2026-01-15-10:29:31.410.557 [error_message_manage.cc:53]712964 FuncErrorReason:rtMemcpy execute failed, reason=[the current capture mode does not support this operation]
[ERROR] ASCENDCL(712964,):2026-01-15-10:29:31.410.857 [memory.cpp:437]712964 aclrtMemcpyImpl: synchronized memcpy failed, kind = 1, runtime result = 107030
[ERROR] RUNTIME(712964,):2026-01-15-10:29:31.487.909 [api_error.cc:1519]712964 MemCopySync:Memory copy sync failed, cnt=72, kind=1.
[ERROR] RUNTIME(712964,):2026-01-15-10:29:31.487.917 [api_c.cc:1197]712964 rtMemcpy:ErrCode=107030, desc=[the current capture mode does not support this operation], InnerCode=0x703001c
[ERROR] RUNTIME(712964,):2026-01-15-10:29:31.487.920 [error_message_manage.cc:53]712964 FuncErrorReason:report error module_type=3, module_name=EE8888
[ERROR] RUNTIME(712964,):2026-01-15-10:29:31.487.922 [error_message_manage.cc:53]712964 FuncErrorReason:rtMemcpy execute failed, reason=[the current capture mode does not support this operation]
[ERROR] ASCENDCL(712964,):2026-01-15-10:29:31.488.161 [memory.cpp:437]712964 aclrtMemcpyImpl: synchronized memcpy failed, kind = 1, runtime result = 107030
[ERROR] RUNTIME(712964,):2026-01-15-10:29:31.560.831 [api_error.cc:1519]712964 MemCopySync:Memory copy sync failed, cnt=416, kind=1.
[ERROR] RUNTIME(712964,):2026-01-15-10:29:31.560.839 [api_c.cc:1197]712964 rtMemcpy:ErrCode=107030, desc=[the current capture mode does not support this operation], InnerCode=0x703001c
[ERROR] RUNTIME(712964,):2026-01-15-10:29:31.560.842 [error_message_manage.cc:53]712964 FuncErrorReason:report error module_type=3, module_name=EE8888
[ERROR] RUNTIME(712964,):2026-01-15-10:29:31.560.845 [error_message_manage.cc:53]712964 FuncErrorReason:rtMemcpy execute failed, reason=[the current capture mode does not support this operation]
[ERROR] ASCENDCL(712964,):2026-01-15-10:29:31.561.081 [memory.cpp:437]712964 aclrtMemcpyImpl: synchronized memcpy failed, kind = 1, runtime result = 107030
[ERROR] RUNTIME(712964,):2026-01-15-10:29:31.630.785 [api_error.cc:1519]712964 MemCopySync:Memory copy sync failed, cnt=72, kind=1.
[ERROR] RUNTIME(712964,):2026-01-15-10:29:31.630.793 [api_c.cc:1197]712964 rtMemcpy:ErrCode=107030, desc=[the current capture mode does not support this operation], InnerCode=0x703001c
[ERROR] RUNTIME(712964,):2026-01-15-10:29:31.630.796 [error_message_manage.cc:53]712964 FuncErrorReason:report error module_type=3, module_name=EE8888
[ERROR] RUNTIME(712964,):2026-01-15-10:29:31.630.799 [error_message_manage.cc:53]712964 FuncErrorReason:rtMemcpy execute failed, reason=[the current capture mode does not support this operation]
[ERROR] ASCENDCL(712964,):2026-01-15-10:29:31.631.108 [memory.cpp:437]712964 aclrtMemcpyImpl: synchronized memcpy failed, kind = 1, runtime result = 107030
[ERROR] RUNTIME(712964,):2026-01-15-10:29:31.699.833 [api_error.cc:1519]712964 MemCopySync:Memory copy sync failed, cnt=416, kind=1.
[ERROR] RUNTIME(712964,):2026-01-15-10:29:31.699.842 [api_c.cc:1197]712964 rtMemcpy:ErrCode=107030, desc=[the current capture mode does not support this operation], InnerCode=0x703001c
[ERROR] RUNTIME(712964,):2026-01-15-10:29:31.699.845 [error_message_manage.cc:53]712964 FuncErrorReason:report error module_type=3, module_name=EE8888
[ERROR] RUNTIME(712964,):2026-01-15-10:29:31.699.849 [error_message_manage.cc:53]712964 FuncErrorReason:rtMemcpy execute failed, reason=[the current capture mode does not support this operation]
[ERROR] ASCENDCL(712964,):2026-01-15-10:29:31.700.110 [memory.cpp:437]712964 aclrtMemcpyImpl: synchronized memcpy failed, kind = 1, runtime result = 107030
[ERROR] RUNTIME(712964,):2026-01-15-10:29:31.763.583 [api_error.cc:1519]712964 MemCopySync:Memory copy sync failed, cnt=72, kind=1.
[ERROR] RUNTIME(712964,):2026-01-15-10:29:31.763.591 [api_c.cc:1197]712964 rtMemcpy:ErrCode=107030, desc=[the current capture mode does not support this operation], InnerCode=0x703001c
[ERROR] RUNTIME(712964,):2026-01-15-10:29:31.763.594 [error_message_manage.cc:53]712964 FuncErrorReason:report error module_type=3, module_name=EE8888
[ERROR] RUNTIME(712964,):2026-01-15-10:29:31.763.596 [error_message_manage.cc:53]712964 FuncErrorReason:rtMemcpy execute failed, reason=[the current capture mode does not support this operation]
[ERROR] ASCENDCL(712964,):2026-01-15-10:29:31.763.793 [memory.cpp:437]712964 aclrtMemcpyImpl: synchronized memcpy failed, kind = 1, runtime result = 107030
[ERROR] RUNTIME(712964,):2026-01-15-10:29:31.832.911 [api_error.cc:1519]712964 MemCopySync:Memory copy sync failed, cnt=416, kind=1.
[ERROR] RUNTIME(712964,):2026-01-15-10:29:31.832.920 [api_c.cc:1197]712964 rtMemcpy:ErrCode=107030, desc=[the current capture mode does not support this operation], InnerCode=0x703001c
[ERROR] RUNTIME(712964,):2026-01-15-10:29:31.832.923 [error_message_manage.cc:53]712964 FuncErrorReason:report error module_type=3, module_name=EE8888
[ERROR] RUNTIME(712964,):2026-01-15-10:29:31.832.925 [error_message_manage.cc:53]712964 FuncErrorReason:rtMemcpy execute failed, reason=[the current capture mode does not support this operation]
[ERROR] ASCENDCL(712964,):2026-01-15-10:29:31.833.239 [memory.cpp:437]712964 aclrtMemcpyImpl: synchronized memcpy failed, kind = 1, runtime result = 107030
[ERROR] RUNTIME(712964,):2026-01-15-10:29:31.909.534 [api_error.cc:1519]712964 MemCopySync:Memory copy sync failed, cnt=72, kind=1.
[ERROR] RUNTIME(712964,):2026-01-15-10:29:31.909.543 [api_c.cc:1197]712964 rtMemcpy:ErrCode=107030, desc=[the current capture mode does not support this operation], InnerCode=0x703001c
[ERROR] RUNTIME(712964,):2026-01-15-10:29:31.909.545 [error_message_manage.cc:53]712964 FuncErrorReason:report error module_type=3, module_name=EE8888
[ERROR] RUNTIME(712964,):2026-01-15-10:29:31.909.548 [error_message_manage.cc:53]712964 FuncErrorReason:rtMemcpy execute failed, reason=[the current capture mode does not support this operation]
[ERROR] ASCENDCL(712964,):2026-01-15-10:29:31.909.875 [memory.cpp:437]712964 aclrtMemcpyImpl: synchronized memcpy failed, kind = 1, runtime result = 107030
[ERROR] RUNTIME(712964,):2026-01-15-10:29:31.989.634 [api_error.cc:1519]712964 MemCopySync:Memory copy sync failed, cnt=416, kind=1.
[ERROR] RUNTIME(712964,):2026-01-15-10:29:31.989.642 [api_c.cc:1197]712964 rtMemcpy:ErrCode=107030, desc=[the current capture mode does not support this operation], InnerCode=0x703001c
[ERROR] RUNTIME(712964,):2026-01-15-10:29:31.989.645 [error_message_manage.cc:53]712964 FuncErrorReason:report error module_type=3, module_name=EE8888
[ERROR] RUNTIME(712964,):2026-01-15-10:29:31.989.648 [error_message_manage.cc:53]712964 FuncErrorReason:rtMemcpy execute failed, reason=[the current capture mode does not support this operation]
[ERROR] ASCENDCL(712964,):2026-01-15-10:29:31.989.859 [memory.cpp:437]712964 aclrtMemcpyImpl: synchronized memcpy failed, kind = 1, runtime result = 107030
[ERROR] RUNTIME(712964,):2026-01-15-10:29:32.070.565 [api_error.cc:1519]712964 MemCopySync:Memory copy sync failed, cnt=72, kind=1.
[ERROR] RUNTIME(712964,):2026-01-15-10:29:32.070.573 [api_c.cc:1197]712964 rtMemcpy:ErrCode=107030, desc=[the current capture mode does not support this operation], InnerCode=0x703001c
[ERROR] RUNTIME(712964,):2026-01-15-10:29:32.070.576 [error_message_manage.cc:53]712964 FuncErrorReason:report error module_type=3, module_name=EE8888
[ERROR] RUNTIME(712964,):2026-01-15-10:29:32.070.578 [error_message_manage.cc:53]712964 FuncErrorReason:rtMemcpy execute failed, reason=[the current capture mode does not support this operation]
[ERROR] ASCENDCL(712964,):2026-01-15-10:29:32.070.932 [memory.cpp:437]712964 aclrtMemcpyImpl: synchronized memcpy failed, kind = 1, runtime result = 107030
[ERROR] RUNTIME(712964,):2026-01-15-10:29:32.147.223 [api_error.cc:1519]712964 MemCopySync:Memory copy sync failed, cnt=416, kind=1.
[ERROR] RUNTIME(712964,):2026-01-15-10:29:32.147.231 [api_c.cc:1197]712964 rtMemcpy:ErrCode=107030, desc=[the current capture mode does not support this operation], InnerCode=0x703001c
[ERROR] RUNTIME(712964,):2026-01-15-10:29:32.147.234 [error_message_manage.cc:53]712964 FuncErrorReason:report error module_type=3, module_name=EE8888
[ERROR] RUNTIME(712964,):2026-01-15-10:29:32.147.237 [error_message_manage.cc:53]712964 FuncErrorReason:rtMemcpy execute failed, reason=[the current capture mode does not support this operation]
[ERROR] ASCENDCL(712964,):2026-01-15-10:29:32.147.470 [memory.cpp:437]712964 aclrtMemcpyImpl: synchronized memcpy failed, kind = 1, runtime result = 107030
[ERROR] RUNTIME(712964,):2026-01-15-10:29:32.228.527 [api_error.cc:1519]712964 MemCopySync:Memory copy sync failed, cnt=72, kind=1.
[ERROR] RUNTIME(712964,):2026-01-15-10:29:32.228.535 [api_c.cc:1197]712964 rtMemcpy:ErrCode=107030, desc=[the current capture mode does not support this operation], InnerCode=0x703001c
[ERROR] RUNTIME(712964,):2026-01-15-10:29:32.228.538 [error_message_manage.cc:53]712964 FuncErrorReason:report error module_type=3, module_name=EE8888
[ERROR] RUNTIME(712964,):2026-01-15-10:29:32.228.540 [error_message_manage.cc:53]712964 FuncErrorReason:rtMemcpy execute failed, reason=[the current capture mode does not support this operation]
[ERROR] ASCENDCL(712964,):2026-01-15-10:29:32.228.805 [memory.cpp:437]712964 aclrtMemcpyImpl: synchronized memcpy failed, kind = 1, runtime result = 107030
[ERROR] RUNTIME(712964,):2026-01-15-10:29:32.300.508 [api_error.cc:1519]712964 MemCopySync:Memory copy sync failed, cnt=416, kind=1.
[ERROR] RUNTIME(712964,):2026-01-15-10:29:32.300.517 [api_c.cc:1197]712964 rtMemcpy:ErrCode=107030, desc=[the current capture mode does not support this operation], InnerCode=0x703001c
[ERROR] RUNTIME(712964,):2026-01-15-10:29:32.300.519 [error_message_manage.cc:53]712964 FuncErrorReason:report error module_type=3, module_name=EE8888
[ERROR] RUNTIME(712964,):2026-01-15-10:29:32.300.522 [error_message_manage.cc:53]712964 FuncErrorReason:rtMemcpy execute failed, reason=[the current capture mode does not support this operation]
[ERROR] ASCENDCL(712964,):2026-01-15-10:29:32.300.728 [memory.cpp:437]712964 aclrtMemcpyImpl: synchronized memcpy failed, kind = 1, runtime result = 107030
[ERROR] RUNTIME(712964,):2026-01-15-10:29:32.367.928 [api_error.cc:1519]712964 MemCopySync:Memory copy sync failed, cnt=72, kind=1.
[ERROR] RUNTIME(712964,):2026-01-15-10:29:32.367.937 [api_c.cc:1197]712964 rtMemcpy:ErrCode=107030, desc=[the current capture mode does not support this operation], InnerCode=0x703001c
[ERROR] RUNTIME(712964,):2026-01-15-10:29:32.367.939 [error_message_manage.cc:53]712964 FuncErrorReason:report error module_type=3, module_name=EE8888
[ERROR] RUNTIME(712964,):2026-01-15-10:29:32.367.942 [error_message_manage.cc:53]712964 FuncErrorReason:rtMemcpy execute failed, reason=[the current capture mode does not support this operation]
[ERROR] ASCENDCL(712964,):2026-01-15-10:29:32.368.134 [memory.cpp:437]712964 aclrtMemcpyImpl: synchronized memcpy failed, kind = 1, runtime result = 107030
[ERROR] RUNTIME(712964,):2026-01-15-10:29:32.423.514 [api_error.cc:1519]712964 MemCopySync:Memory copy sync failed, cnt=416, kind=1.
[ERROR] RUNTIME(712964,):2026-01-15-10:29:32.423.523 [api_c.cc:1197]712964 rtMemcpy:ErrCode=107030, desc=[the current capture mode does not support this operation], InnerCode=0x703001c
[ERROR] RUNTIME(712964,):2026-01-15-10:29:32.423.526 [error_message_manage.cc:53]712964 FuncErrorReason:report error module_type=3, module_name=EE8888
[ERROR] RUNTIME(712964,):2026-01-15-10:29:32.423.529 [error_message_manage.cc:53]712964 FuncErrorReason:rtMemcpy execute failed, reason=[the current capture mode does not support this operation]
[ERROR] ASCENDCL(712964,):2026-01-15-10:29:32.423.814 [memory.cpp:437]712964 aclrtMemcpyImpl: synchronized memcpy failed, kind = 1, runtime result = 107030
[ERROR] RUNTIME(712964,):2026-01-15-10:29:32.483.796 [api_error.cc:1519]712964 MemCopySync:Memory copy sync failed, cnt=72, kind=1.
[ERROR] RUNTIME(712964,):2026-01-15-10:29:32.483.804 [api_c.cc:1197]712964 rtMemcpy:ErrCode=107030, desc=[the current capture mode does not support this operation], InnerCode=0x703001c
[ERROR] RUNTIME(712964,):2026-01-15-10:29:32.483.806 [error_message_manage.cc:53]712964 FuncErrorReason:report error module_type=3, module_name=EE8888
[ERROR] RUNTIME(712964,):2026-01-15-10:29:32.483.809 [error_message_manage.cc:53]712964 FuncErrorReason:rtMemcpy execute failed, reason=[the current capture mode does not support this operation]
[ERROR] ASCENDCL(712964,):2026-01-15-10:29:32.484.047 [memory.cpp:437]712964 aclrtMemcpyImpl: synchronized memcpy failed, kind = 1, runtime result = 107030
[ERROR] RUNTIME(712964,):2026-01-15-10:29:32.560.696 [api_error.cc:1519]712964 MemCopySync:Memory copy sync failed, cnt=416, kind=1.
[ERROR] RUNTIME(712964,):2026-01-15-10:29:32.560.705 [api_c.cc:1197]712964 rtMemcpy:ErrCode=107030, desc=[the current capture mode does not support this operation], InnerCode=0x703001c
[ERROR] RUNTIME(712964,):2026-01-15-10:29:32.560.707 [error_message_manage.cc:53]712964 FuncErrorReason:report error module_type=3, module_name=EE8888
[ERROR] RUNTIME(712964,):2026-01-15-10:29:32.560.710 [error_message_manage.cc:53]712964 FuncErrorReason:rtMemcpy execute failed, reason=[the current capture mode does not support this operation]
[ERROR] ASCENDCL(712964,):2026-01-15-10:29:32.560.920 [memory.cpp:437]712964 aclrtMemcpyImpl: synchronized memcpy failed, kind = 1, runtime result = 107030
[ERROR] RUNTIME(712964,):2026-01-15-10:29:32.633.899 [api_error.cc:1519]712964 MemCopySync:Memory copy sync failed, cnt=72, kind=1.
[ERROR] RUNTIME(712964,):2026-01-15-10:29:32.633.908 [api_c.cc:1197]712964 rtMemcpy:ErrCode=107030, desc=[the current capture mode does not support this operation], InnerCode=0x703001c
[ERROR] RUNTIME(712964,):2026-01-15-10:29:32.633.910 [error_message_manage.cc:53]712964 FuncErrorReason:report error module_type=3, module_name=EE8888
[ERROR] RUNTIME(712964,):2026-01-15-10:29:32.633.913 [error_message_manage.cc:53]712964 FuncErrorReason:rtMemcpy execute failed, reason=[the current capture mode does not support this operation]
[ERROR] ASCENDCL(712964,):2026-01-15-10:29:32.634.185 [memory.cpp:437]712964 aclrtMemcpyImpl: synchronized memcpy failed, kind = 1, runtime result = 107030
[ERROR] RUNTIME(712964,):2026-01-15-10:29:32.707.017 [api_error.cc:1519]712964 MemCopySync:Memory copy sync failed, cnt=416, kind=1.
[ERROR] RUNTIME(712964,):2026-01-15-10:29:32.707.025 [api_c.cc:1197]712964 rtMemcpy:ErrCode=107030, desc=[the current capture mode does not support this operation], InnerCode=0x703001c
[ERROR] RUNTIME(712964,):2026-01-15-10:29:32.707.028 [error_message_manage.cc:53]712964 FuncErrorReason:report error module_type=3, module_name=EE8888
[ERROR] RUNTIME(712964,):2026-01-15-10:29:32.707.030 [error_message_manage.cc:53]712964 FuncErrorReason:rtMemcpy execute failed, reason=[the current capture mode does not support this operation]
[ERROR] ASCENDCL(712964,):2026-01-15-10:29:32.707.243 [memory.cpp:437]712964 aclrtMemcpyImpl: synchronized memcpy failed, kind = 1, runtime result = 107030
[ERROR] RUNTIME(712964,):2026-01-15-10:29:32.765.176 [api_error.cc:1519]712964 MemCopySync:Memory copy sync failed, cnt=72, kind=1.
[ERROR] RUNTIME(712964,):2026-01-15-10:29:32.765.184 [api_c.cc:1197]712964 rtMemcpy:ErrCode=107030, desc=[the current capture mode does not support this operation], InnerCode=0x703001c
[ERROR] RUNTIME(712964,):2026-01-15-10:29:32.765.186 [error_message_manage.cc:53]712964 FuncErrorReason:report error module_type=3, module_name=EE8888
[ERROR] RUNTIME(712964,):2026-01-15-10:29:32.765.189 [error_message_manage.cc:53]712964 FuncErrorReason:rtMemcpy execute failed, reason=[the current capture mode does not support this operation]
[ERROR] ASCENDCL(712964,):2026-01-15-10:29:32.765.376 [memory.cpp:437]712964 aclrtMemcpyImpl: synchronized memcpy failed, kind = 1, runtime result = 107030
[ERROR] RUNTIME(712964,):2026-01-15-10:29:32.834.544 [api_error.cc:1519]712964 MemCopySync:Memory copy sync failed, cnt=416, kind=1.
[ERROR] RUNTIME(712964,):2026-01-15-10:29:32.834.553 [api_c.cc:1197]712964 rtMemcpy:ErrCode=107030, desc=[the current capture mode does not support this operation], InnerCode=0x703001c
[ERROR] RUNTIME(712964,):2026-01-15-10:29:32.834.556 [error_message_manage.cc:53]712964 FuncErrorReason:report error module_type=3, module_name=EE8888
[ERROR] RUNTIME(712964,):2026-01-15-10:29:32.834.559 [error_message_manage.cc:53]712964 FuncErrorReason:rtMemcpy execute failed, reason=[the current capture mode does not support this operation]
[ERROR] ASCENDCL(712964,):2026-01-15-10:29:32.834.846 [memory.cpp:437]712964 aclrtMemcpyImpl: synchronized memcpy failed, kind = 1, runtime result = 107030
[ERROR] RUNTIME(712964,):2026-01-15-10:29:32.888.670 [api_error.cc:1519]712964 MemCopySync:Memory copy sync failed, cnt=72, kind=1.
[ERROR] RUNTIME(712964,):2026-01-15-10:29:32.888.680 [api_c.cc:1197]712964 rtMemcpy:ErrCode=107030, desc=[the current capture mode does not support this operation], InnerCode=0x703001c
[ERROR] RUNTIME(712964,):2026-01-15-10:29:32.888.682 [error_message_manage.cc:53]712964 FuncErrorReason:report error module_type=3, module_name=EE8888
[ERROR] RUNTIME(712964,):2026-01-15-10:29:32.888.685 [error_message_manage.cc:53]712964 FuncErrorReason:rtMemcpy execute failed, reason=[the current capture mode does not support this operation]
[ERROR] ASCENDCL(712964,):2026-01-15-10:29:32.888.940 [memory.cpp:437]712964 aclrtMemcpyImpl: synchronized memcpy failed, kind = 1, runtime result = 107030
[ERROR] RUNTIME(712964,):2026-01-15-10:29:32.946.639 [api_error.cc:1519]712964 MemCopySync:Memory copy sync failed, cnt=416, kind=1.
[ERROR] RUNTIME(712964,):2026-01-15-10:29:32.946.648 [api_c.cc:1197]712964 rtMemcpy:ErrCode=107030, desc=[the current capture mode does not support this operation], InnerCode=0x703001c
[ERROR] RUNTIME(712964,):2026-01-15-10:29:32.946.651 [error_message_manage.cc:53]712964 FuncErrorReason:report error module_type=3, module_name=EE8888
[ERROR] RUNTIME(712964,):2026-01-15-10:29:32.946.654 [error_message_manage.cc:53]712964 FuncErrorReason:rtMemcpy execute failed, reason=[the current capture mode does not support this operation]
[ERROR] ASCENDCL(712964,):2026-01-15-10:29:32.946.895 [memory.cpp:437]712964 aclrtMemcpyImpl: synchronized memcpy failed, kind = 1, runtime result = 107030
[ERROR] RUNTIME(712964,):2026-01-15-10:29:33.010.378 [api_error.cc:1519]712964 MemCopySync:Memory copy sync failed, cnt=72, kind=1.
[ERROR] RUNTIME(712964,):2026-01-15-10:29:33.010.386 [api_c.cc:1197]712964 rtMemcpy:ErrCode=107030, desc=[the current capture mode does not support this operation], InnerCode=0x703001c
[ERROR] RUNTIME(712964,):2026-01-15-10:29:33.010.388 [error_message_manage.cc:53]712964 FuncErrorReason:report error module_type=3, module_name=EE8888
[ERROR] RUNTIME(712964,):2026-01-15-10:29:33.010.391 [error_message_manage.cc:53]712964 FuncErrorReason:rtMemcpy execute failed, reason=[the current capture mode does not support this operation]
[ERROR] ASCENDCL(712964,):2026-01-15-10:29:33.010.695 [memory.cpp:437]712964 aclrtMemcpyImpl: synchronized memcpy failed, kind = 1, runtime result = 107030
[ERROR] RUNTIME(712964,):2026-01-15-10:29:33.086.558 [api_error.cc:1519]712964 MemCopySync:Memory copy sync failed, cnt=416, kind=1.
[ERROR] RUNTIME(712964,):2026-01-15-10:29:33.086.566 [api_c.cc:1197]712964 rtMemcpy:ErrCode=107030, desc=[the current capture mode does not support this operation], InnerCode=0x703001c
[ERROR] RUNTIME(712964,):2026-01-15-10:29:33.086.569 [error_message_manage.cc:53]712964 FuncErrorReason:report error module_type=3, module_name=EE8888
[ERROR] RUNTIME(712964,):2026-01-15-10:29:33.086.572 [error_message_manage.cc:53]712964 FuncErrorReason:rtMemcpy execute failed, reason=[the current capture mode does not support this operation]
[ERROR] ASCENDCL(712964,):2026-01-15-10:29:33.086.778 [memory.cpp:437]712964 aclrtMemcpyImpl: synchronized memcpy failed, kind = 1, runtime result = 107030
[ERROR] RUNTIME(712964,):2026-01-15-10:29:33.155.470 [api_error.cc:1519]712964 MemCopySync:Memory copy sync failed, cnt=72, kind=1.
[ERROR] RUNTIME(712964,):2026-01-15-10:29:33.155.478 [api_c.cc:1197]712964 rtMemcpy:ErrCode=107030, desc=[the current capture mode does not support this operation], InnerCode=0x703001c
[ERROR] RUNTIME(712964,):2026-01-15-10:29:33.155.481 [error_message_manage.cc:53]712964 FuncErrorReason:report error module_type=3, module_name=EE8888
[ERROR] RUNTIME(712964,):2026-01-15-10:29:33.155.483 [error_message_manage.cc:53]712964 FuncErrorReason:rtMemcpy execute failed, reason=[the current capture mode does not support this operation]
[ERROR] ASCENDCL(712964,):2026-01-15-10:29:33.155.694 [memory.cpp:437]712964 aclrtMemcpyImpl: synchronized memcpy failed, kind = 1, runtime result = 107030
[ERROR] RUNTIME(712964,):2026-01-15-10:29:33.216.915 [api_error.cc:1519]712964 MemCopySync:Memory copy sync failed, cnt=416, kind=1.
[ERROR] RUNTIME(712964,):2026-01-15-10:29:33.216.926 [api_c.cc:1197]712964 rtMemcpy:ErrCode=107030, desc=[the current capture mode does not support this operation], InnerCode=0x703001c
[ERROR] RUNTIME(712964,):2026-01-15-10:29:33.216.928 [error_message_manage.cc:53]712964 FuncErrorReason:report error module_type=3, module_name=EE8888
[ERROR] RUNTIME(712964,):2026-01-15-10:29:33.216.933 [error_message_manage.cc:53]712964 FuncErrorReason:rtMemcpy execute failed, reason=[the current capture mode does not support this operation]
[ERROR] ASCENDCL(712964,):2026-01-15-10:29:33.217.231 [memory.cpp:437]712964 aclrtMemcpyImpl: synchronized memcpy failed, kind = 1, runtime result = 107030
[ERROR] RUNTIME(712964,):2026-01-15-10:29:33.269.083 [api_error.cc:1519]712964 MemCopySync:Memory copy sync failed, cnt=72, kind=1.
[ERROR] RUNTIME(712964,):2026-01-15-10:29:33.269.091 [api_c.cc:1197]712964 rtMemcpy:ErrCode=107030, desc=[the current capture mode does not support this operation], InnerCode=0x703001c
[ERROR] RUNTIME(712964,):2026-01-15-10:29:33.269.093 [error_message_manage.cc:53]712964 FuncErrorReason:report error module_type=3, module_name=EE8888
[ERROR] RUNTIME(712964,):2026-01-15-10:29:33.269.096 [error_message_manage.cc:53]712964 FuncErrorReason:rtMemcpy execute failed, reason=[the current capture mode does not support this operation]
[ERROR] ASCENDCL(712964,):2026-01-15-10:29:33.269.324 [memory.cpp:437]712964 aclrtMemcpyImpl: synchronized memcpy failed, kind = 1, runtime result = 107030
[ERROR] RUNTIME(712964,):2026-01-15-10:29:33.333.451 [api_error.cc:1519]712964 MemCopySync:Memory copy sync failed, cnt=416, kind=1.
[ERROR] RUNTIME(712964,):2026-01-15-10:29:33.333.460 [api_c.cc:1197]712964 rtMemcpy:ErrCode=107030, desc=[the current capture mode does not support this operation], InnerCode=0x703001c
[ERROR] RUNTIME(712964,):2026-01-15-10:29:33.333.462 [error_message_manage.cc:53]712964 FuncErrorReason:report error module_type=3, module_name=EE8888
[ERROR] RUNTIME(712964,):2026-01-15-10:29:33.333.465 [error_message_manage.cc:53]712964 FuncErrorReason:rtMemcpy execute failed, reason=[the current capture mode does not support this operation]
[ERROR] ASCENDCL(712964,):2026-01-15-10:29:33.333.706 [memory.cpp:437]712964 aclrtMemcpyImpl: synchronized memcpy failed, kind = 1, runtime result = 107030
[ERROR] RUNTIME(712964,):2026-01-15-10:29:33.408.264 [api_error.cc:1519]712964 MemCopySync:Memory copy sync failed, cnt=72, kind=1.
[ERROR] RUNTIME(712964,):2026-01-15-10:29:33.408.273 [api_c.cc:1197]712964 rtMemcpy:ErrCode=107030, desc=[the current capture mode does not support this operation], InnerCode=0x703001c
[ERROR] RUNTIME(712964,):2026-01-15-10:29:33.408.275 [error_message_manage.cc:53]712964 FuncErrorReason:report error module_type=3, module_name=EE8888
[ERROR] RUNTIME(712964,):2026-01-15-10:29:33.408.278 [error_message_manage.cc:53]712964 FuncErrorReason:rtMemcpy execute failed, reason=[the current capture mode does not support this operation]
[ERROR] ASCENDCL(712964,):2026-01-15-10:29:33.408.575 [memory.cpp:437]712964 aclrtMemcpyImpl: synchronized memcpy failed, kind = 1, runtime result = 107030
[ERROR] RUNTIME(712964,):2026-01-15-10:29:33.480.735 [api_error.cc:1519]712964 MemCopySync:Memory copy sync failed, cnt=416, kind=1.
[ERROR] RUNTIME(712964,):2026-01-15-10:29:33.480.744 [api_c.cc:1197]712964 rtMemcpy:ErrCode=107030, desc=[the current capture mode does not support this operation], InnerCode=0x703001c
[ERROR] RUNTIME(712964,):2026-01-15-10:29:33.480.746 [error_message_manage.cc:53]712964 FuncErrorReason:report error module_type=3, module_name=EE8888
[ERROR] RUNTIME(712964,):2026-01-15-10:29:33.480.749 [error_message_manage.cc:53]712964 FuncErrorReason:rtMemcpy execute failed, reason=[the current capture mode does not support this operation]
[ERROR] ASCENDCL(712964,):2026-01-15-10:29:33.480.975 [memory.cpp:437]712964 aclrtMemcpyImpl: synchronized memcpy failed, kind = 1, runtime result = 107030
[ERROR] RUNTIME(712964,):2026-01-15-10:29:33.551.114 [api_error.cc:1519]712964 MemCopySync:Memory copy sync failed, cnt=72, kind=1.
[ERROR] RUNTIME(712964,):2026-01-15-10:29:33.551.123 [api_c.cc:1197]712964 rtMemcpy:ErrCode=107030, desc=[the current capture mode does not support this operation], InnerCode=0x703001c
[ERROR] RUNTIME(712964,):2026-01-15-10:29:33.551.125 [error_message_manage.cc:53]712964 FuncErrorReason:report error module_type=3, module_name=EE8888
[ERROR] RUNTIME(712964,):2026-01-15-10:29:33.551.128 [error_message_manage.cc:53]712964 FuncErrorReason:rtMemcpy execute failed, reason=[the current capture mode does not support this operation]
[ERROR] ASCENDCL(712964,):2026-01-15-10:29:33.551.380 [memory.cpp:437]712964 aclrtMemcpyImpl: synchronized memcpy failed, kind = 1, runtime result = 107030
[ERROR] RUNTIME(712964,):2026-01-15-10:29:33.618.009 [api_error.cc:1519]712964 MemCopySync:Memory copy sync failed, cnt=416, kind=1.
[ERROR] RUNTIME(712964,):2026-01-15-10:29:33.618.018 [api_c.cc:1197]712964 rtMemcpy:ErrCode=107030, desc=[the current capture mode does not support this operation], InnerCode=0x703001c
[ERROR] RUNTIME(712964,):2026-01-15-10:29:33.618.021 [error_message_manage.cc:53]712964 FuncErrorReason:report error module_type=3, module_name=EE8888
[ERROR] RUNTIME(712964,):2026-01-15-10:29:33.618.024 [error_message_manage.cc:53]712964 FuncErrorReason:rtMemcpy execute failed, reason=[the current capture mode does not support this operation]
[ERROR] ASCENDCL(712964,):2026-01-15-10:29:33.618.335 [memory.cpp:437]712964 aclrtMemcpyImpl: synchronized memcpy failed, kind = 1, runtime result = 107030
[ERROR] RUNTIME(712964,):2026-01-15-10:29:33.664.970 [api_error.cc:1519]712964 MemCopySync:Memory copy sync failed, cnt=72, kind=1.
[ERROR] RUNTIME(712964,):2026-01-15-10:29:33.664.978 [api_c.cc:1197]712964 rtMemcpy:ErrCode=107030, desc=[the current capture mode does not support this operation], InnerCode=0x703001c
[ERROR] RUNTIME(712964,):2026-01-15-10:29:33.664.981 [error_message_manage.cc:53]712964 FuncErrorReason:report error module_type=3, module_name=EE8888
[ERROR] RUNTIME(712964,):2026-01-15-10:29:33.664.984 [error_message_manage.cc:53]712964 FuncErrorReason:rtMemcpy execute failed, reason=[the current capture mode does not support this operation]
[ERROR] ASCENDCL(712964,):2026-01-15-10:29:33.665.229 [memory.cpp:437]712964 aclrtMemcpyImpl: synchronized memcpy failed, kind = 1, runtime result = 107030
[ERROR] RUNTIME(712964,):2026-01-15-10:29:33.737.223 [api_error.cc:1519]712964 MemCopySync:Memory copy sync failed, cnt=416, kind=1.
[ERROR] RUNTIME(712964,):2026-01-15-10:29:33.737.232 [api_c.cc:1197]712964 rtMemcpy:ErrCode=107030, desc=[the current capture mode does not support this operation], InnerCode=0x703001c
[ERROR] RUNTIME(712964,):2026-01-15-10:29:33.737.235 [error_message_manage.cc:53]712964 FuncErrorReason:report error module_type=3, module_name=EE8888
[ERROR] RUNTIME(712964,):2026-01-15-10:29:33.737.238 [error_message_manage.cc:53]712964 FuncErrorReason:rtMemcpy execute failed, reason=[the current capture mode does not support this operation]
[ERROR] ASCENDCL(712964,):2026-01-15-10:29:33.737.498 [memory.cpp:437]712964 aclrtMemcpyImpl: synchronized memcpy failed, kind = 1, runtime result = 107030
[ERROR] RUNTIME(712964,):2026-01-15-10:29:33.812.588 [api_error.cc:1519]712964 MemCopySync:Memory copy sync failed, cnt=72, kind=1.
[ERROR] RUNTIME(712964,):2026-01-15-10:29:33.812.597 [api_c.cc:1197]712964 rtMemcpy:ErrCode=107030, desc=[the current capture mode does not support this operation], InnerCode=0x703001c
[ERROR] RUNTIME(712964,):2026-01-15-10:29:33.812.600 [error_message_manage.cc:53]712964 FuncErrorReason:report error module_type=3, module_name=EE8888
[ERROR] RUNTIME(712964,):2026-01-15-10:29:33.812.603 [error_message_manage.cc:53]712964 FuncErrorReason:rtMemcpy execute failed, reason=[the current capture mode does not support this operation]
[ERROR] ASCENDCL(712964,):2026-01-15-10:29:33.812.909 [memory.cpp:437]712964 aclrtMemcpyImpl: synchronized memcpy failed, kind = 1, runtime result = 107030
[ERROR] RUNTIME(712964,):2026-01-15-10:29:33.886.780 [api_error.cc:1519]712964 MemCopySync:Memory copy sync failed, cnt=416, kind=1.
[ERROR] RUNTIME(712964,):2026-01-15-10:29:33.886.788 [api_c.cc:1197]712964 rtMemcpy:ErrCode=107030, desc=[the current capture mode does not support this operation], InnerCode=0x703001c
[ERROR] RUNTIME(712964,):2026-01-15-10:29:33.886.791 [error_message_manage.cc:53]712964 FuncErrorReason:report error module_type=3, module_name=EE8888
[ERROR] RUNTIME(712964,):2026-01-15-10:29:33.886.794 [error_message_manage.cc:53]712964 FuncErrorReason:rtMemcpy execute failed, reason=[the current capture mode does not support this operation]
[ERROR] ASCENDCL(712964,):2026-01-15-10:29:33.887.024 [memory.cpp:437]712964 aclrtMemcpyImpl: synchronized memcpy failed, kind = 1, runtime result = 107030
[ERROR] RUNTIME(712964,):2026-01-15-10:29:33.940.734 [api_error.cc:1519]712964 MemCopySync:Memory copy sync failed, cnt=72, kind=1.
[ERROR] RUNTIME(712964,):2026-01-15-10:29:33.940.743 [api_c.cc:1197]712964 rtMemcpy:ErrCode=107030, desc=[the current capture mode does not support this operation], InnerCode=0x703001c
[ERROR] RUNTIME(712964,):2026-01-15-10:29:33.940.746 [error_message_manage.cc:53]712964 FuncErrorReason:report error module_type=3, module_name=EE8888
[ERROR] RUNTIME(712964,):2026-01-15-10:29:33.940.749 [error_message_manage.cc:53]712964 FuncErrorReason:rtMemcpy execute failed, reason=[the current capture mode does not support this operation]
[ERROR] ASCENDCL(712964,):2026-01-15-10:29:33.940.985 [memory.cpp:437]712964 aclrtMemcpyImpl: synchronized memcpy failed, kind = 1, runtime result = 107030
[ERROR] RUNTIME(712964,):2026-01-15-10:29:34.002.908 [api_error.cc:1519]712964 MemCopySync:Memory copy sync failed, cnt=416, kind=1.
[ERROR] RUNTIME(712964,):2026-01-15-10:29:34.002.918 [api_c.cc:1197]712964 rtMemcpy:ErrCode=107030, desc=[the current capture mode does not support this operation], InnerCode=0x703001c
[ERROR] RUNTIME(712964,):2026-01-15-10:29:34.002.920 [error_message_manage.cc:53]712964 FuncErrorReason:report error module_type=3, module_name=EE8888
[ERROR] RUNTIME(712964,):2026-01-15-10:29:34.002.923 [error_message_manage.cc:53]712964 FuncErrorReason:rtMemcpy execute failed, reason=[the current capture mode does not support this operation]
[ERROR] ASCENDCL(712964,):2026-01-15-10:29:34.003.188 [memory.cpp:437]712964 aclrtMemcpyImpl: synchronized memcpy failed, kind = 1, runtime result = 107030
[ERROR] RUNTIME(712964,):2026-01-15-10:29:34.075.526 [api_error.cc:1519]712964 MemCopySync:Memory copy sync failed, cnt=72, kind=1.
[ERROR] RUNTIME(712964,):2026-01-15-10:29:34.075.534 [api_c.cc:1197]712964 rtMemcpy:ErrCode=107030, desc=[the current capture mode does not support this operation], InnerCode=0x703001c
[ERROR] RUNTIME(712964,):2026-01-15-10:29:34.075.537 [error_message_manage.cc:53]712964 FuncErrorReason:report error module_type=3, module_name=EE8888
[ERROR] RUNTIME(712964,):2026-01-15-10:29:34.075.540 [error_message_manage.cc:53]712964 FuncErrorReason:rtMemcpy execute failed, reason=[the current capture mode does not support this operation]
[ERROR] ASCENDCL(712964,):2026-01-15-10:29:34.075.792 [memory.cpp:437]712964 aclrtMemcpyImpl: synchronized memcpy failed, kind = 1, runtime result = 107030
[ERROR] RUNTIME(712964,):2026-01-15-10:29:34.150.259 [api_error.cc:1519]712964 MemCopySync:Memory copy sync failed, cnt=416, kind=1.
[ERROR] RUNTIME(712964,):2026-01-15-10:29:34.150.268 [api_c.cc:1197]712964 rtMemcpy:ErrCode=107030, desc=[the current capture mode does not support this operation], InnerCode=0x703001c
[ERROR] RUNTIME(712964,):2026-01-15-10:29:34.150.271 [error_message_manage.cc:53]712964 FuncErrorReason:report error module_type=3, module_name=EE8888
[ERROR] RUNTIME(712964,):2026-01-15-10:29:34.150.274 [error_message_manage.cc:53]712964 FuncErrorReason:rtMemcpy execute failed, reason=[the current capture mode does not support this operation]
[ERROR] ASCENDCL(712964,):2026-01-15-10:29:34.150.507 [memory.cpp:437]712964 aclrtMemcpyImpl: synchronized memcpy failed, kind = 1, runtime result = 107030
[ERROR] RUNTIME(712964,):2026-01-15-10:29:34.222.228 [api_error.cc:1519]712964 MemCopySync:Memory copy sync failed, cnt=72, kind=1.
[ERROR] RUNTIME(712964,):2026-01-15-10:29:34.222.237 [api_c.cc:1197]712964 rtMemcpy:ErrCode=107030, desc=[the current capture mode does not support this operation], InnerCode=0x703001c
[ERROR] RUNTIME(712964,):2026-01-15-10:29:34.222.239 [error_message_manage.cc:53]712964 FuncErrorReason:report error module_type=3, module_name=EE8888
[ERROR] RUNTIME(712964,):2026-01-15-10:29:34.222.242 [error_message_manage.cc:53]712964 FuncErrorReason:rtMemcpy execute failed, reason=[the current capture mode does not support this operation]
[ERROR] ASCENDCL(712964,):2026-01-15-10:29:34.222.566 [memory.cpp:437]712964 aclrtMemcpyImpl: synchronized memcpy failed, kind = 1, runtime result = 107030
[ERROR] RUNTIME(712964,):2026-01-15-10:29:34.295.061 [api_error.cc:1519]712964 MemCopySync:Memory copy sync failed, cnt=416, kind=1.
[ERROR] RUNTIME(712964,):2026-01-15-10:29:34.295.070 [api_c.cc:1197]712964 rtMemcpy:ErrCode=107030, desc=[the current capture mode does not support this operation], InnerCode=0x703001c
[ERROR] RUNTIME(712964,):2026-01-15-10:29:34.295.073 [error_message_manage.cc:53]712964 FuncErrorReason:report error module_type=3, module_name=EE8888
[ERROR] RUNTIME(712964,):2026-01-15-10:29:34.295.084 [error_message_manage.cc:53]712964 FuncErrorReason:rtMemcpy execute failed, reason=[the current capture mode does not support this operation]
[ERROR] ASCENDCL(712964,):2026-01-15-10:29:34.295.314 [memory.cpp:437]712964 aclrtMemcpyImpl: synchronized memcpy failed, kind = 1, runtime result = 107030
[ERROR] RUNTIME(712964,):2026-01-15-10:29:34.359.275 [api_error.cc:1519]712964 MemCopySync:Memory copy sync failed, cnt=72, kind=1.
[ERROR] RUNTIME(712964,):2026-01-15-10:29:34.359.283 [api_c.cc:1197]712964 rtMemcpy:ErrCode=107030, desc=[the current capture mode does not support this operation], InnerCode=0x703001c
[ERROR] RUNTIME(712964,):2026-01-15-10:29:34.359.286 [error_message_manage.cc:53]712964 FuncErrorReason:report error module_type=3, module_name=EE8888
[ERROR] RUNTIME(712964,):2026-01-15-10:29:34.359.288 [error_message_manage.cc:53]712964 FuncErrorReason:rtMemcpy execute failed, reason=[the current capture mode does not support this operation]
[ERROR] ASCENDCL(712964,):2026-01-15-10:29:34.359.523 [memory.cpp:437]712964 aclrtMemcpyImpl: synchronized memcpy failed, kind = 1, runtime result = 107030
[ERROR] RUNTIME(712964,):2026-01-15-10:29:34.426.716 [api_error.cc:1519]712964 MemCopySync:Memory copy sync failed, cnt=416, kind=1.
[ERROR] RUNTIME(712964,):2026-01-15-10:29:34.426.725 [api_c.cc:1197]712964 rtMemcpy:ErrCode=107030, desc=[the current capture mode does not support this operation], InnerCode=0x703001c
[ERROR] RUNTIME(712964,):2026-01-15-10:29:34.426.736 [error_message_manage.cc:53]712964 FuncErrorReason:report error module_type=3, module_name=EE8888
[ERROR] RUNTIME(712964,):2026-01-15-10:29:34.426.739 [error_message_manage.cc:53]712964 FuncErrorReason:rtMemcpy execute failed, reason=[the current capture mode does not support this operation]
[ERROR] ASCENDCL(712964,):2026-01-15-10:29:34.427.019 [memory.cpp:437]712964 aclrtMemcpyImpl: synchronized memcpy failed, kind = 1, runtime result = 107030
[ERROR] RUNTIME(712964,):2026-01-15-10:29:34.489.493 [api_error.cc:1519]712964 MemCopySync:Memory copy sync failed, cnt=72, kind=1.
[ERROR] RUNTIME(712964,):2026-01-15-10:29:34.489.502 [api_c.cc:1197]712964 rtMemcpy:ErrCode=107030, desc=[the current capture mode does not support this operation], InnerCode=0x703001c
[ERROR] RUNTIME(712964,):2026-01-15-10:29:34.489.504 [error_message_manage.cc:53]712964 FuncErrorReason:report error module_type=3, module_name=EE8888
[ERROR] RUNTIME(712964,):2026-01-15-10:29:34.489.507 [error_message_manage.cc:53]712964 FuncErrorReason:rtMemcpy execute failed, reason=[the current capture mode does not support this operation]
[ERROR] ASCENDCL(712964,):2026-01-15-10:29:34.489.729 [memory.cpp:437]712964 aclrtMemcpyImpl: synchronized memcpy failed, kind = 1, runtime result = 107030
[ERROR] RUNTIME(712964,):2026-01-15-10:29:34.555.475 [api_error.cc:1519]712964 MemCopySync:Memory copy sync failed, cnt=416, kind=1.
[ERROR] RUNTIME(712964,):2026-01-15-10:29:34.555.491 [api_c.cc:1197]712964 rtMemcpy:ErrCode=107030, desc=[the current capture mode does not support this operation], InnerCode=0x703001c
[ERROR] RUNTIME(712964,):2026-01-15-10:29:34.555.494 [error_message_manage.cc:53]712964 FuncErrorReason:report error module_type=3, module_name=EE8888
[ERROR] RUNTIME(712964,):2026-01-15-10:29:34.555.496 [error_message_manage.cc:53]712964 FuncErrorReason:rtMemcpy execute failed, reason=[the current capture mode does not support this operation]
[ERROR] ASCENDCL(712964,):2026-01-15-10:29:34.555.709 [memory.cpp:437]712964 aclrtMemcpyImpl: synchronized memcpy failed, kind = 1, runtime result = 107030
[ERROR] RUNTIME(712964,):2026-01-15-10:29:34.623.349 [api_error.cc:1519]712964 MemCopySync:Memory copy sync failed, cnt=72, kind=1.
[ERROR] RUNTIME(712964,):2026-01-15-10:29:34.623.358 [api_c.cc:1197]712964 rtMemcpy:ErrCode=107030, desc=[the current capture mode does not support this operation], InnerCode=0x703001c
[ERROR] RUNTIME(712964,):2026-01-15-10:29:34.623.361 [error_message_manage.cc:53]712964 FuncErrorReason:report error module_type=3, module_name=EE8888
[ERROR] RUNTIME(712964,):2026-01-15-10:29:34.623.364 [error_message_manage.cc:53]712964 FuncErrorReason:rtMemcpy execute failed, reason=[the current capture mode does not support this operation]
[ERROR] ASCENDCL(712964,):2026-01-15-10:29:34.623.702 [memory.cpp:437]712964 aclrtMemcpyImpl: synchronized memcpy failed, kind = 1, runtime result = 107030
[ERROR] RUNTIME(712964,):2026-01-15-10:29:34.694.386 [api_error.cc:1519]712964 MemCopySync:Memory copy sync failed, cnt=416, kind=1.
[ERROR] RUNTIME(712964,):2026-01-15-10:29:34.694.394 [api_c.cc:1197]712964 rtMemcpy:ErrCode=107030, desc=[the current capture mode does not support this operation], InnerCode=0x703001c
[ERROR] RUNTIME(712964,):2026-01-15-10:29:34.694.397 [error_message_manage.cc:53]712964 FuncErrorReason:report error module_type=3, module_name=EE8888
[ERROR] RUNTIME(712964,):2026-01-15-10:29:34.694.409 [error_message_manage.cc:53]712964 FuncErrorReason:rtMemcpy execute failed, reason=[the current capture mode does not support this operation]
[ERROR] ASCENDCL(712964,):2026-01-15-10:29:34.694.647 [memory.cpp:437]712964 aclrtMemcpyImpl: synchronized memcpy failed, kind = 1, runtime result = 107030
[ERROR] RUNTIME(712964,):2026-01-15-10:29:34.763.804 [api_error.cc:1519]712964 MemCopySync:Memory copy sync failed, cnt=72, kind=1.
[ERROR] RUNTIME(712964,):2026-01-15-10:29:34.763.813 [api_c.cc:1197]712964 rtMemcpy:ErrCode=107030, desc=[the current capture mode does not support this operation], InnerCode=0x703001c
[ERROR] RUNTIME(712964,):2026-01-15-10:29:34.763.815 [error_message_manage.cc:53]712964 FuncErrorReason:report error module_type=3, module_name=EE8888
[ERROR] RUNTIME(712964,):2026-01-15-10:29:34.763.818 [error_message_manage.cc:53]712964 FuncErrorReason:rtMemcpy execute failed, reason=[the current capture mode does not support this operation]
[ERROR] ASCENDCL(712964,):2026-01-15-10:29:34.764.089 [memory.cpp:437]712964 aclrtMemcpyImpl: synchronized memcpy failed, kind = 1, runtime result = 107030
[ERROR] RUNTIME(712964,):2026-01-15-10:29:34.831.897 [api_error.cc:1519]712964 MemCopySync:Memory copy sync failed, cnt=416, kind=1.
[ERROR] RUNTIME(712964,):2026-01-15-10:29:34.831.906 [api_c.cc:1197]712964 rtMemcpy:ErrCode=107030, desc=[the current capture mode does not support this operation], InnerCode=0x703001c
[ERROR] RUNTIME(712964,):2026-01-15-10:29:34.831.909 [error_message_manage.cc:53]712964 FuncErrorReason:report error module_type=3, module_name=EE8888
[ERROR] RUNTIME(712964,):2026-01-15-10:29:34.831.912 [error_message_manage.cc:53]712964 FuncErrorReason:rtMemcpy execute failed, reason=[the current capture mode does not support this operation]
[ERROR] ASCENDCL(712964,):2026-01-15-10:29:34.832.192 [memory.cpp:437]712964 aclrtMemcpyImpl: synchronized memcpy failed, kind = 1, runtime result = 107030
[ERROR] RUNTIME(712964,):2026-01-15-10:29:34.899.153 [api_error.cc:1519]712964 MemCopySync:Memory copy sync failed, cnt=72, kind=1.
[ERROR] RUNTIME(712964,):2026-01-15-10:29:34.899.162 [api_c.cc:1197]712964 rtMemcpy:ErrCode=107030, desc=[the current capture mode does not support this operation], InnerCode=0x703001c
[ERROR] RUNTIME(712964,):2026-01-15-10:29:34.899.164 [error_message_manage.cc:53]712964 FuncErrorReason:report error module_type=3, module_name=EE8888
[ERROR] RUNTIME(712964,):2026-01-15-10:29:34.899.167 [error_message_manage.cc:53]712964 FuncErrorReason:rtMemcpy execute failed, reason=[the current capture mode does not support this operation]
[ERROR] ASCENDCL(712964,):2026-01-15-10:29:34.899.386 [memory.cpp:437]712964 aclrtMemcpyImpl: synchronized memcpy failed, kind = 1, runtime result = 107030
[ERROR] RUNTIME(712964,):2026-01-15-10:29:34.963.547 [api_error.cc:1519]712964 MemCopySync:Memory copy sync failed, cnt=416, kind=1.
[ERROR] RUNTIME(712964,):2026-01-15-10:29:34.963.557 [api_c.cc:1197]712964 rtMemcpy:ErrCode=107030, desc=[the current capture mode does not support this operation], InnerCode=0x703001c
[ERROR] RUNTIME(712964,):2026-01-15-10:29:34.963.560 [error_message_manage.cc:53]712964 FuncErrorReason:report error module_type=3, module_name=EE8888
[ERROR] RUNTIME(712964,):2026-01-15-10:29:34.963.563 [error_message_manage.cc:53]712964 FuncErrorReason:rtMemcpy execute failed, reason=[the current capture mode does not support this operation]
[ERROR] ASCENDCL(712964,):2026-01-15-10:29:34.963.806 [memory.cpp:437]712964 aclrtMemcpyImpl: synchronized memcpy failed, kind = 1, runtime result = 107030
[ERROR] RUNTIME(712964,):2026-01-15-10:29:35.029.082 [api_error.cc:1519]712964 MemCopySync:Memory copy sync failed, cnt=72, kind=1.
[ERROR] RUNTIME(712964,):2026-01-15-10:29:35.029.091 [api_c.cc:1197]712964 rtMemcpy:ErrCode=107030, desc=[the current capture mode does not support this operation], InnerCode=0x703001c
[ERROR] RUNTIME(712964,):2026-01-15-10:29:35.029.093 [error_message_manage.cc:53]712964 FuncErrorReason:report error module_type=3, module_name=EE8888
[ERROR] RUNTIME(712964,):2026-01-15-10:29:35.029.096 [error_message_manage.cc:53]712964 FuncErrorReason:rtMemcpy execute failed, reason=[the current capture mode does not support this operation]
[ERROR] ASCENDCL(712964,):2026-01-15-10:29:35.029.390 [memory.cpp:437]712964 aclrtMemcpyImpl: synchronized memcpy failed, kind = 1, runtime result = 107030
[ERROR] RUNTIME(712964,):2026-01-15-10:29:35.099.579 [api_error.cc:1519]712964 MemCopySync:Memory copy sync failed, cnt=416, kind=1.
[ERROR] RUNTIME(712964,):2026-01-15-10:29:35.099.588 [api_c.cc:1197]712964 rtMemcpy:ErrCode=107030, desc=[the current capture mode does not support this operation], InnerCode=0x703001c
[ERROR] RUNTIME(712964,):2026-01-15-10:29:35.099.591 [error_message_manage.cc:53]712964 FuncErrorReason:report error module_type=3, module_name=EE8888
[ERROR] RUNTIME(712964,):2026-01-15-10:29:35.099.594 [error_message_manage.cc:53]712964 FuncErrorReason:rtMemcpy execute failed, reason=[the current capture mode does not support this operation]
[ERROR] ASCENDCL(712964,):2026-01-15-10:29:35.099.831 [memory.cpp:437]712964 aclrtMemcpyImpl: synchronized memcpy failed, kind = 1, runtime result = 107030
[ERROR] RUNTIME(712964,):2026-01-15-10:29:35.168.656 [api_error.cc:1519]712964 MemCopySync:Memory copy sync failed, cnt=72, kind=1.
[ERROR] RUNTIME(712964,):2026-01-15-10:29:35.168.665 [api_c.cc:1197]712964 rtMemcpy:ErrCode=107030, desc=[the current capture mode does not support this operation], InnerCode=0x703001c
[ERROR] RUNTIME(712964,):2026-01-15-10:29:35.168.668 [error_message_manage.cc:53]712964 FuncErrorReason:report error module_type=3, module_name=EE8888
[ERROR] RUNTIME(712964,):2026-01-15-10:29:35.168.671 [error_message_manage.cc:53]712964 FuncErrorReason:rtMemcpy execute failed, reason=[the current capture mode does not support this operation]
[ERROR] ASCENDCL(712964,):2026-01-15-10:29:35.168.877 [memory.cpp:437]712964 aclrtMemcpyImpl: synchronized memcpy failed, kind = 1, runtime result = 107030
[ERROR] RUNTIME(712964,):2026-01-15-10:29:35.240.479 [api_error.cc:1519]712964 MemCopySync:Memory copy sync failed, cnt=416, kind=1.
[ERROR] RUNTIME(712964,):2026-01-15-10:29:35.240.487 [api_c.cc:1197]712964 rtMemcpy:ErrCode=107030, desc=[the current capture mode does not support this operation], InnerCode=0x703001c
[ERROR] RUNTIME(712964,):2026-01-15-10:29:35.240.490 [error_message_manage.cc:53]712964 FuncErrorReason:report error module_type=3, module_name=EE8888
[ERROR] RUNTIME(712964,):2026-01-15-10:29:35.240.493 [error_message_manage.cc:53]712964 FuncErrorReason:rtMemcpy execute failed, reason=[the current capture mode does not support this operation]
[ERROR] ASCENDCL(712964,):2026-01-15-10:29:35.240.774 [memory.cpp:437]712964 aclrtMemcpyImpl: synchronized memcpy failed, kind = 1, runtime result = 107030
[ERROR] RUNTIME(712964,):2026-01-15-10:29:35.295.802 [api_error.cc:1519]712964 MemCopySync:Memory copy sync failed, cnt=72, kind=1.
[ERROR] RUNTIME(712964,):2026-01-15-10:29:35.295.810 [api_c.cc:1197]712964 rtMemcpy:ErrCode=107030, desc=[the current capture mode does not support this operation], InnerCode=0x703001c
[ERROR] RUNTIME(712964,):2026-01-15-10:29:35.295.813 [error_message_manage.cc:53]712964 FuncErrorReason:report error module_type=3, module_name=EE8888
[ERROR] RUNTIME(712964,):2026-01-15-10:29:35.295.816 [error_message_manage.cc:53]712964 FuncErrorReason:rtMemcpy execute failed, reason=[the current capture mode does not support this operation]
[ERROR] ASCENDCL(712964,):2026-01-15-10:29:35.296.102 [memory.cpp:437]712964 aclrtMemcpyImpl: synchronized memcpy failed, kind = 1, runtime result = 107030
[ERROR] RUNTIME(712964,):2026-01-15-10:29:35.354.976 [api_error.cc:1519]712964 MemCopySync:Memory copy sync failed, cnt=416, kind=1.
[ERROR] RUNTIME(712964,):2026-01-15-10:29:35.354.985 [api_c.cc:1197]712964 rtMemcpy:ErrCode=107030, desc=[the current capture mode does not support this operation], InnerCode=0x703001c
[ERROR] RUNTIME(712964,):2026-01-15-10:29:35.354.988 [error_message_manage.cc:53]712964 FuncErrorReason:report error module_type=3, module_name=EE8888
[ERROR] RUNTIME(712964,):2026-01-15-10:29:35.354.991 [error_message_manage.cc:53]712964 FuncErrorReason:rtMemcpy execute failed, reason=[the current capture mode does not support this operation]
[ERROR] ASCENDCL(712964,):2026-01-15-10:29:35.355.215 [memory.cpp:437]712964 aclrtMemcpyImpl: synchronized memcpy failed, kind = 1, runtime result = 107030
[ERROR] RUNTIME(712964,):2026-01-15-10:29:35.422.658 [api_error.cc:1519]712964 MemCopySync:Memory copy sync failed, cnt=72, kind=1.
[ERROR] RUNTIME(712964,):2026-01-15-10:29:35.422.667 [api_c.cc:1197]712964 rtMemcpy:ErrCode=107030, desc=[the current capture mode does not support this operation], InnerCode=0x703001c
[ERROR] RUNTIME(712964,):2026-01-15-10:29:35.422.670 [error_message_manage.cc:53]712964 FuncErrorReason:report error module_type=3, module_name=EE8888
[ERROR] RUNTIME(712964,):2026-01-15-10:29:35.422.673 [error_message_manage.cc:53]712964 FuncErrorReason:rtMemcpy execute failed, reason=[the current capture mode does not support this operation]
[ERROR] ASCENDCL(712964,):2026-01-15-10:29:35.422.966 [memory.cpp:437]712964 aclrtMemcpyImpl: synchronized memcpy failed, kind = 1, runtime result = 107030
[ERROR] RUNTIME(712964,):2026-01-15-10:29:35.498.022 [api_error.cc:1519]712964 MemCopySync:Memory copy sync failed, cnt=416, kind=1.
[ERROR] RUNTIME(712964,):2026-01-15-10:29:35.498.030 [api_c.cc:1197]712964 rtMemcpy:ErrCode=107030, desc=[the current capture mode does not support this operation], InnerCode=0x703001c
[ERROR] RUNTIME(712964,):2026-01-15-10:29:35.498.033 [error_message_manage.cc:53]712964 FuncErrorReason:report error module_type=3, module_name=EE8888
[ERROR] RUNTIME(712964,):2026-01-15-10:29:35.498.036 [error_message_manage.cc:53]712964 FuncErrorReason:rtMemcpy execute failed, reason=[the current capture mode does not support this operation]
[ERROR] ASCENDCL(712964,):2026-01-15-10:29:35.498.309 [memory.cpp:437]712964 aclrtMemcpyImpl: synchronized memcpy failed, kind = 1, runtime result = 107030
[ERROR] RUNTIME(712964,):2026-01-15-10:29:35.568.045 [api_error.cc:1519]712964 MemCopySync:Memory copy sync failed, cnt=72, kind=1.
[ERROR] RUNTIME(712964,):2026-01-15-10:29:35.568.053 [api_c.cc:1197]712964 rtMemcpy:ErrCode=107030, desc=[the current capture mode does not support this operation], InnerCode=0x703001c
[ERROR] RUNTIME(712964,):2026-01-15-10:29:35.568.056 [error_message_manage.cc:53]712964 FuncErrorReason:report error module_type=3, module_name=EE8888
[ERROR] RUNTIME(712964,):2026-01-15-10:29:35.568.059 [error_message_manage.cc:53]712964 FuncErrorReason:rtMemcpy execute failed, reason=[the current capture mode does not support this operation]
[ERROR] ASCENDCL(712964,):2026-01-15-10:29:35.568.280 [memory.cpp:437]712964 aclrtMemcpyImpl: synchronized memcpy failed, kind = 1, runtime result = 107030
[ERROR] RUNTIME(712964,):2026-01-15-10:29:35.647.655 [api_error.cc:1519]712964 MemCopySync:Memory copy sync failed, cnt=416, kind=1.
[ERROR] RUNTIME(712964,):2026-01-15-10:29:35.647.664 [api_c.cc:1197]712964 rtMemcpy:ErrCode=107030, desc=[the current capture mode does not support this operation], InnerCode=0x703001c
[ERROR] RUNTIME(712964,):2026-01-15-10:29:35.647.667 [error_message_manage.cc:53]712964 FuncErrorReason:report error module_type=3, module_name=EE8888
[ERROR] RUNTIME(712964,):2026-01-15-10:29:35.647.670 [error_message_manage.cc:53]712964 FuncErrorReason:rtMemcpy execute failed, reason=[the current capture mode does not support this operation]
[ERROR] ASCENDCL(712964,):2026-01-15-10:29:35.647.972 [memory.cpp:437]712964 aclrtMemcpyImpl: synchronized memcpy failed, kind = 1, runtime result = 107030
[ERROR] RUNTIME(712964,):2026-01-15-10:29:35.718.526 [api_error.cc:1519]712964 MemCopySync:Memory copy sync failed, cnt=72, kind=1.
[ERROR] RUNTIME(712964,):2026-01-15-10:29:35.718.534 [api_c.cc:1197]712964 rtMemcpy:ErrCode=107030, desc=[the current capture mode does not support this operation], InnerCode=0x703001c
[ERROR] RUNTIME(712964,):2026-01-15-10:29:35.718.537 [error_message_manage.cc:53]712964 FuncErrorReason:report error module_type=3, module_name=EE8888
[ERROR] RUNTIME(712964,):2026-01-15-10:29:35.718.540 [error_message_manage.cc:53]712964 FuncErrorReason:rtMemcpy execute failed, reason=[the current capture mode does not support this operation]
[ERROR] ASCENDCL(712964,):2026-01-15-10:29:35.718.775 [memory.cpp:437]712964 aclrtMemcpyImpl: synchronized memcpy failed, kind = 1, runtime result = 107030
[ERROR] RUNTIME(712964,):2026-01-15-10:29:35.785.187 [api_error.cc:1519]712964 MemCopySync:Memory copy sync failed, cnt=416, kind=1.
[ERROR] RUNTIME(712964,):2026-01-15-10:29:35.785.196 [api_c.cc:1197]712964 rtMemcpy:ErrCode=107030, desc=[the current capture mode does not support this operation], InnerCode=0x703001c
[ERROR] RUNTIME(712964,):2026-01-15-10:29:35.785.198 [error_message_manage.cc:53]712964 FuncErrorReason:report error module_type=3, module_name=EE8888
[ERROR] RUNTIME(712964,):2026-01-15-10:29:35.785.201 [error_message_manage.cc:53]712964 FuncErrorReason:rtMemcpy execute failed, reason=[the current capture mode does not support this operation]
[ERROR] ASCENDCL(712964,):2026-01-15-10:29:35.785.424 [memory.cpp:437]712964 aclrtMemcpyImpl: synchronized memcpy failed, kind = 1, runtime result = 107030
[ERROR] RUNTIME(712964,):2026-01-15-10:29:35.828.682 [api_error.cc:1519]712964 MemCopySync:Memory copy sync failed, cnt=72, kind=1.
[ERROR] RUNTIME(712964,):2026-01-15-10:29:35.828.690 [api_c.cc:1197]712964 rtMemcpy:ErrCode=107030, desc=[the current capture mode does not support this operation], InnerCode=0x703001c
[ERROR] RUNTIME(712964,):2026-01-15-10:29:35.828.693 [error_message_manage.cc:53]712964 FuncErrorReason:report error module_type=3, module_name=EE8888
[ERROR] RUNTIME(712964,):2026-01-15-10:29:35.828.696 [error_message_manage.cc:53]712964 FuncErrorReason:rtMemcpy execute failed, reason=[the current capture mode does not support this operation]
[ERROR] ASCENDCL(712964,):2026-01-15-10:29:35.828.979 [memory.cpp:437]712964 aclrtMemcpyImpl: synchronized memcpy failed, kind = 1, runtime result = 107030
[ERROR] RUNTIME(712964,):2026-01-15-10:29:35.896.961 [api_error.cc:1519]712964 MemCopySync:Memory copy sync failed, cnt=416, kind=1.
[ERROR] RUNTIME(712964,):2026-01-15-10:29:35.896.970 [api_c.cc:1197]712964 rtMemcpy:ErrCode=107030, desc=[the current capture mode does not support this operation], InnerCode=0x703001c
[ERROR] RUNTIME(712964,):2026-01-15-10:29:35.896.973 [error_message_manage.cc:53]712964 FuncErrorReason:report error module_type=3, module_name=EE8888
[ERROR] RUNTIME(712964,):2026-01-15-10:29:35.896.976 [error_message_manage.cc:53]712964 FuncErrorReason:rtMemcpy execute failed, reason=[the current capture mode does not support this operation]
[ERROR] ASCENDCL(712964,):2026-01-15-10:29:35.897.214 [memory.cpp:437]712964 aclrtMemcpyImpl: synchronized memcpy failed, kind = 1, runtime result = 107030
[ERROR] RUNTIME(712964,):2026-01-15-10:29:35.973.928 [api_error.cc:1519]712964 MemCopySync:Memory copy sync failed, cnt=72, kind=1.
[ERROR] RUNTIME(712964,):2026-01-15-10:29:35.973.936 [api_c.cc:1197]712964 rtMemcpy:ErrCode=107030, desc=[the current capture mode does not support this operation], InnerCode=0x703001c
[ERROR] RUNTIME(712964,):2026-01-15-10:29:35.973.939 [error_message_manage.cc:53]712964 FuncErrorReason:report error module_type=3, module_name=EE8888
[ERROR] RUNTIME(712964,):2026-01-15-10:29:35.973.942 [error_message_manage.cc:53]712964 FuncErrorReason:rtMemcpy execute failed, reason=[the current capture mode does not support this operation]
[ERROR] ASCENDCL(712964,):2026-01-15-10:29:35.974.246 [memory.cpp:437]712964 aclrtMemcpyImpl: synchronized memcpy failed, kind = 1, runtime result = 107030
[ERROR] RUNTIME(712964,):2026-01-15-10:29:36.052.758 [api_error.cc:1519]712964 MemCopySync:Memory copy sync failed, cnt=416, kind=1.
[ERROR] RUNTIME(712964,):2026-01-15-10:29:36.052.767 [api_c.cc:1197]712964 rtMemcpy:ErrCode=107030, desc=[the current capture mode does not support this operation], InnerCode=0x703001c
[ERROR] RUNTIME(712964,):2026-01-15-10:29:36.052.769 [error_message_manage.cc:53]712964 FuncErrorReason:report error module_type=3, module_name=EE8888
[ERROR] RUNTIME(712964,):2026-01-15-10:29:36.052.773 [error_message_manage.cc:53]712964 FuncErrorReason:rtMemcpy execute failed, reason=[the current capture mode does not support this operation]
[ERROR] ASCENDCL(712964,):2026-01-15-10:29:36.053.071 [memory.cpp:437]712964 aclrtMemcpyImpl: synchronized memcpy failed, kind = 1, runtime result = 107030
[ERROR] RUNTIME(712964,):2026-01-15-10:29:36.128.787 [api_error.cc:1519]712964 MemCopySync:Memory copy sync failed, cnt=72, kind=1.
[ERROR] RUNTIME(712964,):2026-01-15-10:29:36.128.795 [api_c.cc:1197]712964 rtMemcpy:ErrCode=107030, desc=[the current capture mode does not support this operation], InnerCode=0x703001c
[ERROR] RUNTIME(712964,):2026-01-15-10:29:36.128.798 [error_message_manage.cc:53]712964 FuncErrorReason:report error module_type=3, module_name=EE8888
[ERROR] RUNTIME(712964,):2026-01-15-10:29:36.128.801 [error_message_manage.cc:53]712964 FuncErrorReason:rtMemcpy execute failed, reason=[the current capture mode does not support this operation]
[ERROR] ASCENDCL(712964,):2026-01-15-10:29:36.129.125 [memory.cpp:437]712964 aclrtMemcpyImpl: synchronized memcpy failed, kind = 1, runtime result = 107030
[ERROR] RUNTIME(712964,):2026-01-15-10:29:36.199.244 [api_error.cc:1519]712964 MemCopySync:Memory copy sync failed, cnt=416, kind=1.
[ERROR] RUNTIME(712964,):2026-01-15-10:29:36.199.253 [api_c.cc:1197]712964 rtMemcpy:ErrCode=107030, desc=[the current capture mode does not support this operation], InnerCode=0x703001c
[ERROR] RUNTIME(712964,):2026-01-15-10:29:36.199.256 [error_message_manage.cc:53]712964 FuncErrorReason:report error module_type=3, module_name=EE8888
[ERROR] RUNTIME(712964,):2026-01-15-10:29:36.199.258 [error_message_manage.cc:53]712964 FuncErrorReason:rtMemcpy execute failed, reason=[the current capture mode does not support this operation]
[ERROR] ASCENDCL(712964,):2026-01-15-10:29:36.199.497 [memory.cpp:437]712964 aclrtMemcpyImpl: synchronized memcpy failed, kind = 1, runtime result = 107030
[ERROR] RUNTIME(712964,):2026-01-15-10:29:36.268.171 [api_error.cc:1519]712964 MemCopySync:Memory copy sync failed, cnt=72, kind=1.
[ERROR] RUNTIME(712964,):2026-01-15-10:29:36.268.180 [api_c.cc:1197]712964 rtMemcpy:ErrCode=107030, desc=[the current capture mode does not support this operation], InnerCode=0x703001c
[ERROR] RUNTIME(712964,):2026-01-15-10:29:36.268.183 [error_message_manage.cc:53]712964 FuncErrorReason:report error module_type=3, module_name=EE8888
[ERROR] RUNTIME(712964,):2026-01-15-10:29:36.268.187 [error_message_manage.cc:53]712964 FuncErrorReason:rtMemcpy execute failed, reason=[the current capture mode does not support this operation]
[ERROR] ASCENDCL(712964,):2026-01-15-10:29:36.268.397 [memory.cpp:437]712964 aclrtMemcpyImpl: synchronized memcpy failed, kind = 1, runtime result = 107030
[ERROR] RUNTIME(712964,):2026-01-15-10:29:36.428.639 [api_c_stream.cc:412]712964 rtsStreamSetAttribute:report error module_name=EE1001
[ERROR] RUNTIME(712964,):2026-01-15-10:29:36.428.645 [api_c_stream.cc:412]712964 rtsStreamSetAttribute:Invalid stream attribute ID: 4, Supported stream attribute IDs: [1, 4).
[ERROR] RUNTIME(712964,):2026-01-15-10:29:36.428.674 [api_c_stream.cc:416]712964 rtsStreamSetAttribute:ErrCode=107000, desc=[invalid value], InnerCode=0x7110001
[ERROR] RUNTIME(712964,):2026-01-15-10:29:36.428.676 [error_message_manage.cc:48]712964 FuncErrorReason:report error module_name=EE1001
[ERROR] RUNTIME(712964,):2026-01-15-10:29:36.428.679 [error_message_manage.cc:48]712964 FuncErrorReason:rtsStreamSetAttribute execute failed, reason=[invalid value]
[ERROR] ASCENDCL(712964,):2026-01-15-10:29:36.428.963 [stream.cpp:299]712964 aclrtSetStreamAttributeImpl: call rtsStreamSetAttribute failed, runtime result = 107000
[ERROR] RUNTIME(712964,):2026-01-15-10:29:36.855.259 [api_c_stream.cc:412]712964 rtsStreamSetAttribute:report error module_name=EE1001
[ERROR] RUNTIME(712964,):2026-01-15-10:29:36.855.266 [api_c_stream.cc:412]712964 rtsStreamSetAttribute:Invalid stream attribute ID: 4, Supported stream attribute IDs: [1, 4).
[ERROR] RUNTIME(712964,):2026-01-15-10:29:36.855.296 [api_c_stream.cc:416]712964 rtsStreamSetAttribute:ErrCode=107000, desc=[invalid value], InnerCode=0x7110001
[ERROR] RUNTIME(712964,):2026-01-15-10:29:36.855.299 [error_message_manage.cc:48]712964 FuncErrorReason:report error module_name=EE1001
[ERROR] RUNTIME(712964,):2026-01-15-10:29:36.855.302 [error_message_manage.cc:48]712964 FuncErrorReason:rtsStreamSetAttribute execute failed, reason=[invalid value]
[ERROR] ASCENDCL(712964,):2026-01-15-10:29:36.855.516 [stream.cpp:299]712964 aclrtSetStreamAttributeImpl: call rtsStreamSetAttribute failed, runtime result = 107000
[ERROR] RUNTIME(712964,):2026-01-15-10:29:37.691.999 [api_error.cc:1519]712964 MemCopySync:Memory copy sync failed, cnt=416, kind=1.
[ERROR] RUNTIME(712964,):2026-01-15-10:29:37.692.009 [api_c.cc:1197]712964 rtMemcpy:ErrCode=107030, desc=[the current capture mode does not support this operation], InnerCode=0x703001c
[ERROR] RUNTIME(712964,):2026-01-15-10:29:37.692.012 [error_message_manage.cc:53]712964 FuncErrorReason:report error module_type=3, module_name=EE8888
[ERROR] RUNTIME(712964,):2026-01-15-10:29:37.692.015 [error_message_manage.cc:53]712964 FuncErrorReason:rtMemcpy execute failed, reason=[the current capture mode does not support this operation]
[ERROR] ASCENDCL(712964,):2026-01-15-10:29:37.692.303 [memory.cpp:437]712964 aclrtMemcpyImpl: synchronized memcpy failed, kind = 1, runtime result = 107030
[ERROR] RUNTIME(712964,):2026-01-15-10:29:37.693.378 [api_error.cc:1519]712964 MemCopySync:Memory copy sync failed, cnt=72, kind=1.
[ERROR] RUNTIME(712964,):2026-01-15-10:29:37.693.386 [api_c.cc:1197]712964 rtMemcpy:ErrCode=107030, desc=[the current capture mode does not support this operation], InnerCode=0x703001c
[ERROR] RUNTIME(712964,):2026-01-15-10:29:37.693.389 [error_message_manage.cc:53]712964 FuncErrorReason:report error module_type=3, module_name=EE8888
[ERROR] RUNTIME(712964,):2026-01-15-10:29:37.693.392 [error_message_manage.cc:53]712964 FuncErrorReason:rtMemcpy execute failed, reason=[the current capture mode does not support this operation]
[ERROR] ASCENDCL(712964,):2026-01-15-10:29:37.693.538 [memory.cpp:437]712964 aclrtMemcpyImpl: synchronized memcpy failed, kind = 1, runtime result = 107030
[ERROR] RUNTIME(712964,):2026-01-15-10:29:38.467.544 [api_error.cc:1519]712964 MemCopySync:Memory copy sync failed, cnt=416, kind=1.
[ERROR] RUNTIME(712964,):2026-01-15-10:29:38.467.553 [api_c.cc:1197]712964 rtMemcpy:ErrCode=107030, desc=[the current capture mode does not support this operation], InnerCode=0x703001c
[ERROR] RUNTIME(712964,):2026-01-15-10:29:38.467.556 [error_message_manage.cc:53]712964 FuncErrorReason:report error module_type=3, module_name=EE8888
[ERROR] RUNTIME(712964,):2026-01-15-10:29:38.467.560 [error_message_manage.cc:53]712964 FuncErrorReason:rtMemcpy execute failed, reason=[the current capture mode does not support this operation]
[ERROR] ASCENDCL(712964,):2026-01-15-10:29:38.467.858 [memory.cpp:437]712964 aclrtMemcpyImpl: synchronized memcpy failed, kind = 1, runtime result = 107030
[ERROR] RUNTIME(712964,):2026-01-15-10:29:39.239.376 [api_error.cc:1519]712964 MemCopySync:Memory copy sync failed, cnt=72, kind=1.
[ERROR] RUNTIME(712964,):2026-01-15-10:29:39.239.385 [api_c.cc:1197]712964 rtMemcpy:ErrCode=107030, desc=[the current capture mode does not support this operation], InnerCode=0x703001c
[ERROR] RUNTIME(712964,):2026-01-15-10:29:39.239.387 [error_message_manage.cc:53]712964 FuncErrorReason:report error module_type=3, module_name=EE8888
[ERROR] RUNTIME(712964,):2026-01-15-10:29:39.239.390 [error_message_manage.cc:53]712964 FuncErrorReason:rtMemcpy execute failed, reason=[the current capture mode does not support this operation]
[ERROR] ASCENDCL(712964,):2026-01-15-10:29:39.239.698 [memory.cpp:437]712964 aclrtMemcpyImpl: synchronized memcpy failed, kind = 1, runtime result = 107030
[ERROR] RUNTIME(712964,):2026-01-15-10:29:39.984.512 [api_error.cc:1519]712964 MemCopySync:Memory copy sync failed, cnt=416, kind=1.
[ERROR] RUNTIME(712964,):2026-01-15-10:29:39.984.522 [api_c.cc:1197]712964 rtMemcpy:ErrCode=107030, desc=[the current capture mode does not support this operation], InnerCode=0x703001c
[ERROR] RUNTIME(712964,):2026-01-15-10:29:39.984.525 [error_message_manage.cc:53]712964 FuncErrorReason:report error module_type=3, module_name=EE8888
[ERROR] RUNTIME(712964,):2026-01-15-10:29:39.984.528 [error_message_manage.cc:53]712964 FuncErrorReason:rtMemcpy execute failed, reason=[the current capture mode does not support this operation]
[ERROR] ASCENDCL(712964,):2026-01-15-10:29:39.984.869 [memory.cpp:437]712964 aclrtMemcpyImpl: synchronized memcpy failed, kind = 1, runtime result = 107030
[ERROR] RUNTIME(712964,):2026-01-15-10:29:40.750.835 [api_error.cc:1519]712964 MemCopySync:Memory copy sync failed, cnt=72, kind=1.
[ERROR] RUNTIME(712964,):2026-01-15-10:29:40.750.846 [api_c.cc:1197]712964 rtMemcpy:ErrCode=107030, desc=[the current capture mode does not support this operation], InnerCode=0x703001c
[ERROR] RUNTIME(712964,):2026-01-15-10:29:40.750.849 [error_message_manage.cc:53]712964 FuncErrorReason:report error module_type=3, module_name=EE8888
[ERROR] RUNTIME(712964,):2026-01-15-10:29:40.750.852 [error_message_manage.cc:53]712964 FuncErrorReason:rtMemcpy execute failed, reason=[the current capture mode does not support this operation]
[ERROR] ASCENDCL(712964,):2026-01-15-10:29:40.751.156 [memory.cpp:437]712964 aclrtMemcpyImpl: synchronized memcpy failed, kind = 1, runtime result = 107030
[ERROR] RUNTIME(712964,):2026-01-15-10:29:41.495.061 [api_error.cc:1519]712964 MemCopySync:Memory copy sync failed, cnt=416, kind=1.
[ERROR] RUNTIME(712964,):2026-01-15-10:29:41.495.070 [api_c.cc:1197]712964 rtMemcpy:ErrCode=107030, desc=[the current capture mode does not support this operation], InnerCode=0x703001c
[ERROR] RUNTIME(712964,):2026-01-15-10:29:41.495.073 [error_message_manage.cc:53]712964 FuncErrorReason:report error module_type=3, module_name=EE8888
[ERROR] RUNTIME(712964,):2026-01-15-10:29:41.495.076 [error_message_manage.cc:53]712964 FuncErrorReason:rtMemcpy execute failed, reason=[the current capture mode does not support this operation]
[ERROR] ASCENDCL(712964,):2026-01-15-10:29:41.495.449 [memory.cpp:437]712964 aclrtMemcpyImpl: synchronized memcpy failed, kind = 1, runtime result = 107030
[ERROR] RUNTIME(712964,):2026-01-15-10:29:42.270.078 [api_error.cc:1519]712964 MemCopySync:Memory copy sync failed, cnt=72, kind=1.
[ERROR] RUNTIME(712964,):2026-01-15-10:29:42.270.088 [api_c.cc:1197]712964 rtMemcpy:ErrCode=107030, desc=[the current capture mode does not support this operation], InnerCode=0x703001c
[ERROR] RUNTIME(712964,):2026-01-15-10:29:42.270.091 [error_message_manage.cc:53]712964 FuncErrorReason:report error module_type=3, module_name=EE8888
[ERROR] RUNTIME(712964,):2026-01-15-10:29:42.270.094 [error_message_manage.cc:53]712964 FuncErrorReason:rtMemcpy execute failed, reason=[the current capture mode does not support this operation]
[ERROR] ASCENDCL(712964,):2026-01-15-10:29:42.270.416 [memory.cpp:437]712964 aclrtMemcpyImpl: synchronized memcpy failed, kind = 1, runtime result = 107030
[ERROR] RUNTIME(712964,):2026-01-15-10:29:42.369.301 [api_error.cc:1519]712964 MemCopySync:Memory copy sync failed, cnt=416, kind=1.
[ERROR] RUNTIME(712964,):2026-01-15-10:29:42.369.309 [api_c.cc:1197]712964 rtMemcpy:ErrCode=107030, desc=[the current capture mode does not support this operation], InnerCode=0x703001c
[ERROR] RUNTIME(712964,):2026-01-15-10:29:42.369.312 [error_message_manage.cc:53]712964 FuncErrorReason:report error module_type=3, module_name=EE8888
[ERROR] RUNTIME(712964,):2026-01-15-10:29:42.369.314 [error_message_manage.cc:53]712964 FuncErrorReason:rtMemcpy execute failed, reason=[the current capture mode does not support this operation]
[ERROR] ASCENDCL(712964,):2026-01-15-10:29:42.369.558 [memory.cpp:437]712964 aclrtMemcpyImpl: synchronized memcpy failed, kind = 1, runtime result = 107030
[ERROR] RUNTIME(712964,):2026-01-15-10:29:42.467.656 [api_error.cc:1519]712964 MemCopySync:Memory copy sync failed, cnt=72, kind=1.
[ERROR] RUNTIME(712964,):2026-01-15-10:29:42.467.664 [api_c.cc:1197]712964 rtMemcpy:ErrCode=107030, desc=[the current capture mode does not support this operation], InnerCode=0x703001c
[ERROR] RUNTIME(712964,):2026-01-15-10:29:42.467.667 [error_message_manage.cc:53]712964 FuncErrorReason:report error module_type=3, module_name=EE8888
[ERROR] RUNTIME(712964,):2026-01-15-10:29:42.467.669 [error_message_manage.cc:53]712964 FuncErrorReason:rtMemcpy execute failed, reason=[the current capture mode does not support this operation]
[ERROR] ASCENDCL(712964,):2026-01-15-10:29:42.467.942 [memory.cpp:437]712964 aclrtMemcpyImpl: synchronized memcpy failed, kind = 1, runtime result = 107030
[ERROR] RUNTIME(712964,):2026-01-15-10:29:42.561.683 [api_error.cc:1519]712964 MemCopySync:Memory copy sync failed, cnt=416, kind=1.
[ERROR] RUNTIME(712964,):2026-01-15-10:29:42.561.692 [api_c.cc:1197]712964 rtMemcpy:ErrCode=107030, desc=[the current capture mode does not support this operation], InnerCode=0x703001c
[ERROR] RUNTIME(712964,):2026-01-15-10:29:42.561.695 [error_message_manage.cc:53]712964 FuncErrorReason:report error module_type=3, module_name=EE8888
[ERROR] RUNTIME(712964,):2026-01-15-10:29:42.561.698 [error_message_manage.cc:53]712964 FuncErrorReason:rtMemcpy execute failed, reason=[the current capture mode does not support this operation]
[ERROR] ASCENDCL(712964,):2026-01-15-10:29:42.561.947 [memory.cpp:437]712964 aclrtMemcpyImpl: synchronized memcpy failed, kind = 1, runtime result = 107030
[ERROR] RUNTIME(712964,):2026-01-15-10:29:42.658.764 [api_error.cc:1519]712964 MemCopySync:Memory copy sync failed, cnt=72, kind=1.
[ERROR] RUNTIME(712964,):2026-01-15-10:29:42.658.772 [api_c.cc:1197]712964 rtMemcpy:ErrCode=107030, desc=[the current capture mode does not support this operation], InnerCode=0x703001c
[ERROR] RUNTIME(712964,):2026-01-15-10:29:42.658.775 [error_message_manage.cc:53]712964 FuncErrorReason:report error module_type=3, module_name=EE8888
[ERROR] RUNTIME(712964,):2026-01-15-10:29:42.658.777 [error_message_manage.cc:53]712964 FuncErrorReason:rtMemcpy execute failed, reason=[the current capture mode does not support this operation]
[ERROR] ASCENDCL(712964,):2026-01-15-10:29:42.659.062 [memory.cpp:437]712964 aclrtMemcpyImpl: synchronized memcpy failed, kind = 1, runtime result = 107030
[ERROR] RUNTIME(712964,):2026-01-15-10:29:42.749.967 [api_error.cc:1519]712964 MemCopySync:Memory copy sync failed, cnt=416, kind=1.
[ERROR] RUNTIME(712964,):2026-01-15-10:29:42.749.976 [api_c.cc:1197]712964 rtMemcpy:ErrCode=107030, desc=[the current capture mode does not support this operation], InnerCode=0x703001c
[ERROR] RUNTIME(712964,):2026-01-15-10:29:42.749.979 [error_message_manage.cc:53]712964 FuncErrorReason:report error module_type=3, module_name=EE8888
[ERROR] RUNTIME(712964,):2026-01-15-10:29:42.749.981 [error_message_manage.cc:53]712964 FuncErrorReason:rtMemcpy execute failed, reason=[the current capture mode does not support this operation]
[ERROR] ASCENDCL(712964,):2026-01-15-10:29:42.750.288 [memory.cpp:437]712964 aclrtMemcpyImpl: synchronized memcpy failed, kind = 1, runtime result = 107030
[ERROR] RUNTIME(712964,):2026-01-15-10:29:42.843.164 [api_error.cc:1519]712964 MemCopySync:Memory copy sync failed, cnt=72, kind=1.
[ERROR] RUNTIME(712964,):2026-01-15-10:29:42.843.173 [api_c.cc:1197]712964 rtMemcpy:ErrCode=107030, desc=[the current capture mode does not support this operation], InnerCode=0x703001c
[ERROR] RUNTIME(712964,):2026-01-15-10:29:42.843.176 [error_message_manage.cc:53]712964 FuncErrorReason:report error module_type=3, module_name=EE8888
[ERROR] RUNTIME(712964,):2026-01-15-10:29:42.843.178 [error_message_manage.cc:53]712964 FuncErrorReason:rtMemcpy execute failed, reason=[the current capture mode does not support this operation]
[ERROR] ASCENDCL(712964,):2026-01-15-10:29:42.843.421 [memory.cpp:437]712964 aclrtMemcpyImpl: synchronized memcpy failed, kind = 1, runtime result = 107030
[ERROR] RUNTIME(712964,):2026-01-15-10:29:42.939.538 [api_error.cc:1519]712964 MemCopySync:Memory copy sync failed, cnt=416, kind=1.
[ERROR] RUNTIME(712964,):2026-01-15-10:29:42.939.547 [api_c.cc:1197]712964 rtMemcpy:ErrCode=107030, desc=[the current capture mode does not support this operation], InnerCode=0x703001c
[ERROR] RUNTIME(712964,):2026-01-15-10:29:42.939.550 [error_message_manage.cc:53]712964 FuncErrorReason:report error module_type=3, module_name=EE8888
[ERROR] RUNTIME(712964,):2026-01-15-10:29:42.939.553 [error_message_manage.cc:53]712964 FuncErrorReason:rtMemcpy execute failed, reason=[the current capture mode does not support this operation]
[ERROR] ASCENDCL(712964,):2026-01-15-10:29:42.939.801 [memory.cpp:437]712964 aclrtMemcpyImpl: synchronized memcpy failed, kind = 1, runtime result = 107030
[ERROR] RUNTIME(712964,):2026-01-15-10:29:43.030.710 [api_error.cc:1519]712964 MemCopySync:Memory copy sync failed, cnt=72, kind=1.
[ERROR] RUNTIME(712964,):2026-01-15-10:29:43.030.718 [api_c.cc:1197]712964 rtMemcpy:ErrCode=107030, desc=[the current capture mode does not support this operation], InnerCode=0x703001c
[ERROR] RUNTIME(712964,):2026-01-15-10:29:43.030.720 [error_message_manage.cc:53]712964 FuncErrorReason:report error module_type=3, module_name=EE8888
[ERROR] RUNTIME(712964,):2026-01-15-10:29:43.030.723 [error_message_manage.cc:53]712964 FuncErrorReason:rtMemcpy execute failed, reason=[the current capture mode does not support this operation]
[ERROR] ASCENDCL(712964,):2026-01-15-10:29:43.030.932 [memory.cpp:437]712964 aclrtMemcpyImpl: synchronized memcpy failed, kind = 1, runtime result = 107030
[ERROR] RUNTIME(712964,):2026-01-15-10:29:43.131.649 [api_error.cc:1519]712964 MemCopySync:Memory copy sync failed, cnt=416, kind=1.
[ERROR] RUNTIME(712964,):2026-01-15-10:29:43.131.657 [api_c.cc:1197]712964 rtMemcpy:ErrCode=107030, desc=[the current capture mode does not support this operation], InnerCode=0x703001c
[ERROR] RUNTIME(712964,):2026-01-15-10:29:43.131.660 [error_message_manage.cc:53]712964 FuncErrorReason:report error module_type=3, module_name=EE8888
[ERROR] RUNTIME(712964,):2026-01-15-10:29:43.131.662 [error_message_manage.cc:53]712964 FuncErrorReason:rtMemcpy execute failed, reason=[the current capture mode does not support this operation]
[ERROR] ASCENDCL(712964,):2026-01-15-10:29:43.131.902 [memory.cpp:437]712964 aclrtMemcpyImpl: synchronized memcpy failed, kind = 1, runtime result = 107030
[ERROR] RUNTIME(712964,):2026-01-15-10:29:43.217.885 [api_error.cc:1519]712964 MemCopySync:Memory copy sync failed, cnt=72, kind=1.
[ERROR] RUNTIME(712964,):2026-01-15-10:29:43.217.892 [api_c.cc:1197]712964 rtMemcpy:ErrCode=107030, desc=[the current capture mode does not support this operation], InnerCode=0x703001c
[ERROR] RUNTIME(712964,):2026-01-15-10:29:43.217.895 [error_message_manage.cc:53]712964 FuncErrorReason:report error module_type=3, module_name=EE8888
[ERROR] RUNTIME(712964,):2026-01-15-10:29:43.217.897 [error_message_manage.cc:53]712964 FuncErrorReason:rtMemcpy execute failed, reason=[the current capture mode does not support this operation]
[ERROR] ASCENDCL(712964,):2026-01-15-10:29:43.218.140 [memory.cpp:437]712964 aclrtMemcpyImpl: synchronized memcpy failed, kind = 1, runtime result = 107030
[ERROR] RUNTIME(712964,):2026-01-15-10:29:43.315.520 [api_error.cc:1519]712964 MemCopySync:Memory copy sync failed, cnt=416, kind=1.
[ERROR] RUNTIME(712964,):2026-01-15-10:29:43.315.529 [api_c.cc:1197]712964 rtMemcpy:ErrCode=107030, desc=[the current capture mode does not support this operation], InnerCode=0x703001c
[ERROR] RUNTIME(712964,):2026-01-15-10:29:43.315.531 [error_message_manage.cc:53]712964 FuncErrorReason:report error module_type=3, module_name=EE8888
[ERROR] RUNTIME(712964,):2026-01-15-10:29:43.315.534 [error_message_manage.cc:53]712964 FuncErrorReason:rtMemcpy execute failed, reason=[the current capture mode does not support this operation]
[ERROR] ASCENDCL(712964,):2026-01-15-10:29:43.315.843 [memory.cpp:437]712964 aclrtMemcpyImpl: synchronized memcpy failed, kind = 1, runtime result = 107030
[ERROR] RUNTIME(712964,):2026-01-15-10:29:43.406.684 [api_error.cc:1519]712964 MemCopySync:Memory copy sync failed, cnt=72, kind=1.
[ERROR] RUNTIME(712964,):2026-01-15-10:29:43.406.692 [api_c.cc:1197]712964 rtMemcpy:ErrCode=107030, desc=[the current capture mode does not support this operation], InnerCode=0x703001c
[ERROR] RUNTIME(712964,):2026-01-15-10:29:43.406.694 [error_message_manage.cc:53]712964 FuncErrorReason:report error module_type=3, module_name=EE8888
[ERROR] RUNTIME(712964,):2026-01-15-10:29:43.406.697 [error_message_manage.cc:53]712964 FuncErrorReason:rtMemcpy execute failed, reason=[the current capture mode does not support this operation]
[ERROR] ASCENDCL(712964,):2026-01-15-10:29:43.406.926 [memory.cpp:437]712964 aclrtMemcpyImpl: synchronized memcpy failed, kind = 1, runtime result = 107030
[ERROR] RUNTIME(712964,):2026-01-15-10:29:43.504.600 [api_error.cc:1519]712964 MemCopySync:Memory copy sync failed, cnt=416, kind=1.
[ERROR] RUNTIME(712964,):2026-01-15-10:29:43.504.609 [api_c.cc:1197]712964 rtMemcpy:ErrCode=107030, desc=[the current capture mode does not support this operation], InnerCode=0x703001c
[ERROR] RUNTIME(712964,):2026-01-15-10:29:43.504.612 [error_message_manage.cc:53]712964 FuncErrorReason:report error module_type=3, module_name=EE8888
[ERROR] RUNTIME(712964,):2026-01-15-10:29:43.504.615 [error_message_manage.cc:53]712964 FuncErrorReason:rtMemcpy execute failed, reason=[the current capture mode does not support this operation]
[ERROR] ASCENDCL(712964,):2026-01-15-10:29:43.504.915 [memory.cpp:437]712964 aclrtMemcpyImpl: synchronized memcpy failed, kind = 1, runtime result = 107030
[ERROR] RUNTIME(712964,):2026-01-15-10:29:43.604.710 [api_error.cc:1519]712964 MemCopySync:Memory copy sync failed, cnt=72, kind=1.
[ERROR] RUNTIME(712964,):2026-01-15-10:29:43.604.718 [api_c.cc:1197]712964 rtMemcpy:ErrCode=107030, desc=[the current capture mode does not support this operation], InnerCode=0x703001c
[ERROR] RUNTIME(712964,):2026-01-15-10:29:43.604.721 [error_message_manage.cc:53]712964 FuncErrorReason:report error module_type=3, module_name=EE8888
[ERROR] RUNTIME(712964,):2026-01-15-10:29:43.604.724 [error_message_manage.cc:53]712964 FuncErrorReason:rtMemcpy execute failed, reason=[the current capture mode does not support this operation]
[ERROR] ASCENDCL(712964,):2026-01-15-10:29:43.604.930 [memory.cpp:437]712964 aclrtMemcpyImpl: synchronized memcpy failed, kind = 1, runtime result = 107030
[ERROR] RUNTIME(712964,):2026-01-15-10:29:43.703.955 [api_error.cc:1519]712964 MemCopySync:Memory copy sync failed, cnt=416, kind=1.
[ERROR] RUNTIME(712964,):2026-01-15-10:29:43.703.963 [api_c.cc:1197]712964 rtMemcpy:ErrCode=107030, desc=[the current capture mode does not support this operation], InnerCode=0x703001c
[ERROR] RUNTIME(712964,):2026-01-15-10:29:43.703.965 [error_message_manage.cc:53]712964 FuncErrorReason:report error module_type=3, module_name=EE8888
[ERROR] RUNTIME(712964,):2026-01-15-10:29:43.703.968 [error_message_manage.cc:53]712964 FuncErrorReason:rtMemcpy execute failed, reason=[the current capture mode does not support this operation]
[ERROR] ASCENDCL(712964,):2026-01-15-10:29:43.704.250 [memory.cpp:437]712964 aclrtMemcpyImpl: synchronized memcpy failed, kind = 1, runtime result = 107030
[ERROR] RUNTIME(712964,):2026-01-15-10:29:43.788.354 [api_error.cc:1519]712964 MemCopySync:Memory copy sync failed, cnt=72, kind=1.
[ERROR] RUNTIME(712964,):2026-01-15-10:29:43.788.362 [api_c.cc:1197]712964 rtMemcpy:ErrCode=107030, desc=[the current capture mode does not support this operation], InnerCode=0x703001c
[ERROR] RUNTIME(712964,):2026-01-15-10:29:43.788.365 [error_message_manage.cc:53]712964 FuncErrorReason:report error module_type=3, module_name=EE8888
[ERROR] RUNTIME(712964,):2026-01-15-10:29:43.788.367 [error_message_manage.cc:53]712964 FuncErrorReason:rtMemcpy execute failed, reason=[the current capture mode does not support this operation]
[ERROR] ASCENDCL(712964,):2026-01-15-10:29:43.788.603 [memory.cpp:437]712964 aclrtMemcpyImpl: synchronized memcpy failed, kind = 1, runtime result = 107030
[ERROR] RUNTIME(712964,):2026-01-15-10:29:43.868.613 [api_error.cc:1519]712964 MemCopySync:Memory copy sync failed, cnt=416, kind=1.
[ERROR] RUNTIME(712964,):2026-01-15-10:29:43.868.621 [api_c.cc:1197]712964 rtMemcpy:ErrCode=107030, desc=[the current capture mode does not support this operation], InnerCode=0x703001c
[ERROR] RUNTIME(712964,):2026-01-15-10:29:43.868.624 [error_message_manage.cc:53]712964 FuncErrorReason:report error module_type=3, module_name=EE8888
[ERROR] RUNTIME(712964,):2026-01-15-10:29:43.868.627 [error_message_manage.cc:53]712964 FuncErrorReason:rtMemcpy execute failed, reason=[the current capture mode does not support this operation]
[ERROR] ASCENDCL(712964,):2026-01-15-10:29:43.868.910 [memory.cpp:437]712964 aclrtMemcpyImpl: synchronized memcpy failed, kind = 1, runtime result = 107030
[ERROR] RUNTIME(712964,):2026-01-15-10:29:43.943.960 [api_error.cc:1519]712964 MemCopySync:Memory copy sync failed, cnt=72, kind=1.
[ERROR] RUNTIME(712964,):2026-01-15-10:29:43.943.969 [api_c.cc:1197]712964 rtMemcpy:ErrCode=107030, desc=[the current capture mode does not support this operation], InnerCode=0x703001c
[ERROR] RUNTIME(712964,):2026-01-15-10:29:43.943.971 [error_message_manage.cc:53]712964 FuncErrorReason:report error module_type=3, module_name=EE8888
[ERROR] RUNTIME(712964,):2026-01-15-10:29:43.943.974 [error_message_manage.cc:53]712964 FuncErrorReason:rtMemcpy execute failed, reason=[the current capture mode does not support this operation]
[ERROR] ASCENDCL(712964,):2026-01-15-10:29:43.944.230 [memory.cpp:437]712964 aclrtMemcpyImpl: synchronized memcpy failed, kind = 1, runtime result = 107030
[ERROR] RUNTIME(712964,):2026-01-15-10:29:44.019.009 [api_error.cc:1519]712964 MemCopySync:Memory copy sync failed, cnt=416, kind=1.
[ERROR] RUNTIME(712964,):2026-01-15-10:29:44.019.017 [api_c.cc:1197]712964 rtMemcpy:ErrCode=107030, desc=[the current capture mode does not support this operation], InnerCode=0x703001c
[ERROR] RUNTIME(712964,):2026-01-15-10:29:44.019.020 [error_message_manage.cc:53]712964 FuncErrorReason:report error module_type=3, module_name=EE8888
[ERROR] RUNTIME(712964,):2026-01-15-10:29:44.019.022 [error_message_manage.cc:53]712964 FuncErrorReason:rtMemcpy execute failed, reason=[the current capture mode does not support this operation]
[ERROR] ASCENDCL(712964,):2026-01-15-10:29:44.019.212 [memory.cpp:437]712964 aclrtMemcpyImpl: synchronized memcpy failed, kind = 1, runtime result = 107030
[ERROR] RUNTIME(712964,):2026-01-15-10:29:44.096.427 [api_error.cc:1519]712964 MemCopySync:Memory copy sync failed, cnt=72, kind=1.
[ERROR] RUNTIME(712964,):2026-01-15-10:29:44.096.435 [api_c.cc:1197]712964 rtMemcpy:ErrCode=107030, desc=[the current capture mode does not support this operation], InnerCode=0x703001c
[ERROR] RUNTIME(712964,):2026-01-15-10:29:44.096.437 [error_message_manage.cc:53]712964 FuncErrorReason:report error module_type=3, module_name=EE8888
[ERROR] RUNTIME(712964,):2026-01-15-10:29:44.096.440 [error_message_manage.cc:53]712964 FuncErrorReason:rtMemcpy execute failed, reason=[the current capture mode does not support this operation]
[ERROR] ASCENDCL(712964,):2026-01-15-10:29:44.096.708 [memory.cpp:437]712964 aclrtMemcpyImpl: synchronized memcpy failed, kind = 1, runtime result = 107030
[ERROR] RUNTIME(712964,):2026-01-15-10:29:44.180.198 [api_error.cc:1519]712964 MemCopySync:Memory copy sync failed, cnt=416, kind=1.
[ERROR] RUNTIME(712964,):2026-01-15-10:29:44.180.206 [api_c.cc:1197]712964 rtMemcpy:ErrCode=107030, desc=[the current capture mode does not support this operation], InnerCode=0x703001c
[ERROR] RUNTIME(712964,):2026-01-15-10:29:44.180.209 [error_message_manage.cc:53]712964 FuncErrorReason:report error module_type=3, module_name=EE8888
[ERROR] RUNTIME(712964,):2026-01-15-10:29:44.180.211 [error_message_manage.cc:53]712964 FuncErrorReason:rtMemcpy execute failed, reason=[the current capture mode does not support this operation]
[ERROR] ASCENDCL(712964,):2026-01-15-10:29:44.180.437 [memory.cpp:437]712964 aclrtMemcpyImpl: synchronized memcpy failed, kind = 1, runtime result = 107030
[ERROR] RUNTIME(712964,):2026-01-15-10:29:44.263.684 [api_error.cc:1519]712964 MemCopySync:Memory copy sync failed, cnt=72, kind=1.
[ERROR] RUNTIME(712964,):2026-01-15-10:29:44.263.692 [api_c.cc:1197]712964 rtMemcpy:ErrCode=107030, desc=[the current capture mode does not support this operation], InnerCode=0x703001c
[ERROR] RUNTIME(712964,):2026-01-15-10:29:44.263.695 [error_message_manage.cc:53]712964 FuncErrorReason:report error module_type=3, module_name=EE8888
[ERROR] RUNTIME(712964,):2026-01-15-10:29:44.263.697 [error_message_manage.cc:53]712964 FuncErrorReason:rtMemcpy execute failed, reason=[the current capture mode does not support this operation]
[ERROR] ASCENDCL(712964,):2026-01-15-10:29:44.263.960 [memory.cpp:437]712964 aclrtMemcpyImpl: synchronized memcpy failed, kind = 1, runtime result = 107030
[ERROR] RUNTIME(712964,):2026-01-15-10:29:44.348.773 [api_error.cc:1519]712964 MemCopySync:Memory copy sync failed, cnt=416, kind=1.
[ERROR] RUNTIME(712964,):2026-01-15-10:29:44.348.781 [api_c.cc:1197]712964 rtMemcpy:ErrCode=107030, desc=[the current capture mode does not support this operation], InnerCode=0x703001c
[ERROR] RUNTIME(712964,):2026-01-15-10:29:44.348.784 [error_message_manage.cc:53]712964 FuncErrorReason:report error module_type=3, module_name=EE8888
[ERROR] RUNTIME(712964,):2026-01-15-10:29:44.348.787 [error_message_manage.cc:53]712964 FuncErrorReason:rtMemcpy execute failed, reason=[the current capture mode does not support this operation]
[ERROR] ASCENDCL(712964,):2026-01-15-10:29:44.349.028 [memory.cpp:437]712964 aclrtMemcpyImpl: synchronized memcpy failed, kind = 1, runtime result = 107030
[ERROR] RUNTIME(712964,):2026-01-15-10:29:44.415.606 [api_error.cc:1519]712964 MemCopySync:Memory copy sync failed, cnt=72, kind=1.
[ERROR] RUNTIME(712964,):2026-01-15-10:29:44.415.614 [api_c.cc:1197]712964 rtMemcpy:ErrCode=107030, desc=[the current capture mode does not support this operation], InnerCode=0x703001c
[ERROR] RUNTIME(712964,):2026-01-15-10:29:44.415.617 [error_message_manage.cc:53]712964 FuncErrorReason:report error module_type=3, module_name=EE8888
[ERROR] RUNTIME(712964,):2026-01-15-10:29:44.415.619 [error_message_manage.cc:53]712964 FuncErrorReason:rtMemcpy execute failed, reason=[the current capture mode does not support this operation]
[ERROR] ASCENDCL(712964,):2026-01-15-10:29:44.415.912 [memory.cpp:437]712964 aclrtMemcpyImpl: synchronized memcpy failed, kind = 1, runtime result = 107030
[ERROR] RUNTIME(712964,):2026-01-15-10:29:44.461.655 [api_error.cc:1519]712964 MemCopySync:Memory copy sync failed, cnt=416, kind=1.
[ERROR] RUNTIME(712964,):2026-01-15-10:29:44.461.663 [api_c.cc:1197]712964 rtMemcpy:ErrCode=107030, desc=[the current capture mode does not support this operation], InnerCode=0x703001c
[ERROR] RUNTIME(712964,):2026-01-15-10:29:44.461.666 [error_message_manage.cc:53]712964 FuncErrorReason:report error module_type=3, module_name=EE8888
[ERROR] RUNTIME(712964,):2026-01-15-10:29:44.461.669 [error_message_manage.cc:53]712964 FuncErrorReason:rtMemcpy execute failed, reason=[the current capture mode does not support this operation]
[ERROR] ASCENDCL(712964,):2026-01-15-10:29:44.461.946 [memory.cpp:437]712964 aclrtMemcpyImpl: synchronized memcpy failed, kind = 1, runtime result = 107030
[ERROR] RUNTIME(712964,):2026-01-15-10:29:44.536.279 [api_error.cc:1519]712964 MemCopySync:Memory copy sync failed, cnt=72, kind=1.
[ERROR] RUNTIME(712964,):2026-01-15-10:29:44.536.287 [api_c.cc:1197]712964 rtMemcpy:ErrCode=107030, desc=[the current capture mode does not support this operation], InnerCode=0x703001c
[ERROR] RUNTIME(712964,):2026-01-15-10:29:44.536.289 [error_message_manage.cc:53]712964 FuncErrorReason:report error module_type=3, module_name=EE8888
[ERROR] RUNTIME(712964,):2026-01-15-10:29:44.536.292 [error_message_manage.cc:53]712964 FuncErrorReason:rtMemcpy execute failed, reason=[the current capture mode does not support this operation]
[ERROR] ASCENDCL(712964,):2026-01-15-10:29:44.536.549 [memory.cpp:437]712964 aclrtMemcpyImpl: synchronized memcpy failed, kind = 1, runtime result = 107030
[ERROR] RUNTIME(712964,):2026-01-15-10:29:44.609.536 [api_error.cc:1519]712964 MemCopySync:Memory copy sync failed, cnt=416, kind=1.
[ERROR] RUNTIME(712964,):2026-01-15-10:29:44.609.544 [api_c.cc:1197]712964 rtMemcpy:ErrCode=107030, desc=[the current capture mode does not support this operation], InnerCode=0x703001c
[ERROR] RUNTIME(712964,):2026-01-15-10:29:44.609.547 [error_message_manage.cc:53]712964 FuncErrorReason:report error module_type=3, module_name=EE8888
[ERROR] RUNTIME(712964,):2026-01-15-10:29:44.609.550 [error_message_manage.cc:53]712964 FuncErrorReason:rtMemcpy execute failed, reason=[the current capture mode does not support this operation]
[ERROR] ASCENDCL(712964,):2026-01-15-10:29:44.609.797 [memory.cpp:437]712964 aclrtMemcpyImpl: synchronized memcpy failed, kind = 1, runtime result = 107030
[ERROR] RUNTIME(712964,):2026-01-15-10:29:44.687.153 [api_error.cc:1519]712964 MemCopySync:Memory copy sync failed, cnt=72, kind=1.
[ERROR] RUNTIME(712964,):2026-01-15-10:29:44.687.161 [api_c.cc:1197]712964 rtMemcpy:ErrCode=107030, desc=[the current capture mode does not support this operation], InnerCode=0x703001c
[ERROR] RUNTIME(712964,):2026-01-15-10:29:44.687.164 [error_message_manage.cc:53]712964 FuncErrorReason:report error module_type=3, module_name=EE8888
[ERROR] RUNTIME(712964,):2026-01-15-10:29:44.687.167 [error_message_manage.cc:53]712964 FuncErrorReason:rtMemcpy execute failed, reason=[the current capture mode does not support this operation]
[ERROR] ASCENDCL(712964,):2026-01-15-10:29:44.687.456 [memory.cpp:437]712964 aclrtMemcpyImpl: synchronized memcpy failed, kind = 1, runtime result = 107030
[ERROR] RUNTIME(712964,):2026-01-15-10:29:44.765.244 [api_error.cc:1519]712964 MemCopySync:Memory copy sync failed, cnt=416, kind=1.
[ERROR] RUNTIME(712964,):2026-01-15-10:29:44.765.252 [api_c.cc:1197]712964 rtMemcpy:ErrCode=107030, desc=[the current capture mode does not support this operation], InnerCode=0x703001c
[ERROR] RUNTIME(712964,):2026-01-15-10:29:44.765.255 [error_message_manage.cc:53]712964 FuncErrorReason:report error module_type=3, module_name=EE8888
[ERROR] RUNTIME(712964,):2026-01-15-10:29:44.765.258 [error_message_manage.cc:53]712964 FuncErrorReason:rtMemcpy execute failed, reason=[the current capture mode does not support this operation]
[ERROR] ASCENDCL(712964,):2026-01-15-10:29:44.765.527 [memory.cpp:437]712964 aclrtMemcpyImpl: synchronized memcpy failed, kind = 1, runtime result = 107030
[ERROR] RUNTIME(712964,):2026-01-15-10:29:44.831.028 [api_error.cc:1519]712964 MemCopySync:Memory copy sync failed, cnt=72, kind=1.
[ERROR] RUNTIME(712964,):2026-01-15-10:29:44.831.037 [api_c.cc:1197]712964 rtMemcpy:ErrCode=107030, desc=[the current capture mode does not support this operation], InnerCode=0x703001c
[ERROR] RUNTIME(712964,):2026-01-15-10:29:44.831.039 [error_message_manage.cc:53]712964 FuncErrorReason:report error module_type=3, module_name=EE8888
[ERROR] RUNTIME(712964,):2026-01-15-10:29:44.831.042 [error_message_manage.cc:53]712964 FuncErrorReason:rtMemcpy execute failed, reason=[the current capture mode does not support this operation]
[ERROR] ASCENDCL(712964,):2026-01-15-10:29:44.831.273 [memory.cpp:437]712964 aclrtMemcpyImpl: synchronized memcpy failed, kind = 1, runtime result = 107030
[ERROR] RUNTIME(712964,):2026-01-15-10:29:44.886.494 [api_error.cc:1519]712964 MemCopySync:Memory copy sync failed, cnt=416, kind=1.
[ERROR] RUNTIME(712964,):2026-01-15-10:29:44.886.502 [api_c.cc:1197]712964 rtMemcpy:ErrCode=107030, desc=[the current capture mode does not support this operation], InnerCode=0x703001c
[ERROR] RUNTIME(712964,):2026-01-15-10:29:44.886.505 [error_message_manage.cc:53]712964 FuncErrorReason:report error module_type=3, module_name=EE8888
[ERROR] RUNTIME(712964,):2026-01-15-10:29:44.886.507 [error_message_manage.cc:53]712964 FuncErrorReason:rtMemcpy execute failed, reason=[the current capture mode does not support this operation]
[ERROR] ASCENDCL(712964,):2026-01-15-10:29:44.886.743 [memory.cpp:437]712964 aclrtMemcpyImpl: synchronized memcpy failed, kind = 1, runtime result = 107030
[ERROR] RUNTIME(712964,):2026-01-15-10:29:44.947.751 [api_error.cc:1519]712964 MemCopySync:Memory copy sync failed, cnt=72, kind=1.
[ERROR] RUNTIME(712964,):2026-01-15-10:29:44.947.759 [api_c.cc:1197]712964 rtMemcpy:ErrCode=107030, desc=[the current capture mode does not support this operation], InnerCode=0x703001c
[ERROR] RUNTIME(712964,):2026-01-15-10:29:44.947.761 [error_message_manage.cc:53]712964 FuncErrorReason:report error module_type=3, module_name=EE8888
[ERROR] RUNTIME(712964,):2026-01-15-10:29:44.947.764 [error_message_manage.cc:53]712964 FuncErrorReason:rtMemcpy execute failed, reason=[the current capture mode does not support this operation]
[ERROR] ASCENDCL(712964,):2026-01-15-10:29:44.947.996 [memory.cpp:437]712964 aclrtMemcpyImpl: synchronized memcpy failed, kind = 1, runtime result = 107030
[ERROR] RUNTIME(712964,):2026-01-15-10:29:45.013.882 [api_error.cc:1519]712964 MemCopySync:Memory copy sync failed, cnt=416, kind=1.
[ERROR] RUNTIME(712964,):2026-01-15-10:29:45.013.891 [api_c.cc:1197]712964 rtMemcpy:ErrCode=107030, desc=[the current capture mode does not support this operation], InnerCode=0x703001c
[ERROR] RUNTIME(712964,):2026-01-15-10:29:45.013.893 [error_message_manage.cc:53]712964 FuncErrorReason:report error module_type=3, module_name=EE8888
[ERROR] RUNTIME(712964,):2026-01-15-10:29:45.013.896 [error_message_manage.cc:53]712964 FuncErrorReason:rtMemcpy execute failed, reason=[the current capture mode does not support this operation]
[ERROR] ASCENDCL(712964,):2026-01-15-10:29:45.014.099 [memory.cpp:437]712964 aclrtMemcpyImpl: synchronized memcpy failed, kind = 1, runtime result = 107030
[ERROR] RUNTIME(712964,):2026-01-15-10:29:45.084.911 [api_error.cc:1519]712964 MemCopySync:Memory copy sync failed, cnt=72, kind=1.
[ERROR] RUNTIME(712964,):2026-01-15-10:29:45.084.920 [api_c.cc:1197]712964 rtMemcpy:ErrCode=107030, desc=[the current capture mode does not support this operation], InnerCode=0x703001c
[ERROR] RUNTIME(712964,):2026-01-15-10:29:45.084.922 [error_message_manage.cc:53]712964 FuncErrorReason:report error module_type=3, module_name=EE8888
[ERROR] RUNTIME(712964,):2026-01-15-10:29:45.084.925 [error_message_manage.cc:53]712964 FuncErrorReason:rtMemcpy execute failed, reason=[the current capture mode does not support this operation]
[ERROR] ASCENDCL(712964,):2026-01-15-10:29:45.085.199 [memory.cpp:437]712964 aclrtMemcpyImpl: synchronized memcpy failed, kind = 1, runtime result = 107030
[ERROR] RUNTIME(712964,):2026-01-15-10:29:45.154.683 [api_error.cc:1519]712964 MemCopySync:Memory copy sync failed, cnt=416, kind=1.
[ERROR] RUNTIME(712964,):2026-01-15-10:29:45.154.692 [api_c.cc:1197]712964 rtMemcpy:ErrCode=107030, desc=[the current capture mode does not support this operation], InnerCode=0x703001c
[ERROR] RUNTIME(712964,):2026-01-15-10:29:45.154.694 [error_message_manage.cc:53]712964 FuncErrorReason:report error module_type=3, module_name=EE8888
[ERROR] RUNTIME(712964,):2026-01-15-10:29:45.154.697 [error_message_manage.cc:53]712964 FuncErrorReason:rtMemcpy execute failed, reason=[the current capture mode does not support this operation]
[ERROR] ASCENDCL(712964,):2026-01-15-10:29:45.154.961 [memory.cpp:437]712964 aclrtMemcpyImpl: synchronized memcpy failed, kind = 1, runtime result = 107030
[ERROR] RUNTIME(712964,):2026-01-15-10:29:45.223.585 [api_error.cc:1519]712964 MemCopySync:Memory copy sync failed, cnt=72, kind=1.
[ERROR] RUNTIME(712964,):2026-01-15-10:29:45.223.593 [api_c.cc:1197]712964 rtMemcpy:ErrCode=107030, desc=[the current capture mode does not support this operation], InnerCode=0x703001c
[ERROR] RUNTIME(712964,):2026-01-15-10:29:45.223.595 [error_message_manage.cc:53]712964 FuncErrorReason:report error module_type=3, module_name=EE8888
[ERROR] RUNTIME(712964,):2026-01-15-10:29:45.223.598 [error_message_manage.cc:53]712964 FuncErrorReason:rtMemcpy execute failed, reason=[the current capture mode does not support this operation]
[ERROR] ASCENDCL(712964,):2026-01-15-10:29:45.223.780 [memory.cpp:437]712964 aclrtMemcpyImpl: synchronized memcpy failed, kind = 1, runtime result = 107030
[ERROR] RUNTIME(712964,):2026-01-15-10:29:45.292.151 [api_error.cc:1519]712964 MemCopySync:Memory copy sync failed, cnt=416, kind=1.
[ERROR] RUNTIME(712964,):2026-01-15-10:29:45.292.159 [api_c.cc:1197]712964 rtMemcpy:ErrCode=107030, desc=[the current capture mode does not support this operation], InnerCode=0x703001c
[ERROR] RUNTIME(712964,):2026-01-15-10:29:45.292.162 [error_message_manage.cc:53]712964 FuncErrorReason:report error module_type=3, module_name=EE8888
[ERROR] RUNTIME(712964,):2026-01-15-10:29:45.292.165 [error_message_manage.cc:53]712964 FuncErrorReason:rtMemcpy execute failed, reason=[the current capture mode does not support this operation]
[ERROR] ASCENDCL(712964,):2026-01-15-10:29:45.292.488 [memory.cpp:437]712964 aclrtMemcpyImpl: synchronized memcpy failed, kind = 1, runtime result = 107030
[ERROR] RUNTIME(712964,):2026-01-15-10:29:45.355.348 [api_error.cc:1519]712964 MemCopySync:Memory copy sync failed, cnt=72, kind=1.
[ERROR] RUNTIME(712964,):2026-01-15-10:29:45.355.356 [api_c.cc:1197]712964 rtMemcpy:ErrCode=107030, desc=[the current capture mode does not support this operation], InnerCode=0x703001c
[ERROR] RUNTIME(712964,):2026-01-15-10:29:45.355.359 [error_message_manage.cc:53]712964 FuncErrorReason:report error module_type=3, module_name=EE8888
[ERROR] RUNTIME(712964,):2026-01-15-10:29:45.355.361 [error_message_manage.cc:53]712964 FuncErrorReason:rtMemcpy execute failed, reason=[the current capture mode does not support this operation]
[ERROR] ASCENDCL(712964,):2026-01-15-10:29:45.355.651 [memory.cpp:437]712964 aclrtMemcpyImpl: synchronized memcpy failed, kind = 1, runtime result = 107030
[ERROR] RUNTIME(712964,):2026-01-15-10:29:45.424.132 [api_error.cc:1519]712964 MemCopySync:Memory copy sync failed, cnt=416, kind=1.
[ERROR] RUNTIME(712964,):2026-01-15-10:29:45.424.140 [api_c.cc:1197]712964 rtMemcpy:ErrCode=107030, desc=[the current capture mode does not support this operation], InnerCode=0x703001c
[ERROR] RUNTIME(712964,):2026-01-15-10:29:45.424.143 [error_message_manage.cc:53]712964 FuncErrorReason:report error module_type=3, module_name=EE8888
[ERROR] RUNTIME(712964,):2026-01-15-10:29:45.424.145 [error_message_manage.cc:53]712964 FuncErrorReason:rtMemcpy execute failed, reason=[the current capture mode does not support this operation]
[ERROR] ASCENDCL(712964,):2026-01-15-10:29:45.424.334 [memory.cpp:437]712964 aclrtMemcpyImpl: synchronized memcpy failed, kind = 1, runtime result = 107030
[ERROR] RUNTIME(712964,):2026-01-15-10:29:45.493.382 [api_error.cc:1519]712964 MemCopySync:Memory copy sync failed, cnt=72, kind=1.
[ERROR] RUNTIME(712964,):2026-01-15-10:29:45.493.390 [api_c.cc:1197]712964 rtMemcpy:ErrCode=107030, desc=[the current capture mode does not support this operation], InnerCode=0x703001c
[ERROR] RUNTIME(712964,):2026-01-15-10:29:45.493.392 [error_message_manage.cc:53]712964 FuncErrorReason:report error module_type=3, module_name=EE8888
[ERROR] RUNTIME(712964,):2026-01-15-10:29:45.493.395 [error_message_manage.cc:53]712964 FuncErrorReason:rtMemcpy execute failed, reason=[the current capture mode does not support this operation]
[ERROR] ASCENDCL(712964,):2026-01-15-10:29:45.493.682 [memory.cpp:437]712964 aclrtMemcpyImpl: synchronized memcpy failed, kind = 1, runtime result = 107030
[ERROR] RUNTIME(712964,):2026-01-15-10:29:45.554.208 [api_error.cc:1519]712964 MemCopySync:Memory copy sync failed, cnt=416, kind=1.
[ERROR] RUNTIME(712964,):2026-01-15-10:29:45.554.216 [api_c.cc:1197]712964 rtMemcpy:ErrCode=107030, desc=[the current capture mode does not support this operation], InnerCode=0x703001c
[ERROR] RUNTIME(712964,):2026-01-15-10:29:45.554.219 [error_message_manage.cc:53]712964 FuncErrorReason:report error module_type=3, module_name=EE8888
[ERROR] RUNTIME(712964,):2026-01-15-10:29:45.554.221 [error_message_manage.cc:53]712964 FuncErrorReason:rtMemcpy execute failed, reason=[the current capture mode does not support this operation]
[ERROR] ASCENDCL(712964,):2026-01-15-10:29:45.554.447 [memory.cpp:437]712964 aclrtMemcpyImpl: synchronized memcpy failed, kind = 1, runtime result = 107030
[ERROR] RUNTIME(712964,):2026-01-15-10:29:45.619.190 [api_error.cc:1519]712964 MemCopySync:Memory copy sync failed, cnt=72, kind=1.
[ERROR] RUNTIME(712964,):2026-01-15-10:29:45.619.198 [api_c.cc:1197]712964 rtMemcpy:ErrCode=107030, desc=[the current capture mode does not support this operation], InnerCode=0x703001c
[ERROR] RUNTIME(712964,):2026-01-15-10:29:45.619.201 [error_message_manage.cc:53]712964 FuncErrorReason:report error module_type=3, module_name=EE8888
[ERROR] RUNTIME(712964,):2026-01-15-10:29:45.619.203 [error_message_manage.cc:53]712964 FuncErrorReason:rtMemcpy execute failed, reason=[the current capture mode does not support this operation]
[ERROR] ASCENDCL(712964,):2026-01-15-10:29:45.619.424 [memory.cpp:437]712964 aclrtMemcpyImpl: synchronized memcpy failed, kind = 1, runtime result = 107030
[ERROR] RUNTIME(712964,):2026-01-15-10:29:45.686.013 [api_error.cc:1519]712964 MemCopySync:Memory copy sync failed, cnt=416, kind=1.
[ERROR] RUNTIME(712964,):2026-01-15-10:29:45.686.022 [api_c.cc:1197]712964 rtMemcpy:ErrCode=107030, desc=[the current capture mode does not support this operation], InnerCode=0x703001c
[ERROR] RUNTIME(712964,):2026-01-15-10:29:45.686.024 [error_message_manage.cc:53]712964 FuncErrorReason:report error module_type=3, module_name=EE8888
[ERROR] RUNTIME(712964,):2026-01-15-10:29:45.686.027 [error_message_manage.cc:53]712964 FuncErrorReason:rtMemcpy execute failed, reason=[the current capture mode does not support this operation]
[ERROR] ASCENDCL(712964,):2026-01-15-10:29:45.686.337 [memory.cpp:437]712964 aclrtMemcpyImpl: synchronized memcpy failed, kind = 1, runtime result = 107030
[ERROR] RUNTIME(712964,):2026-01-15-10:29:45.749.564 [api_error.cc:1519]712964 MemCopySync:Memory copy sync failed, cnt=72, kind=1.
[ERROR] RUNTIME(712964,):2026-01-15-10:29:45.749.571 [api_c.cc:1197]712964 rtMemcpy:ErrCode=107030, desc=[the current capture mode does not support this operation], InnerCode=0x703001c
[ERROR] RUNTIME(712964,):2026-01-15-10:29:45.749.574 [error_message_manage.cc:53]712964 FuncErrorReason:report error module_type=3, module_name=EE8888
[ERROR] RUNTIME(712964,):2026-01-15-10:29:45.749.576 [error_message_manage.cc:53]712964 FuncErrorReason:rtMemcpy execute failed, reason=[the current capture mode does not support this operation]
[ERROR] ASCENDCL(712964,):2026-01-15-10:29:45.749.830 [memory.cpp:437]712964 aclrtMemcpyImpl: synchronized memcpy failed, kind = 1, runtime result = 107030
[ERROR] RUNTIME(712964,):2026-01-15-10:29:45.821.832 [api_error.cc:1519]712964 MemCopySync:Memory copy sync failed, cnt=416, kind=1.
[ERROR] RUNTIME(712964,):2026-01-15-10:29:45.821.841 [api_c.cc:1197]712964 rtMemcpy:ErrCode=107030, desc=[the current capture mode does not support this operation], InnerCode=0x703001c
[ERROR] RUNTIME(712964,):2026-01-15-10:29:45.821.844 [error_message_manage.cc:53]712964 FuncErrorReason:report error module_type=3, module_name=EE8888
[ERROR] RUNTIME(712964,):2026-01-15-10:29:45.821.847 [error_message_manage.cc:53]712964 FuncErrorReason:rtMemcpy execute failed, reason=[the current capture mode does not support this operation]
[ERROR] ASCENDCL(712964,):2026-01-15-10:29:45.822.072 [memory.cpp:437]712964 aclrtMemcpyImpl: synchronized memcpy failed, kind = 1, runtime result = 107030
[ERROR] RUNTIME(712964,):2026-01-15-10:29:45.881.967 [api_error.cc:1519]712964 MemCopySync:Memory copy sync failed, cnt=72, kind=1.
[ERROR] RUNTIME(712964,):2026-01-15-10:29:45.881.976 [api_c.cc:1197]712964 rtMemcpy:ErrCode=107030, desc=[the current capture mode does not support this operation], InnerCode=0x703001c
[ERROR] RUNTIME(712964,):2026-01-15-10:29:45.881.978 [error_message_manage.cc:53]712964 FuncErrorReason:report error module_type=3, module_name=EE8888
[ERROR] RUNTIME(712964,):2026-01-15-10:29:45.881.982 [error_message_manage.cc:53]712964 FuncErrorReason:rtMemcpy execute failed, reason=[the current capture mode does not support this operation]
[ERROR] ASCENDCL(712964,):2026-01-15-10:29:45.882.253 [memory.cpp:437]712964 aclrtMemcpyImpl: synchronized memcpy failed, kind = 1, runtime result = 107030
[ERROR] RUNTIME(712964,):2026-01-15-10:29:45.942.582 [api_error.cc:1519]712964 MemCopySync:Memory copy sync failed, cnt=416, kind=1.
[ERROR] RUNTIME(712964,):2026-01-15-10:29:45.942.591 [api_c.cc:1197]712964 rtMemcpy:ErrCode=107030, desc=[the current capture mode does not support this operation], InnerCode=0x703001c
[ERROR] RUNTIME(712964,):2026-01-15-10:29:45.942.594 [error_message_manage.cc:53]712964 FuncErrorReason:report error module_type=3, module_name=EE8888
[ERROR] RUNTIME(712964,):2026-01-15-10:29:45.942.597 [error_message_manage.cc:53]712964 FuncErrorReason:rtMemcpy execute failed, reason=[the current capture mode does not support this operation]
[ERROR] ASCENDCL(712964,):2026-01-15-10:29:45.942.800 [memory.cpp:437]712964 aclrtMemcpyImpl: synchronized memcpy failed, kind = 1, runtime result = 107030
[ERROR] RUNTIME(712964,):2026-01-15-10:29:46.009.564 [api_error.cc:1519]712964 MemCopySync:Memory copy sync failed, cnt=72, kind=1.
[ERROR] RUNTIME(712964,):2026-01-15-10:29:46.009.572 [api_c.cc:1197]712964 rtMemcpy:ErrCode=107030, desc=[the current capture mode does not support this operation], InnerCode=0x703001c
[ERROR] RUNTIME(712964,):2026-01-15-10:29:46.009.575 [error_message_manage.cc:53]712964 FuncErrorReason:report error module_type=3, module_name=EE8888
[ERROR] RUNTIME(712964,):2026-01-15-10:29:46.009.578 [error_message_manage.cc:53]712964 FuncErrorReason:rtMemcpy execute failed, reason=[the current capture mode does not support this operation]
[ERROR] ASCENDCL(712964,):2026-01-15-10:29:46.009.779 [memory.cpp:437]712964 aclrtMemcpyImpl: synchronized memcpy failed, kind = 1, runtime result = 107030
[ERROR] RUNTIME(712964,):2026-01-15-10:29:46.082.138 [api_error.cc:1519]712964 MemCopySync:Memory copy sync failed, cnt=416, kind=1.
[ERROR] RUNTIME(712964,):2026-01-15-10:29:46.082.147 [api_c.cc:1197]712964 rtMemcpy:ErrCode=107030, desc=[the current capture mode does not support this operation], InnerCode=0x703001c
[ERROR] RUNTIME(712964,):2026-01-15-10:29:46.082.149 [error_message_manage.cc:53]712964 FuncErrorReason:report error module_type=3, module_name=EE8888
[ERROR] RUNTIME(712964,):2026-01-15-10:29:46.082.152 [error_message_manage.cc:53]712964 FuncErrorReason:rtMemcpy execute failed, reason=[the current capture mode does not support this operation]
[ERROR] ASCENDCL(712964,):2026-01-15-10:29:46.082.428 [memory.cpp:437]712964 aclrtMemcpyImpl: synchronized memcpy failed, kind = 1, runtime result = 107030
[ERROR] RUNTIME(712964,):2026-01-15-10:29:46.150.196 [api_error.cc:1519]712964 MemCopySync:Memory copy sync failed, cnt=72, kind=1.
[ERROR] RUNTIME(712964,):2026-01-15-10:29:46.150.204 [api_c.cc:1197]712964 rtMemcpy:ErrCode=107030, desc=[the current capture mode does not support this operation], InnerCode=0x703001c
[ERROR] RUNTIME(712964,):2026-01-15-10:29:46.150.206 [error_message_manage.cc:53]712964 FuncErrorReason:report error module_type=3, module_name=EE8888
[ERROR] RUNTIME(712964,):2026-01-15-10:29:46.150.209 [error_message_manage.cc:53]712964 FuncErrorReason:rtMemcpy execute failed, reason=[the current capture mode does not support this operation]
[ERROR] ASCENDCL(712964,):2026-01-15-10:29:46.150.431 [memory.cpp:437]712964 aclrtMemcpyImpl: synchronized memcpy failed, kind = 1, runtime result = 107030
[ERROR] RUNTIME(712964,):2026-01-15-10:29:46.216.930 [api_error.cc:1519]712964 MemCopySync:Memory copy sync failed, cnt=416, kind=1.
[ERROR] RUNTIME(712964,):2026-01-15-10:29:46.216.939 [api_c.cc:1197]712964 rtMemcpy:ErrCode=107030, desc=[the current capture mode does not support this operation], InnerCode=0x703001c
[ERROR] RUNTIME(712964,):2026-01-15-10:29:46.216.942 [error_message_manage.cc:53]712964 FuncErrorReason:report error module_type=3, module_name=EE8888
[ERROR] RUNTIME(712964,):2026-01-15-10:29:46.216.944 [error_message_manage.cc:53]712964 FuncErrorReason:rtMemcpy execute failed, reason=[the current capture mode does not support this operation]
[ERROR] ASCENDCL(712964,):2026-01-15-10:29:46.217.181 [memory.cpp:437]712964 aclrtMemcpyImpl: synchronized memcpy failed, kind = 1, runtime result = 107030
[ERROR] RUNTIME(712964,):2026-01-15-10:29:46.282.105 [api_error.cc:1519]712964 MemCopySync:Memory copy sync failed, cnt=72, kind=1.
[ERROR] RUNTIME(712964,):2026-01-15-10:29:46.282.113 [api_c.cc:1197]712964 rtMemcpy:ErrCode=107030, desc=[the current capture mode does not support this operation], InnerCode=0x703001c
[ERROR] RUNTIME(712964,):2026-01-15-10:29:46.282.115 [error_message_manage.cc:53]712964 FuncErrorReason:report error module_type=3, module_name=EE8888
[ERROR] RUNTIME(712964,):2026-01-15-10:29:46.282.118 [error_message_manage.cc:53]712964 FuncErrorReason:rtMemcpy execute failed, reason=[the current capture mode does not support this operation]
[ERROR] ASCENDCL(712964,):2026-01-15-10:29:46.282.419 [memory.cpp:437]712964 aclrtMemcpyImpl: synchronized memcpy failed, kind = 1, runtime result = 107030
[ERROR] RUNTIME(712964,):2026-01-15-10:29:46.346.287 [api_error.cc:1519]712964 MemCopySync:Memory copy sync failed, cnt=416, kind=1.
[ERROR] RUNTIME(712964,):2026-01-15-10:29:46.346.296 [api_c.cc:1197]712964 rtMemcpy:ErrCode=107030, desc=[the current capture mode does not support this operation], InnerCode=0x703001c
[ERROR] RUNTIME(712964,):2026-01-15-10:29:46.346.298 [error_message_manage.cc:53]712964 FuncErrorReason:report error module_type=3, module_name=EE8888
[ERROR] RUNTIME(712964,):2026-01-15-10:29:46.346.301 [error_message_manage.cc:53]712964 FuncErrorReason:rtMemcpy execute failed, reason=[the current capture mode does not support this operation]
[ERROR] ASCENDCL(712964,):2026-01-15-10:29:46.346.557 [memory.cpp:437]712964 aclrtMemcpyImpl: synchronized memcpy failed, kind = 1, runtime result = 107030
[ERROR] RUNTIME(712964,):2026-01-15-10:29:46.415.442 [api_error.cc:1519]712964 MemCopySync:Memory copy sync failed, cnt=72, kind=1.
[ERROR] RUNTIME(712964,):2026-01-15-10:29:46.415.450 [api_c.cc:1197]712964 rtMemcpy:ErrCode=107030, desc=[the current capture mode does not support this operation], InnerCode=0x703001c
[ERROR] RUNTIME(712964,):2026-01-15-10:29:46.415.452 [error_message_manage.cc:53]712964 FuncErrorReason:report error module_type=3, module_name=EE8888
[ERROR] RUNTIME(712964,):2026-01-15-10:29:46.415.455 [error_message_manage.cc:53]712964 FuncErrorReason:rtMemcpy execute failed, reason=[the current capture mode does not support this operation]
[ERROR] ASCENDCL(712964,):2026-01-15-10:29:46.415.651 [memory.cpp:437]712964 aclrtMemcpyImpl: synchronized memcpy failed, kind = 1, runtime result = 107030
[ERROR] RUNTIME(712964,):2026-01-15-10:29:46.485.669 [api_error.cc:1519]712964 MemCopySync:Memory copy sync failed, cnt=416, kind=1.
[ERROR] RUNTIME(712964,):2026-01-15-10:29:46.485.677 [api_c.cc:1197]712964 rtMemcpy:ErrCode=107030, desc=[the current capture mode does not support this operation], InnerCode=0x703001c
[ERROR] RUNTIME(712964,):2026-01-15-10:29:46.485.680 [error_message_manage.cc:53]712964 FuncErrorReason:report error module_type=3, module_name=EE8888
[ERROR] RUNTIME(712964,):2026-01-15-10:29:46.485.683 [error_message_manage.cc:53]712964 FuncErrorReason:rtMemcpy execute failed, reason=[the current capture mode does not support this operation]
[ERROR] ASCENDCL(712964,):2026-01-15-10:29:46.486.039 [memory.cpp:437]712964 aclrtMemcpyImpl: synchronized memcpy failed, kind = 1, runtime result = 107030
[ERROR] RUNTIME(712964,):2026-01-15-10:29:46.556.370 [api_error.cc:1519]712964 MemCopySync:Memory copy sync failed, cnt=72, kind=1.
[ERROR] RUNTIME(712964,):2026-01-15-10:29:46.556.378 [api_c.cc:1197]712964 rtMemcpy:ErrCode=107030, desc=[the current capture mode does not support this operation], InnerCode=0x703001c
[ERROR] RUNTIME(712964,):2026-01-15-10:29:46.556.380 [error_message_manage.cc:53]712964 FuncErrorReason:report error module_type=3, module_name=EE8888
[ERROR] RUNTIME(712964,):2026-01-15-10:29:46.556.383 [error_message_manage.cc:53]712964 FuncErrorReason:rtMemcpy execute failed, reason=[the current capture mode does not support this operation]
[ERROR] ASCENDCL(712964,):2026-01-15-10:29:46.556.573 [memory.cpp:437]712964 aclrtMemcpyImpl: synchronized memcpy failed, kind = 1, runtime result = 107030
[ERROR] RUNTIME(712964,):2026-01-15-10:29:46.626.128 [api_error.cc:1519]712964 MemCopySync:Memory copy sync failed, cnt=416, kind=1.
[ERROR] RUNTIME(712964,):2026-01-15-10:29:46.626.136 [api_c.cc:1197]712964 rtMemcpy:ErrCode=107030, desc=[the current capture mode does not support this operation], InnerCode=0x703001c
[ERROR] RUNTIME(712964,):2026-01-15-10:29:46.626.138 [error_message_manage.cc:53]712964 FuncErrorReason:report error module_type=3, module_name=EE8888
[ERROR] RUNTIME(712964,):2026-01-15-10:29:46.626.141 [error_message_manage.cc:53]712964 FuncErrorReason:rtMemcpy execute failed, reason=[the current capture mode does not support this operation]
[ERROR] ASCENDCL(712964,):2026-01-15-10:29:46.626.375 [memory.cpp:437]712964 aclrtMemcpyImpl: synchronized memcpy failed, kind = 1, runtime result = 107030
[ERROR] RUNTIME(712964,):2026-01-15-10:29:46.702.174 [api_error.cc:1519]712964 MemCopySync:Memory copy sync failed, cnt=72, kind=1.
[ERROR] RUNTIME(712964,):2026-01-15-10:29:46.702.182 [api_c.cc:1197]712964 rtMemcpy:ErrCode=107030, desc=[the current capture mode does not support this operation], InnerCode=0x703001c
[ERROR] RUNTIME(712964,):2026-01-15-10:29:46.702.184 [error_message_manage.cc:53]712964 FuncErrorReason:report error module_type=3, module_name=EE8888
[ERROR] RUNTIME(712964,):2026-01-15-10:29:46.702.187 [error_message_manage.cc:53]712964 FuncErrorReason:rtMemcpy execute failed, reason=[the current capture mode does not support this operation]
[ERROR] ASCENDCL(712964,):2026-01-15-10:29:46.702.462 [memory.cpp:437]712964 aclrtMemcpyImpl: synchronized memcpy failed, kind = 1, runtime result = 107030
[ERROR] RUNTIME(712964,):2026-01-15-10:29:46.770.335 [api_error.cc:1519]712964 MemCopySync:Memory copy sync failed, cnt=416, kind=1.
[ERROR] RUNTIME(712964,):2026-01-15-10:29:46.770.343 [api_c.cc:1197]712964 rtMemcpy:ErrCode=107030, desc=[the current capture mode does not support this operation], InnerCode=0x703001c
[ERROR] RUNTIME(712964,):2026-01-15-10:29:46.770.346 [error_message_manage.cc:53]712964 FuncErrorReason:report error module_type=3, module_name=EE8888
[ERROR] RUNTIME(712964,):2026-01-15-10:29:46.770.349 [error_message_manage.cc:53]712964 FuncErrorReason:rtMemcpy execute failed, reason=[the current capture mode does not support this operation]
[ERROR] ASCENDCL(712964,):2026-01-15-10:29:46.770.564 [memory.cpp:437]712964 aclrtMemcpyImpl: synchronized memcpy failed, kind = 1, runtime result = 107030
[ERROR] RUNTIME(712964,):2026-01-15-10:29:46.833.814 [api_error.cc:1519]712964 MemCopySync:Memory copy sync failed, cnt=72, kind=1.
[ERROR] RUNTIME(712964,):2026-01-15-10:29:46.833.823 [api_c.cc:1197]712964 rtMemcpy:ErrCode=107030, desc=[the current capture mode does not support this operation], InnerCode=0x703001c
[ERROR] RUNTIME(712964,):2026-01-15-10:29:46.833.825 [error_message_manage.cc:53]712964 FuncErrorReason:report error module_type=3, module_name=EE8888
[ERROR] RUNTIME(712964,):2026-01-15-10:29:46.833.828 [error_message_manage.cc:53]712964 FuncErrorReason:rtMemcpy execute failed, reason=[the current capture mode does not support this operation]
[ERROR] ASCENDCL(712964,):2026-01-15-10:29:46.834.053 [memory.cpp:437]712964 aclrtMemcpyImpl: synchronized memcpy failed, kind = 1, runtime result = 107030
[ERROR] RUNTIME(712964,):2026-01-15-10:29:46.903.991 [api_error.cc:1519]712964 MemCopySync:Memory copy sync failed, cnt=416, kind=1.
[ERROR] RUNTIME(712964,):2026-01-15-10:29:46.903.999 [api_c.cc:1197]712964 rtMemcpy:ErrCode=107030, desc=[the current capture mode does not support this operation], InnerCode=0x703001c
[ERROR] RUNTIME(712964,):2026-01-15-10:29:46.904.002 [error_message_manage.cc:53]712964 FuncErrorReason:report error module_type=3, module_name=EE8888
[ERROR] RUNTIME(712964,):2026-01-15-10:29:46.904.004 [error_message_manage.cc:53]712964 FuncErrorReason:rtMemcpy execute failed, reason=[the current capture mode does not support this operation]
[ERROR] ASCENDCL(712964,):2026-01-15-10:29:46.904.214 [memory.cpp:437]712964 aclrtMemcpyImpl: synchronized memcpy failed, kind = 1, runtime result = 107030
[ERROR] RUNTIME(712964,):2026-01-15-10:29:46.967.427 [api_error.cc:1519]712964 MemCopySync:Memory copy sync failed, cnt=72, kind=1.
[ERROR] RUNTIME(712964,):2026-01-15-10:29:46.967.435 [api_c.cc:1197]712964 rtMemcpy:ErrCode=107030, desc=[the current capture mode does not support this operation], InnerCode=0x703001c
[ERROR] RUNTIME(712964,):2026-01-15-10:29:46.967.438 [error_message_manage.cc:53]712964 FuncErrorReason:report error module_type=3, module_name=EE8888
[ERROR] RUNTIME(712964,):2026-01-15-10:29:46.967.440 [error_message_manage.cc:53]712964 FuncErrorReason:rtMemcpy execute failed, reason=[the current capture mode does not support this operation]
[ERROR] ASCENDCL(712964,):2026-01-15-10:29:46.967.639 [memory.cpp:437]712964 aclrtMemcpyImpl: synchronized memcpy failed, kind = 1, runtime result = 107030
[ERROR] RUNTIME(712964,):2026-01-15-10:29:47.039.217 [api_error.cc:1519]712964 MemCopySync:Memory copy sync failed, cnt=416, kind=1.
[ERROR] RUNTIME(712964,):2026-01-15-10:29:47.039.225 [api_c.cc:1197]712964 rtMemcpy:ErrCode=107030, desc=[the current capture mode does not support this operation], InnerCode=0x703001c
[ERROR] RUNTIME(712964,):2026-01-15-10:29:47.039.228 [error_message_manage.cc:53]712964 FuncErrorReason:report error module_type=3, module_name=EE8888
[ERROR] RUNTIME(712964,):2026-01-15-10:29:47.039.231 [error_message_manage.cc:53]712964 FuncErrorReason:rtMemcpy execute failed, reason=[the current capture mode does not support this operation]
[ERROR] ASCENDCL(712964,):2026-01-15-10:29:47.039.476 [memory.cpp:437]712964 aclrtMemcpyImpl: synchronized memcpy failed, kind = 1, runtime result = 107030
[ERROR] RUNTIME(712964,):2026-01-15-10:29:47.107.062 [api_error.cc:1519]712964 MemCopySync:Memory copy sync failed, cnt=72, kind=1.
[ERROR] RUNTIME(712964,):2026-01-15-10:29:47.107.070 [api_c.cc:1197]712964 rtMemcpy:ErrCode=107030, desc=[the current capture mode does not support this operation], InnerCode=0x703001c
[ERROR] RUNTIME(712964,):2026-01-15-10:29:47.107.072 [error_message_manage.cc:53]712964 FuncErrorReason:report error module_type=3, module_name=EE8888
[ERROR] RUNTIME(712964,):2026-01-15-10:29:47.107.075 [error_message_manage.cc:53]712964 FuncErrorReason:rtMemcpy execute failed, reason=[the current capture mode does not support this operation]
[ERROR] ASCENDCL(712964,):2026-01-15-10:29:47.107.294 [memory.cpp:437]712964 aclrtMemcpyImpl: synchronized memcpy failed, kind = 1, runtime result = 107030
[ERROR] RUNTIME(712964,):2026-01-15-10:29:47.175.664 [api_error.cc:1519]712964 MemCopySync:Memory copy sync failed, cnt=416, kind=1.
[ERROR] RUNTIME(712964,):2026-01-15-10:29:47.175.673 [api_c.cc:1197]712964 rtMemcpy:ErrCode=107030, desc=[the current capture mode does not support this operation], InnerCode=0x703001c
[ERROR] RUNTIME(712964,):2026-01-15-10:29:47.175.675 [error_message_manage.cc:53]712964 FuncErrorReason:report error module_type=3, module_name=EE8888
[ERROR] RUNTIME(712964,):2026-01-15-10:29:47.175.678 [error_message_manage.cc:53]712964 FuncErrorReason:rtMemcpy execute failed, reason=[the current capture mode does not support this operation]
[ERROR] ASCENDCL(712964,):2026-01-15-10:29:47.175.916 [memory.cpp:437]712964 aclrtMemcpyImpl: synchronized memcpy failed, kind = 1, runtime result = 107030
[ERROR] RUNTIME(712964,):2026-01-15-10:29:47.239.474 [api_error.cc:1519]712964 MemCopySync:Memory copy sync failed, cnt=72, kind=1.
[ERROR] RUNTIME(712964,):2026-01-15-10:29:47.239.482 [api_c.cc:1197]712964 rtMemcpy:ErrCode=107030, desc=[the current capture mode does not support this operation], InnerCode=0x703001c
[ERROR] RUNTIME(712964,):2026-01-15-10:29:47.239.485 [error_message_manage.cc:53]712964 FuncErrorReason:report error module_type=3, module_name=EE8888
[ERROR] RUNTIME(712964,):2026-01-15-10:29:47.239.488 [error_message_manage.cc:53]712964 FuncErrorReason:rtMemcpy execute failed, reason=[the current capture mode does not support this operation]
[ERROR] ASCENDCL(712964,):2026-01-15-10:29:47.239.692 [memory.cpp:437]712964 aclrtMemcpyImpl: synchronized memcpy failed, kind = 1, runtime result = 107030
[ERROR] RUNTIME(712964,):2026-01-15-10:29:47.308.253 [api_error.cc:1519]712964 MemCopySync:Memory copy sync failed, cnt=416, kind=1.
[ERROR] RUNTIME(712964,):2026-01-15-10:29:47.308.262 [api_c.cc:1197]712964 rtMemcpy:ErrCode=107030, desc=[the current capture mode does not support this operation], InnerCode=0x703001c
[ERROR] RUNTIME(712964,):2026-01-15-10:29:47.308.264 [error_message_manage.cc:53]712964 FuncErrorReason:report error module_type=3, module_name=EE8888
[ERROR] RUNTIME(712964,):2026-01-15-10:29:47.308.267 [error_message_manage.cc:53]712964 FuncErrorReason:rtMemcpy execute failed, reason=[the current capture mode does not support this operation]
[ERROR] ASCENDCL(712964,):2026-01-15-10:29:47.308.469 [memory.cpp:437]712964 aclrtMemcpyImpl: synchronized memcpy failed, kind = 1, runtime result = 107030
[ERROR] RUNTIME(712964,):2026-01-15-10:29:47.370.761 [api_error.cc:1519]712964 MemCopySync:Memory copy sync failed, cnt=72, kind=1.
[ERROR] RUNTIME(712964,):2026-01-15-10:29:47.370.769 [api_c.cc:1197]712964 rtMemcpy:ErrCode=107030, desc=[the current capture mode does not support this operation], InnerCode=0x703001c
[ERROR] RUNTIME(712964,):2026-01-15-10:29:47.370.771 [error_message_manage.cc:53]712964 FuncErrorReason:report error module_type=3, module_name=EE8888
[ERROR] RUNTIME(712964,):2026-01-15-10:29:47.370.774 [error_message_manage.cc:53]712964 FuncErrorReason:rtMemcpy execute failed, reason=[the current capture mode does not support this operation]
[ERROR] ASCENDCL(712964,):2026-01-15-10:29:47.370.981 [memory.cpp:437]712964 aclrtMemcpyImpl: synchronized memcpy failed, kind = 1, runtime result = 107030
[ERROR] RUNTIME(712964,):2026-01-15-10:29:47.436.551 [api_error.cc:1519]712964 MemCopySync:Memory copy sync failed, cnt=416, kind=1.
[ERROR] RUNTIME(712964,):2026-01-15-10:29:47.436.560 [api_c.cc:1197]712964 rtMemcpy:ErrCode=107030, desc=[the current capture mode does not support this operation], InnerCode=0x703001c
[ERROR] RUNTIME(712964,):2026-01-15-10:29:47.436.562 [error_message_manage.cc:53]712964 FuncErrorReason:report error module_type=3, module_name=EE8888
[ERROR] RUNTIME(712964,):2026-01-15-10:29:47.436.565 [error_message_manage.cc:53]712964 FuncErrorReason:rtMemcpy execute failed, reason=[the current capture mode does not support this operation]
[ERROR] ASCENDCL(712964,):2026-01-15-10:29:47.436.807 [memory.cpp:437]712964 aclrtMemcpyImpl: synchronized memcpy failed, kind = 1, runtime result = 107030
[ERROR] RUNTIME(712964,):2026-01-15-10:29:47.501.868 [api_error.cc:1519]712964 MemCopySync:Memory copy sync failed, cnt=72, kind=1.
[ERROR] RUNTIME(712964,):2026-01-15-10:29:47.501.876 [api_c.cc:1197]712964 rtMemcpy:ErrCode=107030, desc=[the current capture mode does not support this operation], InnerCode=0x703001c
[ERROR] RUNTIME(712964,):2026-01-15-10:29:47.501.878 [error_message_manage.cc:53]712964 FuncErrorReason:report error module_type=3, module_name=EE8888
[ERROR] RUNTIME(712964,):2026-01-15-10:29:47.501.881 [error_message_manage.cc:53]712964 FuncErrorReason:rtMemcpy execute failed, reason=[the current capture mode does not support this operation]
[ERROR] ASCENDCL(712964,):2026-01-15-10:29:47.502.101 [memory.cpp:437]712964 aclrtMemcpyImpl: synchronized memcpy failed, kind = 1, runtime result = 107030
[ERROR] RUNTIME(712964,):2026-01-15-10:29:47.576.642 [api_error.cc:1519]712964 MemCopySync:Memory copy sync failed, cnt=416, kind=1.
[ERROR] RUNTIME(712964,):2026-01-15-10:29:47.576.650 [api_c.cc:1197]712964 rtMemcpy:ErrCode=107030, desc=[the current capture mode does not support this operation], InnerCode=0x703001c
[ERROR] RUNTIME(712964,):2026-01-15-10:29:47.576.652 [error_message_manage.cc:53]712964 FuncErrorReason:report error module_type=3, module_name=EE8888
[ERROR] RUNTIME(712964,):2026-01-15-10:29:47.576.655 [error_message_manage.cc:53]712964 FuncErrorReason:rtMemcpy execute failed, reason=[the current capture mode does not support this operation]
[ERROR] ASCENDCL(712964,):2026-01-15-10:29:47.576.852 [memory.cpp:437]712964 aclrtMemcpyImpl: synchronized memcpy failed, kind = 1, runtime result = 107030
[ERROR] RUNTIME(712964,):2026-01-15-10:29:47.626.557 [api_error.cc:1519]712964 MemCopySync:Memory copy sync failed, cnt=72, kind=1.
[ERROR] RUNTIME(712964,):2026-01-15-10:29:47.626.564 [api_c.cc:1197]712964 rtMemcpy:ErrCode=107030, desc=[the current capture mode does not support this operation], InnerCode=0x703001c
[ERROR] RUNTIME(712964,):2026-01-15-10:29:47.626.567 [error_message_manage.cc:53]712964 FuncErrorReason:report error module_type=3, module_name=EE8888
[ERROR] RUNTIME(712964,):2026-01-15-10:29:47.626.570 [error_message_manage.cc:53]712964 FuncErrorReason:rtMemcpy execute failed, reason=[the current capture mode does not support this operation]
[ERROR] ASCENDCL(712964,):2026-01-15-10:29:47.626.756 [memory.cpp:437]712964 aclrtMemcpyImpl: synchronized memcpy failed, kind = 1, runtime result = 107030
[ERROR] RUNTIME(712964,):2026-01-15-10:29:47.684.583 [api_error.cc:1519]712964 MemCopySync:Memory copy sync failed, cnt=416, kind=1.
[ERROR] RUNTIME(712964,):2026-01-15-10:29:47.684.591 [api_c.cc:1197]712964 rtMemcpy:ErrCode=107030, desc=[the current capture mode does not support this operation], InnerCode=0x703001c
[ERROR] RUNTIME(712964,):2026-01-15-10:29:47.684.594 [error_message_manage.cc:53]712964 FuncErrorReason:report error module_type=3, module_name=EE8888
[ERROR] RUNTIME(712964,):2026-01-15-10:29:47.684.597 [error_message_manage.cc:53]712964 FuncErrorReason:rtMemcpy execute failed, reason=[the current capture mode does not support this operation]
[ERROR] ASCENDCL(712964,):2026-01-15-10:29:47.684.884 [memory.cpp:437]712964 aclrtMemcpyImpl: synchronized memcpy failed, kind = 1, runtime result = 107030
[ERROR] RUNTIME(712964,):2026-01-15-10:29:47.752.615 [api_error.cc:1519]712964 MemCopySync:Memory copy sync failed, cnt=72, kind=1.
[ERROR] RUNTIME(712964,):2026-01-15-10:29:47.752.622 [api_c.cc:1197]712964 rtMemcpy:ErrCode=107030, desc=[the current capture mode does not support this operation], InnerCode=0x703001c
[ERROR] RUNTIME(712964,):2026-01-15-10:29:47.752.625 [error_message_manage.cc:53]712964 FuncErrorReason:report error module_type=3, module_name=EE8888
[ERROR] RUNTIME(712964,):2026-01-15-10:29:47.752.628 [error_message_manage.cc:53]712964 FuncErrorReason:rtMemcpy execute failed, reason=[the current capture mode does not support this operation]
[ERROR] ASCENDCL(712964,):2026-01-15-10:29:47.752.859 [memory.cpp:437]712964 aclrtMemcpyImpl: synchronized memcpy failed, kind = 1, runtime result = 107030
[ERROR] RUNTIME(712964,):2026-01-15-10:29:47.820.656 [api_error.cc:1519]712964 MemCopySync:Memory copy sync failed, cnt=416, kind=1.
[ERROR] RUNTIME(712964,):2026-01-15-10:29:47.820.664 [api_c.cc:1197]712964 rtMemcpy:ErrCode=107030, desc=[the current capture mode does not support this operation], InnerCode=0x703001c
[ERROR] RUNTIME(712964,):2026-01-15-10:29:47.820.667 [error_message_manage.cc:53]712964 FuncErrorReason:report error module_type=3, module_name=EE8888
[ERROR] RUNTIME(712964,):2026-01-15-10:29:47.820.669 [error_message_manage.cc:53]712964 FuncErrorReason:rtMemcpy execute failed, reason=[the current capture mode does not support this operation]
[ERROR] ASCENDCL(712964,):2026-01-15-10:29:47.820.895 [memory.cpp:437]712964 aclrtMemcpyImpl: synchronized memcpy failed, kind = 1, runtime result = 107030
[ERROR] RUNTIME(712964,):2026-01-15-10:29:47.869.489 [api_error.cc:1519]712964 MemCopySync:Memory copy sync failed, cnt=72, kind=1.
[ERROR] RUNTIME(712964,):2026-01-15-10:29:47.869.497 [api_c.cc:1197]712964 rtMemcpy:ErrCode=107030, desc=[the current capture mode does not support this operation], InnerCode=0x703001c
[ERROR] RUNTIME(712964,):2026-01-15-10:29:47.869.499 [error_message_manage.cc:53]712964 FuncErrorReason:report error module_type=3, module_name=EE8888
[ERROR] RUNTIME(712964,):2026-01-15-10:29:47.869.502 [error_message_manage.cc:53]712964 FuncErrorReason:rtMemcpy execute failed, reason=[the current capture mode does not support this operation]
[ERROR] ASCENDCL(712964,):2026-01-15-10:29:47.869.787 [memory.cpp:437]712964 aclrtMemcpyImpl: synchronized memcpy failed, kind = 1, runtime result = 107030
[ERROR] RUNTIME(712964,):2026-01-15-10:29:47.937.157 [api_error.cc:1519]712964 MemCopySync:Memory copy sync failed, cnt=416, kind=1.
[ERROR] RUNTIME(712964,):2026-01-15-10:29:47.937.165 [api_c.cc:1197]712964 rtMemcpy:ErrCode=107030, desc=[the current capture mode does not support this operation], InnerCode=0x703001c
[ERROR] RUNTIME(712964,):2026-01-15-10:29:47.937.168 [error_message_manage.cc:53]712964 FuncErrorReason:report error module_type=3, module_name=EE8888
[ERROR] RUNTIME(712964,):2026-01-15-10:29:47.937.171 [error_message_manage.cc:53]712964 FuncErrorReason:rtMemcpy execute failed, reason=[the current capture mode does not support this operation]
[ERROR] ASCENDCL(712964,):2026-01-15-10:29:47.937.405 [memory.cpp:437]712964 aclrtMemcpyImpl: synchronized memcpy failed, kind = 1, runtime result = 107030
[ERROR] RUNTIME(712964,):2026-01-15-10:29:47.999.954 [api_error.cc:1519]712964 MemCopySync:Memory copy sync failed, cnt=72, kind=1.
[ERROR] RUNTIME(712964,):2026-01-15-10:29:47.999.962 [api_c.cc:1197]712964 rtMemcpy:ErrCode=107030, desc=[the current capture mode does not support this operation], InnerCode=0x703001c
[ERROR] RUNTIME(712964,):2026-01-15-10:29:47.999.965 [error_message_manage.cc:53]712964 FuncErrorReason:report error module_type=3, module_name=EE8888
[ERROR] RUNTIME(712964,):2026-01-15-10:29:47.999.967 [error_message_manage.cc:53]712964 FuncErrorReason:rtMemcpy execute failed, reason=[the current capture mode does not support this operation]
[ERROR] ASCENDCL(712964,):2026-01-15-10:29:48.000.182 [memory.cpp:437]712964 aclrtMemcpyImpl: synchronized memcpy failed, kind = 1, runtime result = 107030
[ERROR] RUNTIME(712964,):2026-01-15-10:29:48.058.552 [api_error.cc:1519]712964 MemCopySync:Memory copy sync failed, cnt=416, kind=1.
[ERROR] RUNTIME(712964,):2026-01-15-10:29:48.058.560 [api_c.cc:1197]712964 rtMemcpy:ErrCode=107030, desc=[the current capture mode does not support this operation], InnerCode=0x703001c
[ERROR] RUNTIME(712964,):2026-01-15-10:29:48.058.563 [error_message_manage.cc:53]712964 FuncErrorReason:report error module_type=3, module_name=EE8888
[ERROR] RUNTIME(712964,):2026-01-15-10:29:48.058.566 [error_message_manage.cc:53]712964 FuncErrorReason:rtMemcpy execute failed, reason=[the current capture mode does not support this operation]
[ERROR] ASCENDCL(712964,):2026-01-15-10:29:48.058.786 [memory.cpp:437]712964 aclrtMemcpyImpl: synchronized memcpy failed, kind = 1, runtime result = 107030
[ERROR] RUNTIME(712964,):2026-01-15-10:29:48.126.393 [api_error.cc:1519]712964 MemCopySync:Memory copy sync failed, cnt=72, kind=1.
[ERROR] RUNTIME(712964,):2026-01-15-10:29:48.126.401 [api_c.cc:1197]712964 rtMemcpy:ErrCode=107030, desc=[the current capture mode does not support this operation], InnerCode=0x703001c
[ERROR] RUNTIME(712964,):2026-01-15-10:29:48.126.403 [error_message_manage.cc:53]712964 FuncErrorReason:report error module_type=3, module_name=EE8888
[ERROR] RUNTIME(712964,):2026-01-15-10:29:48.126.406 [error_message_manage.cc:53]712964 FuncErrorReason:rtMemcpy execute failed, reason=[the current capture mode does not support this operation]
[ERROR] ASCENDCL(712964,):2026-01-15-10:29:48.126.637 [memory.cpp:437]712964 aclrtMemcpyImpl: synchronized memcpy failed, kind = 1, runtime result = 107030
[ERROR] RUNTIME(712964,):2026-01-15-10:29:48.193.195 [api_error.cc:1519]712964 MemCopySync:Memory copy sync failed, cnt=416, kind=1.
[ERROR] RUNTIME(712964,):2026-01-15-10:29:48.193.203 [api_c.cc:1197]712964 rtMemcpy:ErrCode=107030, desc=[the current capture mode does not support this operation], InnerCode=0x703001c
[ERROR] RUNTIME(712964,):2026-01-15-10:29:48.193.206 [error_message_manage.cc:53]712964 FuncErrorReason:report error module_type=3, module_name=EE8888
[ERROR] RUNTIME(712964,):2026-01-15-10:29:48.193.209 [error_message_manage.cc:53]712964 FuncErrorReason:rtMemcpy execute failed, reason=[the current capture mode does not support this operation]
[ERROR] ASCENDCL(712964,):2026-01-15-10:29:48.193.461 [memory.cpp:437]712964 aclrtMemcpyImpl: synchronized memcpy failed, kind = 1, runtime result = 107030
[ERROR] RUNTIME(712964,):2026-01-15-10:29:48.260.098 [api_error.cc:1519]712964 MemCopySync:Memory copy sync failed, cnt=72, kind=1.
[ERROR] RUNTIME(712964,):2026-01-15-10:29:48.260.107 [api_c.cc:1197]712964 rtMemcpy:ErrCode=107030, desc=[the current capture mode does not support this operation], InnerCode=0x703001c
[ERROR] RUNTIME(712964,):2026-01-15-10:29:48.260.110 [error_message_manage.cc:53]712964 FuncErrorReason:report error module_type=3, module_name=EE8888
[ERROR] RUNTIME(712964,):2026-01-15-10:29:48.260.113 [error_message_manage.cc:53]712964 FuncErrorReason:rtMemcpy execute failed, reason=[the current capture mode does not support this operation]
[ERROR] ASCENDCL(712964,):2026-01-15-10:29:48.260.340 [memory.cpp:437]712964 aclrtMemcpyImpl: synchronized memcpy failed, kind = 1, runtime result = 107030
[ERROR] RUNTIME(712964,):2026-01-15-10:29:48.326.473 [api_error.cc:1519]712964 MemCopySync:Memory copy sync failed, cnt=416, kind=1.
[ERROR] RUNTIME(712964,):2026-01-15-10:29:48.326.481 [api_c.cc:1197]712964 rtMemcpy:ErrCode=107030, desc=[the current capture mode does not support this operation], InnerCode=0x703001c
[ERROR] RUNTIME(712964,):2026-01-15-10:29:48.326.484 [error_message_manage.cc:53]712964 FuncErrorReason:report error module_type=3, module_name=EE8888
[ERROR] RUNTIME(712964,):2026-01-15-10:29:48.326.487 [error_message_manage.cc:53]712964 FuncErrorReason:rtMemcpy execute failed, reason=[the current capture mode does not support this operation]
[ERROR] ASCENDCL(712964,):2026-01-15-10:29:48.326.746 [memory.cpp:437]712964 aclrtMemcpyImpl: synchronized memcpy failed, kind = 1, runtime result = 107030
[ERROR] RUNTIME(712964,):2026-01-15-10:29:48.398.106 [api_error.cc:1519]712964 MemCopySync:Memory copy sync failed, cnt=72, kind=1.
[ERROR] RUNTIME(712964,):2026-01-15-10:29:48.398.114 [api_c.cc:1197]712964 rtMemcpy:ErrCode=107030, desc=[the current capture mode does not support this operation], InnerCode=0x703001c
[ERROR] RUNTIME(712964,):2026-01-15-10:29:48.398.117 [error_message_manage.cc:53]712964 FuncErrorReason:report error module_type=3, module_name=EE8888
[ERROR] RUNTIME(712964,):2026-01-15-10:29:48.398.119 [error_message_manage.cc:53]712964 FuncErrorReason:rtMemcpy execute failed, reason=[the current capture mode does not support this operation]
[ERROR] ASCENDCL(712964,):2026-01-15-10:29:48.398.319 [memory.cpp:437]712964 aclrtMemcpyImpl: synchronized memcpy failed, kind = 1, runtime result = 107030
[ERROR] RUNTIME(712964,):2026-01-15-10:29:48.461.620 [api_error.cc:1519]712964 MemCopySync:Memory copy sync failed, cnt=416, kind=1.
[ERROR] RUNTIME(712964,):2026-01-15-10:29:48.461.628 [api_c.cc:1197]712964 rtMemcpy:ErrCode=107030, desc=[the current capture mode does not support this operation], InnerCode=0x703001c
[ERROR] RUNTIME(712964,):2026-01-15-10:29:48.461.631 [error_message_manage.cc:53]712964 FuncErrorReason:report error module_type=3, module_name=EE8888
[ERROR] RUNTIME(712964,):2026-01-15-10:29:48.461.634 [error_message_manage.cc:53]712964 FuncErrorReason:rtMemcpy execute failed, reason=[the current capture mode does not support this operation]
[ERROR] ASCENDCL(712964,):2026-01-15-10:29:48.461.891 [memory.cpp:437]712964 aclrtMemcpyImpl: synchronized memcpy failed, kind = 1, runtime result = 107030
[ERROR] RUNTIME(712964,):2026-01-15-10:29:48.528.064 [api_error.cc:1519]712964 MemCopySync:Memory copy sync failed, cnt=72, kind=1.
[ERROR] RUNTIME(712964,):2026-01-15-10:29:48.528.072 [api_c.cc:1197]712964 rtMemcpy:ErrCode=107030, desc=[the current capture mode does not support this operation], InnerCode=0x703001c
[ERROR] RUNTIME(712964,):2026-01-15-10:29:48.528.075 [error_message_manage.cc:53]712964 FuncErrorReason:report error module_type=3, module_name=EE8888
[ERROR] RUNTIME(712964,):2026-01-15-10:29:48.528.077 [error_message_manage.cc:53]712964 FuncErrorReason:rtMemcpy execute failed, reason=[the current capture mode does not support this operation]
[ERROR] ASCENDCL(712964,):2026-01-15-10:29:48.528.328 [memory.cpp:437]712964 aclrtMemcpyImpl: synchronized memcpy failed, kind = 1, runtime result = 107030
[ERROR] RUNTIME(712964,):2026-01-15-10:29:48.588.845 [api_error.cc:1519]712964 MemCopySync:Memory copy sync failed, cnt=416, kind=1.
[ERROR] RUNTIME(712964,):2026-01-15-10:29:48.588.853 [api_c.cc:1197]712964 rtMemcpy:ErrCode=107030, desc=[the current capture mode does not support this operation], InnerCode=0x703001c
[ERROR] RUNTIME(712964,):2026-01-15-10:29:48.588.856 [error_message_manage.cc:53]712964 FuncErrorReason:report error module_type=3, module_name=EE8888
[ERROR] RUNTIME(712964,):2026-01-15-10:29:48.588.858 [error_message_manage.cc:53]712964 FuncErrorReason:rtMemcpy execute failed, reason=[the current capture mode does not support this operation]
[ERROR] ASCENDCL(712964,):2026-01-15-10:29:48.589.072 [memory.cpp:437]712964 aclrtMemcpyImpl: synchronized memcpy failed, kind = 1, runtime result = 107030
[ERROR] RUNTIME(712964,):2026-01-15-10:29:48.652.103 [api_error.cc:1519]712964 MemCopySync:Memory copy sync failed, cnt=72, kind=1.
[ERROR] RUNTIME(712964,):2026-01-15-10:29:48.652.112 [api_c.cc:1197]712964 rtMemcpy:ErrCode=107030, desc=[the current capture mode does not support this operation], InnerCode=0x703001c
[ERROR] RUNTIME(712964,):2026-01-15-10:29:48.652.114 [error_message_manage.cc:53]712964 FuncErrorReason:report error module_type=3, module_name=EE8888
[ERROR] RUNTIME(712964,):2026-01-15-10:29:48.652.117 [error_message_manage.cc:53]712964 FuncErrorReason:rtMemcpy execute failed, reason=[the current capture mode does not support this operation]
[ERROR] ASCENDCL(712964,):2026-01-15-10:29:48.652.371 [memory.cpp:437]712964 aclrtMemcpyImpl: synchronized memcpy failed, kind = 1, runtime result = 107030
[ERROR] RUNTIME(712964,):2026-01-15-10:29:48.720.778 [api_error.cc:1519]712964 MemCopySync:Memory copy sync failed, cnt=416, kind=1.
[ERROR] RUNTIME(712964,):2026-01-15-10:29:48.720.786 [api_c.cc:1197]712964 rtMemcpy:ErrCode=107030, desc=[the current capture mode does not support this operation], InnerCode=0x703001c
[ERROR] RUNTIME(712964,):2026-01-15-10:29:48.720.789 [error_message_manage.cc:53]712964 FuncErrorReason:report error module_type=3, module_name=EE8888
[ERROR] RUNTIME(712964,):2026-01-15-10:29:48.720.792 [error_message_manage.cc:53]712964 FuncErrorReason:rtMemcpy execute failed, reason=[the current capture mode does not support this operation]
[ERROR] ASCENDCL(712964,):2026-01-15-10:29:48.720.998 [memory.cpp:437]712964 aclrtMemcpyImpl: synchronized memcpy failed, kind = 1, runtime result = 107030
[ERROR] RUNTIME(712964,):2026-01-15-10:29:48.787.034 [api_error.cc:1519]712964 MemCopySync:Memory copy sync failed, cnt=72, kind=1.
[ERROR] RUNTIME(712964,):2026-01-15-10:29:48.787.041 [api_c.cc:1197]712964 rtMemcpy:ErrCode=107030, desc=[the current capture mode does not support this operation], InnerCode=0x703001c
[ERROR] RUNTIME(712964,):2026-01-15-10:29:48.787.044 [error_message_manage.cc:53]712964 FuncErrorReason:report error module_type=3, module_name=EE8888
[ERROR] RUNTIME(712964,):2026-01-15-10:29:48.787.047 [error_message_manage.cc:53]712964 FuncErrorReason:rtMemcpy execute failed, reason=[the current capture mode does not support this operation]
[ERROR] ASCENDCL(712964,):2026-01-15-10:29:48.787.257 [memory.cpp:437]712964 aclrtMemcpyImpl: synchronized memcpy failed, kind = 1, runtime result = 107030
[ERROR] RUNTIME(712964,):2026-01-15-10:29:48.854.944 [api_error.cc:1519]712964 MemCopySync:Memory copy sync failed, cnt=416, kind=1.
[ERROR] RUNTIME(712964,):2026-01-15-10:29:48.854.952 [api_c.cc:1197]712964 rtMemcpy:ErrCode=107030, desc=[the current capture mode does not support this operation], InnerCode=0x703001c
[ERROR] RUNTIME(712964,):2026-01-15-10:29:48.854.955 [error_message_manage.cc:53]712964 FuncErrorReason:report error module_type=3, module_name=EE8888
[ERROR] RUNTIME(712964,):2026-01-15-10:29:48.854.958 [error_message_manage.cc:53]712964 FuncErrorReason:rtMemcpy execute failed, reason=[the current capture mode does not support this operation]
[ERROR] ASCENDCL(712964,):2026-01-15-10:29:48.855.201 [memory.cpp:437]712964 aclrtMemcpyImpl: synchronized memcpy failed, kind = 1, runtime result = 107030
[ERROR] RUNTIME(712964,):2026-01-15-10:29:48.920.131 [api_error.cc:1519]712964 MemCopySync:Memory copy sync failed, cnt=72, kind=1.
[ERROR] RUNTIME(712964,):2026-01-15-10:29:48.920.139 [api_c.cc:1197]712964 rtMemcpy:ErrCode=107030, desc=[the current capture mode does not support this operation], InnerCode=0x703001c
[ERROR] RUNTIME(712964,):2026-01-15-10:29:48.920.142 [error_message_manage.cc:53]712964 FuncErrorReason:report error module_type=3, module_name=EE8888
[ERROR] RUNTIME(712964,):2026-01-15-10:29:48.920.144 [error_message_manage.cc:53]712964 FuncErrorReason:rtMemcpy execute failed, reason=[the current capture mode does not support this operation]
[ERROR] ASCENDCL(712964,):2026-01-15-10:29:48.920.389 [memory.cpp:437]712964 aclrtMemcpyImpl: synchronized memcpy failed, kind = 1, runtime result = 107030
[ERROR] RUNTIME(712964,):2026-01-15-10:29:48.986.335 [api_error.cc:1519]712964 MemCopySync:Memory copy sync failed, cnt=416, kind=1.
[ERROR] RUNTIME(712964,):2026-01-15-10:29:48.986.343 [api_c.cc:1197]712964 rtMemcpy:ErrCode=107030, desc=[the current capture mode does not support this operation], InnerCode=0x703001c
[ERROR] RUNTIME(712964,):2026-01-15-10:29:48.986.346 [error_message_manage.cc:53]712964 FuncErrorReason:report error module_type=3, module_name=EE8888
[ERROR] RUNTIME(712964,):2026-01-15-10:29:48.986.349 [error_message_manage.cc:53]712964 FuncErrorReason:rtMemcpy execute failed, reason=[the current capture mode does not support this operation]
[ERROR] ASCENDCL(712964,):2026-01-15-10:29:48.986.598 [memory.cpp:437]712964 aclrtMemcpyImpl: synchronized memcpy failed, kind = 1, runtime result = 107030
[ERROR] RUNTIME(712964,):2026-01-15-10:29:49.050.264 [api_error.cc:1519]712964 MemCopySync:Memory copy sync failed, cnt=72, kind=1.
[ERROR] RUNTIME(712964,):2026-01-15-10:29:49.050.272 [api_c.cc:1197]712964 rtMemcpy:ErrCode=107030, desc=[the current capture mode does not support this operation], InnerCode=0x703001c
[ERROR] RUNTIME(712964,):2026-01-15-10:29:49.050.275 [error_message_manage.cc:53]712964 FuncErrorReason:report error module_type=3, module_name=EE8888
[ERROR] RUNTIME(712964,):2026-01-15-10:29:49.050.278 [error_message_manage.cc:53]712964 FuncErrorReason:rtMemcpy execute failed, reason=[the current capture mode does not support this operation]
[ERROR] ASCENDCL(712964,):2026-01-15-10:29:49.050.497 [memory.cpp:437]712964 aclrtMemcpyImpl: synchronized memcpy failed, kind = 1, runtime result = 107030
[ERROR] RUNTIME(712964,):2026-01-15-10:29:49.130.164 [api_error.cc:1519]712964 MemCopySync:Memory copy sync failed, cnt=416, kind=1.
[ERROR] RUNTIME(712964,):2026-01-15-10:29:49.130.172 [api_c.cc:1197]712964 rtMemcpy:ErrCode=107030, desc=[the current capture mode does not support this operation], InnerCode=0x703001c
[ERROR] RUNTIME(712964,):2026-01-15-10:29:49.130.175 [error_message_manage.cc:53]712964 FuncErrorReason:report error module_type=3, module_name=EE8888
[ERROR] RUNTIME(712964,):2026-01-15-10:29:49.130.178 [error_message_manage.cc:53]712964 FuncErrorReason:rtMemcpy execute failed, reason=[the current capture mode does not support this operation]
[ERROR] ASCENDCL(712964,):2026-01-15-10:29:49.130.403 [memory.cpp:437]712964 aclrtMemcpyImpl: synchronized memcpy failed, kind = 1, runtime result = 107030
[ERROR] RUNTIME(712964,):2026-01-15-10:29:49.200.273 [api_error.cc:1519]712964 MemCopySync:Memory copy sync failed, cnt=72, kind=1.
[ERROR] RUNTIME(712964,):2026-01-15-10:29:49.200.281 [api_c.cc:1197]712964 rtMemcpy:ErrCode=107030, desc=[the current capture mode does not support this operation], InnerCode=0x703001c
[ERROR] RUNTIME(712964,):2026-01-15-10:29:49.200.283 [error_message_manage.cc:53]712964 FuncErrorReason:report error module_type=3, module_name=EE8888
[ERROR] RUNTIME(712964,):2026-01-15-10:29:49.200.286 [error_message_manage.cc:53]712964 FuncErrorReason:rtMemcpy execute failed, reason=[the current capture mode does not support this operation]
[ERROR] ASCENDCL(712964,):2026-01-15-10:29:49.200.483 [memory.cpp:437]712964 aclrtMemcpyImpl: synchronized memcpy failed, kind = 1, runtime result = 107030
[ERROR] RUNTIME(712964,):2026-01-15-10:29:49.261.182 [api_error.cc:1519]712964 MemCopySync:Memory copy sync failed, cnt=416, kind=1.
[ERROR] RUNTIME(712964,):2026-01-15-10:29:49.261.191 [api_c.cc:1197]712964 rtMemcpy:ErrCode=107030, desc=[the current capture mode does not support this operation], InnerCode=0x703001c
[ERROR] RUNTIME(712964,):2026-01-15-10:29:49.261.193 [error_message_manage.cc:53]712964 FuncErrorReason:report error module_type=3, module_name=EE8888
[ERROR] RUNTIME(712964,):2026-01-15-10:29:49.261.196 [error_message_manage.cc:53]712964 FuncErrorReason:rtMemcpy execute failed, reason=[the current capture mode does not support this operation]
[ERROR] ASCENDCL(712964,):2026-01-15-10:29:49.261.426 [memory.cpp:437]712964 aclrtMemcpyImpl: synchronized memcpy failed, kind = 1, runtime result = 107030
[ERROR] RUNTIME(712964,):2026-01-15-10:29:49.325.983 [api_error.cc:1519]712964 MemCopySync:Memory copy sync failed, cnt=72, kind=1.
[ERROR] RUNTIME(712964,):2026-01-15-10:29:49.325.990 [api_c.cc:1197]712964 rtMemcpy:ErrCode=107030, desc=[the current capture mode does not support this operation], InnerCode=0x703001c
[ERROR] RUNTIME(712964,):2026-01-15-10:29:49.325.993 [error_message_manage.cc:53]712964 FuncErrorReason:report error module_type=3, module_name=EE8888
[ERROR] RUNTIME(712964,):2026-01-15-10:29:49.325.995 [error_message_manage.cc:53]712964 FuncErrorReason:rtMemcpy execute failed, reason=[the current capture mode does not support this operation]
[ERROR] ASCENDCL(712964,):2026-01-15-10:29:49.326.195 [memory.cpp:437]712964 aclrtMemcpyImpl: synchronized memcpy failed, kind = 1, runtime result = 107030
[ERROR] RUNTIME(712964,):2026-01-15-10:29:49.393.033 [api_error.cc:1519]712964 MemCopySync:Memory copy sync failed, cnt=416, kind=1.
[ERROR] RUNTIME(712964,):2026-01-15-10:29:49.393.041 [api_c.cc:1197]712964 rtMemcpy:ErrCode=107030, desc=[the current capture mode does not support this operation], InnerCode=0x703001c
[ERROR] RUNTIME(712964,):2026-01-15-10:29:49.393.044 [error_message_manage.cc:53]712964 FuncErrorReason:report error module_type=3, module_name=EE8888
[ERROR] RUNTIME(712964,):2026-01-15-10:29:49.393.046 [error_message_manage.cc:53]712964 FuncErrorReason:rtMemcpy execute failed, reason=[the current capture mode does not support this operation]
[ERROR] ASCENDCL(712964,):2026-01-15-10:29:49.393.219 [memory.cpp:437]712964 aclrtMemcpyImpl: synchronized memcpy failed, kind = 1, runtime result = 107030
[ERROR] RUNTIME(712964,):2026-01-15-10:29:49.459.534 [api_error.cc:1519]712964 MemCopySync:Memory copy sync failed, cnt=72, kind=1.
[ERROR] RUNTIME(712964,):2026-01-15-10:29:49.459.542 [api_c.cc:1197]712964 rtMemcpy:ErrCode=107030, desc=[the current capture mode does not support this operation], InnerCode=0x703001c
[ERROR] RUNTIME(712964,):2026-01-15-10:29:49.459.545 [error_message_manage.cc:53]712964 FuncErrorReason:report error module_type=3, module_name=EE8888
[ERROR] RUNTIME(712964,):2026-01-15-10:29:49.459.547 [error_message_manage.cc:53]712964 FuncErrorReason:rtMemcpy execute failed, reason=[the current capture mode does not support this operation]
[ERROR] ASCENDCL(712964,):2026-01-15-10:29:49.459.772 [memory.cpp:437]712964 aclrtMemcpyImpl: synchronized memcpy failed, kind = 1, runtime result = 107030
[ERROR] RUNTIME(712964,):2026-01-15-10:29:49.527.323 [api_error.cc:1519]712964 MemCopySync:Memory copy sync failed, cnt=416, kind=1.
[ERROR] RUNTIME(712964,):2026-01-15-10:29:49.527.331 [api_c.cc:1197]712964 rtMemcpy:ErrCode=107030, desc=[the current capture mode does not support this operation], InnerCode=0x703001c
[ERROR] RUNTIME(712964,):2026-01-15-10:29:49.527.334 [error_message_manage.cc:53]712964 FuncErrorReason:report error module_type=3, module_name=EE8888
[ERROR] RUNTIME(712964,):2026-01-15-10:29:49.527.337 [error_message_manage.cc:53]712964 FuncErrorReason:rtMemcpy execute failed, reason=[the current capture mode does not support this operation]
[ERROR] ASCENDCL(712964,):2026-01-15-10:29:49.527.574 [memory.cpp:437]712964 aclrtMemcpyImpl: synchronized memcpy failed, kind = 1, runtime result = 107030
[ERROR] RUNTIME(712964,):2026-01-15-10:29:49.592.887 [api_error.cc:1519]712964 MemCopySync:Memory copy sync failed, cnt=72, kind=1.
[ERROR] RUNTIME(712964,):2026-01-15-10:29:49.592.894 [api_c.cc:1197]712964 rtMemcpy:ErrCode=107030, desc=[the current capture mode does not support this operation], InnerCode=0x703001c
[ERROR] RUNTIME(712964,):2026-01-15-10:29:49.592.897 [error_message_manage.cc:53]712964 FuncErrorReason:report error module_type=3, module_name=EE8888
[ERROR] RUNTIME(712964,):2026-01-15-10:29:49.592.899 [error_message_manage.cc:53]712964 FuncErrorReason:rtMemcpy execute failed, reason=[the current capture mode does not support this operation]
[ERROR] ASCENDCL(712964,):2026-01-15-10:29:49.593.091 [memory.cpp:437]712964 aclrtMemcpyImpl: synchronized memcpy failed, kind = 1, runtime result = 107030
[ERROR] RUNTIME(712964,):2026-01-15-10:29:49.656.029 [api_error.cc:1519]712964 MemCopySync:Memory copy sync failed, cnt=416, kind=1.
[ERROR] RUNTIME(712964,):2026-01-15-10:29:49.656.037 [api_c.cc:1197]712964 rtMemcpy:ErrCode=107030, desc=[the current capture mode does not support this operation], InnerCode=0x703001c
[ERROR] RUNTIME(712964,):2026-01-15-10:29:49.656.040 [error_message_manage.cc:53]712964 FuncErrorReason:report error module_type=3, module_name=EE8888
[ERROR] RUNTIME(712964,):2026-01-15-10:29:49.656.043 [error_message_manage.cc:53]712964 FuncErrorReason:rtMemcpy execute failed, reason=[the current capture mode does not support this operation]
[ERROR] ASCENDCL(712964,):2026-01-15-10:29:49.656.286 [memory.cpp:437]712964 aclrtMemcpyImpl: synchronized memcpy failed, kind = 1, runtime result = 107030
[ERROR] RUNTIME(712964,):2026-01-15-10:29:49.723.242 [api_error.cc:1519]712964 MemCopySync:Memory copy sync failed, cnt=72, kind=1.
[ERROR] RUNTIME(712964,):2026-01-15-10:29:49.723.250 [api_c.cc:1197]712964 rtMemcpy:ErrCode=107030, desc=[the current capture mode does not support this operation], InnerCode=0x703001c
[ERROR] RUNTIME(712964,):2026-01-15-10:29:49.723.253 [error_message_manage.cc:53]712964 FuncErrorReason:report error module_type=3, module_name=EE8888
[ERROR] RUNTIME(712964,):2026-01-15-10:29:49.723.256 [error_message_manage.cc:53]712964 FuncErrorReason:rtMemcpy execute failed, reason=[the current capture mode does not support this operation]
[ERROR] ASCENDCL(712964,):2026-01-15-10:29:49.723.469 [memory.cpp:437]712964 aclrtMemcpyImpl: synchronized memcpy failed, kind = 1, runtime result = 107030
[ERROR] RUNTIME(712964,):2026-01-15-10:29:49.792.875 [api_error.cc:1519]712964 MemCopySync:Memory copy sync failed, cnt=416, kind=1.
[ERROR] RUNTIME(712964,):2026-01-15-10:29:49.792.883 [api_c.cc:1197]712964 rtMemcpy:ErrCode=107030, desc=[the current capture mode does not support this operation], InnerCode=0x703001c
[ERROR] RUNTIME(712964,):2026-01-15-10:29:49.792.886 [error_message_manage.cc:53]712964 FuncErrorReason:report error module_type=3, module_name=EE8888
[ERROR] RUNTIME(712964,):2026-01-15-10:29:49.792.889 [error_message_manage.cc:53]712964 FuncErrorReason:rtMemcpy execute failed, reason=[the current capture mode does not support this operation]
[ERROR] ASCENDCL(712964,):2026-01-15-10:29:49.793.096 [memory.cpp:437]712964 aclrtMemcpyImpl: synchronized memcpy failed, kind = 1, runtime result = 107030
[ERROR] RUNTIME(712964,):2026-01-15-10:29:49.849.487 [api_error.cc:1519]712964 MemCopySync:Memory copy sync failed, cnt=72, kind=1.
[ERROR] RUNTIME(712964,):2026-01-15-10:29:49.849.495 [api_c.cc:1197]712964 rtMemcpy:ErrCode=107030, desc=[the current capture mode does not support this operation], InnerCode=0x703001c
[ERROR] RUNTIME(712964,):2026-01-15-10:29:49.849.498 [error_message_manage.cc:53]712964 FuncErrorReason:report error module_type=3, module_name=EE8888
[ERROR] RUNTIME(712964,):2026-01-15-10:29:49.849.500 [error_message_manage.cc:53]712964 FuncErrorReason:rtMemcpy execute failed, reason=[the current capture mode does not support this operation]
[ERROR] ASCENDCL(712964,):2026-01-15-10:29:49.849.713 [memory.cpp:437]712964 aclrtMemcpyImpl: synchronized memcpy failed, kind = 1, runtime result = 107030
[ERROR] RUNTIME(712964,):2026-01-15-10:29:49.925.456 [api_error.cc:1519]712964 MemCopySync:Memory copy sync failed, cnt=416, kind=1.
[ERROR] RUNTIME(712964,):2026-01-15-10:29:49.925.465 [api_c.cc:1197]712964 rtMemcpy:ErrCode=107030, desc=[the current capture mode does not support this operation], InnerCode=0x703001c
[ERROR] RUNTIME(712964,):2026-01-15-10:29:49.925.467 [error_message_manage.cc:53]712964 FuncErrorReason:report error module_type=3, module_name=EE8888
[ERROR] RUNTIME(712964,):2026-01-15-10:29:49.925.470 [error_message_manage.cc:53]712964 FuncErrorReason:rtMemcpy execute failed, reason=[the current capture mode does not support this operation]
[ERROR] ASCENDCL(712964,):2026-01-15-10:29:49.925.658 [memory.cpp:437]712964 aclrtMemcpyImpl: synchronized memcpy failed, kind = 1, runtime result = 107030
[ERROR] RUNTIME(712964,):2026-01-15-10:29:49.996.910 [api_error.cc:1519]712964 MemCopySync:Memory copy sync failed, cnt=72, kind=1.
[ERROR] RUNTIME(712964,):2026-01-15-10:29:49.996.919 [api_c.cc:1197]712964 rtMemcpy:ErrCode=107030, desc=[the current capture mode does not support this operation], InnerCode=0x703001c
[ERROR] RUNTIME(712964,):2026-01-15-10:29:49.996.922 [error_message_manage.cc:53]712964 FuncErrorReason:report error module_type=3, module_name=EE8888
[ERROR] RUNTIME(712964,):2026-01-15-10:29:49.996.925 [error_message_manage.cc:53]712964 FuncErrorReason:rtMemcpy execute failed, reason=[the current capture mode does not support this operation]
[ERROR] ASCENDCL(712964,):2026-01-15-10:29:49.997.200 [memory.cpp:437]712964 aclrtMemcpyImpl: synchronized memcpy failed, kind = 1, runtime result = 107030
[ERROR] RUNTIME(712964,):2026-01-15-10:29:50.067.820 [api_error.cc:1519]712964 MemCopySync:Memory copy sync failed, cnt=416, kind=1.
[ERROR] RUNTIME(712964,):2026-01-15-10:29:50.067.829 [api_c.cc:1197]712964 rtMemcpy:ErrCode=107030, desc=[the current capture mode does not support this operation], InnerCode=0x703001c
[ERROR] RUNTIME(712964,):2026-01-15-10:29:50.067.832 [error_message_manage.cc:53]712964 FuncErrorReason:report error module_type=3, module_name=EE8888
[ERROR] RUNTIME(712964,):2026-01-15-10:29:50.067.835 [error_message_manage.cc:53]712964 FuncErrorReason:rtMemcpy execute failed, reason=[the current capture mode does not support this operation]
[ERROR] ASCENDCL(712964,):2026-01-15-10:29:50.068.105 [memory.cpp:437]712964 aclrtMemcpyImpl: synchronized memcpy failed, kind = 1, runtime result = 107030
[ERROR] RUNTIME(712964,):2026-01-15-10:29:50.132.421 [api_error.cc:1519]712964 MemCopySync:Memory copy sync failed, cnt=72, kind=1.
[ERROR] RUNTIME(712964,):2026-01-15-10:29:50.132.429 [api_c.cc:1197]712964 rtMemcpy:ErrCode=107030, desc=[the current capture mode does not support this operation], InnerCode=0x703001c
[ERROR] RUNTIME(712964,):2026-01-15-10:29:50.132.431 [error_message_manage.cc:53]712964 FuncErrorReason:report error module_type=3, module_name=EE8888
[ERROR] RUNTIME(712964,):2026-01-15-10:29:50.132.434 [error_message_manage.cc:53]712964 FuncErrorReason:rtMemcpy execute failed, reason=[the current capture mode does not support this operation]
[ERROR] ASCENDCL(712964,):2026-01-15-10:29:50.132.728 [memory.cpp:437]712964 aclrtMemcpyImpl: synchronized memcpy failed, kind = 1, runtime result = 107030
[ERROR] RUNTIME(712964,):2026-01-15-10:29:50.201.382 [api_error.cc:1519]712964 MemCopySync:Memory copy sync failed, cnt=416, kind=1.
[ERROR] RUNTIME(712964,):2026-01-15-10:29:50.201.390 [api_c.cc:1197]712964 rtMemcpy:ErrCode=107030, desc=[the current capture mode does not support this operation], InnerCode=0x703001c
[ERROR] RUNTIME(712964,):2026-01-15-10:29:50.201.393 [error_message_manage.cc:53]712964 FuncErrorReason:report error module_type=3, module_name=EE8888
[ERROR] RUNTIME(712964,):2026-01-15-10:29:50.201.395 [error_message_manage.cc:53]712964 FuncErrorReason:rtMemcpy execute failed, reason=[the current capture mode does not support this operation]
[ERROR] ASCENDCL(712964,):2026-01-15-10:29:50.201.620 [memory.cpp:437]712964 aclrtMemcpyImpl: synchronized memcpy failed, kind = 1, runtime result = 107030
[ERROR] RUNTIME(712964,):2026-01-15-10:29:50.268.668 [api_error.cc:1519]712964 MemCopySync:Memory copy sync failed, cnt=72, kind=1.
[ERROR] RUNTIME(712964,):2026-01-15-10:29:50.268.677 [api_c.cc:1197]712964 rtMemcpy:ErrCode=107030, desc=[the current capture mode does not support this operation], InnerCode=0x703001c
[ERROR] RUNTIME(712964,):2026-01-15-10:29:50.268.680 [error_message_manage.cc:53]712964 FuncErrorReason:report error module_type=3, module_name=EE8888
[ERROR] RUNTIME(712964,):2026-01-15-10:29:50.268.683 [error_message_manage.cc:53]712964 FuncErrorReason:rtMemcpy execute failed, reason=[the current capture mode does not support this operation]
[ERROR] ASCENDCL(712964,):2026-01-15-10:29:50.268.896 [memory.cpp:437]712964 aclrtMemcpyImpl: synchronized memcpy failed, kind = 1, runtime result = 107030
[ERROR] RUNTIME(712964,):2026-01-15-10:29:50.335.939 [api_error.cc:1519]712964 MemCopySync:Memory copy sync failed, cnt=416, kind=1.
[ERROR] RUNTIME(712964,):2026-01-15-10:29:50.335.947 [api_c.cc:1197]712964 rtMemcpy:ErrCode=107030, desc=[the current capture mode does not support this operation], InnerCode=0x703001c
[ERROR] RUNTIME(712964,):2026-01-15-10:29:50.335.950 [error_message_manage.cc:53]712964 FuncErrorReason:report error module_type=3, module_name=EE8888
[ERROR] RUNTIME(712964,):2026-01-15-10:29:50.335.953 [error_message_manage.cc:53]712964 FuncErrorReason:rtMemcpy execute failed, reason=[the current capture mode does not support this operation]
[ERROR] ASCENDCL(712964,):2026-01-15-10:29:50.336.181 [memory.cpp:437]712964 aclrtMemcpyImpl: synchronized memcpy failed, kind = 1, runtime result = 107030
[ERROR] RUNTIME(712964,):2026-01-15-10:29:50.395.831 [api_error.cc:1519]712964 MemCopySync:Memory copy sync failed, cnt=72, kind=1.
[ERROR] RUNTIME(712964,):2026-01-15-10:29:50.395.840 [api_c.cc:1197]712964 rtMemcpy:ErrCode=107030, desc=[the current capture mode does not support this operation], InnerCode=0x703001c
[ERROR] RUNTIME(712964,):2026-01-15-10:29:50.395.842 [error_message_manage.cc:53]712964 FuncErrorReason:report error module_type=3, module_name=EE8888
[ERROR] RUNTIME(712964,):2026-01-15-10:29:50.395.845 [error_message_manage.cc:53]712964 FuncErrorReason:rtMemcpy execute failed, reason=[the current capture mode does not support this operation]
[ERROR] ASCENDCL(712964,):2026-01-15-10:29:50.396.143 [memory.cpp:437]712964 aclrtMemcpyImpl: synchronized memcpy failed, kind = 1, runtime result = 107030
[ERROR] RUNTIME(712964,):2026-01-15-10:29:50.582.351 [api_c_stream.cc:412]712964 rtsStreamSetAttribute:report error module_name=EE1001
[ERROR] RUNTIME(712964,):2026-01-15-10:29:50.582.357 [api_c_stream.cc:412]712964 rtsStreamSetAttribute:Invalid stream attribute ID: 4, Supported stream attribute IDs: [1, 4).
[ERROR] RUNTIME(712964,):2026-01-15-10:29:50.582.389 [api_c_stream.cc:416]712964 rtsStreamSetAttribute:ErrCode=107000, desc=[invalid value], InnerCode=0x7110001
[ERROR] RUNTIME(712964,):2026-01-15-10:29:50.582.391 [error_message_manage.cc:48]712964 FuncErrorReason:report error module_name=EE1001
[ERROR] RUNTIME(712964,):2026-01-15-10:29:50.582.394 [error_message_manage.cc:48]712964 FuncErrorReason:rtsStreamSetAttribute execute failed, reason=[invalid value]
[ERROR] ASCENDCL(712964,):2026-01-15-10:29:50.582.675 [stream.cpp:299]712964 aclrtSetStreamAttributeImpl: call rtsStreamSetAttribute failed, runtime result = 107000
[ERROR] RUNTIME(712964,):2026-01-15-10:30:04.914.440 [api_c_stream.cc:412]712964 rtsStreamSetAttribute:report error module_name=EE1001
[ERROR] RUNTIME(712964,):2026-01-15-10:30:04.914.447 [api_c_stream.cc:412]712964 rtsStreamSetAttribute:Invalid stream attribute ID: 4, Supported stream attribute IDs: [1, 4).
[ERROR] RUNTIME(712964,):2026-01-15-10:30:04.914.482 [api_c_stream.cc:416]712964 rtsStreamSetAttribute:ErrCode=107000, desc=[invalid value], InnerCode=0x7110001
[ERROR] RUNTIME(712964,):2026-01-15-10:30:04.914.485 [error_message_manage.cc:48]712964 FuncErrorReason:report error module_name=EE1001
[ERROR] RUNTIME(712964,):2026-01-15-10:30:04.914.488 [error_message_manage.cc:48]712964 FuncErrorReason:rtsStreamSetAttribute execute failed, reason=[invalid value]
[ERROR] ASCENDCL(712964,):2026-01-15-10:30:04.914.763 [stream.cpp:299]712964 aclrtSetStreamAttributeImpl: call rtsStreamSetAttribute failed, runtime result = 107000
[ERROR] RUNTIME(712964,):2026-01-15-10:30:05.695.980 [api_error.cc:1519]712964 MemCopySync:Memory copy sync failed, cnt=416, kind=1.
[ERROR] RUNTIME(712964,):2026-01-15-10:30:05.695.992 [api_c.cc:1197]712964 rtMemcpy:ErrCode=107030, desc=[the current capture mode does not support this operation], InnerCode=0x703001c
[ERROR] RUNTIME(712964,):2026-01-15-10:30:05.695.995 [error_message_manage.cc:53]712964 FuncErrorReason:report error module_type=3, module_name=EE8888
[ERROR] RUNTIME(712964,):2026-01-15-10:30:05.695.998 [error_message_manage.cc:53]712964 FuncErrorReason:rtMemcpy execute failed, reason=[the current capture mode does not support this operation]
[ERROR] ASCENDCL(712964,):2026-01-15-10:30:05.696.336 [memory.cpp:437]712964 aclrtMemcpyImpl: synchronized memcpy failed, kind = 1, runtime result = 107030
[ERROR] RUNTIME(712964,):2026-01-15-10:30:05.698.461 [api_error.cc:1519]712964 MemCopySync:Memory copy sync failed, cnt=72, kind=1.
[ERROR] RUNTIME(712964,):2026-01-15-10:30:05.698.469 [api_c.cc:1197]712964 rtMemcpy:ErrCode=107030, desc=[the current capture mode does not support this operation], InnerCode=0x703001c
[ERROR] RUNTIME(712964,):2026-01-15-10:30:05.698.472 [error_message_manage.cc:53]712964 FuncErrorReason:report error module_type=3, module_name=EE8888
[ERROR] RUNTIME(712964,):2026-01-15-10:30:05.698.475 [error_message_manage.cc:53]712964 FuncErrorReason:rtMemcpy execute failed, reason=[the current capture mode does not support this operation]
[ERROR] ASCENDCL(712964,):2026-01-15-10:30:05.698.641 [memory.cpp:437]712964 aclrtMemcpyImpl: synchronized memcpy failed, kind = 1, runtime result = 107030
[ERROR] RUNTIME(712964,):2026-01-15-10:30:05.704.882 [api_error.cc:1519]712964 MemCopySync:Memory copy sync failed, cnt=416, kind=1.
[ERROR] RUNTIME(712964,):2026-01-15-10:30:05.704.892 [api_c.cc:1197]712964 rtMemcpy:ErrCode=107030, desc=[the current capture mode does not support this operation], InnerCode=0x703001c
[ERROR] RUNTIME(712964,):2026-01-15-10:30:05.704.895 [error_message_manage.cc:53]712964 FuncErrorReason:report error module_type=3, module_name=EE8888
[ERROR] RUNTIME(712964,):2026-01-15-10:30:05.704.898 [error_message_manage.cc:53]712964 FuncErrorReason:rtMemcpy execute failed, reason=[the current capture mode does not support this operation]
[ERROR] ASCENDCL(712964,):2026-01-15-10:30:05.705.051 [memory.cpp:437]712964 aclrtMemcpyImpl: synchronized memcpy failed, kind = 1, runtime result = 107030
[ERROR] RUNTIME(712964,):2026-01-15-10:30:06.009.625 [api_error.cc:1519]712964 MemCopySync:Memory copy sync failed, cnt=72, kind=1.
[ERROR] RUNTIME(712964,):2026-01-15-10:30:06.009.634 [api_c.cc:1197]712964 rtMemcpy:ErrCode=107030, desc=[the current capture mode does not support this operation], InnerCode=0x703001c
[ERROR] RUNTIME(712964,):2026-01-15-10:30:06.009.636 [error_message_manage.cc:53]712964 FuncErrorReason:report error module_type=3, module_name=EE8888
[ERROR] RUNTIME(712964,):2026-01-15-10:30:06.009.639 [error_message_manage.cc:53]712964 FuncErrorReason:rtMemcpy execute failed, reason=[the current capture mode does not support this operation]
[ERROR] ASCENDCL(712964,):2026-01-15-10:30:06.009.988 [memory.cpp:437]712964 aclrtMemcpyImpl: synchronized memcpy failed, kind = 1, runtime result = 107030
[ERROR] RUNTIME(712964,):2026-01-15-10:30:06.257.293 [api_c_stream.cc:412]712964 rtsStreamSetAttribute:report error module_name=EE1001
[ERROR] RUNTIME(712964,):2026-01-15-10:30:06.257.299 [api_c_stream.cc:412]712964 rtsStreamSetAttribute:Invalid stream attribute ID: 4, Supported stream attribute IDs: [1, 4).
[ERROR] RUNTIME(712964,):2026-01-15-10:30:06.257.349 [api_c_stream.cc:416]712964 rtsStreamSetAttribute:ErrCode=107000, desc=[invalid value], InnerCode=0x7110001
[ERROR] RUNTIME(712964,):2026-01-15-10:30:06.257.351 [error_message_manage.cc:48]712964 FuncErrorReason:report error module_name=EE1001
[ERROR] RUNTIME(712964,):2026-01-15-10:30:06.257.354 [error_message_manage.cc:48]712964 FuncErrorReason:rtsStreamSetAttribute execute failed, reason=[invalid value]
[ERROR] ASCENDCL(712964,):2026-01-15-10:30:06.257.645 [stream.cpp:299]712964 aclrtSetStreamAttributeImpl: call rtsStreamSetAttribute failed, runtime result = 107000
[ERROR] RUNTIME(712964,):2026-01-15-10:30:06.340.210 [api_c_stream.cc:412]712964 rtsStreamSetAttribute:report error module_name=EE1001
[ERROR] RUNTIME(712964,):2026-01-15-10:30:06.340.216 [api_c_stream.cc:412]712964 rtsStreamSetAttribute:Invalid stream attribute ID: 4, Supported stream attribute IDs: [1, 4).
[ERROR] RUNTIME(712964,):2026-01-15-10:30:06.340.246 [api_c_stream.cc:416]712964 rtsStreamSetAttribute:ErrCode=107000, desc=[invalid value], InnerCode=0x7110001
[ERROR] RUNTIME(712964,):2026-01-15-10:30:06.340.248 [error_message_manage.cc:48]712964 FuncErrorReason:report error module_name=EE1001
[ERROR] RUNTIME(712964,):2026-01-15-10:30:06.340.251 [error_message_manage.cc:48]712964 FuncErrorReason:rtsStreamSetAttribute execute failed, reason=[invalid value]
[ERROR] ASCENDCL(712964,):2026-01-15-10:30:06.340.489 [stream.cpp:299]712964 aclrtSetStreamAttributeImpl: call rtsStreamSetAttribute failed, runtime result = 107000
[ERROR] RUNTIME(712964,):2026-01-15-10:30:06.695.113 [api_error.cc:1519]712964 MemCopySync:Memory copy sync failed, cnt=416, kind=1.
[ERROR] RUNTIME(712964,):2026-01-15-10:30:06.695.124 [api_c.cc:1197]712964 rtMemcpy:ErrCode=107030, desc=[the current capture mode does not support this operation], InnerCode=0x703001c
[ERROR] RUNTIME(712964,):2026-01-15-10:30:06.695.127 [error_message_manage.cc:53]712964 FuncErrorReason:report error module_type=3, module_name=EE8888
[ERROR] RUNTIME(712964,):2026-01-15-10:30:06.695.129 [error_message_manage.cc:53]712964 FuncErrorReason:rtMemcpy execute failed, reason=[the current capture mode does not support this operation]
[ERROR] ASCENDCL(712964,):2026-01-15-10:30:06.695.510 [memory.cpp:437]712964 aclrtMemcpyImpl: synchronized memcpy failed, kind = 1, runtime result = 107030
[ERROR] RUNTIME(712964,):2026-01-15-10:30:06.696.535 [api_error.cc:1519]712964 MemCopySync:Memory copy sync failed, cnt=72, kind=1.
[ERROR] RUNTIME(712964,):2026-01-15-10:30:06.696.544 [api_c.cc:1197]712964 rtMemcpy:ErrCode=107030, desc=[the current capture mode does not support this operation], InnerCode=0x703001c
[ERROR] RUNTIME(712964,):2026-01-15-10:30:06.696.546 [error_message_manage.cc:53]712964 FuncErrorReason:report error module_type=3, module_name=EE8888
[ERROR] RUNTIME(712964,):2026-01-15-10:30:06.696.549 [error_message_manage.cc:53]712964 FuncErrorReason:rtMemcpy execute failed, reason=[the current capture mode does not support this operation]
[ERROR] ASCENDCL(712964,):2026-01-15-10:30:06.696.711 [memory.cpp:437]712964 aclrtMemcpyImpl: synchronized memcpy failed, kind = 1, runtime result = 107030
[ERROR] RUNTIME(712964,):2026-01-15-10:30:06.702.631 [api_error.cc:1519]712964 MemCopySync:Memory copy sync failed, cnt=416, kind=1.
[ERROR] RUNTIME(712964,):2026-01-15-10:30:06.702.640 [api_c.cc:1197]712964 rtMemcpy:ErrCode=107030, desc=[the current capture mode does not support this operation], InnerCode=0x703001c
[ERROR] RUNTIME(712964,):2026-01-15-10:30:06.702.643 [error_message_manage.cc:53]712964 FuncErrorReason:report error module_type=3, module_name=EE8888
[ERROR] RUNTIME(712964,):2026-01-15-10:30:06.702.646 [error_message_manage.cc:53]712964 FuncErrorReason:rtMemcpy execute failed, reason=[the current capture mode does not support this operation]
[ERROR] ASCENDCL(712964,):2026-01-15-10:30:06.702.835 [memory.cpp:437]712964 aclrtMemcpyImpl: synchronized memcpy failed, kind = 1, runtime result = 107030
[ERROR] RUNTIME(712964,):2026-01-15-10:30:06.963.911 [api_error.cc:1519]712964 MemCopySync:Memory copy sync failed, cnt=72, kind=1.
[ERROR] RUNTIME(712964,):2026-01-15-10:30:06.963.920 [api_c.cc:1197]712964 rtMemcpy:ErrCode=107030, desc=[the current capture mode does not support this operation], InnerCode=0x703001c
[ERROR] RUNTIME(712964,):2026-01-15-10:30:06.963.923 [error_message_manage.cc:53]712964 FuncErrorReason:report error module_type=3, module_name=EE8888
[ERROR] RUNTIME(712964,):2026-01-15-10:30:06.963.926 [error_message_manage.cc:53]712964 FuncErrorReason:rtMemcpy execute failed, reason=[the current capture mode does not support this operation]
[ERROR] ASCENDCL(712964,):2026-01-15-10:30:06.964.257 [memory.cpp:437]712964 aclrtMemcpyImpl: synchronized memcpy failed, kind = 1, runtime result = 107030
[ERROR] RUNTIME(712964,):2026-01-15-10:30:07.174.330 [api_c_stream.cc:412]712964 rtsStreamSetAttribute:report error module_name=EE1001
[ERROR] RUNTIME(712964,):2026-01-15-10:30:07.174.336 [api_c_stream.cc:412]712964 rtsStreamSetAttribute:Invalid stream attribute ID: 4, Supported stream attribute IDs: [1, 4).
[ERROR] RUNTIME(712964,):2026-01-15-10:30:07.174.381 [api_c_stream.cc:416]712964 rtsStreamSetAttribute:ErrCode=107000, desc=[invalid value], InnerCode=0x7110001
[ERROR] RUNTIME(712964,):2026-01-15-10:30:07.174.383 [error_message_manage.cc:48]712964 FuncErrorReason:report error module_name=EE1001
[ERROR] RUNTIME(712964,):2026-01-15-10:30:07.174.386 [error_message_manage.cc:48]712964 FuncErrorReason:rtsStreamSetAttribute execute failed, reason=[invalid value]
[ERROR] ASCENDCL(712964,):2026-01-15-10:30:07.174.711 [stream.cpp:299]712964 aclrtSetStreamAttributeImpl: call rtsStreamSetAttribute failed, runtime result = 107000
[ERROR] RUNTIME(712964,):2026-01-15-10:30:07.309.264 [api_c_stream.cc:412]712964 rtsStreamSetAttribute:report error module_name=EE1001
[ERROR] RUNTIME(712964,):2026-01-15-10:30:07.309.271 [api_c_stream.cc:412]712964 rtsStreamSetAttribute:Invalid stream attribute ID: 4, Supported stream attribute IDs: [1, 4).
[ERROR] RUNTIME(712964,):2026-01-15-10:30:07.309.301 [api_c_stream.cc:416]712964 rtsStreamSetAttribute:ErrCode=107000, desc=[invalid value], InnerCode=0x7110001
[ERROR] RUNTIME(712964,):2026-01-15-10:30:07.309.303 [error_message_manage.cc:48]712964 FuncErrorReason:report error module_name=EE1001
[ERROR] RUNTIME(712964,):2026-01-15-10:30:07.309.306 [error_message_manage.cc:48]712964 FuncErrorReason:rtsStreamSetAttribute execute failed, reason=[invalid value]
[ERROR] ASCENDCL(712964,):2026-01-15-10:30:07.309.506 [stream.cpp:299]712964 aclrtSetStreamAttributeImpl: call rtsStreamSetAttribute failed, runtime result = 107000
[ERROR] RUNTIME(712964,):2026-01-15-10:30:07.694.332 [api_error.cc:1519]712964 MemCopySync:Memory copy sync failed, cnt=416, kind=1.
[ERROR] RUNTIME(712964,):2026-01-15-10:30:07.694.344 [api_c.cc:1197]712964 rtMemcpy:ErrCode=107030, desc=[the current capture mode does not support this operation], InnerCode=0x703001c
[ERROR] RUNTIME(712964,):2026-01-15-10:30:07.694.346 [error_message_manage.cc:53]712964 FuncErrorReason:report error module_type=3, module_name=EE8888
[ERROR] RUNTIME(712964,):2026-01-15-10:30:07.694.349 [error_message_manage.cc:53]712964 FuncErrorReason:rtMemcpy execute failed, reason=[the current capture mode does not support this operation]
[ERROR] ASCENDCL(712964,):2026-01-15-10:30:07.694.712 [memory.cpp:437]712964 aclrtMemcpyImpl: synchronized memcpy failed, kind = 1, runtime result = 107030
[ERROR] RUNTIME(712964,):2026-01-15-10:30:07.695.823 [api_error.cc:1519]712964 MemCopySync:Memory copy sync failed, cnt=72, kind=1.
[ERROR] RUNTIME(712964,):2026-01-15-10:30:07.695.832 [api_c.cc:1197]712964 rtMemcpy:ErrCode=107030, desc=[the current capture mode does not support this operation], InnerCode=0x703001c
[ERROR] RUNTIME(712964,):2026-01-15-10:30:07.695.834 [error_message_manage.cc:53]712964 FuncErrorReason:report error module_type=3, module_name=EE8888
[ERROR] RUNTIME(712964,):2026-01-15-10:30:07.695.837 [error_message_manage.cc:53]712964 FuncErrorReason:rtMemcpy execute failed, reason=[the current capture mode does not support this operation]
[ERROR] ASCENDCL(712964,):2026-01-15-10:30:07.696.046 [memory.cpp:437]712964 aclrtMemcpyImpl: synchronized memcpy failed, kind = 1, runtime result = 107030
[ERROR] RUNTIME(712964,):2026-01-15-10:30:07.701.296 [api_error.cc:1519]712964 MemCopySync:Memory copy sync failed, cnt=416, kind=1.
[ERROR] RUNTIME(712964,):2026-01-15-10:30:07.701.305 [api_c.cc:1197]712964 rtMemcpy:ErrCode=107030, desc=[the current capture mode does not support this operation], InnerCode=0x703001c
[ERROR] RUNTIME(712964,):2026-01-15-10:30:07.701.308 [error_message_manage.cc:53]712964 FuncErrorReason:report error module_type=3, module_name=EE8888
[ERROR] RUNTIME(712964,):2026-01-15-10:30:07.701.311 [error_message_manage.cc:53]712964 FuncErrorReason:rtMemcpy execute failed, reason=[the current capture mode does not support this operation]
[ERROR] ASCENDCL(712964,):2026-01-15-10:30:07.701.472 [memory.cpp:437]712964 aclrtMemcpyImpl: synchronized memcpy failed, kind = 1, runtime result = 107030
[ERROR] RUNTIME(712964,):2026-01-15-10:30:08.003.959 [api_error.cc:1519]712964 MemCopySync:Memory copy sync failed, cnt=72, kind=1.
[ERROR] RUNTIME(712964,):2026-01-15-10:30:08.003.968 [api_c.cc:1197]712964 rtMemcpy:ErrCode=107030, desc=[the current capture mode does not support this operation], InnerCode=0x703001c
[ERROR] RUNTIME(712964,):2026-01-15-10:30:08.003.971 [error_message_manage.cc:53]712964 FuncErrorReason:report error module_type=3, module_name=EE8888
[ERROR] RUNTIME(712964,):2026-01-15-10:30:08.003.973 [error_message_manage.cc:53]712964 FuncErrorReason:rtMemcpy execute failed, reason=[the current capture mode does not support this operation]
[ERROR] ASCENDCL(712964,):2026-01-15-10:30:08.004.239 [memory.cpp:437]712964 aclrtMemcpyImpl: synchronized memcpy failed, kind = 1, runtime result = 107030
[ERROR] RUNTIME(712964,):2026-01-15-10:30:08.293.949 [api_c_stream.cc:412]712964 rtsStreamSetAttribute:report error module_name=EE1001
[ERROR] RUNTIME(712964,):2026-01-15-10:30:08.293.955 [api_c_stream.cc:412]712964 rtsStreamSetAttribute:Invalid stream attribute ID: 4, Supported stream attribute IDs: [1, 4).
[ERROR] RUNTIME(712964,):2026-01-15-10:30:08.294.008 [api_c_stream.cc:416]712964 rtsStreamSetAttribute:ErrCode=107000, desc=[invalid value], InnerCode=0x7110001
[ERROR] RUNTIME(712964,):2026-01-15-10:30:08.294.011 [error_message_manage.cc:48]712964 FuncErrorReason:report error module_name=EE1001
[ERROR] RUNTIME(712964,):2026-01-15-10:30:08.294.014 [error_message_manage.cc:48]712964 FuncErrorReason:rtsStreamSetAttribute execute failed, reason=[invalid value]
[ERROR] ASCENDCL(712964,):2026-01-15-10:30:08.294.291 [stream.cpp:299]712964 aclrtSetStreamAttributeImpl: call rtsStreamSetAttribute failed, runtime result = 107000
[ERROR] RUNTIME(712964,):2026-01-15-10:30:08.391.511 [api_c_stream.cc:412]712964 rtsStreamSetAttribute:report error module_name=EE1001
[ERROR] RUNTIME(712964,):2026-01-15-10:30:08.391.518 [api_c_stream.cc:412]712964 rtsStreamSetAttribute:Invalid stream attribute ID: 4, Supported stream attribute IDs: [1, 4).
[ERROR] RUNTIME(712964,):2026-01-15-10:30:08.391.549 [api_c_stream.cc:416]712964 rtsStreamSetAttribute:ErrCode=107000, desc=[invalid value], InnerCode=0x7110001
[ERROR] RUNTIME(712964,):2026-01-15-10:30:08.391.551 [error_message_manage.cc:48]712964 FuncErrorReason:report error module_name=EE1001
[ERROR] RUNTIME(712964,):2026-01-15-10:30:08.391.554 [error_message_manage.cc:48]712964 FuncErrorReason:rtsStreamSetAttribute execute failed, reason=[invalid value]
[ERROR] ASCENDCL(712964,):2026-01-15-10:30:08.391.776 [stream.cpp:299]712964 aclrtSetStreamAttributeImpl: call rtsStreamSetAttribute failed, runtime result = 107000
[ERROR] RUNTIME(712964,):2026-01-15-10:30:08.696.603 [api_error.cc:1519]712964 MemCopySync:Memory copy sync failed, cnt=416, kind=1.
[ERROR] RUNTIME(712964,):2026-01-15-10:30:08.696.614 [api_c.cc:1197]712964 rtMemcpy:ErrCode=107030, desc=[the current capture mode does not support this operation], InnerCode=0x703001c
[ERROR] RUNTIME(712964,):2026-01-15-10:30:08.696.617 [error_message_manage.cc:53]712964 FuncErrorReason:report error module_type=3, module_name=EE8888
[ERROR] RUNTIME(712964,):2026-01-15-10:30:08.696.620 [error_message_manage.cc:53]712964 FuncErrorReason:rtMemcpy execute failed, reason=[the current capture mode does not support this operation]
[ERROR] ASCENDCL(712964,):2026-01-15-10:30:08.696.933 [memory.cpp:437]712964 aclrtMemcpyImpl: synchronized memcpy failed, kind = 1, runtime result = 107030
[ERROR] RUNTIME(712964,):2026-01-15-10:30:08.698.018 [api_error.cc:1519]712964 MemCopySync:Memory copy sync failed, cnt=72, kind=1.
[ERROR] RUNTIME(712964,):2026-01-15-10:30:08.698.027 [api_c.cc:1197]712964 rtMemcpy:ErrCode=107030, desc=[the current capture mode does not support this operation], InnerCode=0x703001c
[ERROR] RUNTIME(712964,):2026-01-15-10:30:08.698.030 [error_message_manage.cc:53]712964 FuncErrorReason:report error module_type=3, module_name=EE8888
[ERROR] RUNTIME(712964,):2026-01-15-10:30:08.698.032 [error_message_manage.cc:53]712964 FuncErrorReason:rtMemcpy execute failed, reason=[the current capture mode does not support this operation]
[ERROR] ASCENDCL(712964,):2026-01-15-10:30:08.698.213 [memory.cpp:437]712964 aclrtMemcpyImpl: synchronized memcpy failed, kind = 1, runtime result = 107030
[ERROR] RUNTIME(712964,):2026-01-15-10:30:08.704.093 [api_error.cc:1519]712964 MemCopySync:Memory copy sync failed, cnt=416, kind=1.
[ERROR] RUNTIME(712964,):2026-01-15-10:30:08.704.102 [api_c.cc:1197]712964 rtMemcpy:ErrCode=107030, desc=[the current capture mode does not support this operation], InnerCode=0x703001c
[ERROR] RUNTIME(712964,):2026-01-15-10:30:08.704.105 [error_message_manage.cc:53]712964 FuncErrorReason:report error module_type=3, module_name=EE8888
[ERROR] RUNTIME(712964,):2026-01-15-10:30:08.704.108 [error_message_manage.cc:53]712964 FuncErrorReason:rtMemcpy execute failed, reason=[the current capture mode does not support this operation]
[ERROR] ASCENDCL(712964,):2026-01-15-10:30:08.704.279 [memory.cpp:437]712964 aclrtMemcpyImpl: synchronized memcpy failed, kind = 1, runtime result = 107030
[ERROR] RUNTIME(712964,):2026-01-15-10:30:08.990.652 [api_error.cc:1519]712964 MemCopySync:Memory copy sync failed, cnt=72, kind=1.
[ERROR] RUNTIME(712964,):2026-01-15-10:30:08.990.663 [api_c.cc:1197]712964 rtMemcpy:ErrCode=107030, desc=[the current capture mode does not support this operation], InnerCode=0x703001c
[ERROR] RUNTIME(712964,):2026-01-15-10:30:08.990.665 [error_message_manage.cc:53]712964 FuncErrorReason:report error module_type=3, module_name=EE8888
[ERROR] RUNTIME(712964,):2026-01-15-10:30:08.990.668 [error_message_manage.cc:53]712964 FuncErrorReason:rtMemcpy execute failed, reason=[the current capture mode does not support this operation]
[ERROR] ASCENDCL(712964,):2026-01-15-10:30:08.990.960 [memory.cpp:437]712964 aclrtMemcpyImpl: synchronized memcpy failed, kind = 1, runtime result = 107030
[ERROR] RUNTIME(712964,):2026-01-15-10:30:09.201.663 [api_c_stream.cc:412]712964 rtsStreamSetAttribute:report error module_name=EE1001
[ERROR] RUNTIME(712964,):2026-01-15-10:30:09.201.669 [api_c_stream.cc:412]712964 rtsStreamSetAttribute:Invalid stream attribute ID: 4, Supported stream attribute IDs: [1, 4).
[ERROR] RUNTIME(712964,):2026-01-15-10:30:09.201.711 [api_c_stream.cc:416]712964 rtsStreamSetAttribute:ErrCode=107000, desc=[invalid value], InnerCode=0x7110001
[ERROR] RUNTIME(712964,):2026-01-15-10:30:09.201.713 [error_message_manage.cc:48]712964 FuncErrorReason:report error module_name=EE1001
[ERROR] RUNTIME(712964,):2026-01-15-10:30:09.201.716 [error_message_manage.cc:48]712964 FuncErrorReason:rtsStreamSetAttribute execute failed, reason=[invalid value]
[ERROR] ASCENDCL(712964,):2026-01-15-10:30:09.201.996 [stream.cpp:299]712964 aclrtSetStreamAttributeImpl: call rtsStreamSetAttribute failed, runtime result = 107000
[ERROR] RUNTIME(712964,):2026-01-15-10:30:09.326.908 [api_c_stream.cc:412]712964 rtsStreamSetAttribute:report error module_name=EE1001
[ERROR] RUNTIME(712964,):2026-01-15-10:30:09.326.914 [api_c_stream.cc:412]712964 rtsStreamSetAttribute:Invalid stream attribute ID: 4, Supported stream attribute IDs: [1, 4).
[ERROR] RUNTIME(712964,):2026-01-15-10:30:09.326.944 [api_c_stream.cc:416]712964 rtsStreamSetAttribute:ErrCode=107000, desc=[invalid value], InnerCode=0x7110001
[ERROR] RUNTIME(712964,):2026-01-15-10:30:09.326.946 [error_message_manage.cc:48]712964 FuncErrorReason:report error module_name=EE1001
[ERROR] RUNTIME(712964,):2026-01-15-10:30:09.326.949 [error_message_manage.cc:48]712964 FuncErrorReason:rtsStreamSetAttribute execute failed, reason=[invalid value]
[ERROR] ASCENDCL(712964,):2026-01-15-10:30:09.327.145 [stream.cpp:299]712964 aclrtSetStreamAttributeImpl: call rtsStreamSetAttribute failed, runtime result = 107000
[ERROR] RUNTIME(712964,):2026-01-15-10:30:09.692.204 [api_error.cc:1519]712964 MemCopySync:Memory copy sync failed, cnt=416, kind=1.
[ERROR] RUNTIME(712964,):2026-01-15-10:30:09.692.215 [api_c.cc:1197]712964 rtMemcpy:ErrCode=107030, desc=[the current capture mode does not support this operation], InnerCode=0x703001c
[ERROR] RUNTIME(712964,):2026-01-15-10:30:09.692.218 [error_message_manage.cc:53]712964 FuncErrorReason:report error module_type=3, module_name=EE8888
[ERROR] RUNTIME(712964,):2026-01-15-10:30:09.692.221 [error_message_manage.cc:53]712964 FuncErrorReason:rtMemcpy execute failed, reason=[the current capture mode does not support this operation]
[ERROR] ASCENDCL(712964,):2026-01-15-10:30:09.692.502 [memory.cpp:437]712964 aclrtMemcpyImpl: synchronized memcpy failed, kind = 1, runtime result = 107030
[ERROR] RUNTIME(712964,):2026-01-15-10:30:09.693.512 [api_error.cc:1519]712964 MemCopySync:Memory copy sync failed, cnt=72, kind=1.
[ERROR] RUNTIME(712964,):2026-01-15-10:30:09.693.520 [api_c.cc:1197]712964 rtMemcpy:ErrCode=107030, desc=[the current capture mode does not support this operation], InnerCode=0x703001c
[ERROR] RUNTIME(712964,):2026-01-15-10:30:09.693.523 [error_message_manage.cc:53]712964 FuncErrorReason:report error module_type=3, module_name=EE8888
[ERROR] RUNTIME(712964,):2026-01-15-10:30:09.693.525 [error_message_manage.cc:53]712964 FuncErrorReason:rtMemcpy execute failed, reason=[the current capture mode does not support this operation]
[ERROR] ASCENDCL(712964,):2026-01-15-10:30:09.693.674 [memory.cpp:437]712964 aclrtMemcpyImpl: synchronized memcpy failed, kind = 1, runtime result = 107030
[ERROR] RUNTIME(712964,):2026-01-15-10:30:09.699.267 [api_error.cc:1519]712964 MemCopySync:Memory copy sync failed, cnt=416, kind=1.
[ERROR] RUNTIME(712964,):2026-01-15-10:30:09.699.275 [api_c.cc:1197]712964 rtMemcpy:ErrCode=107030, desc=[the current capture mode does not support this operation], InnerCode=0x703001c
[ERROR] RUNTIME(712964,):2026-01-15-10:30:09.699.278 [error_message_manage.cc:53]712964 FuncErrorReason:report error module_type=3, module_name=EE8888
[ERROR] RUNTIME(712964,):2026-01-15-10:30:09.699.281 [error_message_manage.cc:53]712964 FuncErrorReason:rtMemcpy execute failed, reason=[the current capture mode does not support this operation]
[ERROR] ASCENDCL(712964,):2026-01-15-10:30:09.699.462 [memory.cpp:437]712964 aclrtMemcpyImpl: synchronized memcpy failed, kind = 1, runtime result = 107030
[ERROR] RUNTIME(712964,):2026-01-15-10:30:10.008.914 [api_error.cc:1519]712964 MemCopySync:Memory copy sync failed, cnt=72, kind=1.
[ERROR] RUNTIME(712964,):2026-01-15-10:30:10.008.924 [api_c.cc:1197]712964 rtMemcpy:ErrCode=107030, desc=[the current capture mode does not support this operation], InnerCode=0x703001c
[ERROR] RUNTIME(712964,):2026-01-15-10:30:10.008.927 [error_message_manage.cc:53]712964 FuncErrorReason:report error module_type=3, module_name=EE8888
[ERROR] RUNTIME(712964,):2026-01-15-10:30:10.008.930 [error_message_manage.cc:53]712964 FuncErrorReason:rtMemcpy execute failed, reason=[the current capture mode does not support this operation]
[ERROR] ASCENDCL(712964,):2026-01-15-10:30:10.009.255 [memory.cpp:437]712964 aclrtMemcpyImpl: synchronized memcpy failed, kind = 1, runtime result = 107030
[ERROR] RUNTIME(712964,):2026-01-15-10:30:10.262.630 [api_c_stream.cc:412]712964 rtsStreamSetAttribute:report error module_name=EE1001
[ERROR] RUNTIME(712964,):2026-01-15-10:30:10.262.637 [api_c_stream.cc:412]712964 rtsStreamSetAttribute:Invalid stream attribute ID: 4, Supported stream attribute IDs: [1, 4).
[ERROR] RUNTIME(712964,):2026-01-15-10:30:10.262.691 [api_c_stream.cc:416]712964 rtsStreamSetAttribute:ErrCode=107000, desc=[invalid value], InnerCode=0x7110001
[ERROR] RUNTIME(712964,):2026-01-15-10:30:10.262.694 [error_message_manage.cc:48]712964 FuncErrorReason:report error module_name=EE1001
[ERROR] RUNTIME(712964,):2026-01-15-10:30:10.262.697 [error_message_manage.cc:48]712964 FuncErrorReason:rtsStreamSetAttribute execute failed, reason=[invalid value]
[ERROR] ASCENDCL(712964,):2026-01-15-10:30:10.263.000 [stream.cpp:299]712964 aclrtSetStreamAttributeImpl: call rtsStreamSetAttribute failed, runtime result = 107000
[ERROR] RUNTIME(712964,):2026-01-15-10:30:10.338.600 [api_c_stream.cc:412]712964 rtsStreamSetAttribute:report error module_name=EE1001
[ERROR] RUNTIME(712964,):2026-01-15-10:30:10.338.607 [api_c_stream.cc:412]712964 rtsStreamSetAttribute:Invalid stream attribute ID: 4, Supported stream attribute IDs: [1, 4).
[ERROR] RUNTIME(712964,):2026-01-15-10:30:10.338.638 [api_c_stream.cc:416]712964 rtsStreamSetAttribute:ErrCode=107000, desc=[invalid value], InnerCode=0x7110001
[ERROR] RUNTIME(712964,):2026-01-15-10:30:10.338.641 [error_message_manage.cc:48]712964 FuncErrorReason:report error module_name=EE1001
[ERROR] RUNTIME(712964,):2026-01-15-10:30:10.338.644 [error_message_manage.cc:48]712964 FuncErrorReason:rtsStreamSetAttribute execute failed, reason=[invalid value]
[ERROR] ASCENDCL(712964,):2026-01-15-10:30:10.338.846 [stream.cpp:299]712964 aclrtSetStreamAttributeImpl: call rtsStreamSetAttribute failed, runtime result = 107000
[ERROR] RUNTIME(712964,):2026-01-15-10:30:10.693.552 [api_error.cc:1519]712964 MemCopySync:Memory copy sync failed, cnt=416, kind=1.
[ERROR] RUNTIME(712964,):2026-01-15-10:30:10.693.563 [api_c.cc:1197]712964 rtMemcpy:ErrCode=107030, desc=[the current capture mode does not support this operation], InnerCode=0x703001c
[ERROR] RUNTIME(712964,):2026-01-15-10:30:10.693.566 [error_message_manage.cc:53]712964 FuncErrorReason:report error module_type=3, module_name=EE8888
[ERROR] RUNTIME(712964,):2026-01-15-10:30:10.693.569 [error_message_manage.cc:53]712964 FuncErrorReason:rtMemcpy execute failed, reason=[the current capture mode does not support this operation]
[ERROR] ASCENDCL(712964,):2026-01-15-10:30:10.693.857 [memory.cpp:437]712964 aclrtMemcpyImpl: synchronized memcpy failed, kind = 1, runtime result = 107030
[ERROR] RUNTIME(712964,):2026-01-15-10:30:10.694.863 [api_error.cc:1519]712964 MemCopySync:Memory copy sync failed, cnt=72, kind=1.
[ERROR] RUNTIME(712964,):2026-01-15-10:30:10.694.871 [api_c.cc:1197]712964 rtMemcpy:ErrCode=107030, desc=[the current capture mode does not support this operation], InnerCode=0x703001c
[ERROR] RUNTIME(712964,):2026-01-15-10:30:10.694.874 [error_message_manage.cc:53]712964 FuncErrorReason:report error module_type=3, module_name=EE8888
[ERROR] RUNTIME(712964,):2026-01-15-10:30:10.694.876 [error_message_manage.cc:53]712964 FuncErrorReason:rtMemcpy execute failed, reason=[the current capture mode does not support this operation]
[ERROR] ASCENDCL(712964,):2026-01-15-10:30:10.695.072 [memory.cpp:437]712964 aclrtMemcpyImpl: synchronized memcpy failed, kind = 1, runtime result = 107030
[ERROR] RUNTIME(712964,):2026-01-15-10:30:10.700.886 [api_error.cc:1519]712964 MemCopySync:Memory copy sync failed, cnt=416, kind=1.
[ERROR] RUNTIME(712964,):2026-01-15-10:30:10.700.895 [api_c.cc:1197]712964 rtMemcpy:ErrCode=107030, desc=[the current capture mode does not support this operation], InnerCode=0x703001c
[ERROR] RUNTIME(712964,):2026-01-15-10:30:10.700.898 [error_message_manage.cc:53]712964 FuncErrorReason:report error module_type=3, module_name=EE8888
[ERROR] RUNTIME(712964,):2026-01-15-10:30:10.700.901 [error_message_manage.cc:53]712964 FuncErrorReason:rtMemcpy execute failed, reason=[the current capture mode does not support this operation]
[ERROR] ASCENDCL(712964,):2026-01-15-10:30:10.701.042 [memory.cpp:437]712964 aclrtMemcpyImpl: synchronized memcpy failed, kind = 1, runtime result = 107030
[ERROR] RUNTIME(712964,):2026-01-15-10:30:10.994.121 [api_error.cc:1519]712964 MemCopySync:Memory copy sync failed, cnt=72, kind=1.
[ERROR] RUNTIME(712964,):2026-01-15-10:30:10.994.130 [api_c.cc:1197]712964 rtMemcpy:ErrCode=107030, desc=[the current capture mode does not support this operation], InnerCode=0x703001c
[ERROR] RUNTIME(712964,):2026-01-15-10:30:10.994.133 [error_message_manage.cc:53]712964 FuncErrorReason:report error module_type=3, module_name=EE8888
[ERROR] RUNTIME(712964,):2026-01-15-10:30:10.994.136 [error_message_manage.cc:53]712964 FuncErrorReason:rtMemcpy execute failed, reason=[the current capture mode does not support this operation]
[ERROR] ASCENDCL(712964,):2026-01-15-10:30:10.994.464 [memory.cpp:437]712964 aclrtMemcpyImpl: synchronized memcpy failed, kind = 1, runtime result = 107030
[ERROR] RUNTIME(712964,):2026-01-15-10:30:11.190.149 [api_c_stream.cc:412]712964 rtsStreamSetAttribute:report error module_name=EE1001
[ERROR] RUNTIME(712964,):2026-01-15-10:30:11.190.156 [api_c_stream.cc:412]712964 rtsStreamSetAttribute:Invalid stream attribute ID: 4, Supported stream attribute IDs: [1, 4).
[ERROR] RUNTIME(712964,):2026-01-15-10:30:11.190.186 [api_c_stream.cc:416]712964 rtsStreamSetAttribute:ErrCode=107000, desc=[invalid value], InnerCode=0x7110001
[ERROR] RUNTIME(712964,):2026-01-15-10:30:11.190.189 [error_message_manage.cc:48]712964 FuncErrorReason:report error module_name=EE1001
[ERROR] RUNTIME(712964,):2026-01-15-10:30:11.190.192 [error_message_manage.cc:48]712964 FuncErrorReason:rtsStreamSetAttribute execute failed, reason=[invalid value]
[ERROR] ASCENDCL(712964,):2026-01-15-10:30:11.190.486 [stream.cpp:299]712964 aclrtSetStreamAttributeImpl: call rtsStreamSetAttribute failed, runtime result = 107000
[ERROR] RUNTIME(712964,):2026-01-15-10:30:12.571.403 [api_c_stream.cc:412]712964 rtsStreamSetAttribute:report error module_name=EE1001
[ERROR] RUNTIME(712964,):2026-01-15-10:30:12.571.415 [api_c_stream.cc:412]712964 rtsStreamSetAttribute:Invalid stream attribute ID: 4, Supported stream attribute IDs: [1, 4).
[ERROR] RUNTIME(712964,):2026-01-15-10:30:12.571.450 [api_c_stream.cc:416]712964 rtsStreamSetAttribute:ErrCode=107000, desc=[invalid value], InnerCode=0x7110001
[ERROR] RUNTIME(712964,):2026-01-15-10:30:12.571.453 [error_message_manage.cc:48]712964 FuncErrorReason:report error module_name=EE1001
[ERROR] RUNTIME(712964,):2026-01-15-10:30:12.571.456 [error_message_manage.cc:48]712964 FuncErrorReason:rtsStreamSetAttribute execute failed, reason=[invalid value]
[ERROR] ASCENDCL(712964,):2026-01-15-10:30:12.571.728 [stream.cpp:299]712964 aclrtSetStreamAttributeImpl: call rtsStreamSetAttribute failed, runtime result = 107000
[ERROR] RUNTIME(712964,):2026-01-15-10:30:12.699.050 [api_error.cc:1519]712964 MemCopySync:Memory copy sync failed, cnt=416, kind=1.
[ERROR] RUNTIME(712964,):2026-01-15-10:30:12.699.061 [api_c.cc:1197]712964 rtMemcpy:ErrCode=107030, desc=[the current capture mode does not support this operation], InnerCode=0x703001c
[ERROR] RUNTIME(712964,):2026-01-15-10:30:12.699.063 [error_message_manage.cc:53]712964 FuncErrorReason:report error module_type=3, module_name=EE8888
[ERROR] RUNTIME(712964,):2026-01-15-10:30:12.699.066 [error_message_manage.cc:53]712964 FuncErrorReason:rtMemcpy execute failed, reason=[the current capture mode does not support this operation]
[ERROR] ASCENDCL(712964,):2026-01-15-10:30:12.699.329 [memory.cpp:437]712964 aclrtMemcpyImpl: synchronized memcpy failed, kind = 1, runtime result = 107030
[ERROR] RUNTIME(712964,):2026-01-15-10:30:12.702.380 [api_error.cc:1519]712964 MemCopySync:Memory copy sync failed, cnt=72, kind=1.
[ERROR] RUNTIME(712964,):2026-01-15-10:30:12.702.390 [api_c.cc:1197]712964 rtMemcpy:ErrCode=107030, desc=[the current capture mode does not support this operation], InnerCode=0x703001c
[ERROR] RUNTIME(712964,):2026-01-15-10:30:12.702.392 [error_message_manage.cc:53]712964 FuncErrorReason:report error module_type=3, module_name=EE8888
[ERROR] RUNTIME(712964,):2026-01-15-10:30:12.702.395 [error_message_manage.cc:53]712964 FuncErrorReason:rtMemcpy execute failed, reason=[the current capture mode does not support this operation]
[ERROR] ASCENDCL(712964,):2026-01-15-10:30:12.702.547 [memory.cpp:437]712964 aclrtMemcpyImpl: synchronized memcpy failed, kind = 1, runtime result = 107030
[ERROR] RUNTIME(712964,):2026-01-15-10:30:13.007.394 [api_c_stream.cc:412]712964 rtsStreamSetAttribute:report error module_name=EE1001
[ERROR] RUNTIME(712964,):2026-01-15-10:30:13.007.399 [api_c_stream.cc:412]712964 rtsStreamSetAttribute:Invalid stream attribute ID: 4, Supported stream attribute IDs: [1, 4).
[ERROR] RUNTIME(712964,):2026-01-15-10:30:13.007.434 [api_c_stream.cc:416]712964 rtsStreamSetAttribute:ErrCode=107000, desc=[invalid value], InnerCode=0x7110001
[ERROR] RUNTIME(712964,):2026-01-15-10:30:13.007.437 [error_message_manage.cc:48]712964 FuncErrorReason:report error module_name=EE1001
[ERROR] RUNTIME(712964,):2026-01-15-10:30:13.007.440 [error_message_manage.cc:48]712964 FuncErrorReason:rtsStreamSetAttribute execute failed, reason=[invalid value]
[ERROR] ASCENDCL(712964,):2026-01-15-10:30:13.007.719 [stream.cpp:299]712964 aclrtSetStreamAttributeImpl: call rtsStreamSetAttribute failed, runtime result = 107000
[ERROR] RUNTIME(712964,):2026-01-15-10:30:13.086.105 [api_c_stream.cc:412]712964 rtsStreamSetAttribute:report error module_name=EE1001
[ERROR] RUNTIME(712964,):2026-01-15-10:30:13.086.111 [api_c_stream.cc:412]712964 rtsStreamSetAttribute:Invalid stream attribute ID: 4, Supported stream attribute IDs: [1, 4).
[ERROR] RUNTIME(712964,):2026-01-15-10:30:13.086.138 [api_c_stream.cc:416]712964 rtsStreamSetAttribute:ErrCode=107000, desc=[invalid value], InnerCode=0x7110001
[ERROR] RUNTIME(712964,):2026-01-15-10:30:13.086.140 [error_message_manage.cc:48]712964 FuncErrorReason:report error module_name=EE1001
[ERROR] RUNTIME(712964,):2026-01-15-10:30:13.086.143 [error_message_manage.cc:48]712964 FuncErrorReason:rtsStreamSetAttribute execute failed, reason=[invalid value]
[ERROR] ASCENDCL(712964,):2026-01-15-10:30:13.086.374 [stream.cpp:299]712964 aclrtSetStreamAttributeImpl: call rtsStreamSetAttribute failed, runtime result = 107000
[ERROR] RUNTIME(712964,):2026-01-15-10:30:13.691.781 [api_error.cc:1519]712964 MemCopySync:Memory copy sync failed, cnt=416, kind=1.
[ERROR] RUNTIME(712964,):2026-01-15-10:30:13.691.791 [api_c.cc:1197]712964 rtMemcpy:ErrCode=107030, desc=[the current capture mode does not support this operation], InnerCode=0x703001c
[ERROR] RUNTIME(712964,):2026-01-15-10:30:13.691.794 [error_message_manage.cc:53]712964 FuncErrorReason:report error module_type=3, module_name=EE8888
[ERROR] RUNTIME(712964,):2026-01-15-10:30:13.691.797 [error_message_manage.cc:53]712964 FuncErrorReason:rtMemcpy execute failed, reason=[the current capture mode does not support this operation]
[ERROR] ASCENDCL(712964,):2026-01-15-10:30:13.692.093 [memory.cpp:437]712964 aclrtMemcpyImpl: synchronized memcpy failed, kind = 1, runtime result = 107030
[ERROR] RUNTIME(712964,):2026-01-15-10:30:13.693.156 [api_error.cc:1519]712964 MemCopySync:Memory copy sync failed, cnt=72, kind=1.
[ERROR] RUNTIME(712964,):2026-01-15-10:30:13.693.164 [api_c.cc:1197]712964 rtMemcpy:ErrCode=107030, desc=[the current capture mode does not support this operation], InnerCode=0x703001c
[ERROR] RUNTIME(712964,):2026-01-15-10:30:13.693.166 [error_message_manage.cc:53]712964 FuncErrorReason:report error module_type=3, module_name=EE8888
[ERROR] RUNTIME(712964,):2026-01-15-10:30:13.693.169 [error_message_manage.cc:53]712964 FuncErrorReason:rtMemcpy execute failed, reason=[the current capture mode does not support this operation]
[ERROR] ASCENDCL(712964,):2026-01-15-10:30:13.693.334 [memory.cpp:437]712964 aclrtMemcpyImpl: synchronized memcpy failed, kind = 1, runtime result = 107030
[ERROR] RUNTIME(712964,):2026-01-15-10:30:14.003.508 [api_c_stream.cc:412]712964 rtsStreamSetAttribute:report error module_name=EE1001
[ERROR] RUNTIME(712964,):2026-01-15-10:30:14.003.514 [api_c_stream.cc:412]712964 rtsStreamSetAttribute:Invalid stream attribute ID: 4, Supported stream attribute IDs: [1, 4).
[ERROR] RUNTIME(712964,):2026-01-15-10:30:14.003.543 [api_c_stream.cc:416]712964 rtsStreamSetAttribute:ErrCode=107000, desc=[invalid value], InnerCode=0x7110001
[ERROR] RUNTIME(712964,):2026-01-15-10:30:14.003.545 [error_message_manage.cc:48]712964 FuncErrorReason:report error module_name=EE1001
[ERROR] RUNTIME(712964,):2026-01-15-10:30:14.003.548 [error_message_manage.cc:48]712964 FuncErrorReason:rtsStreamSetAttribute execute failed, reason=[invalid value]
[ERROR] ASCENDCL(712964,):2026-01-15-10:30:14.003.838 [stream.cpp:299]712964 aclrtSetStreamAttributeImpl: call rtsStreamSetAttribute failed, runtime result = 107000
[ERROR] RUNTIME(712964,):2026-01-15-10:30:14.083.807 [api_c_stream.cc:412]712964 rtsStreamSetAttribute:report error module_name=EE1001
[ERROR] RUNTIME(712964,):2026-01-15-10:30:14.083.813 [api_c_stream.cc:412]712964 rtsStreamSetAttribute:Invalid stream attribute ID: 4, Supported stream attribute IDs: [1, 4).
[ERROR] RUNTIME(712964,):2026-01-15-10:30:14.083.840 [api_c_stream.cc:416]712964 rtsStreamSetAttribute:ErrCode=107000, desc=[invalid value], InnerCode=0x7110001
[ERROR] RUNTIME(712964,):2026-01-15-10:30:14.083.842 [error_message_manage.cc:48]712964 FuncErrorReason:report error module_name=EE1001
[ERROR] RUNTIME(712964,):2026-01-15-10:30:14.083.845 [error_message_manage.cc:48]712964 FuncErrorReason:rtsStreamSetAttribute execute failed, reason=[invalid value]
[ERROR] ASCENDCL(712964,):2026-01-15-10:30:14.084.046 [stream.cpp:299]712964 aclrtSetStreamAttributeImpl: call rtsStreamSetAttribute failed, runtime result = 107000
[ERROR] RUNTIME(712964,):2026-01-15-10:30:14.699.683 [api_error.cc:1519]712964 MemCopySync:Memory copy sync failed, cnt=416, kind=1.
[ERROR] RUNTIME(712964,):2026-01-15-10:30:14.699.692 [api_c.cc:1197]712964 rtMemcpy:ErrCode=107030, desc=[the current capture mode does not support this operation], InnerCode=0x703001c
[ERROR] RUNTIME(712964,):2026-01-15-10:30:14.699.695 [error_message_manage.cc:53]712964 FuncErrorReason:report error module_type=3, module_name=EE8888
[ERROR] RUNTIME(712964,):2026-01-15-10:30:14.699.698 [error_message_manage.cc:53]712964 FuncErrorReason:rtMemcpy execute failed, reason=[the current capture mode does not support this operation]
[ERROR] ASCENDCL(712964,):2026-01-15-10:30:14.699.957 [memory.cpp:437]712964 aclrtMemcpyImpl: synchronized memcpy failed, kind = 1, runtime result = 107030
[ERROR] RUNTIME(712964,):2026-01-15-10:30:14.701.077 [api_error.cc:1519]712964 MemCopySync:Memory copy sync failed, cnt=72, kind=1.
[ERROR] RUNTIME(712964,):2026-01-15-10:30:14.701.084 [api_c.cc:1197]712964 rtMemcpy:ErrCode=107030, desc=[the current capture mode does not support this operation], InnerCode=0x703001c
[ERROR] RUNTIME(712964,):2026-01-15-10:30:14.701.087 [error_message_manage.cc:53]712964 FuncErrorReason:report error module_type=3, module_name=EE8888
[ERROR] RUNTIME(712964,):2026-01-15-10:30:14.701.090 [error_message_manage.cc:53]712964 FuncErrorReason:rtMemcpy execute failed, reason=[the current capture mode does not support this operation]
[ERROR] ASCENDCL(712964,):2026-01-15-10:30:14.701.286 [memory.cpp:437]712964 aclrtMemcpyImpl: synchronized memcpy failed, kind = 1, runtime result = 107030
[ERROR] RUNTIME(712964,):2026-01-15-10:30:15.013.710 [api_c_stream.cc:412]712964 rtsStreamSetAttribute:report error module_name=EE1001
[ERROR] RUNTIME(712964,):2026-01-15-10:30:15.013.716 [api_c_stream.cc:412]712964 rtsStreamSetAttribute:Invalid stream attribute ID: 4, Supported stream attribute IDs: [1, 4).
[ERROR] RUNTIME(712964,):2026-01-15-10:30:15.013.745 [api_c_stream.cc:416]712964 rtsStreamSetAttribute:ErrCode=107000, desc=[invalid value], InnerCode=0x7110001
[ERROR] RUNTIME(712964,):2026-01-15-10:30:15.013.747 [error_message_manage.cc:48]712964 FuncErrorReason:report error module_name=EE1001
[ERROR] RUNTIME(712964,):2026-01-15-10:30:15.013.750 [error_message_manage.cc:48]712964 FuncErrorReason:rtsStreamSetAttribute execute failed, reason=[invalid value]
[ERROR] ASCENDCL(712964,):2026-01-15-10:30:15.014.078 [stream.cpp:299]712964 aclrtSetStreamAttributeImpl: call rtsStreamSetAttribute failed, runtime result = 107000
[ERROR] RUNTIME(712964,):2026-01-15-10:30:15.090.154 [api_c_stream.cc:412]712964 rtsStreamSetAttribute:report error module_name=EE1001
[ERROR] RUNTIME(712964,):2026-01-15-10:30:15.090.160 [api_c_stream.cc:412]712964 rtsStreamSetAttribute:Invalid stream attribute ID: 4, Supported stream attribute IDs: [1, 4).
[ERROR] RUNTIME(712964,):2026-01-15-10:30:15.090.187 [api_c_stream.cc:416]712964 rtsStreamSetAttribute:ErrCode=107000, desc=[invalid value], InnerCode=0x7110001
[ERROR] RUNTIME(712964,):2026-01-15-10:30:15.090.190 [error_message_manage.cc:48]712964 FuncErrorReason:report error module_name=EE1001
[ERROR] RUNTIME(712964,):2026-01-15-10:30:15.090.193 [error_message_manage.cc:48]712964 FuncErrorReason:rtsStreamSetAttribute execute failed, reason=[invalid value]
[ERROR] ASCENDCL(712964,):2026-01-15-10:30:15.090.401 [stream.cpp:299]712964 aclrtSetStreamAttributeImpl: call rtsStreamSetAttribute failed, runtime result = 107000
[ERROR] RUNTIME(712964,):2026-01-15-10:30:15.696.094 [api_error.cc:1519]712964 MemCopySync:Memory copy sync failed, cnt=416, kind=1.
[ERROR] RUNTIME(712964,):2026-01-15-10:30:15.696.103 [api_c.cc:1197]712964 rtMemcpy:ErrCode=107030, desc=[the current capture mode does not support this operation], InnerCode=0x703001c
[ERROR] RUNTIME(712964,):2026-01-15-10:30:15.696.106 [error_message_manage.cc:53]712964 FuncErrorReason:report error module_type=3, module_name=EE8888
[ERROR] RUNTIME(712964,):2026-01-15-10:30:15.696.109 [error_message_manage.cc:53]712964 FuncErrorReason:rtMemcpy execute failed, reason=[the current capture mode does not support this operation]
[ERROR] ASCENDCL(712964,):2026-01-15-10:30:15.696.448 [memory.cpp:437]712964 aclrtMemcpyImpl: synchronized memcpy failed, kind = 1, runtime result = 107030
[ERROR] RUNTIME(712964,):2026-01-15-10:30:15.697.568 [api_error.cc:1519]712964 MemCopySync:Memory copy sync failed, cnt=72, kind=1.
[ERROR] RUNTIME(712964,):2026-01-15-10:30:15.697.576 [api_c.cc:1197]712964 rtMemcpy:ErrCode=107030, desc=[the current capture mode does not support this operation], InnerCode=0x703001c
[ERROR] RUNTIME(712964,):2026-01-15-10:30:15.697.579 [error_message_manage.cc:53]712964 FuncErrorReason:report error module_type=3, module_name=EE8888
[ERROR] RUNTIME(712964,):2026-01-15-10:30:15.697.581 [error_message_manage.cc:53]712964 FuncErrorReason:rtMemcpy execute failed, reason=[the current capture mode does not support this operation]
[ERROR] ASCENDCL(712964,):2026-01-15-10:30:15.697.744 [memory.cpp:437]712964 aclrtMemcpyImpl: synchronized memcpy failed, kind = 1, runtime result = 107030
[ERROR] RUNTIME(712964,):2026-01-15-10:30:15.997.299 [api_c_stream.cc:412]712964 rtsStreamSetAttribute:report error module_name=EE1001
[ERROR] RUNTIME(712964,):2026-01-15-10:30:15.997.305 [api_c_stream.cc:412]712964 rtsStreamSetAttribute:Invalid stream attribute ID: 4, Supported stream attribute IDs: [1, 4).
[ERROR] RUNTIME(712964,):2026-01-15-10:30:15.997.333 [api_c_stream.cc:416]712964 rtsStreamSetAttribute:ErrCode=107000, desc=[invalid value], InnerCode=0x7110001
[ERROR] RUNTIME(712964,):2026-01-15-10:30:15.997.336 [error_message_manage.cc:48]712964 FuncErrorReason:report error module_name=EE1001
[ERROR] RUNTIME(712964,):2026-01-15-10:30:15.997.339 [error_message_manage.cc:48]712964 FuncErrorReason:rtsStreamSetAttribute execute failed, reason=[invalid value]
[ERROR] ASCENDCL(712964,):2026-01-15-10:30:15.997.656 [stream.cpp:299]712964 aclrtSetStreamAttributeImpl: call rtsStreamSetAttribute failed, runtime result = 107000
[ERROR] RUNTIME(712964,):2026-01-15-10:30:16.076.746 [api_c_stream.cc:412]712964 rtsStreamSetAttribute:report error module_name=EE1001
[ERROR] RUNTIME(712964,):2026-01-15-10:30:16.076.751 [api_c_stream.cc:412]712964 rtsStreamSetAttribute:Invalid stream attribute ID: 4, Supported stream attribute IDs: [1, 4).
[ERROR] RUNTIME(712964,):2026-01-15-10:30:16.076.780 [api_c_stream.cc:416]712964 rtsStreamSetAttribute:ErrCode=107000, desc=[invalid value], InnerCode=0x7110001
[ERROR] RUNTIME(712964,):2026-01-15-10:30:16.076.783 [error_message_manage.cc:48]712964 FuncErrorReason:report error module_name=EE1001
[ERROR] RUNTIME(712964,):2026-01-15-10:30:16.076.785 [error_message_manage.cc:48]712964 FuncErrorReason:rtsStreamSetAttribute execute failed, reason=[invalid value]
[ERROR] ASCENDCL(712964,):2026-01-15-10:30:16.077.033 [stream.cpp:299]712964 aclrtSetStreamAttributeImpl: call rtsStreamSetAttribute failed, runtime result = 107000
[ERROR] RUNTIME(712964,):2026-01-15-10:30:16.692.665 [api_error.cc:1519]712964 MemCopySync:Memory copy sync failed, cnt=416, kind=1.
[ERROR] RUNTIME(712964,):2026-01-15-10:30:16.692.675 [api_c.cc:1197]712964 rtMemcpy:ErrCode=107030, desc=[the current capture mode does not support this operation], InnerCode=0x703001c
[ERROR] RUNTIME(712964,):2026-01-15-10:30:16.692.678 [error_message_manage.cc:53]712964 FuncErrorReason:report error module_type=3, module_name=EE8888
[ERROR] RUNTIME(712964,):2026-01-15-10:30:16.692.681 [error_message_manage.cc:53]712964 FuncErrorReason:rtMemcpy execute failed, reason=[the current capture mode does not support this operation]
[ERROR] ASCENDCL(712964,):2026-01-15-10:30:16.692.950 [memory.cpp:437]712964 aclrtMemcpyImpl: synchronized memcpy failed, kind = 1, runtime result = 107030
[ERROR] RUNTIME(712964,):2026-01-15-10:30:16.694.049 [api_error.cc:1519]712964 MemCopySync:Memory copy sync failed, cnt=72, kind=1.
[ERROR] RUNTIME(712964,):2026-01-15-10:30:16.694.057 [api_c.cc:1197]712964 rtMemcpy:ErrCode=107030, desc=[the current capture mode does not support this operation], InnerCode=0x703001c
[ERROR] RUNTIME(712964,):2026-01-15-10:30:16.694.059 [error_message_manage.cc:53]712964 FuncErrorReason:report error module_type=3, module_name=EE8888
[ERROR] RUNTIME(712964,):2026-01-15-10:30:16.694.062 [error_message_manage.cc:53]712964 FuncErrorReason:rtMemcpy execute failed, reason=[the current capture mode does not support this operation]
[ERROR] ASCENDCL(712964,):2026-01-15-10:30:16.694.199 [memory.cpp:437]712964 aclrtMemcpyImpl: synchronized memcpy failed, kind = 1, runtime result = 107030
[ERROR] RUNTIME(712964,):2026-01-15-10:30:16.971.734 [api_c_stream.cc:412]712964 rtsStreamSetAttribute:report error module_name=EE1001
[ERROR] RUNTIME(712964,):2026-01-15-10:30:16.971.740 [api_c_stream.cc:412]712964 rtsStreamSetAttribute:Invalid stream attribute ID: 4, Supported stream attribute IDs: [1, 4).
[ERROR] RUNTIME(712964,):2026-01-15-10:30:16.971.770 [api_c_stream.cc:416]712964 rtsStreamSetAttribute:ErrCode=107000, desc=[invalid value], InnerCode=0x7110001
[ERROR] RUNTIME(712964,):2026-01-15-10:30:16.971.772 [error_message_manage.cc:48]712964 FuncErrorReason:report error module_name=EE1001
[ERROR] RUNTIME(712964,):2026-01-15-10:30:16.971.775 [error_message_manage.cc:48]712964 FuncErrorReason:rtsStreamSetAttribute execute failed, reason=[invalid value]
[ERROR] ASCENDCL(712964,):2026-01-15-10:30:16.972.067 [stream.cpp:299]712964 aclrtSetStreamAttributeImpl: call rtsStreamSetAttribute failed, runtime result = 107000
[ERROR] RUNTIME(712964,):2026-01-15-10:30:17.051.148 [api_c_stream.cc:412]712964 rtsStreamSetAttribute:report error module_name=EE1001
[ERROR] RUNTIME(712964,):2026-01-15-10:30:17.051.154 [api_c_stream.cc:412]712964 rtsStreamSetAttribute:Invalid stream attribute ID: 4, Supported stream attribute IDs: [1, 4).
[ERROR] RUNTIME(712964,):2026-01-15-10:30:17.051.180 [api_c_stream.cc:416]712964 rtsStreamSetAttribute:ErrCode=107000, desc=[invalid value], InnerCode=0x7110001
[ERROR] RUNTIME(712964,):2026-01-15-10:30:17.051.183 [error_message_manage.cc:48]712964 FuncErrorReason:report error module_name=EE1001
[ERROR] RUNTIME(712964,):2026-01-15-10:30:17.051.186 [error_message_manage.cc:48]712964 FuncErrorReason:rtsStreamSetAttribute execute failed, reason=[invalid value]
[ERROR] ASCENDCL(712964,):2026-01-15-10:30:17.051.449 [stream.cpp:299]712964 aclrtSetStreamAttributeImpl: call rtsStreamSetAttribute failed, runtime result = 107000
[ERROR] RUNTIME(712964,):2026-01-15-10:30:17.697.138 [api_error.cc:1519]712964 MemCopySync:Memory copy sync failed, cnt=416, kind=1.
[ERROR] RUNTIME(712964,):2026-01-15-10:30:17.697.147 [api_c.cc:1197]712964 rtMemcpy:ErrCode=107030, desc=[the current capture mode does not support this operation], InnerCode=0x703001c
[ERROR] RUNTIME(712964,):2026-01-15-10:30:17.697.150 [error_message_manage.cc:53]712964 FuncErrorReason:report error module_type=3, module_name=EE8888
[ERROR] RUNTIME(712964,):2026-01-15-10:30:17.697.153 [error_message_manage.cc:53]712964 FuncErrorReason:rtMemcpy execute failed, reason=[the current capture mode does not support this operation]
[ERROR] ASCENDCL(712964,):2026-01-15-10:30:17.697.468 [memory.cpp:437]712964 aclrtMemcpyImpl: synchronized memcpy failed, kind = 1, runtime result = 107030
[ERROR] RUNTIME(712964,):2026-01-15-10:30:17.698.519 [api_error.cc:1519]712964 MemCopySync:Memory copy sync failed, cnt=72, kind=1.
[ERROR] RUNTIME(712964,):2026-01-15-10:30:17.698.527 [api_c.cc:1197]712964 rtMemcpy:ErrCode=107030, desc=[the current capture mode does not support this operation], InnerCode=0x703001c
[ERROR] RUNTIME(712964,):2026-01-15-10:30:17.698.530 [error_message_manage.cc:53]712964 FuncErrorReason:report error module_type=3, module_name=EE8888
[ERROR] RUNTIME(712964,):2026-01-15-10:30:17.698.532 [error_message_manage.cc:53]712964 FuncErrorReason:rtMemcpy execute failed, reason=[the current capture mode does not support this operation]
[ERROR] ASCENDCL(712964,):2026-01-15-10:30:17.698.714 [memory.cpp:437]712964 aclrtMemcpyImpl: synchronized memcpy failed, kind = 1, runtime result = 107030
[ERROR] RUNTIME(712964,):2026-01-15-10:30:17.999.608 [api_c_stream.cc:412]712964 rtsStreamSetAttribute:report error module_name=EE1001
[ERROR] RUNTIME(712964,):2026-01-15-10:30:17.999.614 [api_c_stream.cc:412]712964 rtsStreamSetAttribute:Invalid stream attribute ID: 4, Supported stream attribute IDs: [1, 4).
[ERROR] RUNTIME(712964,):2026-01-15-10:30:17.999.642 [api_c_stream.cc:416]712964 rtsStreamSetAttribute:ErrCode=107000, desc=[invalid value], InnerCode=0x7110001
[ERROR] RUNTIME(712964,):2026-01-15-10:30:17.999.645 [error_message_manage.cc:48]712964 FuncErrorReason:report error module_name=EE1001
[ERROR] RUNTIME(712964,):2026-01-15-10:30:17.999.648 [error_message_manage.cc:48]712964 FuncErrorReason:rtsStreamSetAttribute execute failed, reason=[invalid value]
[ERROR] ASCENDCL(712964,):2026-01-15-10:30:17.999.909 [stream.cpp:299]712964 aclrtSetStreamAttributeImpl: call rtsStreamSetAttribute failed, runtime result = 107000
[ERROR] RUNTIME(712964,):2026-01-15-10:30:35.465.531 [stars_engine.cc:1502]717576 ProcLogicCqReport:Task run failed, device_id=8, stream_id=459, task_id=6138, sqe_type=0(ffts), errType=0x1(task exception), sqSwStatus=0
[ERROR] RUNTIME(712964,):2026-01-15-10:30:35.481.427 [device_error_core_proc.cc:333]717576 ProcessStarsCoreErrorInfo:report error module_type=5, module_name=EZ9999
[ERROR] RUNTIME(712964,):2026-01-15-10:30:35.481.436 [device_error_core_proc.cc:333]717576 ProcessStarsCoreErrorInfo:The error from device(chipId:4, dieId:0), serial number is 6, there is an exception of aivec error, core id is 25, error code = 0, dump info: pc start: 0x12c0c3b92470, current: 0x12c0c3b93320, vec error info: 0x11a053ec2, mte error info: 0x1b60082805, ifu error info: 0x212c2505edc40, ccu error info: 0x7e58c32800000000, cube error info: 0, biu error info: 0, aic error mask: 0x6500020bd00028c, para base: 0x12c145be5000.
[ERROR] RUNTIME(712964,):2026-01-15-10:30:35.481.468 [device_error_core_proc.cc:353]717576 ProcessStarsCoreErrorInfo:report error module_type=5, module_name=EZ9999
[ERROR] RUNTIME(712964,):2026-01-15-10:30:35.481.471 [device_error_core_proc.cc:353]717576 ProcessStarsCoreErrorInfo:The extend info: errcode:(0, 0x8000, 0) errorStr: When the D-cache reads and writes data to the UB, the response value returned by the bus is a non-zero value. fixp_error0 info: 0x82805, fixp_error1 info: 0x1b, fsmId:1, tslot:0, thread:0, ctxid:0, blk:20, sublk:0, subErrType:4.
[ERROR] RUNTIME(712964,):2026-01-15-10:30:35.481.481 [device_error_core_proc.cc:369]717576 ProcessStarsCoreErrorInfo:mte error, devId=8, streamId=459, taskId=6138, errorCode=0.
[ERROR] RUNTIME(712964,):2026-01-15-10:30:35.481.487 [stream.cc:3285]717576 EnterFailureAbort:stream_id=459 enter failure abort.
[ERROR] RUNTIME(712964,):2026-01-15-10:30:35.481.492 [davinci_kernel_task.cc:1634]717576 SetStarsResultForDavinciTask:AIV Kernel happen error, retCode=0x31.
[ERROR] RUNTIME(712964,):2026-01-15-10:30:35.500.847 [davinci_kernel_task.cc:1555]717576 PreCheckTaskErr:report error module_type=5, module_name=EZ9999
[ERROR] RUNTIME(712964,):2026-01-15-10:30:35.500.852 [davinci_kernel_task.cc:1555]717576 PreCheckTaskErr:Kernel task happen error, retCode=0x31, [vector core exception].
[ERROR] RUNTIME(712964,):2026-01-15-10:30:35.500.866 [stream.cc:1188]717576 GetError:Stream Synchronize failed, stream_id=459, retCode=0x31, [vector core exception].
[ERROR] RUNTIME(712964,):2026-01-15-10:30:35.500.869 [stream.cc:1191]717576 GetError:report error module_type=5, module_name=EZ9999
[ERROR] RUNTIME(712964,):2026-01-15-10:30:35.500.871 [stream.cc:1191]717576 GetError:AIV Kernel happen error, retCode=0x31.
[ERROR] RUNTIME(712964,):2026-01-15-10:30:35.500.932 [davinci_kernel_task.cc:1397]717576 GetArgsInfo:[AIC_INFO] args(0 to 19) after execute:0x12c141800000, 0, 0x13db0a4d8000, 0x13a70008a200, 0x13db0464c000, 0x13a700089c00, 0x13a700001200, 0x13a700000600, 0, 0, 0, 0, 0, 0, 0, 0, 0, 0, 0, 0x13a700145400,  
[ERROR] RUNTIME(712964,):2026-01-15-10:30:35.500.937 [davinci_kernel_task.cc:1397]717576 GetArgsInfo:[AIC_INFO] args(20 to 39) after execute:0x13db04ad0000, 0x12c145be50c0, 0x12c100011000, 0, 0x200000064, 0x15800000040, 0, 0, 0, 0xc000000000000, 0, 0, 0x1000000, 0, 0x616e5f70756f7267, 0x335f656d, 0, 0, 0, 0,  
[ERROR] RUNTIME(712964,):2026-01-15-10:30:35.500.941 [davinci_kernel_task.cc:1397]717576 GetArgsInfo:[AIC_INFO] args(40 to 59) after execute:0, 0, 0, 0, 0, 0, 0, 0, 0, 0, 0x6c6c416f746c6c41, 0x3a306c6576656c3d, 0x6873656d6c6c7566, 0x3a316c6576656c3b, 0x6573697772696170, 0, 0, 0, 0, 0,  
[ERROR] RUNTIME(712964,):2026-01-15-10:30:35.500.944 [davinci_kernel_task.cc:1397]717576 GetArgsInfo:[AIC_INFO] args(60 to 79) after execute:0, 0, 0, 0, 0, 0, 0x8, 0x1000000, 0, 0, 0, 0, 0, 0, 0, 0, 0, 0, 0, 0,  
[ERROR] RUNTIME(712964,):2026-01-15-10:30:35.500.947 [davinci_kernel_task.cc:1397]717576 GetArgsInfo:[AIC_INFO] args(80 to 99) after execute:0, 0, 0, 0, 0, 0x6353656375646552, 0x656c3d7265747461, 0x6e69723a306c6576, 0x67, 0, 0, 0, 0, 0, 0, 0, 0, 0, 0, 0,  
[ERROR] RUNTIME(712964,):2026-01-15-10:30:35.500.951 [davinci_kernel_task.cc:1397]717576 GetArgsInfo:[AIC_INFO] args(100 to 117) after execute:0, 0x7, 0x100000010, 0x8, 0, 0x10000000000, 0x10, 0, 0x1600000240, 0x1c0000000008, 0x30, 0x2ff00, 0x64000000, 0, 0xa5a5a5a50a0198fe, 0xc8000000b0, 0x6b5f6c636362696c, 0x6f732e6c656e7265,  
[ERROR] RUNTIME(712964,):2026-01-15-10:30:35.500.954 [davinci_kernel_task.cc:1400]717576 GetArgsInfo:tilingKey = 10000, print 6 Times totalLen=(118*8), argsSize=944, blockDim=48
[ERROR] RUNTIME(712964,):2026-01-15-10:30:35.500.961 [davinci_kernel_task.cc:1441]717576 PrintErrorInfoForDavinciTask:[AIC_INFO] after execute:args print end
[ERROR] RUNTIME(712964,):2026-01-15-10:30:35.501.008 [davinci_kernel_task.cc:1471]717576 PrintErrorInfoForDavinciTask:Aicore kernel execute failed, device_id=8, stream_id=459, report_stream_id=459, task_id=6138, flip_num=0, fault kernel_name=MoeDistributeCombineV2_4030d5415709a15a5d3e30ef32635eec_10000, fault kernel info ext=none, program id=75, hash=14554461284017152246.
[ERROR] IDEDD(712964,):2026-01-15-10:30:35.502.529 [dump_args.cpp:1048][tid:717576] [AIC_INFO] args(0 to 20) after execute:0x12c141800000, 0, 0x13db0a4d8000, 0x13a70008a200, 0x13db0464c000, 0x13a700089c00, 0x13a700001200, 0x13a700000600, 0, 0, 0, 0, 0, 0, 0, 0, 0, 0, 0, 0x13a700145400, 
[ERROR] IDEDD(712964,):2026-01-15-10:30:35.502.914 [dump_args.cpp:1048][tid:717576] [AIC_INFO] args(20 to 40) after execute:0x13db04ad0000, 0x12c145be50c0, 0x12c100011000, 0, 0x200000064, 0x15800000040, 0, 0, 0, 0xc000000000000, 0, 0, 0x1000000, 0, 0x616e5f70756f7267, 0x335f656d, 0, 0, 0, 0, 
[ERROR] IDEDD(712964,):2026-01-15-10:30:35.503.053 [dump_args.cpp:1048][tid:717576] [AIC_INFO] args(40 to 60) after execute:0, 0, 0, 0, 0, 0, 0, 0, 0, 0, 0x6c6c416f746c6c41, 0x3a306c6576656c3d, 0x6873656d6c6c7566, 0x3a316c6576656c3b, 0x6573697772696170, 0, 0, 0, 0, 0, 
[ERROR] IDEDD(712964,):2026-01-15-10:30:35.503.184 [dump_args.cpp:1048][tid:717576] [AIC_INFO] args(60 to 80) after execute:0, 0, 0, 0, 0, 0, 0x8, 0x1000000, 0, 0, 0, 0, 0, 0, 0, 0, 0, 0, 0, 0, 
[ERROR] IDEDD(712964,):2026-01-15-10:30:35.503.312 [dump_args.cpp:1048][tid:717576] [AIC_INFO] args(80 to 100) after execute:0, 0, 0, 0, 0, 0x6353656375646552, 0x656c3d7265747461, 0x6e69723a306c6576, 0x67, 0, 0, 0, 0, 0, 0, 0, 0, 0, 0, 0, 
[ERROR] IDEDD(712964,):2026-01-15-10:30:35.503.462 [dump_args.cpp:1048][tid:717576] [AIC_INFO] args(100 to 118) after execute:0, 0x7, 0x100000010, 0x8, 0, 0x10000000000, 0x10, 0, 0x1600000240, 0x1c0000000008, 0x30, 0x2ff00, 0x64000000, 0, 0xa5a5a5a50a0198fe, 0xc8000000b0, 0x6b5f6c636362696c, 0x6f732e6c656e7265, 
[ERROR] IDEDD(712964,):2026-01-15-10:30:35.503.578 [dump_args.cpp:897][tid:717576] [AIC_INFO] after execute:args print end
[ERROR] IDEDD(712964,):2026-01-15-10:30:35.503.955 [dump_args.cpp:536][tid:717576] [Dump][Exception] begin to load mc2, index:0
[ERROR] IDEDD(712964,):2026-01-15-10:30:35.504.103 [dump_args.cpp:1048][tid:717576] [Dump][Exception] exception info dump mc2 data, addr:0x12c141800000; size:0 bytes
[ERROR] IDEDD(712964,):2026-01-15-10:30:35.504.253 [dump_args.cpp:545][tid:717576] [Dump][Exception] end to load mc2, index:0
[ERROR] IDEDD(712964,):2026-01-15-10:30:35.504.410 [dump_args.cpp:536][tid:717576] [Dump][Exception] begin to load mc2, index:1
[ERROR] IDEDD(712964,):2026-01-15-10:30:35.504.552 [dump_args.cpp:1048][tid:717576] [Dump][Exception] exception info dump mc2 data, addr:0; size:0 bytes
[ERROR] IDEDD(712964,):2026-01-15-10:30:35.504.687 [dump_args.cpp:545][tid:717576] [Dump][Exception] end to load mc2, index:1
[ERROR] IDEDD(712964,):2026-01-15-10:30:35.504.836 [dump_args.cpp:1048][tid:717576] [Dump][Exception] begin to load normal tensor, index:2
[ERROR] IDEDD(712964,):2026-01-15-10:30:35.504.989 [dump_args.cpp:415][tid:717576] [Dump][Exception] tensor type:2, pointer type:1
[ERROR] IDEDD(712964,):2026-01-15-10:30:35.505.129 [dump_args.cpp:1048][tid:717576] [Dump][Exception] exception info dump args data, addr:0x13db0a4d8000; size:32 bytes
[ERROR] IDEDD(712964,):2026-01-15-10:30:35.505.266 [dump_args.cpp:1048][tid:717576] [Dump][Exception] end to load normal tensor, index:2
[ERROR] IDEDD(712964,):2026-01-15-10:30:35.505.412 [dump_args.cpp:1048][tid:717576] [Dump][Exception] begin to load normal tensor, index:3
[ERROR] IDEDD(712964,):2026-01-15-10:30:35.505.536 [dump_args.cpp:415][tid:717576] [Dump][Exception] tensor type:2, pointer type:1
[ERROR] IDEDD(712964,):2026-01-15-10:30:35.505.649 [dump_args.cpp:1048][tid:717576] [Dump][Exception] exception info dump args data, addr:0x13a70008a200; size:32 bytes
[ERROR] IDEDD(712964,):2026-01-15-10:30:35.505.792 [dump_args.cpp:1048][tid:717576] [Dump][Exception] end to load normal tensor, index:3
[ERROR] IDEDD(712964,):2026-01-15-10:30:35.505.916 [dump_args.cpp:1048][tid:717576] [Dump][Exception] begin to load normal tensor, index:4
[ERROR] IDEDD(712964,):2026-01-15-10:30:35.506.033 [dump_args.cpp:415][tid:717576] [Dump][Exception] tensor type:2, pointer type:1
[ERROR] IDEDD(712964,):2026-01-15-10:30:35.506.152 [dump_args.cpp:1048][tid:717576] [Dump][Exception] exception info dump args data, addr:0x13db0464c000; size:132120576 bytes
[ERROR] IDEDD(712964,):2026-01-15-10:30:35.506.286 [dump_args.cpp:1048][tid:717576] [Dump][Exception] end to load normal tensor, index:4
[ERROR] IDEDD(712964,):2026-01-15-10:30:35.506.435 [dump_args.cpp:1048][tid:717576] [Dump][Exception] begin to load normal tensor, index:5
[ERROR] IDEDD(712964,):2026-01-15-10:30:35.506.570 [dump_args.cpp:415][tid:717576] [Dump][Exception] tensor type:2, pointer type:1
[ERROR] IDEDD(712964,):2026-01-15-10:30:35.506.709 [dump_args.cpp:1048][tid:717576] [Dump][Exception] exception info dump args data, addr:0x13a700089c00; size:704 bytes
[ERROR] IDEDD(712964,):2026-01-15-10:30:35.506.852 [dump_args.cpp:1048][tid:717576] [Dump][Exception] end to load normal tensor, index:5
[ERROR] IDEDD(712964,):2026-01-15-10:30:35.507.008 [dump_args.cpp:1048][tid:717576] [Dump][Exception] begin to load normal tensor, index:6
[ERROR] IDEDD(712964,):2026-01-15-10:30:35.507.154 [dump_args.cpp:415][tid:717576] [Dump][Exception] tensor type:2, pointer type:1
[ERROR] IDEDD(712964,):2026-01-15-10:30:35.507.295 [dump_args.cpp:1048][tid:717576] [Dump][Exception] exception info dump args data, addr:0x13a700001200; size:4718592 bytes
[ERROR] IDEDD(712964,):2026-01-15-10:30:35.507.473 [dump_args.cpp:1048][tid:717576] [Dump][Exception] end to load normal tensor, index:6
[ERROR] IDEDD(712964,):2026-01-15-10:30:35.507.654 [dump_args.cpp:1048][tid:717576] [Dump][Exception] begin to load normal tensor, index:7
[ERROR] IDEDD(712964,):2026-01-15-10:30:35.507.800 [dump_args.cpp:415][tid:717576] [Dump][Exception] tensor type:2, pointer type:1
[ERROR] IDEDD(712964,):2026-01-15-10:30:35.507.949 [dump_args.cpp:1048][tid:717576] [Dump][Exception] exception info dump args data, addr:0x13a700000600; size:1024 bytes
[ERROR] IDEDD(712964,):2026-01-15-10:30:35.508.107 [dump_args.cpp:1048][tid:717576] [Dump][Exception] end to load normal tensor, index:7
[ERROR] IDEDD(712964,):2026-01-15-10:30:35.508.270 [dump_args.cpp:1048][tid:717576] [Dump][Exception] begin to load normal tensor, index:8
[ERROR] IDEDD(712964,):2026-01-15-10:30:35.508.400 [dump_args.cpp:415][tid:717576] [Dump][Exception] tensor type:2, pointer type:1
[ERROR] IDEDD(712964,):2026-01-15-10:30:35.508.548 [dump_args.cpp:1048][tid:717576] [Dump][Exception] exception info dump args data, addr:0; size:704 bytes
[ERROR] IDEDD(712964,):2026-01-15-10:30:35.508.678 [dump_args.cpp:1048][tid:717576] [Dump][Exception] end to load normal tensor, index:8
[ERROR] IDEDD(712964,):2026-01-15-10:30:35.508.828 [dump_args.cpp:1048][tid:717576] [Dump][Exception] begin to load normal tensor, index:9
[ERROR] IDEDD(712964,):2026-01-15-10:30:35.508.987 [dump_args.cpp:415][tid:717576] [Dump][Exception] tensor type:2, pointer type:1
[ERROR] IDEDD(712964,):2026-01-15-10:30:35.509.138 [dump_args.cpp:1048][tid:717576] [Dump][Exception] exception info dump args data, addr:0; size:32 bytes
[ERROR] IDEDD(712964,):2026-01-15-10:30:35.509.294 [dump_args.cpp:1048][tid:717576] [Dump][Exception] end to load normal tensor, index:9
[ERROR] IDEDD(712964,):2026-01-15-10:30:35.509.458 [dump_args.cpp:1048][tid:717576] [Dump][Exception] begin to load normal tensor, index:10
[ERROR] IDEDD(712964,):2026-01-15-10:30:35.509.631 [dump_args.cpp:415][tid:717576] [Dump][Exception] tensor type:2, pointer type:1
[ERROR] IDEDD(712964,):2026-01-15-10:30:35.509.795 [dump_args.cpp:1048][tid:717576] [Dump][Exception] exception info dump args data, addr:0; size:0 bytes
[ERROR] IDEDD(712964,):2026-01-15-10:30:35.509.952 [dump_args.cpp:1048][tid:717576] [Dump][Exception] end to load normal tensor, index:10
[ERROR] IDEDD(712964,):2026-01-15-10:30:35.510.129 [dump_args.cpp:1048][tid:717576] [Dump][Exception] begin to load normal tensor, index:11
[ERROR] IDEDD(712964,):2026-01-15-10:30:35.510.275 [dump_args.cpp:415][tid:717576] [Dump][Exception] tensor type:2, pointer type:1
[ERROR] IDEDD(712964,):2026-01-15-10:30:35.510.432 [dump_args.cpp:1048][tid:717576] [Dump][Exception] exception info dump args data, addr:0; size:0 bytes
[ERROR] IDEDD(712964,):2026-01-15-10:30:35.510.585 [dump_args.cpp:1048][tid:717576] [Dump][Exception] end to load normal tensor, index:11
[ERROR] IDEDD(712964,):2026-01-15-10:30:35.510.750 [dump_args.cpp:1048][tid:717576] [Dump][Exception] begin to load normal tensor, index:12
[ERROR] IDEDD(712964,):2026-01-15-10:30:35.510.894 [dump_args.cpp:415][tid:717576] [Dump][Exception] tensor type:2, pointer type:1
[ERROR] IDEDD(712964,):2026-01-15-10:30:35.511.040 [dump_args.cpp:1048][tid:717576] [Dump][Exception] exception info dump args data, addr:0; size:0 bytes
[ERROR] IDEDD(712964,):2026-01-15-10:30:35.511.197 [dump_args.cpp:1048][tid:717576] [Dump][Exception] end to load normal tensor, index:12
[ERROR] IDEDD(712964,):2026-01-15-10:30:35.511.351 [dump_args.cpp:1048][tid:717576] [Dump][Exception] begin to load normal tensor, index:13
[ERROR] IDEDD(712964,):2026-01-15-10:30:35.511.514 [dump_args.cpp:415][tid:717576] [Dump][Exception] tensor type:2, pointer type:1
[ERROR] IDEDD(712964,):2026-01-15-10:30:35.511.656 [dump_args.cpp:1048][tid:717576] [Dump][Exception] exception info dump args data, addr:0; size:0 bytes
[ERROR] IDEDD(712964,):2026-01-15-10:30:35.511.806 [dump_args.cpp:1048][tid:717576] [Dump][Exception] end to load normal tensor, index:13
[ERROR] IDEDD(712964,):2026-01-15-10:30:35.511.959 [dump_args.cpp:1048][tid:717576] [Dump][Exception] begin to load normal tensor, index:14
[ERROR] IDEDD(712964,):2026-01-15-10:30:35.512.113 [dump_args.cpp:415][tid:717576] [Dump][Exception] tensor type:2, pointer type:1
[ERROR] IDEDD(712964,):2026-01-15-10:30:35.512.273 [dump_args.cpp:1048][tid:717576] [Dump][Exception] exception info dump args data, addr:0; size:0 bytes
[ERROR] IDEDD(712964,):2026-01-15-10:30:35.512.423 [dump_args.cpp:1048][tid:717576] [Dump][Exception] end to load normal tensor, index:14
[ERROR] IDEDD(712964,):2026-01-15-10:30:35.512.571 [dump_args.cpp:1048][tid:717576] [Dump][Exception] begin to load normal tensor, index:15
[ERROR] IDEDD(712964,):2026-01-15-10:30:35.512.715 [dump_args.cpp:415][tid:717576] [Dump][Exception] tensor type:2, pointer type:1
[ERROR] IDEDD(712964,):2026-01-15-10:30:35.512.862 [dump_args.cpp:1048][tid:717576] [Dump][Exception] exception info dump args data, addr:0; size:0 bytes
[ERROR] IDEDD(712964,):2026-01-15-10:30:35.513.011 [dump_args.cpp:1048][tid:717576] [Dump][Exception] end to load normal tensor, index:15
[ERROR] IDEDD(712964,):2026-01-15-10:30:35.513.154 [dump_args.cpp:1048][tid:717576] [Dump][Exception] begin to load normal tensor, index:16
[ERROR] IDEDD(712964,):2026-01-15-10:30:35.513.289 [dump_args.cpp:415][tid:717576] [Dump][Exception] tensor type:2, pointer type:1
[ERROR] IDEDD(712964,):2026-01-15-10:30:35.513.410 [dump_args.cpp:1048][tid:717576] [Dump][Exception] exception info dump args data, addr:0; size:0 bytes
[ERROR] IDEDD(712964,):2026-01-15-10:30:35.513.516 [dump_args.cpp:1048][tid:717576] [Dump][Exception] end to load normal tensor, index:16
[ERROR] IDEDD(712964,):2026-01-15-10:30:35.513.643 [dump_args.cpp:1048][tid:717576] [Dump][Exception] begin to load normal tensor, index:17
[ERROR] IDEDD(712964,):2026-01-15-10:30:35.513.782 [dump_args.cpp:415][tid:717576] [Dump][Exception] tensor type:2, pointer type:1
[ERROR] IDEDD(712964,):2026-01-15-10:30:35.513.923 [dump_args.cpp:1048][tid:717576] [Dump][Exception] exception info dump args data, addr:0; size:0 bytes
[ERROR] IDEDD(712964,):2026-01-15-10:30:35.514.070 [dump_args.cpp:1048][tid:717576] [Dump][Exception] end to load normal tensor, index:17
[ERROR] IDEDD(712964,):2026-01-15-10:30:35.514.220 [dump_args.cpp:1048][tid:717576] [Dump][Exception] begin to load normal tensor, index:18
[ERROR] IDEDD(712964,):2026-01-15-10:30:35.514.373 [dump_args.cpp:415][tid:717576] [Dump][Exception] tensor type:2, pointer type:1
[ERROR] IDEDD(712964,):2026-01-15-10:30:35.514.518 [dump_args.cpp:1048][tid:717576] [Dump][Exception] exception info dump args data, addr:0; size:0 bytes
[ERROR] IDEDD(712964,):2026-01-15-10:30:35.514.672 [dump_args.cpp:1048][tid:717576] [Dump][Exception] end to load normal tensor, index:18
[ERROR] IDEDD(712964,):2026-01-15-10:30:35.514.844 [dump_args.cpp:1048][tid:717576] [Dump][Exception] begin to load normal tensor, index:19
[ERROR] IDEDD(712964,):2026-01-15-10:30:35.515.016 [dump_args.cpp:415][tid:717576] [Dump][Exception] tensor type:3, pointer type:1
[ERROR] IDEDD(712964,):2026-01-15-10:30:35.515.176 [dump_args.cpp:1048][tid:717576] [Dump][Exception] exception info dump args data, addr:0x13a700145400; size:0 bytes
[ERROR] IDEDD(712964,):2026-01-15-10:30:35.515.340 [dump_args.cpp:1048][tid:717576] [Dump][Exception] end to load normal tensor, index:19
[ERROR] IDEDD(712964,):2026-01-15-10:30:35.515.517 [dump_args.cpp:509][tid:717576] [Dump][Exception] begin to load workspace, index:20
[ERROR] IDEDD(712964,):2026-01-15-10:30:35.515.661 [dump_args.cpp:1048][tid:717576] [Dump][Exception] exception info dump args data, addr:0x13db04ad0000; size:0 bytes
[ERROR] IDEDD(712964,):2026-01-15-10:30:35.515.782 [dump_args.cpp:529][tid:717576] [Dump][Exception] end to load workspace, index:20
[ERROR] IDEDD(712964,):2026-01-15-10:30:35.515.905 [dump_args.cpp:581][tid:717576] [Dump][Exception] begin to load tiling data, index:21
[ERROR] IDEDD(712964,):2026-01-15-10:30:35.516.049 [dump_args.cpp:112][tid:717576] The shape data address[0xaaaadfebde98] is over the max address[0xaaaadfebde98].
[ERROR] IDEDD(712964,):2026-01-15-10:30:35.516.190 [dump_args.cpp:1048][tid:717576] [Dump][Exception] exception info dump args data, addr:0x12c145be50c0; size:728 bytes
[ERROR] IDEDD(712964,):2026-01-15-10:30:35.516.322 [dump_args.cpp:595][tid:717576] [Dump][Exception] end to load tiling data, index:21
[ERROR] IDEDD(712964,):2026-01-15-10:30:35.519.389 [dump_file.cpp:165][tid:717576] [Dump][Exception] the address maybe invalid, addr info: 0;704.
[ERROR] IDEDD(712964,):2026-01-15-10:30:35.519.564 [dump_file.cpp:165][tid:717576] [Dump][Exception] the address maybe invalid, addr info: 0;32.
[ERROR] IDEDD(712964,):2026-01-15-10:30:35.521.275 [adump_dsmi.cpp:143][tid:717576] Can't get device nums, ret=0
[ERROR] RUNTIME(712964,):2026-01-15-10:30:35.552.875 [api_impl.cc:2164]717663 EventQueryStatus:context is abort, status=0x715005e.
[ERROR] RUNTIME(712964,):2026-01-15-10:30:35.552.888 [api_c.cc:844]717663 rtEventQueryStatus:ErrCode=507035, desc=[vector core exception], InnerCode=0x715005e
[ERROR] RUNTIME(712964,):2026-01-15-10:30:35.552.891 [error_message_manage.cc:53]717663 FuncErrorReason:report error module_type=3, module_name=EE8888
[ERROR] RUNTIME(712964,):2026-01-15-10:30:35.552.895 [error_message_manage.cc:53]717663 FuncErrorReason:rtEventQueryStatus execute failed, reason=[vector core exception]
[ERROR] ASCENDCL(712964,):2026-01-15-10:30:35.553.118 [event.cpp:150]717663 aclrtQueryEventStatusImpl: [Query][Status]query event recorded status failed, runtime result = 507035
[ERROR] APP(712964,):2026-01-15-10:30:35.558.868 [log_inner.cpp:77]aclAppLog call vsnprintf_s failed
[ERROR] DRV(712964,):2026-01-15-10:30:35.619.337 [devmm_svm.c:451][ascend][curpid:712964,717576][drv][devmm][devmm_copy_ioctl]<errno:22, 8> Ioctl error. (cmd=3243789573; ret=8; dst=0x12c045000000; src=0x13a700001200; size=4718592)
[ERROR] DRV(712964,):2026-01-15-10:30:35.619.347 [devmm_virt_com_heap.c:1613][ascend][curpid:712964,717576][drv][devmm][devmm_print_svm_va_info]<errno:22, 8> Va info. (va=0x13a700001200; start=0x13a700000000; end=0x13a7001fffff; module_name=APP; devid=8)
[ERROR] DRV(712964,):2026-01-15-10:30:35.619.352 [devmm_virt_com_heap.c:1613][ascend][curpid:712964,717576][drv][devmm][devmm_print_svm_va_info]<errno:22, 8> Va info. (va=0x12c045000000; start=0x12c045000000; end=0x12c04547ffff; module_name=IDEDD; devid=0)
[ERROR] RUNTIME(712964,):2026-01-15-10:30:35.619.384 [npu_driver.cc:2977]717576 MemCopySync:[drv api] drvMemcpy failed: destMax=4718592, size=4718592(bytes), kind=2, devId=4294967295, drvRetCode=8!
[ERROR] RUNTIME(712964,):2026-01-15-10:30:35.619.388 [api_error.cc:1519]717576 MemCopySync:Memory copy sync failed, cnt=4718592, kind=2.
[ERROR] RUNTIME(712964,):2026-01-15-10:30:35.619.401 [api_c.cc:1197]717576 rtMemcpy:ErrCode=507899, desc=[driver error:internal error], InnerCode=0x7020010
[ERROR] RUNTIME(712964,):2026-01-15-10:30:35.619.404 [error_message_manage.cc:53]717576 FuncErrorReason:report error module_type=3, module_name=EE8888
[ERROR] RUNTIME(712964,):2026-01-15-10:30:35.619.431 [error_message_manage.cc:53]717576 FuncErrorReason:rtMemcpy execute failed, reason=[driver error:internal error]
[ERROR] RUNTIME(712964,):2026-01-15-10:30:35.703.145 [api_impl.cc:2164]717874 EventQueryStatus:context is abort, status=0x715005e.
[ERROR] RUNTIME(712964,):2026-01-15-10:30:35.706.916 [api_c.cc:844]717874 rtEventQueryStatus:ErrCode=507035, desc=[vector core exception], InnerCode=0x715005e
[ERROR] RUNTIME(712964,):2026-01-15-10:30:35.706.919 [error_message_manage.cc:53]717874 FuncErrorReason:report error module_type=3, module_name=EE8888
[ERROR] IDEDD(712964,):2026-01-15-10:30:35.706.923 [dump_memory.cpp:59][tid:717576] Call rtMemcpy failed, ret: 0x7BFFB
[ERROR] RUNTIME(712964,):2026-01-15-10:30:35.706.933 [error_message_manage.cc:53]717874 FuncErrorReason:rtEventQueryStatus execute failed, reason=[vector core exception]
[ERROR] IDEDD(712964,):2026-01-15-10:30:35.707.160 [dump_file.cpp:506][tid:717576] [Dump][Exception] the address maybe invalid, D2H failed, addr info: 0x13a700001200;4718592.
[ERROR] ASCENDCL(712964,):2026-01-15-10:30:35.707.305 [event.cpp:150]717874 aclrtQueryEventStatusImpl: [Query][Status]query event recorded status failed, runtime result = 507035
[ERROR] APP(712964,):2026-01-15-10:30:35.711.666 [log_inner.cpp:77]aclAppLog call vsnprintf_s failed
[ERROR] IDEDD(712964,):2026-01-15-10:30:36.665.610 [dump_args.cpp:1017][tid:717576] [Dump][Exception] dump exception to file, file: /data/l30079981/origin/pass/deepep/extra-info/data-dump/8/exception_info.459.6138.20260115103035516
[ERROR] RUNTIME(712964,):2026-01-15-10:30:36.668.558 [stars_engine.cc:1372]717576 StarsResumeRtsq:stop scheduling in abort failure mode: stream_id=459, sq_id=76, sq_head=2042, task_id=6138, taskType=66.
[ERROR] RUNTIME(712964,):2026-01-15-10:30:36.668.716 [engine.cc:145]717576 SubmitTask:context is abort, status=0x715005e.
[ERROR] RUNTIME(712964,):2026-01-15-10:30:36.668.719 [context.cc:1164]717576 LaunchKernelSubmit:report error module_type=0, module_name=EE9999
[ERROR] RUNTIME(712964,):2026-01-15-10:30:36.668.722 [context.cc:1164]717576 LaunchKernelSubmit:Failed to submit kernel task, retCode=0x715005e.
[ERROR] RUNTIME(712964,):2026-01-15-10:30:36.668.752 [context.cc:1428]717576 LaunchKernelWithHandle:report error module_type=0, module_name=EE9999
[ERROR] RUNTIME(712964,):2026-01-15-10:30:36.668.754 [context.cc:1428]717576 LaunchKernelWithHandle:kernel launch submit failed.
[ERROR] RUNTIME(712964,):2026-01-15-10:30:36.668.764 [api_error.cc:682]717576 KernelLaunchWithHandle:Launch kernel with hdl failed, dim=12.
[ERROR] RUNTIME(712964,):2026-01-15-10:30:36.668.781 [api_c.cc:371]717576 rtKernelLaunchWithHandleV2:ErrCode=507035, desc=[vector core exception], InnerCode=0x715005e
[ERROR] RUNTIME(712964,):2026-01-15-10:30:36.668.784 [error_message_manage.cc:53]717576 FuncErrorReason:report error module_type=3, module_name=EE8888
[ERROR] RUNTIME(712964,):2026-01-15-10:30:36.668.787 [error_message_manage.cc:53]717576 FuncErrorReason:rtKernelLaunchWithHandleV2 execute failed, reason=[vector core exception]
[ERROR] OP(712964,):2026-01-15-10:30:36.668.981 [rts_arg.cpp:1084][NNOP][RunFromCache][717576] errno[361001] OpName:[aclnnInplaceCopy_37652_SliceAiCore] rtKernelLaunchWithHandleV2 failed: 507035
[ERROR] OP(712964,):2026-01-15-10:30:36.669.010 [op_cache.cpp:1164][NNOP][Run][717576] errno[361001] OpName:[aclnnInplaceCopy_37652_SliceAiCore] OpExecCache run fail.
[ERROR] IDEDD(712964,):2026-01-15-10:30:36.672.918 [kernel_info_collector.cpp:245][tid:831585] [Dump][Exception] dump host kernel to file, file: /data/l30079981/origin/pass/deepep/extra-info/data-dump/8/MoeDistributeCombineV2_4030d5415709a15a5d3e30ef32635eec_10000_host.o
