2026-09-07 11:14:42,728 - root - INFO - Logging to /root/.cache/KVTC/svd-q10000_iter2_2026-09-07-11:14:42.log
2026-09-07 11:14:42,730 - root - INFO - Scanning /root/.cache/KVTC/calibrations/Qwen3-235B-A22B-7d34567f/tp-16-pp-1/config-e4bf2892e3ff71a0/dump for calibration dump directories
2026-09-07 11:14:42,734 - root - INFO - Discovered dump directory /root/.cache/KVTC/calibrations/Qwen3-235B-A22B-7d34567f/tp-16-pp-1/config-e4bf2892e3ff71a0/dump/fineweb with workers: ['tp_0_pp_0', 'tp_1_pp_0', 'tp_2_pp_0', 'tp_3_pp_0', 'tp_4_pp_0', 'tp_5_pp_0', 'tp_6_pp_0', 'tp_7_pp_0', 'tp_8_pp_0', 'tp_9_pp_0', 'tp_10_pp_0', 'tp_11_pp_0', 'tp_12_pp_0', 'tp_13_pp_0', 'tp_14_pp_0', 'tp_15_pp_0']
2026-09-07 11:14:42,736 - root - INFO - Discovered dump directory /root/.cache/KVTC/calibrations/Qwen3-235B-A22B-7d34567f/tp-16-pp-1/config-e4bf2892e3ff71a0/dump/openmath with workers: ['tp_0_pp_0', 'tp_1_pp_0', 'tp_2_pp_0', 'tp_3_pp_0', 'tp_4_pp_0', 'tp_5_pp_0', 'tp_6_pp_0', 'tp_7_pp_0', 'tp_8_pp_0', 'tp_9_pp_0', 'tp_10_pp_0', 'tp_11_pp_0', 'tp_12_pp_0', 'tp_13_pp_0', 'tp_14_pp_0', 'tp_15_pp_0']
2026-09-07 11:14:42,736 - root - INFO - Using 2 dump directories and 16 workers: ['tp_0_pp_0', 'tp_1_pp_0', 'tp_2_pp_0', 'tp_3_pp_0', 'tp_4_pp_0', 'tp_5_pp_0', 'tp_6_pp_0', 'tp_7_pp_0', 'tp_8_pp_0', 'tp_9_pp_0', 'tp_10_pp_0', 'tp_11_pp_0', 'tp_12_pp_0', 'tp_13_pp_0', 'tp_14_pp_0', 'tp_15_pp_0']
2026-09-07 11:14:57,121 - root - INFO - Looking for KV.K tensors at /root/.cache/KVTC/calibrations/Qwen3-235B-A22B-7d34567f/tp-16-pp-1/config-e4bf2892e3ff71a0/dump/fineweb/tp_0_pp_0
2026-09-07 11:14:57,258 - root - INFO - Ignoring too short sequence KV.K. min_len=1000, ignored len=872
2026-09-07 11:14:57,261 - root - INFO - Ignoring too short sequence KV.K. min_len=1000, ignored len=13
2026-09-07 11:14:57,315 - root - INFO - Ignoring too short sequence KV.K. min_len=1000, ignored len=995
2026-09-07 11:14:57,320 - root - INFO - Ignoring too short sequence KV.K. min_len=1000, ignored len=941
2026-09-07 11:14:57,489 - root - INFO - Ignoring too short sequence KV.K. min_len=1000, ignored len=807
2026-09-07 11:14:57,500 - root - INFO - Ignoring too short sequence KV.K. min_len=1000, ignored len=898
2026-09-07 11:14:57,581 - root - INFO - Ignoring too short sequence KV.K. min_len=1000, ignored len=923
2026-09-07 11:14:57,605 - root - INFO - Ignoring too short sequence KV.K. min_len=1000, ignored len=689
2026-09-07 11:14:57,615 - root - INFO - Ignoring too short sequence KV.K. min_len=1000, ignored len=965
2026-09-07 11:14:57,871 - root - INFO - Ignoring too short sequence KV.K. min_len=1000, ignored len=920
2026-09-07 11:14:57,902 - root - INFO - Ignoring too short sequence KV.K. min_len=1000, ignored len=409
2026-09-07 11:14:57,929 - root - INFO - Ignoring too short sequence KV.K. min_len=1000, ignored len=663
2026-09-07 11:14:57,987 - root - INFO - Ignoring too short sequence KV.K. min_len=1000, ignored len=695
2026-09-07 11:14:58,080 - root - INFO - Ignoring too short sequence KV.K. min_len=1000, ignored len=848
2026-09-07 11:15:10,715 - root - INFO - Looking for KV.V tensors at /root/.cache/KVTC/calibrations/Qwen3-235B-A22B-7d34567f/tp-16-pp-1/config-e4bf2892e3ff71a0/dump/fineweb/tp_0_pp_0
2026-09-07 11:15:10,743 - root - INFO - Ignoring too short sequence KV.V. min_len=1000, ignored len=409
2026-09-07 11:15:10,789 - root - INFO - Ignoring too short sequence KV.V. min_len=1000, ignored len=807
2026-09-07 11:15:10,803 - root - INFO - Ignoring too short sequence KV.V. min_len=1000, ignored len=848
2026-09-07 11:15:10,966 - root - INFO - Ignoring too short sequence KV.V. min_len=1000, ignored len=995
2026-09-07 11:15:11,075 - root - INFO - Ignoring too short sequence KV.V. min_len=1000, ignored len=941
2026-09-07 11:15:11,106 - root - INFO - Ignoring too short sequence KV.V. min_len=1000, ignored len=920
2026-09-07 11:15:11,111 - root - INFO - Ignoring too short sequence KV.V. min_len=1000, ignored len=663
2026-09-07 11:15:11,130 - root - INFO - Ignoring too short sequence KV.V. min_len=1000, ignored len=872
2026-09-07 11:15:11,205 - root - INFO - Ignoring too short sequence KV.V. min_len=1000, ignored len=898
2026-09-07 11:15:11,247 - root - INFO - Ignoring too short sequence KV.V. min_len=1000, ignored len=695
2026-09-07 11:15:11,305 - root - INFO - Ignoring too short sequence KV.V. min_len=1000, ignored len=13
2026-09-07 11:15:11,548 - root - INFO - Ignoring too short sequence KV.V. min_len=1000, ignored len=965
2026-09-07 11:15:11,559 - root - INFO - Ignoring too short sequence KV.V. min_len=1000, ignored len=923
2026-09-07 11:15:11,606 - root - INFO - Ignoring too short sequence KV.V. min_len=1000, ignored len=689
2026-09-07 11:15:28,158 - root - INFO - Looking for KV.K tensors at /root/.cache/KVTC/calibrations/Qwen3-235B-A22B-7d34567f/tp-16-pp-1/config-e4bf2892e3ff71a0/dump/openmath/tp_0_pp_0
2026-09-07 11:15:28,172 - root - INFO - Ignoring too short sequence KV.K. min_len=1000, ignored len=829
2026-09-07 11:15:29,042 - root - INFO - Ignoring too short sequence KV.K. min_len=1000, ignored len=892
2026-09-07 11:15:29,422 - root - INFO - Ignoring too short sequence KV.K. min_len=1000, ignored len=444
2026-09-07 11:15:29,486 - root - INFO - Ignoring too short sequence KV.K. min_len=1000, ignored len=372
2026-09-07 11:15:29,596 - root - INFO - Ignoring too short sequence KV.K. min_len=1000, ignored len=13
2026-09-07 11:15:45,067 - root - INFO - Looking for KV.V tensors at /root/.cache/KVTC/calibrations/Qwen3-235B-A22B-7d34567f/tp-16-pp-1/config-e4bf2892e3ff71a0/dump/openmath/tp_0_pp_0
2026-09-07 11:15:46,239 - root - INFO - Ignoring too short sequence KV.V. min_len=1000, ignored len=372
2026-09-07 11:15:46,447 - root - INFO - Ignoring too short sequence KV.V. min_len=1000, ignored len=892
2026-09-07 11:15:46,654 - root - INFO - Ignoring too short sequence KV.V. min_len=1000, ignored len=13
2026-09-07 11:15:46,686 - root - INFO - Ignoring too short sequence KV.V. min_len=1000, ignored len=444
2026-09-07 11:15:46,825 - root - INFO - Ignoring too short sequence KV.V. min_len=1000, ignored len=829
2026-09-07 11:16:02,089 - root - INFO - Looking for KV.K tensors at /root/.cache/KVTC/calibrations/Qwen3-235B-A22B-7d34567f/tp-16-pp-1/config-e4bf2892e3ff71a0/dump/fineweb/tp_1_pp_0
2026-09-07 11:16:02,177 - root - INFO - Ignoring too short sequence KV.K. min_len=1000, ignored len=872
2026-09-07 11:16:02,180 - root - INFO - Ignoring too short sequence KV.K. min_len=1000, ignored len=13
2026-09-07 11:16:02,227 - root - INFO - Ignoring too short sequence KV.K. min_len=1000, ignored len=995
2026-09-07 11:16:02,233 - root - INFO - Ignoring too short sequence KV.K. min_len=1000, ignored len=941
2026-09-07 11:16:02,403 - root - INFO - Ignoring too short sequence KV.K. min_len=1000, ignored len=807
2026-09-07 11:16:02,415 - root - INFO - Ignoring too short sequence KV.K. min_len=1000, ignored len=898
2026-09-07 11:16:02,499 - root - INFO - Ignoring too short sequence KV.K. min_len=1000, ignored len=923
2026-09-07 11:16:02,520 - root - INFO - Ignoring too short sequence KV.K. min_len=1000, ignored len=689
2026-09-07 11:16:02,529 - root - INFO - Ignoring too short sequence KV.K. min_len=1000, ignored len=965
2026-09-07 11:16:02,773 - root - INFO - Ignoring too short sequence KV.K. min_len=1000, ignored len=920
2026-09-07 11:16:02,802 - root - INFO - Ignoring too short sequence KV.K. min_len=1000, ignored len=409
2026-09-07 11:16:02,827 - root - INFO - Ignoring too short sequence KV.K. min_len=1000, ignored len=663
2026-09-07 11:16:02,881 - root - INFO - Ignoring too short sequence KV.K. min_len=1000, ignored len=695
2026-09-07 11:16:02,972 - root - INFO - Ignoring too short sequence KV.K. min_len=1000, ignored len=848
2026-09-07 11:16:15,199 - root - INFO - Looking for KV.V tensors at /root/.cache/KVTC/calibrations/Qwen3-235B-A22B-7d34567f/tp-16-pp-1/config-e4bf2892e3ff71a0/dump/fineweb/tp_1_pp_0
2026-09-07 11:16:15,227 - root - INFO - Ignoring too short sequence KV.V. min_len=1000, ignored len=409
2026-09-07 11:16:15,272 - root - INFO - Ignoring too short sequence KV.V. min_len=1000, ignored len=807
2026-09-07 11:16:15,278 - root - INFO - Ignoring too short sequence KV.V. min_len=1000, ignored len=848
2026-09-07 11:16:15,449 - root - INFO - Ignoring too short sequence KV.V. min_len=1000, ignored len=995
2026-09-07 11:16:15,554 - root - INFO - Ignoring too short sequence KV.V. min_len=1000, ignored len=941
2026-09-07 11:16:15,588 - root - INFO - Ignoring too short sequence KV.V. min_len=1000, ignored len=920
2026-09-07 11:16:15,593 - root - INFO - Ignoring too short sequence KV.V. min_len=1000, ignored len=663
2026-09-07 11:16:15,611 - root - INFO - Ignoring too short sequence KV.V. min_len=1000, ignored len=872
2026-09-07 11:16:15,680 - root - INFO - Ignoring too short sequence KV.V. min_len=1000, ignored len=898
2026-09-07 11:16:15,725 - root - INFO - Ignoring too short sequence KV.V. min_len=1000, ignored len=695
2026-09-07 11:16:15,785 - root - INFO - Ignoring too short sequence KV.V. min_len=1000, ignored len=13
2026-09-07 11:16:16,023 - root - INFO - Ignoring too short sequence KV.V. min_len=1000, ignored len=965
2026-09-07 11:16:16,034 - root - INFO - Ignoring too short sequence KV.V. min_len=1000, ignored len=923
2026-09-07 11:16:16,084 - root - INFO - Ignoring too short sequence KV.V. min_len=1000, ignored len=689
2026-09-07 11:16:32,462 - root - INFO - Looking for KV.K tensors at /root/.cache/KVTC/calibrations/Qwen3-235B-A22B-7d34567f/tp-16-pp-1/config-e4bf2892e3ff71a0/dump/openmath/tp_1_pp_0
2026-09-07 11:16:32,475 - root - INFO - Ignoring too short sequence KV.K. min_len=1000, ignored len=829
2026-09-07 11:16:33,332 - root - INFO - Ignoring too short sequence KV.K. min_len=1000, ignored len=892
2026-09-07 11:16:33,711 - root - INFO - Ignoring too short sequence KV.K. min_len=1000, ignored len=444
2026-09-07 11:16:33,769 - root - INFO - Ignoring too short sequence KV.K. min_len=1000, ignored len=372
2026-09-07 11:16:33,887 - root - INFO - Ignoring too short sequence KV.K. min_len=1000, ignored len=13
2026-09-07 11:16:48,667 - root - INFO - Looking for KV.V tensors at /root/.cache/KVTC/calibrations/Qwen3-235B-A22B-7d34567f/tp-16-pp-1/config-e4bf2892e3ff71a0/dump/openmath/tp_1_pp_0
2026-09-07 11:16:49,762 - root - INFO - Ignoring too short sequence KV.V. min_len=1000, ignored len=372
2026-09-07 11:16:49,928 - root - INFO - Ignoring too short sequence KV.V. min_len=1000, ignored len=892
2026-09-07 11:16:50,115 - root - INFO - Ignoring too short sequence KV.V. min_len=1000, ignored len=13
2026-09-07 11:16:50,143 - root - INFO - Ignoring too short sequence KV.V. min_len=1000, ignored len=444
2026-09-07 11:16:50,267 - root - INFO - Ignoring too short sequence KV.V. min_len=1000, ignored len=829
2026-09-07 11:17:04,600 - root - INFO - Looking for KV.K tensors at /root/.cache/KVTC/calibrations/Qwen3-235B-A22B-7d34567f/tp-16-pp-1/config-e4bf2892e3ff71a0/dump/fineweb/tp_2_pp_0
2026-09-07 11:17:04,687 - root - INFO - Ignoring too short sequence KV.K. min_len=1000, ignored len=872
2026-09-07 11:17:04,690 - root - INFO - Ignoring too short sequence KV.K. min_len=1000, ignored len=13
2026-09-07 11:17:04,740 - root - INFO - Ignoring too short sequence KV.K. min_len=1000, ignored len=995
2026-09-07 11:17:04,746 - root - INFO - Ignoring too short sequence KV.K. min_len=1000, ignored len=941
2026-09-07 11:17:04,921 - root - INFO - Ignoring too short sequence KV.K. min_len=1000, ignored len=807
2026-09-07 11:17:04,933 - root - INFO - Ignoring too short sequence KV.K. min_len=1000, ignored len=898
2026-09-07 11:17:05,015 - root - INFO - Ignoring too short sequence KV.K. min_len=1000, ignored len=923
2026-09-07 11:17:05,038 - root - INFO - Ignoring too short sequence KV.K. min_len=1000, ignored len=689
2026-09-07 11:17:05,049 - root - INFO - Ignoring too short sequence KV.K. min_len=1000, ignored len=965
2026-09-07 11:17:05,279 - root - INFO - Ignoring too short sequence KV.K. min_len=1000, ignored len=920
2026-09-07 11:17:05,308 - root - INFO - Ignoring too short sequence KV.K. min_len=1000, ignored len=409
2026-09-07 11:17:05,334 - root - INFO - Ignoring too short sequence KV.K. min_len=1000, ignored len=663
2026-09-07 11:17:05,392 - root - INFO - Ignoring too short sequence KV.K. min_len=1000, ignored len=695
2026-09-07 11:17:05,486 - root - INFO - Ignoring too short sequence KV.K. min_len=1000, ignored len=848
2026-09-07 11:17:17,718 - root - INFO - Looking for KV.V tensors at /root/.cache/KVTC/calibrations/Qwen3-235B-A22B-7d34567f/tp-16-pp-1/config-e4bf2892e3ff71a0/dump/fineweb/tp_2_pp_0
2026-09-07 11:17:17,744 - root - INFO - Ignoring too short sequence KV.V. min_len=1000, ignored len=409
2026-09-07 11:17:17,795 - root - INFO - Ignoring too short sequence KV.V. min_len=1000, ignored len=807
2026-09-07 11:17:17,801 - root - INFO - Ignoring too short sequence KV.V. min_len=1000, ignored len=848
2026-09-07 11:17:17,971 - root - INFO - Ignoring too short sequence KV.V. min_len=1000, ignored len=995
2026-09-07 11:17:18,070 - root - INFO - Ignoring too short sequence KV.V. min_len=1000, ignored len=941
2026-09-07 11:17:18,103 - root - INFO - Ignoring too short sequence KV.V. min_len=1000, ignored len=920
2026-09-07 11:17:18,108 - root - INFO - Ignoring too short sequence KV.V. min_len=1000, ignored len=663
2026-09-07 11:17:18,124 - root - INFO - Ignoring too short sequence KV.V. min_len=1000, ignored len=872
2026-09-07 11:17:18,188 - root - INFO - Ignoring too short sequence KV.V. min_len=1000, ignored len=898
2026-09-07 11:17:18,231 - root - INFO - Ignoring too short sequence KV.V. min_len=1000, ignored len=695
2026-09-07 11:17:18,281 - root - INFO - Ignoring too short sequence KV.V. min_len=1000, ignored len=13
2026-09-07 11:17:18,503 - root - INFO - Ignoring too short sequence KV.V. min_len=1000, ignored len=965
2026-09-07 11:17:18,514 - root - INFO - Ignoring too short sequence KV.V. min_len=1000, ignored len=923
2026-09-07 11:17:18,564 - root - INFO - Ignoring too short sequence KV.V. min_len=1000, ignored len=689
2026-09-07 11:17:34,932 - root - INFO - Looking for KV.K tensors at /root/.cache/KVTC/calibrations/Qwen3-235B-A22B-7d34567f/tp-16-pp-1/config-e4bf2892e3ff71a0/dump/openmath/tp_2_pp_0
2026-09-07 11:17:34,944 - root - INFO - Ignoring too short sequence KV.K. min_len=1000, ignored len=829
2026-09-07 11:17:35,763 - root - INFO - Ignoring too short sequence KV.K. min_len=1000, ignored len=892
2026-09-07 11:17:36,120 - root - INFO - Ignoring too short sequence KV.K. min_len=1000, ignored len=444
2026-09-07 11:17:36,192 - root - INFO - Ignoring too short sequence KV.K. min_len=1000, ignored len=372
2026-09-07 11:17:36,301 - root - INFO - Ignoring too short sequence KV.K. min_len=1000, ignored len=13
2026-09-07 11:17:51,035 - root - INFO - Looking for KV.V tensors at /root/.cache/KVTC/calibrations/Qwen3-235B-A22B-7d34567f/tp-16-pp-1/config-e4bf2892e3ff71a0/dump/openmath/tp_2_pp_0
2026-09-07 11:17:52,074 - root - INFO - Ignoring too short sequence KV.V. min_len=1000, ignored len=372
2026-09-07 11:17:52,242 - root - INFO - Ignoring too short sequence KV.V. min_len=1000, ignored len=892
2026-09-07 11:17:52,423 - root - INFO - Ignoring too short sequence KV.V. min_len=1000, ignored len=13
2026-09-07 11:17:52,448 - root - INFO - Ignoring too short sequence KV.V. min_len=1000, ignored len=444
2026-09-07 11:17:52,574 - root - INFO - Ignoring too short sequence KV.V. min_len=1000, ignored len=829
2026-09-07 11:18:07,056 - root - INFO - Looking for KV.K tensors at /root/.cache/KVTC/calibrations/Qwen3-235B-A22B-7d34567f/tp-16-pp-1/config-e4bf2892e3ff71a0/dump/fineweb/tp_3_pp_0
2026-09-07 11:18:07,140 - root - INFO - Ignoring too short sequence KV.K. min_len=1000, ignored len=872
2026-09-07 11:18:07,143 - root - INFO - Ignoring too short sequence KV.K. min_len=1000, ignored len=13
2026-09-07 11:18:07,190 - root - INFO - Ignoring too short sequence KV.K. min_len=1000, ignored len=995
2026-09-07 11:18:07,195 - root - INFO - Ignoring too short sequence KV.K. min_len=1000, ignored len=941
2026-09-07 11:18:07,347 - root - INFO - Ignoring too short sequence KV.K. min_len=1000, ignored len=807
2026-09-07 11:18:07,359 - root - INFO - Ignoring too short sequence KV.K. min_len=1000, ignored len=898
2026-09-07 11:18:07,439 - root - INFO - Ignoring too short sequence KV.K. min_len=1000, ignored len=923
2026-09-07 11:18:07,460 - root - INFO - Ignoring too short sequence KV.K. min_len=1000, ignored len=689
2026-09-07 11:18:07,472 - root - INFO - Ignoring too short sequence KV.K. min_len=1000, ignored len=965
2026-09-07 11:18:07,713 - root - INFO - Ignoring too short sequence KV.K. min_len=1000, ignored len=920
2026-09-07 11:18:07,744 - root - INFO - Ignoring too short sequence KV.K. min_len=1000, ignored len=409
2026-09-07 11:18:07,768 - root - INFO - Ignoring too short sequence KV.K. min_len=1000, ignored len=663
2026-09-07 11:18:07,820 - root - INFO - Ignoring too short sequence KV.K. min_len=1000, ignored len=695
2026-09-07 11:18:07,907 - root - INFO - Ignoring too short sequence KV.K. min_len=1000, ignored len=848
2026-09-07 11:18:20,197 - root - INFO - Looking for KV.V tensors at /root/.cache/KVTC/calibrations/Qwen3-235B-A22B-7d34567f/tp-16-pp-1/config-e4bf2892e3ff71a0/dump/fineweb/tp_3_pp_0
2026-09-07 11:18:20,223 - root - INFO - Ignoring too short sequence KV.V. min_len=1000, ignored len=409
2026-09-07 11:18:20,271 - root - INFO - Ignoring too short sequence KV.V. min_len=1000, ignored len=807
2026-09-07 11:18:20,275 - root - INFO - Ignoring too short sequence KV.V. min_len=1000, ignored len=848
2026-09-07 11:18:20,446 - root - INFO - Ignoring too short sequence KV.V. min_len=1000, ignored len=995
2026-09-07 11:18:20,546 - root - INFO - Ignoring too short sequence KV.V. min_len=1000, ignored len=941
2026-09-07 11:18:20,575 - root - INFO - Ignoring too short sequence KV.V. min_len=1000, ignored len=920
2026-09-07 11:18:20,579 - root - INFO - Ignoring too short sequence KV.V. min_len=1000, ignored len=663
2026-09-07 11:18:20,598 - root - INFO - Ignoring too short sequence KV.V. min_len=1000, ignored len=872
2026-09-07 11:18:20,675 - root - INFO - Ignoring too short sequence KV.V. min_len=1000, ignored len=898
2026-09-07 11:18:20,717 - root - INFO - Ignoring too short sequence KV.V. min_len=1000, ignored len=695
2026-09-07 11:18:20,782 - root - INFO - Ignoring too short sequence KV.V. min_len=1000, ignored len=13
2026-09-07 11:18:21,020 - root - INFO - Ignoring too short sequence KV.V. min_len=1000, ignored len=965
2026-09-07 11:18:21,032 - root - INFO - Ignoring too short sequence KV.V. min_len=1000, ignored len=923
2026-09-07 11:18:21,079 - root - INFO - Ignoring too short sequence KV.V. min_len=1000, ignored len=689
2026-09-07 11:18:37,474 - root - INFO - Looking for KV.K tensors at /root/.cache/KVTC/calibrations/Qwen3-235B-A22B-7d34567f/tp-16-pp-1/config-e4bf2892e3ff71a0/dump/openmath/tp_3_pp_0
2026-09-07 11:18:37,486 - root - INFO - Ignoring too short sequence KV.K. min_len=1000, ignored len=829
2026-09-07 11:18:38,343 - root - INFO - Ignoring too short sequence KV.K. min_len=1000, ignored len=892
2026-09-07 11:18:38,703 - root - INFO - Ignoring too short sequence KV.K. min_len=1000, ignored len=444
2026-09-07 11:18:38,764 - root - INFO - Ignoring too short sequence KV.K. min_len=1000, ignored len=372
2026-09-07 11:18:38,878 - root - INFO - Ignoring too short sequence KV.K. min_len=1000, ignored len=13
2026-09-07 11:18:53,654 - root - INFO - Looking for KV.V tensors at /root/.cache/KVTC/calibrations/Qwen3-235B-A22B-7d34567f/tp-16-pp-1/config-e4bf2892e3ff71a0/dump/openmath/tp_3_pp_0
2026-09-07 11:18:54,704 - root - INFO - Ignoring too short sequence KV.V. min_len=1000, ignored len=372
2026-09-07 11:18:54,876 - root - INFO - Ignoring too short sequence KV.V. min_len=1000, ignored len=892
2026-09-07 11:18:55,068 - root - INFO - Ignoring too short sequence KV.V. min_len=1000, ignored len=13
2026-09-07 11:18:55,096 - root - INFO - Ignoring too short sequence KV.V. min_len=1000, ignored len=444
2026-09-07 11:18:55,221 - root - INFO - Ignoring too short sequence KV.V. min_len=1000, ignored len=829
2026-09-07 11:19:09,881 - root - INFO - Looking for KV.K tensors at /root/.cache/KVTC/calibrations/Qwen3-235B-A22B-7d34567f/tp-16-pp-1/config-e4bf2892e3ff71a0/dump/fineweb/tp_4_pp_0
2026-09-07 11:19:09,970 - root - INFO - Ignoring too short sequence KV.K. min_len=1000, ignored len=872
2026-09-07 11:19:09,974 - root - INFO - Ignoring too short sequence KV.K. min_len=1000, ignored len=13
2026-09-07 11:19:10,020 - root - INFO - Ignoring too short sequence KV.K. min_len=1000, ignored len=995
2026-09-07 11:19:10,024 - root - INFO - Ignoring too short sequence KV.K. min_len=1000, ignored len=941
2026-09-07 11:19:10,194 - root - INFO - Ignoring too short sequence KV.K. min_len=1000, ignored len=807
2026-09-07 11:19:10,205 - root - INFO - Ignoring too short sequence KV.K. min_len=1000, ignored len=898
2026-09-07 11:19:10,289 - root - INFO - Ignoring too short sequence KV.K. min_len=1000, ignored len=923
2026-09-07 11:19:10,312 - root - INFO - Ignoring too short sequence KV.K. min_len=1000, ignored len=689
2026-09-07 11:19:10,321 - root - INFO - Ignoring too short sequence KV.K. min_len=1000, ignored len=965
2026-09-07 11:19:10,555 - root - INFO - Ignoring too short sequence KV.K. min_len=1000, ignored len=920
2026-09-07 11:19:10,587 - root - INFO - Ignoring too short sequence KV.K. min_len=1000, ignored len=409
2026-09-07 11:19:10,613 - root - INFO - Ignoring too short sequence KV.K. min_len=1000, ignored len=663
2026-09-07 11:19:10,667 - root - INFO - Ignoring too short sequence KV.K. min_len=1000, ignored len=695
2026-09-07 11:19:10,760 - root - INFO - Ignoring too short sequence KV.K. min_len=1000, ignored len=848
2026-09-07 11:19:23,126 - root - INFO - Looking for KV.V tensors at /root/.cache/KVTC/calibrations/Qwen3-235B-A22B-7d34567f/tp-16-pp-1/config-e4bf2892e3ff71a0/dump/fineweb/tp_4_pp_0
2026-09-07 11:19:23,154 - root - INFO - Ignoring too short sequence KV.V. min_len=1000, ignored len=409
2026-09-07 11:19:23,195 - root - INFO - Ignoring too short sequence KV.V. min_len=1000, ignored len=807
2026-09-07 11:19:23,201 - root - INFO - Ignoring too short sequence KV.V. min_len=1000, ignored len=848
2026-09-07 11:19:23,354 - root - INFO - Ignoring too short sequence KV.V. min_len=1000, ignored len=995
2026-09-07 11:19:23,459 - root - INFO - Ignoring too short sequence KV.V. min_len=1000, ignored len=941
2026-09-07 11:19:23,491 - root - INFO - Ignoring too short sequence KV.V. min_len=1000, ignored len=920
2026-09-07 11:19:23,496 - root - INFO - Ignoring too short sequence KV.V. min_len=1000, ignored len=663
2026-09-07 11:19:23,514 - root - INFO - Ignoring too short sequence KV.V. min_len=1000, ignored len=872
2026-09-07 11:19:23,585 - root - INFO - Ignoring too short sequence KV.V. min_len=1000, ignored len=898
2026-09-07 11:19:23,628 - root - INFO - Ignoring too short sequence KV.V. min_len=1000, ignored len=695
2026-09-07 11:19:23,681 - root - INFO - Ignoring too short sequence KV.V. min_len=1000, ignored len=13
2026-09-07 11:19:23,915 - root - INFO - Ignoring too short sequence KV.V. min_len=1000, ignored len=965
2026-09-07 11:19:23,930 - root - INFO - Ignoring too short sequence KV.V. min_len=1000, ignored len=923
2026-09-07 11:19:23,979 - root - INFO - Ignoring too short sequence KV.V. min_len=1000, ignored len=689
2026-09-07 11:19:40,451 - root - INFO - Looking for KV.K tensors at /root/.cache/KVTC/calibrations/Qwen3-235B-A22B-7d34567f/tp-16-pp-1/config-e4bf2892e3ff71a0/dump/openmath/tp_4_pp_0
2026-09-07 11:19:40,464 - root - INFO - Ignoring too short sequence KV.K. min_len=1000, ignored len=829
2026-09-07 11:19:41,285 - root - INFO - Ignoring too short sequence KV.K. min_len=1000, ignored len=892
2026-09-07 11:19:41,659 - root - INFO - Ignoring too short sequence KV.K. min_len=1000, ignored len=444
2026-09-07 11:19:41,715 - root - INFO - Ignoring too short sequence KV.K. min_len=1000, ignored len=372
2026-09-07 11:19:41,831 - root - INFO - Ignoring too short sequence KV.K. min_len=1000, ignored len=13
2026-09-07 11:19:56,586 - root - INFO - Looking for KV.V tensors at /root/.cache/KVTC/calibrations/Qwen3-235B-A22B-7d34567f/tp-16-pp-1/config-e4bf2892e3ff71a0/dump/openmath/tp_4_pp_0
2026-09-07 11:19:57,652 - root - INFO - Ignoring too short sequence KV.V. min_len=1000, ignored len=372
2026-09-07 11:19:57,835 - root - INFO - Ignoring too short sequence KV.V. min_len=1000, ignored len=892
2026-09-07 11:19:58,048 - root - INFO - Ignoring too short sequence KV.V. min_len=1000, ignored len=13
2026-09-07 11:19:58,077 - root - INFO - Ignoring too short sequence KV.V. min_len=1000, ignored len=444
2026-09-07 11:19:58,198 - root - INFO - Ignoring too short sequence KV.V. min_len=1000, ignored len=829
2026-09-07 11:20:12,069 - root - INFO - Looking for KV.K tensors at /root/.cache/KVTC/calibrations/Qwen3-235B-A22B-7d34567f/tp-16-pp-1/config-e4bf2892e3ff71a0/dump/fineweb/tp_5_pp_0
2026-09-07 11:20:12,153 - root - INFO - Ignoring too short sequence KV.K. min_len=1000, ignored len=872
2026-09-07 11:20:12,156 - root - INFO - Ignoring too short sequence KV.K. min_len=1000, ignored len=13
2026-09-07 11:20:12,204 - root - INFO - Ignoring too short sequence KV.K. min_len=1000, ignored len=995
2026-09-07 11:20:12,209 - root - INFO - Ignoring too short sequence KV.K. min_len=1000, ignored len=941
2026-09-07 11:20:12,373 - root - INFO - Ignoring too short sequence KV.K. min_len=1000, ignored len=807
2026-09-07 11:20:12,384 - root - INFO - Ignoring too short sequence KV.K. min_len=1000, ignored len=898
2026-09-07 11:20:12,465 - root - INFO - Ignoring too short sequence KV.K. min_len=1000, ignored len=923
2026-09-07 11:20:12,487 - root - INFO - Ignoring too short sequence KV.K. min_len=1000, ignored len=689
2026-09-07 11:20:12,498 - root - INFO - Ignoring too short sequence KV.K. min_len=1000, ignored len=965
2026-09-07 11:20:12,731 - root - INFO - Ignoring too short sequence KV.K. min_len=1000, ignored len=920
2026-09-07 11:20:12,762 - root - INFO - Ignoring too short sequence KV.K. min_len=1000, ignored len=409
2026-09-07 11:20:12,787 - root - INFO - Ignoring too short sequence KV.K. min_len=1000, ignored len=663
2026-09-07 11:20:12,840 - root - INFO - Ignoring too short sequence KV.K. min_len=1000, ignored len=695
2026-09-07 11:20:12,937 - root - INFO - Ignoring too short sequence KV.K. min_len=1000, ignored len=848
2026-09-07 11:20:25,977 - root - INFO - Looking for KV.V tensors at /root/.cache/KVTC/calibrations/Qwen3-235B-A22B-7d34567f/tp-16-pp-1/config-e4bf2892e3ff71a0/dump/fineweb/tp_5_pp_0
2026-09-07 11:20:26,002 - root - INFO - Ignoring too short sequence KV.V. min_len=1000, ignored len=409
2026-09-07 11:20:26,045 - root - INFO - Ignoring too short sequence KV.V. min_len=1000, ignored len=807
2026-09-07 11:20:26,050 - root - INFO - Ignoring too short sequence KV.V. min_len=1000, ignored len=848
2026-09-07 11:20:26,214 - root - INFO - Ignoring too short sequence KV.V. min_len=1000, ignored len=995
2026-09-07 11:20:26,319 - root - INFO - Ignoring too short sequence KV.V. min_len=1000, ignored len=941
2026-09-07 11:20:26,348 - root - INFO - Ignoring too short sequence KV.V. min_len=1000, ignored len=920
2026-09-07 11:20:26,352 - root - INFO - Ignoring too short sequence KV.V. min_len=1000, ignored len=663
2026-09-07 11:20:26,368 - root - INFO - Ignoring too short sequence KV.V. min_len=1000, ignored len=872
2026-09-07 11:20:26,437 - root - INFO - Ignoring too short sequence KV.V. min_len=1000, ignored len=898
2026-09-07 11:20:26,478 - root - INFO - Ignoring too short sequence KV.V. min_len=1000, ignored len=695
2026-09-07 11:20:26,534 - root - INFO - Ignoring too short sequence KV.V. min_len=1000, ignored len=13
2026-09-07 11:20:26,764 - root - INFO - Ignoring too short sequence KV.V. min_len=1000, ignored len=965
2026-09-07 11:20:26,775 - root - INFO - Ignoring too short sequence KV.V. min_len=1000, ignored len=923
2026-09-07 11:20:26,818 - root - INFO - Ignoring too short sequence KV.V. min_len=1000, ignored len=689
2026-09-07 11:20:43,209 - root - INFO - Looking for KV.K tensors at /root/.cache/KVTC/calibrations/Qwen3-235B-A22B-7d34567f/tp-16-pp-1/config-e4bf2892e3ff71a0/dump/openmath/tp_5_pp_0
2026-09-07 11:20:43,224 - root - INFO - Ignoring too short sequence KV.K. min_len=1000, ignored len=829
2026-09-07 11:20:44,031 - root - INFO - Ignoring too short sequence KV.K. min_len=1000, ignored len=892
2026-09-07 11:20:44,412 - root - INFO - Ignoring too short sequence KV.K. min_len=1000, ignored len=444
2026-09-07 11:20:44,472 - root - INFO - Ignoring too short sequence KV.K. min_len=1000, ignored len=372
2026-09-07 11:20:44,589 - root - INFO - Ignoring too short sequence KV.K. min_len=1000, ignored len=13
2026-09-07 11:20:59,380 - root - INFO - Looking for KV.V tensors at /root/.cache/KVTC/calibrations/Qwen3-235B-A22B-7d34567f/tp-16-pp-1/config-e4bf2892e3ff71a0/dump/openmath/tp_5_pp_0
2026-09-07 11:21:00,454 - root - INFO - Ignoring too short sequence KV.V. min_len=1000, ignored len=372
2026-09-07 11:21:00,629 - root - INFO - Ignoring too short sequence KV.V. min_len=1000, ignored len=892
2026-09-07 11:21:00,825 - root - INFO - Ignoring too short sequence KV.V. min_len=1000, ignored len=13
2026-09-07 11:21:00,857 - root - INFO - Ignoring too short sequence KV.V. min_len=1000, ignored len=444
2026-09-07 11:21:00,988 - root - INFO - Ignoring too short sequence KV.V. min_len=1000, ignored len=829
2026-09-07 11:21:14,839 - root - INFO - Looking for KV.K tensors at /root/.cache/KVTC/calibrations/Qwen3-235B-A22B-7d34567f/tp-16-pp-1/config-e4bf2892e3ff71a0/dump/fineweb/tp_6_pp_0
2026-09-07 11:21:14,927 - root - INFO - Ignoring too short sequence KV.K. min_len=1000, ignored len=872
2026-09-07 11:21:14,930 - root - INFO - Ignoring too short sequence KV.K. min_len=1000, ignored len=13
2026-09-07 11:21:14,982 - root - INFO - Ignoring too short sequence KV.K. min_len=1000, ignored len=995
2026-09-07 11:21:14,986 - root - INFO - Ignoring too short sequence KV.K. min_len=1000, ignored len=941
2026-09-07 11:21:15,162 - root - INFO - Ignoring too short sequence KV.K. min_len=1000, ignored len=807
2026-09-07 11:21:15,173 - root - INFO - Ignoring too short sequence KV.K. min_len=1000, ignored len=898
2026-09-07 11:21:15,254 - root - INFO - Ignoring too short sequence KV.K. min_len=1000, ignored len=923
2026-09-07 11:21:15,287 - root - INFO - Ignoring too short sequence KV.K. min_len=1000, ignored len=689
2026-09-07 11:21:15,298 - root - INFO - Ignoring too short sequence KV.K. min_len=1000, ignored len=965
2026-09-07 11:21:15,547 - root - INFO - Ignoring too short sequence KV.K. min_len=1000, ignored len=920
2026-09-07 11:21:15,576 - root - INFO - Ignoring too short sequence KV.K. min_len=1000, ignored len=409
2026-09-07 11:21:15,599 - root - INFO - Ignoring too short sequence KV.K. min_len=1000, ignored len=663
2026-09-07 11:21:15,652 - root - INFO - Ignoring too short sequence KV.K. min_len=1000, ignored len=695
2026-09-07 11:21:15,744 - root - INFO - Ignoring too short sequence KV.K. min_len=1000, ignored len=848
2026-09-07 11:21:28,037 - root - INFO - Looking for KV.V tensors at /root/.cache/KVTC/calibrations/Qwen3-235B-A22B-7d34567f/tp-16-pp-1/config-e4bf2892e3ff71a0/dump/fineweb/tp_6_pp_0
2026-09-07 11:21:28,063 - root - INFO - Ignoring too short sequence KV.V. min_len=1000, ignored len=409
2026-09-07 11:21:28,110 - root - INFO - Ignoring too short sequence KV.V. min_len=1000, ignored len=807
2026-09-07 11:21:28,115 - root - INFO - Ignoring too short sequence KV.V. min_len=1000, ignored len=848
2026-09-07 11:21:28,275 - root - INFO - Ignoring too short sequence KV.V. min_len=1000, ignored len=995
2026-09-07 11:21:28,381 - root - INFO - Ignoring too short sequence KV.V. min_len=1000, ignored len=941
2026-09-07 11:21:28,409 - root - INFO - Ignoring too short sequence KV.V. min_len=1000, ignored len=920
2026-09-07 11:21:28,414 - root - INFO - Ignoring too short sequence KV.V. min_len=1000, ignored len=663
2026-09-07 11:21:28,433 - root - INFO - Ignoring too short sequence KV.V. min_len=1000, ignored len=872
2026-09-07 11:21:28,503 - root - INFO - Ignoring too short sequence KV.V. min_len=1000, ignored len=898
2026-09-07 11:21:28,550 - root - INFO - Ignoring too short sequence KV.V. min_len=1000, ignored len=695
2026-09-07 11:21:28,605 - root - INFO - Ignoring too short sequence KV.V. min_len=1000, ignored len=13
2026-09-07 11:21:28,824 - root - INFO - Ignoring too short sequence KV.V. min_len=1000, ignored len=965
2026-09-07 11:21:28,833 - root - INFO - Ignoring too short sequence KV.V. min_len=1000, ignored len=923
2026-09-07 11:21:28,880 - root - INFO - Ignoring too short sequence KV.V. min_len=1000, ignored len=689
2026-09-07 11:21:45,305 - root - INFO - Looking for KV.K tensors at /root/.cache/KVTC/calibrations/Qwen3-235B-A22B-7d34567f/tp-16-pp-1/config-e4bf2892e3ff71a0/dump/openmath/tp_6_pp_0
2026-09-07 11:21:45,318 - root - INFO - Ignoring too short sequence KV.K. min_len=1000, ignored len=829
2026-09-07 11:21:46,182 - root - INFO - Ignoring too short sequence KV.K. min_len=1000, ignored len=892
2026-09-07 11:21:46,575 - root - INFO - Ignoring too short sequence KV.K. min_len=1000, ignored len=444
2026-09-07 11:21:46,639 - root - INFO - Ignoring too short sequence KV.K. min_len=1000, ignored len=372
2026-09-07 11:21:46,750 - root - INFO - Ignoring too short sequence KV.K. min_len=1000, ignored len=13
2026-09-07 11:22:02,464 - root - INFO - Looking for KV.V tensors at /root/.cache/KVTC/calibrations/Qwen3-235B-A22B-7d34567f/tp-16-pp-1/config-e4bf2892e3ff71a0/dump/openmath/tp_6_pp_0
2026-09-07 11:22:03,506 - root - INFO - Ignoring too short sequence KV.V. min_len=1000, ignored len=372
2026-09-07 11:22:03,671 - root - INFO - Ignoring too short sequence KV.V. min_len=1000, ignored len=892
2026-09-07 11:22:03,874 - root - INFO - Ignoring too short sequence KV.V. min_len=1000, ignored len=13
2026-09-07 11:22:03,903 - root - INFO - Ignoring too short sequence KV.V. min_len=1000, ignored len=444
2026-09-07 11:22:04,036 - root - INFO - Ignoring too short sequence KV.V. min_len=1000, ignored len=829
2026-09-07 11:22:17,962 - root - INFO - Looking for KV.K tensors at /root/.cache/KVTC/calibrations/Qwen3-235B-A22B-7d34567f/tp-16-pp-1/config-e4bf2892e3ff71a0/dump/fineweb/tp_7_pp_0
2026-09-07 11:22:18,050 - root - INFO - Ignoring too short sequence KV.K. min_len=1000, ignored len=872
2026-09-07 11:22:18,053 - root - INFO - Ignoring too short sequence KV.K. min_len=1000, ignored len=13
2026-09-07 11:22:18,103 - root - INFO - Ignoring too short sequence KV.K. min_len=1000, ignored len=995
2026-09-07 11:22:18,109 - root - INFO - Ignoring too short sequence KV.K. min_len=1000, ignored len=941
2026-09-07 11:22:18,275 - root - INFO - Ignoring too short sequence KV.K. min_len=1000, ignored len=807
2026-09-07 11:22:18,288 - root - INFO - Ignoring too short sequence KV.K. min_len=1000, ignored len=898
2026-09-07 11:22:18,381 - root - INFO - Ignoring too short sequence KV.K. min_len=1000, ignored len=923
2026-09-07 11:22:18,405 - root - INFO - Ignoring too short sequence KV.K. min_len=1000, ignored len=689
2026-09-07 11:22:18,417 - root - INFO - Ignoring too short sequence KV.K. min_len=1000, ignored len=965
2026-09-07 11:22:18,667 - root - INFO - Ignoring too short sequence KV.K. min_len=1000, ignored len=920
2026-09-07 11:22:18,695 - root - INFO - Ignoring too short sequence KV.K. min_len=1000, ignored len=409
2026-09-07 11:22:18,723 - root - INFO - Ignoring too short sequence KV.K. min_len=1000, ignored len=663
2026-09-07 11:22:18,778 - root - INFO - Ignoring too short sequence KV.K. min_len=1000, ignored len=695
2026-09-07 11:22:18,870 - root - INFO - Ignoring too short sequence KV.K. min_len=1000, ignored len=848
2026-09-07 11:22:31,216 - root - INFO - Looking for KV.V tensors at /root/.cache/KVTC/calibrations/Qwen3-235B-A22B-7d34567f/tp-16-pp-1/config-e4bf2892e3ff71a0/dump/fineweb/tp_7_pp_0
2026-09-07 11:22:31,242 - root - INFO - Ignoring too short sequence KV.V. min_len=1000, ignored len=409
2026-09-07 11:22:31,290 - root - INFO - Ignoring too short sequence KV.V. min_len=1000, ignored len=807
2026-09-07 11:22:31,294 - root - INFO - Ignoring too short sequence KV.V. min_len=1000, ignored len=848
2026-09-07 11:22:31,451 - root - INFO - Ignoring too short sequence KV.V. min_len=1000, ignored len=995
2026-09-07 11:22:31,564 - root - INFO - Ignoring too short sequence KV.V. min_len=1000, ignored len=941
2026-09-07 11:22:31,594 - root - INFO - Ignoring too short sequence KV.V. min_len=1000, ignored len=920
2026-09-07 11:22:31,600 - root - INFO - Ignoring too short sequence KV.V. min_len=1000, ignored len=663
2026-09-07 11:22:31,618 - root - INFO - Ignoring too short sequence KV.V. min_len=1000, ignored len=872
2026-09-07 11:22:31,695 - root - INFO - Ignoring too short sequence KV.V. min_len=1000, ignored len=898
2026-09-07 11:22:31,738 - root - INFO - Ignoring too short sequence KV.V. min_len=1000, ignored len=695
2026-09-07 11:22:31,794 - root - INFO - Ignoring too short sequence KV.V. min_len=1000, ignored len=13
2026-09-07 11:22:32,029 - root - INFO - Ignoring too short sequence KV.V. min_len=1000, ignored len=965
2026-09-07 11:22:32,040 - root - INFO - Ignoring too short sequence KV.V. min_len=1000, ignored len=923
2026-09-07 11:22:32,090 - root - INFO - Ignoring too short sequence KV.V. min_len=1000, ignored len=689
2026-09-07 11:22:48,677 - root - INFO - Looking for KV.K tensors at /root/.cache/KVTC/calibrations/Qwen3-235B-A22B-7d34567f/tp-16-pp-1/config-e4bf2892e3ff71a0/dump/openmath/tp_7_pp_0
2026-09-07 11:22:48,690 - root - INFO - Ignoring too short sequence KV.K. min_len=1000, ignored len=829
2026-09-07 11:22:49,550 - root - INFO - Ignoring too short sequence KV.K. min_len=1000, ignored len=892
2026-09-07 11:22:49,952 - root - INFO - Ignoring too short sequence KV.K. min_len=1000, ignored len=444
2026-09-07 11:22:50,016 - root - INFO - Ignoring too short sequence KV.K. min_len=1000, ignored len=372
2026-09-07 11:22:50,141 - root - INFO - Ignoring too short sequence KV.K. min_len=1000, ignored len=13
2026-09-07 11:23:05,036 - root - INFO - Looking for KV.V tensors at /root/.cache/KVTC/calibrations/Qwen3-235B-A22B-7d34567f/tp-16-pp-1/config-e4bf2892e3ff71a0/dump/openmath/tp_7_pp_0
2026-09-07 11:23:06,180 - root - INFO - Ignoring too short sequence KV.V. min_len=1000, ignored len=372
2026-09-07 11:23:06,360 - root - INFO - Ignoring too short sequence KV.V. min_len=1000, ignored len=892
2026-09-07 11:23:06,559 - root - INFO - Ignoring too short sequence KV.V. min_len=1000, ignored len=13
2026-09-07 11:23:06,588 - root - INFO - Ignoring too short sequence KV.V. min_len=1000, ignored len=444
2026-09-07 11:23:06,718 - root - INFO - Ignoring too short sequence KV.V. min_len=1000, ignored len=829
2026-09-07 11:23:20,761 - root - INFO - Looking for KV.K tensors at /root/.cache/KVTC/calibrations/Qwen3-235B-A22B-7d34567f/tp-16-pp-1/config-e4bf2892e3ff71a0/dump/fineweb/tp_8_pp_0
2026-09-07 11:23:20,857 - root - INFO - Ignoring too short sequence KV.K. min_len=1000, ignored len=872
2026-09-07 11:23:20,860 - root - INFO - Ignoring too short sequence KV.K. min_len=1000, ignored len=13
2026-09-07 11:23:20,911 - root - INFO - Ignoring too short sequence KV.K. min_len=1000, ignored len=995
2026-09-07 11:23:20,918 - root - INFO - Ignoring too short sequence KV.K. min_len=1000, ignored len=941
2026-09-07 11:23:21,093 - root - INFO - Ignoring too short sequence KV.K. min_len=1000, ignored len=807
2026-09-07 11:23:21,105 - root - INFO - Ignoring too short sequence KV.K. min_len=1000, ignored len=898
2026-09-07 11:23:21,196 - root - INFO - Ignoring too short sequence KV.K. min_len=1000, ignored len=923
2026-09-07 11:23:21,221 - root - INFO - Ignoring too short sequence KV.K. min_len=1000, ignored len=689
2026-09-07 11:23:21,233 - root - INFO - Ignoring too short sequence KV.K. min_len=1000, ignored len=965
2026-09-07 11:23:21,501 - root - INFO - Ignoring too short sequence KV.K. min_len=1000, ignored len=920
2026-09-07 11:23:21,533 - root - INFO - Ignoring too short sequence KV.K. min_len=1000, ignored len=409
2026-09-07 11:23:21,560 - root - INFO - Ignoring too short sequence KV.K. min_len=1000, ignored len=663
2026-09-07 11:23:21,617 - root - INFO - Ignoring too short sequence KV.K. min_len=1000, ignored len=695
2026-09-07 11:23:21,711 - root - INFO - Ignoring too short sequence KV.K. min_len=1000, ignored len=848
2026-09-07 11:23:34,944 - root - INFO - Looking for KV.V tensors at /root/.cache/KVTC/calibrations/Qwen3-235B-A22B-7d34567f/tp-16-pp-1/config-e4bf2892e3ff71a0/dump/fineweb/tp_8_pp_0
2026-09-07 11:23:34,972 - root - INFO - Ignoring too short sequence KV.V. min_len=1000, ignored len=409
2026-09-07 11:23:35,019 - root - INFO - Ignoring too short sequence KV.V. min_len=1000, ignored len=807
2026-09-07 11:23:35,026 - root - INFO - Ignoring too short sequence KV.V. min_len=1000, ignored len=848
2026-09-07 11:23:35,197 - root - INFO - Ignoring too short sequence KV.V. min_len=1000, ignored len=995
2026-09-07 11:23:35,309 - root - INFO - Ignoring too short sequence KV.V. min_len=1000, ignored len=941
2026-09-07 11:23:35,349 - root - INFO - Ignoring too short sequence KV.V. min_len=1000, ignored len=920
2026-09-07 11:23:35,355 - root - INFO - Ignoring too short sequence KV.V. min_len=1000, ignored len=663
2026-09-07 11:23:35,373 - root - INFO - Ignoring too short sequence KV.V. min_len=1000, ignored len=872
2026-09-07 11:23:35,451 - root - INFO - Ignoring too short sequence KV.V. min_len=1000, ignored len=898
2026-09-07 11:23:35,492 - root - INFO - Ignoring too short sequence KV.V. min_len=1000, ignored len=695
2026-09-07 11:23:35,549 - root - INFO - Ignoring too short sequence KV.V. min_len=1000, ignored len=13
2026-09-07 11:23:35,783 - root - INFO - Ignoring too short sequence KV.V. min_len=1000, ignored len=965
2026-09-07 11:23:35,795 - root - INFO - Ignoring too short sequence KV.V. min_len=1000, ignored len=923
2026-09-07 11:23:35,846 - root - INFO - Ignoring too short sequence KV.V. min_len=1000, ignored len=689
2026-09-07 11:23:52,450 - root - INFO - Looking for KV.K tensors at /root/.cache/KVTC/calibrations/Qwen3-235B-A22B-7d34567f/tp-16-pp-1/config-e4bf2892e3ff71a0/dump/openmath/tp_8_pp_0
2026-09-07 11:23:52,463 - root - INFO - Ignoring too short sequence KV.K. min_len=1000, ignored len=829
2026-09-07 11:23:53,338 - root - INFO - Ignoring too short sequence KV.K. min_len=1000, ignored len=892
2026-09-07 11:23:53,737 - root - INFO - Ignoring too short sequence KV.K. min_len=1000, ignored len=444
2026-09-07 11:23:53,801 - root - INFO - Ignoring too short sequence KV.K. min_len=1000, ignored len=372
2026-09-07 11:23:53,918 - root - INFO - Ignoring too short sequence KV.K. min_len=1000, ignored len=13
2026-09-07 11:24:08,603 - root - INFO - Looking for KV.V tensors at /root/.cache/KVTC/calibrations/Qwen3-235B-A22B-7d34567f/tp-16-pp-1/config-e4bf2892e3ff71a0/dump/openmath/tp_8_pp_0
2026-09-07 11:24:09,728 - root - INFO - Ignoring too short sequence KV.V. min_len=1000, ignored len=372
2026-09-07 11:24:09,911 - root - INFO - Ignoring too short sequence KV.V. min_len=1000, ignored len=892
2026-09-07 11:24:10,119 - root - INFO - Ignoring too short sequence KV.V. min_len=1000, ignored len=13
2026-09-07 11:24:10,151 - root - INFO - Ignoring too short sequence KV.V. min_len=1000, ignored len=444
2026-09-07 11:24:10,300 - root - INFO - Ignoring too short sequence KV.V. min_len=1000, ignored len=829
2026-09-07 11:24:25,527 - root - INFO - Looking for KV.K tensors at /root/.cache/KVTC/calibrations/Qwen3-235B-A22B-7d34567f/tp-16-pp-1/config-e4bf2892e3ff71a0/dump/fineweb/tp_9_pp_0
2026-09-07 11:24:25,617 - root - INFO - Ignoring too short sequence KV.K. min_len=1000, ignored len=872
2026-09-07 11:24:25,620 - root - INFO - Ignoring too short sequence KV.K. min_len=1000, ignored len=13
2026-09-07 11:24:25,664 - root - INFO - Ignoring too short sequence KV.K. min_len=1000, ignored len=995
2026-09-07 11:24:25,673 - root - INFO - Ignoring too short sequence KV.K. min_len=1000, ignored len=941
2026-09-07 11:24:25,847 - root - INFO - Ignoring too short sequence KV.K. min_len=1000, ignored len=807
2026-09-07 11:24:25,861 - root - INFO - Ignoring too short sequence KV.K. min_len=1000, ignored len=898
2026-09-07 11:24:25,950 - root - INFO - Ignoring too short sequence KV.K. min_len=1000, ignored len=923
2026-09-07 11:24:25,975 - root - INFO - Ignoring too short sequence KV.K. min_len=1000, ignored len=689
2026-09-07 11:24:25,986 - root - INFO - Ignoring too short sequence KV.K. min_len=1000, ignored len=965
2026-09-07 11:24:26,240 - root - INFO - Ignoring too short sequence KV.K. min_len=1000, ignored len=920
2026-09-07 11:24:26,271 - root - INFO - Ignoring too short sequence KV.K. min_len=1000, ignored len=409
2026-09-07 11:24:26,302 - root - INFO - Ignoring too short sequence KV.K. min_len=1000, ignored len=663
2026-09-07 11:24:26,352 - root - INFO - Ignoring too short sequence KV.K. min_len=1000, ignored len=695
2026-09-07 11:24:26,448 - root - INFO - Ignoring too short sequence KV.K. min_len=1000, ignored len=848
2026-09-07 11:24:39,967 - root - INFO - Looking for KV.V tensors at /root/.cache/KVTC/calibrations/Qwen3-235B-A22B-7d34567f/tp-16-pp-1/config-e4bf2892e3ff71a0/dump/fineweb/tp_9_pp_0
2026-09-07 11:24:39,994 - root - INFO - Ignoring too short sequence KV.V. min_len=1000, ignored len=409
2026-09-07 11:24:40,041 - root - INFO - Ignoring too short sequence KV.V. min_len=1000, ignored len=807
2026-09-07 11:24:40,047 - root - INFO - Ignoring too short sequence KV.V. min_len=1000, ignored len=848
2026-09-07 11:24:40,214 - root - INFO - Ignoring too short sequence KV.V. min_len=1000, ignored len=995
2026-09-07 11:24:40,320 - root - INFO - Ignoring too short sequence KV.V. min_len=1000, ignored len=941
2026-09-07 11:24:40,354 - root - INFO - Ignoring too short sequence KV.V. min_len=1000, ignored len=920
2026-09-07 11:24:40,359 - root - INFO - Ignoring too short sequence KV.V. min_len=1000, ignored len=663
2026-09-07 11:24:40,378 - root - INFO - Ignoring too short sequence KV.V. min_len=1000, ignored len=872
2026-09-07 11:24:40,457 - root - INFO - Ignoring too short sequence KV.V. min_len=1000, ignored len=898
2026-09-07 11:24:40,505 - root - INFO - Ignoring too short sequence KV.V. min_len=1000, ignored len=695
2026-09-07 11:24:40,563 - root - INFO - Ignoring too short sequence KV.V. min_len=1000, ignored len=13
2026-09-07 11:24:40,796 - root - INFO - Ignoring too short sequence KV.V. min_len=1000, ignored len=965
2026-09-07 11:24:40,806 - root - INFO - Ignoring too short sequence KV.V. min_len=1000, ignored len=923
2026-09-07 11:24:40,856 - root - INFO - Ignoring too short sequence KV.V. min_len=1000, ignored len=689
2026-09-07 11:24:58,938 - root - INFO - Looking for KV.K tensors at /root/.cache/KVTC/calibrations/Qwen3-235B-A22B-7d34567f/tp-16-pp-1/config-e4bf2892e3ff71a0/dump/openmath/tp_9_pp_0
2026-09-07 11:24:58,950 - root - INFO - Ignoring too short sequence KV.K. min_len=1000, ignored len=829
2026-09-07 11:24:59,784 - root - INFO - Ignoring too short sequence KV.K. min_len=1000, ignored len=892
2026-09-07 11:25:00,177 - root - INFO - Ignoring too short sequence KV.K. min_len=1000, ignored len=444
2026-09-07 11:25:00,240 - root - INFO - Ignoring too short sequence KV.K. min_len=1000, ignored len=372
2026-09-07 11:25:00,358 - root - INFO - Ignoring too short sequence KV.K. min_len=1000, ignored len=13
2026-09-07 11:25:16,533 - root - INFO - Looking for KV.V tensors at /root/.cache/KVTC/calibrations/Qwen3-235B-A22B-7d34567f/tp-16-pp-1/config-e4bf2892e3ff71a0/dump/openmath/tp_9_pp_0
2026-09-07 11:25:17,600 - root - INFO - Ignoring too short sequence KV.V. min_len=1000, ignored len=372
2026-09-07 11:25:17,779 - root - INFO - Ignoring too short sequence KV.V. min_len=1000, ignored len=892
2026-09-07 11:25:17,979 - root - INFO - Ignoring too short sequence KV.V. min_len=1000, ignored len=13
2026-09-07 11:25:18,011 - root - INFO - Ignoring too short sequence KV.V. min_len=1000, ignored len=444
2026-09-07 11:25:18,139 - root - INFO - Ignoring too short sequence KV.V. min_len=1000, ignored len=829
2026-09-07 11:25:34,602 - root - INFO - Looking for KV.K tensors at /root/.cache/KVTC/calibrations/Qwen3-235B-A22B-7d34567f/tp-16-pp-1/config-e4bf2892e3ff71a0/dump/fineweb/tp_10_pp_0
2026-09-07 11:25:34,690 - root - INFO - Ignoring too short sequence KV.K. min_len=1000, ignored len=872
2026-09-07 11:25:34,693 - root - INFO - Ignoring too short sequence KV.K. min_len=1000, ignored len=13
2026-09-07 11:25:34,736 - root - INFO - Ignoring too short sequence KV.K. min_len=1000, ignored len=995
2026-09-07 11:25:34,742 - root - INFO - Ignoring too short sequence KV.K. min_len=1000, ignored len=941
2026-09-07 11:25:34,906 - root - INFO - Ignoring too short sequence KV.K. min_len=1000, ignored len=807
2026-09-07 11:25:34,918 - root - INFO - Ignoring too short sequence KV.K. min_len=1000, ignored len=898
2026-09-07 11:25:35,003 - root - INFO - Ignoring too short sequence KV.K. min_len=1000, ignored len=923
2026-09-07 11:25:35,029 - root - INFO - Ignoring too short sequence KV.K. min_len=1000, ignored len=689
2026-09-07 11:25:35,041 - root - INFO - Ignoring too short sequence KV.K. min_len=1000, ignored len=965
2026-09-07 11:25:35,303 - root - INFO - Ignoring too short sequence KV.K. min_len=1000, ignored len=920
2026-09-07 11:25:35,332 - root - INFO - Ignoring too short sequence KV.K. min_len=1000, ignored len=409
2026-09-07 11:25:35,361 - root - INFO - Ignoring too short sequence KV.K. min_len=1000, ignored len=663
2026-09-07 11:25:35,425 - root - INFO - Ignoring too short sequence KV.K. min_len=1000, ignored len=695
2026-09-07 11:25:35,520 - root - INFO - Ignoring too short sequence KV.K. min_len=1000, ignored len=848
2026-09-07 11:25:49,032 - root - INFO - Looking for KV.V tensors at /root/.cache/KVTC/calibrations/Qwen3-235B-A22B-7d34567f/tp-16-pp-1/config-e4bf2892e3ff71a0/dump/fineweb/tp_10_pp_0
2026-09-07 11:25:49,058 - root - INFO - Ignoring too short sequence KV.V. min_len=1000, ignored len=409
2026-09-07 11:25:49,102 - root - INFO - Ignoring too short sequence KV.V. min_len=1000, ignored len=807
2026-09-07 11:25:49,106 - root - INFO - Ignoring too short sequence KV.V. min_len=1000, ignored len=848
2026-09-07 11:25:49,269 - root - INFO - Ignoring too short sequence KV.V. min_len=1000, ignored len=995
2026-09-07 11:25:49,372 - root - INFO - Ignoring too short sequence KV.V. min_len=1000, ignored len=941
2026-09-07 11:25:49,401 - root - INFO - Ignoring too short sequence KV.V. min_len=1000, ignored len=920
2026-09-07 11:25:49,406 - root - INFO - Ignoring too short sequence KV.V. min_len=1000, ignored len=663
2026-09-07 11:25:49,425 - root - INFO - Ignoring too short sequence KV.V. min_len=1000, ignored len=872
2026-09-07 11:25:49,497 - root - INFO - Ignoring too short sequence KV.V. min_len=1000, ignored len=898
2026-09-07 11:25:49,542 - root - INFO - Ignoring too short sequence KV.V. min_len=1000, ignored len=695
2026-09-07 11:25:49,601 - root - INFO - Ignoring too short sequence KV.V. min_len=1000, ignored len=13
2026-09-07 11:25:49,849 - root - INFO - Ignoring too short sequence KV.V. min_len=1000, ignored len=965
2026-09-07 11:25:49,860 - root - INFO - Ignoring too short sequence KV.V. min_len=1000, ignored len=923
2026-09-07 11:25:49,906 - root - INFO - Ignoring too short sequence KV.V. min_len=1000, ignored len=689
2026-09-07 11:26:09,102 - root - INFO - Looking for KV.K tensors at /root/.cache/KVTC/calibrations/Qwen3-235B-A22B-7d34567f/tp-16-pp-1/config-e4bf2892e3ff71a0/dump/openmath/tp_10_pp_0
2026-09-07 11:26:09,115 - root - INFO - Ignoring too short sequence KV.K. min_len=1000, ignored len=829
2026-09-07 11:26:09,982 - root - INFO - Ignoring too short sequence KV.K. min_len=1000, ignored len=892
2026-09-07 11:26:10,407 - root - INFO - Ignoring too short sequence KV.K. min_len=1000, ignored len=444
2026-09-07 11:26:10,473 - root - INFO - Ignoring too short sequence KV.K. min_len=1000, ignored len=372
2026-09-07 11:26:10,587 - root - INFO - Ignoring too short sequence KV.K. min_len=1000, ignored len=13
2026-09-07 11:26:27,934 - root - INFO - Looking for KV.V tensors at /root/.cache/KVTC/calibrations/Qwen3-235B-A22B-7d34567f/tp-16-pp-1/config-e4bf2892e3ff71a0/dump/openmath/tp_10_pp_0
2026-09-07 11:26:29,087 - root - INFO - Ignoring too short sequence KV.V. min_len=1000, ignored len=372
2026-09-07 11:26:29,269 - root - INFO - Ignoring too short sequence KV.V. min_len=1000, ignored len=892
2026-09-07 11:26:29,493 - root - INFO - Ignoring too short sequence KV.V. min_len=1000, ignored len=13
2026-09-07 11:26:29,526 - root - INFO - Ignoring too short sequence KV.V. min_len=1000, ignored len=444
2026-09-07 11:26:29,663 - root - INFO - Ignoring too short sequence KV.V. min_len=1000, ignored len=829
2026-09-07 11:26:46,189 - root - INFO - Looking for KV.K tensors at /root/.cache/KVTC/calibrations/Qwen3-235B-A22B-7d34567f/tp-16-pp-1/config-e4bf2892e3ff71a0/dump/fineweb/tp_11_pp_0
2026-09-07 11:26:46,284 - root - INFO - Ignoring too short sequence KV.K. min_len=1000, ignored len=872
2026-09-07 11:26:46,287 - root - INFO - Ignoring too short sequence KV.K. min_len=1000, ignored len=13
2026-09-07 11:26:46,331 - root - INFO - Ignoring too short sequence KV.K. min_len=1000, ignored len=995
2026-09-07 11:26:46,336 - root - INFO - Ignoring too short sequence KV.K. min_len=1000, ignored len=941
2026-09-07 11:26:46,508 - root - INFO - Ignoring too short sequence KV.K. min_len=1000, ignored len=807
2026-09-07 11:26:46,521 - root - INFO - Ignoring too short sequence KV.K. min_len=1000, ignored len=898
2026-09-07 11:26:46,608 - root - INFO - Ignoring too short sequence KV.K. min_len=1000, ignored len=923
2026-09-07 11:26:46,632 - root - INFO - Ignoring too short sequence KV.K. min_len=1000, ignored len=689
2026-09-07 11:26:46,642 - root - INFO - Ignoring too short sequence KV.K. min_len=1000, ignored len=965
2026-09-07 11:26:46,898 - root - INFO - Ignoring too short sequence KV.K. min_len=1000, ignored len=920
2026-09-07 11:26:46,928 - root - INFO - Ignoring too short sequence KV.K. min_len=1000, ignored len=409
2026-09-07 11:26:46,957 - root - INFO - Ignoring too short sequence KV.K. min_len=1000, ignored len=663
2026-09-07 11:26:47,013 - root - INFO - Ignoring too short sequence KV.K. min_len=1000, ignored len=695
2026-09-07 11:26:47,109 - root - INFO - Ignoring too short sequence KV.K. min_len=1000, ignored len=848
2026-09-07 11:27:03,390 - root - INFO - Looking for KV.V tensors at /root/.cache/KVTC/calibrations/Qwen3-235B-A22B-7d34567f/tp-16-pp-1/config-e4bf2892e3ff71a0/dump/fineweb/tp_11_pp_0
2026-09-07 11:27:03,417 - root - INFO - Ignoring too short sequence KV.V. min_len=1000, ignored len=409
2026-09-07 11:27:03,467 - root - INFO - Ignoring too short sequence KV.V. min_len=1000, ignored len=807
2026-09-07 11:27:03,472 - root - INFO - Ignoring too short sequence KV.V. min_len=1000, ignored len=848
2026-09-07 11:27:03,646 - root - INFO - Ignoring too short sequence KV.V. min_len=1000, ignored len=995
2026-09-07 11:27:03,755 - root - INFO - Ignoring too short sequence KV.V. min_len=1000, ignored len=941
2026-09-07 11:27:03,787 - root - INFO - Ignoring too short sequence KV.V. min_len=1000, ignored len=920
2026-09-07 11:27:03,792 - root - INFO - Ignoring too short sequence KV.V. min_len=1000, ignored len=663
2026-09-07 11:27:03,813 - root - INFO - Ignoring too short sequence KV.V. min_len=1000, ignored len=872
2026-09-07 11:27:03,888 - root - INFO - Ignoring too short sequence KV.V. min_len=1000, ignored len=898
2026-09-07 11:27:03,929 - root - INFO - Ignoring too short sequence KV.V. min_len=1000, ignored len=695
2026-09-07 11:27:03,992 - root - INFO - Ignoring too short sequence KV.V. min_len=1000, ignored len=13
2026-09-07 11:27:04,250 - root - INFO - Ignoring too short sequence KV.V. min_len=1000, ignored len=965
2026-09-07 11:27:04,262 - root - INFO - Ignoring too short sequence KV.V. min_len=1000, ignored len=923
2026-09-07 11:27:04,315 - root - INFO - Ignoring too short sequence KV.V. min_len=1000, ignored len=689
2026-09-07 11:27:25,855 - root - INFO - Looking for KV.K tensors at /root/.cache/KVTC/calibrations/Qwen3-235B-A22B-7d34567f/tp-16-pp-1/config-e4bf2892e3ff71a0/dump/openmath/tp_11_pp_0
2026-09-07 11:27:25,866 - root - INFO - Ignoring too short sequence KV.K. min_len=1000, ignored len=829
2026-09-07 11:27:26,732 - root - INFO - Ignoring too short sequence KV.K. min_len=1000, ignored len=892
2026-09-07 11:27:27,120 - root - INFO - Ignoring too short sequence KV.K. min_len=1000, ignored len=444
2026-09-07 11:27:27,180 - root - INFO - Ignoring too short sequence KV.K. min_len=1000, ignored len=372
2026-09-07 11:27:27,293 - root - INFO - Ignoring too short sequence KV.K. min_len=1000, ignored len=13
2026-09-07 11:27:44,841 - root - INFO - Looking for KV.V tensors at /root/.cache/KVTC/calibrations/Qwen3-235B-A22B-7d34567f/tp-16-pp-1/config-e4bf2892e3ff71a0/dump/openmath/tp_11_pp_0
2026-09-07 11:27:46,005 - root - INFO - Ignoring too short sequence KV.V. min_len=1000, ignored len=372
2026-09-07 11:27:46,208 - root - INFO - Ignoring too short sequence KV.V. min_len=1000, ignored len=892
2026-09-07 11:27:46,435 - root - INFO - Ignoring too short sequence KV.V. min_len=1000, ignored len=13
2026-09-07 11:27:46,468 - root - INFO - Ignoring too short sequence KV.V. min_len=1000, ignored len=444
2026-09-07 11:27:46,607 - root - INFO - Ignoring too short sequence KV.V. min_len=1000, ignored len=829
2026-09-07 11:28:02,961 - root - INFO - Looking for KV.K tensors at /root/.cache/KVTC/calibrations/Qwen3-235B-A22B-7d34567f/tp-16-pp-1/config-e4bf2892e3ff71a0/dump/fineweb/tp_12_pp_0
2026-09-07 11:28:03,055 - root - INFO - Ignoring too short sequence KV.K. min_len=1000, ignored len=872
2026-09-07 11:28:03,058 - root - INFO - Ignoring too short sequence KV.K. min_len=1000, ignored len=13
2026-09-07 11:28:03,114 - root - INFO - Ignoring too short sequence KV.K. min_len=1000, ignored len=995
2026-09-07 11:28:03,119 - root - INFO - Ignoring too short sequence KV.K. min_len=1000, ignored len=941
2026-09-07 11:28:03,301 - root - INFO - Ignoring too short sequence KV.K. min_len=1000, ignored len=807
2026-09-07 11:28:03,312 - root - INFO - Ignoring too short sequence KV.K. min_len=1000, ignored len=898
2026-09-07 11:28:03,397 - root - INFO - Ignoring too short sequence KV.K. min_len=1000, ignored len=923
2026-09-07 11:28:03,419 - root - INFO - Ignoring too short sequence KV.K. min_len=1000, ignored len=689
2026-09-07 11:28:03,431 - root - INFO - Ignoring too short sequence KV.K. min_len=1000, ignored len=965
2026-09-07 11:28:03,686 - root - INFO - Ignoring too short sequence KV.K. min_len=1000, ignored len=920
2026-09-07 11:28:03,718 - root - INFO - Ignoring too short sequence KV.K. min_len=1000, ignored len=409
2026-09-07 11:28:03,744 - root - INFO - Ignoring too short sequence KV.K. min_len=1000, ignored len=663
2026-09-07 11:28:03,801 - root - INFO - Ignoring too short sequence KV.K. min_len=1000, ignored len=695
2026-09-07 11:28:03,907 - root - INFO - Ignoring too short sequence KV.K. min_len=1000, ignored len=848
2026-09-07 11:28:16,118 - root - INFO - Looking for KV.V tensors at /root/.cache/KVTC/calibrations/Qwen3-235B-A22B-7d34567f/tp-16-pp-1/config-e4bf2892e3ff71a0/dump/fineweb/tp_12_pp_0
2026-09-07 11:28:16,144 - root - INFO - Ignoring too short sequence KV.V. min_len=1000, ignored len=409
2026-09-07 11:28:16,190 - root - INFO - Ignoring too short sequence KV.V. min_len=1000, ignored len=807
2026-09-07 11:28:16,195 - root - INFO - Ignoring too short sequence KV.V. min_len=1000, ignored len=848
2026-09-07 11:28:16,354 - root - INFO - Ignoring too short sequence KV.V. min_len=1000, ignored len=995
2026-09-07 11:28:16,451 - root - INFO - Ignoring too short sequence KV.V. min_len=1000, ignored len=941
2026-09-07 11:28:16,481 - root - INFO - Ignoring too short sequence KV.V. min_len=1000, ignored len=920
2026-09-07 11:28:16,485 - root - INFO - Ignoring too short sequence KV.V. min_len=1000, ignored len=663
2026-09-07 11:28:16,505 - root - INFO - Ignoring too short sequence KV.V. min_len=1000, ignored len=872
2026-09-07 11:28:16,576 - root - INFO - Ignoring too short sequence KV.V. min_len=1000, ignored len=898
2026-09-07 11:28:16,619 - root - INFO - Ignoring too short sequence KV.V. min_len=1000, ignored len=695
2026-09-07 11:28:16,676 - root - INFO - Ignoring too short sequence KV.V. min_len=1000, ignored len=13
2026-09-07 11:28:16,906 - root - INFO - Ignoring too short sequence KV.V. min_len=1000, ignored len=965
2026-09-07 11:28:16,915 - root - INFO - Ignoring too short sequence KV.V. min_len=1000, ignored len=923
2026-09-07 11:28:16,963 - root - INFO - Ignoring too short sequence KV.V. min_len=1000, ignored len=689
2026-09-07 11:28:33,652 - root - INFO - Looking for KV.K tensors at /root/.cache/KVTC/calibrations/Qwen3-235B-A22B-7d34567f/tp-16-pp-1/config-e4bf2892e3ff71a0/dump/openmath/tp_12_pp_0
2026-09-07 11:28:33,664 - root - INFO - Ignoring too short sequence KV.K. min_len=1000, ignored len=829
2026-09-07 11:28:34,520 - root - INFO - Ignoring too short sequence KV.K. min_len=1000, ignored len=892
2026-09-07 11:28:34,897 - root - INFO - Ignoring too short sequence KV.K. min_len=1000, ignored len=444
2026-09-07 11:28:34,959 - root - INFO - Ignoring too short sequence KV.K. min_len=1000, ignored len=372
2026-09-07 11:28:35,069 - root - INFO - Ignoring too short sequence KV.K. min_len=1000, ignored len=13
2026-09-07 11:28:49,668 - root - INFO - Looking for KV.V tensors at /root/.cache/KVTC/calibrations/Qwen3-235B-A22B-7d34567f/tp-16-pp-1/config-e4bf2892e3ff71a0/dump/openmath/tp_12_pp_0
2026-09-07 11:28:50,762 - root - INFO - Ignoring too short sequence KV.V. min_len=1000, ignored len=372
2026-09-07 11:28:50,958 - root - INFO - Ignoring too short sequence KV.V. min_len=1000, ignored len=892
2026-09-07 11:28:51,157 - root - INFO - Ignoring too short sequence KV.V. min_len=1000, ignored len=13
2026-09-07 11:28:51,185 - root - INFO - Ignoring too short sequence KV.V. min_len=1000, ignored len=444
2026-09-07 11:28:51,308 - root - INFO - Ignoring too short sequence KV.V. min_len=1000, ignored len=829
2026-09-07 11:29:05,333 - root - INFO - Looking for KV.K tensors at /root/.cache/KVTC/calibrations/Qwen3-235B-A22B-7d34567f/tp-16-pp-1/config-e4bf2892e3ff71a0/dump/fineweb/tp_13_pp_0
2026-09-07 11:29:05,429 - root - INFO - Ignoring too short sequence KV.K. min_len=1000, ignored len=872
2026-09-07 11:29:05,432 - root - INFO - Ignoring too short sequence KV.K. min_len=1000, ignored len=13
2026-09-07 11:29:05,475 - root - INFO - Ignoring too short sequence KV.K. min_len=1000, ignored len=995
2026-09-07 11:29:05,481 - root - INFO - Ignoring too short sequence KV.K. min_len=1000, ignored len=941
2026-09-07 11:29:05,639 - root - INFO - Ignoring too short sequence KV.K. min_len=1000, ignored len=807
2026-09-07 11:29:05,650 - root - INFO - Ignoring too short sequence KV.K. min_len=1000, ignored len=898
2026-09-07 11:29:05,733 - root - INFO - Ignoring too short sequence KV.K. min_len=1000, ignored len=923
2026-09-07 11:29:05,765 - root - INFO - Ignoring too short sequence KV.K. min_len=1000, ignored len=689
2026-09-07 11:29:05,775 - root - INFO - Ignoring too short sequence KV.K. min_len=1000, ignored len=965
2026-09-07 11:29:06,018 - root - INFO - Ignoring too short sequence KV.K. min_len=1000, ignored len=920
2026-09-07 11:29:06,049 - root - INFO - Ignoring too short sequence KV.K. min_len=1000, ignored len=409
2026-09-07 11:29:06,076 - root - INFO - Ignoring too short sequence KV.K. min_len=1000, ignored len=663
2026-09-07 11:29:06,131 - root - INFO - Ignoring too short sequence KV.K. min_len=1000, ignored len=695
2026-09-07 11:29:06,223 - root - INFO - Ignoring too short sequence KV.K. min_len=1000, ignored len=848
2026-09-07 11:29:18,306 - root - INFO - Looking for KV.V tensors at /root/.cache/KVTC/calibrations/Qwen3-235B-A22B-7d34567f/tp-16-pp-1/config-e4bf2892e3ff71a0/dump/fineweb/tp_13_pp_0
2026-09-07 11:29:18,331 - root - INFO - Ignoring too short sequence KV.V. min_len=1000, ignored len=409
2026-09-07 11:29:18,382 - root - INFO - Ignoring too short sequence KV.V. min_len=1000, ignored len=807
2026-09-07 11:29:18,388 - root - INFO - Ignoring too short sequence KV.V. min_len=1000, ignored len=848
2026-09-07 11:29:18,565 - root - INFO - Ignoring too short sequence KV.V. min_len=1000, ignored len=995
2026-09-07 11:29:18,669 - root - INFO - Ignoring too short sequence KV.V. min_len=1000, ignored len=941
2026-09-07 11:29:18,700 - root - INFO - Ignoring too short sequence KV.V. min_len=1000, ignored len=920
2026-09-07 11:29:18,704 - root - INFO - Ignoring too short sequence KV.V. min_len=1000, ignored len=663
2026-09-07 11:29:18,725 - root - INFO - Ignoring too short sequence KV.V. min_len=1000, ignored len=872
2026-09-07 11:29:18,799 - root - INFO - Ignoring too short sequence KV.V. min_len=1000, ignored len=898
2026-09-07 11:29:18,844 - root - INFO - Ignoring too short sequence KV.V. min_len=1000, ignored len=695
2026-09-07 11:29:18,909 - root - INFO - Ignoring too short sequence KV.V. min_len=1000, ignored len=13
2026-09-07 11:29:19,142 - root - INFO - Ignoring too short sequence KV.V. min_len=1000, ignored len=965
2026-09-07 11:29:19,153 - root - INFO - Ignoring too short sequence KV.V. min_len=1000, ignored len=923
2026-09-07 11:29:19,199 - root - INFO - Ignoring too short sequence KV.V. min_len=1000, ignored len=689
2026-09-07 11:29:36,887 - root - INFO - Looking for KV.K tensors at /root/.cache/KVTC/calibrations/Qwen3-235B-A22B-7d34567f/tp-16-pp-1/config-e4bf2892e3ff71a0/dump/openmath/tp_13_pp_0
2026-09-07 11:29:36,900 - root - INFO - Ignoring too short sequence KV.K. min_len=1000, ignored len=829
2026-09-07 11:29:37,779 - root - INFO - Ignoring too short sequence KV.K. min_len=1000, ignored len=892
2026-09-07 11:29:38,171 - root - INFO - Ignoring too short sequence KV.K. min_len=1000, ignored len=444
2026-09-07 11:29:38,242 - root - INFO - Ignoring too short sequence KV.K. min_len=1000, ignored len=372
2026-09-07 11:29:38,360 - root - INFO - Ignoring too short sequence KV.K. min_len=1000, ignored len=13
2026-09-07 11:29:57,334 - root - INFO - Looking for KV.V tensors at /root/.cache/KVTC/calibrations/Qwen3-235B-A22B-7d34567f/tp-16-pp-1/config-e4bf2892e3ff71a0/dump/openmath/tp_13_pp_0
2026-09-07 11:29:58,434 - root - INFO - Ignoring too short sequence KV.V. min_len=1000, ignored len=372
2026-09-07 11:29:58,619 - root - INFO - Ignoring too short sequence KV.V. min_len=1000, ignored len=892
2026-09-07 11:29:58,827 - root - INFO - Ignoring too short sequence KV.V. min_len=1000, ignored len=13
2026-09-07 11:29:58,856 - root - INFO - Ignoring too short sequence KV.V. min_len=1000, ignored len=444
2026-09-07 11:29:58,983 - root - INFO - Ignoring too short sequence KV.V. min_len=1000, ignored len=829
2026-09-07 11:30:16,199 - root - INFO - Looking for KV.K tensors at /root/.cache/KVTC/calibrations/Qwen3-235B-A22B-7d34567f/tp-16-pp-1/config-e4bf2892e3ff71a0/dump/fineweb/tp_14_pp_0
2026-09-07 11:30:16,286 - root - INFO - Ignoring too short sequence KV.K. min_len=1000, ignored len=872
2026-09-07 11:30:16,289 - root - INFO - Ignoring too short sequence KV.K. min_len=1000, ignored len=13
2026-09-07 11:30:16,339 - root - INFO - Ignoring too short sequence KV.K. min_len=1000, ignored len=995
2026-09-07 11:30:16,345 - root - INFO - Ignoring too short sequence KV.K. min_len=1000, ignored len=941
2026-09-07 11:30:16,520 - root - INFO - Ignoring too short sequence KV.K. min_len=1000, ignored len=807
2026-09-07 11:30:16,531 - root - INFO - Ignoring too short sequence KV.K. min_len=1000, ignored len=898
2026-09-07 11:30:16,616 - root - INFO - Ignoring too short sequence KV.K. min_len=1000, ignored len=923
2026-09-07 11:30:16,640 - root - INFO - Ignoring too short sequence KV.K. min_len=1000, ignored len=689
2026-09-07 11:30:16,650 - root - INFO - Ignoring too short sequence KV.K. min_len=1000, ignored len=965
2026-09-07 11:30:16,911 - root - INFO - Ignoring too short sequence KV.K. min_len=1000, ignored len=920
2026-09-07 11:30:16,943 - root - INFO - Ignoring too short sequence KV.K. min_len=1000, ignored len=409
2026-09-07 11:30:16,972 - root - INFO - Ignoring too short sequence KV.K. min_len=1000, ignored len=663
2026-09-07 11:30:17,032 - root - INFO - Ignoring too short sequence KV.K. min_len=1000, ignored len=695
2026-09-07 11:30:17,131 - root - INFO - Ignoring too short sequence KV.K. min_len=1000, ignored len=848
2026-09-07 11:30:32,934 - root - INFO - Looking for KV.V tensors at /root/.cache/KVTC/calibrations/Qwen3-235B-A22B-7d34567f/tp-16-pp-1/config-e4bf2892e3ff71a0/dump/fineweb/tp_14_pp_0
2026-09-07 11:30:32,960 - root - INFO - Ignoring too short sequence KV.V. min_len=1000, ignored len=409
2026-09-07 11:30:33,010 - root - INFO - Ignoring too short sequence KV.V. min_len=1000, ignored len=807
2026-09-07 11:30:33,015 - root - INFO - Ignoring too short sequence KV.V. min_len=1000, ignored len=848
2026-09-07 11:30:33,175 - root - INFO - Ignoring too short sequence KV.V. min_len=1000, ignored len=995
2026-09-07 11:30:33,278 - root - INFO - Ignoring too short sequence KV.V. min_len=1000, ignored len=941
2026-09-07 11:30:33,306 - root - INFO - Ignoring too short sequence KV.V. min_len=1000, ignored len=920
2026-09-07 11:30:33,311 - root - INFO - Ignoring too short sequence KV.V. min_len=1000, ignored len=663
2026-09-07 11:30:33,329 - root - INFO - Ignoring too short sequence KV.V. min_len=1000, ignored len=872
2026-09-07 11:30:33,398 - root - INFO - Ignoring too short sequence KV.V. min_len=1000, ignored len=898
2026-09-07 11:30:33,437 - root - INFO - Ignoring too short sequence KV.V. min_len=1000, ignored len=695
2026-09-07 11:30:33,487 - root - INFO - Ignoring too short sequence KV.V. min_len=1000, ignored len=13
2026-09-07 11:30:33,718 - root - INFO - Ignoring too short sequence KV.V. min_len=1000, ignored len=965
2026-09-07 11:30:33,729 - root - INFO - Ignoring too short sequence KV.V. min_len=1000, ignored len=923
2026-09-07 11:30:33,776 - root - INFO - Ignoring too short sequence KV.V. min_len=1000, ignored len=689
2026-09-07 11:30:52,534 - root - INFO - Looking for KV.K tensors at /root/.cache/KVTC/calibrations/Qwen3-235B-A22B-7d34567f/tp-16-pp-1/config-e4bf2892e3ff71a0/dump/openmath/tp_14_pp_0
2026-09-07 11:30:52,545 - root - INFO - Ignoring too short sequence KV.K. min_len=1000, ignored len=829
2026-09-07 11:30:53,388 - root - INFO - Ignoring too short sequence KV.K. min_len=1000, ignored len=892
2026-09-07 11:30:53,788 - root - INFO - Ignoring too short sequence KV.K. min_len=1000, ignored len=444
2026-09-07 11:30:53,853 - root - INFO - Ignoring too short sequence KV.K. min_len=1000, ignored len=372
2026-09-07 11:30:53,963 - root - INFO - Ignoring too short sequence KV.K. min_len=1000, ignored len=13
2026-09-07 11:31:11,589 - root - INFO - Looking for KV.V tensors at /root/.cache/KVTC/calibrations/Qwen3-235B-A22B-7d34567f/tp-16-pp-1/config-e4bf2892e3ff71a0/dump/openmath/tp_14_pp_0
2026-09-07 11:31:12,711 - root - INFO - Ignoring too short sequence KV.V. min_len=1000, ignored len=372
2026-09-07 11:31:12,907 - root - INFO - Ignoring too short sequence KV.V. min_len=1000, ignored len=892
2026-09-07 11:31:13,114 - root - INFO - Ignoring too short sequence KV.V. min_len=1000, ignored len=13
2026-09-07 11:31:13,144 - root - INFO - Ignoring too short sequence KV.V. min_len=1000, ignored len=444
2026-09-07 11:31:13,273 - root - INFO - Ignoring too short sequence KV.V. min_len=1000, ignored len=829
2026-09-07 11:31:28,774 - root - INFO - Looking for KV.K tensors at /root/.cache/KVTC/calibrations/Qwen3-235B-A22B-7d34567f/tp-16-pp-1/config-e4bf2892e3ff71a0/dump/fineweb/tp_15_pp_0
2026-09-07 11:31:28,867 - root - INFO - Ignoring too short sequence KV.K. min_len=1000, ignored len=872
2026-09-07 11:31:28,870 - root - INFO - Ignoring too short sequence KV.K. min_len=1000, ignored len=13
2026-09-07 11:31:28,922 - root - INFO - Ignoring too short sequence KV.K. min_len=1000, ignored len=995
2026-09-07 11:31:28,930 - root - INFO - Ignoring too short sequence KV.K. min_len=1000, ignored len=941
2026-09-07 11:31:29,114 - root - INFO - Ignoring too short sequence KV.K. min_len=1000, ignored len=807
2026-09-07 11:31:29,129 - root - INFO - Ignoring too short sequence KV.K. min_len=1000, ignored len=898
2026-09-07 11:31:29,226 - root - INFO - Ignoring too short sequence KV.K. min_len=1000, ignored len=923
2026-09-07 11:31:29,249 - root - INFO - Ignoring too short sequence KV.K. min_len=1000, ignored len=689
2026-09-07 11:31:29,260 - root - INFO - Ignoring too short sequence KV.K. min_len=1000, ignored len=965
2026-09-07 11:31:29,544 - root - INFO - Ignoring too short sequence KV.K. min_len=1000, ignored len=920
2026-09-07 11:31:29,584 - root - INFO - Ignoring too short sequence KV.K. min_len=1000, ignored len=409
2026-09-07 11:31:29,618 - root - INFO - Ignoring too short sequence KV.K. min_len=1000, ignored len=663
2026-09-07 11:31:29,673 - root - INFO - Ignoring too short sequence KV.K. min_len=1000, ignored len=695
2026-09-07 11:31:29,786 - root - INFO - Ignoring too short sequence KV.K. min_len=1000, ignored len=848
2026-09-07 11:31:44,802 - root - INFO - Looking for KV.V tensors at /root/.cache/KVTC/calibrations/Qwen3-235B-A22B-7d34567f/tp-16-pp-1/config-e4bf2892e3ff71a0/dump/fineweb/tp_15_pp_0
2026-09-07 11:31:44,831 - root - INFO - Ignoring too short sequence KV.V. min_len=1000, ignored len=409
2026-09-07 11:31:44,879 - root - INFO - Ignoring too short sequence KV.V. min_len=1000, ignored len=807
2026-09-07 11:31:44,884 - root - INFO - Ignoring too short sequence KV.V. min_len=1000, ignored len=848
2026-09-07 11:31:45,044 - root - INFO - Ignoring too short sequence KV.V. min_len=1000, ignored len=995
2026-09-07 11:31:45,143 - root - INFO - Ignoring too short sequence KV.V. min_len=1000, ignored len=941
2026-09-07 11:31:45,173 - root - INFO - Ignoring too short sequence KV.V. min_len=1000, ignored len=920
2026-09-07 11:31:45,177 - root - INFO - Ignoring too short sequence KV.V. min_len=1000, ignored len=663
2026-09-07 11:31:45,212 - root - INFO - Ignoring too short sequence KV.V. min_len=1000, ignored len=872
2026-09-07 11:31:45,283 - root - INFO - Ignoring too short sequence KV.V. min_len=1000, ignored len=898
2026-09-07 11:31:45,326 - root - INFO - Ignoring too short sequence KV.V. min_len=1000, ignored len=695
2026-09-07 11:31:45,383 - root - INFO - Ignoring too short sequence KV.V. min_len=1000, ignored len=13
2026-09-07 11:31:45,612 - root - INFO - Ignoring too short sequence KV.V. min_len=1000, ignored len=965
2026-09-07 11:31:45,624 - root - INFO - Ignoring too short sequence KV.V. min_len=1000, ignored len=923
2026-09-07 11:31:45,669 - root - INFO - Ignoring too short sequence KV.V. min_len=1000, ignored len=689
2026-09-07 11:32:03,988 - root - INFO - Looking for KV.K tensors at /root/.cache/KVTC/calibrations/Qwen3-235B-A22B-7d34567f/tp-16-pp-1/config-e4bf2892e3ff71a0/dump/openmath/tp_15_pp_0
2026-09-07 11:32:04,003 - root - INFO - Ignoring too short sequence KV.K. min_len=1000, ignored len=829
2026-09-07 11:32:04,824 - root - INFO - Ignoring too short sequence KV.K. min_len=1000, ignored len=892
2026-09-07 11:32:05,208 - root - INFO - Ignoring too short sequence KV.K. min_len=1000, ignored len=444
2026-09-07 11:32:05,271 - root - INFO - Ignoring too short sequence KV.K. min_len=1000, ignored len=372
2026-09-07 11:32:05,384 - root - INFO - Ignoring too short sequence KV.K. min_len=1000, ignored len=13
2026-09-07 11:32:20,518 - root - INFO - Looking for KV.V tensors at /root/.cache/KVTC/calibrations/Qwen3-235B-A22B-7d34567f/tp-16-pp-1/config-e4bf2892e3ff71a0/dump/openmath/tp_15_pp_0
2026-09-07 11:32:21,620 - root - INFO - Ignoring too short sequence KV.V. min_len=1000, ignored len=372
2026-09-07 11:32:21,813 - root - INFO - Ignoring too short sequence KV.V. min_len=1000, ignored len=892
2026-09-07 11:32:22,019 - root - INFO - Ignoring too short sequence KV.V. min_len=1000, ignored len=13
2026-09-07 11:32:22,048 - root - INFO - Ignoring too short sequence KV.V. min_len=1000, ignored len=444
2026-09-07 11:32:22,187 - root - INFO - Ignoring too short sequence KV.V. min_len=1000, ignored len=829
2026-09-07 11:32:22,376 - root - INFO - Validated 290 dump requests across 16 workers and both K/V tensors; 271 requests are eligible for global sampling
2026-09-07 11:32:22,385 - root - INFO - Token selection cache exists; loading selections at /root/.cache/KVTC/calibrations/Qwen3-235B-A22B-7d34567f/tp-16-pp-1/config-e4bf2892e3ff71a0/v1-noquant/kvtc.pt.tmp.svd-artifacts/kvtc-v1-noquant_N-200000_policy-relaxed_q-10000_niter-2_47be5bd14dfc2df390d52b125ddf4de9a8e24ff8fac703c8ce7dc2f3d2a38d5a/selected-tokens.json
2026-09-07 11:32:22,417 - root - INFO - Loaded 271 token selections from /root/.cache/KVTC/calibrations/Qwen3-235B-A22B-7d34567f/tp-16-pp-1/config-e4bf2892e3ff71a0/v1-noquant/kvtc.pt.tmp.svd-artifacts/kvtc-v1-noquant_N-200000_policy-relaxed_q-10000_niter-2_47be5bd14dfc2df390d52b125ddf4de9a8e24ff8fac703c8ce7dc2f3d2a38d5a/selected-tokens.json
2026-09-07 11:32:22,454 - root - INFO - Reused all global token selections from /root/.cache/KVTC/calibrations/Qwen3-235B-A22B-7d34567f/tp-16-pp-1/config-e4bf2892e3ff71a0/v1-noquant/kvtc.pt.tmp.svd-artifacts/kvtc-v1-noquant_N-200000_policy-relaxed_q-10000_niter-2_47be5bd14dfc2df390d52b125ddf4de9a8e24ff8fac703c8ce7dc2f3d2a38d5a/selected-tokens.json
2026-09-07 11:32:22,472 - root - INFO - SVD artifact directory for current sampling/SVD parameters: /root/.cache/KVTC/calibrations/Qwen3-235B-A22B-7d34567f/tp-16-pp-1/config-e4bf2892e3ff71a0/v1-noquant/kvtc.pt.tmp.svd-artifacts/kvtc-v1-noquant_N-200000_policy-relaxed_q-10000_niter-2_47be5bd14dfc2df390d52b125ddf4de9a8e24ff8fac703c8ce7dc2f3d2a38d5a/selection-bb6b2a452c81d257aa23b88b7de6515a2e083e8491dbca22f15e188670cbd4a2
2026-09-07 11:32:22,473 - root - INFO - Loading config from /root/.cache/modelscope/hub/models/Qwen/Qwen3-235B-A22B
2026-09-07 11:32:22,532 - root - INFO - model.rope theta=1000000.0 rotary_dim=128 neox_style=True scaling={'rope_theta': 1000000.0, 'rope_type': 'default'}
2026-09-07 11:32:22,533 - root - INFO - -------------------- model=/root/.cache/modelscope/hub/models/Qwen/Qwen3-235B-A22B N=200000 q=10000 iter=2 --------------------
2026-09-07 11:32:22,533 - root - INFO - Running up to 4 SVD jobs concurrently with up to 320 PyTorch intra-op threads
2026-09-07 11:32:22,534 - root - INFO - Skipping SVD for worker=tp_0_pp_0 kv=K: artifact already exists at /root/.cache/KVTC/calibrations/Qwen3-235B-A22B-7d34567f/tp-16-pp-1/config-e4bf2892e3ff71a0/v1-noquant/kvtc.pt.tmp.svd-artifacts/kvtc-v1-noquant_N-200000_policy-relaxed_q-10000_niter-2_47be5bd14dfc2df390d52b125ddf4de9a8e24ff8fac703c8ce7dc2f3d2a38d5a/selection-bb6b2a452c81d257aa23b88b7de6515a2e083e8491dbca22f15e188670cbd4a2/tp_0_pp_0-K.pt
2026-09-07 11:32:22,535 - root - INFO - Skipping SVD for worker=tp_0_pp_0 kv=V: artifact already exists at /root/.cache/KVTC/calibrations/Qwen3-235B-A22B-7d34567f/tp-16-pp-1/config-e4bf2892e3ff71a0/v1-noquant/kvtc.pt.tmp.svd-artifacts/kvtc-v1-noquant_N-200000_policy-relaxed_q-10000_niter-2_47be5bd14dfc2df390d52b125ddf4de9a8e24ff8fac703c8ce7dc2f3d2a38d5a/selection-bb6b2a452c81d257aa23b88b7de6515a2e083e8491dbca22f15e188670cbd4a2/tp_0_pp_0-V.pt
2026-09-07 11:32:22,536 - root - INFO - Skipping SVD for worker=tp_1_pp_0 kv=K: artifact already exists at /root/.cache/KVTC/calibrations/Qwen3-235B-A22B-7d34567f/tp-16-pp-1/config-e4bf2892e3ff71a0/v1-noquant/kvtc.pt.tmp.svd-artifacts/kvtc-v1-noquant_N-200000_policy-relaxed_q-10000_niter-2_47be5bd14dfc2df390d52b125ddf4de9a8e24ff8fac703c8ce7dc2f3d2a38d5a/selection-bb6b2a452c81d257aa23b88b7de6515a2e083e8491dbca22f15e188670cbd4a2/tp_1_pp_0-K.pt
2026-09-07 11:32:22,536 - root - INFO - Skipping SVD for worker=tp_1_pp_0 kv=V: artifact already exists at /root/.cache/KVTC/calibrations/Qwen3-235B-A22B-7d34567f/tp-16-pp-1/config-e4bf2892e3ff71a0/v1-noquant/kvtc.pt.tmp.svd-artifacts/kvtc-v1-noquant_N-200000_policy-relaxed_q-10000_niter-2_47be5bd14dfc2df390d52b125ddf4de9a8e24ff8fac703c8ce7dc2f3d2a38d5a/selection-bb6b2a452c81d257aa23b88b7de6515a2e083e8491dbca22f15e188670cbd4a2/tp_1_pp_0-V.pt
2026-09-07 11:32:22,537 - root - INFO - Skipping SVD for worker=tp_2_pp_0 kv=K: artifact already exists at /root/.cache/KVTC/calibrations/Qwen3-235B-A22B-7d34567f/tp-16-pp-1/config-e4bf2892e3ff71a0/v1-noquant/kvtc.pt.tmp.svd-artifacts/kvtc-v1-noquant_N-200000_policy-relaxed_q-10000_niter-2_47be5bd14dfc2df390d52b125ddf4de9a8e24ff8fac703c8ce7dc2f3d2a38d5a/selection-bb6b2a452c81d257aa23b88b7de6515a2e083e8491dbca22f15e188670cbd4a2/tp_2_pp_0-K.pt
2026-09-07 11:32:22,537 - root - INFO - Skipping SVD for worker=tp_2_pp_0 kv=V: artifact already exists at /root/.cache/KVTC/calibrations/Qwen3-235B-A22B-7d34567f/tp-16-pp-1/config-e4bf2892e3ff71a0/v1-noquant/kvtc.pt.tmp.svd-artifacts/kvtc-v1-noquant_N-200000_policy-relaxed_q-10000_niter-2_47be5bd14dfc2df390d52b125ddf4de9a8e24ff8fac703c8ce7dc2f3d2a38d5a/selection-bb6b2a452c81d257aa23b88b7de6515a2e083e8491dbca22f15e188670cbd4a2/tp_2_pp_0-V.pt
2026-09-07 11:32:22,538 - root - INFO - Skipping SVD for worker=tp_3_pp_0 kv=K: artifact already exists at /root/.cache/KVTC/calibrations/Qwen3-235B-A22B-7d34567f/tp-16-pp-1/config-e4bf2892e3ff71a0/v1-noquant/kvtc.pt.tmp.svd-artifacts/kvtc-v1-noquant_N-200000_policy-relaxed_q-10000_niter-2_47be5bd14dfc2df390d52b125ddf4de9a8e24ff8fac703c8ce7dc2f3d2a38d5a/selection-bb6b2a452c81d257aa23b88b7de6515a2e083e8491dbca22f15e188670cbd4a2/tp_3_pp_0-K.pt
2026-09-07 11:32:22,538 - root - INFO - Skipping SVD for worker=tp_3_pp_0 kv=V: artifact already exists at /root/.cache/KVTC/calibrations/Qwen3-235B-A22B-7d34567f/tp-16-pp-1/config-e4bf2892e3ff71a0/v1-noquant/kvtc.pt.tmp.svd-artifacts/kvtc-v1-noquant_N-200000_policy-relaxed_q-10000_niter-2_47be5bd14dfc2df390d52b125ddf4de9a8e24ff8fac703c8ce7dc2f3d2a38d5a/selection-bb6b2a452c81d257aa23b88b7de6515a2e083e8491dbca22f15e188670cbd4a2/tp_3_pp_0-V.pt
2026-09-07 11:32:22,539 - root - INFO - Skipping SVD for worker=tp_4_pp_0 kv=K: artifact already exists at /root/.cache/KVTC/calibrations/Qwen3-235B-A22B-7d34567f/tp-16-pp-1/config-e4bf2892e3ff71a0/v1-noquant/kvtc.pt.tmp.svd-artifacts/kvtc-v1-noquant_N-200000_policy-relaxed_q-10000_niter-2_47be5bd14dfc2df390d52b125ddf4de9a8e24ff8fac703c8ce7dc2f3d2a38d5a/selection-bb6b2a452c81d257aa23b88b7de6515a2e083e8491dbca22f15e188670cbd4a2/tp_4_pp_0-K.pt
2026-09-07 11:32:22,540 - root - INFO - Skipping SVD for worker=tp_4_pp_0 kv=V: artifact already exists at /root/.cache/KVTC/calibrations/Qwen3-235B-A22B-7d34567f/tp-16-pp-1/config-e4bf2892e3ff71a0/v1-noquant/kvtc.pt.tmp.svd-artifacts/kvtc-v1-noquant_N-200000_policy-relaxed_q-10000_niter-2_47be5bd14dfc2df390d52b125ddf4de9a8e24ff8fac703c8ce7dc2f3d2a38d5a/selection-bb6b2a452c81d257aa23b88b7de6515a2e083e8491dbca22f15e188670cbd4a2/tp_4_pp_0-V.pt
2026-09-07 11:32:22,540 - root - INFO - Skipping SVD for worker=tp_5_pp_0 kv=K: artifact already exists at /root/.cache/KVTC/calibrations/Qwen3-235B-A22B-7d34567f/tp-16-pp-1/config-e4bf2892e3ff71a0/v1-noquant/kvtc.pt.tmp.svd-artifacts/kvtc-v1-noquant_N-200000_policy-relaxed_q-10000_niter-2_47be5bd14dfc2df390d52b125ddf4de9a8e24ff8fac703c8ce7dc2f3d2a38d5a/selection-bb6b2a452c81d257aa23b88b7de6515a2e083e8491dbca22f15e188670cbd4a2/tp_5_pp_0-K.pt
2026-09-07 11:32:22,541 - root - INFO - Skipping SVD for worker=tp_5_pp_0 kv=V: artifact already exists at /root/.cache/KVTC/calibrations/Qwen3-235B-A22B-7d34567f/tp-16-pp-1/config-e4bf2892e3ff71a0/v1-noquant/kvtc.pt.tmp.svd-artifacts/kvtc-v1-noquant_N-200000_policy-relaxed_q-10000_niter-2_47be5bd14dfc2df390d52b125ddf4de9a8e24ff8fac703c8ce7dc2f3d2a38d5a/selection-bb6b2a452c81d257aa23b88b7de6515a2e083e8491dbca22f15e188670cbd4a2/tp_5_pp_0-V.pt
2026-09-07 11:32:22,541 - root - INFO - Skipping SVD for worker=tp_6_pp_0 kv=K: artifact already exists at /root/.cache/KVTC/calibrations/Qwen3-235B-A22B-7d34567f/tp-16-pp-1/config-e4bf2892e3ff71a0/v1-noquant/kvtc.pt.tmp.svd-artifacts/kvtc-v1-noquant_N-200000_policy-relaxed_q-10000_niter-2_47be5bd14dfc2df390d52b125ddf4de9a8e24ff8fac703c8ce7dc2f3d2a38d5a/selection-bb6b2a452c81d257aa23b88b7de6515a2e083e8491dbca22f15e188670cbd4a2/tp_6_pp_0-K.pt
2026-09-07 11:32:22,542 - root - INFO - Skipping SVD for worker=tp_6_pp_0 kv=V: artifact already exists at /root/.cache/KVTC/calibrations/Qwen3-235B-A22B-7d34567f/tp-16-pp-1/config-e4bf2892e3ff71a0/v1-noquant/kvtc.pt.tmp.svd-artifacts/kvtc-v1-noquant_N-200000_policy-relaxed_q-10000_niter-2_47be5bd14dfc2df390d52b125ddf4de9a8e24ff8fac703c8ce7dc2f3d2a38d5a/selection-bb6b2a452c81d257aa23b88b7de6515a2e083e8491dbca22f15e188670cbd4a2/tp_6_pp_0-V.pt
2026-09-07 11:32:22,542 - root - INFO - Skipping SVD for worker=tp_7_pp_0 kv=K: artifact already exists at /root/.cache/KVTC/calibrations/Qwen3-235B-A22B-7d34567f/tp-16-pp-1/config-e4bf2892e3ff71a0/v1-noquant/kvtc.pt.tmp.svd-artifacts/kvtc-v1-noquant_N-200000_policy-relaxed_q-10000_niter-2_47be5bd14dfc2df390d52b125ddf4de9a8e24ff8fac703c8ce7dc2f3d2a38d5a/selection-bb6b2a452c81d257aa23b88b7de6515a2e083e8491dbca22f15e188670cbd4a2/tp_7_pp_0-K.pt
2026-09-07 11:32:22,543 - root - INFO - Skipping SVD for worker=tp_7_pp_0 kv=V: artifact already exists at /root/.cache/KVTC/calibrations/Qwen3-235B-A22B-7d34567f/tp-16-pp-1/config-e4bf2892e3ff71a0/v1-noquant/kvtc.pt.tmp.svd-artifacts/kvtc-v1-noquant_N-200000_policy-relaxed_q-10000_niter-2_47be5bd14dfc2df390d52b125ddf4de9a8e24ff8fac703c8ce7dc2f3d2a38d5a/selection-bb6b2a452c81d257aa23b88b7de6515a2e083e8491dbca22f15e188670cbd4a2/tp_7_pp_0-V.pt
2026-09-07 11:32:22,544 - root - INFO - Skipping SVD for worker=tp_8_pp_0 kv=K: artifact already exists at /root/.cache/KVTC/calibrations/Qwen3-235B-A22B-7d34567f/tp-16-pp-1/config-e4bf2892e3ff71a0/v1-noquant/kvtc.pt.tmp.svd-artifacts/kvtc-v1-noquant_N-200000_policy-relaxed_q-10000_niter-2_47be5bd14dfc2df390d52b125ddf4de9a8e24ff8fac703c8ce7dc2f3d2a38d5a/selection-bb6b2a452c81d257aa23b88b7de6515a2e083e8491dbca22f15e188670cbd4a2/tp_8_pp_0-K.pt
2026-09-07 11:32:22,544 - root - INFO - Skipping SVD for worker=tp_8_pp_0 kv=V: artifact already exists at /root/.cache/KVTC/calibrations/Qwen3-235B-A22B-7d34567f/tp-16-pp-1/config-e4bf2892e3ff71a0/v1-noquant/kvtc.pt.tmp.svd-artifacts/kvtc-v1-noquant_N-200000_policy-relaxed_q-10000_niter-2_47be5bd14dfc2df390d52b125ddf4de9a8e24ff8fac703c8ce7dc2f3d2a38d5a/selection-bb6b2a452c81d257aa23b88b7de6515a2e083e8491dbca22f15e188670cbd4a2/tp_8_pp_0-V.pt
2026-09-07 11:32:22,545 - root - INFO - Skipping SVD for worker=tp_9_pp_0 kv=K: artifact already exists at /root/.cache/KVTC/calibrations/Qwen3-235B-A22B-7d34567f/tp-16-pp-1/config-e4bf2892e3ff71a0/v1-noquant/kvtc.pt.tmp.svd-artifacts/kvtc-v1-noquant_N-200000_policy-relaxed_q-10000_niter-2_47be5bd14dfc2df390d52b125ddf4de9a8e24ff8fac703c8ce7dc2f3d2a38d5a/selection-bb6b2a452c81d257aa23b88b7de6515a2e083e8491dbca22f15e188670cbd4a2/tp_9_pp_0-K.pt
2026-09-07 11:32:22,546 - root - INFO - Skipping SVD for worker=tp_10_pp_0 kv=K: artifact already exists at /root/.cache/KVTC/calibrations/Qwen3-235B-A22B-7d34567f/tp-16-pp-1/config-e4bf2892e3ff71a0/v1-noquant/kvtc.pt.tmp.svd-artifacts/kvtc-v1-noquant_N-200000_policy-relaxed_q-10000_niter-2_47be5bd14dfc2df390d52b125ddf4de9a8e24ff8fac703c8ce7dc2f3d2a38d5a/selection-bb6b2a452c81d257aa23b88b7de6515a2e083e8491dbca22f15e188670cbd4a2/tp_10_pp_0-K.pt
2026-09-07 11:32:22,551 - root - INFO - SVD jobs: 20 reused, 12 scheduled, 32 total
2026-09-07 11:32:22,551 - root - INFO - START SVD for data at [PosixPath('/root/.cache/KVTC/calibrations/Qwen3-235B-A22B-7d34567f/tp-16-pp-1/config-e4bf2892e3ff71a0/dump/fineweb'), PosixPath('/root/.cache/KVTC/calibrations/Qwen3-235B-A22B-7d34567f/tp-16-pp-1/config-e4bf2892e3ff71a0/dump/openmath')]/KV.V* q=10000 iter=2
2026-09-07 11:32:22,551 - root - INFO - START SVD for data at [PosixPath('/root/.cache/KVTC/calibrations/Qwen3-235B-A22B-7d34567f/tp-16-pp-1/config-e4bf2892e3ff71a0/dump/fineweb'), PosixPath('/root/.cache/KVTC/calibrations/Qwen3-235B-A22B-7d34567f/tp-16-pp-1/config-e4bf2892e3ff71a0/dump/openmath')]/KV.V* q=10000 iter=2
2026-09-07 11:32:22,551 - root - INFO - Load tensors and sample
2026-09-07 11:32:22,552 - root - INFO - START SVD for data at [PosixPath('/root/.cache/KVTC/calibrations/Qwen3-235B-A22B-7d34567f/tp-16-pp-1/config-e4bf2892e3ff71a0/dump/fineweb'), PosixPath('/root/.cache/KVTC/calibrations/Qwen3-235B-A22B-7d34567f/tp-16-pp-1/config-e4bf2892e3ff71a0/dump/openmath')]/KV.K* q=10000 iter=2
2026-09-07 11:32:22,552 - root - INFO - Load tensors and sample
2026-09-07 11:32:22,552 - root - INFO - START SVD for data at [PosixPath('/root/.cache/KVTC/calibrations/Qwen3-235B-A22B-7d34567f/tp-16-pp-1/config-e4bf2892e3ff71a0/dump/fineweb'), PosixPath('/root/.cache/KVTC/calibrations/Qwen3-235B-A22B-7d34567f/tp-16-pp-1/config-e4bf2892e3ff71a0/dump/openmath')]/KV.V* q=10000 iter=2
2026-09-07 11:32:22,553 - root - INFO - Load tensors, undo rope and sample
2026-09-07 11:32:22,553 - root - INFO - Load tensors and sample
2026-09-07 11:32:23,140 - root - INFO - Loaded (1336, 94, 1, 128) from 8dfa5e5abb0348f9b2de011e342097a2
2026-09-07 11:32:23,208 - root - INFO - Original tokens: torch.Size([1336, 94, 1, 128]). Sampled tokens: torch.Size([730, 94, 1, 128])
2026-09-07 11:32:23,361 - root - INFO - Loaded (2949, 94, 1, 128) from 2d6e6c9d7fee4d2dad0eb8cac5c3090b
2026-09-07 11:32:23,373 - root - INFO - Original tokens: torch.Size([2949, 94, 1, 128]). Sampled tokens: torch.Size([730, 94, 1, 128])
2026-09-07 11:32:23,387 - root - INFO - Loaded (2949, 94, 1, 128) from 2d6e6c9d7fee4d2dad0eb8cac5c3090b
2026-09-07 11:32:23,402 - root - INFO - Loaded (2949, 94, 1, 128) from 2d6e6c9d7fee4d2dad0eb8cac5c3090b
2026-09-07 11:32:23,404 - root - INFO - Original tokens: torch.Size([2949, 94, 1, 128]). Sampled tokens: torch.Size([730, 94, 1, 128])
2026-09-07 11:32:23,415 - root - INFO - Original tokens: torch.Size([2949, 94, 1, 128]). Sampled tokens: torch.Size([730, 94, 1, 128])
2026-09-07 11:32:23,895 - root - INFO - Loaded (2123, 94, 1, 128) from 6afaec34a4a34c39ac568d7b7e93acc6
2026-09-07 11:32:23,943 - root - INFO - Original tokens: torch.Size([2123, 94, 1, 128]). Sampled tokens: torch.Size([730, 94, 1, 128])
2026-09-07 11:32:24,185 - root - INFO - Loaded (3172, 94, 1, 128) from a16d65ea80904b1e96718c2c00e210a6
2026-09-07 11:32:24,194 - root - INFO - Loaded (3172, 94, 1, 128) from a16d65ea80904b1e96718c2c00e210a6
2026-09-07 11:32:24,195 - root - INFO - Original tokens: torch.Size([3172, 94, 1, 128]). Sampled tokens: torch.Size([730, 94, 1, 128])
2026-09-07 11:32:24,206 - root - INFO - Original tokens: torch.Size([3172, 94, 1, 128]). Sampled tokens: torch.Size([730, 94, 1, 128])
2026-09-07 11:32:24,227 - root - INFO - Loaded (3172, 94, 1, 128) from a16d65ea80904b1e96718c2c00e210a6
2026-09-07 11:32:24,242 - root - INFO - Original tokens: torch.Size([3172, 94, 1, 128]). Sampled tokens: torch.Size([730, 94, 1, 128])
2026-09-07 11:32:24,545 - root - INFO - Loaded (1027, 94, 1, 128) from ec21efb8eb844e16beebcff0467e4f99
2026-09-07 11:32:24,600 - root - INFO - Original tokens: torch.Size([1027, 94, 1, 128]). Sampled tokens: torch.Size([730, 94, 1, 128])
2026-09-07 11:32:24,940 - root - INFO - Loaded (2300, 94, 1, 128) from 872b8db8585e4e398b6a6dd84920bc35
2026-09-07 11:32:24,949 - root - INFO - Original tokens: torch.Size([2300, 94, 1, 128]). Sampled tokens: torch.Size([730, 94, 1, 128])
2026-09-07 11:32:24,954 - root - INFO - Loaded (2300, 94, 1, 128) from 872b8db8585e4e398b6a6dd84920bc35
2026-09-07 11:32:24,964 - root - INFO - Original tokens: torch.Size([2300, 94, 1, 128]). Sampled tokens: torch.Size([730, 94, 1, 128])
2026-09-07 11:32:24,986 - root - INFO - Loaded (2300, 94, 1, 128) from 872b8db8585e4e398b6a6dd84920bc35
2026-09-07 11:32:24,999 - root - INFO - Original tokens: torch.Size([2300, 94, 1, 128]). Sampled tokens: torch.Size([730, 94, 1, 128])
2026-09-07 11:32:25,194 - root - INFO - Loaded (1520, 94, 1, 128) from 5869f4575ef2449fba3299f82c5370d9
2026-09-07 11:32:25,240 - root - INFO - Original tokens: torch.Size([1520, 94, 1, 128]). Sampled tokens: torch.Size([730, 94, 1, 128])
2026-09-07 11:32:25,513 - root - INFO - Loaded (1130, 94, 1, 128) from 46e1fb49284646f5b711e119ffbb0b18
2026-09-07 11:32:25,524 - root - INFO - Original tokens: torch.Size([1130, 94, 1, 128]). Sampled tokens: torch.Size([730, 94, 1, 128])
2026-09-07 11:32:25,537 - root - INFO - Loaded (1130, 94, 1, 128) from 46e1fb49284646f5b711e119ffbb0b18
2026-09-07 11:32:25,548 - root - INFO - Original tokens: torch.Size([1130, 94, 1, 128]). Sampled tokens: torch.Size([730, 94, 1, 128])
2026-09-07 11:32:25,555 - root - INFO - Loaded (1130, 94, 1, 128) from 46e1fb49284646f5b711e119ffbb0b18
2026-09-07 11:32:25,567 - root - INFO - Original tokens: torch.Size([1130, 94, 1, 128]). Sampled tokens: torch.Size([730, 94, 1, 128])
2026-09-07 11:32:25,956 - root - INFO - Loaded (3046, 94, 1, 128) from bda6ca976a064c8cb10cbad2c5709604
2026-09-07 11:32:26,004 - root - INFO - Original tokens: torch.Size([3046, 94, 1, 128]). Sampled tokens: torch.Size([730, 94, 1, 128])
2026-09-07 11:32:26,254 - root - INFO - Loaded (2831, 94, 1, 128) from bf2c445287b840d78c21d61b89323e8b
2026-09-07 11:32:26,264 - root - INFO - Original tokens: torch.Size([2831, 94, 1, 128]). Sampled tokens: torch.Size([730, 94, 1, 128])
2026-09-07 11:32:26,280 - root - INFO - Loaded (2831, 94, 1, 128) from bf2c445287b840d78c21d61b89323e8b
2026-09-07 11:32:26,283 - root - INFO - Loaded (2831, 94, 1, 128) from bf2c445287b840d78c21d61b89323e8b
2026-09-07 11:32:26,305 - root - INFO - Original tokens: torch.Size([2831, 94, 1, 128]). Sampled tokens: torch.Size([730, 94, 1, 128])
2026-09-07 11:32:26,308 - root - INFO - Original tokens: torch.Size([2831, 94, 1, 128]). Sampled tokens: torch.Size([730, 94, 1, 128])
2026-09-07 11:32:26,578 - root - INFO - Loaded (1285, 94, 1, 128) from e376401fee964a2e9d2beab91210933f
2026-09-07 11:32:26,627 - root - INFO - Original tokens: torch.Size([1285, 94, 1, 128]). Sampled tokens: torch.Size([730, 94, 1, 128])
2026-09-07 11:32:26,851 - root - INFO - Loaded (1168, 94, 1, 128) from 0204d8f812634da0a5893eda38e28daa
2026-09-07 11:32:26,861 - root - INFO - Original tokens: torch.Size([1168, 94, 1, 128]). Sampled tokens: torch.Size([730, 94, 1, 128])
2026-09-07 11:32:26,906 - root - INFO - Loaded (1168, 94, 1, 128) from 0204d8f812634da0a5893eda38e28daa
2026-09-07 11:32:26,916 - root - INFO - Original tokens: torch.Size([1168, 94, 1, 128]). Sampled tokens: torch.Size([730, 94, 1, 128])
2026-09-07 11:32:26,922 - root - INFO - Loaded (1168, 94, 1, 128) from 0204d8f812634da0a5893eda38e28daa
2026-09-07 11:32:26,935 - root - INFO - Original tokens: torch.Size([1168, 94, 1, 128]). Sampled tokens: torch.Size([730, 94, 1, 128])
2026-09-07 11:32:27,296 - root - INFO - Loaded (1993, 94, 1, 128) from f57ac27b0e364574a95702cd68ba5c44
2026-09-07 11:32:27,348 - root - INFO - Original tokens: torch.Size([1993, 94, 1, 128]). Sampled tokens: torch.Size([730, 94, 1, 128])
2026-09-07 11:32:27,476 - root - INFO - Loaded (1485, 94, 1, 128) from 6889102ccb9c4f9a90bf2db9e7183b9d
2026-09-07 11:32:27,487 - root - INFO - Original tokens: torch.Size([1485, 94, 1, 128]). Sampled tokens: torch.Size([730, 94, 1, 128])
2026-09-07 11:32:27,558 - root - INFO - Loaded (1485, 94, 1, 128) from 6889102ccb9c4f9a90bf2db9e7183b9d
2026-09-07 11:32:27,570 - root - INFO - Original tokens: torch.Size([1485, 94, 1, 128]). Sampled tokens: torch.Size([730, 94, 1, 128])
2026-09-07 11:32:27,586 - root - INFO - Loaded (1485, 94, 1, 128) from 6889102ccb9c4f9a90bf2db9e7183b9d
2026-09-07 11:32:27,598 - root - INFO - Original tokens: torch.Size([1485, 94, 1, 128]). Sampled tokens: torch.Size([730, 94, 1, 128])
2026-09-07 11:32:28,042 - root - INFO - Loaded (2031, 94, 1, 128) from 17ec14b5a82b4d2aacfb0e771838bc47
2026-09-07 11:32:28,091 - root - INFO - Original tokens: torch.Size([2031, 94, 1, 128]). Sampled tokens: torch.Size([730, 94, 1, 128])
2026-09-07 11:32:28,219 - root - INFO - Loaded (2021, 94, 1, 128) from d8c8e7d563094c71a7b3121fa194326d
2026-09-07 11:32:28,229 - root - INFO - Original tokens: torch.Size([2021, 94, 1, 128]). Sampled tokens: torch.Size([730, 94, 1, 128])
2026-09-07 11:32:28,256 - root - INFO - Loaded (2021, 94, 1, 128) from d8c8e7d563094c71a7b3121fa194326d
2026-09-07 11:32:28,267 - root - INFO - Original tokens: torch.Size([2021, 94, 1, 128]). Sampled tokens: torch.Size([730, 94, 1, 128])
2026-09-07 11:32:28,275 - root - INFO - Loaded (2021, 94, 1, 128) from d8c8e7d563094c71a7b3121fa194326d
2026-09-07 11:32:28,285 - root - INFO - Original tokens: torch.Size([2021, 94, 1, 128]). Sampled tokens: torch.Size([730, 94, 1, 128])
2026-09-07 11:32:28,674 - root - INFO - Loaded (1392, 94, 1, 128) from 348e174acc804b2fbc5c396d1370f4e8
2026-09-07 11:32:28,719 - root - INFO - Original tokens: torch.Size([1392, 94, 1, 128]). Sampled tokens: torch.Size([730, 94, 1, 128])
2026-09-07 11:32:29,205 - root - INFO - Loaded (4567, 94, 1, 128) from 119bfdaf05ab47acb7c6849daac597b9
2026-09-07 11:32:29,215 - root - INFO - Original tokens: torch.Size([4567, 94, 1, 128]). Sampled tokens: torch.Size([730, 94, 1, 128])
2026-09-07 11:32:29,233 - root - INFO - Loaded (4567, 94, 1, 128) from 119bfdaf05ab47acb7c6849daac597b9
2026-09-07 11:32:29,244 - root - INFO - Original tokens: torch.Size([4567, 94, 1, 128]). Sampled tokens: torch.Size([730, 94, 1, 128])
2026-09-07 11:32:29,283 - root - INFO - Loaded (4567, 94, 1, 128) from 119bfdaf05ab47acb7c6849daac597b9
2026-09-07 11:32:29,293 - root - INFO - Original tokens: torch.Size([4567, 94, 1, 128]). Sampled tokens: torch.Size([730, 94, 1, 128])
2026-09-07 11:32:29,437 - root - INFO - Loaded (2672, 94, 1, 128) from 2f223bc98be44e54af5670bd5770fed9
2026-09-07 11:32:29,489 - root - INFO - Original tokens: torch.Size([2672, 94, 1, 128]). Sampled tokens: torch.Size([730, 94, 1, 128])
2026-09-07 11:32:29,906 - root - INFO - Loaded (2319, 94, 1, 128) from fb4475051e6c49bc8f6c4642b2e8c81a
2026-09-07 11:32:29,916 - root - INFO - Original tokens: torch.Size([2319, 94, 1, 128]). Sampled tokens: torch.Size([730, 94, 1, 128])
2026-09-07 11:32:29,942 - root - INFO - Loaded (2319, 94, 1, 128) from fb4475051e6c49bc8f6c4642b2e8c81a
2026-09-07 11:32:29,951 - root - INFO - Original tokens: torch.Size([2319, 94, 1, 128]). Sampled tokens: torch.Size([730, 94, 1, 128])
2026-09-07 11:32:29,985 - root - INFO - Loaded (2319, 94, 1, 128) from fb4475051e6c49bc8f6c4642b2e8c81a
2026-09-07 11:32:29,994 - root - INFO - Original tokens: torch.Size([2319, 94, 1, 128]). Sampled tokens: torch.Size([730, 94, 1, 128])
2026-09-07 11:32:30,279 - root - INFO - Loaded (3948, 94, 1, 128) from b7d24de017fe43faa704ab128c949d91
2026-09-07 11:32:30,333 - root - INFO - Original tokens: torch.Size([3948, 94, 1, 128]). Sampled tokens: torch.Size([730, 94, 1, 128])
2026-09-07 11:32:30,491 - root - INFO - Loaded (1037, 94, 1, 128) from 9100d1a8d8404885979453721d316efe
2026-09-07 11:32:30,501 - root - INFO - Original tokens: torch.Size([1037, 94, 1, 128]). Sampled tokens: torch.Size([730, 94, 1, 128])
2026-09-07 11:32:30,535 - root - INFO - Loaded (1037, 94, 1, 128) from 9100d1a8d8404885979453721d316efe
2026-09-07 11:32:30,544 - root - INFO - Original tokens: torch.Size([1037, 94, 1, 128]). Sampled tokens: torch.Size([730, 94, 1, 128])
2026-09-07 11:32:30,568 - root - INFO - Loaded (1037, 94, 1, 128) from 9100d1a8d8404885979453721d316efe
2026-09-07 11:32:30,580 - root - INFO - Original tokens: torch.Size([1037, 94, 1, 128]). Sampled tokens: torch.Size([730, 94, 1, 128])
2026-09-07 11:32:31,020 - root - INFO - Loaded (2436, 94, 1, 128) from 7f044385892942b6839bd20c05ea6582
2026-09-07 11:32:31,067 - root - INFO - Original tokens: torch.Size([2436, 94, 1, 128]). Sampled tokens: torch.Size([730, 94, 1, 128])
2026-09-07 11:32:31,150 - root - INFO - Loaded (1532, 94, 1, 128) from ec67970e696041a0941e9819a3b83ec5
2026-09-07 11:32:31,160 - root - INFO - Original tokens: torch.Size([1532, 94, 1, 128]). Sampled tokens: torch.Size([730, 94, 1, 128])
2026-09-07 11:32:31,190 - root - INFO - Loaded (1532, 94, 1, 128) from ec67970e696041a0941e9819a3b83ec5
2026-09-07 11:32:31,200 - root - INFO - Original tokens: torch.Size([1532, 94, 1, 128]). Sampled tokens: torch.Size([730, 94, 1, 128])
2026-09-07 11:32:31,208 - root - INFO - Loaded (1532, 94, 1, 128) from ec67970e696041a0941e9819a3b83ec5
2026-09-07 11:32:31,219 - root - INFO - Original tokens: torch.Size([1532, 94, 1, 128]). Sampled tokens: torch.Size([730, 94, 1, 128])
2026-09-07 11:32:31,820 - root - INFO - Loaded (1618, 94, 1, 128) from 4ac62cfbcc4b4463852a1b0caf43f2c9
2026-09-07 11:32:31,821 - root - INFO - Loaded (2574, 94, 1, 128) from 969aa6d05a724186aa2dc4d285cf86c9
2026-09-07 11:32:31,830 - root - INFO - Original tokens: torch.Size([1618, 94, 1, 128]). Sampled tokens: torch.Size([730, 94, 1, 128])
2026-09-07 11:32:31,875 - root - INFO - Original tokens: torch.Size([2574, 94, 1, 128]). Sampled tokens: torch.Size([730, 94, 1, 128])
2026-09-07 11:32:31,882 - root - INFO - Loaded (1618, 94, 1, 128) from 4ac62cfbcc4b4463852a1b0caf43f2c9
2026-09-07 11:32:31,884 - root - INFO - Loaded (1618, 94, 1, 128) from 4ac62cfbcc4b4463852a1b0caf43f2c9
2026-09-07 11:32:31,912 - root - INFO - Original tokens: torch.Size([1618, 94, 1, 128]). Sampled tokens: torch.Size([730, 94, 1, 128])
2026-09-07 11:32:31,913 - root - INFO - Original tokens: torch.Size([1618, 94, 1, 128]). Sampled tokens: torch.Size([730, 94, 1, 128])
2026-09-07 11:32:32,490 - root - INFO - Loaded (1418, 94, 1, 128) from 51f5508fce3849dda8630fa093f4e012
2026-09-07 11:32:32,499 - root - INFO - Original tokens: torch.Size([1418, 94, 1, 128]). Sampled tokens: torch.Size([730, 94, 1, 128])
2026-09-07 11:32:32,567 - root - INFO - Loaded (1418, 94, 1, 128) from 51f5508fce3849dda8630fa093f4e012
2026-09-07 11:32:32,571 - root - INFO - Loaded (1418, 94, 1, 128) from 51f5508fce3849dda8630fa093f4e012
2026-09-07 11:32:32,580 - root - INFO - Original tokens: torch.Size([1418, 94, 1, 128]). Sampled tokens: torch.Size([730, 94, 1, 128])
2026-09-07 11:32:32,584 - root - INFO - Loaded (1270, 94, 1, 128) from 36813b9e7f804fc3b59697b7be5dd5d8
2026-09-07 11:32:32,584 - root - INFO - Original tokens: torch.Size([1418, 94, 1, 128]). Sampled tokens: torch.Size([730, 94, 1, 128])
2026-09-07 11:32:32,635 - root - INFO - Original tokens: torch.Size([1270, 94, 1, 128]). Sampled tokens: torch.Size([730, 94, 1, 128])
2026-09-07 11:32:33,155 - root - INFO - Loaded (1681, 94, 1, 128) from d5337f72fa80412ba863f9e5c5559d25
2026-09-07 11:32:33,164 - root - INFO - Original tokens: torch.Size([1681, 94, 1, 128]). Sampled tokens: torch.Size([730, 94, 1, 128])
2026-09-07 11:32:33,217 - root - INFO - Loaded (1681, 94, 1, 128) from d5337f72fa80412ba863f9e5c5559d25
2026-09-07 11:32:33,226 - root - INFO - Original tokens: torch.Size([1681, 94, 1, 128]). Sampled tokens: torch.Size([730, 94, 1, 128])
2026-09-07 11:32:33,227 - root - INFO - Loaded (1681, 94, 1, 128) from d5337f72fa80412ba863f9e5c5559d25
2026-09-07 11:32:33,239 - root - INFO - Original tokens: torch.Size([1681, 94, 1, 128]). Sampled tokens: torch.Size([730, 94, 1, 128])
2026-09-07 11:32:33,311 - root - INFO - Loaded (1915, 94, 1, 128) from a94982751d02421e808f08cf2d87d65d
2026-09-07 11:32:33,361 - root - INFO - Original tokens: torch.Size([1915, 94, 1, 128]). Sampled tokens: torch.Size([730, 94, 1, 128])
2026-09-07 11:32:33,749 - root - INFO - Loaded (1330, 94, 1, 128) from 4a9a02c624f24c86aa024887f0b73cc5
2026-09-07 11:32:33,759 - root - INFO - Original tokens: torch.Size([1330, 94, 1, 128]). Sampled tokens: torch.Size([730, 94, 1, 128])
2026-09-07 11:32:33,831 - root - INFO - Loaded (1330, 94, 1, 128) from 4a9a02c624f24c86aa024887f0b73cc5
2026-09-07 11:32:33,840 - root - INFO - Original tokens: torch.Size([1330, 94, 1, 128]). Sampled tokens: torch.Size([730, 94, 1, 128])
2026-09-07 11:32:33,863 - root - INFO - Loaded (1330, 94, 1, 128) from 4a9a02c624f24c86aa024887f0b73cc5
2026-09-07 11:32:33,874 - root - INFO - Original tokens: torch.Size([1330, 94, 1, 128]). Sampled tokens: torch.Size([730, 94, 1, 128])
2026-09-07 11:32:33,968 - root - INFO - Loaded (1130, 94, 1, 128) from 46e1fb49284646f5b711e119ffbb0b18
2026-09-07 11:32:34,019 - root - INFO - Original tokens: torch.Size([1130, 94, 1, 128]). Sampled tokens: torch.Size([730, 94, 1, 128])
2026-09-07 11:32:34,616 - root - INFO - Loaded (3776, 94, 1, 128) from f418ec52b20d45ea8b20f15bde46978c
2026-09-07 11:32:34,627 - root - INFO - Original tokens: torch.Size([3776, 94, 1, 128]). Sampled tokens: torch.Size([730, 94, 1, 128])
2026-09-07 11:32:34,724 - root - INFO - Loaded (3776, 94, 1, 128) from f418ec52b20d45ea8b20f15bde46978c
2026-09-07 11:32:34,734 - root - INFO - Original tokens: torch.Size([3776, 94, 1, 128]). Sampled tokens: torch.Size([730, 94, 1, 128])
2026-09-07 11:32:34,740 - root - INFO - Loaded (3776, 94, 1, 128) from f418ec52b20d45ea8b20f15bde46978c
2026-09-07 11:32:34,750 - root - INFO - Original tokens: torch.Size([3776, 94, 1, 128]). Sampled tokens: torch.Size([730, 94, 1, 128])
2026-09-07 11:32:34,757 - root - INFO - Loaded (1681, 94, 1, 128) from d5337f72fa80412ba863f9e5c5559d25
2026-09-07 11:32:34,806 - root - INFO - Original tokens: torch.Size([1681, 94, 1, 128]). Sampled tokens: torch.Size([730, 94, 1, 128])
2026-09-07 11:32:35,235 - root - INFO - Loaded (1329, 94, 1, 128) from 98e0649fccc941ac95dcc781e73d960d
2026-09-07 11:32:35,245 - root - INFO - Original tokens: torch.Size([1329, 94, 1, 128]). Sampled tokens: torch.Size([730, 94, 1, 128])
2026-09-07 11:32:35,355 - root - INFO - Loaded (1329, 94, 1, 128) from 98e0649fccc941ac95dcc781e73d960d
2026-09-07 11:32:35,365 - root - INFO - Loaded (1329, 94, 1, 128) from 98e0649fccc941ac95dcc781e73d960d
2026-09-07 11:32:35,365 - root - INFO - Original tokens: torch.Size([1329, 94, 1, 128]). Sampled tokens: torch.Size([730, 94, 1, 128])
2026-09-07 11:32:35,377 - root - INFO - Original tokens: torch.Size([1329, 94, 1, 128]). Sampled tokens: torch.Size([730, 94, 1, 128])
2026-09-07 11:32:35,511 - root - INFO - Loaded (2152, 94, 1, 128) from 08e6ddcd7c2c46c58dfcd57996879c22
2026-09-07 11:32:35,569 - root - INFO - Original tokens: torch.Size([2152, 94, 1, 128]). Sampled tokens: torch.Size([730, 94, 1, 128])
2026-09-07 11:32:36,086 - root - INFO - Loaded (3543, 94, 1, 128) from 781fc55da0dd47b89a98465b6a42fd4b
2026-09-07 11:32:36,095 - root - INFO - Original tokens: torch.Size([3543, 94, 1, 128]). Sampled tokens: torch.Size([730, 94, 1, 128])
2026-09-07 11:32:36,184 - root - INFO - Loaded (3543, 94, 1, 128) from 781fc55da0dd47b89a98465b6a42fd4b
2026-09-07 11:32:36,192 - root - INFO - Loaded (3543, 94, 1, 128) from 781fc55da0dd47b89a98465b6a42fd4b
2026-09-07 11:32:36,195 - root - INFO - Original tokens: torch.Size([3543, 94, 1, 128]). Sampled tokens: torch.Size([730, 94, 1, 128])
2026-09-07 11:32:36,206 - root - INFO - Original tokens: torch.Size([3543, 94, 1, 128]). Sampled tokens: torch.Size([730, 94, 1, 128])
2026-09-07 11:32:36,221 - root - INFO - Loaded (1346, 94, 1, 128) from 0348b79d0ae1499f8e8325bd4575209a
2026-09-07 11:32:36,270 - root - INFO - Original tokens: torch.Size([1346, 94, 1, 128]). Sampled tokens: torch.Size([730, 94, 1, 128])
2026-09-07 11:32:36,775 - root - INFO - Loaded (1915, 94, 1, 128) from a94982751d02421e808f08cf2d87d65d
2026-09-07 11:32:36,784 - root - INFO - Original tokens: torch.Size([1915, 94, 1, 128]). Sampled tokens: torch.Size([730, 94, 1, 128])
2026-09-07 11:32:36,878 - root - INFO - Loaded (1915, 94, 1, 128) from a94982751d02421e808f08cf2d87d65d
2026-09-07 11:32:36,890 - root - INFO - Original tokens: torch.Size([1915, 94, 1, 128]). Sampled tokens: torch.Size([730, 94, 1, 128])
2026-09-07 11:32:36,912 - root - INFO - Loaded (1915, 94, 1, 128) from a94982751d02421e808f08cf2d87d65d
2026-09-07 11:32:36,924 - root - INFO - Original tokens: torch.Size([1915, 94, 1, 128]). Sampled tokens: torch.Size([730, 94, 1, 128])
2026-09-07 11:32:37,100 - root - INFO - Loaded (4045, 94, 1, 128) from 0c60800890ec489f9910e48b5e51f19d
2026-09-07 11:32:37,154 - root - INFO - Original tokens: torch.Size([4045, 94, 1, 128]). Sampled tokens: torch.Size([730, 94, 1, 128])
2026-09-07 11:32:37,775 - root - INFO - Loaded (4880, 94, 1, 128) from 9255e7f1c509487098bf2928bbe0fbb3
2026-09-07 11:32:37,785 - root - INFO - Original tokens: torch.Size([4880, 94, 1, 128]). Sampled tokens: torch.Size([730, 94, 1, 128])
2026-09-07 11:32:37,811 - root - INFO - Loaded (1125, 94, 1, 128) from ab92e0b6b48f4edb9bc0603c16818f35
2026-09-07 11:32:37,862 - root - INFO - Original tokens: torch.Size([1125, 94, 1, 128]). Sampled tokens: torch.Size([730, 94, 1, 128])
2026-09-07 11:32:37,922 - root - INFO - Loaded (4880, 94, 1, 128) from 9255e7f1c509487098bf2928bbe0fbb3
2026-09-07 11:32:37,934 - root - INFO - Original tokens: torch.Size([4880, 94, 1, 128]). Sampled tokens: torch.Size([730, 94, 1, 128])
2026-09-07 11:32:37,953 - root - INFO - Loaded (4880, 94, 1, 128) from 9255e7f1c509487098bf2928bbe0fbb3
2026-09-07 11:32:37,965 - root - INFO - Original tokens: torch.Size([4880, 94, 1, 128]). Sampled tokens: torch.Size([730, 94, 1, 128])
2026-09-07 11:32:38,419 - root - INFO - Loaded (1336, 94, 1, 128) from 8dfa5e5abb0348f9b2de011e342097a2
2026-09-07 11:32:38,430 - root - INFO - Original tokens: torch.Size([1336, 94, 1, 128]). Sampled tokens: torch.Size([730, 94, 1, 128])
2026-09-07 11:32:38,559 - root - INFO - Loaded (1942, 94, 1, 128) from f6bd9c7b0f8f41d4b62a4aed50f77c29
2026-09-07 11:32:38,604 - root - INFO - Original tokens: torch.Size([1942, 94, 1, 128]). Sampled tokens: torch.Size([730, 94, 1, 128])
2026-09-07 11:32:38,611 - root - INFO - Loaded (1336, 94, 1, 128) from 8dfa5e5abb0348f9b2de011e342097a2
2026-09-07 11:32:38,622 - root - INFO - Loaded (1336, 94, 1, 128) from 8dfa5e5abb0348f9b2de011e342097a2
2026-09-07 11:32:38,623 - root - INFO - Original tokens: torch.Size([1336, 94, 1, 128]). Sampled tokens: torch.Size([730, 94, 1, 128])
2026-09-07 11:32:38,639 - root - INFO - Original tokens: torch.Size([1336, 94, 1, 128]). Sampled tokens: torch.Size([730, 94, 1, 128])
2026-09-07 11:32:39,156 - root - INFO - Loaded (2436, 94, 1, 128) from 7f044385892942b6839bd20c05ea6582
2026-09-07 11:32:39,165 - root - INFO - Original tokens: torch.Size([2436, 94, 1, 128]). Sampled tokens: torch.Size([730, 94, 1, 128])
2026-09-07 11:32:39,273 - root - INFO - Loaded (1618, 94, 1, 128) from 4ac62cfbcc4b4463852a1b0caf43f2c9
2026-09-07 11:32:39,317 - root - INFO - Loaded (2436, 94, 1, 128) from 7f044385892942b6839bd20c05ea6582
2026-09-07 11:32:39,318 - root - INFO - Original tokens: torch.Size([1618, 94, 1, 128]). Sampled tokens: torch.Size([730, 94, 1, 128])
2026-09-07 11:32:39,328 - root - INFO - Original tokens: torch.Size([2436, 94, 1, 128]). Sampled tokens: torch.Size([730, 94, 1, 128])
2026-09-07 11:32:39,347 - root - INFO - Loaded (2436, 94, 1, 128) from 7f044385892942b6839bd20c05ea6582
2026-09-07 11:32:39,358 - root - INFO - Original tokens: torch.Size([2436, 94, 1, 128]). Sampled tokens: torch.Size([730, 94, 1, 128])
2026-09-07 11:32:39,866 - root - INFO - Loaded (2068, 94, 1, 128) from cc1875751ad64c5097a8ede1d232f11e
2026-09-07 11:32:39,874 - root - INFO - Original tokens: torch.Size([2068, 94, 1, 128]). Sampled tokens: torch.Size([730, 94, 1, 128])
2026-09-07 11:32:39,930 - root - INFO - Loaded (1170, 94, 1, 128) from b4d611e719f24f2487daaa615dbc68e7
2026-09-07 11:32:39,978 - root - INFO - Original tokens: torch.Size([1170, 94, 1, 128]). Sampled tokens: torch.Size([730, 94, 1, 128])
2026-09-07 11:32:40,004 - root - INFO - Loaded (2068, 94, 1, 128) from cc1875751ad64c5097a8ede1d232f11e
2026-09-07 11:32:40,015 - root - INFO - Original tokens: torch.Size([2068, 94, 1, 128]). Sampled tokens: torch.Size([730, 94, 1, 128])
2026-09-07 11:32:40,051 - root - INFO - Loaded (2068, 94, 1, 128) from cc1875751ad64c5097a8ede1d232f11e
2026-09-07 11:32:40,067 - root - INFO - Original tokens: torch.Size([2068, 94, 1, 128]). Sampled tokens: torch.Size([730, 94, 1, 128])
2026-09-07 11:32:40,568 - root - INFO - Loaded (1942, 94, 1, 128) from f6bd9c7b0f8f41d4b62a4aed50f77c29
2026-09-07 11:32:40,578 - root - INFO - Original tokens: torch.Size([1942, 94, 1, 128]). Sampled tokens: torch.Size([730, 94, 1, 128])
2026-09-07 11:32:40,713 - root - INFO - Loaded (1942, 94, 1, 128) from f6bd9c7b0f8f41d4b62a4aed50f77c29
2026-09-07 11:32:40,725 - root - INFO - Original tokens: torch.Size([1942, 94, 1, 128]). Sampled tokens: torch.Size([730, 94, 1, 128])
2026-09-07 11:32:40,767 - root - INFO - Loaded (1942, 94, 1, 128) from f6bd9c7b0f8f41d4b62a4aed50f77c29
2026-09-07 11:32:40,777 - root - INFO - Original tokens: torch.Size([1942, 94, 1, 128]). Sampled tokens: torch.Size([730, 94, 1, 128])
2026-09-07 11:32:40,789 - root - INFO - Loaded (3170, 94, 1, 128) from c0d4c301323f43e8b7a09743e3374bf0
2026-09-07 11:32:40,843 - root - INFO - Original tokens: torch.Size([3170, 94, 1, 128]). Sampled tokens: torch.Size([730, 94, 1, 128])
2026-09-07 11:32:41,353 - root - INFO - Loaded (2698, 94, 1, 128) from cdeb6438942e42e6ba51c2406f74d083
2026-09-07 11:32:41,362 - root - INFO - Original tokens: torch.Size([2698, 94, 1, 128]). Sampled tokens: torch.Size([730, 94, 1, 128])
2026-09-07 11:32:41,499 - root - INFO - Loaded (2698, 94, 1, 128) from cdeb6438942e42e6ba51c2406f74d083
2026-09-07 11:32:41,507 - root - INFO - Original tokens: torch.Size([2698, 94, 1, 128]). Sampled tokens: torch.Size([730, 94, 1, 128])
2026-09-07 11:32:41,564 - root - INFO - Loaded (2698, 94, 1, 128) from cdeb6438942e42e6ba51c2406f74d083
2026-09-07 11:32:41,575 - root - INFO - Original tokens: torch.Size([2698, 94, 1, 128]). Sampled tokens: torch.Size([730, 94, 1, 128])
2026-09-07 11:32:41,621 - root - INFO - Loaded (2831, 94, 1, 128) from bf2c445287b840d78c21d61b89323e8b
2026-09-07 11:32:41,676 - root - INFO - Original tokens: torch.Size([2831, 94, 1, 128]). Sampled tokens: torch.Size([730, 94, 1, 128])
2026-09-07 11:32:42,034 - root - INFO - Loaded (2152, 94, 1, 128) from 08e6ddcd7c2c46c58dfcd57996879c22
2026-09-07 11:32:42,046 - root - INFO - Original tokens: torch.Size([2152, 94, 1, 128]). Sampled tokens: torch.Size([730, 94, 1, 128])
2026-09-07 11:32:42,171 - root - INFO - Loaded (2152, 94, 1, 128) from 08e6ddcd7c2c46c58dfcd57996879c22
2026-09-07 11:32:42,180 - root - INFO - Original tokens: torch.Size([2152, 94, 1, 128]). Sampled tokens: torch.Size([730, 94, 1, 128])
2026-09-07 11:32:42,255 - root - INFO - Loaded (2152, 94, 1, 128) from 08e6ddcd7c2c46c58dfcd57996879c22
2026-09-07 11:32:42,265 - root - INFO - Original tokens: torch.Size([2152, 94, 1, 128]). Sampled tokens: torch.Size([730, 94, 1, 128])
2026-09-07 11:32:42,319 - root - INFO - Loaded (1550, 94, 1, 128) from 1e2890e3b41a40c2b525ee76a9be30fd
2026-09-07 11:32:42,368 - root - INFO - Original tokens: torch.Size([1550, 94, 1, 128]). Sampled tokens: torch.Size([730, 94, 1, 128])
2026-09-07 11:32:42,675 - root - INFO - Loaded (1392, 94, 1, 128) from 348e174acc804b2fbc5c396d1370f4e8
2026-09-07 11:32:42,687 - root - INFO - Original tokens: torch.Size([1392, 94, 1, 128]). Sampled tokens: torch.Size([730, 94, 1, 128])
2026-09-07 11:32:42,797 - root - INFO - Loaded (1392, 94, 1, 128) from 348e174acc804b2fbc5c396d1370f4e8
2026-09-07 11:32:42,807 - root - INFO - Original tokens: torch.Size([1392, 94, 1, 128]). Sampled tokens: torch.Size([730, 94, 1, 128])
2026-09-07 11:32:42,910 - root - INFO - Loaded (1392, 94, 1, 128) from 348e174acc804b2fbc5c396d1370f4e8
2026-09-07 11:32:42,921 - root - INFO - Original tokens: torch.Size([1392, 94, 1, 128]). Sampled tokens: torch.Size([730, 94, 1, 128])
2026-09-07 11:32:43,004 - root - INFO - Loaded (1100, 94, 1, 128) from 1ec5884670a84c9eb620ede8ce02182d
2026-09-07 11:32:43,061 - root - INFO - Original tokens: torch.Size([1100, 94, 1, 128]). Sampled tokens: torch.Size([730, 94, 1, 128])
2026-09-07 11:32:43,322 - root - INFO - Loaded (1385, 94, 1, 128) from 18625e8fd76042e48b67fd209bd1f23d
2026-09-07 11:32:43,331 - root - INFO - Original tokens: torch.Size([1385, 94, 1, 128]). Sampled tokens: torch.Size([730, 94, 1, 128])
2026-09-07 11:32:43,436 - root - INFO - Loaded (1385, 94, 1, 128) from 18625e8fd76042e48b67fd209bd1f23d
2026-09-07 11:32:43,448 - root - INFO - Original tokens: torch.Size([1385, 94, 1, 128]). Sampled tokens: torch.Size([730, 94, 1, 128])
2026-09-07 11:32:43,577 - root - INFO - Loaded (1385, 94, 1, 128) from 18625e8fd76042e48b67fd209bd1f23d
2026-09-07 11:32:43,591 - root - INFO - Original tokens: torch.Size([1385, 94, 1, 128]). Sampled tokens: torch.Size([730, 94, 1, 128])
2026-09-07 11:32:44,025 - root - INFO - Loaded (2238, 94, 1, 128) from 0112e6cec4a94743929c6d7dc8e81a5a
2026-09-07 11:32:44,035 - root - INFO - Original tokens: torch.Size([2238, 94, 1, 128]). Sampled tokens: torch.Size([730, 94, 1, 128])
2026-09-07 11:32:44,055 - root - INFO - Loaded (4571, 94, 1, 128) from 578d95973340420090533380f88eafbd
2026-09-07 11:32:44,107 - root - INFO - Original tokens: torch.Size([4571, 94, 1, 128]). Sampled tokens: torch.Size([730, 94, 1, 128])
2026-09-07 11:32:44,146 - root - INFO - Loaded (2238, 94, 1, 128) from 0112e6cec4a94743929c6d7dc8e81a5a
2026-09-07 11:32:44,158 - root - INFO - Original tokens: torch.Size([2238, 94, 1, 128]). Sampled tokens: torch.Size([730, 94, 1, 128])
2026-09-07 11:32:44,284 - root - INFO - Loaded (2238, 94, 1, 128) from 0112e6cec4a94743929c6d7dc8e81a5a
2026-09-07 11:32:44,298 - root - INFO - Original tokens: torch.Size([2238, 94, 1, 128]). Sampled tokens: torch.Size([730, 94, 1, 128])
2026-09-07 11:32:44,820 - root - INFO - Loaded (2642, 94, 1, 128) from 70b4c498458b438bbabd32e705e29e81
2026-09-07 11:32:44,825 - root - INFO - Loaded (1956, 94, 1, 128) from 90aa5dee330e4aeebe210df6ae589813
2026-09-07 11:32:44,832 - root - INFO - Original tokens: torch.Size([2642, 94, 1, 128]). Sampled tokens: torch.Size([730, 94, 1, 128])
2026-09-07 11:32:44,873 - root - INFO - Original tokens: torch.Size([1956, 94, 1, 128]). Sampled tokens: torch.Size([730, 94, 1, 128])
2026-09-07 11:32:44,919 - root - INFO - Loaded (2642, 94, 1, 128) from 70b4c498458b438bbabd32e705e29e81
2026-09-07 11:32:44,929 - root - INFO - Original tokens: torch.Size([2642, 94, 1, 128]). Sampled tokens: torch.Size([730, 94, 1, 128])
2026-09-07 11:32:45,064 - root - INFO - Loaded (2642, 94, 1, 128) from 70b4c498458b438bbabd32e705e29e81
2026-09-07 11:32:45,078 - root - INFO - Original tokens: torch.Size([2642, 94, 1, 128]). Sampled tokens: torch.Size([730, 94, 1, 128])
2026-09-07 11:32:45,487 - root - INFO - Loaded (1390, 94, 1, 128) from 1f9157dd6999405597a1e5e054167dd3
2026-09-07 11:32:45,498 - root - INFO - Original tokens: torch.Size([1390, 94, 1, 128]). Sampled tokens: torch.Size([730, 94, 1, 128])
2026-09-07 11:32:45,561 - root - INFO - Loaded (1390, 94, 1, 128) from 1f9157dd6999405597a1e5e054167dd3
2026-09-07 11:32:45,572 - root - INFO - Original tokens: torch.Size([1390, 94, 1, 128]). Sampled tokens: torch.Size([730, 94, 1, 128])
2026-09-07 11:32:45,633 - root - INFO - Loaded (3062, 94, 1, 128) from ff281c89f8664de78bf68eff97a817d8
2026-09-07 11:32:45,680 - root - INFO - Original tokens: torch.Size([3062, 94, 1, 128]). Sampled tokens: torch.Size([730, 94, 1, 128])
2026-09-07 11:32:45,751 - root - INFO - Loaded (1390, 94, 1, 128) from 1f9157dd6999405597a1e5e054167dd3
2026-09-07 11:32:45,765 - root - INFO - Original tokens: torch.Size([1390, 94, 1, 128]). Sampled tokens: torch.Size([730, 94, 1, 128])
2026-09-07 11:32:46,217 - root - INFO - Loaded (1974, 94, 1, 128) from e7d7c3adf750434f9f3949486f1d95ae
2026-09-07 11:32:46,229 - root - INFO - Original tokens: torch.Size([1974, 94, 1, 128]). Sampled tokens: torch.Size([730, 94, 1, 128])
2026-09-07 11:32:46,271 - root - INFO - Loaded (1974, 94, 1, 128) from e7d7c3adf750434f9f3949486f1d95ae
2026-09-07 11:32:46,282 - root - INFO - Original tokens: torch.Size([1974, 94, 1, 128]). Sampled tokens: torch.Size([730, 94, 1, 128])
2026-09-07 11:32:46,450 - root - INFO - Loaded (2626, 94, 1, 128) from 498d4495264640d5aa7efb1188fdd8d3
2026-09-07 11:32:46,454 - root - INFO - Loaded (1974, 94, 1, 128) from e7d7c3adf750434f9f3949486f1d95ae
2026-09-07 11:32:46,464 - root - INFO - Original tokens: torch.Size([1974, 94, 1, 128]). Sampled tokens: torch.Size([730, 94, 1, 128])
2026-09-07 11:32:46,503 - root - INFO - Original tokens: torch.Size([2626, 94, 1, 128]). Sampled tokens: torch.Size([730, 94, 1, 128])
2026-09-07 11:32:46,950 - root - INFO - Loaded (1808, 94, 1, 128) from bfe2ae00a26445bbb51d36443169f79d
2026-09-07 11:32:46,961 - root - INFO - Original tokens: torch.Size([1808, 94, 1, 128]). Sampled tokens: torch.Size([730, 94, 1, 128])
2026-09-07 11:32:46,991 - root - INFO - Loaded (1808, 94, 1, 128) from bfe2ae00a26445bbb51d36443169f79d
2026-09-07 11:32:47,002 - root - INFO - Original tokens: torch.Size([1808, 94, 1, 128]). Sampled tokens: torch.Size([730, 94, 1, 128])
2026-09-07 11:32:47,174 - root - INFO - Loaded (1808, 94, 1, 128) from bfe2ae00a26445bbb51d36443169f79d
2026-09-07 11:32:47,186 - root - INFO - Original tokens: torch.Size([1808, 94, 1, 128]). Sampled tokens: torch.Size([730, 94, 1, 128])
2026-09-07 11:32:47,208 - root - INFO - Loaded (2051, 94, 1, 128) from ac5b43bae9bf464c90df7491fbddf0f3
2026-09-07 11:32:47,257 - root - INFO - Original tokens: torch.Size([2051, 94, 1, 128]). Sampled tokens: torch.Size([730, 94, 1, 128])
2026-09-07 11:32:47,670 - root - INFO - Loaded (2149, 94, 1, 128) from 959996749b0043b1aa2497642c57b12c
2026-09-07 11:32:47,680 - root - INFO - Original tokens: torch.Size([2149, 94, 1, 128]). Sampled tokens: torch.Size([730, 94, 1, 128])
2026-09-07 11:32:47,731 - root - INFO - Loaded (2149, 94, 1, 128) from 959996749b0043b1aa2497642c57b12c
2026-09-07 11:32:47,743 - root - INFO - Original tokens: torch.Size([2149, 94, 1, 128]). Sampled tokens: torch.Size([730, 94, 1, 128])
2026-09-07 11:32:47,926 - root - INFO - Loaded (2149, 94, 1, 128) from 959996749b0043b1aa2497642c57b12c
2026-09-07 11:32:47,937 - root - INFO - Original tokens: torch.Size([2149, 94, 1, 128]). Sampled tokens: torch.Size([730, 94, 1, 128])
2026-09-07 11:32:47,990 - root - INFO - Loaded (2010, 94, 1, 128) from 9b412dcb0f854454acd0bea9e2c9b621
2026-09-07 11:32:48,034 - root - INFO - Original tokens: torch.Size([2010, 94, 1, 128]). Sampled tokens: torch.Size([730, 94, 1, 128])
2026-09-07 11:32:48,543 - root - INFO - Loaded (4003, 94, 1, 128) from ab1ccef4ee084a978d242fc0def5c922
2026-09-07 11:32:48,553 - root - INFO - Original tokens: torch.Size([4003, 94, 1, 128]). Sampled tokens: torch.Size([730, 94, 1, 128])
2026-09-07 11:32:48,621 - root - INFO - Loaded (4003, 94, 1, 128) from ab1ccef4ee084a978d242fc0def5c922
2026-09-07 11:32:48,631 - root - INFO - Original tokens: torch.Size([4003, 94, 1, 128]). Sampled tokens: torch.Size([730, 94, 1, 128])
2026-09-07 11:32:48,731 - root - INFO - Loaded (1974, 94, 1, 128) from e7d7c3adf750434f9f3949486f1d95ae
2026-09-07 11:32:48,776 - root - INFO - Original tokens: torch.Size([1974, 94, 1, 128]). Sampled tokens: torch.Size([730, 94, 1, 128])
2026-09-07 11:32:48,794 - root - INFO - Loaded (4003, 94, 1, 128) from ab1ccef4ee084a978d242fc0def5c922
2026-09-07 11:32:48,809 - root - INFO - Original tokens: torch.Size([4003, 94, 1, 128]). Sampled tokens: torch.Size([730, 94, 1, 128])
2026-09-07 11:32:49,227 - root - INFO - Loaded (1739, 94, 1, 128) from 5ac46a3790e04cc3b5ef9bb66870cf15
2026-09-07 11:32:49,236 - root - INFO - Original tokens: torch.Size([1739, 94, 1, 128]). Sampled tokens: torch.Size([730, 94, 1, 128])
2026-09-07 11:32:49,298 - root - INFO - Loaded (1739, 94, 1, 128) from 5ac46a3790e04cc3b5ef9bb66870cf15
2026-09-07 11:32:49,308 - root - INFO - Original tokens: torch.Size([1739, 94, 1, 128]). Sampled tokens: torch.Size([730, 94, 1, 128])
2026-09-07 11:32:49,461 - root - INFO - Loaded (1739, 94, 1, 128) from 5ac46a3790e04cc3b5ef9bb66870cf15
2026-09-07 11:32:49,472 - root - INFO - Original tokens: torch.Size([1739, 94, 1, 128]). Sampled tokens: torch.Size([730, 94, 1, 128])
2026-09-07 11:32:49,545 - root - INFO - Loaded (3310, 94, 1, 128) from b5280a6cf8984fafa72031954c07512f
2026-09-07 11:32:49,602 - root - INFO - Original tokens: torch.Size([3310, 94, 1, 128]). Sampled tokens: torch.Size([730, 94, 1, 128])
2026-09-07 11:32:49,915 - root - INFO - Loaded (2179, 94, 1, 128) from 95d5b21b863548a4937a9ef45408f550
2026-09-07 11:32:49,924 - root - INFO - Original tokens: torch.Size([2179, 94, 1, 128]). Sampled tokens: torch.Size([730, 94, 1, 128])
2026-09-07 11:32:50,036 - root - INFO - Loaded (2179, 94, 1, 128) from 95d5b21b863548a4937a9ef45408f550
2026-09-07 11:32:50,049 - root - INFO - Original tokens: torch.Size([2179, 94, 1, 128]). Sampled tokens: torch.Size([730, 94, 1, 128])
2026-09-07 11:32:50,201 - root - INFO - Loaded (2179, 94, 1, 128) from 95d5b21b863548a4937a9ef45408f550
2026-09-07 11:32:50,211 - root - INFO - Original tokens: torch.Size([2179, 94, 1, 128]). Sampled tokens: torch.Size([730, 94, 1, 128])
2026-09-07 11:32:50,293 - root - INFO - Loaded (1863, 94, 1, 128) from be7ab77b0e89492da99b3cc1e607b982
2026-09-07 11:32:50,341 - root - INFO - Original tokens: torch.Size([1863, 94, 1, 128]). Sampled tokens: torch.Size([730, 94, 1, 128])
2026-09-07 11:32:50,656 - root - INFO - Loaded (2576, 94, 1, 128) from e22adb59c0fd4b08a638265a012db106
2026-09-07 11:32:50,668 - root - INFO - Original tokens: torch.Size([2576, 94, 1, 128]). Sampled tokens: torch.Size([730, 94, 1, 128])
2026-09-07 11:32:50,858 - root - INFO - Loaded (2576, 94, 1, 128) from e22adb59c0fd4b08a638265a012db106
2026-09-07 11:32:50,867 - root - INFO - Original tokens: torch.Size([2576, 94, 1, 128]). Sampled tokens: torch.Size([730, 94, 1, 128])
2026-09-07 11:32:50,987 - root - INFO - Loaded (1159, 94, 1, 128) from 722893802e604992943d897094ac4934
2026-09-07 11:32:51,035 - root - INFO - Loaded (2576, 94, 1, 128) from e22adb59c0fd4b08a638265a012db106
2026-09-07 11:32:51,038 - root - INFO - Original tokens: torch.Size([1159, 94, 1, 128]). Sampled tokens: torch.Size([730, 94, 1, 128])
2026-09-07 11:32:51,049 - root - INFO - Original tokens: torch.Size([2576, 94, 1, 128]). Sampled tokens: torch.Size([730, 94, 1, 128])
2026-09-07 11:32:51,294 - root - INFO - Loaded (1301, 94, 1, 128) from 773f008d4b344d9cb393ae43ad0e550f
2026-09-07 11:32:51,308 - root - INFO - Original tokens: torch.Size([1301, 94, 1, 128]). Sampled tokens: torch.Size([730, 94, 1, 128])
2026-09-07 11:32:51,459 - root - INFO - Loaded (1301, 94, 1, 128) from 773f008d4b344d9cb393ae43ad0e550f
2026-09-07 11:32:51,471 - root - INFO - Original tokens: torch.Size([1301, 94, 1, 128]). Sampled tokens: torch.Size([730, 94, 1, 128])
2026-09-07 11:32:51,660 - root - INFO - Loaded (1301, 94, 1, 128) from 773f008d4b344d9cb393ae43ad0e550f
2026-09-07 11:32:51,672 - root - INFO - Original tokens: torch.Size([1301, 94, 1, 128]). Sampled tokens: torch.Size([730, 94, 1, 128])
2026-09-07 11:32:51,731 - root - INFO - Loaded (2072, 94, 1, 128) from e31935d8d92749889cdb59e6dbaba559
2026-09-07 11:32:51,784 - root - INFO - Original tokens: torch.Size([2072, 94, 1, 128]). Sampled tokens: torch.Size([730, 94, 1, 128])
2026-09-07 11:32:52,335 - root - INFO - Loaded (4571, 94, 1, 128) from 578d95973340420090533380f88eafbd
2026-09-07 11:32:52,346 - root - INFO - Original tokens: torch.Size([4571, 94, 1, 128]). Sampled tokens: torch.Size([730, 94, 1, 128])
2026-09-07 11:32:52,453 - root - INFO - Loaded (4571, 94, 1, 128) from 578d95973340420090533380f88eafbd
2026-09-07 11:32:52,465 - root - INFO - Original tokens: torch.Size([4571, 94, 1, 128]). Sampled tokens: torch.Size([730, 94, 1, 128])
2026-09-07 11:32:52,506 - root - INFO - Loaded (1552, 94, 1, 128) from 75f7b5033c0c454fad372c8b2497ab74
2026-09-07 11:32:52,556 - root - INFO - Original tokens: torch.Size([1552, 94, 1, 128]). Sampled tokens: torch.Size([730, 94, 1, 128])
2026-09-07 11:32:52,668 - root - INFO - Loaded (4571, 94, 1, 128) from 578d95973340420090533380f88eafbd
2026-09-07 11:32:52,683 - root - INFO - Original tokens: torch.Size([4571, 94, 1, 128]). Sampled tokens: torch.Size([730, 94, 1, 128])
2026-09-07 11:32:52,947 - root - INFO - Loaded (1137, 94, 1, 128) from 9cc2b84cd4e840cc9ddfdfcaca0e44cc
2026-09-07 11:32:52,957 - root - INFO - Original tokens: torch.Size([1137, 94, 1, 128]). Sampled tokens: torch.Size([730, 94, 1, 128])
2026-09-07 11:32:53,090 - root - INFO - Loaded (1137, 94, 1, 128) from 9cc2b84cd4e840cc9ddfdfcaca0e44cc
2026-09-07 11:32:53,101 - root - INFO - Original tokens: torch.Size([1137, 94, 1, 128]). Sampled tokens: torch.Size([730, 94, 1, 128])
2026-09-07 11:32:53,223 - root - INFO - Loaded (1425, 94, 1, 128) from adb01e60b3f64174bb460113bc9ef619
2026-09-07 11:32:53,270 - root - INFO - Original tokens: torch.Size([1425, 94, 1, 128]). Sampled tokens: torch.Size([730, 94, 1, 128])
2026-09-07 11:32:53,314 - root - INFO - Loaded (1137, 94, 1, 128) from 9cc2b84cd4e840cc9ddfdfcaca0e44cc
2026-09-07 11:32:53,328 - root - INFO - Original tokens: torch.Size([1137, 94, 1, 128]). Sampled tokens: torch.Size([730, 94, 1, 128])
2026-09-07 11:32:53,602 - root - INFO - Loaded (1346, 94, 1, 128) from 0c76ac4183ec46e290c18b806de9f69f
2026-09-07 11:32:53,613 - root - INFO - Original tokens: torch.Size([1346, 94, 1, 128]). Sampled tokens: torch.Size([730, 94, 1, 128])
2026-09-07 11:32:53,737 - root - INFO - Loaded (1346, 94, 1, 128) from 0c76ac4183ec46e290c18b806de9f69f
2026-09-07 11:32:53,748 - root - INFO - Original tokens: torch.Size([1346, 94, 1, 128]). Sampled tokens: torch.Size([730, 94, 1, 128])
2026-09-07 11:32:53,897 - root - INFO - Loaded (1037, 94, 1, 128) from 9100d1a8d8404885979453721d316efe
2026-09-07 11:32:53,942 - root - INFO - Original tokens: torch.Size([1037, 94, 1, 128]). Sampled tokens: torch.Size([730, 94, 1, 128])
2026-09-07 11:32:53,955 - root - INFO - Loaded (1346, 94, 1, 128) from 0c76ac4183ec46e290c18b806de9f69f
2026-09-07 11:32:53,964 - root - INFO - Original tokens: torch.Size([1346, 94, 1, 128]). Sampled tokens: torch.Size([730, 94, 1, 128])
2026-09-07 11:32:54,350 - root - INFO - Loaded (2671, 94, 1, 128) from 4b84851d93824fbcbe37208f36eddbbb
2026-09-07 11:32:54,360 - root - INFO - Original tokens: torch.Size([2671, 94, 1, 128]). Sampled tokens: torch.Size([730, 94, 1, 128])
2026-09-07 11:32:54,503 - root - INFO - Loaded (2671, 94, 1, 128) from 4b84851d93824fbcbe37208f36eddbbb
2026-09-07 11:32:54,514 - root - INFO - Original tokens: torch.Size([2671, 94, 1, 128]). Sampled tokens: torch.Size([730, 94, 1, 128])
2026-09-07 11:32:54,589 - root - INFO - Loaded (1330, 94, 1, 128) from 4a9a02c624f24c86aa024887f0b73cc5
2026-09-07 11:32:54,632 - root - INFO - Original tokens: torch.Size([1330, 94, 1, 128]). Sampled tokens: torch.Size([730, 94, 1, 128])
2026-09-07 11:32:54,698 - root - INFO - Loaded (2671, 94, 1, 128) from 4b84851d93824fbcbe37208f36eddbbb
2026-09-07 11:32:54,708 - root - INFO - Original tokens: torch.Size([2671, 94, 1, 128]). Sampled tokens: torch.Size([730, 94, 1, 128])
2026-09-07 11:32:55,404 - root - INFO - Loaded (2533, 94, 1, 128) from cab54893964741498de64245c77895e3
2026-09-07 11:32:55,405 - root - INFO - Loaded (4623, 94, 1, 128) from 95d84c91ad4e477d9dc22cc77dec8127
2026-09-07 11:32:55,414 - root - INFO - Original tokens: torch.Size([4623, 94, 1, 128]). Sampled tokens: torch.Size([730, 94, 1, 128])
2026-09-07 11:32:55,452 - root - INFO - Original tokens: torch.Size([2533, 94, 1, 128]). Sampled tokens: torch.Size([730, 94, 1, 128])
2026-09-07 11:32:55,531 - root - INFO - Loaded (4623, 94, 1, 128) from 95d84c91ad4e477d9dc22cc77dec8127
2026-09-07 11:32:55,541 - root - INFO - Original tokens: torch.Size([4623, 94, 1, 128]). Sampled tokens: torch.Size([730, 94, 1, 128])
2026-09-07 11:32:55,721 - root - INFO - Loaded (4623, 94, 1, 128) from 95d84c91ad4e477d9dc22cc77dec8127
2026-09-07 11:32:55,734 - root - INFO - Original tokens: torch.Size([4623, 94, 1, 128]). Sampled tokens: torch.Size([730, 94, 1, 128])
2026-09-07 11:32:56,071 - root - INFO - Loaded (1876, 94, 1, 128) from 2ce81010b5124d159691015d3af32319
2026-09-07 11:32:56,081 - root - INFO - Original tokens: torch.Size([1876, 94, 1, 128]). Sampled tokens: torch.Size([730, 94, 1, 128])
2026-09-07 11:32:56,135 - root - INFO - Loaded (2179, 94, 1, 128) from 95d5b21b863548a4937a9ef45408f550
2026-09-07 11:32:56,183 - root - INFO - Original tokens: torch.Size([2179, 94, 1, 128]). Sampled tokens: torch.Size([730, 94, 1, 128])
2026-09-07 11:32:56,232 - root - INFO - Loaded (1876, 94, 1, 128) from 2ce81010b5124d159691015d3af32319
2026-09-07 11:32:56,241 - root - INFO - Original tokens: torch.Size([1876, 94, 1, 128]). Sampled tokens: torch.Size([730, 94, 1, 128])
2026-09-07 11:32:56,397 - root - INFO - Loaded (1876, 94, 1, 128) from 2ce81010b5124d159691015d3af32319
2026-09-07 11:32:56,408 - root - INFO - Original tokens: torch.Size([1876, 94, 1, 128]). Sampled tokens: torch.Size([730, 94, 1, 128])
2026-09-07 11:32:56,695 - root - INFO - Loaded (1346, 94, 1, 128) from 0348b79d0ae1499f8e8325bd4575209a
2026-09-07 11:32:56,706 - root - INFO - Original tokens: torch.Size([1346, 94, 1, 128]). Sampled tokens: torch.Size([730, 94, 1, 128])
2026-09-07 11:32:56,865 - root - INFO - Loaded (1346, 94, 1, 128) from 0348b79d0ae1499f8e8325bd4575209a
2026-09-07 11:32:56,875 - root - INFO - Original tokens: torch.Size([1346, 94, 1, 128]). Sampled tokens: torch.Size([730, 94, 1, 128])
2026-09-07 11:32:56,892 - root - INFO - Loaded (1950, 94, 1, 128) from baf0d2a2ece7420099136cfbfb8d0f7f
2026-09-07 11:32:56,942 - root - INFO - Original tokens: torch.Size([1950, 94, 1, 128]). Sampled tokens: torch.Size([730, 94, 1, 128])
2026-09-07 11:32:57,021 - root - INFO - Loaded (1346, 94, 1, 128) from 0348b79d0ae1499f8e8325bd4575209a
2026-09-07 11:32:57,031 - root - INFO - Original tokens: torch.Size([1346, 94, 1, 128]). Sampled tokens: torch.Size([730, 94, 1, 128])
2026-09-07 11:32:57,298 - root - INFO - Loaded (1206, 94, 1, 128) from ad161e6dfec8465d9837a4c8e3c9b53b
2026-09-07 11:32:57,309 - root - INFO - Original tokens: torch.Size([1206, 94, 1, 128]). Sampled tokens: torch.Size([730, 94, 1, 128])
2026-09-07 11:32:57,483 - root - INFO - Loaded (1206, 94, 1, 128) from ad161e6dfec8465d9837a4c8e3c9b53b
2026-09-07 11:32:57,493 - root - INFO - Original tokens: torch.Size([1206, 94, 1, 128]). Sampled tokens: torch.Size([730, 94, 1, 128])
2026-09-07 11:32:57,630 - root - INFO - Loaded (1206, 94, 1, 128) from ad161e6dfec8465d9837a4c8e3c9b53b
2026-09-07 11:32:57,641 - root - INFO - Original tokens: torch.Size([1206, 94, 1, 128]). Sampled tokens: torch.Size([730, 94, 1, 128])
2026-09-07 11:32:57,653 - root - INFO - Loaded (2319, 94, 1, 128) from fb4475051e6c49bc8f6c4642b2e8c81a
2026-09-07 11:32:57,705 - root - INFO - Original tokens: torch.Size([2319, 94, 1, 128]). Sampled tokens: torch.Size([730, 94, 1, 128])
2026-09-07 11:32:58,014 - root - INFO - Loaded (2072, 94, 1, 128) from e31935d8d92749889cdb59e6dbaba559
2026-09-07 11:32:58,024 - root - INFO - Original tokens: torch.Size([2072, 94, 1, 128]). Sampled tokens: torch.Size([730, 94, 1, 128])
2026-09-07 11:32:58,184 - root - INFO - Loaded (2072, 94, 1, 128) from e31935d8d92749889cdb59e6dbaba559
2026-09-07 11:32:58,201 - root - INFO - Original tokens: torch.Size([2072, 94, 1, 128]). Sampled tokens: torch.Size([730, 94, 1, 128])
2026-09-07 11:32:58,371 - root - INFO - Loaded (2072, 94, 1, 128) from e31935d8d92749889cdb59e6dbaba559
2026-09-07 11:32:58,379 - root - INFO - Original tokens: torch.Size([2072, 94, 1, 128]). Sampled tokens: torch.Size([730, 94, 1, 128])
2026-09-07 11:32:58,469 - root - INFO - Loaded (2761, 94, 1, 128) from 416748fb105f467cb63e5916f6ff8c5b
2026-09-07 11:32:58,523 - root - INFO - Original tokens: torch.Size([2761, 94, 1, 128]). Sampled tokens: torch.Size([730, 94, 1, 128])
2026-09-07 11:32:58,632 - root - INFO - Loaded (1100, 94, 1, 128) from 1ec5884670a84c9eb620ede8ce02182d
2026-09-07 11:32:58,643 - root - INFO - Original tokens: torch.Size([1100, 94, 1, 128]). Sampled tokens: torch.Size([730, 94, 1, 128])
2026-09-07 11:32:58,810 - root - INFO - Loaded (1100, 94, 1, 128) from 1ec5884670a84c9eb620ede8ce02182d
2026-09-07 11:32:58,820 - root - INFO - Original tokens: torch.Size([1100, 94, 1, 128]). Sampled tokens: torch.Size([730, 94, 1, 128])
2026-09-07 11:32:58,992 - root - INFO - Loaded (1100, 94, 1, 128) from 1ec5884670a84c9eb620ede8ce02182d
2026-09-07 11:32:59,003 - root - INFO - Original tokens: torch.Size([1100, 94, 1, 128]). Sampled tokens: torch.Size([730, 94, 1, 128])
2026-09-07 11:32:59,184 - root - INFO - Loaded (1728, 94, 1, 128) from 41b3e04f06304a5c8e50154b66390d1d
2026-09-07 11:32:59,236 - root - INFO - Original tokens: torch.Size([1728, 94, 1, 128]). Sampled tokens: torch.Size([730, 94, 1, 128])
2026-09-07 11:32:59,275 - root - INFO - Loaded (1285, 94, 1, 128) from e376401fee964a2e9d2beab91210933f
2026-09-07 11:32:59,288 - root - INFO - Original tokens: torch.Size([1285, 94, 1, 128]). Sampled tokens: torch.Size([730, 94, 1, 128])
2026-09-07 11:32:59,470 - root - INFO - Loaded (1285, 94, 1, 128) from e376401fee964a2e9d2beab91210933f
2026-09-07 11:32:59,482 - root - INFO - Original tokens: torch.Size([1285, 94, 1, 128]). Sampled tokens: torch.Size([730, 94, 1, 128])
2026-09-07 11:32:59,639 - root - INFO - Loaded (1285, 94, 1, 128) from e376401fee964a2e9d2beab91210933f
2026-09-07 11:32:59,649 - root - INFO - Original tokens: torch.Size([1285, 94, 1, 128]). Sampled tokens: torch.Size([730, 94, 1, 128])
2026-09-07 11:32:59,966 - root - INFO - Loaded (1912, 94, 1, 128) from e53655ce27d241f0acf33c2079172e47
2026-09-07 11:33:00,018 - root - INFO - Original tokens: torch.Size([1912, 94, 1, 128]). Sampled tokens: torch.Size([730, 94, 1, 128])
2026-09-07 11:33:00,033 - root - INFO - Loaded (2355, 94, 1, 128) from 12cfa828bde0487fa654227fd72d9e1d
2026-09-07 11:33:00,044 - root - INFO - Original tokens: torch.Size([2355, 94, 1, 128]). Sampled tokens: torch.Size([730, 94, 1, 128])
2026-09-07 11:33:00,230 - root - INFO - Loaded (2355, 94, 1, 128) from 12cfa828bde0487fa654227fd72d9e1d
2026-09-07 11:33:00,241 - root - INFO - Original tokens: torch.Size([2355, 94, 1, 128]). Sampled tokens: torch.Size([730, 94, 1, 128])
2026-09-07 11:33:00,345 - root - INFO - Loaded (2355, 94, 1, 128) from 12cfa828bde0487fa654227fd72d9e1d
2026-09-07 11:33:00,356 - root - INFO - Original tokens: torch.Size([2355, 94, 1, 128]). Sampled tokens: torch.Size([730, 94, 1, 128])
2026-09-07 11:33:00,703 - root - INFO - Loaded (2031, 94, 1, 128) from f50aa7f70ea74ef785a6fcf2cf3639f4
2026-09-07 11:33:00,717 - root - INFO - Original tokens: torch.Size([2031, 94, 1, 128]). Sampled tokens: torch.Size([730, 94, 1, 128])
2026-09-07 11:33:00,925 - root - INFO - Loaded (2031, 94, 1, 128) from f50aa7f70ea74ef785a6fcf2cf3639f4
2026-09-07 11:33:00,935 - root - INFO - Original tokens: torch.Size([2031, 94, 1, 128]). Sampled tokens: torch.Size([730, 94, 1, 128])
2026-09-07 11:33:01,072 - root - INFO - Loaded (2031, 94, 1, 128) from f50aa7f70ea74ef785a6fcf2cf3639f4
2026-09-07 11:33:01,082 - root - INFO - Original tokens: torch.Size([2031, 94, 1, 128]). Sampled tokens: torch.Size([730, 94, 1, 128])
2026-09-07 11:33:01,135 - root - INFO - Loaded (5330, 94, 1, 128) from ea351a94db47476ca5cd1b5101809a9f
2026-09-07 11:33:01,196 - root - INFO - Original tokens: torch.Size([5330, 94, 1, 128]). Sampled tokens: torch.Size([730, 94, 1, 128])
2026-09-07 11:33:01,396 - root - INFO - Loaded (2183, 94, 1, 128) from f81eb00f5fea45cab78d1079f2822932
2026-09-07 11:33:01,408 - root - INFO - Original tokens: torch.Size([2183, 94, 1, 128]). Sampled tokens: torch.Size([730, 94, 1, 128])
2026-09-07 11:33:01,642 - root - INFO - Loaded (2183, 94, 1, 128) from f81eb00f5fea45cab78d1079f2822932
2026-09-07 11:33:01,655 - root - INFO - Original tokens: torch.Size([2183, 94, 1, 128]). Sampled tokens: torch.Size([730, 94, 1, 128])
2026-09-07 11:33:01,793 - root - INFO - Loaded (2183, 94, 1, 128) from f81eb00f5fea45cab78d1079f2822932
2026-09-07 11:33:01,809 - root - INFO - Original tokens: torch.Size([2183, 94, 1, 128]). Sampled tokens: torch.Size([730, 94, 1, 128])
2026-09-07 11:33:02,117 - root - INFO - Loaded (2051, 94, 1, 128) from ac5b43bae9bf464c90df7491fbddf0f3
2026-09-07 11:33:02,127 - root - INFO - Original tokens: torch.Size([2051, 94, 1, 128]). Sampled tokens: torch.Size([730, 94, 1, 128])
2026-09-07 11:33:02,220 - root - INFO - Loaded (4567, 94, 1, 128) from 119bfdaf05ab47acb7c6849daac597b9
2026-09-07 11:33:02,278 - root - INFO - Original tokens: torch.Size([4567, 94, 1, 128]). Sampled tokens: torch.Size([730, 94, 1, 128])
2026-09-07 11:33:02,374 - root - INFO - Loaded (2051, 94, 1, 128) from ac5b43bae9bf464c90df7491fbddf0f3
2026-09-07 11:33:02,384 - root - INFO - Original tokens: torch.Size([2051, 94, 1, 128]). Sampled tokens: torch.Size([730, 94, 1, 128])
2026-09-07 11:33:02,491 - root - INFO - Loaded (2051, 94, 1, 128) from ac5b43bae9bf464c90df7491fbddf0f3
2026-09-07 11:33:02,503 - root - INFO - Original tokens: torch.Size([2051, 94, 1, 128]). Sampled tokens: torch.Size([730, 94, 1, 128])
2026-09-07 11:33:02,740 - root - INFO - Loaded (1159, 94, 1, 128) from 722893802e604992943d897094ac4934
2026-09-07 11:33:02,751 - root - INFO - Original tokens: torch.Size([1159, 94, 1, 128]). Sampled tokens: torch.Size([730, 94, 1, 128])
2026-09-07 11:33:03,024 - root - INFO - Loaded (1159, 94, 1, 128) from 722893802e604992943d897094ac4934
2026-09-07 11:33:03,034 - root - INFO - Original tokens: torch.Size([1159, 94, 1, 128]). Sampled tokens: torch.Size([730, 94, 1, 128])
2026-09-07 11:33:03,115 - root - INFO - Loaded (3845, 94, 1, 128) from bab746726dca48019e78f774055f420e
2026-09-07 11:33:03,119 - root - INFO - Loaded (1159, 94, 1, 128) from 722893802e604992943d897094ac4934
2026-09-07 11:33:03,132 - root - INFO - Original tokens: torch.Size([1159, 94, 1, 128]). Sampled tokens: torch.Size([730, 94, 1, 128])
2026-09-07 11:33:03,166 - root - INFO - Original tokens: torch.Size([3845, 94, 1, 128]). Sampled tokens: torch.Size([730, 94, 1, 128])
2026-09-07 11:33:03,337 - root - INFO - Loaded (1075, 94, 1, 128) from 6b35618ca35d486b865a0f8e88654a6f
2026-09-07 11:33:03,350 - root - INFO - Original tokens: torch.Size([1075, 94, 1, 128]). Sampled tokens: torch.Size([730, 94, 1, 128])
2026-09-07 11:33:03,612 - root - INFO - Loaded (1075, 94, 1, 128) from 6b35618ca35d486b865a0f8e88654a6f
2026-09-07 11:33:03,622 - root - INFO - Original tokens: torch.Size([1075, 94, 1, 128]). Sampled tokens: torch.Size([730, 94, 1, 128])
2026-09-07 11:33:03,724 - root - INFO - Loaded (1075, 94, 1, 128) from 6b35618ca35d486b865a0f8e88654a6f
2026-09-07 11:33:03,737 - root - INFO - Original tokens: torch.Size([1075, 94, 1, 128]). Sampled tokens: torch.Size([730, 94, 1, 128])
2026-09-07 11:33:04,011 - root - INFO - Loaded (1550, 94, 1, 128) from 1e2890e3b41a40c2b525ee76a9be30fd
2026-09-07 11:33:04,021 - root - INFO - Original tokens: torch.Size([1550, 94, 1, 128]). Sampled tokens: torch.Size([730, 94, 1, 128])
2026-09-07 11:33:04,131 - root - INFO - Loaded (4623, 94, 1, 128) from 95d84c91ad4e477d9dc22cc77dec8127
2026-09-07 11:33:04,187 - root - INFO - Original tokens: torch.Size([4623, 94, 1, 128]). Sampled tokens: torch.Size([730, 94, 1, 128])
2026-09-07 11:33:04,282 - root - INFO - Loaded (1550, 94, 1, 128) from 1e2890e3b41a40c2b525ee76a9be30fd
2026-09-07 11:33:04,294 - root - INFO - Original tokens: torch.Size([1550, 94, 1, 128]). Sampled tokens: torch.Size([730, 94, 1, 128])
2026-09-07 11:33:04,384 - root - INFO - Loaded (1550, 94, 1, 128) from 1e2890e3b41a40c2b525ee76a9be30fd
2026-09-07 11:33:04,397 - root - INFO - Original tokens: torch.Size([1550, 94, 1, 128]). Sampled tokens: torch.Size([730, 94, 1, 128])
2026-09-07 11:33:04,724 - root - INFO - Loaded (2223, 94, 1, 128) from 58b4972e7ccf4e659e39bcfc3bbab399
2026-09-07 11:33:04,734 - root - INFO - Original tokens: torch.Size([2223, 94, 1, 128]). Sampled tokens: torch.Size([730, 94, 1, 128])
2026-09-07 11:33:04,886 - root - INFO - Loaded (1785, 94, 1, 128) from ca4517736af6497faa9fbf4f69a0e043
2026-09-07 11:33:04,936 - root - INFO - Original tokens: torch.Size([1785, 94, 1, 128]). Sampled tokens: torch.Size([730, 94, 1, 128])
2026-09-07 11:33:05,043 - root - INFO - Loaded (2223, 94, 1, 128) from 58b4972e7ccf4e659e39bcfc3bbab399
2026-09-07 11:33:05,056 - root - INFO - Original tokens: torch.Size([2223, 94, 1, 128]). Sampled tokens: torch.Size([730, 94, 1, 128])
2026-09-07 11:33:05,130 - root - INFO - Loaded (2223, 94, 1, 128) from 58b4972e7ccf4e659e39bcfc3bbab399
2026-09-07 11:33:05,142 - root - INFO - Original tokens: torch.Size([2223, 94, 1, 128]). Sampled tokens: torch.Size([730, 94, 1, 128])
2026-09-07 11:33:05,434 - root - INFO - Loaded (2262, 94, 1, 128) from 2624c40224ac468dbf7478345b92d0f4
2026-09-07 11:33:05,447 - root - INFO - Original tokens: torch.Size([2262, 94, 1, 128]). Sampled tokens: torch.Size([730, 94, 1, 128])
2026-09-07 11:33:05,669 - root - INFO - Loaded (2238, 94, 1, 128) from 0112e6cec4a94743929c6d7dc8e81a5a
2026-09-07 11:33:05,720 - root - INFO - Original tokens: torch.Size([2238, 94, 1, 128]). Sampled tokens: torch.Size([730, 94, 1, 128])
2026-09-07 11:33:05,784 - root - INFO - Loaded (2262, 94, 1, 128) from 2624c40224ac468dbf7478345b92d0f4
2026-09-07 11:33:05,795 - root - INFO - Original tokens: torch.Size([2262, 94, 1, 128]). Sampled tokens: torch.Size([730, 94, 1, 128])
2026-09-07 11:33:05,836 - root - INFO - Loaded (2262, 94, 1, 128) from 2624c40224ac468dbf7478345b92d0f4
2026-09-07 11:33:05,851 - root - INFO - Original tokens: torch.Size([2262, 94, 1, 128]). Sampled tokens: torch.Size([730, 94, 1, 128])
2026-09-07 11:33:06,076 - root - INFO - Loaded (1389, 94, 1, 128) from 6189a2149aec449881d530c477214690
2026-09-07 11:33:06,089 - root - INFO - Original tokens: torch.Size([1389, 94, 1, 128]). Sampled tokens: torch.Size([730, 94, 1, 128])
2026-09-07 11:33:06,456 - root - INFO - Loaded (1389, 94, 1, 128) from 6189a2149aec449881d530c477214690
2026-09-07 11:33:06,459 - root - INFO - Loaded (2576, 94, 1, 128) from e22adb59c0fd4b08a638265a012db106
2026-09-07 11:33:06,468 - root - INFO - Original tokens: torch.Size([1389, 94, 1, 128]). Sampled tokens: torch.Size([730, 94, 1, 128])
2026-09-07 11:33:06,508 - root - INFO - Loaded (1389, 94, 1, 128) from 6189a2149aec449881d530c477214690
2026-09-07 11:33:06,511 - root - INFO - Original tokens: torch.Size([2576, 94, 1, 128]). Sampled tokens: torch.Size([730, 94, 1, 128])
2026-09-07 11:33:06,520 - root - INFO - Original tokens: torch.Size([1389, 94, 1, 128]). Sampled tokens: torch.Size([730, 94, 1, 128])
2026-09-07 11:33:06,757 - root - INFO - Loaded (1843, 94, 1, 128) from 733c28a3fa58460aa15ebc2fd352c53a
2026-09-07 11:33:06,768 - root - INFO - Original tokens: torch.Size([1843, 94, 1, 128]). Sampled tokens: torch.Size([730, 94, 1, 128])
2026-09-07 11:33:07,124 - root - INFO - Loaded (1346, 94, 1, 128) from 0c76ac4183ec46e290c18b806de9f69f
2026-09-07 11:33:07,140 - root - INFO - Loaded (1843, 94, 1, 128) from 733c28a3fa58460aa15ebc2fd352c53a
2026-09-07 11:33:07,151 - root - INFO - Original tokens: torch.Size([1843, 94, 1, 128]). Sampled tokens: torch.Size([730, 94, 1, 128])
2026-09-07 11:33:07,172 - root - INFO - Original tokens: torch.Size([1346, 94, 1, 128]). Sampled tokens: torch.Size([730, 94, 1, 128])
2026-09-07 11:33:07,183 - root - INFO - Loaded (1843, 94, 1, 128) from 733c28a3fa58460aa15ebc2fd352c53a
2026-09-07 11:33:07,195 - root - INFO - Original tokens: torch.Size([1843, 94, 1, 128]). Sampled tokens: torch.Size([730, 94, 1, 128])
2026-09-07 11:33:07,411 - root - INFO - Loaded (1450, 94, 1, 128) from 5d4b879ad98049daa51e8c11bf43ec42
2026-09-07 11:33:07,423 - root - INFO - Original tokens: torch.Size([1450, 94, 1, 128]). Sampled tokens: torch.Size([730, 94, 1, 128])
2026-09-07 11:33:07,819 - root - INFO - Loaded (1450, 94, 1, 128) from 5d4b879ad98049daa51e8c11bf43ec42
2026-09-07 11:33:07,830 - root - INFO - Original tokens: torch.Size([1450, 94, 1, 128]). Sampled tokens: torch.Size([730, 94, 1, 128])
2026-09-07 11:33:07,851 - root - INFO - Loaded (1450, 94, 1, 128) from 5d4b879ad98049daa51e8c11bf43ec42
2026-09-07 11:33:07,863 - root - INFO - Original tokens: torch.Size([1450, 94, 1, 128]). Sampled tokens: torch.Size([730, 94, 1, 128])
2026-09-07 11:33:07,893 - root - INFO - Loaded (2223, 94, 1, 128) from 58b4972e7ccf4e659e39bcfc3bbab399
2026-09-07 11:33:07,942 - root - INFO - Original tokens: torch.Size([2223, 94, 1, 128]). Sampled tokens: torch.Size([730, 94, 1, 128])
2026-09-07 11:33:08,058 - root - INFO - Loaded (1443, 94, 1, 128) from 6b845ca9ef6e4f73a7a348e163081fd2
2026-09-07 11:33:08,070 - root - INFO - Original tokens: torch.Size([1443, 94, 1, 128]). Sampled tokens: torch.Size([730, 94, 1, 128])
2026-09-07 11:33:08,470 - root - INFO - Loaded (1443, 94, 1, 128) from 6b845ca9ef6e4f73a7a348e163081fd2
2026-09-07 11:33:08,481 - root - INFO - Original tokens: torch.Size([1443, 94, 1, 128]). Sampled tokens: torch.Size([730, 94, 1, 128])
2026-09-07 11:33:08,490 - root - INFO - Loaded (1443, 94, 1, 128) from 6b845ca9ef6e4f73a7a348e163081fd2
2026-09-07 11:33:08,500 - root - INFO - Original tokens: torch.Size([1443, 94, 1, 128]). Sampled tokens: torch.Size([730, 94, 1, 128])
2026-09-07 11:33:08,635 - root - INFO - Loaded (2021, 94, 1, 128) from d8c8e7d563094c71a7b3121fa194326d
2026-09-07 11:33:08,686 - root - INFO - Original tokens: torch.Size([2021, 94, 1, 128]). Sampled tokens: torch.Size([730, 94, 1, 128])
2026-09-07 11:33:08,817 - root - INFO - Loaded (2756, 94, 1, 128) from c988840ad5b248439ea50388df69489c
2026-09-07 11:33:08,830 - root - INFO - Original tokens: torch.Size([2756, 94, 1, 128]). Sampled tokens: torch.Size([730, 94, 1, 128])
2026-09-07 11:33:09,252 - root - INFO - Loaded (2756, 94, 1, 128) from c988840ad5b248439ea50388df69489c
2026-09-07 11:33:09,262 - root - INFO - Original tokens: torch.Size([2756, 94, 1, 128]). Sampled tokens: torch.Size([730, 94, 1, 128])
2026-09-07 11:33:09,284 - root - INFO - Loaded (2756, 94, 1, 128) from c988840ad5b248439ea50388df69489c
2026-09-07 11:33:09,291 - root - INFO - Original tokens: torch.Size([2756, 94, 1, 128]). Sampled tokens: torch.Size([730, 94, 1, 128])
2026-09-07 11:33:09,385 - root - INFO - Loaded (1876, 94, 1, 128) from 2ce81010b5124d159691015d3af32319
2026-09-07 11:33:09,428 - root - INFO - Original tokens: torch.Size([1876, 94, 1, 128]). Sampled tokens: torch.Size([730, 94, 1, 128])
2026-09-07 11:33:09,582 - root - INFO - Loaded (2853, 94, 1, 128) from b2a35c63def24a2199f2dfcbd901387a
2026-09-07 11:33:09,596 - root - INFO - Original tokens: torch.Size([2853, 94, 1, 128]). Sampled tokens: torch.Size([730, 94, 1, 128])
2026-09-07 11:33:10,022 - root - INFO - Loaded (2853, 94, 1, 128) from b2a35c63def24a2199f2dfcbd901387a
2026-09-07 11:33:10,032 - root - INFO - Original tokens: torch.Size([2853, 94, 1, 128]). Sampled tokens: torch.Size([730, 94, 1, 128])
2026-09-07 11:33:10,042 - root - INFO - Loaded (2853, 94, 1, 128) from b2a35c63def24a2199f2dfcbd901387a
2026-09-07 11:33:10,054 - root - INFO - Original tokens: torch.Size([2853, 94, 1, 128]). Sampled tokens: torch.Size([730, 94, 1, 128])
2026-09-07 11:33:10,063 - root - INFO - Loaded (1485, 94, 1, 128) from 6889102ccb9c4f9a90bf2db9e7183b9d
2026-09-07 11:33:10,113 - root - INFO - Original tokens: torch.Size([1485, 94, 1, 128]). Sampled tokens: torch.Size([730, 94, 1, 128])
2026-09-07 11:33:10,272 - root - INFO - Loaded (2439, 94, 1, 128) from 9921d3d871144b4abb9df9ae95b35638
2026-09-07 11:33:10,285 - root - INFO - Original tokens: torch.Size([2439, 94, 1, 128]). Sampled tokens: torch.Size([730, 94, 1, 128])
2026-09-07 11:33:10,760 - root - INFO - Loaded (2439, 94, 1, 128) from 9921d3d871144b4abb9df9ae95b35638
2026-09-07 11:33:10,772 - root - INFO - Original tokens: torch.Size([2439, 94, 1, 128]). Sampled tokens: torch.Size([730, 94, 1, 128])
2026-09-07 11:33:10,786 - root - INFO - Loaded (1543, 94, 1, 128) from 0a387030616a48d999aa1bb720e9dfbb
2026-09-07 11:33:10,813 - root - INFO - Loaded (2439, 94, 1, 128) from 9921d3d871144b4abb9df9ae95b35638
2026-09-07 11:33:10,824 - root - INFO - Original tokens: torch.Size([2439, 94, 1, 128]). Sampled tokens: torch.Size([730, 94, 1, 128])
2026-09-07 11:33:10,845 - root - INFO - Original tokens: torch.Size([1543, 94, 1, 128]). Sampled tokens: torch.Size([730, 94, 1, 128])
2026-09-07 11:33:11,055 - root - INFO - Loaded (2894, 94, 1, 128) from a4864fca4946455f90b1e608952173f1
2026-09-07 11:33:11,068 - root - INFO - Original tokens: torch.Size([2894, 94, 1, 128]). Sampled tokens: torch.Size([730, 94, 1, 128])
2026-09-07 11:33:11,512 - root - INFO - Loaded (2894, 94, 1, 128) from a4864fca4946455f90b1e608952173f1
2026-09-07 11:33:11,522 - root - INFO - Original tokens: torch.Size([2894, 94, 1, 128]). Sampled tokens: torch.Size([730, 94, 1, 128])
2026-09-07 11:33:11,586 - root - INFO - Loaded (2020, 94, 1, 128) from ba7657a0406841f3bb2ff9d1aa21d9e2
2026-09-07 11:33:11,610 - root - INFO - Loaded (2894, 94, 1, 128) from a4864fca4946455f90b1e608952173f1
2026-09-07 11:33:11,622 - root - INFO - Original tokens: torch.Size([2894, 94, 1, 128]). Sampled tokens: torch.Size([730, 94, 1, 128])
2026-09-07 11:33:11,635 - root - INFO - Original tokens: torch.Size([2020, 94, 1, 128]). Sampled tokens: torch.Size([730, 94, 1, 128])
2026-09-07 11:33:11,757 - root - INFO - Loaded (1993, 94, 1, 128) from f57ac27b0e364574a95702cd68ba5c44
2026-09-07 11:33:11,769 - root - INFO - Original tokens: torch.Size([1993, 94, 1, 128]). Sampled tokens: torch.Size([730, 94, 1, 128])
2026-09-07 11:33:12,210 - root - INFO - Loaded (1993, 94, 1, 128) from f57ac27b0e364574a95702cd68ba5c44
2026-09-07 11:33:12,219 - root - INFO - Original tokens: torch.Size([1993, 94, 1, 128]). Sampled tokens: torch.Size([730, 94, 1, 128])
2026-09-07 11:33:12,237 - root - INFO - Loaded (1168, 94, 1, 128) from 0204d8f812634da0a5893eda38e28daa
2026-09-07 11:33:12,284 - root - INFO - Original tokens: torch.Size([1168, 94, 1, 128]). Sampled tokens: torch.Size([730, 94, 1, 128])
2026-09-07 11:33:12,298 - root - INFO - Loaded (1993, 94, 1, 128) from f57ac27b0e364574a95702cd68ba5c44
2026-09-07 11:33:12,308 - root - INFO - Original tokens: torch.Size([1993, 94, 1, 128]). Sampled tokens: torch.Size([730, 94, 1, 128])
2026-09-07 11:33:12,411 - root - INFO - Loaded (1868, 94, 1, 128) from a7c2915f1503449bba17bce3001de504
2026-09-07 11:33:12,423 - root - INFO - Original tokens: torch.Size([1868, 94, 1, 128]). Sampled tokens: torch.Size([730, 94, 1, 128])
2026-09-07 11:33:12,879 - root - INFO - Loaded (1868, 94, 1, 128) from a7c2915f1503449bba17bce3001de504
2026-09-07 11:33:12,890 - root - INFO - Original tokens: torch.Size([1868, 94, 1, 128]). Sampled tokens: torch.Size([730, 94, 1, 128])
2026-09-07 11:33:12,990 - root - INFO - Loaded (1868, 94, 1, 128) from a7c2915f1503449bba17bce3001de504
2026-09-07 11:33:13,000 - root - INFO - Original tokens: torch.Size([1868, 94, 1, 128]). Sampled tokens: torch.Size([730, 94, 1, 128])
2026-09-07 11:33:13,067 - root - INFO - Loaded (3029, 94, 1, 128) from bd31a6ee0305439590a93408946cb923
2026-09-07 11:33:13,074 - root - INFO - Loaded (1435, 94, 1, 128) from d8d4cd1ac05a4b2bb6a01b86f6d6989b
2026-09-07 11:33:13,086 - root - INFO - Original tokens: torch.Size([1435, 94, 1, 128]). Sampled tokens: torch.Size([730, 94, 1, 128])
2026-09-07 11:33:13,119 - root - INFO - Original tokens: torch.Size([3029, 94, 1, 128]). Sampled tokens: torch.Size([730, 94, 1, 128])
2026-09-07 11:33:13,505 - root - INFO - Loaded (1435, 94, 1, 128) from d8d4cd1ac05a4b2bb6a01b86f6d6989b
2026-09-07 11:33:13,515 - root - INFO - Original tokens: torch.Size([1435, 94, 1, 128]). Sampled tokens: torch.Size([730, 94, 1, 128])
2026-09-07 11:33:13,640 - root - INFO - Loaded (1435, 94, 1, 128) from d8d4cd1ac05a4b2bb6a01b86f6d6989b
2026-09-07 11:33:13,652 - root - INFO - Original tokens: torch.Size([1435, 94, 1, 128]). Sampled tokens: torch.Size([730, 94, 1, 128])
2026-09-07 11:33:13,792 - root - INFO - Loaded (2533, 94, 1, 128) from cab54893964741498de64245c77895e3
2026-09-07 11:33:13,802 - root - INFO - Original tokens: torch.Size([2533, 94, 1, 128]). Sampled tokens: torch.Size([730, 94, 1, 128])
2026-09-07 11:33:13,831 - root - INFO - Loaded (2949, 94, 1, 128) from 2d6e6c9d7fee4d2dad0eb8cac5c3090b
2026-09-07 11:33:13,881 - root - INFO - Original tokens: torch.Size([2949, 94, 1, 128]). Sampled tokens: torch.Size([730, 94, 1, 128])
2026-09-07 11:33:14,267 - root - INFO - Loaded (2533, 94, 1, 128) from cab54893964741498de64245c77895e3
2026-09-07 11:33:14,278 - root - INFO - Original tokens: torch.Size([2533, 94, 1, 128]). Sampled tokens: torch.Size([730, 94, 1, 128])
2026-09-07 11:33:14,406 - root - INFO - Loaded (2533, 94, 1, 128) from cab54893964741498de64245c77895e3
2026-09-07 11:33:14,419 - root - INFO - Original tokens: torch.Size([2533, 94, 1, 128]). Sampled tokens: torch.Size([730, 94, 1, 128])
2026-09-07 11:33:14,579 - root - INFO - Loaded (2116, 94, 1, 128) from 2b76d19f50a5488b88e834a4a3bf257a
2026-09-07 11:33:14,632 - root - INFO - Original tokens: torch.Size([2116, 94, 1, 128]). Sampled tokens: torch.Size([730, 94, 1, 128])
2026-09-07 11:33:15,034 - root - INFO - Loaded (6229, 94, 1, 128) from 9fe872b186684cebb2f507d9b2d05a8e
2026-09-07 11:33:15,045 - root - INFO - Original tokens: torch.Size([6229, 94, 1, 128]). Sampled tokens: torch.Size([730, 94, 1, 128])
2026-09-07 11:33:15,263 - root - INFO - Loaded (1301, 94, 1, 128) from 773f008d4b344d9cb393ae43ad0e550f
2026-09-07 11:33:15,314 - root - INFO - Original tokens: torch.Size([1301, 94, 1, 128]). Sampled tokens: torch.Size([730, 94, 1, 128])
2026-09-07 11:33:15,485 - root - INFO - Loaded (6229, 94, 1, 128) from 9fe872b186684cebb2f507d9b2d05a8e
2026-09-07 11:33:15,496 - root - INFO - Original tokens: torch.Size([6229, 94, 1, 128]). Sampled tokens: torch.Size([730, 94, 1, 128])
2026-09-07 11:33:15,674 - root - INFO - Loaded (6229, 94, 1, 128) from 9fe872b186684cebb2f507d9b2d05a8e
2026-09-07 11:33:15,684 - root - INFO - Original tokens: torch.Size([6229, 94, 1, 128]). Sampled tokens: torch.Size([730, 94, 1, 128])
2026-09-07 11:33:15,763 - root - INFO - Loaded (2761, 94, 1, 128) from 416748fb105f467cb63e5916f6ff8c5b
2026-09-07 11:33:15,774 - root - INFO - Original tokens: torch.Size([2761, 94, 1, 128]). Sampled tokens: torch.Size([730, 94, 1, 128])
2026-09-07 11:33:16,120 - root - INFO - Loaded (3632, 94, 1, 128) from 5eb9d6f2878541289284da7a54107fab
2026-09-07 11:33:16,173 - root - INFO - Original tokens: torch.Size([3632, 94, 1, 128]). Sampled tokens: torch.Size([730, 94, 1, 128])
2026-09-07 11:33:16,264 - root - INFO - Loaded (2761, 94, 1, 128) from 416748fb105f467cb63e5916f6ff8c5b
2026-09-07 11:33:16,274 - root - INFO - Original tokens: torch.Size([2761, 94, 1, 128]). Sampled tokens: torch.Size([730, 94, 1, 128])
2026-09-07 11:33:16,368 - root - INFO - Loaded (1132, 94, 1, 128) from 1ec0cf8c03334d998f1d83da28f13494
2026-09-07 11:33:16,381 - root - INFO - Original tokens: torch.Size([1132, 94, 1, 128]). Sampled tokens: torch.Size([730, 94, 1, 128])
2026-09-07 11:33:16,415 - root - INFO - Loaded (2761, 94, 1, 128) from 416748fb105f467cb63e5916f6ff8c5b
2026-09-07 11:33:16,429 - root - INFO - Original tokens: torch.Size([2761, 94, 1, 128]). Sampled tokens: torch.Size([730, 94, 1, 128])
2026-09-07 11:33:16,878 - root - INFO - Loaded (2298, 94, 1, 128) from b28fe838dcea4d75bac05b743af935f0
2026-09-07 11:33:16,882 - root - INFO - Loaded (1132, 94, 1, 128) from 1ec0cf8c03334d998f1d83da28f13494
2026-09-07 11:33:16,895 - root - INFO - Original tokens: torch.Size([1132, 94, 1, 128]). Sampled tokens: torch.Size([730, 94, 1, 128])
2026-09-07 11:33:16,932 - root - INFO - Original tokens: torch.Size([2298, 94, 1, 128]). Sampled tokens: torch.Size([730, 94, 1, 128])
2026-09-07 11:33:17,051 - root - INFO - Loaded (1132, 94, 1, 128) from 1ec0cf8c03334d998f1d83da28f13494
2026-09-07 11:33:17,061 - root - INFO - Original tokens: torch.Size([1132, 94, 1, 128]). Sampled tokens: torch.Size([730, 94, 1, 128])
2026-09-07 11:33:17,270 - root - INFO - Loaded (4045, 94, 1, 128) from 0c60800890ec489f9910e48b5e51f19d
2026-09-07 11:33:17,282 - root - INFO - Original tokens: torch.Size([4045, 94, 1, 128]). Sampled tokens: torch.Size([730, 94, 1, 128])
2026-09-07 11:33:17,629 - root - INFO - Loaded (1843, 94, 1, 128) from 733c28a3fa58460aa15ebc2fd352c53a
2026-09-07 11:33:17,682 - root - INFO - Original tokens: torch.Size([1843, 94, 1, 128]). Sampled tokens: torch.Size([730, 94, 1, 128])
2026-09-07 11:33:17,753 - root - INFO - Loaded (4045, 94, 1, 128) from 0c60800890ec489f9910e48b5e51f19d
2026-09-07 11:33:17,768 - root - INFO - Original tokens: torch.Size([4045, 94, 1, 128]). Sampled tokens: torch.Size([730, 94, 1, 128])
2026-09-07 11:33:17,930 - root - INFO - Loaded (4045, 94, 1, 128) from 0c60800890ec489f9910e48b5e51f19d
2026-09-07 11:33:17,943 - root - INFO - Original tokens: torch.Size([4045, 94, 1, 128]). Sampled tokens: torch.Size([730, 94, 1, 128])
2026-09-07 11:33:18,067 - root - INFO - Loaded (2574, 94, 1, 128) from 969aa6d05a724186aa2dc4d285cf86c9
2026-09-07 11:33:18,079 - root - INFO - Original tokens: torch.Size([2574, 94, 1, 128]). Sampled tokens: torch.Size([730, 94, 1, 128])
2026-09-07 11:33:18,505 - root - INFO - Loaded (2574, 94, 1, 128) from 969aa6d05a724186aa2dc4d285cf86c9
2026-09-07 11:33:18,516 - root - INFO - Original tokens: torch.Size([2574, 94, 1, 128]). Sampled tokens: torch.Size([730, 94, 1, 128])
2026-09-07 11:33:18,632 - root - INFO - Loaded (4240, 94, 1, 128) from 7b98eecdcf934dd2beefd2fafb7440cc
2026-09-07 11:33:18,649 - root - INFO - Loaded (2574, 94, 1, 128) from 969aa6d05a724186aa2dc4d285cf86c9
2026-09-07 11:33:18,666 - root - INFO - Original tokens: torch.Size([2574, 94, 1, 128]). Sampled tokens: torch.Size([730, 94, 1, 128])
2026-09-07 11:33:18,690 - root - INFO - Original tokens: torch.Size([4240, 94, 1, 128]). Sampled tokens: torch.Size([730, 94, 1, 128])
2026-09-07 11:33:19,082 - root - INFO - Loaded (4515, 94, 1, 128) from caf1675569f44e3dabd96082e4304c13
2026-09-07 11:33:19,094 - root - INFO - Original tokens: torch.Size([4515, 94, 1, 128]). Sampled tokens: torch.Size([730, 94, 1, 128])
2026-09-07 11:33:19,336 - root - INFO - Loaded (1739, 94, 1, 128) from 5ac46a3790e04cc3b5ef9bb66870cf15
2026-09-07 11:33:19,384 - root - INFO - Original tokens: torch.Size([1739, 94, 1, 128]). Sampled tokens: torch.Size([730, 94, 1, 128])
2026-09-07 11:33:19,487 - root - INFO - Loaded (4515, 94, 1, 128) from caf1675569f44e3dabd96082e4304c13
2026-09-07 11:33:19,498 - root - INFO - Original tokens: torch.Size([4515, 94, 1, 128]). Sampled tokens: torch.Size([730, 94, 1, 128])
2026-09-07 11:33:19,646 - root - INFO - Loaded (4515, 94, 1, 128) from caf1675569f44e3dabd96082e4304c13
2026-09-07 11:33:19,659 - root - INFO - Original tokens: torch.Size([4515, 94, 1, 128]). Sampled tokens: torch.Size([730, 94, 1, 128])
2026-09-07 11:33:19,749 - root - INFO - Loaded (2010, 94, 1, 128) from 9b412dcb0f854454acd0bea9e2c9b621
2026-09-07 11:33:19,764 - root - INFO - Original tokens: torch.Size([2010, 94, 1, 128]). Sampled tokens: torch.Size([730, 94, 1, 128])
2026-09-07 11:33:20,074 - root - INFO - Loaded (2035, 94, 1, 128) from 9d8224a7ab6f4fa084bde81cd3799a5c
2026-09-07 11:33:20,125 - root - INFO - Original tokens: torch.Size([2035, 94, 1, 128]). Sampled tokens: torch.Size([730, 94, 1, 128])
2026-09-07 11:33:20,169 - root - INFO - Loaded (2010, 94, 1, 128) from 9b412dcb0f854454acd0bea9e2c9b621
2026-09-07 11:33:20,179 - root - INFO - Original tokens: torch.Size([2010, 94, 1, 128]). Sampled tokens: torch.Size([730, 94, 1, 128])
2026-09-07 11:33:20,348 - root - INFO - Loaded (2010, 94, 1, 128) from 9b412dcb0f854454acd0bea9e2c9b621
2026-09-07 11:33:20,356 - root - INFO - Original tokens: torch.Size([2010, 94, 1, 128]). Sampled tokens: torch.Size([730, 94, 1, 128])
2026-09-07 11:33:20,384 - root - INFO - Loaded (1648, 94, 1, 128) from 72ed68f42309416d94f44c1febd13a43
2026-09-07 11:33:20,396 - root - INFO - Original tokens: torch.Size([1648, 94, 1, 128]). Sampled tokens: torch.Size([730, 94, 1, 128])
2026-09-07 11:33:20,771 - root - INFO - Loaded (1656, 94, 1, 128) from 3d753b9d887a4c72b4aeacea644ed598
2026-09-07 11:33:20,822 - root - INFO - Original tokens: torch.Size([1656, 94, 1, 128]). Sampled tokens: torch.Size([730, 94, 1, 128])
2026-09-07 11:33:20,831 - root - INFO - Loaded (1648, 94, 1, 128) from 72ed68f42309416d94f44c1febd13a43
2026-09-07 11:33:20,841 - root - INFO - Original tokens: torch.Size([1648, 94, 1, 128]). Sampled tokens: torch.Size([730, 94, 1, 128])
2026-09-07 11:33:20,988 - root - INFO - Loaded (1648, 94, 1, 128) from 72ed68f42309416d94f44c1febd13a43
2026-09-07 11:33:20,999 - root - INFO - Original tokens: torch.Size([1648, 94, 1, 128]). Sampled tokens: torch.Size([730, 94, 1, 128])
2026-09-07 11:33:21,115 - root - INFO - Loaded (2803, 94, 1, 128) from 13767c4718d548e8ae8738678ec5701e
2026-09-07 11:33:21,128 - root - INFO - Original tokens: torch.Size([2803, 94, 1, 128]). Sampled tokens: torch.Size([730, 94, 1, 128])
2026-09-07 11:33:21,437 - root - INFO - Loaded (1418, 94, 1, 128) from 51f5508fce3849dda8630fa093f4e012
2026-09-07 11:33:21,483 - root - INFO - Original tokens: torch.Size([1418, 94, 1, 128]). Sampled tokens: torch.Size([730, 94, 1, 128])
2026-09-07 11:33:21,564 - root - INFO - Loaded (2803, 94, 1, 128) from 13767c4718d548e8ae8738678ec5701e
2026-09-07 11:33:21,575 - root - INFO - Original tokens: torch.Size([2803, 94, 1, 128]). Sampled tokens: torch.Size([730, 94, 1, 128])
2026-09-07 11:33:21,727 - root - INFO - Loaded (2803, 94, 1, 128) from 13767c4718d548e8ae8738678ec5701e
2026-09-07 11:33:21,739 - root - INFO - Original tokens: torch.Size([2803, 94, 1, 128]). Sampled tokens: torch.Size([730, 94, 1, 128])
2026-09-07 11:33:21,779 - root - INFO - Loaded (1916, 94, 1, 128) from fe9e141880914f4ca7b90158dbb82c07
2026-09-07 11:33:21,787 - root - INFO - Original tokens: torch.Size([1916, 94, 1, 128]). Sampled tokens: torch.Size([730, 94, 1, 128])
2026-09-07 11:33:22,182 - root - INFO - Loaded (2300, 94, 1, 128) from 872b8db8585e4e398b6a6dd84920bc35
2026-09-07 11:33:22,233 - root - INFO - Original tokens: torch.Size([2300, 94, 1, 128]). Sampled tokens: torch.Size([730, 94, 1, 128])
2026-09-07 11:33:22,236 - root - INFO - Loaded (1916, 94, 1, 128) from fe9e141880914f4ca7b90158dbb82c07
2026-09-07 11:33:22,247 - root - INFO - Original tokens: torch.Size([1916, 94, 1, 128]). Sampled tokens: torch.Size([730, 94, 1, 128])
2026-09-07 11:33:22,370 - root - INFO - Loaded (1180, 94, 1, 128) from b5caaff3584243a08c3dd9eebd8bd0bc
2026-09-07 11:33:22,382 - root - INFO - Original tokens: torch.Size([1180, 94, 1, 128]). Sampled tokens: torch.Size([730, 94, 1, 128])
2026-09-07 11:33:22,383 - root - INFO - Loaded (1916, 94, 1, 128) from fe9e141880914f4ca7b90158dbb82c07
2026-09-07 11:33:22,396 - root - INFO - Original tokens: torch.Size([1916, 94, 1, 128]). Sampled tokens: torch.Size([730, 94, 1, 128])
2026-09-07 11:33:22,844 - root - INFO - Loaded (1180, 94, 1, 128) from b5caaff3584243a08c3dd9eebd8bd0bc
2026-09-07 11:33:22,854 - root - INFO - Original tokens: torch.Size([1180, 94, 1, 128]). Sampled tokens: torch.Size([730, 94, 1, 128])
2026-09-07 11:33:22,869 - root - INFO - Loaded (1180, 94, 1, 128) from b5caaff3584243a08c3dd9eebd8bd0bc
2026-09-07 11:33:22,919 - root - INFO - Original tokens: torch.Size([1180, 94, 1, 128]). Sampled tokens: torch.Size([730, 94, 1, 128])
2026-09-07 11:33:23,011 - root - INFO - Loaded (1180, 94, 1, 128) from b5caaff3584243a08c3dd9eebd8bd0bc
2026-09-07 11:33:23,021 - root - INFO - Original tokens: torch.Size([1180, 94, 1, 128]). Sampled tokens: torch.Size([730, 94, 1, 128])
2026-09-07 11:33:23,131 - root - INFO - Loaded (3062, 94, 1, 128) from ff281c89f8664de78bf68eff97a817d8
2026-09-07 11:33:23,143 - root - INFO - Original tokens: torch.Size([3062, 94, 1, 128]). Sampled tokens: torch.Size([730, 94, 1, 128])
2026-09-07 11:33:23,591 - root - INFO - Loaded (1550, 94, 1, 128) from 45ce3559d8ac46369a025ad646f716d2
2026-09-07 11:33:23,633 - root - INFO - Loaded (3062, 94, 1, 128) from ff281c89f8664de78bf68eff97a817d8
2026-09-07 11:33:23,638 - root - INFO - Original tokens: torch.Size([1550, 94, 1, 128]). Sampled tokens: torch.Size([730, 94, 1, 128])
2026-09-07 11:33:23,642 - root - INFO - Original tokens: torch.Size([3062, 94, 1, 128]). Sampled tokens: torch.Size([730, 94, 1, 128])
2026-09-07 11:33:23,771 - root - INFO - Loaded (3062, 94, 1, 128) from ff281c89f8664de78bf68eff97a817d8
2026-09-07 11:33:23,779 - root - INFO - Loaded (1425, 94, 1, 128) from adb01e60b3f64174bb460113bc9ef619
2026-09-07 11:33:23,784 - root - INFO - Original tokens: torch.Size([3062, 94, 1, 128]). Sampled tokens: torch.Size([730, 94, 1, 128])
2026-09-07 11:33:23,796 - root - INFO - Original tokens: torch.Size([1425, 94, 1, 128]). Sampled tokens: torch.Size([730, 94, 1, 128])
2026-09-07 11:33:24,277 - root - INFO - Loaded (1425, 94, 1, 128) from adb01e60b3f64174bb460113bc9ef619
2026-09-07 11:33:24,287 - root - INFO - Original tokens: torch.Size([1425, 94, 1, 128]). Sampled tokens: torch.Size([730, 94, 1, 128])
2026-09-07 11:33:24,360 - root - INFO - Loaded (2642, 94, 1, 128) from 70b4c498458b438bbabd32e705e29e81
2026-09-07 11:33:24,400 - root - INFO - Loaded (1027, 94, 1, 128) from ec21efb8eb844e16beebcff0467e4f99
2026-09-07 11:33:24,405 - root - INFO - Loaded (1425, 94, 1, 128) from adb01e60b3f64174bb460113bc9ef619
2026-09-07 11:33:24,467 - root - INFO - Original tokens: torch.Size([2642, 94, 1, 128]). Sampled tokens: torch.Size([730, 94, 1, 128])
2026-09-07 11:33:24,468 - root - INFO - Original tokens: torch.Size([1425, 94, 1, 128]). Sampled tokens: torch.Size([730, 94, 1, 128])
2026-09-07 11:33:24,469 - root - INFO - Original tokens: torch.Size([1027, 94, 1, 128]). Sampled tokens: torch.Size([730, 94, 1, 128])
2026-09-07 11:33:24,901 - root - INFO - Loaded (1027, 94, 1, 128) from ec21efb8eb844e16beebcff0467e4f99
2026-09-07 11:33:24,911 - root - INFO - Original tokens: torch.Size([1027, 94, 1, 128]). Sampled tokens: torch.Size([730, 94, 1, 128])
2026-09-07 11:33:25,069 - root - INFO - Loaded (1027, 94, 1, 128) from ec21efb8eb844e16beebcff0467e4f99
2026-09-07 11:33:25,079 - root - INFO - Original tokens: torch.Size([1027, 94, 1, 128]). Sampled tokens: torch.Size([730, 94, 1, 128])
2026-09-07 11:33:25,215 - root - INFO - Loaded (2408, 94, 1, 128) from 01b46ff0f88f4a36b59ad6fc905ea335
2026-09-07 11:33:25,267 - root - INFO - Original tokens: torch.Size([2408, 94, 1, 128]). Sampled tokens: torch.Size([730, 94, 1, 128])
2026-09-07 11:33:25,773 - root - INFO - Loaded (6470, 94, 1, 128) from 0a9fb125088f465e9954b66f4bb6d92e
2026-09-07 11:33:25,785 - root - INFO - Original tokens: torch.Size([6470, 94, 1, 128]). Sampled tokens: torch.Size([730, 94, 1, 128])
2026-09-07 11:33:26,092 - root - INFO - Loaded (2894, 94, 1, 128) from a4864fca4946455f90b1e608952173f1
2026-09-07 11:33:26,139 - root - INFO - Original tokens: torch.Size([2894, 94, 1, 128]). Sampled tokens: torch.Size([730, 94, 1, 128])
2026-09-07 11:33:26,233 - root - INFO - Loaded (6470, 94, 1, 128) from 0a9fb125088f465e9954b66f4bb6d92e
2026-09-07 11:33:26,242 - root - INFO - Original tokens: torch.Size([6470, 94, 1, 128]). Sampled tokens: torch.Size([730, 94, 1, 128])
2026-09-07 11:33:26,372 - root - INFO - Loaded (6470, 94, 1, 128) from 0a9fb125088f465e9954b66f4bb6d92e
2026-09-07 11:33:26,382 - root - INFO - Original tokens: torch.Size([6470, 94, 1, 128]). Sampled tokens: torch.Size([730, 94, 1, 128])
2026-09-07 11:33:26,536 - root - INFO - Loaded (3029, 94, 1, 128) from bd31a6ee0305439590a93408946cb923
2026-09-07 11:33:26,544 - root - INFO - Original tokens: torch.Size([3029, 94, 1, 128]). Sampled tokens: torch.Size([730, 94, 1, 128])
2026-09-07 11:33:26,816 - root - INFO - Loaded (2439, 94, 1, 128) from 9921d3d871144b4abb9df9ae95b35638
2026-09-07 11:33:26,866 - root - INFO - Original tokens: torch.Size([2439, 94, 1, 128]). Sampled tokens: torch.Size([730, 94, 1, 128])
2026-09-07 11:33:26,994 - root - INFO - Loaded (3029, 94, 1, 128) from bd31a6ee0305439590a93408946cb923
2026-09-07 11:33:27,004 - root - INFO - Original tokens: torch.Size([3029, 94, 1, 128]). Sampled tokens: torch.Size([730, 94, 1, 128])
2026-09-07 11:33:27,123 - root - INFO - Loaded (3029, 94, 1, 128) from bd31a6ee0305439590a93408946cb923
2026-09-07 11:33:27,133 - root - INFO - Original tokens: torch.Size([3029, 94, 1, 128]). Sampled tokens: torch.Size([730, 94, 1, 128])
2026-09-07 11:33:27,203 - root - INFO - Loaded (1656, 94, 1, 128) from 3d753b9d887a4c72b4aeacea644ed598
2026-09-07 11:33:27,214 - root - INFO - Original tokens: torch.Size([1656, 94, 1, 128]). Sampled tokens: torch.Size([730, 94, 1, 128])
2026-09-07 11:33:27,459 - root - INFO - Loaded (1046, 94, 1, 128) from e87c051dea984e748288d3c10c8c895c
2026-09-07 11:33:27,509 - root - INFO - Original tokens: torch.Size([1046, 94, 1, 128]). Sampled tokens: torch.Size([730, 94, 1, 128])
2026-09-07 11:33:27,615 - root - INFO - Loaded (1656, 94, 1, 128) from 3d753b9d887a4c72b4aeacea644ed598
2026-09-07 11:33:27,626 - root - INFO - Original tokens: torch.Size([1656, 94, 1, 128]). Sampled tokens: torch.Size([730, 94, 1, 128])
2026-09-07 11:33:27,763 - root - INFO - Loaded (1656, 94, 1, 128) from 3d753b9d887a4c72b4aeacea644ed598
2026-09-07 11:33:27,775 - root - INFO - Original tokens: torch.Size([1656, 94, 1, 128]). Sampled tokens: torch.Size([730, 94, 1, 128])
2026-09-07 11:33:27,850 - root - INFO - Loaded (1728, 94, 1, 128) from 41b3e04f06304a5c8e50154b66390d1d
2026-09-07 11:33:27,865 - root - INFO - Original tokens: torch.Size([1728, 94, 1, 128]). Sampled tokens: torch.Size([730, 94, 1, 128])
2026-09-07 11:33:28,217 - root - INFO - Loaded (2108, 94, 1, 128) from d6b9aeb3c2d244ec8c65c77b56fba024
2026-09-07 11:33:28,268 - root - INFO - Original tokens: torch.Size([2108, 94, 1, 128]). Sampled tokens: torch.Size([730, 94, 1, 128])
2026-09-07 11:33:28,296 - root - INFO - Loaded (1728, 94, 1, 128) from 41b3e04f06304a5c8e50154b66390d1d
2026-09-07 11:33:28,308 - root - INFO - Original tokens: torch.Size([1728, 94, 1, 128]). Sampled tokens: torch.Size([730, 94, 1, 128])
2026-09-07 11:33:28,427 - root - INFO - Loaded (1728, 94, 1, 128) from 41b3e04f06304a5c8e50154b66390d1d
2026-09-07 11:33:28,439 - root - INFO - Original tokens: torch.Size([1728, 94, 1, 128]). Sampled tokens: torch.Size([730, 94, 1, 128])
2026-09-07 11:33:28,587 - root - INFO - Loaded (2767, 94, 1, 128) from 02451d1c634c4df3b59da14af3013110
2026-09-07 11:33:28,600 - root - INFO - Original tokens: torch.Size([2767, 94, 1, 128]). Sampled tokens: torch.Size([730, 94, 1, 128])
2026-09-07 11:33:28,939 - root - INFO - Loaded (1219, 94, 1, 128) from f6dda268794147ada80ca6cc00426266
2026-09-07 11:33:28,988 - root - INFO - Original tokens: torch.Size([1219, 94, 1, 128]). Sampled tokens: torch.Size([730, 94, 1, 128])
2026-09-07 11:33:29,042 - root - INFO - Loaded (2767, 94, 1, 128) from 02451d1c634c4df3b59da14af3013110
2026-09-07 11:33:29,051 - root - INFO - Original tokens: torch.Size([2767, 94, 1, 128]). Sampled tokens: torch.Size([730, 94, 1, 128])
2026-09-07 11:33:29,171 - root - INFO - Loaded (2767, 94, 1, 128) from 02451d1c634c4df3b59da14af3013110
2026-09-07 11:33:29,183 - root - INFO - Original tokens: torch.Size([2767, 94, 1, 128]). Sampled tokens: torch.Size([730, 94, 1, 128])
2026-09-07 11:33:29,572 - root - INFO - Loaded (4240, 94, 1, 128) from 7b98eecdcf934dd2beefd2fafb7440cc
2026-09-07 11:33:29,584 - root - INFO - Original tokens: torch.Size([4240, 94, 1, 128]). Sampled tokens: torch.Size([730, 94, 1, 128])
2026-09-07 11:33:29,786 - root - INFO - Loaded (2803, 94, 1, 128) from 13767c4718d548e8ae8738678ec5701e
2026-09-07 11:33:29,840 - root - INFO - Original tokens: torch.Size([2803, 94, 1, 128]). Sampled tokens: torch.Size([730, 94, 1, 128])
2026-09-07 11:33:30,042 - root - INFO - Loaded (4240, 94, 1, 128) from 7b98eecdcf934dd2beefd2fafb7440cc
2026-09-07 11:33:30,053 - root - INFO - Original tokens: torch.Size([4240, 94, 1, 128]). Sampled tokens: torch.Size([730, 94, 1, 128])
2026-09-07 11:33:30,166 - root - INFO - Loaded (4240, 94, 1, 128) from 7b98eecdcf934dd2beefd2fafb7440cc
2026-09-07 11:33:30,178 - root - INFO - Original tokens: torch.Size([4240, 94, 1, 128]). Sampled tokens: torch.Size([730, 94, 1, 128])
2026-09-07 11:33:30,490 - root - INFO - Loaded (1180, 94, 1, 128) from 56631570c405437b99b452c83efa9f4a
2026-09-07 11:33:30,538 - root - INFO - Original tokens: torch.Size([1180, 94, 1, 128]). Sampled tokens: torch.Size([730, 94, 1, 128])
2026-09-07 11:33:30,633 - root - INFO - Loaded (5330, 94, 1, 128) from ea351a94db47476ca5cd1b5101809a9f
2026-09-07 11:33:30,642 - root - INFO - Original tokens: torch.Size([5330, 94, 1, 128]). Sampled tokens: torch.Size([730, 94, 1, 128])
2026-09-07 11:33:31,131 - root - INFO - Loaded (5330, 94, 1, 128) from ea351a94db47476ca5cd1b5101809a9f
2026-09-07 11:33:31,140 - root - INFO - Original tokens: torch.Size([5330, 94, 1, 128]). Sampled tokens: torch.Size([730, 94, 1, 128])
2026-09-07 11:33:31,231 - root - INFO - Loaded (2149, 94, 1, 128) from 959996749b0043b1aa2497642c57b12c
2026-09-07 11:33:31,240 - root - INFO - Loaded (5330, 94, 1, 128) from ea351a94db47476ca5cd1b5101809a9f
2026-09-07 11:33:31,250 - root - INFO - Original tokens: torch.Size([5330, 94, 1, 128]). Sampled tokens: torch.Size([730, 94, 1, 128])
2026-09-07 11:33:31,286 - root - INFO - Original tokens: torch.Size([2149, 94, 1, 128]). Sampled tokens: torch.Size([730, 94, 1, 128])
2026-09-07 11:33:31,378 - root - INFO - Loaded (3046, 94, 1, 128) from bda6ca976a064c8cb10cbad2c5709604
2026-09-07 11:33:31,392 - root - INFO - Original tokens: torch.Size([3046, 94, 1, 128]). Sampled tokens: torch.Size([730, 94, 1, 128])
2026-09-07 11:33:31,918 - root - INFO - Loaded (3046, 94, 1, 128) from bda6ca976a064c8cb10cbad2c5709604
2026-09-07 11:33:31,929 - root - INFO - Original tokens: torch.Size([3046, 94, 1, 128]). Sampled tokens: torch.Size([730, 94, 1, 128])
2026-09-07 11:33:32,011 - root - INFO - Loaded (1859, 94, 1, 128) from b73a26b5907e437ba864ada72fe498fc
2026-09-07 11:33:32,023 - root - INFO - Loaded (3046, 94, 1, 128) from bda6ca976a064c8cb10cbad2c5709604
2026-09-07 11:33:32,033 - root - INFO - Original tokens: torch.Size([3046, 94, 1, 128]). Sampled tokens: torch.Size([730, 94, 1, 128])
2026-09-07 11:33:32,066 - root - INFO - Original tokens: torch.Size([1859, 94, 1, 128]). Sampled tokens: torch.Size([730, 94, 1, 128])
2026-09-07 11:33:32,108 - root - INFO - Loaded (2084, 94, 1, 128) from 8eb22d8ae2fb4194909db67b02c0af3b
2026-09-07 11:33:32,121 - root - INFO - Original tokens: torch.Size([2084, 94, 1, 128]). Sampled tokens: torch.Size([730, 94, 1, 128])
2026-09-07 11:33:32,640 - root - INFO - Loaded (2084, 94, 1, 128) from 8eb22d8ae2fb4194909db67b02c0af3b
2026-09-07 11:33:32,649 - root - INFO - Original tokens: torch.Size([2084, 94, 1, 128]). Sampled tokens: torch.Size([730, 94, 1, 128])
2026-09-07 11:33:32,753 - root - INFO - Loaded (2084, 94, 1, 128) from 8eb22d8ae2fb4194909db67b02c0af3b
2026-09-07 11:33:32,763 - root - INFO - Original tokens: torch.Size([2084, 94, 1, 128]). Sampled tokens: torch.Size([730, 94, 1, 128])
2026-09-07 11:33:32,790 - root - INFO - Loaded (2084, 94, 1, 128) from 8eb22d8ae2fb4194909db67b02c0af3b
2026-09-07 11:33:32,842 - root - INFO - Loaded (2216, 94, 1, 128) from 1e9b3fa270bb4b2480140caa5d2b6ee1
2026-09-07 11:33:32,844 - root - INFO - Original tokens: torch.Size([2084, 94, 1, 128]). Sampled tokens: torch.Size([730, 94, 1, 128])
2026-09-07 11:33:32,856 - root - INFO - Original tokens: torch.Size([2216, 94, 1, 128]). Sampled tokens: torch.Size([730, 94, 1, 128])
2026-09-07 11:33:33,354 - root - INFO - Loaded (2216, 94, 1, 128) from 1e9b3fa270bb4b2480140caa5d2b6ee1
2026-09-07 11:33:33,365 - root - INFO - Original tokens: torch.Size([2216, 94, 1, 128]). Sampled tokens: torch.Size([730, 94, 1, 128])
2026-09-07 11:33:33,480 - root - INFO - Loaded (2216, 94, 1, 128) from 1e9b3fa270bb4b2480140caa5d2b6ee1
2026-09-07 11:33:33,491 - root - INFO - Original tokens: torch.Size([2216, 94, 1, 128]). Sampled tokens: torch.Size([730, 94, 1, 128])
2026-09-07 11:33:33,601 - root - INFO - Loaded (2672, 94, 1, 128) from 2f223bc98be44e54af5670bd5770fed9
2026-09-07 11:33:33,614 - root - INFO - Original tokens: torch.Size([2672, 94, 1, 128]). Sampled tokens: torch.Size([730, 94, 1, 128])
2026-09-07 11:33:34,111 - root - INFO - Loaded (2672, 94, 1, 128) from 2f223bc98be44e54af5670bd5770fed9
2026-09-07 11:33:34,122 - root - INFO - Original tokens: torch.Size([2672, 94, 1, 128]). Sampled tokens: torch.Size([730, 94, 1, 128])
2026-09-07 11:33:34,189 - root - INFO - Loaded (6537, 94, 1, 128) from 53801981cb944605a5c1681dfdd7149f
2026-09-07 11:33:34,217 - root - INFO - Loaded (2672, 94, 1, 128) from 2f223bc98be44e54af5670bd5770fed9
2026-09-07 11:33:34,230 - root - INFO - Original tokens: torch.Size([2672, 94, 1, 128]). Sampled tokens: torch.Size([730, 94, 1, 128])
2026-09-07 11:33:34,253 - root - INFO - Original tokens: torch.Size([6537, 94, 1, 128]). Sampled tokens: torch.Size([730, 94, 1, 128])
2026-09-07 11:33:34,322 - root - INFO - Loaded (1956, 94, 1, 128) from 90aa5dee330e4aeebe210df6ae589813
2026-09-07 11:33:34,332 - root - INFO - Original tokens: torch.Size([1956, 94, 1, 128]). Sampled tokens: torch.Size([730, 94, 1, 128])
2026-09-07 11:33:34,792 - root - INFO - Loaded (1956, 94, 1, 128) from 90aa5dee330e4aeebe210df6ae589813
2026-09-07 11:33:34,802 - root - INFO - Original tokens: torch.Size([1956, 94, 1, 128]). Sampled tokens: torch.Size([730, 94, 1, 128])
2026-09-07 11:33:34,880 - root - INFO - Loaded (1450, 94, 1, 128) from 5d4b879ad98049daa51e8c11bf43ec42
2026-09-07 11:33:34,911 - root - INFO - Loaded (1956, 94, 1, 128) from 90aa5dee330e4aeebe210df6ae589813
2026-09-07 11:33:34,922 - root - INFO - Original tokens: torch.Size([1956, 94, 1, 128]). Sampled tokens: torch.Size([730, 94, 1, 128])
2026-09-07 11:33:34,926 - root - INFO - Original tokens: torch.Size([1450, 94, 1, 128]). Sampled tokens: torch.Size([730, 94, 1, 128])
2026-09-07 11:33:35,015 - root - INFO - Loaded (2116, 94, 1, 128) from 2b76d19f50a5488b88e834a4a3bf257a
2026-09-07 11:33:35,027 - root - INFO - Original tokens: torch.Size([2116, 94, 1, 128]). Sampled tokens: torch.Size([730, 94, 1, 128])
2026-09-07 11:33:35,477 - root - INFO - Loaded (2116, 94, 1, 128) from 2b76d19f50a5488b88e834a4a3bf257a
2026-09-07 11:33:35,487 - root - INFO - Original tokens: torch.Size([2116, 94, 1, 128]). Sampled tokens: torch.Size([730, 94, 1, 128])
2026-09-07 11:33:35,586 - root - INFO - Loaded (1473, 94, 1, 128) from 28047b217352457e9780a89f0448904a
2026-09-07 11:33:35,607 - root - INFO - Loaded (2116, 94, 1, 128) from 2b76d19f50a5488b88e834a4a3bf257a
2026-09-07 11:33:35,618 - root - INFO - Original tokens: torch.Size([2116, 94, 1, 128]). Sampled tokens: torch.Size([730, 94, 1, 128])
2026-09-07 11:33:35,632 - root - INFO - Original tokens: torch.Size([1473, 94, 1, 128]). Sampled tokens: torch.Size([730, 94, 1, 128])
2026-09-07 11:33:35,640 - root - INFO - Loaded (1125, 94, 1, 128) from ab92e0b6b48f4edb9bc0603c16818f35
2026-09-07 11:33:35,654 - root - INFO - Original tokens: torch.Size([1125, 94, 1, 128]). Sampled tokens: torch.Size([730, 94, 1, 128])
2026-09-07 11:33:36,097 - root - INFO - Loaded (1125, 94, 1, 128) from ab92e0b6b48f4edb9bc0603c16818f35
2026-09-07 11:33:36,108 - root - INFO - Original tokens: torch.Size([1125, 94, 1, 128]). Sampled tokens: torch.Size([730, 94, 1, 128])
2026-09-07 11:33:36,240 - root - INFO - Loaded (1125, 94, 1, 128) from ab92e0b6b48f4edb9bc0603c16818f35
2026-09-07 11:33:36,250 - root - INFO - Original tokens: torch.Size([1125, 94, 1, 128]). Sampled tokens: torch.Size([730, 94, 1, 128])
2026-09-07 11:33:36,265 - root - INFO - Loaded (1648, 94, 1, 128) from 72ed68f42309416d94f44c1febd13a43
2026-09-07 11:33:36,313 - root - INFO - Original tokens: torch.Size([1648, 94, 1, 128]). Sampled tokens: torch.Size([730, 94, 1, 128])
2026-09-07 11:33:36,383 - root - INFO - Loaded (2298, 94, 1, 128) from b28fe838dcea4d75bac05b743af935f0
2026-09-07 11:33:36,393 - root - INFO - Original tokens: torch.Size([2298, 94, 1, 128]). Sampled tokens: torch.Size([730, 94, 1, 128])
2026-09-07 11:33:36,828 - root - INFO - Loaded (2298, 94, 1, 128) from b28fe838dcea4d75bac05b743af935f0
2026-09-07 11:33:36,840 - root - INFO - Original tokens: torch.Size([2298, 94, 1, 128]). Sampled tokens: torch.Size([730, 94, 1, 128])
2026-09-07 11:33:36,962 - root - INFO - Loaded (2298, 94, 1, 128) from b28fe838dcea4d75bac05b743af935f0
2026-09-07 11:33:36,972 - root - INFO - Original tokens: torch.Size([2298, 94, 1, 128]). Sampled tokens: torch.Size([730, 94, 1, 128])
2026-09-07 11:33:37,131 - root - INFO - Loaded (3776, 94, 1, 128) from f418ec52b20d45ea8b20f15bde46978c
2026-09-07 11:33:37,187 - root - INFO - Original tokens: torch.Size([3776, 94, 1, 128]). Sampled tokens: torch.Size([730, 94, 1, 128])
2026-09-07 11:33:37,270 - root - INFO - Loaded (3632, 94, 1, 128) from 5eb9d6f2878541289284da7a54107fab
2026-09-07 11:33:37,282 - root - INFO - Original tokens: torch.Size([3632, 94, 1, 128]). Sampled tokens: torch.Size([730, 94, 1, 128])
2026-09-07 11:33:37,694 - root - INFO - Loaded (3632, 94, 1, 128) from 5eb9d6f2878541289284da7a54107fab
2026-09-07 11:33:37,705 - root - INFO - Original tokens: torch.Size([3632, 94, 1, 128]). Sampled tokens: torch.Size([730, 94, 1, 128])
2026-09-07 11:33:37,763 - root - INFO - Loaded (3632, 94, 1, 128) from 5eb9d6f2878541289284da7a54107fab
2026-09-07 11:33:37,772 - root - INFO - Original tokens: torch.Size([3632, 94, 1, 128]). Sampled tokens: torch.Size([730, 94, 1, 128])
2026-09-07 11:33:37,842 - root - INFO - Loaded (1137, 94, 1, 128) from 9cc2b84cd4e840cc9ddfdfcaca0e44cc
2026-09-07 11:33:37,895 - root - INFO - Original tokens: torch.Size([1137, 94, 1, 128]). Sampled tokens: torch.Size([730, 94, 1, 128])
2026-09-07 11:33:37,972 - root - INFO - Loaded (2035, 94, 1, 128) from 9d8224a7ab6f4fa084bde81cd3799a5c
2026-09-07 11:33:37,985 - root - INFO - Original tokens: torch.Size([2035, 94, 1, 128]). Sampled tokens: torch.Size([730, 94, 1, 128])
2026-09-07 11:33:38,418 - root - INFO - Loaded (2035, 94, 1, 128) from 9d8224a7ab6f4fa084bde81cd3799a5c
2026-09-07 11:33:38,427 - root - INFO - Original tokens: torch.Size([2035, 94, 1, 128]). Sampled tokens: torch.Size([730, 94, 1, 128])
2026-09-07 11:33:38,469 - root - INFO - Loaded (2035, 94, 1, 128) from 9d8224a7ab6f4fa084bde81cd3799a5c
2026-09-07 11:33:38,478 - root - INFO - Original tokens: torch.Size([2035, 94, 1, 128]). Sampled tokens: torch.Size([730, 94, 1, 128])
2026-09-07 11:33:38,584 - root - INFO - Loaded (1046, 94, 1, 128) from e87c051dea984e748288d3c10c8c895c
2026-09-07 11:33:38,597 - root - INFO - Original tokens: torch.Size([1046, 94, 1, 128]). Sampled tokens: torch.Size([730, 94, 1, 128])
2026-09-07 11:33:38,607 - root - INFO - Loaded (1868, 94, 1, 128) from a7c2915f1503449bba17bce3001de504
2026-09-07 11:33:38,659 - root - INFO - Original tokens: torch.Size([1868, 94, 1, 128]). Sampled tokens: torch.Size([730, 94, 1, 128])
2026-09-07 11:33:39,052 - root - INFO - Loaded (1046, 94, 1, 128) from e87c051dea984e748288d3c10c8c895c
2026-09-07 11:33:39,062 - root - INFO - Original tokens: torch.Size([1046, 94, 1, 128]). Sampled tokens: torch.Size([730, 94, 1, 128])
2026-09-07 11:33:39,073 - root - INFO - Loaded (1046, 94, 1, 128) from e87c051dea984e748288d3c10c8c895c
2026-09-07 11:33:39,085 - root - INFO - Original tokens: torch.Size([1046, 94, 1, 128]). Sampled tokens: torch.Size([730, 94, 1, 128])
2026-09-07 11:33:39,264 - root - INFO - Loaded (1326, 94, 1, 128) from ef06ac0ac815490482f1301c36b8641f
2026-09-07 11:33:39,276 - root - INFO - Original tokens: torch.Size([1326, 94, 1, 128]). Sampled tokens: torch.Size([730, 94, 1, 128])
2026-09-07 11:33:39,421 - root - INFO - Loaded (2671, 94, 1, 128) from 4b84851d93824fbcbe37208f36eddbbb
2026-09-07 11:33:39,479 - root - INFO - Original tokens: torch.Size([2671, 94, 1, 128]). Sampled tokens: torch.Size([730, 94, 1, 128])
2026-09-07 11:33:39,722 - root - INFO - Loaded (1326, 94, 1, 128) from ef06ac0ac815490482f1301c36b8641f
2026-09-07 11:33:39,734 - root - INFO - Original tokens: torch.Size([1326, 94, 1, 128]). Sampled tokens: torch.Size([730, 94, 1, 128])
2026-09-07 11:33:39,740 - root - INFO - Loaded (1326, 94, 1, 128) from ef06ac0ac815490482f1301c36b8641f
2026-09-07 11:33:39,754 - root - INFO - Original tokens: torch.Size([1326, 94, 1, 128]). Sampled tokens: torch.Size([730, 94, 1, 128])
2026-09-07 11:33:39,998 - root - INFO - Loaded (2640, 94, 1, 128) from 4b17b0739a2f4b298421e21203ff64f8
2026-09-07 11:33:40,011 - root - INFO - Original tokens: torch.Size([2640, 94, 1, 128]). Sampled tokens: torch.Size([730, 94, 1, 128])
2026-09-07 11:33:40,206 - root - INFO - Loaded (2216, 94, 1, 128) from 1e9b3fa270bb4b2480140caa5d2b6ee1
2026-09-07 11:33:40,261 - root - INFO - Original tokens: torch.Size([2216, 94, 1, 128]). Sampled tokens: torch.Size([730, 94, 1, 128])
2026-09-07 11:33:40,452 - root - INFO - Loaded (2640, 94, 1, 128) from 4b17b0739a2f4b298421e21203ff64f8
2026-09-07 11:33:40,463 - root - INFO - Original tokens: torch.Size([2640, 94, 1, 128]). Sampled tokens: torch.Size([730, 94, 1, 128])
2026-09-07 11:33:40,487 - root - INFO - Loaded (2640, 94, 1, 128) from 4b17b0739a2f4b298421e21203ff64f8
2026-09-07 11:33:40,500 - root - INFO - Original tokens: torch.Size([2640, 94, 1, 128]). Sampled tokens: torch.Size([730, 94, 1, 128])
2026-09-07 11:33:40,688 - root - INFO - Loaded (1922, 94, 1, 128) from 9e1d1393549c48079d1060a5d1363dc6
2026-09-07 11:33:40,701 - root - INFO - Original tokens: torch.Size([1922, 94, 1, 128]). Sampled tokens: torch.Size([730, 94, 1, 128])
2026-09-07 11:33:41,042 - root - INFO - Loaded (2776, 94, 1, 128) from bf7d53374d38400d9a0eb3228b4e0d79
2026-09-07 11:33:41,092 - root - INFO - Original tokens: torch.Size([2776, 94, 1, 128]). Sampled tokens: torch.Size([730, 94, 1, 128])
2026-09-07 11:33:41,153 - root - INFO - Loaded (1922, 94, 1, 128) from 9e1d1393549c48079d1060a5d1363dc6
2026-09-07 11:33:41,164 - root - INFO - Original tokens: torch.Size([1922, 94, 1, 128]). Sampled tokens: torch.Size([730, 94, 1, 128])
2026-09-07 11:33:41,190 - root - INFO - Loaded (1922, 94, 1, 128) from 9e1d1393549c48079d1060a5d1363dc6
2026-09-07 11:33:41,203 - root - INFO - Original tokens: torch.Size([1922, 94, 1, 128]). Sampled tokens: torch.Size([730, 94, 1, 128])
2026-09-07 11:33:41,421 - root - INFO - Loaded (1950, 94, 1, 128) from baf0d2a2ece7420099136cfbfb8d0f7f
2026-09-07 11:33:41,434 - root - INFO - Original tokens: torch.Size([1950, 94, 1, 128]). Sampled tokens: torch.Size([730, 94, 1, 128])
2026-09-07 11:33:41,855 - root - INFO - Loaded (1950, 94, 1, 128) from baf0d2a2ece7420099136cfbfb8d0f7f
2026-09-07 11:33:41,865 - root - INFO - Original tokens: torch.Size([1950, 94, 1, 128]). Sampled tokens: torch.Size([730, 94, 1, 128])
2026-09-07 11:33:41,891 - root - INFO - Loaded (3172, 94, 1, 128) from a16d65ea80904b1e96718c2c00e210a6
2026-09-07 11:33:41,894 - root - INFO - Loaded (1950, 94, 1, 128) from baf0d2a2ece7420099136cfbfb8d0f7f
2026-09-07 11:33:41,905 - root - INFO - Original tokens: torch.Size([1950, 94, 1, 128]). Sampled tokens: torch.Size([730, 94, 1, 128])
2026-09-07 11:33:41,949 - root - INFO - Original tokens: torch.Size([3172, 94, 1, 128]). Sampled tokens: torch.Size([730, 94, 1, 128])
2026-09-07 11:33:42,140 - root - INFO - Loaded (2046, 94, 1, 128) from 5f741312dd5248d39dc32f657a894cdf
2026-09-07 11:33:42,156 - root - INFO - Original tokens: torch.Size([2046, 94, 1, 128]). Sampled tokens: torch.Size([730, 94, 1, 128])
2026-09-07 11:33:42,592 - root - INFO - Loaded (2046, 94, 1, 128) from 5f741312dd5248d39dc32f657a894cdf
2026-09-07 11:33:42,603 - root - INFO - Original tokens: torch.Size([2046, 94, 1, 128]). Sampled tokens: torch.Size([730, 94, 1, 128])
2026-09-07 11:33:42,623 - root - INFO - Loaded (2046, 94, 1, 128) from 5f741312dd5248d39dc32f657a894cdf
2026-09-07 11:33:42,633 - root - INFO - Original tokens: torch.Size([2046, 94, 1, 128]). Sampled tokens: torch.Size([730, 94, 1, 128])
2026-09-07 11:33:42,649 - root - INFO - Loaded (1808, 94, 1, 128) from bfe2ae00a26445bbb51d36443169f79d
2026-09-07 11:33:42,698 - root - INFO - Original tokens: torch.Size([1808, 94, 1, 128]). Sampled tokens: torch.Size([730, 94, 1, 128])
2026-09-07 11:33:43,152 - root - INFO - Loaded (4158, 94, 1, 128) from 80924b9113a148489c683c364489847f
2026-09-07 11:33:43,164 - root - INFO - Original tokens: torch.Size([4158, 94, 1, 128]). Sampled tokens: torch.Size([730, 94, 1, 128])
2026-09-07 11:33:43,391 - root - INFO - Loaded (1532, 94, 1, 128) from ec67970e696041a0941e9819a3b83ec5
2026-09-07 11:33:43,444 - root - INFO - Original tokens: torch.Size([1532, 94, 1, 128]). Sampled tokens: torch.Size([730, 94, 1, 128])
2026-09-07 11:33:43,593 - root - INFO - Loaded (4158, 94, 1, 128) from 80924b9113a148489c683c364489847f
2026-09-07 11:33:43,604 - root - INFO - Original tokens: torch.Size([4158, 94, 1, 128]). Sampled tokens: torch.Size([730, 94, 1, 128])
2026-09-07 11:33:43,645 - root - INFO - Loaded (4158, 94, 1, 128) from 80924b9113a148489c683c364489847f
2026-09-07 11:33:43,656 - root - INFO - Original tokens: torch.Size([4158, 94, 1, 128]). Sampled tokens: torch.Size([730, 94, 1, 128])
2026-09-07 11:33:43,976 - root - INFO - Loaded (3170, 94, 1, 128) from c0d4c301323f43e8b7a09743e3374bf0
2026-09-07 11:33:43,986 - root - INFO - Original tokens: torch.Size([3170, 94, 1, 128]). Sampled tokens: torch.Size([730, 94, 1, 128])
2026-09-07 11:33:44,380 - root - INFO - Loaded (3170, 94, 1, 128) from c0d4c301323f43e8b7a09743e3374bf0
2026-09-07 11:33:44,390 - root - INFO - Original tokens: torch.Size([3170, 94, 1, 128]). Sampled tokens: torch.Size([730, 94, 1, 128])
2026-09-07 11:33:44,465 - root - INFO - Loaded (3170, 94, 1, 128) from c0d4c301323f43e8b7a09743e3374bf0
2026-09-07 11:33:44,476 - root - INFO - Original tokens: torch.Size([3170, 94, 1, 128]). Sampled tokens: torch.Size([730, 94, 1, 128])
2026-09-07 11:33:44,499 - root - INFO - Loaded (4880, 94, 1, 128) from 9255e7f1c509487098bf2928bbe0fbb3
2026-09-07 11:33:44,553 - root - INFO - Original tokens: torch.Size([4880, 94, 1, 128]). Sampled tokens: torch.Size([730, 94, 1, 128])
2026-09-07 11:33:44,608 - root - INFO - Loaded (1270, 94, 1, 128) from 36813b9e7f804fc3b59697b7be5dd5d8
2026-09-07 11:33:44,621 - root - INFO - Original tokens: torch.Size([1270, 94, 1, 128]). Sampled tokens: torch.Size([730, 94, 1, 128])
2026-09-07 11:33:44,988 - root - INFO - Loaded (1270, 94, 1, 128) from 36813b9e7f804fc3b59697b7be5dd5d8
2026-09-07 11:33:44,999 - root - INFO - Original tokens: torch.Size([1270, 94, 1, 128]). Sampled tokens: torch.Size([730, 94, 1, 128])
2026-09-07 11:33:45,116 - root - INFO - Loaded (1270, 94, 1, 128) from 36813b9e7f804fc3b59697b7be5dd5d8
2026-09-07 11:33:45,127 - root - INFO - Original tokens: torch.Size([1270, 94, 1, 128]). Sampled tokens: torch.Size([730, 94, 1, 128])
2026-09-07 11:33:45,271 - root - INFO - Loaded (1520, 94, 1, 128) from 5869f4575ef2449fba3299f82c5370d9
2026-09-07 11:33:45,279 - root - INFO - Loaded (2756, 94, 1, 128) from c988840ad5b248439ea50388df69489c
2026-09-07 11:33:45,288 - root - INFO - Original tokens: torch.Size([1520, 94, 1, 128]). Sampled tokens: torch.Size([730, 94, 1, 128])
2026-09-07 11:33:45,334 - root - INFO - Original tokens: torch.Size([2756, 94, 1, 128]). Sampled tokens: torch.Size([730, 94, 1, 128])
2026-09-07 11:33:45,607 - root - INFO - Loaded (1520, 94, 1, 128) from 5869f4575ef2449fba3299f82c5370d9
2026-09-07 11:33:45,616 - root - INFO - Original tokens: torch.Size([1520, 94, 1, 128]). Sampled tokens: torch.Size([730, 94, 1, 128])
2026-09-07 11:33:45,756 - root - INFO - Loaded (1520, 94, 1, 128) from 5869f4575ef2449fba3299f82c5370d9
2026-09-07 11:33:45,767 - root - INFO - Original tokens: torch.Size([1520, 94, 1, 128]). Sampled tokens: torch.Size([730, 94, 1, 128])
2026-09-07 11:33:45,875 - root - INFO - Loaded (1219, 94, 1, 128) from f6dda268794147ada80ca6cc00426266
2026-09-07 11:33:45,886 - root - INFO - Original tokens: torch.Size([1219, 94, 1, 128]). Sampled tokens: torch.Size([730, 94, 1, 128])
2026-09-07 11:33:45,922 - root - INFO - Loaded (1385, 94, 1, 128) from 18625e8fd76042e48b67fd209bd1f23d
2026-09-07 11:33:45,977 - root - INFO - Original tokens: torch.Size([1385, 94, 1, 128]). Sampled tokens: torch.Size([730, 94, 1, 128])
2026-09-07 11:33:46,203 - root - INFO - Loaded (1219, 94, 1, 128) from f6dda268794147ada80ca6cc00426266
2026-09-07 11:33:46,217 - root - INFO - Original tokens: torch.Size([1219, 94, 1, 128]). Sampled tokens: torch.Size([730, 94, 1, 128])
2026-09-07 11:33:46,425 - root - INFO - Loaded (1219, 94, 1, 128) from f6dda268794147ada80ca6cc00426266
2026-09-07 11:33:46,438 - root - INFO - Original tokens: torch.Size([1219, 94, 1, 128]). Sampled tokens: torch.Size([730, 94, 1, 128])
2026-09-07 11:33:46,502 - root - INFO - Loaded (1236, 94, 1, 128) from 85923b0abd214d37a202bee1a5cbd3b5
2026-09-07 11:33:46,514 - root - INFO - Original tokens: torch.Size([1236, 94, 1, 128]). Sampled tokens: torch.Size([730, 94, 1, 128])
2026-09-07 11:33:46,628 - root - INFO - Loaded (1389, 94, 1, 128) from 6189a2149aec449881d530c477214690
2026-09-07 11:33:46,677 - root - INFO - Original tokens: torch.Size([1389, 94, 1, 128]). Sampled tokens: torch.Size([730, 94, 1, 128])
2026-09-07 11:33:46,842 - root - INFO - Loaded (1236, 94, 1, 128) from 85923b0abd214d37a202bee1a5cbd3b5
2026-09-07 11:33:46,855 - root - INFO - Original tokens: torch.Size([1236, 94, 1, 128]). Sampled tokens: torch.Size([730, 94, 1, 128])
2026-09-07 11:33:47,070 - root - INFO - Loaded (1236, 94, 1, 128) from 85923b0abd214d37a202bee1a5cbd3b5
2026-09-07 11:33:47,082 - root - INFO - Original tokens: torch.Size([1236, 94, 1, 128]). Sampled tokens: torch.Size([730, 94, 1, 128])
2026-09-07 11:33:47,140 - root - INFO - Loaded (1473, 94, 1, 128) from 28047b217352457e9780a89f0448904a
2026-09-07 11:33:47,152 - root - INFO - Original tokens: torch.Size([1473, 94, 1, 128]). Sampled tokens: torch.Size([730, 94, 1, 128])
2026-09-07 11:33:47,298 - root - INFO - Loaded (1132, 94, 1, 128) from 1ec0cf8c03334d998f1d83da28f13494
2026-09-07 11:33:47,348 - root - INFO - Original tokens: torch.Size([1132, 94, 1, 128]). Sampled tokens: torch.Size([730, 94, 1, 128])
2026-09-07 11:33:47,475 - root - INFO - Loaded (1473, 94, 1, 128) from 28047b217352457e9780a89f0448904a
2026-09-07 11:33:47,487 - root - INFO - Original tokens: torch.Size([1473, 94, 1, 128]). Sampled tokens: torch.Size([730, 94, 1, 128])
2026-09-07 11:33:47,727 - root - INFO - Loaded (1473, 94, 1, 128) from 28047b217352457e9780a89f0448904a
2026-09-07 11:33:47,738 - root - INFO - Original tokens: torch.Size([1473, 94, 1, 128]). Sampled tokens: torch.Size([730, 94, 1, 128])
2026-09-07 11:33:47,895 - root - INFO - Loaded (2626, 94, 1, 128) from 498d4495264640d5aa7efb1188fdd8d3
2026-09-07 11:33:47,909 - root - INFO - Original tokens: torch.Size([2626, 94, 1, 128]). Sampled tokens: torch.Size([730, 94, 1, 128])
2026-09-07 11:33:48,122 - root - INFO - Loaded (2698, 94, 1, 128) from cdeb6438942e42e6ba51c2406f74d083
2026-09-07 11:33:48,171 - root - INFO - Original tokens: torch.Size([2698, 94, 1, 128]). Sampled tokens: torch.Size([730, 94, 1, 128])
2026-09-07 11:33:48,246 - root - INFO - Loaded (2626, 94, 1, 128) from 498d4495264640d5aa7efb1188fdd8d3
2026-09-07 11:33:48,259 - root - INFO - Original tokens: torch.Size([2626, 94, 1, 128]). Sampled tokens: torch.Size([730, 94, 1, 128])
2026-09-07 11:33:48,508 - root - INFO - Loaded (2626, 94, 1, 128) from 498d4495264640d5aa7efb1188fdd8d3
2026-09-07 11:33:48,520 - root - INFO - Original tokens: torch.Size([2626, 94, 1, 128]). Sampled tokens: torch.Size([730, 94, 1, 128])
2026-09-07 11:33:48,603 - root - INFO - Loaded (2020, 94, 1, 128) from ba7657a0406841f3bb2ff9d1aa21d9e2
2026-09-07 11:33:48,616 - root - INFO - Original tokens: torch.Size([2020, 94, 1, 128]). Sampled tokens: torch.Size([730, 94, 1, 128])
2026-09-07 11:33:48,811 - root - INFO - Loaded (1326, 94, 1, 128) from ef06ac0ac815490482f1301c36b8641f
2026-09-07 11:33:48,864 - root - INFO - Original tokens: torch.Size([1326, 94, 1, 128]). Sampled tokens: torch.Size([730, 94, 1, 128])
2026-09-07 11:33:48,937 - root - INFO - Loaded (2020, 94, 1, 128) from ba7657a0406841f3bb2ff9d1aa21d9e2
2026-09-07 11:33:48,949 - root - INFO - Original tokens: torch.Size([2020, 94, 1, 128]). Sampled tokens: torch.Size([730, 94, 1, 128])
2026-09-07 11:33:49,229 - root - INFO - Loaded (2020, 94, 1, 128) from ba7657a0406841f3bb2ff9d1aa21d9e2
2026-09-07 11:33:49,241 - root - INFO - Original tokens: torch.Size([2020, 94, 1, 128]). Sampled tokens: torch.Size([730, 94, 1, 128])
2026-09-07 11:33:49,365 - root - INFO - Loaded (2457, 94, 1, 128) from 1122effcd6b44683981ffdbf1b1d1fb1
2026-09-07 11:33:49,377 - root - INFO - Original tokens: torch.Size([2457, 94, 1, 128]). Sampled tokens: torch.Size([730, 94, 1, 128])
2026-09-07 11:33:49,654 - root - INFO - Loaded (2457, 94, 1, 128) from 1122effcd6b44683981ffdbf1b1d1fb1
2026-09-07 11:33:49,664 - root - INFO - Original tokens: torch.Size([2457, 94, 1, 128]). Sampled tokens: torch.Size([730, 94, 1, 128])
2026-09-07 11:33:49,891 - root - INFO - Loaded (4515, 94, 1, 128) from caf1675569f44e3dabd96082e4304c13
2026-09-07 11:33:49,943 - root - INFO - Original tokens: torch.Size([4515, 94, 1, 128]). Sampled tokens: torch.Size([730, 94, 1, 128])
2026-09-07 11:33:49,951 - root - INFO - Loaded (2457, 94, 1, 128) from 1122effcd6b44683981ffdbf1b1d1fb1
2026-09-07 11:33:49,960 - root - INFO - Original tokens: torch.Size([2457, 94, 1, 128]). Sampled tokens: torch.Size([730, 94, 1, 128])
2026-09-07 11:33:50,079 - root - INFO - Loaded (2031, 94, 1, 128) from 17ec14b5a82b4d2aacfb0e771838bc47
2026-09-07 11:33:50,091 - root - INFO - Original tokens: torch.Size([2031, 94, 1, 128]). Sampled tokens: torch.Size([730, 94, 1, 128])
2026-09-07 11:33:50,333 - root - INFO - Loaded (2031, 94, 1, 128) from 17ec14b5a82b4d2aacfb0e771838bc47
2026-09-07 11:33:50,344 - root - INFO - Original tokens: torch.Size([2031, 94, 1, 128]). Sampled tokens: torch.Size([730, 94, 1, 128])
2026-09-07 11:33:50,575 - root - INFO - Loaded (1390, 94, 1, 128) from 1f9157dd6999405597a1e5e054167dd3
2026-09-07 11:33:50,623 - root - INFO - Original tokens: torch.Size([1390, 94, 1, 128]). Sampled tokens: torch.Size([730, 94, 1, 128])
2026-09-07 11:33:50,625 - root - INFO - Loaded (2031, 94, 1, 128) from 17ec14b5a82b4d2aacfb0e771838bc47
2026-09-07 11:33:50,635 - root - INFO - Original tokens: torch.Size([2031, 94, 1, 128]). Sampled tokens: torch.Size([730, 94, 1, 128])
2026-09-07 11:33:50,757 - root - INFO - Loaded (1543, 94, 1, 128) from 0a387030616a48d999aa1bb720e9dfbb
2026-09-07 11:33:50,769 - root - INFO - Original tokens: torch.Size([1543, 94, 1, 128]). Sampled tokens: torch.Size([730, 94, 1, 128])
2026-09-07 11:33:50,980 - root - INFO - Loaded (1543, 94, 1, 128) from 0a387030616a48d999aa1bb720e9dfbb
2026-09-07 11:33:50,991 - root - INFO - Original tokens: torch.Size([1543, 94, 1, 128]). Sampled tokens: torch.Size([730, 94, 1, 128])
2026-09-07 11:33:51,302 - root - INFO - Loaded (1543, 94, 1, 128) from 0a387030616a48d999aa1bb720e9dfbb
2026-09-07 11:33:51,312 - root - INFO - Original tokens: torch.Size([1543, 94, 1, 128]). Sampled tokens: torch.Size([730, 94, 1, 128])
2026-09-07 11:33:51,318 - root - INFO - Loaded (2031, 94, 1, 128) from f50aa7f70ea74ef785a6fcf2cf3639f4
2026-09-07 11:33:51,370 - root - INFO - Original tokens: torch.Size([2031, 94, 1, 128]). Sampled tokens: torch.Size([730, 94, 1, 128])
2026-09-07 11:33:51,436 - root - INFO - Loaded (1552, 94, 1, 128) from 75f7b5033c0c454fad372c8b2497ab74
2026-09-07 11:33:51,445 - root - INFO - Original tokens: torch.Size([1552, 94, 1, 128]). Sampled tokens: torch.Size([730, 94, 1, 128])
2026-09-07 11:33:51,619 - root - INFO - Loaded (1552, 94, 1, 128) from 75f7b5033c0c454fad372c8b2497ab74
2026-09-07 11:33:51,632 - root - INFO - Original tokens: torch.Size([1552, 94, 1, 128]). Sampled tokens: torch.Size([730, 94, 1, 128])
2026-09-07 11:33:51,966 - root - INFO - Loaded (1552, 94, 1, 128) from 75f7b5033c0c454fad372c8b2497ab74
2026-09-07 11:33:51,975 - root - INFO - Original tokens: torch.Size([1552, 94, 1, 128]). Sampled tokens: torch.Size([730, 94, 1, 128])
2026-09-07 11:33:52,003 - root - INFO - Loaded (1329, 94, 1, 128) from 98e0649fccc941ac95dcc781e73d960d
2026-09-07 11:33:52,054 - root - INFO - Original tokens: torch.Size([1329, 94, 1, 128]). Sampled tokens: torch.Size([730, 94, 1, 128])
2026-09-07 11:33:52,068 - root - INFO - Loaded (1180, 94, 1, 128) from 56631570c405437b99b452c83efa9f4a
2026-09-07 11:33:52,078 - root - INFO - Original tokens: torch.Size([1180, 94, 1, 128]). Sampled tokens: torch.Size([730, 94, 1, 128])
2026-09-07 11:33:52,240 - root - INFO - Loaded (1180, 94, 1, 128) from 56631570c405437b99b452c83efa9f4a
2026-09-07 11:33:52,253 - root - INFO - Original tokens: torch.Size([1180, 94, 1, 128]). Sampled tokens: torch.Size([730, 94, 1, 128])
2026-09-07 11:33:52,589 - root - INFO - Loaded (1180, 94, 1, 128) from 56631570c405437b99b452c83efa9f4a
2026-09-07 11:33:52,602 - root - INFO - Original tokens: torch.Size([1180, 94, 1, 128]). Sampled tokens: torch.Size([730, 94, 1, 128])
2026-09-07 11:33:52,767 - root - INFO - Loaded (1916, 94, 1, 128) from fe9e141880914f4ca7b90158dbb82c07
2026-09-07 11:33:52,793 - root - INFO - Loaded (2108, 94, 1, 128) from d6b9aeb3c2d244ec8c65c77b56fba024
2026-09-07 11:33:52,805 - root - INFO - Original tokens: torch.Size([2108, 94, 1, 128]). Sampled tokens: torch.Size([730, 94, 1, 128])
2026-09-07 11:33:52,818 - root - INFO - Original tokens: torch.Size([1916, 94, 1, 128]). Sampled tokens: torch.Size([730, 94, 1, 128])
2026-09-07 11:33:52,973 - root - INFO - Loaded (2108, 94, 1, 128) from d6b9aeb3c2d244ec8c65c77b56fba024
2026-09-07 11:33:52,988 - root - INFO - Original tokens: torch.Size([2108, 94, 1, 128]). Sampled tokens: torch.Size([730, 94, 1, 128])
2026-09-07 11:33:53,312 - root - INFO - Loaded (2108, 94, 1, 128) from d6b9aeb3c2d244ec8c65c77b56fba024
2026-09-07 11:33:53,323 - root - INFO - Original tokens: torch.Size([2108, 94, 1, 128]). Sampled tokens: torch.Size([730, 94, 1, 128])
2026-09-07 11:33:53,483 - root - INFO - Loaded (1075, 94, 1, 128) from 6b35618ca35d486b865a0f8e88654a6f
2026-09-07 11:33:53,511 - root - INFO - Loaded (1863, 94, 1, 128) from be7ab77b0e89492da99b3cc1e607b982
2026-09-07 11:33:53,522 - root - INFO - Original tokens: torch.Size([1863, 94, 1, 128]). Sampled tokens: torch.Size([730, 94, 1, 128])
2026-09-07 11:33:53,532 - root - INFO - Original tokens: torch.Size([1075, 94, 1, 128]). Sampled tokens: torch.Size([730, 94, 1, 128])
2026-09-07 11:33:53,700 - root - INFO - Loaded (1863, 94, 1, 128) from be7ab77b0e89492da99b3cc1e607b982
2026-09-07 11:33:53,712 - root - INFO - Original tokens: torch.Size([1863, 94, 1, 128]). Sampled tokens: torch.Size([730, 94, 1, 128])
2026-09-07 11:33:54,033 - root - INFO - Loaded (1863, 94, 1, 128) from be7ab77b0e89492da99b3cc1e607b982
2026-09-07 11:33:54,045 - root - INFO - Original tokens: torch.Size([1863, 94, 1, 128]). Sampled tokens: torch.Size([730, 94, 1, 128])
2026-09-07 11:33:54,372 - root - INFO - Loaded (3845, 94, 1, 128) from bab746726dca48019e78f774055f420e
2026-09-07 11:33:54,382 - root - INFO - Original tokens: torch.Size([3845, 94, 1, 128]). Sampled tokens: torch.Size([730, 94, 1, 128])
2026-09-07 11:33:54,576 - root - INFO - Loaded (3845, 94, 1, 128) from bab746726dca48019e78f774055f420e
2026-09-07 11:33:54,585 - root - INFO - Original tokens: torch.Size([3845, 94, 1, 128]). Sampled tokens: torch.Size([730, 94, 1, 128])
2026-09-07 11:33:54,821 - root - INFO - Loaded (6229, 94, 1, 128) from 9fe872b186684cebb2f507d9b2d05a8e
2026-09-07 11:33:54,871 - root - INFO - Loaded (3845, 94, 1, 128) from bab746726dca48019e78f774055f420e
2026-09-07 11:33:54,882 - root - INFO - Original tokens: torch.Size([6229, 94, 1, 128]). Sampled tokens: torch.Size([730, 94, 1, 128])
2026-09-07 11:33:54,886 - root - INFO - Original tokens: torch.Size([3845, 94, 1, 128]). Sampled tokens: torch.Size([730, 94, 1, 128])
2026-09-07 11:33:55,084 - root - INFO - Loaded (2123, 94, 1, 128) from 6afaec34a4a34c39ac568d7b7e93acc6
2026-09-07 11:33:55,097 - root - INFO - Original tokens: torch.Size([2123, 94, 1, 128]). Sampled tokens: torch.Size([730, 94, 1, 128])
2026-09-07 11:33:55,300 - root - INFO - Loaded (2123, 94, 1, 128) from 6afaec34a4a34c39ac568d7b7e93acc6
2026-09-07 11:33:55,312 - root - INFO - Original tokens: torch.Size([2123, 94, 1, 128]). Sampled tokens: torch.Size([730, 94, 1, 128])
2026-09-07 11:33:55,596 - root - INFO - Loaded (2123, 94, 1, 128) from 6afaec34a4a34c39ac568d7b7e93acc6
2026-09-07 11:33:55,609 - root - INFO - Original tokens: torch.Size([2123, 94, 1, 128]). Sampled tokens: torch.Size([730, 94, 1, 128])
2026-09-07 11:33:55,742 - root - INFO - Loaded (3543, 94, 1, 128) from 781fc55da0dd47b89a98465b6a42fd4b
2026-09-07 11:33:55,793 - root - INFO - Original tokens: torch.Size([3543, 94, 1, 128]). Sampled tokens: torch.Size([730, 94, 1, 128])
2026-09-07 11:33:55,864 - root - INFO - Loaded (2408, 94, 1, 128) from 01b46ff0f88f4a36b59ad6fc905ea335
2026-09-07 11:33:55,877 - root - INFO - Original tokens: torch.Size([2408, 94, 1, 128]). Sampled tokens: torch.Size([730, 94, 1, 128])
2026-09-07 11:33:56,068 - root - INFO - Loaded (2408, 94, 1, 128) from 01b46ff0f88f4a36b59ad6fc905ea335
2026-09-07 11:33:56,079 - root - INFO - Original tokens: torch.Size([2408, 94, 1, 128]). Sampled tokens: torch.Size([730, 94, 1, 128])
2026-09-07 11:33:56,393 - root - INFO - Loaded (2408, 94, 1, 128) from 01b46ff0f88f4a36b59ad6fc905ea335
2026-09-07 11:33:56,404 - root - INFO - Original tokens: torch.Size([2408, 94, 1, 128]). Sampled tokens: torch.Size([730, 94, 1, 128])
2026-09-07 11:33:56,541 - root - INFO - Loaded (2262, 94, 1, 128) from 2624c40224ac468dbf7478345b92d0f4
2026-09-07 11:33:56,593 - root - INFO - Original tokens: torch.Size([2262, 94, 1, 128]). Sampled tokens: torch.Size([730, 94, 1, 128])
2026-09-07 11:33:56,599 - root - INFO - Loaded (1859, 94, 1, 128) from b73a26b5907e437ba864ada72fe498fc
2026-09-07 11:33:56,610 - root - INFO - Original tokens: torch.Size([1859, 94, 1, 128]). Sampled tokens: torch.Size([730, 94, 1, 128])
2026-09-07 11:33:56,778 - root - INFO - Loaded (1859, 94, 1, 128) from b73a26b5907e437ba864ada72fe498fc
2026-09-07 11:33:56,791 - root - INFO - Original tokens: torch.Size([1859, 94, 1, 128]). Sampled tokens: torch.Size([730, 94, 1, 128])
2026-09-07 11:33:57,100 - root - INFO - Loaded (1859, 94, 1, 128) from b73a26b5907e437ba864ada72fe498fc
2026-09-07 11:33:57,110 - root - INFO - Original tokens: torch.Size([1859, 94, 1, 128]). Sampled tokens: torch.Size([730, 94, 1, 128])
2026-09-07 11:33:57,266 - root - INFO - Loaded (1435, 94, 1, 128) from d8d4cd1ac05a4b2bb6a01b86f6d6989b
2026-09-07 11:33:57,315 - root - INFO - Original tokens: torch.Size([1435, 94, 1, 128]). Sampled tokens: torch.Size([730, 94, 1, 128])
2026-09-07 11:33:57,377 - root - INFO - Loaded (2776, 94, 1, 128) from bf7d53374d38400d9a0eb3228b4e0d79
2026-09-07 11:33:57,389 - root - INFO - Original tokens: torch.Size([2776, 94, 1, 128]). Sampled tokens: torch.Size([730, 94, 1, 128])
2026-09-07 11:33:57,552 - root - INFO - Loaded (2776, 94, 1, 128) from bf7d53374d38400d9a0eb3228b4e0d79
2026-09-07 11:33:57,563 - root - INFO - Original tokens: torch.Size([2776, 94, 1, 128]). Sampled tokens: torch.Size([730, 94, 1, 128])
2026-09-07 11:33:57,864 - root - INFO - Loaded (2776, 94, 1, 128) from bf7d53374d38400d9a0eb3228b4e0d79
2026-09-07 11:33:57,877 - root - INFO - Original tokens: torch.Size([2776, 94, 1, 128]). Sampled tokens: torch.Size([730, 94, 1, 128])
2026-09-07 11:33:58,008 - root - INFO - Loaded (1443, 94, 1, 128) from 6b845ca9ef6e4f73a7a348e163081fd2
2026-09-07 11:33:58,058 - root - INFO - Original tokens: torch.Size([1443, 94, 1, 128]). Sampled tokens: torch.Size([730, 94, 1, 128])
2026-09-07 11:33:58,208 - root - INFO - Loaded (3310, 94, 1, 128) from b5280a6cf8984fafa72031954c07512f
2026-09-07 11:33:58,218 - root - INFO - Original tokens: torch.Size([3310, 94, 1, 128]). Sampled tokens: torch.Size([730, 94, 1, 128])
2026-09-07 11:33:58,361 - root - INFO - Loaded (3310, 94, 1, 128) from b5280a6cf8984fafa72031954c07512f
2026-09-07 11:33:58,371 - root - INFO - Original tokens: torch.Size([3310, 94, 1, 128]). Sampled tokens: torch.Size([730, 94, 1, 128])
2026-09-07 11:33:58,662 - root - INFO - Loaded (3310, 94, 1, 128) from b5280a6cf8984fafa72031954c07512f
2026-09-07 11:33:58,673 - root - INFO - Original tokens: torch.Size([3310, 94, 1, 128]). Sampled tokens: torch.Size([730, 94, 1, 128])
2026-09-07 11:33:58,738 - root - INFO - Loaded (2046, 94, 1, 128) from 5f741312dd5248d39dc32f657a894cdf
2026-09-07 11:33:58,787 - root - INFO - Original tokens: torch.Size([2046, 94, 1, 128]). Sampled tokens: torch.Size([730, 94, 1, 128])
2026-09-07 11:33:58,887 - root - INFO - Loaded (1785, 94, 1, 128) from ca4517736af6497faa9fbf4f69a0e043
2026-09-07 11:33:58,900 - root - INFO - Original tokens: torch.Size([1785, 94, 1, 128]). Sampled tokens: torch.Size([730, 94, 1, 128])
2026-09-07 11:33:59,040 - root - INFO - Loaded (1785, 94, 1, 128) from ca4517736af6497faa9fbf4f69a0e043
2026-09-07 11:33:59,053 - root - INFO - Original tokens: torch.Size([1785, 94, 1, 128]). Sampled tokens: torch.Size([730, 94, 1, 128])
2026-09-07 11:33:59,350 - root - INFO - Loaded (1785, 94, 1, 128) from ca4517736af6497faa9fbf4f69a0e043
2026-09-07 11:33:59,360 - root - INFO - Original tokens: torch.Size([1785, 94, 1, 128]). Sampled tokens: torch.Size([730, 94, 1, 128])
2026-09-07 11:33:59,594 - root - INFO - Loaded (1912, 94, 1, 128) from e53655ce27d241f0acf33c2079172e47
2026-09-07 11:33:59,604 - root - INFO - Original tokens: torch.Size([1912, 94, 1, 128]). Sampled tokens: torch.Size([730, 94, 1, 128])
2026-09-07 11:33:59,740 - root - INFO - Loaded (4158, 94, 1, 128) from 80924b9113a148489c683c364489847f
2026-09-07 11:33:59,749 - root - INFO - Loaded (1912, 94, 1, 128) from e53655ce27d241f0acf33c2079172e47
2026-09-07 11:33:59,761 - root - INFO - Original tokens: torch.Size([1912, 94, 1, 128]). Sampled tokens: torch.Size([730, 94, 1, 128])
2026-09-07 11:33:59,796 - root - INFO - Original tokens: torch.Size([4158, 94, 1, 128]). Sampled tokens: torch.Size([730, 94, 1, 128])
2026-09-07 11:34:00,012 - root - INFO - Loaded (1912, 94, 1, 128) from e53655ce27d241f0acf33c2079172e47
2026-09-07 11:34:00,024 - root - INFO - Original tokens: torch.Size([1912, 94, 1, 128]). Sampled tokens: torch.Size([730, 94, 1, 128])
2026-09-07 11:34:00,450 - root - INFO - Loaded (3948, 94, 1, 128) from b7d24de017fe43faa704ab128c949d91
2026-09-07 11:34:00,461 - root - INFO - Original tokens: torch.Size([3948, 94, 1, 128]). Sampled tokens: torch.Size([730, 94, 1, 128])
2026-09-07 11:34:00,506 - root - INFO - Loaded (2068, 94, 1, 128) from cc1875751ad64c5097a8ede1d232f11e
2026-09-07 11:34:00,555 - root - INFO - Original tokens: torch.Size([2068, 94, 1, 128]). Sampled tokens: torch.Size([730, 94, 1, 128])
2026-09-07 11:34:00,594 - root - INFO - Loaded (3948, 94, 1, 128) from b7d24de017fe43faa704ab128c949d91
2026-09-07 11:34:00,607 - root - INFO - Original tokens: torch.Size([3948, 94, 1, 128]). Sampled tokens: torch.Size([730, 94, 1, 128])
2026-09-07 11:34:00,877 - root - INFO - Loaded (3948, 94, 1, 128) from b7d24de017fe43faa704ab128c949d91
2026-09-07 11:34:00,890 - root - INFO - Original tokens: torch.Size([3948, 94, 1, 128]). Sampled tokens: torch.Size([730, 94, 1, 128])
2026-09-07 11:34:01,215 - root - INFO - Loaded (1236, 94, 1, 128) from 85923b0abd214d37a202bee1a5cbd3b5
2026-09-07 11:34:01,263 - root - INFO - Original tokens: torch.Size([1236, 94, 1, 128]). Sampled tokens: torch.Size([730, 94, 1, 128])
2026-09-07 11:34:01,760 - root - INFO - Loaded (6537, 94, 1, 128) from 53801981cb944605a5c1681dfdd7149f
2026-09-07 11:34:01,771 - root - INFO - Original tokens: torch.Size([6537, 94, 1, 128]). Sampled tokens: torch.Size([730, 94, 1, 128])
2026-09-07 11:34:01,913 - root - INFO - Loaded (6537, 94, 1, 128) from 53801981cb944605a5c1681dfdd7149f
2026-09-07 11:34:01,924 - root - INFO - Original tokens: torch.Size([6537, 94, 1, 128]). Sampled tokens: torch.Size([730, 94, 1, 128])
2026-09-07 11:34:02,036 - root - INFO - Loaded (2767, 94, 1, 128) from 02451d1c634c4df3b59da14af3013110
2026-09-07 11:34:02,087 - root - INFO - Original tokens: torch.Size([2767, 94, 1, 128]). Sampled tokens: torch.Size([730, 94, 1, 128])
2026-09-07 11:34:02,142 - root - INFO - Loaded (6537, 94, 1, 128) from 53801981cb944605a5c1681dfdd7149f
2026-09-07 11:34:02,154 - root - INFO - Original tokens: torch.Size([6537, 94, 1, 128]). Sampled tokens: torch.Size([730, 94, 1, 128])
2026-09-07 11:34:02,380 - root - INFO - Loaded (1170, 94, 1, 128) from b4d611e719f24f2487daaa615dbc68e7
2026-09-07 11:34:02,394 - root - INFO - Original tokens: torch.Size([1170, 94, 1, 128]). Sampled tokens: torch.Size([730, 94, 1, 128])
2026-09-07 11:34:02,554 - root - INFO - Loaded (1170, 94, 1, 128) from b4d611e719f24f2487daaa615dbc68e7
2026-09-07 11:34:02,567 - root - INFO - Original tokens: torch.Size([1170, 94, 1, 128]). Sampled tokens: torch.Size([730, 94, 1, 128])
2026-09-07 11:34:02,776 - root - INFO - Loaded (1170, 94, 1, 128) from b4d611e719f24f2487daaa615dbc68e7
2026-09-07 11:34:02,787 - root - INFO - Original tokens: torch.Size([1170, 94, 1, 128]). Sampled tokens: torch.Size([730, 94, 1, 128])
2026-09-07 11:34:02,872 - root - INFO - Loaded (2457, 94, 1, 128) from 1122effcd6b44683981ffdbf1b1d1fb1
2026-09-07 11:34:02,933 - root - INFO - Original tokens: torch.Size([2457, 94, 1, 128]). Sampled tokens: torch.Size([730, 94, 1, 128])
2026-09-07 11:34:03,099 - root - INFO - Loaded (1550, 94, 1, 128) from 45ce3559d8ac46369a025ad646f716d2
2026-09-07 11:34:03,112 - root - INFO - Original tokens: torch.Size([1550, 94, 1, 128]). Sampled tokens: torch.Size([730, 94, 1, 128])
2026-09-07 11:34:03,249 - root - INFO - Loaded (1550, 94, 1, 128) from 45ce3559d8ac46369a025ad646f716d2
2026-09-07 11:34:03,260 - root - INFO - Original tokens: torch.Size([1550, 94, 1, 128]). Sampled tokens: torch.Size([730, 94, 1, 128])
2026-09-07 11:34:03,476 - root - INFO - Loaded (1550, 94, 1, 128) from 45ce3559d8ac46369a025ad646f716d2
2026-09-07 11:34:03,486 - root - INFO - Original tokens: torch.Size([1550, 94, 1, 128]). Sampled tokens: torch.Size([730, 94, 1, 128])
2026-09-07 11:34:03,576 - root - INFO - Loaded (1206, 94, 1, 128) from ad161e6dfec8465d9837a4c8e3c9b53b
2026-09-07 11:34:03,623 - root - INFO - Original tokens: torch.Size([1206, 94, 1, 128]). Sampled tokens: torch.Size([730, 94, 1, 128])
2026-09-07 11:34:03,811 - root - INFO - Loaded (1927, 94, 1, 128) from d1448a5ce2ec4db39a6bfb8daa22bec9
2026-09-07 11:34:03,822 - root - INFO - Original tokens: torch.Size([1927, 94, 1, 128]). Sampled tokens: torch.Size([747, 94, 1, 128])
2026-09-07 11:34:03,980 - root - INFO - Loaded (1927, 94, 1, 128) from d1448a5ce2ec4db39a6bfb8daa22bec9
2026-09-07 11:34:03,992 - root - INFO - Original tokens: torch.Size([1927, 94, 1, 128]). Sampled tokens: torch.Size([747, 94, 1, 128])
2026-09-07 11:34:04,195 - root - INFO - Loaded (1927, 94, 1, 128) from d1448a5ce2ec4db39a6bfb8daa22bec9
2026-09-07 11:34:04,208 - root - INFO - Original tokens: torch.Size([1927, 94, 1, 128]). Sampled tokens: torch.Size([747, 94, 1, 128])
2026-09-07 11:34:04,433 - root - INFO - Loaded (2853, 94, 1, 128) from b2a35c63def24a2199f2dfcbd901387a
2026-09-07 11:34:04,486 - root - INFO - Original tokens: torch.Size([2853, 94, 1, 128]). Sampled tokens: torch.Size([730, 94, 1, 128])
2026-09-07 11:34:05,203 - root - INFO - Loaded (1922, 94, 1, 128) from 9e1d1393549c48079d1060a5d1363dc6
2026-09-07 11:34:05,250 - root - INFO - Original tokens: torch.Size([1922, 94, 1, 128]). Sampled tokens: torch.Size([730, 94, 1, 128])
2026-09-07 11:34:06,027 - root - INFO - Loaded (2640, 94, 1, 128) from 4b17b0739a2f4b298421e21203ff64f8
2026-09-07 11:34:06,083 - root - INFO - Original tokens: torch.Size([2640, 94, 1, 128]). Sampled tokens: torch.Size([730, 94, 1, 128])
2026-09-07 11:34:06,416 - root - INFO - Loaded (14038, 94, 1, 128) from 7d56bce5100c4fad9f26012e62f024fe
2026-09-07 11:34:06,428 - root - INFO - Original tokens: torch.Size([14038, 94, 1, 128]). Sampled tokens: torch.Size([747, 94, 1, 128])
2026-09-07 11:34:06,660 - root - INFO - Loaded (14038, 94, 1, 128) from 7d56bce5100c4fad9f26012e62f024fe
2026-09-07 11:34:06,675 - root - INFO - Original tokens: torch.Size([14038, 94, 1, 128]). Sampled tokens: torch.Size([747, 94, 1, 128])
2026-09-07 11:34:06,755 - root - INFO - Loaded (14038, 94, 1, 128) from 7d56bce5100c4fad9f26012e62f024fe
2026-09-07 11:34:06,769 - root - INFO - Original tokens: torch.Size([14038, 94, 1, 128]). Sampled tokens: torch.Size([747, 94, 1, 128])
2026-09-07 11:34:06,958 - root - INFO - Loaded (4003, 94, 1, 128) from ab1ccef4ee084a978d242fc0def5c922
2026-09-07 11:34:07,014 - root - INFO - Original tokens: torch.Size([4003, 94, 1, 128]). Sampled tokens: torch.Size([730, 94, 1, 128])
2026-09-07 11:34:07,747 - root - INFO - Loaded (2183, 94, 1, 128) from f81eb00f5fea45cab78d1079f2822932
2026-09-07 11:34:07,798 - root - INFO - Original tokens: torch.Size([2183, 94, 1, 128]). Sampled tokens: torch.Size([730, 94, 1, 128])
2026-09-07 11:34:09,068 - root - INFO - Loaded (13765, 94, 1, 128) from 7c5617a6dfed4973967f5f71bf533b5e
2026-09-07 11:34:09,082 - root - INFO - Original tokens: torch.Size([13765, 94, 1, 128]). Sampled tokens: torch.Size([747, 94, 1, 128])
2026-09-07 11:34:09,166 - root - INFO - Loaded (6470, 94, 1, 128) from 0a9fb125088f465e9954b66f4bb6d92e
2026-09-07 11:34:09,224 - root - INFO - Original tokens: torch.Size([6470, 94, 1, 128]). Sampled tokens: torch.Size([730, 94, 1, 128])
2026-09-07 11:34:09,287 - root - INFO - Loaded (13765, 94, 1, 128) from 7c5617a6dfed4973967f5f71bf533b5e
2026-09-07 11:34:09,300 - root - INFO - Original tokens: torch.Size([13765, 94, 1, 128]). Sampled tokens: torch.Size([747, 94, 1, 128])
2026-09-07 11:34:09,421 - root - INFO - Loaded (13765, 94, 1, 128) from 7c5617a6dfed4973967f5f71bf533b5e
2026-09-07 11:34:09,436 - root - INFO - Original tokens: torch.Size([13765, 94, 1, 128]). Sampled tokens: torch.Size([747, 94, 1, 128])
2026-09-07 11:34:09,999 - root - INFO - Loaded (2355, 94, 1, 128) from 12cfa828bde0487fa654227fd72d9e1d
2026-09-07 11:34:10,051 - root - INFO - Original tokens: torch.Size([2355, 94, 1, 128]). Sampled tokens: torch.Size([730, 94, 1, 128])
2026-09-07 11:34:10,851 - root - INFO - Loaded (2903, 94, 1, 128) from 06194ab40afd452fa4106f3aa273e3ac
2026-09-07 11:34:10,906 - root - INFO - Original tokens: torch.Size([2903, 94, 1, 128]). Sampled tokens: torch.Size([747, 94, 1, 128])
2026-09-07 11:34:12,599 - root - INFO - Loaded (17619, 94, 1, 128) from cbc7c37b578e4c46a0b216a18e806253
2026-09-07 11:34:12,613 - root - INFO - Original tokens: torch.Size([17619, 94, 1, 128]). Sampled tokens: torch.Size([747, 94, 1, 128])
2026-09-07 11:34:12,840 - root - INFO - Loaded (17619, 94, 1, 128) from cbc7c37b578e4c46a0b216a18e806253
2026-09-07 11:34:12,853 - root - INFO - Original tokens: torch.Size([17619, 94, 1, 128]). Sampled tokens: torch.Size([747, 94, 1, 128])
2026-09-07 11:34:13,006 - root - INFO - Loaded (9252, 94, 1, 128) from a8a7791bd3404d2c8f348cb4e3ced958
2026-09-07 11:34:13,024 - root - INFO - Loaded (17619, 94, 1, 128) from cbc7c37b578e4c46a0b216a18e806253
2026-09-07 11:34:13,045 - root - INFO - Original tokens: torch.Size([17619, 94, 1, 128]). Sampled tokens: torch.Size([747, 94, 1, 128])
2026-09-07 11:34:13,093 - root - INFO - Original tokens: torch.Size([9252, 94, 1, 128]). Sampled tokens: torch.Size([747, 94, 1, 128])
2026-09-07 11:34:14,466 - root - INFO - Loaded (8419, 94, 1, 128) from 3263fb0f19ab437a9791ba5f9b5f52e8
2026-09-07 11:34:14,475 - root - INFO - Original tokens: torch.Size([8419, 94, 1, 128]). Sampled tokens: torch.Size([747, 94, 1, 128])
2026-09-07 11:34:14,676 - root - INFO - Loaded (8419, 94, 1, 128) from 3263fb0f19ab437a9791ba5f9b5f52e8
2026-09-07 11:34:14,685 - root - INFO - Original tokens: torch.Size([8419, 94, 1, 128]). Sampled tokens: torch.Size([747, 94, 1, 128])
2026-09-07 11:34:14,884 - root - INFO - Loaded (8419, 94, 1, 128) from 3263fb0f19ab437a9791ba5f9b5f52e8
2026-09-07 11:34:14,893 - root - INFO - Original tokens: torch.Size([8419, 94, 1, 128]). Sampled tokens: torch.Size([747, 94, 1, 128])
2026-09-07 11:34:15,402 - root - INFO - Loaded (11019, 94, 1, 128) from dd3a8f813ce24153b8ea1dfc6ced2e8e
2026-09-07 11:34:15,481 - root - INFO - Original tokens: torch.Size([11019, 94, 1, 128]). Sampled tokens: torch.Size([747, 94, 1, 128])
2026-09-07 11:34:16,687 - root - INFO - Loaded (10191, 94, 1, 128) from a975deda0f42482cba491ab0b79fa82e
2026-09-07 11:34:16,703 - root - INFO - Original tokens: torch.Size([10191, 94, 1, 128]). Sampled tokens: torch.Size([747, 94, 1, 128])
2026-09-07 11:34:16,855 - root - INFO - Loaded (10191, 94, 1, 128) from a975deda0f42482cba491ab0b79fa82e
2026-09-07 11:34:16,868 - root - INFO - Original tokens: torch.Size([10191, 94, 1, 128]). Sampled tokens: torch.Size([747, 94, 1, 128])
2026-09-07 11:34:17,071 - root - INFO - Loaded (10191, 94, 1, 128) from a975deda0f42482cba491ab0b79fa82e
2026-09-07 11:34:17,085 - root - INFO - Original tokens: torch.Size([10191, 94, 1, 128]). Sampled tokens: torch.Size([747, 94, 1, 128])
2026-09-07 11:34:17,395 - root - INFO - Loaded (1927, 94, 1, 128) from 06bff61e08a0449d87b32669eb1102c0
2026-09-07 11:34:17,407 - root - INFO - Original tokens: torch.Size([1927, 94, 1, 128]). Sampled tokens: torch.Size([747, 94, 1, 128])
2026-09-07 11:34:17,562 - root - INFO - Loaded (1927, 94, 1, 128) from 06bff61e08a0449d87b32669eb1102c0
2026-09-07 11:34:17,572 - root - INFO - Original tokens: torch.Size([1927, 94, 1, 128]). Sampled tokens: torch.Size([747, 94, 1, 128])
2026-09-07 11:34:17,628 - root - INFO - Loaded (9800, 94, 1, 128) from 1c6245deb6144b10b3532a448b8e872c
2026-09-07 11:34:17,709 - root - INFO - Original tokens: torch.Size([9800, 94, 1, 128]). Sampled tokens: torch.Size([747, 94, 1, 128])
2026-09-07 11:34:17,781 - root - INFO - Loaded (1927, 94, 1, 128) from 06bff61e08a0449d87b32669eb1102c0
2026-09-07 11:34:17,792 - root - INFO - Original tokens: torch.Size([1927, 94, 1, 128]). Sampled tokens: torch.Size([747, 94, 1, 128])
2026-09-07 11:34:19,134 - root - INFO - Loaded (8158, 94, 1, 128) from 2dae3bfd558d481aa8c293054bbfcd58
2026-09-07 11:34:19,202 - root - INFO - Original tokens: torch.Size([8158, 94, 1, 128]). Sampled tokens: torch.Size([747, 94, 1, 128])
2026-09-07 11:34:19,648 - root - INFO - Loaded (11152, 94, 1, 128) from 8e86cafd1c1b4e528b33e7cb1532ebff
2026-09-07 11:34:19,665 - root - INFO - Original tokens: torch.Size([11152, 94, 1, 128]). Sampled tokens: torch.Size([747, 94, 1, 128])
2026-09-07 11:34:19,869 - root - INFO - Loaded (11152, 94, 1, 128) from 8e86cafd1c1b4e528b33e7cb1532ebff
2026-09-07 11:34:19,883 - root - INFO - Original tokens: torch.Size([11152, 94, 1, 128]). Sampled tokens: torch.Size([747, 94, 1, 128])
2026-09-07 11:34:19,969 - root - INFO - Loaded (11152, 94, 1, 128) from 8e86cafd1c1b4e528b33e7cb1532ebff
2026-09-07 11:34:19,984 - root - INFO - Original tokens: torch.Size([11152, 94, 1, 128]). Sampled tokens: torch.Size([747, 94, 1, 128])
2026-09-07 11:34:21,497 - root - INFO - Loaded (11959, 94, 1, 128) from f7d7298f13874726824e23e54687d1be
2026-09-07 11:34:21,585 - root - INFO - Original tokens: torch.Size([11959, 94, 1, 128]). Sampled tokens: torch.Size([747, 94, 1, 128])
2026-09-07 11:34:22,148 - root - INFO - Loaded (12305, 94, 1, 128) from b3a873cd575d4f2ba8256d73d92efd05
2026-09-07 11:34:22,165 - root - INFO - Original tokens: torch.Size([12305, 94, 1, 128]). Sampled tokens: torch.Size([747, 94, 1, 128])
2026-09-07 11:34:22,396 - root - INFO - Loaded (12305, 94, 1, 128) from b3a873cd575d4f2ba8256d73d92efd05
2026-09-07 11:34:22,412 - root - INFO - Original tokens: torch.Size([12305, 94, 1, 128]). Sampled tokens: torch.Size([747, 94, 1, 128])
2026-09-07 11:34:22,454 - root - INFO - Loaded (12305, 94, 1, 128) from b3a873cd575d4f2ba8256d73d92efd05
2026-09-07 11:34:22,472 - root - INFO - Original tokens: torch.Size([12305, 94, 1, 128]). Sampled tokens: torch.Size([747, 94, 1, 128])
2026-09-07 11:34:22,847 - root - INFO - Loaded (1216, 94, 1, 128) from b232e0f6a3ad4061ada636ad0ad42efb
2026-09-07 11:34:22,857 - root - INFO - Original tokens: torch.Size([1216, 94, 1, 128]). Sampled tokens: torch.Size([747, 94, 1, 128])
2026-09-07 11:34:22,961 - root - INFO - Loaded (7033, 94, 1, 128) from df0e3358df8d44738b6a3f99e5bc0cd9
2026-09-07 11:34:23,027 - root - INFO - Original tokens: torch.Size([7033, 94, 1, 128]). Sampled tokens: torch.Size([747, 94, 1, 128])
2026-09-07 11:34:23,080 - root - INFO - Loaded (1216, 94, 1, 128) from b232e0f6a3ad4061ada636ad0ad42efb
2026-09-07 11:34:23,091 - root - INFO - Original tokens: torch.Size([1216, 94, 1, 128]). Sampled tokens: torch.Size([747, 94, 1, 128])
2026-09-07 11:34:23,103 - root - INFO - Loaded (1216, 94, 1, 128) from b232e0f6a3ad4061ada636ad0ad42efb
2026-09-07 11:34:23,115 - root - INFO - Original tokens: torch.Size([1216, 94, 1, 128]). Sampled tokens: torch.Size([747, 94, 1, 128])
2026-09-07 11:34:23,725 - root - INFO - Loaded (3985, 94, 1, 128) from f6691523dccb485d8deeaff0c062ac69
2026-09-07 11:34:23,737 - root - INFO - Original tokens: torch.Size([3985, 94, 1, 128]). Sampled tokens: torch.Size([747, 94, 1, 128])
2026-09-07 11:34:23,968 - root - INFO - Loaded (3985, 94, 1, 128) from f6691523dccb485d8deeaff0c062ac69
2026-09-07 11:34:23,978 - root - INFO - Loaded (3985, 94, 1, 128) from f6691523dccb485d8deeaff0c062ac69
2026-09-07 11:34:23,980 - root - INFO - Original tokens: torch.Size([3985, 94, 1, 128]). Sampled tokens: torch.Size([747, 94, 1, 128])
2026-09-07 11:34:23,991 - root - INFO - Original tokens: torch.Size([3985, 94, 1, 128]). Sampled tokens: torch.Size([747, 94, 1, 128])
2026-09-07 11:34:24,026 - root - INFO - Loaded (4136, 94, 1, 128) from 5295405f4a5a404da218841ab2776967
2026-09-07 11:34:24,084 - root - INFO - Original tokens: torch.Size([4136, 94, 1, 128]). Sampled tokens: torch.Size([747, 94, 1, 128])
2026-09-07 11:34:24,748 - root - INFO - Loaded (1476, 94, 1, 128) from baf685e74a6649b687e4f007480bb95c
2026-09-07 11:34:24,794 - root - INFO - Original tokens: torch.Size([1476, 94, 1, 128]). Sampled tokens: torch.Size([747, 94, 1, 128])
2026-09-07 11:34:25,580 - root - INFO - Loaded (2686, 94, 1, 128) from dcf93548c90c44aab7211b46fbdd37ad
2026-09-07 11:34:25,635 - root - INFO - Original tokens: torch.Size([2686, 94, 1, 128]). Sampled tokens: torch.Size([747, 94, 1, 128])
2026-09-07 11:34:26,466 - root - INFO - Loaded (3878, 94, 1, 128) from 1ac08f24cf6b40e4a0f6154a8b7ee8cc
2026-09-07 11:34:26,517 - root - INFO - Original tokens: torch.Size([3878, 94, 1, 128]). Sampled tokens: torch.Size([747, 94, 1, 128])
2026-09-07 11:34:26,653 - root - INFO - Loaded (16161, 94, 1, 128) from d06447312cc54ced848420f4c6f2e0af
2026-09-07 11:34:26,665 - root - INFO - Original tokens: torch.Size([16161, 94, 1, 128]). Sampled tokens: torch.Size([747, 94, 1, 128])
2026-09-07 11:34:26,839 - root - INFO - Loaded (16161, 94, 1, 128) from d06447312cc54ced848420f4c6f2e0af
2026-09-07 11:34:26,852 - root - INFO - Original tokens: torch.Size([16161, 94, 1, 128]). Sampled tokens: torch.Size([747, 94, 1, 128])
2026-09-07 11:34:26,877 - root - INFO - Loaded (16161, 94, 1, 128) from d06447312cc54ced848420f4c6f2e0af
2026-09-07 11:34:26,889 - root - INFO - Original tokens: torch.Size([16161, 94, 1, 128]). Sampled tokens: torch.Size([747, 94, 1, 128])
2026-09-07 11:34:27,393 - root - INFO - Loaded (2262, 94, 1, 128) from 2879ec0e59ea496397286c1095cce903
2026-09-07 11:34:27,403 - root - INFO - Original tokens: torch.Size([2262, 94, 1, 128]). Sampled tokens: torch.Size([747, 94, 1, 128])
2026-09-07 11:34:27,566 - root - INFO - Loaded (2262, 94, 1, 128) from 2879ec0e59ea496397286c1095cce903
2026-09-07 11:34:27,577 - root - INFO - Original tokens: torch.Size([2262, 94, 1, 128]). Sampled tokens: torch.Size([747, 94, 1, 128])
2026-09-07 11:34:27,612 - root - INFO - Loaded (2262, 94, 1, 128) from 2879ec0e59ea496397286c1095cce903
2026-09-07 11:34:27,622 - root - INFO - Original tokens: torch.Size([2262, 94, 1, 128]). Sampled tokens: torch.Size([747, 94, 1, 128])
2026-09-07 11:34:28,383 - root - INFO - Loaded (4473, 94, 1, 128) from 78f535a9462d41d3aa5d5e792d7fe336
2026-09-07 11:34:28,393 - root - INFO - Original tokens: torch.Size([4473, 94, 1, 128]). Sampled tokens: torch.Size([747, 94, 1, 128])
2026-09-07 11:34:28,605 - root - INFO - Loaded (4473, 94, 1, 128) from 78f535a9462d41d3aa5d5e792d7fe336
2026-09-07 11:34:28,619 - root - INFO - Original tokens: torch.Size([4473, 94, 1, 128]). Sampled tokens: torch.Size([747, 94, 1, 128])
2026-09-07 11:34:28,639 - root - INFO - Loaded (4473, 94, 1, 128) from 78f535a9462d41d3aa5d5e792d7fe336
2026-09-07 11:34:28,650 - root - INFO - Original tokens: torch.Size([4473, 94, 1, 128]). Sampled tokens: torch.Size([747, 94, 1, 128])
2026-09-07 11:34:29,085 - root - INFO - Loaded (1855, 94, 1, 128) from 46595915f9ba4623a85abdcae96d9f37
2026-09-07 11:34:29,097 - root - INFO - Original tokens: torch.Size([1855, 94, 1, 128]). Sampled tokens: torch.Size([747, 94, 1, 128])
2026-09-07 11:34:29,334 - root - INFO - Loaded (1855, 94, 1, 128) from 46595915f9ba4623a85abdcae96d9f37
2026-09-07 11:34:29,338 - root - INFO - Loaded (1855, 94, 1, 128) from 46595915f9ba4623a85abdcae96d9f37
2026-09-07 11:34:29,350 - root - INFO - Original tokens: torch.Size([1855, 94, 1, 128]). Sampled tokens: torch.Size([747, 94, 1, 128])
2026-09-07 11:34:29,353 - root - INFO - Original tokens: torch.Size([1855, 94, 1, 128]). Sampled tokens: torch.Size([747, 94, 1, 128])
2026-09-07 11:34:29,708 - root - INFO - Loaded (16432, 94, 1, 128) from fb723e031349433d9ae56c080fe995f0
2026-09-07 11:34:29,755 - root - INFO - Loaded (1301, 94, 1, 128) from 3291c87987fc4aa2be36b8fbeb3e866b
2026-09-07 11:34:29,777 - root - INFO - Original tokens: torch.Size([1301, 94, 1, 128]). Sampled tokens: torch.Size([747, 94, 1, 128])
2026-09-07 11:34:29,796 - root - INFO - Original tokens: torch.Size([16432, 94, 1, 128]). Sampled tokens: torch.Size([747, 94, 1, 128])
2026-09-07 11:34:30,031 - root - INFO - Loaded (1301, 94, 1, 128) from 3291c87987fc4aa2be36b8fbeb3e866b
2026-09-07 11:34:30,042 - root - INFO - Original tokens: torch.Size([1301, 94, 1, 128]). Sampled tokens: torch.Size([747, 94, 1, 128])
2026-09-07 11:34:30,056 - root - INFO - Loaded (1301, 94, 1, 128) from 3291c87987fc4aa2be36b8fbeb3e866b
2026-09-07 11:34:30,067 - root - INFO - Original tokens: torch.Size([1301, 94, 1, 128]). Sampled tokens: torch.Size([747, 94, 1, 128])
2026-09-07 11:34:30,615 - root - INFO - Loaded (3333, 94, 1, 128) from 13287947272c4014a9c5a0041782160d
2026-09-07 11:34:30,671 - root - INFO - Original tokens: torch.Size([3333, 94, 1, 128]). Sampled tokens: torch.Size([747, 94, 1, 128])
2026-09-07 11:34:30,821 - root - INFO - Loaded (5015, 94, 1, 128) from eee28850e7324b9684ef08f382d45012
2026-09-07 11:34:30,833 - root - INFO - Original tokens: torch.Size([5015, 94, 1, 128]). Sampled tokens: torch.Size([747, 94, 1, 128])
2026-09-07 11:34:31,101 - root - INFO - Loaded (5015, 94, 1, 128) from eee28850e7324b9684ef08f382d45012
2026-09-07 11:34:31,111 - root - INFO - Original tokens: torch.Size([5015, 94, 1, 128]). Sampled tokens: torch.Size([747, 94, 1, 128])
2026-09-07 11:34:31,139 - root - INFO - Loaded (5015, 94, 1, 128) from eee28850e7324b9684ef08f382d45012
2026-09-07 11:34:31,153 - root - INFO - Original tokens: torch.Size([5015, 94, 1, 128]). Sampled tokens: torch.Size([747, 94, 1, 128])
2026-09-07 11:34:31,421 - root - INFO - Loaded (2877, 94, 1, 128) from 6a27749da0374b78b5d16b08c357d2bf
2026-09-07 11:34:31,472 - root - INFO - Original tokens: torch.Size([2877, 94, 1, 128]). Sampled tokens: torch.Size([747, 94, 1, 128])
2026-09-07 11:34:31,599 - root - INFO - Loaded (2968, 94, 1, 128) from e87d69b8f9e04ea8a4e9ec8c11a8212f
2026-09-07 11:34:31,612 - root - INFO - Original tokens: torch.Size([2968, 94, 1, 128]). Sampled tokens: torch.Size([747, 94, 1, 128])
2026-09-07 11:34:31,856 - root - INFO - Loaded (2968, 94, 1, 128) from e87d69b8f9e04ea8a4e9ec8c11a8212f
2026-09-07 11:34:31,867 - root - INFO - Original tokens: torch.Size([2968, 94, 1, 128]). Sampled tokens: torch.Size([747, 94, 1, 128])
2026-09-07 11:34:31,888 - root - INFO - Loaded (2968, 94, 1, 128) from e87d69b8f9e04ea8a4e9ec8c11a8212f
2026-09-07 11:34:31,900 - root - INFO - Original tokens: torch.Size([2968, 94, 1, 128]). Sampled tokens: torch.Size([747, 94, 1, 128])
2026-09-07 11:34:32,196 - root - INFO - Loaded (2113, 94, 1, 128) from ac359322cb2648fc95e232ead111ab8f
2026-09-07 11:34:32,246 - root - INFO - Original tokens: torch.Size([2113, 94, 1, 128]). Sampled tokens: torch.Size([747, 94, 1, 128])
2026-09-07 11:34:32,344 - root - INFO - Loaded (2113, 94, 1, 128) from 2aa2a018f51d46aeb2cb1e8426f47ca3
2026-09-07 11:34:32,359 - root - INFO - Original tokens: torch.Size([2113, 94, 1, 128]). Sampled tokens: torch.Size([747, 94, 1, 128])
2026-09-07 11:34:32,580 - root - INFO - Loaded (2113, 94, 1, 128) from 2aa2a018f51d46aeb2cb1e8426f47ca3
2026-09-07 11:34:32,584 - root - INFO - Loaded (2113, 94, 1, 128) from 2aa2a018f51d46aeb2cb1e8426f47ca3
2026-09-07 11:34:32,604 - root - INFO - Original tokens: torch.Size([2113, 94, 1, 128]). Sampled tokens: torch.Size([747, 94, 1, 128])
2026-09-07 11:34:32,606 - root - INFO - Original tokens: torch.Size([2113, 94, 1, 128]). Sampled tokens: torch.Size([747, 94, 1, 128])
2026-09-07 11:34:32,976 - root - INFO - Loaded (2264, 94, 1, 128) from d67106bf3ce54a1dad1814f1f8914ca0
2026-09-07 11:34:33,023 - root - INFO - Original tokens: torch.Size([2264, 94, 1, 128]). Sampled tokens: torch.Size([747, 94, 1, 128])
2026-09-07 11:34:33,164 - root - INFO - Loaded (3282, 94, 1, 128) from 11f10ad7e3e644b0bb37591a47656aab
2026-09-07 11:34:33,176 - root - INFO - Original tokens: torch.Size([3282, 94, 1, 128]). Sampled tokens: torch.Size([747, 94, 1, 128])
2026-09-07 11:34:33,388 - root - INFO - Loaded (3282, 94, 1, 128) from 11f10ad7e3e644b0bb37591a47656aab
2026-09-07 11:34:33,398 - root - INFO - Original tokens: torch.Size([3282, 94, 1, 128]). Sampled tokens: torch.Size([747, 94, 1, 128])
2026-09-07 11:34:33,415 - root - INFO - Loaded (3282, 94, 1, 128) from 11f10ad7e3e644b0bb37591a47656aab
2026-09-07 11:34:33,428 - root - INFO - Original tokens: torch.Size([3282, 94, 1, 128]). Sampled tokens: torch.Size([747, 94, 1, 128])
2026-09-07 11:34:33,661 - root - INFO - Loaded (1196, 94, 1, 128) from 8c1899492d41419dbc5db5e23363f1e2
2026-09-07 11:34:33,707 - root - INFO - Original tokens: torch.Size([1196, 94, 1, 128]). Sampled tokens: torch.Size([747, 94, 1, 128])
2026-09-07 11:34:33,781 - root - INFO - Loaded (1234, 94, 1, 128) from bc3d686e534c44a78727e5e0edd5fa00
2026-09-07 11:34:33,794 - root - INFO - Original tokens: torch.Size([1234, 94, 1, 128]). Sampled tokens: torch.Size([747, 94, 1, 128])
2026-09-07 11:34:33,993 - root - INFO - Loaded (1234, 94, 1, 128) from bc3d686e534c44a78727e5e0edd5fa00
2026-09-07 11:34:34,007 - root - INFO - Original tokens: torch.Size([1234, 94, 1, 128]). Sampled tokens: torch.Size([747, 94, 1, 128])
2026-09-07 11:34:34,049 - root - INFO - Loaded (1234, 94, 1, 128) from bc3d686e534c44a78727e5e0edd5fa00
2026-09-07 11:34:34,061 - root - INFO - Original tokens: torch.Size([1234, 94, 1, 128]). Sampled tokens: torch.Size([747, 94, 1, 128])
2026-09-07 11:34:34,538 - root - INFO - Loaded (3636, 94, 1, 128) from cc52f24174d14edeb0757adeb7870b71
2026-09-07 11:34:34,589 - root - INFO - Original tokens: torch.Size([3636, 94, 1, 128]). Sampled tokens: torch.Size([747, 94, 1, 128])
2026-09-07 11:34:35,850 - root - INFO - Loaded (8781, 94, 1, 128) from f6eb2c3a0c2b4e83898c0ee25b70f4f8
2026-09-07 11:34:35,865 - root - INFO - Original tokens: torch.Size([8781, 94, 1, 128]). Sampled tokens: torch.Size([747, 94, 1, 128])
2026-09-07 11:34:36,034 - root - INFO - Loaded (8781, 94, 1, 128) from f6eb2c3a0c2b4e83898c0ee25b70f4f8
2026-09-07 11:34:36,050 - root - INFO - Original tokens: torch.Size([8781, 94, 1, 128]). Sampled tokens: torch.Size([747, 94, 1, 128])
2026-09-07 11:34:36,122 - root - INFO - Loaded (8781, 94, 1, 128) from f6eb2c3a0c2b4e83898c0ee25b70f4f8
2026-09-07 11:34:36,136 - root - INFO - Original tokens: torch.Size([8781, 94, 1, 128]). Sampled tokens: torch.Size([747, 94, 1, 128])
2026-09-07 11:34:36,737 - root - INFO - Loaded (11477, 94, 1, 128) from 9b5909decc514881a4f04f87fc03cbb9
2026-09-07 11:34:36,817 - root - INFO - Original tokens: torch.Size([11477, 94, 1, 128]). Sampled tokens: torch.Size([747, 94, 1, 128])
2026-09-07 11:34:38,299 - root - INFO - Loaded (13483, 94, 1, 128) from 03f73aa4c10e478fa6f9142749e7e448
2026-09-07 11:34:38,313 - root - INFO - Original tokens: torch.Size([13483, 94, 1, 128]). Sampled tokens: torch.Size([747, 94, 1, 128])
2026-09-07 11:34:38,461 - root - INFO - Loaded (13483, 94, 1, 128) from 03f73aa4c10e478fa6f9142749e7e448
2026-09-07 11:34:38,475 - root - INFO - Original tokens: torch.Size([13483, 94, 1, 128]). Sampled tokens: torch.Size([747, 94, 1, 128])
2026-09-07 11:34:38,558 - root - INFO - Loaded (13483, 94, 1, 128) from 03f73aa4c10e478fa6f9142749e7e448
2026-09-07 11:34:38,572 - root - INFO - Original tokens: torch.Size([13483, 94, 1, 128]). Sampled tokens: torch.Size([747, 94, 1, 128])
2026-09-07 11:34:38,897 - root - INFO - Loaded (9742, 94, 1, 128) from a6277bce40594ebfa5777774e6fba5db
2026-09-07 11:34:38,973 - root - INFO - Original tokens: torch.Size([9742, 94, 1, 128]). Sampled tokens: torch.Size([747, 94, 1, 128])
2026-09-07 11:34:38,985 - root - INFO - Loaded (1440, 94, 1, 128) from 3944c6833ec740be92b4489a598393b7
2026-09-07 11:34:38,995 - root - INFO - Original tokens: torch.Size([1440, 94, 1, 128]). Sampled tokens: torch.Size([747, 94, 1, 128])
2026-09-07 11:34:39,126 - root - INFO - Loaded (1440, 94, 1, 128) from 3944c6833ec740be92b4489a598393b7
2026-09-07 11:34:39,135 - root - INFO - Original tokens: torch.Size([1440, 94, 1, 128]). Sampled tokens: torch.Size([747, 94, 1, 128])
2026-09-07 11:34:39,201 - root - INFO - Loaded (1440, 94, 1, 128) from 3944c6833ec740be92b4489a598393b7
2026-09-07 11:34:39,212 - root - INFO - Original tokens: torch.Size([1440, 94, 1, 128]). Sampled tokens: torch.Size([747, 94, 1, 128])
2026-09-07 11:34:39,730 - root - INFO - Loaded (2264, 94, 1, 128) from d67106bf3ce54a1dad1814f1f8914ca0
2026-09-07 11:34:39,740 - root - INFO - Original tokens: torch.Size([2264, 94, 1, 128]). Sampled tokens: torch.Size([747, 94, 1, 128])
2026-09-07 11:34:39,857 - root - INFO - Loaded (2264, 94, 1, 128) from d67106bf3ce54a1dad1814f1f8914ca0
2026-09-07 11:34:39,869 - root - INFO - Original tokens: torch.Size([2264, 94, 1, 128]). Sampled tokens: torch.Size([747, 94, 1, 128])
2026-09-07 11:34:39,933 - root - INFO - Loaded (2264, 94, 1, 128) from d67106bf3ce54a1dad1814f1f8914ca0
2026-09-07 11:34:39,947 - root - INFO - Original tokens: torch.Size([2264, 94, 1, 128]). Sampled tokens: torch.Size([747, 94, 1, 128])
2026-09-07 11:34:40,519 - root - INFO - Loaded (3639, 94, 1, 128) from 777881bf1c92416c8a677cd7a2224e46
2026-09-07 11:34:40,531 - root - INFO - Original tokens: torch.Size([3639, 94, 1, 128]). Sampled tokens: torch.Size([747, 94, 1, 128])
2026-09-07 11:34:40,654 - root - INFO - Loaded (3639, 94, 1, 128) from 777881bf1c92416c8a677cd7a2224e46
2026-09-07 11:34:40,667 - root - INFO - Original tokens: torch.Size([3639, 94, 1, 128]). Sampled tokens: torch.Size([747, 94, 1, 128])
2026-09-07 11:34:40,770 - root - INFO - Loaded (3639, 94, 1, 128) from 777881bf1c92416c8a677cd7a2224e46
2026-09-07 11:34:40,785 - root - INFO - Original tokens: torch.Size([3639, 94, 1, 128]). Sampled tokens: torch.Size([747, 94, 1, 128])
2026-09-07 11:34:41,282 - root - INFO - Loaded (2255, 94, 1, 128) from fd90af6ffe9f4162bcee82c2a308d9ad
2026-09-07 11:34:41,294 - root - INFO - Original tokens: torch.Size([2255, 94, 1, 128]). Sampled tokens: torch.Size([747, 94, 1, 128])
2026-09-07 11:34:41,410 - root - INFO - Loaded (2255, 94, 1, 128) from fd90af6ffe9f4162bcee82c2a308d9ad
2026-09-07 11:34:41,421 - root - INFO - Original tokens: torch.Size([2255, 94, 1, 128]). Sampled tokens: torch.Size([747, 94, 1, 128])
2026-09-07 11:34:41,533 - root - INFO - Loaded (2255, 94, 1, 128) from fd90af6ffe9f4162bcee82c2a308d9ad
2026-09-07 11:34:41,544 - root - INFO - Original tokens: torch.Size([2255, 94, 1, 128]). Sampled tokens: torch.Size([747, 94, 1, 128])
2026-09-07 11:34:41,819 - root - INFO - Loaded (16161, 94, 1, 128) from d06447312cc54ced848420f4c6f2e0af
2026-09-07 11:34:41,905 - root - INFO - Original tokens: torch.Size([16161, 94, 1, 128]). Sampled tokens: torch.Size([747, 94, 1, 128])
2026-09-07 11:34:43,327 - root - INFO - Loaded (8099, 94, 1, 128) from a3ff123265394b78acdbaa889c60eafc
2026-09-07 11:34:43,389 - root - INFO - Original tokens: torch.Size([8099, 94, 1, 128]). Sampled tokens: torch.Size([747, 94, 1, 128])
2026-09-07 11:34:43,535 - root - INFO - Loaded (11745, 94, 1, 128) from cd42facab60040739c50f41bdd00fa1c
2026-09-07 11:34:43,553 - root - INFO - Original tokens: torch.Size([11745, 94, 1, 128]). Sampled tokens: torch.Size([747, 94, 1, 128])
2026-09-07 11:34:43,635 - root - INFO - Loaded (11745, 94, 1, 128) from cd42facab60040739c50f41bdd00fa1c
2026-09-07 11:34:43,653 - root - INFO - Original tokens: torch.Size([11745, 94, 1, 128]). Sampled tokens: torch.Size([747, 94, 1, 128])
2026-09-07 11:34:43,809 - root - INFO - Loaded (11745, 94, 1, 128) from cd42facab60040739c50f41bdd00fa1c
2026-09-07 11:34:43,827 - root - INFO - Original tokens: torch.Size([11745, 94, 1, 128]). Sampled tokens: torch.Size([747, 94, 1, 128])
2026-09-07 11:34:44,224 - root - INFO - Loaded (3994, 94, 1, 128) from a50d62d61f664b8dbbbce34338100471
2026-09-07 11:34:44,267 - root - INFO - Loaded (2049, 94, 1, 128) from f03c66c7763948f0be532e5ffc1e7523
2026-09-07 11:34:44,288 - root - INFO - Original tokens: torch.Size([3994, 94, 1, 128]). Sampled tokens: torch.Size([747, 94, 1, 128])
2026-09-07 11:34:44,289 - root - INFO - Original tokens: torch.Size([2049, 94, 1, 128]). Sampled tokens: torch.Size([747, 94, 1, 128])
2026-09-07 11:34:44,362 - root - INFO - Loaded (2049, 94, 1, 128) from f03c66c7763948f0be532e5ffc1e7523
2026-09-07 11:34:44,373 - root - INFO - Original tokens: torch.Size([2049, 94, 1, 128]). Sampled tokens: torch.Size([747, 94, 1, 128])
2026-09-07 11:34:44,502 - root - INFO - Loaded (2049, 94, 1, 128) from f03c66c7763948f0be532e5ffc1e7523
2026-09-07 11:34:44,517 - root - INFO - Original tokens: torch.Size([2049, 94, 1, 128]). Sampled tokens: torch.Size([747, 94, 1, 128])
2026-09-07 11:34:45,167 - root - INFO - Loaded (4027, 94, 1, 128) from a278907dcb4d477eafa8e30a4f1cbb7a
2026-09-07 11:34:45,221 - root - INFO - Original tokens: torch.Size([4027, 94, 1, 128]). Sampled tokens: torch.Size([747, 94, 1, 128])
2026-09-07 11:34:46,299 - root - INFO - Loaded (5015, 94, 1, 128) from eee28850e7324b9684ef08f382d45012
2026-09-07 11:34:46,353 - root - INFO - Original tokens: torch.Size([5015, 94, 1, 128]). Sampled tokens: torch.Size([747, 94, 1, 128])
2026-09-07 11:34:46,852 - root - INFO - Loaded (13769, 94, 1, 128) from 1e5353d15c564752a2ae0796d5bb79b0
2026-09-07 11:34:46,870 - root - INFO - Original tokens: torch.Size([13769, 94, 1, 128]). Sampled tokens: torch.Size([747, 94, 1, 128])
2026-09-07 11:34:46,999 - root - INFO - Loaded (13769, 94, 1, 128) from 1e5353d15c564752a2ae0796d5bb79b0
2026-09-07 11:34:47,017 - root - INFO - Original tokens: torch.Size([13769, 94, 1, 128]). Sampled tokens: torch.Size([747, 94, 1, 128])
2026-09-07 11:34:47,141 - root - INFO - Loaded (13769, 94, 1, 128) from 1e5353d15c564752a2ae0796d5bb79b0
2026-09-07 11:34:47,151 - root - INFO - Loaded (3196, 94, 1, 128) from 7f89b3fba23148ccafe235b843521142
2026-09-07 11:34:47,162 - root - INFO - Original tokens: torch.Size([13769, 94, 1, 128]). Sampled tokens: torch.Size([747, 94, 1, 128])
2026-09-07 11:34:47,204 - root - INFO - Original tokens: torch.Size([3196, 94, 1, 128]). Sampled tokens: torch.Size([747, 94, 1, 128])
2026-09-07 11:34:48,198 - root - INFO - Loaded (7034, 94, 1, 128) from 804a3a2a498e4336813006449f44dec5
2026-09-07 11:34:48,208 - root - INFO - Original tokens: torch.Size([7034, 94, 1, 128]). Sampled tokens: torch.Size([747, 94, 1, 128])
2026-09-07 11:34:48,373 - root - INFO - Loaded (7034, 94, 1, 128) from 804a3a2a498e4336813006449f44dec5
2026-09-07 11:34:48,384 - root - INFO - Original tokens: torch.Size([7034, 94, 1, 128]). Sampled tokens: torch.Size([747, 94, 1, 128])
2026-09-07 11:34:48,542 - root - INFO - Loaded (7034, 94, 1, 128) from 804a3a2a498e4336813006449f44dec5
2026-09-07 11:34:48,553 - root - INFO - Original tokens: torch.Size([7034, 94, 1, 128]). Sampled tokens: torch.Size([747, 94, 1, 128])
2026-09-07 11:34:49,712 - root - INFO - Loaded (13769, 94, 1, 128) from 1e5353d15c564752a2ae0796d5bb79b0
2026-09-07 11:34:49,801 - root - INFO - Original tokens: torch.Size([13769, 94, 1, 128]). Sampled tokens: torch.Size([747, 94, 1, 128])
2026-09-07 11:34:50,356 - root - INFO - Loaded (11225, 94, 1, 128) from a63e9c95b44c4c7a96bec21dbfa95e08
2026-09-07 11:34:50,373 - root - INFO - Original tokens: torch.Size([11225, 94, 1, 128]). Sampled tokens: torch.Size([747, 94, 1, 128])
2026-09-07 11:34:50,606 - root - INFO - Loaded (11225, 94, 1, 128) from a63e9c95b44c4c7a96bec21dbfa95e08
2026-09-07 11:34:50,624 - root - INFO - Original tokens: torch.Size([11225, 94, 1, 128]). Sampled tokens: torch.Size([747, 94, 1, 128])
2026-09-07 11:34:50,710 - root - INFO - Loaded (11225, 94, 1, 128) from a63e9c95b44c4c7a96bec21dbfa95e08
2026-09-07 11:34:50,725 - root - INFO - Original tokens: torch.Size([11225, 94, 1, 128]). Sampled tokens: torch.Size([747, 94, 1, 128])
2026-09-07 11:34:52,027 - root - INFO - Loaded (11152, 94, 1, 128) from 8e86cafd1c1b4e528b33e7cb1532ebff
2026-09-07 11:34:52,101 - root - INFO - Original tokens: torch.Size([11152, 94, 1, 128]). Sampled tokens: torch.Size([747, 94, 1, 128])
2026-09-07 11:34:53,219 - root - INFO - Loaded (6010, 94, 1, 128) from 318bc277be394c34ba3a23d0f7dadc00
2026-09-07 11:34:53,278 - root - INFO - Original tokens: torch.Size([6010, 94, 1, 128]). Sampled tokens: torch.Size([747, 94, 1, 128])
2026-09-07 11:34:53,987 - root - INFO - Loaded (19783, 94, 1, 128) from 206da347f69e4f8dbea26b62b7af08f2
2026-09-07 11:34:54,003 - root - INFO - Original tokens: torch.Size([19783, 94, 1, 128]). Sampled tokens: torch.Size([747, 94, 1, 128])
2026-09-07 11:34:54,216 - root - INFO - Loaded (19783, 94, 1, 128) from 206da347f69e4f8dbea26b62b7af08f2
2026-09-07 11:34:54,231 - root - INFO - Original tokens: torch.Size([19783, 94, 1, 128]). Sampled tokens: torch.Size([747, 94, 1, 128])
2026-09-07 11:34:54,340 - root - INFO - Loaded (19783, 94, 1, 128) from 206da347f69e4f8dbea26b62b7af08f2
2026-09-07 11:34:54,355 - root - INFO - Original tokens: torch.Size([19783, 94, 1, 128]). Sampled tokens: torch.Size([747, 94, 1, 128])
2026-09-07 11:34:55,369 - root - INFO - Loaded (8099, 94, 1, 128) from a3ff123265394b78acdbaa889c60eafc
2026-09-07 11:34:55,381 - root - INFO - Original tokens: torch.Size([8099, 94, 1, 128]). Sampled tokens: torch.Size([747, 94, 1, 128])
2026-09-07 11:34:55,578 - root - INFO - Loaded (8099, 94, 1, 128) from a3ff123265394b78acdbaa889c60eafc
2026-09-07 11:34:55,590 - root - INFO - Original tokens: torch.Size([8099, 94, 1, 128]). Sampled tokens: torch.Size([747, 94, 1, 128])
2026-09-07 11:34:55,636 - root - INFO - Loaded (12288, 94, 1, 128) from f5d7f969912f4906842cb55db7604d4d
2026-09-07 11:34:55,715 - root - INFO - Original tokens: torch.Size([12288, 94, 1, 128]). Sampled tokens: torch.Size([747, 94, 1, 128])
2026-09-07 11:34:55,756 - root - INFO - Loaded (8099, 94, 1, 128) from a3ff123265394b78acdbaa889c60eafc
2026-09-07 11:34:55,766 - root - INFO - Original tokens: torch.Size([8099, 94, 1, 128]). Sampled tokens: torch.Size([747, 94, 1, 128])
2026-09-07 11:34:56,543 - root - INFO - Loaded (3760, 94, 1, 128) from 4e799eb1ae4a48e39f210cb4c5d09cd6
2026-09-07 11:34:56,594 - root - INFO - Original tokens: torch.Size([3760, 94, 1, 128]). Sampled tokens: torch.Size([747, 94, 1, 128])
2026-09-07 11:34:56,693 - root - INFO - Loaded (6897, 94, 1, 128) from 006de4b30a8345e0a0ae05a7ead73c3f
2026-09-07 11:34:56,704 - root - INFO - Original tokens: torch.Size([6897, 94, 1, 128]). Sampled tokens: torch.Size([747, 94, 1, 128])
2026-09-07 11:34:56,919 - root - INFO - Loaded (6897, 94, 1, 128) from 006de4b30a8345e0a0ae05a7ead73c3f
2026-09-07 11:34:56,930 - root - INFO - Original tokens: torch.Size([6897, 94, 1, 128]). Sampled tokens: torch.Size([747, 94, 1, 128])
2026-09-07 11:34:57,090 - root - INFO - Loaded (6897, 94, 1, 128) from 006de4b30a8345e0a0ae05a7ead73c3f
2026-09-07 11:34:57,101 - root - INFO - Original tokens: torch.Size([6897, 94, 1, 128]). Sampled tokens: torch.Size([747, 94, 1, 128])
2026-09-07 11:34:59,045 - root - INFO - Loaded (12288, 94, 1, 128) from f5d7f969912f4906842cb55db7604d4d
2026-09-07 11:34:59,060 - root - INFO - Original tokens: torch.Size([12288, 94, 1, 128]). Sampled tokens: torch.Size([747, 94, 1, 128])
2026-09-07 11:34:59,083 - root - INFO - Loaded (13765, 94, 1, 128) from 7c5617a6dfed4973967f5f71bf533b5e
2026-09-07 11:34:59,173 - root - INFO - Original tokens: torch.Size([13765, 94, 1, 128]). Sampled tokens: torch.Size([747, 94, 1, 128])
2026-09-07 11:34:59,278 - root - INFO - Loaded (12288, 94, 1, 128) from f5d7f969912f4906842cb55db7604d4d
2026-09-07 11:34:59,294 - root - INFO - Original tokens: torch.Size([12288, 94, 1, 128]). Sampled tokens: torch.Size([747, 94, 1, 128])
2026-09-07 11:34:59,483 - root - INFO - Loaded (12288, 94, 1, 128) from f5d7f969912f4906842cb55db7604d4d
2026-09-07 11:34:59,499 - root - INFO - Original tokens: torch.Size([12288, 94, 1, 128]). Sampled tokens: torch.Size([747, 94, 1, 128])
2026-09-07 11:34:59,906 - root - INFO - Loaded (2249, 94, 1, 128) from 41816dd79d7b4e1290d11e21752d783a
2026-09-07 11:34:59,958 - root - INFO - Original tokens: torch.Size([2249, 94, 1, 128]). Sampled tokens: torch.Size([747, 94, 1, 128])
2026-09-07 11:35:00,351 - root - INFO - Loaded (6411, 94, 1, 128) from 31f32584ecd843ec859cb29f4d87d4f4
2026-09-07 11:35:00,363 - root - INFO - Original tokens: torch.Size([6411, 94, 1, 128]). Sampled tokens: torch.Size([747, 94, 1, 128])
2026-09-07 11:35:00,566 - root - INFO - Loaded (6411, 94, 1, 128) from 31f32584ecd843ec859cb29f4d87d4f4
2026-09-07 11:35:00,576 - root - INFO - Original tokens: torch.Size([6411, 94, 1, 128]). Sampled tokens: torch.Size([747, 94, 1, 128])
2026-09-07 11:35:00,737 - root - INFO - Loaded (6411, 94, 1, 128) from 31f32584ecd843ec859cb29f4d87d4f4
2026-09-07 11:35:00,749 - root - INFO - Original tokens: torch.Size([6411, 94, 1, 128]). Sampled tokens: torch.Size([747, 94, 1, 128])
2026-09-07 11:35:01,639 - root - INFO - Loaded (7011, 94, 1, 128) from e397a745e52c4df9b02155fc3d2dcf95
2026-09-07 11:35:01,649 - root - INFO - Original tokens: torch.Size([7011, 94, 1, 128]). Sampled tokens: torch.Size([747, 94, 1, 128])
2026-09-07 11:35:01,842 - root - INFO - Loaded (7011, 94, 1, 128) from e397a745e52c4df9b02155fc3d2dcf95
2026-09-07 11:35:01,852 - root - INFO - Original tokens: torch.Size([7011, 94, 1, 128]). Sampled tokens: torch.Size([747, 94, 1, 128])
2026-09-07 11:35:02,044 - root - INFO - Loaded (7011, 94, 1, 128) from e397a745e52c4df9b02155fc3d2dcf95
2026-09-07 11:35:02,055 - root - INFO - Original tokens: torch.Size([7011, 94, 1, 128]). Sampled tokens: torch.Size([747, 94, 1, 128])
2026-09-07 11:35:02,314 - root - INFO - Loaded (12568, 94, 1, 128) from 22b180b3f67d4b938ebc690f9c977bb4
2026-09-07 11:35:02,324 - root - INFO - Loaded (1882, 94, 1, 128) from c0410122e6144464a505813f7e2979ab
2026-09-07 11:35:02,336 - root - INFO - Original tokens: torch.Size([1882, 94, 1, 128]). Sampled tokens: torch.Size([747, 94, 1, 128])
2026-09-07 11:35:02,394 - root - INFO - Original tokens: torch.Size([12568, 94, 1, 128]). Sampled tokens: torch.Size([747, 94, 1, 128])
2026-09-07 11:35:02,536 - root - INFO - Loaded (1882, 94, 1, 128) from c0410122e6144464a505813f7e2979ab
2026-09-07 11:35:02,547 - root - INFO - Original tokens: torch.Size([1882, 94, 1, 128]). Sampled tokens: torch.Size([747, 94, 1, 128])
2026-09-07 11:35:02,727 - root - INFO - Loaded (1882, 94, 1, 128) from c0410122e6144464a505813f7e2979ab
2026-09-07 11:35:02,738 - root - INFO - Original tokens: torch.Size([1882, 94, 1, 128]). Sampled tokens: torch.Size([747, 94, 1, 128])
2026-09-07 11:35:03,638 - root - INFO - Loaded (6963, 94, 1, 128) from ce0869e6a1ee46b4a15d6742b954135f
2026-09-07 11:35:03,648 - root - INFO - Original tokens: torch.Size([6963, 94, 1, 128]). Sampled tokens: torch.Size([747, 94, 1, 128])
2026-09-07 11:35:03,811 - root - INFO - Loaded (6963, 94, 1, 128) from ce0869e6a1ee46b4a15d6742b954135f
2026-09-07 11:35:03,822 - root - INFO - Original tokens: torch.Size([6963, 94, 1, 128]). Sampled tokens: torch.Size([747, 94, 1, 128])
2026-09-07 11:35:04,040 - root - INFO - Loaded (6963, 94, 1, 128) from ce0869e6a1ee46b4a15d6742b954135f
2026-09-07 11:35:04,052 - root - INFO - Original tokens: torch.Size([6963, 94, 1, 128]). Sampled tokens: torch.Size([747, 94, 1, 128])
2026-09-07 11:35:04,527 - root - INFO - Loaded (10788, 94, 1, 128) from c152863c7e104a39b954baa08b428373
2026-09-07 11:35:04,605 - root - INFO - Original tokens: torch.Size([10788, 94, 1, 128]). Sampled tokens: torch.Size([747, 94, 1, 128])
2026-09-07 11:35:05,012 - root - INFO - Loaded (7312, 94, 1, 128) from 9a6cdf3bdbc94916bcdbaefcaa7818eb
2026-09-07 11:35:05,022 - root - INFO - Original tokens: torch.Size([7312, 94, 1, 128]). Sampled tokens: torch.Size([747, 94, 1, 128])
2026-09-07 11:35:05,201 - root - INFO - Loaded (7312, 94, 1, 128) from 9a6cdf3bdbc94916bcdbaefcaa7818eb
2026-09-07 11:35:05,212 - root - INFO - Original tokens: torch.Size([7312, 94, 1, 128]). Sampled tokens: torch.Size([747, 94, 1, 128])
2026-09-07 11:35:05,377 - root - INFO - Loaded (3254, 94, 1, 128) from 3a5055ea5bae43588f75d05cc9a05233
2026-09-07 11:35:05,424 - root - INFO - Original tokens: torch.Size([3254, 94, 1, 128]). Sampled tokens: torch.Size([747, 94, 1, 128])
2026-09-07 11:35:05,431 - root - INFO - Loaded (7312, 94, 1, 128) from 9a6cdf3bdbc94916bcdbaefcaa7818eb
2026-09-07 11:35:05,441 - root - INFO - Original tokens: torch.Size([7312, 94, 1, 128]). Sampled tokens: torch.Size([747, 94, 1, 128])
2026-09-07 11:35:07,084 - root - INFO - Loaded (9800, 94, 1, 128) from 1c6245deb6144b10b3532a448b8e872c
2026-09-07 11:35:07,099 - root - INFO - Original tokens: torch.Size([9800, 94, 1, 128]). Sampled tokens: torch.Size([747, 94, 1, 128])
2026-09-07 11:35:07,238 - root - INFO - Loaded (9800, 94, 1, 128) from 1c6245deb6144b10b3532a448b8e872c
2026-09-07 11:35:07,257 - root - INFO - Original tokens: torch.Size([9800, 94, 1, 128]). Sampled tokens: torch.Size([747, 94, 1, 128])
2026-09-07 11:35:07,466 - root - INFO - Loaded (9800, 94, 1, 128) from 1c6245deb6144b10b3532a448b8e872c
2026-09-07 11:35:07,483 - root - INFO - Original tokens: torch.Size([9800, 94, 1, 128]). Sampled tokens: torch.Size([747, 94, 1, 128])
2026-09-07 11:35:07,531 - root - INFO - Loaded (10763, 94, 1, 128) from 193bcc974cff4b158079fbb1bf7f2eac
2026-09-07 11:35:07,611 - root - INFO - Original tokens: torch.Size([10763, 94, 1, 128]). Sampled tokens: torch.Size([747, 94, 1, 128])
2026-09-07 11:35:08,726 - root - INFO - Loaded (6155, 94, 1, 128) from b7e7e9f7cece4d18929cc5e77b97013b
2026-09-07 11:35:08,781 - root - INFO - Original tokens: torch.Size([6155, 94, 1, 128]). Sampled tokens: torch.Size([747, 94, 1, 128])
2026-09-07 11:35:09,231 - root - INFO - Loaded (10763, 94, 1, 128) from 193bcc974cff4b158079fbb1bf7f2eac
2026-09-07 11:35:09,247 - root - INFO - Original tokens: torch.Size([10763, 94, 1, 128]). Sampled tokens: torch.Size([747, 94, 1, 128])
2026-09-07 11:35:09,473 - root - INFO - Loaded (10763, 94, 1, 128) from 193bcc974cff4b158079fbb1bf7f2eac
2026-09-07 11:35:09,493 - root - INFO - Original tokens: torch.Size([10763, 94, 1, 128]). Sampled tokens: torch.Size([747, 94, 1, 128])
2026-09-07 11:35:09,758 - root - INFO - Loaded (10763, 94, 1, 128) from 193bcc974cff4b158079fbb1bf7f2eac
2026-09-07 11:35:09,775 - root - INFO - Original tokens: torch.Size([10763, 94, 1, 128]). Sampled tokens: torch.Size([747, 94, 1, 128])
2026-09-07 11:35:11,362 - root - INFO - Loaded (10644, 94, 1, 128) from aacaa5e0837f4a61accecbcfbe754f1d
2026-09-07 11:35:11,377 - root - INFO - Original tokens: torch.Size([10644, 94, 1, 128]). Sampled tokens: torch.Size([747, 94, 1, 128])
2026-09-07 11:35:11,670 - root - INFO - Loaded (10644, 94, 1, 128) from aacaa5e0837f4a61accecbcfbe754f1d
2026-09-07 11:35:11,689 - root - INFO - Original tokens: torch.Size([10644, 94, 1, 128]). Sampled tokens: torch.Size([747, 94, 1, 128])
2026-09-07 11:35:11,865 - root - INFO - Loaded (16434, 94, 1, 128) from 2ab6d79d5ecb458b8b8018c8ec1241b4
2026-09-07 11:35:11,964 - root - INFO - Original tokens: torch.Size([16434, 94, 1, 128]). Sampled tokens: torch.Size([747, 94, 1, 128])
2026-09-07 11:35:11,965 - root - INFO - Loaded (10644, 94, 1, 128) from aacaa5e0837f4a61accecbcfbe754f1d
2026-09-07 11:35:11,979 - root - INFO - Original tokens: torch.Size([10644, 94, 1, 128]). Sampled tokens: torch.Size([747, 94, 1, 128])
2026-09-07 11:35:12,678 - root - INFO - Loaded (1977, 94, 1, 128) from f4933a214e7a4a2d8d458d9a5fd10e5c
2026-09-07 11:35:12,727 - root - INFO - Original tokens: torch.Size([1977, 94, 1, 128]). Sampled tokens: torch.Size([747, 94, 1, 128])
2026-09-07 11:35:13,786 - root - INFO - Loaded (12568, 94, 1, 128) from 22b180b3f67d4b938ebc690f9c977bb4
2026-09-07 11:35:13,804 - root - INFO - Original tokens: torch.Size([12568, 94, 1, 128]). Sampled tokens: torch.Size([747, 94, 1, 128])
2026-09-07 11:35:14,169 - root - INFO - Loaded (12568, 94, 1, 128) from 22b180b3f67d4b938ebc690f9c977bb4
2026-09-07 11:35:14,189 - root - INFO - Original tokens: torch.Size([12568, 94, 1, 128]). Sampled tokens: torch.Size([747, 94, 1, 128])
2026-09-07 11:35:14,429 - root - INFO - Loaded (12568, 94, 1, 128) from 22b180b3f67d4b938ebc690f9c977bb4
2026-09-07 11:35:14,446 - root - INFO - Original tokens: torch.Size([12568, 94, 1, 128]). Sampled tokens: torch.Size([747, 94, 1, 128])
2026-09-07 11:35:14,918 - root - INFO - Loaded (10644, 94, 1, 128) from aacaa5e0837f4a61accecbcfbe754f1d
2026-09-07 11:35:14,987 - root - INFO - Original tokens: torch.Size([10644, 94, 1, 128]). Sampled tokens: torch.Size([747, 94, 1, 128])
2026-09-07 11:35:16,423 - root - INFO - Loaded (13988, 94, 1, 128) from 6085d0f0c5f74f778001f7fc0cc8696a
2026-09-07 11:35:16,440 - root - INFO - Original tokens: torch.Size([13988, 94, 1, 128]). Sampled tokens: torch.Size([747, 94, 1, 128])
2026-09-07 11:35:16,849 - root - INFO - Loaded (13988, 94, 1, 128) from 6085d0f0c5f74f778001f7fc0cc8696a
2026-09-07 11:35:16,865 - root - INFO - Original tokens: torch.Size([13988, 94, 1, 128]). Sampled tokens: torch.Size([747, 94, 1, 128])
2026-09-07 11:35:17,103 - root - INFO - Loaded (13988, 94, 1, 128) from 6085d0f0c5f74f778001f7fc0cc8696a
2026-09-07 11:35:17,121 - root - INFO - Original tokens: torch.Size([13988, 94, 1, 128]). Sampled tokens: torch.Size([747, 94, 1, 128])
2026-09-07 11:35:17,151 - root - INFO - Loaded (9805, 94, 1, 128) from 2f2ca8b7fe7249b2aa08327434fb057f
2026-09-07 11:35:17,220 - root - INFO - Original tokens: torch.Size([9805, 94, 1, 128]). Sampled tokens: torch.Size([747, 94, 1, 128])
2026-09-07 11:35:18,598 - root - INFO - Loaded (7312, 94, 1, 128) from 9a6cdf3bdbc94916bcdbaefcaa7818eb
2026-09-07 11:35:18,660 - root - INFO - Original tokens: torch.Size([7312, 94, 1, 128]). Sampled tokens: torch.Size([747, 94, 1, 128])
2026-09-07 11:35:19,663 - root - INFO - Loaded (16434, 94, 1, 128) from 2ab6d79d5ecb458b8b8018c8ec1241b4
2026-09-07 11:35:19,673 - root - INFO - Original tokens: torch.Size([16434, 94, 1, 128]). Sampled tokens: torch.Size([747, 94, 1, 128])
2026-09-07 11:35:20,024 - root - INFO - Loaded (16434, 94, 1, 128) from 2ab6d79d5ecb458b8b8018c8ec1241b4
2026-09-07 11:35:20,033 - root - INFO - Original tokens: torch.Size([16434, 94, 1, 128]). Sampled tokens: torch.Size([747, 94, 1, 128])
2026-09-07 11:35:20,038 - root - INFO - Loaded (7844, 94, 1, 128) from 2c5738c273104d78b7514a7402b935c3
2026-09-07 11:35:20,097 - root - INFO - Original tokens: torch.Size([7844, 94, 1, 128]). Sampled tokens: torch.Size([747, 94, 1, 128])
2026-09-07 11:35:20,344 - root - INFO - Loaded (16434, 94, 1, 128) from 2ab6d79d5ecb458b8b8018c8ec1241b4
2026-09-07 11:35:20,355 - root - INFO - Original tokens: torch.Size([16434, 94, 1, 128]). Sampled tokens: torch.Size([747, 94, 1, 128])
2026-09-07 11:35:20,652 - root - INFO - Loaded (4402, 94, 1, 128) from 0cc95ecf3285487ba3dc5ef3990679eb
2026-09-07 11:35:20,663 - root - INFO - Original tokens: torch.Size([4402, 94, 1, 128]). Sampled tokens: torch.Size([747, 94, 1, 128])
2026-09-07 11:35:21,000 - root - INFO - Loaded (4402, 94, 1, 128) from 0cc95ecf3285487ba3dc5ef3990679eb
2026-09-07 11:35:21,011 - root - INFO - Original tokens: torch.Size([4402, 94, 1, 128]). Sampled tokens: torch.Size([747, 94, 1, 128])
2026-09-07 11:35:21,314 - root - INFO - Loaded (1476, 94, 1, 128) from baf685e74a6649b687e4f007480bb95c
2026-09-07 11:35:21,326 - root - INFO - Original tokens: torch.Size([1476, 94, 1, 128]). Sampled tokens: torch.Size([747, 94, 1, 128])
2026-09-07 11:35:21,340 - root - INFO - Loaded (4402, 94, 1, 128) from 0cc95ecf3285487ba3dc5ef3990679eb
2026-09-07 11:35:21,356 - root - INFO - Original tokens: torch.Size([4402, 94, 1, 128]). Sampled tokens: torch.Size([747, 94, 1, 128])
2026-09-07 11:35:21,639 - root - INFO - Loaded (1476, 94, 1, 128) from baf685e74a6649b687e4f007480bb95c
2026-09-07 11:35:21,652 - root - INFO - Original tokens: torch.Size([1476, 94, 1, 128]). Sampled tokens: torch.Size([747, 94, 1, 128])
2026-09-07 11:35:21,992 - root - INFO - Loaded (1476, 94, 1, 128) from baf685e74a6649b687e4f007480bb95c
2026-09-07 11:35:22,005 - root - INFO - Original tokens: torch.Size([1476, 94, 1, 128]). Sampled tokens: torch.Size([747, 94, 1, 128])
2026-09-07 11:35:22,085 - root - INFO - Loaded (2942, 94, 1, 128) from afadfe2647ce4887bdcfdea8fe0a7df8
2026-09-07 11:35:22,097 - root - INFO - Original tokens: torch.Size([2942, 94, 1, 128]). Sampled tokens: torch.Size([747, 94, 1, 128])
2026-09-07 11:35:22,392 - root - INFO - Loaded (2942, 94, 1, 128) from afadfe2647ce4887bdcfdea8fe0a7df8
2026-09-07 11:35:22,401 - root - INFO - Original tokens: torch.Size([2942, 94, 1, 128]). Sampled tokens: torch.Size([747, 94, 1, 128])
2026-09-07 11:35:22,790 - root - INFO - Loaded (2942, 94, 1, 128) from afadfe2647ce4887bdcfdea8fe0a7df8
2026-09-07 11:35:22,801 - root - INFO - Original tokens: torch.Size([2942, 94, 1, 128]). Sampled tokens: torch.Size([747, 94, 1, 128])
2026-09-07 11:35:23,544 - root - INFO - Loaded (17619, 94, 1, 128) from cbc7c37b578e4c46a0b216a18e806253
2026-09-07 11:35:23,637 - root - INFO - Original tokens: torch.Size([17619, 94, 1, 128]). Sampled tokens: torch.Size([747, 94, 1, 128])
2026-09-07 11:35:24,240 - root - INFO - Loaded (9962, 94, 1, 128) from 53f01e23cb654125bf3f5770cadcf936
2026-09-07 11:35:24,258 - root - INFO - Original tokens: torch.Size([9962, 94, 1, 128]). Sampled tokens: torch.Size([747, 94, 1, 128])
2026-09-07 11:35:24,315 - root - INFO - Loaded (1326, 94, 1, 128) from f469d9ac38e34023ac4599bca9cf6006
2026-09-07 11:35:24,361 - root - INFO - Original tokens: torch.Size([1326, 94, 1, 128]). Sampled tokens: torch.Size([747, 94, 1, 128])
2026-09-07 11:35:24,543 - root - INFO - Loaded (9962, 94, 1, 128) from 53f01e23cb654125bf3f5770cadcf936
2026-09-07 11:35:24,561 - root - INFO - Original tokens: torch.Size([9962, 94, 1, 128]). Sampled tokens: torch.Size([747, 94, 1, 128])
2026-09-07 11:35:24,982 - root - INFO - Loaded (9962, 94, 1, 128) from 53f01e23cb654125bf3f5770cadcf936
2026-09-07 11:35:25,000 - root - INFO - Original tokens: torch.Size([9962, 94, 1, 128]). Sampled tokens: torch.Size([747, 94, 1, 128])
2026-09-07 11:35:26,388 - root - INFO - Loaded (9805, 94, 1, 128) from 2f2ca8b7fe7249b2aa08327434fb057f
2026-09-07 11:35:26,404 - root - INFO - Original tokens: torch.Size([9805, 94, 1, 128]). Sampled tokens: torch.Size([747, 94, 1, 128])
2026-09-07 11:35:26,520 - root - INFO - Loaded (10191, 94, 1, 128) from a975deda0f42482cba491ab0b79fa82e
2026-09-07 11:35:26,595 - root - INFO - Original tokens: torch.Size([10191, 94, 1, 128]). Sampled tokens: torch.Size([747, 94, 1, 128])
2026-09-07 11:35:26,750 - root - INFO - Loaded (9805, 94, 1, 128) from 2f2ca8b7fe7249b2aa08327434fb057f
2026-09-07 11:35:26,768 - root - INFO - Original tokens: torch.Size([9805, 94, 1, 128]). Sampled tokens: torch.Size([747, 94, 1, 128])
2026-09-07 11:35:27,138 - root - INFO - Loaded (9805, 94, 1, 128) from 2f2ca8b7fe7249b2aa08327434fb057f
2026-09-07 11:35:27,158 - root - INFO - Original tokens: torch.Size([9805, 94, 1, 128]). Sampled tokens: torch.Size([747, 94, 1, 128])
2026-09-07 11:35:27,387 - root - INFO - Loaded (4325, 94, 1, 128) from 01e5c35c1e5e4be08bb889d88f91e802
2026-09-07 11:35:27,399 - root - INFO - Original tokens: torch.Size([4325, 94, 1, 128]). Sampled tokens: torch.Size([747, 94, 1, 128])
2026-09-07 11:35:27,760 - root - INFO - Loaded (4325, 94, 1, 128) from 01e5c35c1e5e4be08bb889d88f91e802
2026-09-07 11:35:27,772 - root - INFO - Original tokens: torch.Size([4325, 94, 1, 128]). Sampled tokens: torch.Size([747, 94, 1, 128])
2026-09-07 11:35:28,158 - root - INFO - Loaded (2249, 94, 1, 128) from 41816dd79d7b4e1290d11e21752d783a
2026-09-07 11:35:28,170 - root - INFO - Loaded (4325, 94, 1, 128) from 01e5c35c1e5e4be08bb889d88f91e802
2026-09-07 11:35:28,172 - root - INFO - Original tokens: torch.Size([2249, 94, 1, 128]). Sampled tokens: torch.Size([747, 94, 1, 128])
2026-09-07 11:35:28,183 - root - INFO - Original tokens: torch.Size([4325, 94, 1, 128]). Sampled tokens: torch.Size([747, 94, 1, 128])
2026-09-07 11:35:28,500 - root - INFO - Loaded (2249, 94, 1, 128) from 41816dd79d7b4e1290d11e21752d783a
2026-09-07 11:35:28,512 - root - INFO - Original tokens: torch.Size([2249, 94, 1, 128]). Sampled tokens: torch.Size([747, 94, 1, 128])
2026-09-07 11:35:28,638 - root - INFO - Loaded (8761, 94, 1, 128) from 72846186f73f4620ae6f7cb82c2c71a8
2026-09-07 11:35:28,709 - root - INFO - Original tokens: torch.Size([8761, 94, 1, 128]). Sampled tokens: torch.Size([747, 94, 1, 128])
2026-09-07 11:35:28,936 - root - INFO - Loaded (2249, 94, 1, 128) from 41816dd79d7b4e1290d11e21752d783a
2026-09-07 11:35:28,948 - root - INFO - Original tokens: torch.Size([2249, 94, 1, 128]). Sampled tokens: torch.Size([747, 94, 1, 128])
2026-09-07 11:35:28,961 - root - INFO - Loaded (3168, 94, 1, 128) from 3930015c8add4cb9b9c90ee4ed2aff2a
2026-09-07 11:35:28,975 - root - INFO - Original tokens: torch.Size([3168, 94, 1, 128]). Sampled tokens: torch.Size([747, 94, 1, 128])
2026-09-07 11:35:29,310 - root - INFO - Loaded (3168, 94, 1, 128) from 3930015c8add4cb9b9c90ee4ed2aff2a
2026-09-07 11:35:29,320 - root - INFO - Original tokens: torch.Size([3168, 94, 1, 128]). Sampled tokens: torch.Size([747, 94, 1, 128])
2026-09-07 11:35:29,483 - root - INFO - Loaded (2847, 94, 1, 128) from 5e77f64462584c989a702fb295c9fb13
2026-09-07 11:35:29,527 - root - INFO - Original tokens: torch.Size([2847, 94, 1, 128]). Sampled tokens: torch.Size([747, 94, 1, 128])
2026-09-07 11:35:29,752 - root - INFO - Loaded (3168, 94, 1, 128) from 3930015c8add4cb9b9c90ee4ed2aff2a
2026-09-07 11:35:29,763 - root - INFO - Original tokens: torch.Size([3168, 94, 1, 128]). Sampled tokens: torch.Size([747, 94, 1, 128])
2026-09-07 11:35:30,412 - root - INFO - Loaded (7844, 94, 1, 128) from 2c5738c273104d78b7514a7402b935c3
2026-09-07 11:35:30,423 - root - INFO - Original tokens: torch.Size([7844, 94, 1, 128]). Sampled tokens: torch.Size([747, 94, 1, 128])
2026-09-07 11:35:30,738 - root - INFO - Loaded (7844, 94, 1, 128) from 2c5738c273104d78b7514a7402b935c3
2026-09-07 11:35:30,750 - root - INFO - Original tokens: torch.Size([7844, 94, 1, 128]). Sampled tokens: torch.Size([747, 94, 1, 128])
2026-09-07 11:35:31,137 - root - INFO - Loaded (1977, 94, 1, 128) from f4933a214e7a4a2d8d458d9a5fd10e5c
2026-09-07 11:35:31,146 - root - INFO - Original tokens: torch.Size([1977, 94, 1, 128]). Sampled tokens: torch.Size([747, 94, 1, 128])
2026-09-07 11:35:31,191 - root - INFO - Loaded (7844, 94, 1, 128) from 2c5738c273104d78b7514a7402b935c3
2026-09-07 11:35:31,203 - root - INFO - Original tokens: torch.Size([7844, 94, 1, 128]). Sampled tokens: torch.Size([747, 94, 1, 128])
2026-09-07 11:35:31,447 - root - INFO - Loaded (1977, 94, 1, 128) from f4933a214e7a4a2d8d458d9a5fd10e5c
2026-09-07 11:35:31,459 - root - INFO - Original tokens: torch.Size([1977, 94, 1, 128]). Sampled tokens: torch.Size([747, 94, 1, 128])
2026-09-07 11:35:31,922 - root - INFO - Loaded (1977, 94, 1, 128) from f4933a214e7a4a2d8d458d9a5fd10e5c
2026-09-07 11:35:31,933 - root - INFO - Original tokens: torch.Size([1977, 94, 1, 128]). Sampled tokens: torch.Size([747, 94, 1, 128])
2026-09-07 11:35:31,966 - root - INFO - Loaded (3878, 94, 1, 128) from 1ac08f24cf6b40e4a0f6154a8b7ee8cc
2026-09-07 11:35:31,980 - root - INFO - Original tokens: torch.Size([3878, 94, 1, 128]). Sampled tokens: torch.Size([747, 94, 1, 128])
2026-09-07 11:35:32,177 - root - INFO - Loaded (13988, 94, 1, 128) from 6085d0f0c5f74f778001f7fc0cc8696a
2026-09-07 11:35:32,262 - root - INFO - Original tokens: torch.Size([13988, 94, 1, 128]). Sampled tokens: torch.Size([747, 94, 1, 128])
2026-09-07 11:35:32,332 - root - INFO - Loaded (3878, 94, 1, 128) from 1ac08f24cf6b40e4a0f6154a8b7ee8cc
2026-09-07 11:35:32,344 - root - INFO - Original tokens: torch.Size([3878, 94, 1, 128]). Sampled tokens: torch.Size([747, 94, 1, 128])
2026-09-07 11:35:32,822 - root - INFO - Loaded (3878, 94, 1, 128) from 1ac08f24cf6b40e4a0f6154a8b7ee8cc
2026-09-07 11:35:32,833 - root - INFO - Original tokens: torch.Size([3878, 94, 1, 128]). Sampled tokens: torch.Size([747, 94, 1, 128])
2026-09-07 11:35:32,995 - root - INFO - Loaded (4136, 94, 1, 128) from 5295405f4a5a404da218841ab2776967
2026-09-07 11:35:33,008 - root - INFO - Original tokens: torch.Size([4136, 94, 1, 128]). Sampled tokens: torch.Size([747, 94, 1, 128])
2026-09-07 11:35:33,239 - root - INFO - Loaded (4129, 94, 1, 128) from 13833bf31f254d20a67f35e5a1edb35f
2026-09-07 11:35:33,291 - root - INFO - Original tokens: torch.Size([4129, 94, 1, 128]). Sampled tokens: torch.Size([747, 94, 1, 128])
2026-09-07 11:35:33,309 - root - INFO - Loaded (4136, 94, 1, 128) from 5295405f4a5a404da218841ab2776967
2026-09-07 11:35:33,321 - root - INFO - Original tokens: torch.Size([4136, 94, 1, 128]). Sampled tokens: torch.Size([747, 94, 1, 128])
2026-09-07 11:35:33,662 - root - INFO - Loaded (1127, 94, 1, 128) from b3cf463da5af4871bc4bf7f98b824dbc
2026-09-07 11:35:33,675 - root - INFO - Original tokens: torch.Size([1127, 94, 1, 128]). Sampled tokens: torch.Size([747, 94, 1, 128])
2026-09-07 11:35:33,859 - root - INFO - Loaded (4136, 94, 1, 128) from 5295405f4a5a404da218841ab2776967
2026-09-07 11:35:33,871 - root - INFO - Original tokens: torch.Size([4136, 94, 1, 128]). Sampled tokens: torch.Size([747, 94, 1, 128])
2026-09-07 11:35:33,967 - root - INFO - Loaded (1127, 94, 1, 128) from b3cf463da5af4871bc4bf7f98b824dbc
2026-09-07 11:35:33,977 - root - INFO - Original tokens: torch.Size([1127, 94, 1, 128]). Sampled tokens: torch.Size([747, 94, 1, 128])
2026-09-07 11:35:34,293 - root - INFO - Loaded (4754, 94, 1, 128) from 542db54934ab49d4989b106c330d658e
2026-09-07 11:35:34,343 - root - INFO - Original tokens: torch.Size([4754, 94, 1, 128]). Sampled tokens: torch.Size([747, 94, 1, 128])
2026-09-07 11:35:34,505 - root - INFO - Loaded (1127, 94, 1, 128) from b3cf463da5af4871bc4bf7f98b824dbc
2026-09-07 11:35:34,517 - root - INFO - Original tokens: torch.Size([1127, 94, 1, 128]). Sampled tokens: torch.Size([747, 94, 1, 128])
2026-09-07 11:35:34,518 - root - INFO - Loaded (3760, 94, 1, 128) from 4e799eb1ae4a48e39f210cb4c5d09cd6
2026-09-07 11:35:34,530 - root - INFO - Original tokens: torch.Size([3760, 94, 1, 128]). Sampled tokens: torch.Size([747, 94, 1, 128])
2026-09-07 11:35:34,767 - root - INFO - Loaded (3760, 94, 1, 128) from 4e799eb1ae4a48e39f210cb4c5d09cd6
2026-09-07 11:35:34,778 - root - INFO - Original tokens: torch.Size([3760, 94, 1, 128]). Sampled tokens: torch.Size([747, 94, 1, 128])
2026-09-07 11:35:35,067 - root - INFO - Loaded (2262, 94, 1, 128) from 2879ec0e59ea496397286c1095cce903
2026-09-07 11:35:35,112 - root - INFO - Original tokens: torch.Size([2262, 94, 1, 128]). Sampled tokens: torch.Size([747, 94, 1, 128])
2026-09-07 11:35:35,288 - root - INFO - Loaded (2847, 94, 1, 128) from 5e77f64462584c989a702fb295c9fb13
2026-09-07 11:35:35,299 - root - INFO - Original tokens: torch.Size([2847, 94, 1, 128]). Sampled tokens: torch.Size([747, 94, 1, 128])
2026-09-07 11:35:35,336 - root - INFO - Loaded (3760, 94, 1, 128) from 4e799eb1ae4a48e39f210cb4c5d09cd6
2026-09-07 11:35:35,347 - root - INFO - Original tokens: torch.Size([3760, 94, 1, 128]). Sampled tokens: torch.Size([747, 94, 1, 128])
2026-09-07 11:35:35,505 - root - INFO - Loaded (2847, 94, 1, 128) from 5e77f64462584c989a702fb295c9fb13
2026-09-07 11:35:35,517 - root - INFO - Original tokens: torch.Size([2847, 94, 1, 128]). Sampled tokens: torch.Size([747, 94, 1, 128])
2026-09-07 11:35:36,160 - root - INFO - Loaded (2847, 94, 1, 128) from 5e77f64462584c989a702fb295c9fb13
2026-09-07 11:35:36,172 - root - INFO - Original tokens: torch.Size([2847, 94, 1, 128]). Sampled tokens: torch.Size([747, 94, 1, 128])
2026-09-07 11:35:36,781 - root - INFO - Loaded (7507, 94, 1, 128) from 39eaafa6d75045aa836304a19f37e14b
2026-09-07 11:35:36,792 - root - INFO - Original tokens: torch.Size([7507, 94, 1, 128]). Sampled tokens: torch.Size([747, 94, 1, 128])
2026-09-07 11:35:36,891 - root - INFO - Loaded (7507, 94, 1, 128) from 39eaafa6d75045aa836304a19f37e14b
2026-09-07 11:35:36,902 - root - INFO - Original tokens: torch.Size([7507, 94, 1, 128]). Sampled tokens: torch.Size([747, 94, 1, 128])
2026-09-07 11:35:37,246 - root - INFO - Loaded (9962, 94, 1, 128) from 53f01e23cb654125bf3f5770cadcf936
2026-09-07 11:35:37,324 - root - INFO - Original tokens: torch.Size([9962, 94, 1, 128]). Sampled tokens: torch.Size([747, 94, 1, 128])
2026-09-07 11:35:37,418 - root - INFO - Loaded (1326, 94, 1, 128) from f469d9ac38e34023ac4599bca9cf6006
2026-09-07 11:35:37,428 - root - INFO - Original tokens: torch.Size([1326, 94, 1, 128]). Sampled tokens: torch.Size([747, 94, 1, 128])
2026-09-07 11:35:37,517 - root - INFO - Loaded (1326, 94, 1, 128) from f469d9ac38e34023ac4599bca9cf6006
2026-09-07 11:35:37,529 - root - INFO - Original tokens: torch.Size([1326, 94, 1, 128]). Sampled tokens: torch.Size([747, 94, 1, 128])
2026-09-07 11:35:37,567 - root - INFO - Loaded (7507, 94, 1, 128) from 39eaafa6d75045aa836304a19f37e14b
2026-09-07 11:35:37,579 - root - INFO - Original tokens: torch.Size([7507, 94, 1, 128]). Sampled tokens: torch.Size([747, 94, 1, 128])
2026-09-07 11:35:37,996 - root - INFO - Loaded (1944, 94, 1, 128) from e7bd4edec566441788c137d9cb43cb0d
2026-09-07 11:35:38,040 - root - INFO - Original tokens: torch.Size([1944, 94, 1, 128]). Sampled tokens: torch.Size([747, 94, 1, 128])
2026-09-07 11:35:38,211 - root - INFO - Loaded (1326, 94, 1, 128) from f469d9ac38e34023ac4599bca9cf6006
2026-09-07 11:35:38,223 - root - INFO - Original tokens: torch.Size([1326, 94, 1, 128]). Sampled tokens: torch.Size([747, 94, 1, 128])
2026-09-07 11:35:38,360 - root - INFO - Loaded (4129, 94, 1, 128) from 13833bf31f254d20a67f35e5a1edb35f
2026-09-07 11:35:38,369 - root - INFO - Original tokens: torch.Size([4129, 94, 1, 128]). Sampled tokens: torch.Size([747, 94, 1, 128])
2026-09-07 11:35:38,463 - root - INFO - Loaded (4129, 94, 1, 128) from 13833bf31f254d20a67f35e5a1edb35f
2026-09-07 11:35:38,475 - root - INFO - Original tokens: torch.Size([4129, 94, 1, 128]). Sampled tokens: torch.Size([747, 94, 1, 128])
2026-09-07 11:35:38,764 - root - INFO - Loaded (2968, 94, 1, 128) from e87d69b8f9e04ea8a4e9ec8c11a8212f
2026-09-07 11:35:38,811 - root - INFO - Original tokens: torch.Size([2968, 94, 1, 128]). Sampled tokens: torch.Size([747, 94, 1, 128])
2026-09-07 11:35:39,164 - root - INFO - Loaded (4129, 94, 1, 128) from 13833bf31f254d20a67f35e5a1edb35f
2026-09-07 11:35:39,174 - root - INFO - Original tokens: torch.Size([4129, 94, 1, 128]). Sampled tokens: torch.Size([747, 94, 1, 128])
2026-09-07 11:35:39,605 - root - INFO - Loaded (6380, 94, 1, 128) from f35af2fbfaf44b46bd8c47c87c98f1ea
2026-09-07 11:35:39,616 - root - INFO - Original tokens: torch.Size([6380, 94, 1, 128]). Sampled tokens: torch.Size([747, 94, 1, 128])
2026-09-07 11:35:39,748 - root - INFO - Loaded (6380, 94, 1, 128) from f35af2fbfaf44b46bd8c47c87c98f1ea
2026-09-07 11:35:39,762 - root - INFO - Original tokens: torch.Size([6380, 94, 1, 128]). Sampled tokens: torch.Size([747, 94, 1, 128])
2026-09-07 11:35:40,435 - root - INFO - Loaded (3523, 94, 1, 128) from 68450669e9cb43ea8bdef4df13432898
2026-09-07 11:35:40,445 - root - INFO - Original tokens: torch.Size([3523, 94, 1, 128]). Sampled tokens: torch.Size([747, 94, 1, 128])
2026-09-07 11:35:40,477 - root - INFO - Loaded (6380, 94, 1, 128) from f35af2fbfaf44b46bd8c47c87c98f1ea
2026-09-07 11:35:40,489 - root - INFO - Original tokens: torch.Size([6380, 94, 1, 128]). Sampled tokens: torch.Size([747, 94, 1, 128])
2026-09-07 11:35:40,543 - root - INFO - Loaded (3523, 94, 1, 128) from 68450669e9cb43ea8bdef4df13432898
2026-09-07 11:35:40,553 - root - INFO - Original tokens: torch.Size([3523, 94, 1, 128]). Sampled tokens: torch.Size([747, 94, 1, 128])
2026-09-07 11:35:41,083 - root - INFO - Loaded (11745, 94, 1, 128) from cd42facab60040739c50f41bdd00fa1c
2026-09-07 11:35:41,160 - root - INFO - Original tokens: torch.Size([11745, 94, 1, 128]). Sampled tokens: torch.Size([747, 94, 1, 128])
2026-09-07 11:35:41,330 - root - INFO - Loaded (3643, 94, 1, 128) from 1189ef8800354c868eb05623accac675
2026-09-07 11:35:41,339 - root - INFO - Loaded (3523, 94, 1, 128) from 68450669e9cb43ea8bdef4df13432898
2026-09-07 11:35:41,342 - root - INFO - Original tokens: torch.Size([3643, 94, 1, 128]). Sampled tokens: torch.Size([747, 94, 1, 128])
2026-09-07 11:35:41,351 - root - INFO - Original tokens: torch.Size([3523, 94, 1, 128]). Sampled tokens: torch.Size([747, 94, 1, 128])
2026-09-07 11:35:41,404 - root - INFO - Loaded (3643, 94, 1, 128) from 1189ef8800354c868eb05623accac675
2026-09-07 11:35:41,413 - root - INFO - Original tokens: torch.Size([3643, 94, 1, 128]). Sampled tokens: torch.Size([747, 94, 1, 128])
2026-09-07 11:35:41,907 - root - INFO - Loaded (2645, 94, 1, 128) from d788dbcaf51348ba9c7f4b965ba9dc9c
2026-09-07 11:35:41,958 - root - INFO - Original tokens: torch.Size([2645, 94, 1, 128]). Sampled tokens: torch.Size([747, 94, 1, 128])
2026-09-07 11:35:42,002 - root - INFO - Loaded (1609, 94, 1, 128) from eb21d424f20440cc8c248715df4e1dac
2026-09-07 11:35:42,013 - root - INFO - Original tokens: torch.Size([1609, 94, 1, 128]). Sampled tokens: torch.Size([747, 94, 1, 128])
2026-09-07 11:35:42,054 - root - INFO - Loaded (1609, 94, 1, 128) from eb21d424f20440cc8c248715df4e1dac
2026-09-07 11:35:42,064 - root - INFO - Original tokens: torch.Size([1609, 94, 1, 128]). Sampled tokens: torch.Size([747, 94, 1, 128])
2026-09-07 11:35:42,128 - root - INFO - Loaded (3643, 94, 1, 128) from 1189ef8800354c868eb05623accac675
2026-09-07 11:35:42,140 - root - INFO - Original tokens: torch.Size([3643, 94, 1, 128]). Sampled tokens: torch.Size([747, 94, 1, 128])
2026-09-07 11:35:42,647 - root - INFO - Loaded (1457, 94, 1, 128) from efabd575ab2c4bc5931483f89028938e
2026-09-07 11:35:42,701 - root - INFO - Original tokens: torch.Size([1457, 94, 1, 128]). Sampled tokens: torch.Size([747, 94, 1, 128])
2026-09-07 11:35:42,815 - root - INFO - Loaded (1609, 94, 1, 128) from eb21d424f20440cc8c248715df4e1dac
2026-09-07 11:35:42,828 - root - INFO - Original tokens: torch.Size([1609, 94, 1, 128]). Sampled tokens: torch.Size([747, 94, 1, 128])
2026-09-07 11:35:43,070 - root - INFO - Loaded (5206, 94, 1, 128) from d01022c5e1ea463685a39ed22cdf5d69
2026-09-07 11:35:43,081 - root - INFO - Original tokens: torch.Size([5206, 94, 1, 128]). Sampled tokens: torch.Size([747, 94, 1, 128])
2026-09-07 11:35:43,131 - root - INFO - Loaded (5206, 94, 1, 128) from d01022c5e1ea463685a39ed22cdf5d69
2026-09-07 11:35:43,144 - root - INFO - Original tokens: torch.Size([5206, 94, 1, 128]). Sampled tokens: torch.Size([747, 94, 1, 128])
2026-09-07 11:35:43,902 - root - INFO - Loaded (5206, 94, 1, 128) from d01022c5e1ea463685a39ed22cdf5d69
2026-09-07 11:35:43,913 - root - INFO - Original tokens: torch.Size([5206, 94, 1, 128]). Sampled tokens: torch.Size([747, 94, 1, 128])
2026-09-07 11:35:44,392 - root - INFO - Loaded (6233, 94, 1, 128) from 41d742aa399f4012b5817c42bdb135a0
2026-09-07 11:35:44,400 - root - INFO - Loaded (6233, 94, 1, 128) from 41d742aa399f4012b5817c42bdb135a0
2026-09-07 11:35:44,404 - root - INFO - Original tokens: torch.Size([6233, 94, 1, 128]). Sampled tokens: torch.Size([747, 94, 1, 128])
2026-09-07 11:35:44,416 - root - INFO - Original tokens: torch.Size([6233, 94, 1, 128]). Sampled tokens: torch.Size([747, 94, 1, 128])
2026-09-07 11:35:44,895 - root - INFO - Loaded (10772, 94, 1, 128) from 1edd6ece56864f4695d1212e0ad3c47c
2026-09-07 11:35:44,968 - root - INFO - Original tokens: torch.Size([10772, 94, 1, 128]). Sampled tokens: torch.Size([747, 94, 1, 128])
2026-09-07 11:35:45,170 - root - INFO - Loaded (6233, 94, 1, 128) from 41d742aa399f4012b5817c42bdb135a0
2026-09-07 11:35:45,182 - root - INFO - Original tokens: torch.Size([6233, 94, 1, 128]). Sampled tokens: torch.Size([747, 94, 1, 128])
2026-09-07 11:35:45,778 - root - INFO - Loaded (3985, 94, 1, 128) from f6691523dccb485d8deeaff0c062ac69
2026-09-07 11:35:45,831 - root - INFO - Original tokens: torch.Size([3985, 94, 1, 128]). Sampled tokens: torch.Size([747, 94, 1, 128])
2026-09-07 11:35:46,449 - root - INFO - Loaded (9742, 94, 1, 128) from a6277bce40594ebfa5777774e6fba5db
2026-09-07 11:35:46,461 - root - INFO - Loaded (9742, 94, 1, 128) from a6277bce40594ebfa5777774e6fba5db
2026-09-07 11:35:46,491 - root - INFO - Original tokens: torch.Size([9742, 94, 1, 128]). Sampled tokens: torch.Size([747, 94, 1, 128])
2026-09-07 11:35:46,492 - root - INFO - Original tokens: torch.Size([9742, 94, 1, 128]). Sampled tokens: torch.Size([747, 94, 1, 128])
2026-09-07 11:35:46,651 - root - INFO - Loaded (3263, 94, 1, 128) from ba4af4f9a08746dd8cf39993e86646a6
2026-09-07 11:35:46,704 - root - INFO - Original tokens: torch.Size([3263, 94, 1, 128]). Sampled tokens: torch.Size([747, 94, 1, 128])
2026-09-07 11:35:47,241 - root - INFO - Loaded (9742, 94, 1, 128) from a6277bce40594ebfa5777774e6fba5db
2026-09-07 11:35:47,260 - root - INFO - Original tokens: torch.Size([9742, 94, 1, 128]). Sampled tokens: torch.Size([747, 94, 1, 128])
2026-09-07 11:35:48,568 - root - INFO - Loaded (10772, 94, 1, 128) from 1edd6ece56864f4695d1212e0ad3c47c
2026-09-07 11:35:48,584 - root - INFO - Original tokens: torch.Size([10772, 94, 1, 128]). Sampled tokens: torch.Size([747, 94, 1, 128])
2026-09-07 11:35:48,643 - root - INFO - Loaded (10772, 94, 1, 128) from 1edd6ece56864f4695d1212e0ad3c47c
2026-09-07 11:35:48,661 - root - INFO - Original tokens: torch.Size([10772, 94, 1, 128]). Sampled tokens: torch.Size([747, 94, 1, 128])
2026-09-07 11:35:48,852 - root - INFO - Loaded (10582, 94, 1, 128) from 4820b76cfedf46a98b234f4f46b510bc
2026-09-07 11:35:48,931 - root - INFO - Original tokens: torch.Size([10582, 94, 1, 128]). Sampled tokens: torch.Size([747, 94, 1, 128])
2026-09-07 11:35:49,371 - root - INFO - Loaded (10772, 94, 1, 128) from 1edd6ece56864f4695d1212e0ad3c47c
2026-09-07 11:35:49,387 - root - INFO - Original tokens: torch.Size([10772, 94, 1, 128]). Sampled tokens: torch.Size([747, 94, 1, 128])
2026-09-07 11:35:49,390 - root - INFO - Loaded (3296, 94, 1, 128) from 3deb132a91484d279c1358bbafaa48ca
2026-09-07 11:35:49,399 - root - INFO - Original tokens: torch.Size([3296, 94, 1, 128]). Sampled tokens: torch.Size([747, 94, 1, 128])
2026-09-07 11:35:49,471 - root - INFO - Loaded (3296, 94, 1, 128) from 3deb132a91484d279c1358bbafaa48ca
2026-09-07 11:35:49,481 - root - INFO - Original tokens: torch.Size([3296, 94, 1, 128]). Sampled tokens: torch.Size([747, 94, 1, 128])
2026-09-07 11:35:49,641 - root - INFO - Loaded (2093, 94, 1, 128) from 42cbff5a28104ee39a9053d5a5f3dacf
2026-09-07 11:35:49,692 - root - INFO - Original tokens: torch.Size([2093, 94, 1, 128]). Sampled tokens: torch.Size([747, 94, 1, 128])
2026-09-07 11:35:50,125 - root - INFO - Loaded (3296, 94, 1, 128) from 3deb132a91484d279c1358bbafaa48ca
2026-09-07 11:35:50,134 - root - INFO - Original tokens: torch.Size([3296, 94, 1, 128]). Sampled tokens: torch.Size([747, 94, 1, 128])
2026-09-07 11:35:50,156 - root - INFO - Loaded (2877, 94, 1, 128) from 6a27749da0374b78b5d16b08c357d2bf
2026-09-07 11:35:50,166 - root - INFO - Original tokens: torch.Size([2877, 94, 1, 128]). Sampled tokens: torch.Size([747, 94, 1, 128])
2026-09-07 11:35:50,209 - root - INFO - Loaded (2877, 94, 1, 128) from 6a27749da0374b78b5d16b08c357d2bf
2026-09-07 11:35:50,218 - root - INFO - Original tokens: torch.Size([2877, 94, 1, 128]). Sampled tokens: torch.Size([747, 94, 1, 128])
2026-09-07 11:35:50,880 - root - INFO - Loaded (2877, 94, 1, 128) from 6a27749da0374b78b5d16b08c357d2bf
2026-09-07 11:35:50,889 - root - INFO - Original tokens: torch.Size([2877, 94, 1, 128]). Sampled tokens: torch.Size([747, 94, 1, 128])
2026-09-07 11:35:51,023 - root - INFO - Loaded (7089, 94, 1, 128) from ca7fa378be844a8ba32fbed20829b57b
2026-09-07 11:35:51,078 - root - INFO - Original tokens: torch.Size([7089, 94, 1, 128]). Sampled tokens: torch.Size([747, 94, 1, 128])
2026-09-07 11:35:51,789 - root - INFO - Loaded (2250, 94, 1, 128) from e178944136c74d1198215a7271dbec08
2026-09-07 11:35:51,841 - root - INFO - Original tokens: torch.Size([2250, 94, 1, 128]). Sampled tokens: torch.Size([747, 94, 1, 128])
2026-09-07 11:35:52,465 - root - INFO - Loaded (1072, 94, 1, 128) from 50fda75b0e4f4473bd991ed7ca5ea144
2026-09-07 11:35:52,516 - root - INFO - Original tokens: torch.Size([1072, 94, 1, 128]). Sampled tokens: torch.Size([747, 94, 1, 128])
2026-09-07 11:35:53,128 - root - INFO - Loaded (1156, 94, 1, 128) from d97ddd7676db43739bbb433a96a10f0d
2026-09-07 11:35:53,178 - root - INFO - Original tokens: torch.Size([1156, 94, 1, 128]). Sampled tokens: torch.Size([747, 94, 1, 128])
2026-09-07 11:35:53,292 - root - INFO - Loaded (16415, 94, 1, 128) from 4315588118614f29ab2fcc1ae40a09d2
2026-09-07 11:35:53,311 - root - INFO - Original tokens: torch.Size([16415, 94, 1, 128]). Sampled tokens: torch.Size([747, 94, 1, 128])
2026-09-07 11:35:53,312 - root - INFO - Loaded (16415, 94, 1, 128) from 4315588118614f29ab2fcc1ae40a09d2
2026-09-07 11:35:53,324 - root - INFO - Original tokens: torch.Size([16415, 94, 1, 128]). Sampled tokens: torch.Size([747, 94, 1, 128])
2026-09-07 11:35:53,825 - root - INFO - Loaded (1234, 94, 1, 128) from bc3d686e534c44a78727e5e0edd5fa00
2026-09-07 11:35:53,868 - root - INFO - Loaded (16415, 94, 1, 128) from 4315588118614f29ab2fcc1ae40a09d2
2026-09-07 11:35:53,877 - root - INFO - Original tokens: torch.Size([16415, 94, 1, 128]). Sampled tokens: torch.Size([747, 94, 1, 128])
2026-09-07 11:35:53,885 - root - INFO - Original tokens: torch.Size([1234, 94, 1, 128]). Sampled tokens: torch.Size([747, 94, 1, 128])
2026-09-07 11:35:53,904 - root - INFO - Loaded (1156, 94, 1, 128) from d97ddd7676db43739bbb433a96a10f0d
2026-09-07 11:35:53,915 - root - INFO - Original tokens: torch.Size([1156, 94, 1, 128]). Sampled tokens: torch.Size([747, 94, 1, 128])
2026-09-07 11:35:53,916 - root - INFO - Loaded (1156, 94, 1, 128) from d97ddd7676db43739bbb433a96a10f0d
2026-09-07 11:35:53,927 - root - INFO - Original tokens: torch.Size([1156, 94, 1, 128]). Sampled tokens: torch.Size([747, 94, 1, 128])
2026-09-07 11:35:54,504 - root - INFO - Loaded (1156, 94, 1, 128) from d97ddd7676db43739bbb433a96a10f0d
2026-09-07 11:35:54,516 - root - INFO - Original tokens: torch.Size([1156, 94, 1, 128]). Sampled tokens: torch.Size([747, 94, 1, 128])
2026-09-07 11:35:54,651 - root - INFO - Loaded (2686, 94, 1, 128) from dcf93548c90c44aab7211b46fbdd37ad
2026-09-07 11:35:54,663 - root - INFO - Original tokens: torch.Size([2686, 94, 1, 128]). Sampled tokens: torch.Size([747, 94, 1, 128])
2026-09-07 11:35:54,668 - root - INFO - Loaded (2686, 94, 1, 128) from dcf93548c90c44aab7211b46fbdd37ad
2026-09-07 11:35:54,680 - root - INFO - Original tokens: torch.Size([2686, 94, 1, 128]). Sampled tokens: torch.Size([747, 94, 1, 128])
2026-09-07 11:35:55,255 - root - INFO - Loaded (2686, 94, 1, 128) from dcf93548c90c44aab7211b46fbdd37ad
2026-09-07 11:35:55,268 - root - INFO - Original tokens: torch.Size([2686, 94, 1, 128]). Sampled tokens: torch.Size([747, 94, 1, 128])
2026-09-07 11:35:55,797 - root - INFO - Loaded (6155, 94, 1, 128) from b7e7e9f7cece4d18929cc5e77b97013b
2026-09-07 11:35:55,808 - root - INFO - Original tokens: torch.Size([6155, 94, 1, 128]). Sampled tokens: torch.Size([747, 94, 1, 128])
2026-09-07 11:35:55,842 - root - INFO - Loaded (6155, 94, 1, 128) from b7e7e9f7cece4d18929cc5e77b97013b
2026-09-07 11:35:55,852 - root - INFO - Original tokens: torch.Size([6155, 94, 1, 128]). Sampled tokens: torch.Size([747, 94, 1, 128])
2026-09-07 11:35:56,424 - root - INFO - Loaded (6155, 94, 1, 128) from b7e7e9f7cece4d18929cc5e77b97013b
2026-09-07 11:35:56,435 - root - INFO - Original tokens: torch.Size([6155, 94, 1, 128]). Sampled tokens: torch.Size([747, 94, 1, 128])
2026-09-07 11:35:56,466 - root - INFO - Loaded (14038, 94, 1, 128) from 7d56bce5100c4fad9f26012e62f024fe
2026-09-07 11:35:56,550 - root - INFO - Original tokens: torch.Size([14038, 94, 1, 128]). Sampled tokens: torch.Size([747, 94, 1, 128])
2026-09-07 11:35:57,291 - root - INFO - Loaded (2942, 94, 1, 128) from afadfe2647ce4887bdcfdea8fe0a7df8
2026-09-07 11:35:57,343 - root - INFO - Original tokens: torch.Size([2942, 94, 1, 128]). Sampled tokens: torch.Size([747, 94, 1, 128])
2026-09-07 11:35:58,074 - root - INFO - Loaded (11477, 94, 1, 128) from 9b5909decc514881a4f04f87fc03cbb9
2026-09-07 11:35:58,090 - root - INFO - Original tokens: torch.Size([11477, 94, 1, 128]). Sampled tokens: torch.Size([747, 94, 1, 128])
2026-09-07 11:35:58,103 - root - INFO - Loaded (11477, 94, 1, 128) from 9b5909decc514881a4f04f87fc03cbb9
2026-09-07 11:35:58,122 - root - INFO - Original tokens: torch.Size([11477, 94, 1, 128]). Sampled tokens: torch.Size([747, 94, 1, 128])
2026-09-07 11:35:58,629 - root - INFO - Loaded (11477, 94, 1, 128) from 9b5909decc514881a4f04f87fc03cbb9
2026-09-07 11:35:58,646 - root - INFO - Original tokens: torch.Size([11477, 94, 1, 128]). Sampled tokens: torch.Size([747, 94, 1, 128])
2026-09-07 11:35:59,788 - root - INFO - Loaded (13483, 94, 1, 128) from 03f73aa4c10e478fa6f9142749e7e448
2026-09-07 11:35:59,872 - root - INFO - Original tokens: torch.Size([13483, 94, 1, 128]). Sampled tokens: torch.Size([747, 94, 1, 128])
2026-09-07 11:36:00,544 - root - INFO - Loaded (1718, 94, 1, 128) from f56df44a187642939a483a356e445c59
2026-09-07 11:36:00,591 - root - INFO - Original tokens: torch.Size([1718, 94, 1, 128]). Sampled tokens: torch.Size([747, 94, 1, 128])
2026-09-07 11:36:01,148 - root - INFO - Loaded (16432, 94, 1, 128) from fb723e031349433d9ae56c080fe995f0
2026-09-07 11:36:01,161 - root - INFO - Original tokens: torch.Size([16432, 94, 1, 128]). Sampled tokens: torch.Size([747, 94, 1, 128])
2026-09-07 11:36:01,212 - root - INFO - Loaded (16432, 94, 1, 128) from fb723e031349433d9ae56c080fe995f0
2026-09-07 11:36:01,222 - root - INFO - Original tokens: torch.Size([16432, 94, 1, 128]). Sampled tokens: torch.Size([747, 94, 1, 128])
2026-09-07 11:36:01,527 - root - INFO - Loaded (4473, 94, 1, 128) from 78f535a9462d41d3aa5d5e792d7fe336
2026-09-07 11:36:01,576 - root - INFO - Original tokens: torch.Size([4473, 94, 1, 128]). Sampled tokens: torch.Size([747, 94, 1, 128])
2026-09-07 11:36:01,732 - root - INFO - Loaded (16432, 94, 1, 128) from fb723e031349433d9ae56c080fe995f0
2026-09-07 11:36:01,742 - root - INFO - Original tokens: torch.Size([16432, 94, 1, 128]). Sampled tokens: torch.Size([747, 94, 1, 128])
2026-09-07 11:36:02,083 - root - INFO - Loaded (4196, 94, 1, 128) from 5b2b6b6f00bd4fd98c4c7c52b00e95bd
2026-09-07 11:36:02,093 - root - INFO - Original tokens: torch.Size([4196, 94, 1, 128]). Sampled tokens: torch.Size([747, 94, 1, 128])
2026-09-07 11:36:02,191 - root - INFO - Loaded (4196, 94, 1, 128) from 5b2b6b6f00bd4fd98c4c7c52b00e95bd
2026-09-07 11:36:02,202 - root - INFO - Original tokens: torch.Size([4196, 94, 1, 128]). Sampled tokens: torch.Size([747, 94, 1, 128])
2026-09-07 11:36:02,704 - root - INFO - Loaded (4196, 94, 1, 128) from 5b2b6b6f00bd4fd98c4c7c52b00e95bd
2026-09-07 11:36:02,713 - root - INFO - Original tokens: torch.Size([4196, 94, 1, 128]). Sampled tokens: torch.Size([747, 94, 1, 128])
2026-09-07 11:36:02,814 - root - INFO - Loaded (6411, 94, 1, 128) from 31f32584ecd843ec859cb29f4d87d4f4
2026-09-07 11:36:02,850 - root - INFO - Loaded (3254, 94, 1, 128) from 3a5055ea5bae43588f75d05cc9a05233
2026-09-07 11:36:02,860 - root - INFO - Original tokens: torch.Size([3254, 94, 1, 128]). Sampled tokens: torch.Size([747, 94, 1, 128])
2026-09-07 11:36:02,876 - root - INFO - Original tokens: torch.Size([6411, 94, 1, 128]). Sampled tokens: torch.Size([747, 94, 1, 128])
2026-09-07 11:36:02,956 - root - INFO - Loaded (3254, 94, 1, 128) from 3a5055ea5bae43588f75d05cc9a05233
2026-09-07 11:36:02,967 - root - INFO - Original tokens: torch.Size([3254, 94, 1, 128]). Sampled tokens: torch.Size([747, 94, 1, 128])
2026-09-07 11:36:03,473 - root - INFO - Loaded (3254, 94, 1, 128) from 3a5055ea5bae43588f75d05cc9a05233
2026-09-07 11:36:03,483 - root - INFO - Original tokens: torch.Size([3254, 94, 1, 128]). Sampled tokens: torch.Size([747, 94, 1, 128])
2026-09-07 11:36:03,565 - root - INFO - Loaded (2691, 94, 1, 128) from e0941380389a4ff8b94571b0fb6dadac
2026-09-07 11:36:03,574 - root - INFO - Original tokens: torch.Size([2691, 94, 1, 128]). Sampled tokens: torch.Size([747, 94, 1, 128])
2026-09-07 11:36:03,729 - root - INFO - Loaded (2691, 94, 1, 128) from e0941380389a4ff8b94571b0fb6dadac
2026-09-07 11:36:03,739 - root - INFO - Original tokens: torch.Size([2691, 94, 1, 128]). Sampled tokens: torch.Size([747, 94, 1, 128])
2026-09-07 11:36:04,203 - root - INFO - Loaded (7226, 94, 1, 128) from fd7886e348474dd39d0a272f0381c14b
2026-09-07 11:36:04,223 - root - INFO - Loaded (2691, 94, 1, 128) from e0941380389a4ff8b94571b0fb6dadac
2026-09-07 11:36:04,235 - root - INFO - Original tokens: torch.Size([2691, 94, 1, 128]). Sampled tokens: torch.Size([747, 94, 1, 128])
2026-09-07 11:36:04,265 - root - INFO - Original tokens: torch.Size([7226, 94, 1, 128]). Sampled tokens: torch.Size([747, 94, 1, 128])
2026-09-07 11:36:04,558 - root - INFO - Loaded (4905, 94, 1, 128) from 641f5d4a1d8c495fac3419fc4f31ba99
2026-09-07 11:36:04,570 - root - INFO - Original tokens: torch.Size([4905, 94, 1, 128]). Sampled tokens: torch.Size([747, 94, 1, 128])
2026-09-07 11:36:04,752 - root - INFO - Loaded (4905, 94, 1, 128) from 641f5d4a1d8c495fac3419fc4f31ba99
2026-09-07 11:36:04,764 - root - INFO - Original tokens: torch.Size([4905, 94, 1, 128]). Sampled tokens: torch.Size([747, 94, 1, 128])
2026-09-07 11:36:05,223 - root - INFO - Loaded (4905, 94, 1, 128) from 641f5d4a1d8c495fac3419fc4f31ba99
2026-09-07 11:36:05,234 - root - INFO - Original tokens: torch.Size([4905, 94, 1, 128]). Sampled tokens: torch.Size([747, 94, 1, 128])
2026-09-07 11:36:05,988 - root - INFO - Loaded (8419, 94, 1, 128) from 3263fb0f19ab437a9791ba5f9b5f52e8
2026-09-07 11:36:06,045 - root - INFO - Original tokens: torch.Size([8419, 94, 1, 128]). Sampled tokens: torch.Size([747, 94, 1, 128])
2026-09-07 11:36:06,688 - root - INFO - Loaded (11385, 94, 1, 128) from e306b6ca010c40479f7c9fc932d24470
2026-09-07 11:36:06,703 - root - INFO - Original tokens: torch.Size([11385, 94, 1, 128]). Sampled tokens: torch.Size([747, 94, 1, 128])
2026-09-07 11:36:06,873 - root - INFO - Loaded (11385, 94, 1, 128) from e306b6ca010c40479f7c9fc932d24470
2026-09-07 11:36:06,891 - root - INFO - Original tokens: torch.Size([11385, 94, 1, 128]). Sampled tokens: torch.Size([747, 94, 1, 128])
2026-09-07 11:36:07,370 - root - INFO - Loaded (11385, 94, 1, 128) from e306b6ca010c40479f7c9fc932d24470
2026-09-07 11:36:07,385 - root - INFO - Original tokens: torch.Size([11385, 94, 1, 128]). Sampled tokens: torch.Size([747, 94, 1, 128])
2026-09-07 11:36:07,486 - root - INFO - Loaded (3224, 94, 1, 128) from fa52ee216ad149b88f3448a71d5c80b4
2026-09-07 11:36:07,497 - root - INFO - Original tokens: torch.Size([3224, 94, 1, 128]). Sampled tokens: torch.Size([747, 94, 1, 128])
2026-09-07 11:36:07,672 - root - INFO - Loaded (3224, 94, 1, 128) from fa52ee216ad149b88f3448a71d5c80b4
2026-09-07 11:36:07,683 - root - INFO - Original tokens: torch.Size([3224, 94, 1, 128]). Sampled tokens: torch.Size([747, 94, 1, 128])
2026-09-07 11:36:08,138 - root - INFO - Loaded (3224, 94, 1, 128) from fa52ee216ad149b88f3448a71d5c80b4
2026-09-07 11:36:08,149 - root - INFO - Original tokens: torch.Size([3224, 94, 1, 128]). Sampled tokens: torch.Size([747, 94, 1, 128])
2026-09-07 11:36:08,245 - root - INFO - Loaded (3024, 94, 1, 128) from cfc63afd68a844aea88ddd6160382a53
2026-09-07 11:36:08,255 - root - INFO - Original tokens: torch.Size([3024, 94, 1, 128]). Sampled tokens: torch.Size([747, 94, 1, 128])
2026-09-07 11:36:08,391 - root - INFO - Loaded (3024, 94, 1, 128) from cfc63afd68a844aea88ddd6160382a53
2026-09-07 11:36:08,406 - root - INFO - Original tokens: torch.Size([3024, 94, 1, 128]). Sampled tokens: torch.Size([747, 94, 1, 128])
2026-09-07 11:36:08,872 - root - INFO - Loaded (3024, 94, 1, 128) from cfc63afd68a844aea88ddd6160382a53
2026-09-07 11:36:08,883 - root - INFO - Original tokens: torch.Size([3024, 94, 1, 128]). Sampled tokens: torch.Size([747, 94, 1, 128])
2026-09-07 11:36:09,091 - root - INFO - Loaded (16415, 94, 1, 128) from 4315588118614f29ab2fcc1ae40a09d2
2026-09-07 11:36:09,183 - root - INFO - Original tokens: torch.Size([16415, 94, 1, 128]). Sampled tokens: torch.Size([747, 94, 1, 128])
2026-09-07 11:36:09,887 - root - INFO - Loaded (2337, 94, 1, 128) from 4ad4732bf4d94d86a2f484537aa0be46
2026-09-07 11:36:09,943 - root - INFO - Original tokens: torch.Size([2337, 94, 1, 128]). Sampled tokens: torch.Size([747, 94, 1, 128])
2026-09-07 11:36:10,416 - root - INFO - Loaded (10582, 94, 1, 128) from 4820b76cfedf46a98b234f4f46b510bc
2026-09-07 11:36:10,433 - root - INFO - Original tokens: torch.Size([10582, 94, 1, 128]). Sampled tokens: torch.Size([747, 94, 1, 128])
2026-09-07 11:36:10,510 - root - INFO - Loaded (10582, 94, 1, 128) from 4820b76cfedf46a98b234f4f46b510bc
2026-09-07 11:36:10,527 - root - INFO - Original tokens: torch.Size([10582, 94, 1, 128]). Sampled tokens: torch.Size([747, 94, 1, 128])
2026-09-07 11:36:10,605 - root - INFO - Loaded (1440, 94, 1, 128) from 3944c6833ec740be92b4489a598393b7
2026-09-07 11:36:10,657 - root - INFO - Original tokens: torch.Size([1440, 94, 1, 128]). Sampled tokens: torch.Size([747, 94, 1, 128])
2026-09-07 11:36:10,985 - root - INFO - Loaded (10582, 94, 1, 128) from 4820b76cfedf46a98b234f4f46b510bc
2026-09-07 11:36:11,001 - root - INFO - Original tokens: torch.Size([10582, 94, 1, 128]). Sampled tokens: torch.Size([747, 94, 1, 128])
2026-09-07 11:36:11,098 - root - INFO - Loaded (1718, 94, 1, 128) from f56df44a187642939a483a356e445c59
2026-09-07 11:36:11,109 - root - INFO - Original tokens: torch.Size([1718, 94, 1, 128]). Sampled tokens: torch.Size([747, 94, 1, 128])
2026-09-07 11:36:11,198 - root - INFO - Loaded (1718, 94, 1, 128) from f56df44a187642939a483a356e445c59
2026-09-07 11:36:11,210 - root - INFO - Original tokens: torch.Size([1718, 94, 1, 128]). Sampled tokens: torch.Size([747, 94, 1, 128])
2026-09-07 11:36:11,362 - root - INFO - Loaded (2860, 94, 1, 128) from 36086a9ddcaa41699a33757f4c7fe1cc
2026-09-07 11:36:11,417 - root - INFO - Original tokens: torch.Size([2860, 94, 1, 128]). Sampled tokens: torch.Size([747, 94, 1, 128])
2026-09-07 11:36:11,632 - root - INFO - Loaded (1718, 94, 1, 128) from f56df44a187642939a483a356e445c59
2026-09-07 11:36:11,644 - root - INFO - Original tokens: torch.Size([1718, 94, 1, 128]). Sampled tokens: torch.Size([747, 94, 1, 128])
2026-09-07 11:36:12,380 - root - INFO - Loaded (4402, 94, 1, 128) from 0cc95ecf3285487ba3dc5ef3990679eb
2026-09-07 11:36:12,434 - root - INFO - Original tokens: torch.Size([4402, 94, 1, 128]). Sampled tokens: torch.Size([747, 94, 1, 128])
2026-09-07 11:36:13,015 - root - INFO - Loaded (8761, 94, 1, 128) from 72846186f73f4620ae6f7cb82c2c71a8
2026-09-07 11:36:13,032 - root - INFO - Original tokens: torch.Size([8761, 94, 1, 128]). Sampled tokens: torch.Size([747, 94, 1, 128])
2026-09-07 11:36:13,138 - root - INFO - Loaded (8761, 94, 1, 128) from 72846186f73f4620ae6f7cb82c2c71a8
2026-09-07 11:36:13,157 - root - INFO - Original tokens: torch.Size([8761, 94, 1, 128]). Sampled tokens: torch.Size([747, 94, 1, 128])
2026-09-07 11:36:13,574 - root - INFO - Loaded (8761, 94, 1, 128) from 72846186f73f4620ae6f7cb82c2c71a8
2026-09-07 11:36:13,596 - root - INFO - Original tokens: torch.Size([8761, 94, 1, 128]). Sampled tokens: torch.Size([747, 94, 1, 128])
2026-09-07 11:36:13,836 - root - INFO - Loaded (3235, 94, 1, 128) from bfd1d9abd8634ef08d15a06b3a0d5a67
2026-09-07 11:36:13,847 - root - INFO - Original tokens: torch.Size([3235, 94, 1, 128]). Sampled tokens: torch.Size([747, 94, 1, 128])
2026-09-07 11:36:13,924 - root - INFO - Loaded (3235, 94, 1, 128) from bfd1d9abd8634ef08d15a06b3a0d5a67
2026-09-07 11:36:13,936 - root - INFO - Original tokens: torch.Size([3235, 94, 1, 128]). Sampled tokens: torch.Size([747, 94, 1, 128])
2026-09-07 11:36:14,352 - root - INFO - Loaded (3235, 94, 1, 128) from bfd1d9abd8634ef08d15a06b3a0d5a67
2026-09-07 11:36:14,364 - root - INFO - Original tokens: torch.Size([3235, 94, 1, 128]). Sampled tokens: torch.Size([747, 94, 1, 128])
2026-09-07 11:36:14,556 - root - INFO - Loaded (11225, 94, 1, 128) from a63e9c95b44c4c7a96bec21dbfa95e08
2026-09-07 11:36:14,601 - root - INFO - Loaded (2880, 94, 1, 128) from 5b70c2977cad45e094db0779a8931768
2026-09-07 11:36:14,620 - root - INFO - Original tokens: torch.Size([2880, 94, 1, 128]). Sampled tokens: torch.Size([747, 94, 1, 128])
2026-09-07 11:36:14,638 - root - INFO - Original tokens: torch.Size([11225, 94, 1, 128]). Sampled tokens: torch.Size([747, 94, 1, 128])
2026-09-07 11:36:14,667 - root - INFO - Loaded (2880, 94, 1, 128) from 5b70c2977cad45e094db0779a8931768
2026-09-07 11:36:14,681 - root - INFO - Original tokens: torch.Size([2880, 94, 1, 128]). Sampled tokens: torch.Size([747, 94, 1, 128])
2026-09-07 11:36:15,110 - root - INFO - Loaded (2880, 94, 1, 128) from 5b70c2977cad45e094db0779a8931768
2026-09-07 11:36:15,122 - root - INFO - Original tokens: torch.Size([2880, 94, 1, 128]). Sampled tokens: torch.Size([747, 94, 1, 128])
2026-09-07 11:36:15,289 - root - INFO - Loaded (1715, 94, 1, 128) from 4c2f53ba929f4ef4911e8f83c48292c4
2026-09-07 11:36:15,300 - root - INFO - Original tokens: torch.Size([1715, 94, 1, 128]). Sampled tokens: torch.Size([747, 94, 1, 128])
2026-09-07 11:36:15,340 - root - INFO - Loaded (1715, 94, 1, 128) from 4c2f53ba929f4ef4911e8f83c48292c4
2026-09-07 11:36:15,349 - root - INFO - Original tokens: torch.Size([1715, 94, 1, 128]). Sampled tokens: torch.Size([747, 94, 1, 128])
2026-09-07 11:36:15,824 - root - INFO - Loaded (1715, 94, 1, 128) from 4c2f53ba929f4ef4911e8f83c48292c4
2026-09-07 11:36:15,834 - root - INFO - Original tokens: torch.Size([1715, 94, 1, 128]). Sampled tokens: torch.Size([747, 94, 1, 128])
2026-09-07 11:36:16,639 - root - INFO - Loaded (8781, 94, 1, 128) from f6eb2c3a0c2b4e83898c0ee25b70f4f8
2026-09-07 11:36:16,716 - root - INFO - Original tokens: torch.Size([8781, 94, 1, 128]). Sampled tokens: torch.Size([747, 94, 1, 128])
2026-09-07 11:36:17,420 - root - INFO - Loaded (2296, 94, 1, 128) from 672be4366b6142b0b338d59f19c73a9a
2026-09-07 11:36:17,470 - root - INFO - Original tokens: torch.Size([2296, 94, 1, 128]). Sampled tokens: torch.Size([747, 94, 1, 128])
2026-09-07 11:36:17,470 - root - INFO - Loaded (11019, 94, 1, 128) from dd3a8f813ce24153b8ea1dfc6ced2e8e
2026-09-07 11:36:17,490 - root - INFO - Original tokens: torch.Size([11019, 94, 1, 128]). Sampled tokens: torch.Size([747, 94, 1, 128])
2026-09-07 11:36:17,521 - root - INFO - Loaded (11019, 94, 1, 128) from dd3a8f813ce24153b8ea1dfc6ced2e8e
2026-09-07 11:36:17,537 - root - INFO - Original tokens: torch.Size([11019, 94, 1, 128]). Sampled tokens: torch.Size([747, 94, 1, 128])
2026-09-07 11:36:18,095 - root - INFO - Loaded (11019, 94, 1, 128) from dd3a8f813ce24153b8ea1dfc6ced2e8e
2026-09-07 11:36:18,113 - root - INFO - Original tokens: torch.Size([11019, 94, 1, 128]). Sampled tokens: torch.Size([747, 94, 1, 128])
2026-09-07 11:36:18,841 - root - INFO - Loaded (6897, 94, 1, 128) from 006de4b30a8345e0a0ae05a7ead73c3f
2026-09-07 11:36:18,898 - root - INFO - Original tokens: torch.Size([6897, 94, 1, 128]). Sampled tokens: torch.Size([747, 94, 1, 128])
2026-09-07 11:36:19,644 - root - INFO - Loaded (10788, 94, 1, 128) from c152863c7e104a39b954baa08b428373
2026-09-07 11:36:19,658 - root - INFO - Loaded (10788, 94, 1, 128) from c152863c7e104a39b954baa08b428373
2026-09-07 11:36:19,676 - root - INFO - Original tokens: torch.Size([10788, 94, 1, 128]). Sampled tokens: torch.Size([747, 94, 1, 128])
2026-09-07 11:36:19,680 - root - INFO - Original tokens: torch.Size([10788, 94, 1, 128]). Sampled tokens: torch.Size([747, 94, 1, 128])
2026-09-07 11:36:20,272 - root - INFO - Loaded (10788, 94, 1, 128) from c152863c7e104a39b954baa08b428373
2026-09-07 11:36:20,290 - root - INFO - Original tokens: torch.Size([10788, 94, 1, 128]). Sampled tokens: torch.Size([747, 94, 1, 128])
2026-09-07 11:36:20,391 - root - INFO - Loaded (2860, 94, 1, 128) from 36086a9ddcaa41699a33757f4c7fe1cc
2026-09-07 11:36:20,399 - root - INFO - Loaded (2860, 94, 1, 128) from 36086a9ddcaa41699a33757f4c7fe1cc
2026-09-07 11:36:20,404 - root - INFO - Original tokens: torch.Size([2860, 94, 1, 128]). Sampled tokens: torch.Size([747, 94, 1, 128])
2026-09-07 11:36:20,413 - root - INFO - Original tokens: torch.Size([2860, 94, 1, 128]). Sampled tokens: torch.Size([747, 94, 1, 128])
2026-09-07 11:36:21,084 - root - INFO - Loaded (2860, 94, 1, 128) from 36086a9ddcaa41699a33757f4c7fe1cc
2026-09-07 11:36:21,094 - root - INFO - Original tokens: torch.Size([2860, 94, 1, 128]). Sampled tokens: torch.Size([747, 94, 1, 128])
2026-09-07 11:36:21,249 - root - INFO - Loaded (12305, 94, 1, 128) from b3a873cd575d4f2ba8256d73d92efd05
2026-09-07 11:36:21,337 - root - INFO - Original tokens: torch.Size([12305, 94, 1, 128]). Sampled tokens: torch.Size([747, 94, 1, 128])
2026-09-07 11:36:21,892 - root - INFO - Loaded (8158, 94, 1, 128) from 2dae3bfd558d481aa8c293054bbfcd58
2026-09-07 11:36:21,897 - root - INFO - Loaded (8158, 94, 1, 128) from 2dae3bfd558d481aa8c293054bbfcd58
2026-09-07 11:36:21,921 - root - INFO - Original tokens: torch.Size([8158, 94, 1, 128]). Sampled tokens: torch.Size([747, 94, 1, 128])
2026-09-07 11:36:21,922 - root - INFO - Original tokens: torch.Size([8158, 94, 1, 128]). Sampled tokens: torch.Size([747, 94, 1, 128])
2026-09-07 11:36:22,023 - root - INFO - Loaded (1882, 94, 1, 128) from c0410122e6144464a505813f7e2979ab
2026-09-07 11:36:22,075 - root - INFO - Original tokens: torch.Size([1882, 94, 1, 128]). Sampled tokens: torch.Size([747, 94, 1, 128])
2026-09-07 11:36:22,505 - root - INFO - Loaded (8158, 94, 1, 128) from 2dae3bfd558d481aa8c293054bbfcd58
2026-09-07 11:36:22,518 - root - INFO - Original tokens: torch.Size([8158, 94, 1, 128]). Sampled tokens: torch.Size([747, 94, 1, 128])
2026-09-07 11:36:22,528 - root - INFO - Loaded (1189, 94, 1, 128) from defab1699ac74bc1b00670038f1bbc4a
2026-09-07 11:36:22,538 - root - INFO - Original tokens: torch.Size([1189, 94, 1, 128]). Sampled tokens: torch.Size([747, 94, 1, 128])
2026-09-07 11:36:22,561 - root - INFO - Loaded (1189, 94, 1, 128) from defab1699ac74bc1b00670038f1bbc4a
2026-09-07 11:36:22,574 - root - INFO - Original tokens: torch.Size([1189, 94, 1, 128]). Sampled tokens: torch.Size([747, 94, 1, 128])
2026-09-07 11:36:23,120 - root - INFO - Loaded (1189, 94, 1, 128) from defab1699ac74bc1b00670038f1bbc4a
2026-09-07 11:36:23,129 - root - INFO - Original tokens: torch.Size([1189, 94, 1, 128]). Sampled tokens: torch.Size([747, 94, 1, 128])
2026-09-07 11:36:23,160 - root - INFO - Loaded (5593, 94, 1, 128) from 0736ac928c4b4ba196716b7612b43606
2026-09-07 11:36:23,222 - root - INFO - Original tokens: torch.Size([5593, 94, 1, 128]). Sampled tokens: torch.Size([747, 94, 1, 128])
2026-09-07 11:36:23,283 - root - INFO - Loaded (2716, 94, 1, 128) from 3b2727785e934cbb91f107fbee4ce9c2
2026-09-07 11:36:23,294 - root - INFO - Loaded (2716, 94, 1, 128) from 3b2727785e934cbb91f107fbee4ce9c2
2026-09-07 11:36:23,295 - root - INFO - Original tokens: torch.Size([2716, 94, 1, 128]). Sampled tokens: torch.Size([747, 94, 1, 128])
2026-09-07 11:36:23,308 - root - INFO - Original tokens: torch.Size([2716, 94, 1, 128]). Sampled tokens: torch.Size([747, 94, 1, 128])
2026-09-07 11:36:23,903 - root - INFO - Loaded (2716, 94, 1, 128) from 3b2727785e934cbb91f107fbee4ce9c2
2026-09-07 11:36:23,915 - root - INFO - Original tokens: torch.Size([2716, 94, 1, 128]). Sampled tokens: torch.Size([747, 94, 1, 128])
2026-09-07 11:36:24,611 - root - INFO - Loaded (7297, 94, 1, 128) from f2ea10eadee84558b38d4dfe3709e7e5
2026-09-07 11:36:24,679 - root - INFO - Original tokens: torch.Size([7297, 94, 1, 128]). Sampled tokens: torch.Size([747, 94, 1, 128])
2026-09-07 11:36:25,274 - root - INFO - Loaded (9252, 94, 1, 128) from a8a7791bd3404d2c8f348cb4e3ced958
2026-09-07 11:36:25,292 - root - INFO - Original tokens: torch.Size([9252, 94, 1, 128]). Sampled tokens: torch.Size([747, 94, 1, 128])
2026-09-07 11:36:25,336 - root - INFO - Loaded (9252, 94, 1, 128) from a8a7791bd3404d2c8f348cb4e3ced958
2026-09-07 11:36:25,356 - root - INFO - Original tokens: torch.Size([9252, 94, 1, 128]). Sampled tokens: torch.Size([747, 94, 1, 128])
2026-09-07 11:36:25,610 - root - INFO - Loaded (4196, 94, 1, 128) from 5b2b6b6f00bd4fd98c4c7c52b00e95bd
2026-09-07 11:36:25,665 - root - INFO - Original tokens: torch.Size([4196, 94, 1, 128]). Sampled tokens: torch.Size([747, 94, 1, 128])
2026-09-07 11:36:25,943 - root - INFO - Loaded (9252, 94, 1, 128) from a8a7791bd3404d2c8f348cb4e3ced958
2026-09-07 11:36:25,962 - root - INFO - Original tokens: torch.Size([9252, 94, 1, 128]). Sampled tokens: torch.Size([747, 94, 1, 128])
2026-09-07 11:36:26,648 - root - INFO - Loaded (7089, 94, 1, 128) from ca7fa378be844a8ba32fbed20829b57b
2026-09-07 11:36:26,659 - root - INFO - Original tokens: torch.Size([7089, 94, 1, 128]). Sampled tokens: torch.Size([747, 94, 1, 128])
2026-09-07 11:36:26,677 - root - INFO - Loaded (7089, 94, 1, 128) from ca7fa378be844a8ba32fbed20829b57b
2026-09-07 11:36:26,689 - root - INFO - Original tokens: torch.Size([7089, 94, 1, 128]). Sampled tokens: torch.Size([747, 94, 1, 128])
2026-09-07 11:36:27,274 - root - INFO - Loaded (7089, 94, 1, 128) from ca7fa378be844a8ba32fbed20829b57b
2026-09-07 11:36:27,285 - root - INFO - Original tokens: torch.Size([7089, 94, 1, 128]). Sampled tokens: torch.Size([747, 94, 1, 128])
2026-09-07 11:36:27,293 - root - INFO - Loaded (1878, 94, 1, 128) from 0550683dc6994bdf9d872746002fc601
2026-09-07 11:36:27,304 - root - INFO - Original tokens: torch.Size([1878, 94, 1, 128]). Sampled tokens: torch.Size([747, 94, 1, 128])
2026-09-07 11:36:27,330 - root - INFO - Loaded (1878, 94, 1, 128) from 0550683dc6994bdf9d872746002fc601
2026-09-07 11:36:27,340 - root - INFO - Original tokens: torch.Size([1878, 94, 1, 128]). Sampled tokens: torch.Size([747, 94, 1, 128])
2026-09-07 11:36:27,978 - root - INFO - Loaded (1878, 94, 1, 128) from 0550683dc6994bdf9d872746002fc601
2026-09-07 11:36:27,988 - root - INFO - Original tokens: torch.Size([1878, 94, 1, 128]). Sampled tokens: torch.Size([747, 94, 1, 128])
2026-09-07 11:36:28,071 - root - INFO - Loaded (3263, 94, 1, 128) from ba4af4f9a08746dd8cf39993e86646a6
2026-09-07 11:36:28,080 - root - INFO - Original tokens: torch.Size([3263, 94, 1, 128]). Sampled tokens: torch.Size([747, 94, 1, 128])
2026-09-07 11:36:28,121 - root - INFO - Loaded (3263, 94, 1, 128) from ba4af4f9a08746dd8cf39993e86646a6
2026-09-07 11:36:28,134 - root - INFO - Original tokens: torch.Size([3263, 94, 1, 128]). Sampled tokens: torch.Size([747, 94, 1, 128])
2026-09-07 11:36:28,790 - root - INFO - Loaded (3263, 94, 1, 128) from ba4af4f9a08746dd8cf39993e86646a6
2026-09-07 11:36:28,801 - root - INFO - Original tokens: torch.Size([3263, 94, 1, 128]). Sampled tokens: torch.Size([747, 94, 1, 128])
2026-09-07 11:36:29,237 - root - INFO - Loaded (19783, 94, 1, 128) from 206da347f69e4f8dbea26b62b7af08f2
2026-09-07 11:36:29,333 - root - INFO - Original tokens: torch.Size([19783, 94, 1, 128]). Sampled tokens: torch.Size([747, 94, 1, 128])
2026-09-07 11:36:29,378 - root - INFO - Loaded (6333, 94, 1, 128) from b58577db836442ab989205a845787d6d
2026-09-07 11:36:29,387 - root - INFO - Original tokens: torch.Size([6333, 94, 1, 128]). Sampled tokens: torch.Size([747, 94, 1, 128])
2026-09-07 11:36:29,412 - root - INFO - Loaded (6333, 94, 1, 128) from b58577db836442ab989205a845787d6d
2026-09-07 11:36:29,425 - root - INFO - Original tokens: torch.Size([6333, 94, 1, 128]). Sampled tokens: torch.Size([747, 94, 1, 128])
2026-09-07 11:36:30,009 - root - INFO - Loaded (1927, 94, 1, 128) from d1448a5ce2ec4db39a6bfb8daa22bec9
2026-09-07 11:36:30,058 - root - INFO - Loaded (6333, 94, 1, 128) from b58577db836442ab989205a845787d6d
2026-09-07 11:36:30,060 - root - INFO - Original tokens: torch.Size([1927, 94, 1, 128]). Sampled tokens: torch.Size([747, 94, 1, 128])
2026-09-07 11:36:30,063 - root - INFO - Loaded (2093, 94, 1, 128) from 42cbff5a28104ee39a9053d5a5f3dacf
2026-09-07 11:36:30,082 - root - INFO - Original tokens: torch.Size([6333, 94, 1, 128]). Sampled tokens: torch.Size([747, 94, 1, 128])
2026-09-07 11:36:30,085 - root - INFO - Original tokens: torch.Size([2093, 94, 1, 128]). Sampled tokens: torch.Size([747, 94, 1, 128])
2026-09-07 11:36:30,105 - root - INFO - Loaded (2093, 94, 1, 128) from 42cbff5a28104ee39a9053d5a5f3dacf
2026-09-07 11:36:30,118 - root - INFO - Original tokens: torch.Size([2093, 94, 1, 128]). Sampled tokens: torch.Size([747, 94, 1, 128])
2026-09-07 11:36:30,812 - root - INFO - Loaded (2093, 94, 1, 128) from 42cbff5a28104ee39a9053d5a5f3dacf
2026-09-07 11:36:30,822 - root - INFO - Original tokens: torch.Size([2093, 94, 1, 128]). Sampled tokens: torch.Size([747, 94, 1, 128])
2026-09-07 11:36:30,906 - root - INFO - Loaded (3198, 94, 1, 128) from 12c9352d88954154a6f951327191485b
2026-09-07 11:36:30,927 - root - INFO - Loaded (3636, 94, 1, 128) from cc52f24174d14edeb0757adeb7870b71
2026-09-07 11:36:30,937 - root - INFO - Original tokens: torch.Size([3636, 94, 1, 128]). Sampled tokens: torch.Size([747, 94, 1, 128])
2026-09-07 11:36:30,961 - root - INFO - Original tokens: torch.Size([3198, 94, 1, 128]). Sampled tokens: torch.Size([747, 94, 1, 128])
2026-09-07 11:36:30,972 - root - INFO - Loaded (3636, 94, 1, 128) from cc52f24174d14edeb0757adeb7870b71
2026-09-07 11:36:30,982 - root - INFO - Original tokens: torch.Size([3636, 94, 1, 128]). Sampled tokens: torch.Size([747, 94, 1, 128])
2026-09-07 11:36:31,633 - root - INFO - Loaded (3636, 94, 1, 128) from cc52f24174d14edeb0757adeb7870b71
2026-09-07 11:36:31,644 - root - INFO - Original tokens: torch.Size([3636, 94, 1, 128]). Sampled tokens: torch.Size([747, 94, 1, 128])
2026-09-07 11:36:31,747 - root - INFO - Loaded (3198, 94, 1, 128) from 12c9352d88954154a6f951327191485b
2026-09-07 11:36:31,759 - root - INFO - Original tokens: torch.Size([3198, 94, 1, 128]). Sampled tokens: torch.Size([747, 94, 1, 128])
2026-09-07 11:36:31,775 - root - INFO - Loaded (3198, 94, 1, 128) from 12c9352d88954154a6f951327191485b
2026-09-07 11:36:31,784 - root - INFO - Original tokens: torch.Size([3198, 94, 1, 128]). Sampled tokens: torch.Size([747, 94, 1, 128])
2026-09-07 11:36:32,401 - root - INFO - Loaded (3198, 94, 1, 128) from 12c9352d88954154a6f951327191485b
2026-09-07 11:36:32,411 - root - INFO - Original tokens: torch.Size([3198, 94, 1, 128]). Sampled tokens: torch.Size([747, 94, 1, 128])
2026-09-07 11:36:32,857 - root - INFO - Loaded (6010, 94, 1, 128) from 318bc277be394c34ba3a23d0f7dadc00
2026-09-07 11:36:32,868 - root - INFO - Original tokens: torch.Size([6010, 94, 1, 128]). Sampled tokens: torch.Size([747, 94, 1, 128])
2026-09-07 11:36:32,904 - root - INFO - Loaded (6010, 94, 1, 128) from 318bc277be394c34ba3a23d0f7dadc00
2026-09-07 11:36:32,917 - root - INFO - Original tokens: torch.Size([6010, 94, 1, 128]). Sampled tokens: torch.Size([747, 94, 1, 128])
2026-09-07 11:36:33,207 - root - INFO - Loaded (11385, 94, 1, 128) from e306b6ca010c40479f7c9fc932d24470
2026-09-07 11:36:33,290 - root - INFO - Original tokens: torch.Size([11385, 94, 1, 128]). Sampled tokens: torch.Size([747, 94, 1, 128])
2026-09-07 11:36:33,534 - root - INFO - Loaded (6010, 94, 1, 128) from 318bc277be394c34ba3a23d0f7dadc00
2026-09-07 11:36:33,545 - root - INFO - Original tokens: torch.Size([6010, 94, 1, 128]). Sampled tokens: torch.Size([747, 94, 1, 128])
2026-09-07 11:36:34,165 - root - INFO - Loaded (7033, 94, 1, 128) from df0e3358df8d44738b6a3f99e5bc0cd9
2026-09-07 11:36:34,175 - root - INFO - Original tokens: torch.Size([7033, 94, 1, 128]). Sampled tokens: torch.Size([747, 94, 1, 128])
2026-09-07 11:36:34,210 - root - INFO - Loaded (7033, 94, 1, 128) from df0e3358df8d44738b6a3f99e5bc0cd9
2026-09-07 11:36:34,221 - root - INFO - Original tokens: torch.Size([7033, 94, 1, 128]). Sampled tokens: torch.Size([747, 94, 1, 128])
2026-09-07 11:36:34,493 - root - INFO - Loaded (6233, 94, 1, 128) from 41d742aa399f4012b5817c42bdb135a0
2026-09-07 11:36:34,554 - root - INFO - Original tokens: torch.Size([6233, 94, 1, 128]). Sampled tokens: torch.Size([747, 94, 1, 128])
2026-09-07 11:36:34,806 - root - INFO - Loaded (7033, 94, 1, 128) from df0e3358df8d44738b6a3f99e5bc0cd9
2026-09-07 11:36:34,816 - root - INFO - Loaded (1944, 94, 1, 128) from e7bd4edec566441788c137d9cb43cb0d
2026-09-07 11:36:34,819 - root - INFO - Original tokens: torch.Size([7033, 94, 1, 128]). Sampled tokens: torch.Size([747, 94, 1, 128])
2026-09-07 11:36:34,828 - root - INFO - Original tokens: torch.Size([1944, 94, 1, 128]). Sampled tokens: torch.Size([747, 94, 1, 128])
2026-09-07 11:36:34,859 - root - INFO - Loaded (1944, 94, 1, 128) from e7bd4edec566441788c137d9cb43cb0d
2026-09-07 11:36:34,872 - root - INFO - Original tokens: torch.Size([1944, 94, 1, 128]). Sampled tokens: torch.Size([747, 94, 1, 128])
2026-09-07 11:36:35,204 - root - INFO - Loaded (1878, 94, 1, 128) from 0550683dc6994bdf9d872746002fc601
2026-09-07 11:36:35,252 - root - INFO - Original tokens: torch.Size([1878, 94, 1, 128]). Sampled tokens: torch.Size([747, 94, 1, 128])
2026-09-07 11:36:35,501 - root - INFO - Loaded (1944, 94, 1, 128) from e7bd4edec566441788c137d9cb43cb0d
2026-09-07 11:36:35,514 - root - INFO - Original tokens: torch.Size([1944, 94, 1, 128]). Sampled tokens: torch.Size([747, 94, 1, 128])
2026-09-07 11:36:35,531 - root - INFO - Loaded (2113, 94, 1, 128) from ac359322cb2648fc95e232ead111ab8f
2026-09-07 11:36:35,539 - root - INFO - Loaded (2113, 94, 1, 128) from ac359322cb2648fc95e232ead111ab8f
2026-09-07 11:36:35,542 - root - INFO - Original tokens: torch.Size([2113, 94, 1, 128]). Sampled tokens: torch.Size([747, 94, 1, 128])
2026-09-07 11:36:35,554 - root - INFO - Original tokens: torch.Size([2113, 94, 1, 128]). Sampled tokens: torch.Size([747, 94, 1, 128])
2026-09-07 11:36:35,957 - root - INFO - Loaded (2308, 94, 1, 128) from 12841b52fb714c2aa6d953bb07e55963
2026-09-07 11:36:36,008 - root - INFO - Original tokens: torch.Size([2308, 94, 1, 128]). Sampled tokens: torch.Size([747, 94, 1, 128])
2026-09-07 11:36:36,171 - root - INFO - Loaded (2113, 94, 1, 128) from ac359322cb2648fc95e232ead111ab8f
2026-09-07 11:36:36,181 - root - INFO - Original tokens: torch.Size([2113, 94, 1, 128]). Sampled tokens: torch.Size([747, 94, 1, 128])
2026-09-07 11:36:36,231 - root - INFO - Loaded (2645, 94, 1, 128) from d788dbcaf51348ba9c7f4b965ba9dc9c
2026-09-07 11:36:36,241 - root - INFO - Original tokens: torch.Size([2645, 94, 1, 128]). Sampled tokens: torch.Size([747, 94, 1, 128])
2026-09-07 11:36:36,265 - root - INFO - Loaded (2645, 94, 1, 128) from d788dbcaf51348ba9c7f4b965ba9dc9c
2026-09-07 11:36:36,278 - root - INFO - Original tokens: torch.Size([2645, 94, 1, 128]). Sampled tokens: torch.Size([747, 94, 1, 128])
2026-09-07 11:36:36,731 - root - INFO - Loaded (2691, 94, 1, 128) from e0941380389a4ff8b94571b0fb6dadac
2026-09-07 11:36:36,784 - root - INFO - Original tokens: torch.Size([2691, 94, 1, 128]). Sampled tokens: torch.Size([747, 94, 1, 128])
2026-09-07 11:36:36,860 - root - INFO - Loaded (1072, 94, 1, 128) from 50fda75b0e4f4473bd991ed7ca5ea144
2026-09-07 11:36:36,869 - root - INFO - Original tokens: torch.Size([1072, 94, 1, 128]). Sampled tokens: torch.Size([747, 94, 1, 128])
2026-09-07 11:36:36,884 - root - INFO - Loaded (1072, 94, 1, 128) from 50fda75b0e4f4473bd991ed7ca5ea144
2026-09-07 11:36:36,895 - root - INFO - Original tokens: torch.Size([1072, 94, 1, 128]). Sampled tokens: torch.Size([747, 94, 1, 128])
2026-09-07 11:36:36,895 - root - INFO - Loaded (2645, 94, 1, 128) from d788dbcaf51348ba9c7f4b965ba9dc9c
2026-09-07 11:36:36,909 - root - INFO - Original tokens: torch.Size([2645, 94, 1, 128]). Sampled tokens: torch.Size([747, 94, 1, 128])
2026-09-07 11:36:37,446 - root - INFO - Loaded (2049, 94, 1, 128) from f03c66c7763948f0be532e5ffc1e7523
2026-09-07 11:36:37,495 - root - INFO - Loaded (1457, 94, 1, 128) from efabd575ab2c4bc5931483f89028938e
2026-09-07 11:36:37,496 - root - INFO - Original tokens: torch.Size([2049, 94, 1, 128]). Sampled tokens: torch.Size([747, 94, 1, 128])
2026-09-07 11:36:37,505 - root - INFO - Original tokens: torch.Size([1457, 94, 1, 128]). Sampled tokens: torch.Size([747, 94, 1, 128])
2026-09-07 11:36:37,509 - root - INFO - Loaded (1072, 94, 1, 128) from 50fda75b0e4f4473bd991ed7ca5ea144
2026-09-07 11:36:37,510 - root - INFO - Loaded (1457, 94, 1, 128) from efabd575ab2c4bc5931483f89028938e
2026-09-07 11:36:37,546 - root - INFO - Original tokens: torch.Size([1072, 94, 1, 128]). Sampled tokens: torch.Size([747, 94, 1, 128])
2026-09-07 11:36:37,547 - root - INFO - Original tokens: torch.Size([1457, 94, 1, 128]). Sampled tokens: torch.Size([747, 94, 1, 128])
2026-09-07 11:36:38,176 - root - INFO - Loaded (1457, 94, 1, 128) from efabd575ab2c4bc5931483f89028938e
2026-09-07 11:36:38,187 - root - INFO - Original tokens: torch.Size([1457, 94, 1, 128]). Sampled tokens: torch.Size([747, 94, 1, 128])
2026-09-07 11:36:38,189 - root - INFO - Loaded (1855, 94, 1, 128) from 46595915f9ba4623a85abdcae96d9f37
2026-09-07 11:36:38,230 - root - INFO - Loaded (2919, 94, 1, 128) from 2731f563f9c142419dd2ce5436c97f86
2026-09-07 11:36:38,250 - root - INFO - Original tokens: torch.Size([2919, 94, 1, 128]). Sampled tokens: torch.Size([747, 94, 1, 128])
2026-09-07 11:36:38,251 - root - INFO - Original tokens: torch.Size([1855, 94, 1, 128]). Sampled tokens: torch.Size([747, 94, 1, 128])
2026-09-07 11:36:38,283 - root - INFO - Loaded (2919, 94, 1, 128) from 2731f563f9c142419dd2ce5436c97f86
2026-09-07 11:36:38,297 - root - INFO - Original tokens: torch.Size([2919, 94, 1, 128]). Sampled tokens: torch.Size([747, 94, 1, 128])
2026-09-07 11:36:38,901 - root - INFO - Loaded (1107, 94, 1, 128) from ba99d5dc576b4734adca64a26fb1a335
2026-09-07 11:36:38,951 - root - INFO - Original tokens: torch.Size([1107, 94, 1, 128]). Sampled tokens: torch.Size([747, 94, 1, 128])
2026-09-07 11:36:38,973 - root - INFO - Loaded (2919, 94, 1, 128) from 2731f563f9c142419dd2ce5436c97f86
2026-09-07 11:36:38,986 - root - INFO - Original tokens: torch.Size([2919, 94, 1, 128]). Sampled tokens: torch.Size([747, 94, 1, 128])
2026-09-07 11:36:39,296 - root - INFO - Loaded (5301, 94, 1, 128) from 5e789d940394447aa1eafd133ce72704
2026-09-07 11:36:39,306 - root - INFO - Original tokens: torch.Size([5301, 94, 1, 128]). Sampled tokens: torch.Size([747, 94, 1, 128])
2026-09-07 11:36:39,321 - root - INFO - Loaded (5301, 94, 1, 128) from 5e789d940394447aa1eafd133ce72704
2026-09-07 11:36:39,335 - root - INFO - Original tokens: torch.Size([5301, 94, 1, 128]). Sampled tokens: torch.Size([747, 94, 1, 128])
2026-09-07 11:36:40,023 - root - INFO - Loaded (5301, 94, 1, 128) from 5e789d940394447aa1eafd133ce72704
2026-09-07 11:36:40,033 - root - INFO - Original tokens: torch.Size([5301, 94, 1, 128]). Sampled tokens: torch.Size([747, 94, 1, 128])
2026-09-07 11:36:40,246 - root - INFO - Loaded (4277, 94, 1, 128) from 284a1360ea9448e99428abee57c1dadb
2026-09-07 11:36:40,257 - root - INFO - Original tokens: torch.Size([4277, 94, 1, 128]). Sampled tokens: torch.Size([747, 94, 1, 128])
2026-09-07 11:36:40,263 - root - INFO - Loaded (4277, 94, 1, 128) from 284a1360ea9448e99428abee57c1dadb
2026-09-07 11:36:40,275 - root - INFO - Loaded (7011, 94, 1, 128) from e397a745e52c4df9b02155fc3d2dcf95
2026-09-07 11:36:40,277 - root - INFO - Original tokens: torch.Size([4277, 94, 1, 128]). Sampled tokens: torch.Size([747, 94, 1, 128])
2026-09-07 11:36:40,330 - root - INFO - Original tokens: torch.Size([7011, 94, 1, 128]). Sampled tokens: torch.Size([747, 94, 1, 128])
2026-09-07 11:36:40,959 - root - INFO - Loaded (4277, 94, 1, 128) from 284a1360ea9448e99428abee57c1dadb
2026-09-07 11:36:40,970 - root - INFO - Original tokens: torch.Size([4277, 94, 1, 128]). Sampled tokens: torch.Size([747, 94, 1, 128])
2026-09-07 11:36:41,124 - root - INFO - Loaded (3643, 94, 1, 128) from 1189ef8800354c868eb05623accac675
2026-09-07 11:36:41,171 - root - INFO - Original tokens: torch.Size([3643, 94, 1, 128]). Sampled tokens: torch.Size([747, 94, 1, 128])
2026-09-07 11:36:41,250 - root - INFO - Loaded (4754, 94, 1, 128) from 542db54934ab49d4989b106c330d658e
2026-09-07 11:36:41,254 - root - INFO - Loaded (4754, 94, 1, 128) from 542db54934ab49d4989b106c330d658e
2026-09-07 11:36:41,274 - root - INFO - Original tokens: torch.Size([4754, 94, 1, 128]). Sampled tokens: torch.Size([747, 94, 1, 128])
2026-09-07 11:36:41,276 - root - INFO - Original tokens: torch.Size([4754, 94, 1, 128]). Sampled tokens: torch.Size([747, 94, 1, 128])
2026-09-07 11:36:41,862 - root - INFO - Loaded (1107, 94, 1, 128) from ba99d5dc576b4734adca64a26fb1a335
2026-09-07 11:36:41,864 - root - INFO - Loaded (1107, 94, 1, 128) from ba99d5dc576b4734adca64a26fb1a335
2026-09-07 11:36:41,879 - root - INFO - Original tokens: torch.Size([1107, 94, 1, 128]). Sampled tokens: torch.Size([747, 94, 1, 128])
2026-09-07 11:36:41,880 - root - INFO - Original tokens: torch.Size([1107, 94, 1, 128]). Sampled tokens: torch.Size([747, 94, 1, 128])
2026-09-07 11:36:41,956 - root - INFO - Loaded (3282, 94, 1, 128) from 11f10ad7e3e644b0bb37591a47656aab
2026-09-07 11:36:41,959 - root - INFO - Loaded (4754, 94, 1, 128) from 542db54934ab49d4989b106c330d658e
2026-09-07 11:36:41,970 - root - INFO - Original tokens: torch.Size([4754, 94, 1, 128]). Sampled tokens: torch.Size([747, 94, 1, 128])
2026-09-07 11:36:42,015 - root - INFO - Original tokens: torch.Size([3282, 94, 1, 128]). Sampled tokens: torch.Size([747, 94, 1, 128])
2026-09-07 11:36:42,587 - root - INFO - Loaded (1107, 94, 1, 128) from ba99d5dc576b4734adca64a26fb1a335
2026-09-07 11:36:42,597 - root - INFO - Original tokens: torch.Size([1107, 94, 1, 128]). Sampled tokens: torch.Size([747, 94, 1, 128])
2026-09-07 11:36:42,665 - root - INFO - Loaded (1609, 94, 1, 128) from eb21d424f20440cc8c248715df4e1dac
2026-09-07 11:36:42,716 - root - INFO - Original tokens: torch.Size([1609, 94, 1, 128]). Sampled tokens: torch.Size([747, 94, 1, 128])
2026-09-07 11:36:43,694 - root - INFO - Loaded (4905, 94, 1, 128) from 641f5d4a1d8c495fac3419fc4f31ba99
2026-09-07 11:36:43,748 - root - INFO - Original tokens: torch.Size([4905, 94, 1, 128]). Sampled tokens: torch.Size([747, 94, 1, 128])
2026-09-07 11:36:43,992 - root - INFO - Loaded (11959, 94, 1, 128) from f7d7298f13874726824e23e54687d1be
2026-09-07 11:36:44,017 - root - INFO - Original tokens: torch.Size([11959, 94, 1, 128]). Sampled tokens: torch.Size([747, 94, 1, 128])
2026-09-07 11:36:44,019 - root - INFO - Loaded (11959, 94, 1, 128) from f7d7298f13874726824e23e54687d1be
2026-09-07 11:36:44,041 - root - INFO - Original tokens: torch.Size([11959, 94, 1, 128]). Sampled tokens: torch.Size([747, 94, 1, 128])
2026-09-07 11:36:44,465 - root - INFO - Loaded (2113, 94, 1, 128) from 2aa2a018f51d46aeb2cb1e8426f47ca3
2026-09-07 11:36:44,516 - root - INFO - Original tokens: torch.Size([2113, 94, 1, 128]). Sampled tokens: torch.Size([747, 94, 1, 128])
2026-09-07 11:36:44,647 - root - INFO - Loaded (1196, 94, 1, 128) from 8c1899492d41419dbc5db5e23363f1e2
2026-09-07 11:36:44,656 - root - INFO - Original tokens: torch.Size([1196, 94, 1, 128]). Sampled tokens: torch.Size([747, 94, 1, 128])
2026-09-07 11:36:44,680 - root - INFO - Loaded (1196, 94, 1, 128) from 8c1899492d41419dbc5db5e23363f1e2
2026-09-07 11:36:44,690 - root - INFO - Original tokens: torch.Size([1196, 94, 1, 128]). Sampled tokens: torch.Size([747, 94, 1, 128])
2026-09-07 11:36:44,768 - root - INFO - Loaded (11959, 94, 1, 128) from f7d7298f13874726824e23e54687d1be
2026-09-07 11:36:44,787 - root - INFO - Original tokens: torch.Size([11959, 94, 1, 128]). Sampled tokens: torch.Size([747, 94, 1, 128])
2026-09-07 11:36:45,314 - root - INFO - Loaded (3296, 94, 1, 128) from 3deb132a91484d279c1358bbafaa48ca
2026-09-07 11:36:45,366 - root - INFO - Original tokens: torch.Size([3296, 94, 1, 128]). Sampled tokens: torch.Size([747, 94, 1, 128])
2026-09-07 11:36:45,387 - root - INFO - Loaded (1196, 94, 1, 128) from 8c1899492d41419dbc5db5e23363f1e2
2026-09-07 11:36:45,397 - root - INFO - Original tokens: torch.Size([1196, 94, 1, 128]). Sampled tokens: torch.Size([747, 94, 1, 128])
2026-09-07 11:36:45,419 - root - INFO - Loaded (3196, 94, 1, 128) from 7f89b3fba23148ccafe235b843521142
2026-09-07 11:36:45,429 - root - INFO - Original tokens: torch.Size([3196, 94, 1, 128]). Sampled tokens: torch.Size([747, 94, 1, 128])
2026-09-07 11:36:45,449 - root - INFO - Loaded (3196, 94, 1, 128) from 7f89b3fba23148ccafe235b843521142
2026-09-07 11:36:45,463 - root - INFO - Original tokens: torch.Size([3196, 94, 1, 128]). Sampled tokens: torch.Size([747, 94, 1, 128])
2026-09-07 11:36:45,993 - root - INFO - Loaded (1216, 94, 1, 128) from b232e0f6a3ad4061ada636ad0ad42efb
2026-09-07 11:36:46,045 - root - INFO - Original tokens: torch.Size([1216, 94, 1, 128]). Sampled tokens: torch.Size([747, 94, 1, 128])
2026-09-07 11:36:46,148 - root - INFO - Loaded (3196, 94, 1, 128) from 7f89b3fba23148ccafe235b843521142
2026-09-07 11:36:46,160 - root - INFO - Original tokens: torch.Size([3196, 94, 1, 128]). Sampled tokens: torch.Size([747, 94, 1, 128])
2026-09-07 11:36:46,752 - root - INFO - Loaded (7226, 94, 1, 128) from fd7886e348474dd39d0a272f0381c14b
2026-09-07 11:36:46,762 - root - INFO - Original tokens: torch.Size([7226, 94, 1, 128]). Sampled tokens: torch.Size([747, 94, 1, 128])
2026-09-07 11:36:46,795 - root - INFO - Loaded (7226, 94, 1, 128) from fd7886e348474dd39d0a272f0381c14b
2026-09-07 11:36:46,808 - root - INFO - Original tokens: torch.Size([7226, 94, 1, 128]). Sampled tokens: torch.Size([747, 94, 1, 128])
2026-09-07 11:36:46,836 - root - INFO - Loaded (3523, 94, 1, 128) from 68450669e9cb43ea8bdef4df13432898
2026-09-07 11:36:46,891 - root - INFO - Original tokens: torch.Size([3523, 94, 1, 128]). Sampled tokens: torch.Size([747, 94, 1, 128])
2026-09-07 11:36:47,549 - root - INFO - Loaded (2903, 94, 1, 128) from 06194ab40afd452fa4106f3aa273e3ac
2026-09-07 11:36:47,558 - root - INFO - Original tokens: torch.Size([2903, 94, 1, 128]). Sampled tokens: torch.Size([747, 94, 1, 128])
2026-09-07 11:36:47,589 - root - INFO - Loaded (2903, 94, 1, 128) from 06194ab40afd452fa4106f3aa273e3ac
2026-09-07 11:36:47,594 - root - INFO - Loaded (7226, 94, 1, 128) from fd7886e348474dd39d0a272f0381c14b
2026-09-07 11:36:47,609 - root - INFO - Original tokens: torch.Size([2903, 94, 1, 128]). Sampled tokens: torch.Size([747, 94, 1, 128])
2026-09-07 11:36:47,613 - root - INFO - Original tokens: torch.Size([7226, 94, 1, 128]). Sampled tokens: torch.Size([747, 94, 1, 128])
2026-09-07 11:36:47,996 - root - INFO - Loaded (5301, 94, 1, 128) from 5e789d940394447aa1eafd133ce72704
2026-09-07 11:36:48,054 - root - INFO - Original tokens: torch.Size([5301, 94, 1, 128]). Sampled tokens: torch.Size([747, 94, 1, 128])
2026-09-07 11:36:48,377 - root - INFO - Loaded (2903, 94, 1, 128) from 06194ab40afd452fa4106f3aa273e3ac
2026-09-07 11:36:48,388 - root - INFO - Original tokens: torch.Size([2903, 94, 1, 128]). Sampled tokens: torch.Size([747, 94, 1, 128])
2026-09-07 11:36:48,877 - root - INFO - Loaded (2919, 94, 1, 128) from 2731f563f9c142419dd2ce5436c97f86
2026-09-07 11:36:48,924 - root - INFO - Loaded (7297, 94, 1, 128) from f2ea10eadee84558b38d4dfe3709e7e5
2026-09-07 11:36:48,926 - root - INFO - Original tokens: torch.Size([2919, 94, 1, 128]). Sampled tokens: torch.Size([747, 94, 1, 128])
2026-09-07 11:36:48,935 - root - INFO - Original tokens: torch.Size([7297, 94, 1, 128]). Sampled tokens: torch.Size([747, 94, 1, 128])
2026-09-07 11:36:48,991 - root - INFO - Loaded (7297, 94, 1, 128) from f2ea10eadee84558b38d4dfe3709e7e5
2026-09-07 11:36:49,001 - root - INFO - Original tokens: torch.Size([7297, 94, 1, 128]). Sampled tokens: torch.Size([747, 94, 1, 128])
2026-09-07 11:36:49,783 - root - INFO - Loaded (3235, 94, 1, 128) from bfd1d9abd8634ef08d15a06b3a0d5a67
2026-09-07 11:36:49,790 - root - INFO - Loaded (3994, 94, 1, 128) from a50d62d61f664b8dbbbce34338100471
2026-09-07 11:36:49,792 - root - INFO - Loaded (7297, 94, 1, 128) from f2ea10eadee84558b38d4dfe3709e7e5
2026-09-07 11:36:49,807 - root - INFO - Original tokens: torch.Size([3994, 94, 1, 128]). Sampled tokens: torch.Size([747, 94, 1, 128])
2026-09-07 11:36:49,809 - root - INFO - Original tokens: torch.Size([7297, 94, 1, 128]). Sampled tokens: torch.Size([747, 94, 1, 128])
2026-09-07 11:36:49,842 - root - INFO - Original tokens: torch.Size([3235, 94, 1, 128]). Sampled tokens: torch.Size([747, 94, 1, 128])
2026-09-07 11:36:49,847 - root - INFO - Loaded (3994, 94, 1, 128) from a50d62d61f664b8dbbbce34338100471
2026-09-07 11:36:49,857 - root - INFO - Original tokens: torch.Size([3994, 94, 1, 128]). Sampled tokens: torch.Size([747, 94, 1, 128])
2026-09-07 11:36:50,554 - root - INFO - Loaded (2308, 94, 1, 128) from 12841b52fb714c2aa6d953bb07e55963
2026-09-07 11:36:50,564 - root - INFO - Original tokens: torch.Size([2308, 94, 1, 128]). Sampled tokens: torch.Size([747, 94, 1, 128])
2026-09-07 11:36:50,592 - root - INFO - Loaded (2308, 94, 1, 128) from 12841b52fb714c2aa6d953bb07e55963
2026-09-07 11:36:50,603 - root - INFO - Original tokens: torch.Size([2308, 94, 1, 128]). Sampled tokens: torch.Size([747, 94, 1, 128])
2026-09-07 11:36:50,641 - root - INFO - Loaded (3994, 94, 1, 128) from a50d62d61f664b8dbbbce34338100471
2026-09-07 11:36:50,651 - root - INFO - Original tokens: torch.Size([3994, 94, 1, 128]). Sampled tokens: torch.Size([747, 94, 1, 128])
2026-09-07 11:36:50,686 - root - INFO - Loaded (3639, 94, 1, 128) from 777881bf1c92416c8a677cd7a2224e46
2026-09-07 11:36:50,744 - root - INFO - Original tokens: torch.Size([3639, 94, 1, 128]). Sampled tokens: torch.Size([747, 94, 1, 128])
2026-09-07 11:36:51,332 - root - INFO - Loaded (2250, 94, 1, 128) from e178944136c74d1198215a7271dbec08
2026-09-07 11:36:51,342 - root - INFO - Original tokens: torch.Size([2250, 94, 1, 128]). Sampled tokens: torch.Size([747, 94, 1, 128])
2026-09-07 11:36:51,360 - root - INFO - Loaded (2250, 94, 1, 128) from e178944136c74d1198215a7271dbec08
2026-09-07 11:36:51,370 - root - INFO - Original tokens: torch.Size([2250, 94, 1, 128]). Sampled tokens: torch.Size([747, 94, 1, 128])
2026-09-07 11:36:51,398 - root - INFO - Loaded (2308, 94, 1, 128) from 12841b52fb714c2aa6d953bb07e55963
2026-09-07 11:36:51,408 - root - INFO - Original tokens: torch.Size([2308, 94, 1, 128]). Sampled tokens: torch.Size([747, 94, 1, 128])
2026-09-07 11:36:52,137 - root - INFO - Loaded (2250, 94, 1, 128) from e178944136c74d1198215a7271dbec08
2026-09-07 11:36:52,147 - root - INFO - Original tokens: torch.Size([2250, 94, 1, 128]). Sampled tokens: torch.Size([747, 94, 1, 128])
2026-09-07 11:36:52,188 - root - INFO - Loaded (7507, 94, 1, 128) from 39eaafa6d75045aa836304a19f37e14b
2026-09-07 11:36:52,252 - root - INFO - Original tokens: torch.Size([7507, 94, 1, 128]). Sampled tokens: torch.Size([747, 94, 1, 128])
2026-09-07 11:36:52,435 - root - INFO - Loaded (5593, 94, 1, 128) from 0736ac928c4b4ba196716b7612b43606
2026-09-07 11:36:52,445 - root - INFO - Loaded (5593, 94, 1, 128) from 0736ac928c4b4ba196716b7612b43606
2026-09-07 11:36:52,445 - root - INFO - Original tokens: torch.Size([5593, 94, 1, 128]). Sampled tokens: torch.Size([747, 94, 1, 128])
2026-09-07 11:36:52,457 - root - INFO - Original tokens: torch.Size([5593, 94, 1, 128]). Sampled tokens: torch.Size([747, 94, 1, 128])
2026-09-07 11:36:53,065 - root - INFO - Loaded (3168, 94, 1, 128) from 3930015c8add4cb9b9c90ee4ed2aff2a
2026-09-07 11:36:53,118 - root - INFO - Original tokens: torch.Size([3168, 94, 1, 128]). Sampled tokens: torch.Size([747, 94, 1, 128])
2026-09-07 11:36:53,246 - root - INFO - Loaded (5593, 94, 1, 128) from 0736ac928c4b4ba196716b7612b43606
2026-09-07 11:36:53,249 - root - INFO - Loaded (3333, 94, 1, 128) from 13287947272c4014a9c5a0041782160d
2026-09-07 11:36:53,265 - root - INFO - Original tokens: torch.Size([5593, 94, 1, 128]). Sampled tokens: torch.Size([747, 94, 1, 128])
2026-09-07 11:36:53,267 - root - INFO - Original tokens: torch.Size([3333, 94, 1, 128]). Sampled tokens: torch.Size([747, 94, 1, 128])
2026-09-07 11:36:53,281 - root - INFO - Loaded (3333, 94, 1, 128) from 13287947272c4014a9c5a0041782160d
2026-09-07 11:36:53,294 - root - INFO - Original tokens: torch.Size([3333, 94, 1, 128]). Sampled tokens: torch.Size([747, 94, 1, 128])
2026-09-07 11:36:53,759 - root - INFO - Loaded (1301, 94, 1, 128) from 3291c87987fc4aa2be36b8fbeb3e866b
2026-09-07 11:36:53,809 - root - INFO - Original tokens: torch.Size([1301, 94, 1, 128]). Sampled tokens: torch.Size([747, 94, 1, 128])
2026-09-07 11:36:54,003 - root - INFO - Loaded (2337, 94, 1, 128) from 4ad4732bf4d94d86a2f484537aa0be46
2026-09-07 11:36:54,012 - root - INFO - Original tokens: torch.Size([2337, 94, 1, 128]). Sampled tokens: torch.Size([747, 94, 1, 128])
2026-09-07 11:36:54,030 - root - INFO - Loaded (2337, 94, 1, 128) from 4ad4732bf4d94d86a2f484537aa0be46
2026-09-07 11:36:54,040 - root - INFO - Original tokens: torch.Size([2337, 94, 1, 128]). Sampled tokens: torch.Size([747, 94, 1, 128])
2026-09-07 11:36:54,082 - root - INFO - Loaded (3333, 94, 1, 128) from 13287947272c4014a9c5a0041782160d
2026-09-07 11:36:54,098 - root - INFO - Original tokens: torch.Size([3333, 94, 1, 128]). Sampled tokens: torch.Size([747, 94, 1, 128])
2026-09-07 11:36:54,875 - root - INFO - Loaded (2337, 94, 1, 128) from 4ad4732bf4d94d86a2f484537aa0be46
2026-09-07 11:36:54,878 - root - INFO - Loaded (4027, 94, 1, 128) from a278907dcb4d477eafa8e30a4f1cbb7a
2026-09-07 11:36:54,893 - root - INFO - Original tokens: torch.Size([4027, 94, 1, 128]). Sampled tokens: torch.Size([747, 94, 1, 128])
2026-09-07 11:36:54,893 - root - INFO - Original tokens: torch.Size([2337, 94, 1, 128]). Sampled tokens: torch.Size([747, 94, 1, 128])
2026-09-07 11:36:54,929 - root - INFO - Loaded (4027, 94, 1, 128) from a278907dcb4d477eafa8e30a4f1cbb7a
2026-09-07 11:36:54,938 - root - INFO - Original tokens: torch.Size([4027, 94, 1, 128]). Sampled tokens: torch.Size([747, 94, 1, 128])
2026-09-07 11:36:55,083 - root - INFO - Loaded (6333, 94, 1, 128) from b58577db836442ab989205a845787d6d
2026-09-07 11:36:55,142 - root - INFO - Original tokens: torch.Size([6333, 94, 1, 128]). Sampled tokens: torch.Size([747, 94, 1, 128])
2026-09-07 11:36:55,581 - root - INFO - Loaded (2296, 94, 1, 128) from 672be4366b6142b0b338d59f19c73a9a
2026-09-07 11:36:55,593 - root - INFO - Original tokens: torch.Size([2296, 94, 1, 128]). Sampled tokens: torch.Size([747, 94, 1, 128])
2026-09-07 11:36:55,636 - root - INFO - Loaded (2296, 94, 1, 128) from 672be4366b6142b0b338d59f19c73a9a
2026-09-07 11:36:55,648 - root - INFO - Original tokens: torch.Size([2296, 94, 1, 128]). Sampled tokens: torch.Size([747, 94, 1, 128])
2026-09-07 11:36:55,712 - root - INFO - Loaded (4027, 94, 1, 128) from a278907dcb4d477eafa8e30a4f1cbb7a
2026-09-07 11:36:55,724 - root - INFO - Original tokens: torch.Size([4027, 94, 1, 128]). Sampled tokens: torch.Size([747, 94, 1, 128])
2026-09-07 11:36:56,261 - root - INFO - Loaded (5206, 94, 1, 128) from d01022c5e1ea463685a39ed22cdf5d69
2026-09-07 11:36:56,329 - root - INFO - Original tokens: torch.Size([5206, 94, 1, 128]). Sampled tokens: torch.Size([747, 94, 1, 128])
2026-09-07 11:36:56,390 - root - INFO - SVD input tensor shape (n=200108)x(p=12032). Dtype torch.float32
2026-09-07 11:36:56,477 - root - INFO - Calculate lowrank SVD for q=10000 iter=2
2026-09-07 11:36:56,488 - root - INFO - SVD input tensor shape (n=200108)x(p=12032). Dtype torch.float32
2026-09-07 11:36:56,558 - root - INFO - Calculate lowrank SVD for q=10000 iter=2
2026-09-07 11:36:56,603 - root - INFO - Loaded (2296, 94, 1, 128) from 672be4366b6142b0b338d59f19c73a9a
2026-09-07 11:36:56,613 - root - INFO - Original tokens: torch.Size([2296, 94, 1, 128]). Sampled tokens: torch.Size([747, 94, 1, 128])
2026-09-07 11:36:57,253 - root - INFO - Loaded (2880, 94, 1, 128) from 5b70c2977cad45e094db0779a8931768
2026-09-07 11:36:57,282 - root - INFO - SVD input tensor shape (n=200108)x(p=12032). Dtype torch.float32
2026-09-07 11:36:57,357 - root - INFO - Original tokens: torch.Size([2880, 94, 1, 128]). Sampled tokens: torch.Size([747, 94, 1, 128])
2026-09-07 11:36:57,363 - root - INFO - Calculate lowrank SVD for q=10000 iter=2
2026-09-07 11:36:58,163 - root - INFO - Loaded (3024, 94, 1, 128) from cfc63afd68a844aea88ddd6160382a53
2026-09-07 11:36:58,224 - root - INFO - Original tokens: torch.Size([3024, 94, 1, 128]). Sampled tokens: torch.Size([747, 94, 1, 128])
2026-09-07 11:36:59,542 - root - INFO - Loaded (6380, 94, 1, 128) from f35af2fbfaf44b46bd8c47c87c98f1ea
2026-09-07 11:36:59,616 - root - INFO - Original tokens: torch.Size([6380, 94, 1, 128]). Sampled tokens: torch.Size([747, 94, 1, 128])
2026-09-07 11:37:00,290 - root - INFO - Loaded (1189, 94, 1, 128) from defab1699ac74bc1b00670038f1bbc4a
2026-09-07 11:37:00,344 - root - INFO - Original tokens: torch.Size([1189, 94, 1, 128]). Sampled tokens: torch.Size([747, 94, 1, 128])
2026-09-07 11:37:01,395 - root - INFO - Loaded (4325, 94, 1, 128) from 01e5c35c1e5e4be08bb889d88f91e802
2026-09-07 11:37:01,463 - root - INFO - Original tokens: torch.Size([4325, 94, 1, 128]). Sampled tokens: torch.Size([747, 94, 1, 128])
2026-09-07 11:37:02,197 - root - INFO - Loaded (1927, 94, 1, 128) from 06bff61e08a0449d87b32669eb1102c0
2026-09-07 11:37:02,254 - root - INFO - Original tokens: torch.Size([1927, 94, 1, 128]). Sampled tokens: torch.Size([747, 94, 1, 128])
2026-09-07 11:37:02,949 - root - INFO - Loaded (1715, 94, 1, 128) from 4c2f53ba929f4ef4911e8f83c48292c4
2026-09-07 11:37:03,000 - root - INFO - Original tokens: torch.Size([1715, 94, 1, 128]). Sampled tokens: torch.Size([747, 94, 1, 128])
2026-09-07 11:37:03,743 - root - INFO - Loaded (2255, 94, 1, 128) from fd90af6ffe9f4162bcee82c2a308d9ad
2026-09-07 11:37:03,799 - root - INFO - Original tokens: torch.Size([2255, 94, 1, 128]). Sampled tokens: torch.Size([747, 94, 1, 128])
2026-09-07 11:37:04,574 - root - INFO - Loaded (2716, 94, 1, 128) from 3b2727785e934cbb91f107fbee4ce9c2
2026-09-07 11:37:04,635 - root - INFO - Original tokens: torch.Size([2716, 94, 1, 128]). Sampled tokens: torch.Size([747, 94, 1, 128])
2026-09-07 11:37:05,285 - root - INFO - Loaded (1127, 94, 1, 128) from b3cf463da5af4871bc4bf7f98b824dbc
2026-09-07 11:37:05,339 - root - INFO - Original tokens: torch.Size([1127, 94, 1, 128]). Sampled tokens: torch.Size([747, 94, 1, 128])
2026-09-07 11:37:06,362 - root - INFO - Loaded (4277, 94, 1, 128) from 284a1360ea9448e99428abee57c1dadb
2026-09-07 11:37:06,429 - root - INFO - Original tokens: torch.Size([4277, 94, 1, 128]). Sampled tokens: torch.Size([747, 94, 1, 128])
2026-09-07 11:37:07,814 - root - INFO - Loaded (6963, 94, 1, 128) from ce0869e6a1ee46b4a15d6742b954135f
2026-09-07 11:37:07,898 - root - INFO - Original tokens: torch.Size([6963, 94, 1, 128]). Sampled tokens: torch.Size([747, 94, 1, 128])
2026-09-07 11:37:08,765 - root - INFO - Loaded (3224, 94, 1, 128) from fa52ee216ad149b88f3448a71d5c80b4
2026-09-07 11:37:08,824 - root - INFO - Original tokens: torch.Size([3224, 94, 1, 128]). Sampled tokens: torch.Size([747, 94, 1, 128])
2026-09-07 11:37:10,251 - root - INFO - Loaded (7034, 94, 1, 128) from 804a3a2a498e4336813006449f44dec5
2026-09-07 11:37:10,327 - root - INFO - Original tokens: torch.Size([7034, 94, 1, 128]). Sampled tokens: torch.Size([747, 94, 1, 128])
2026-09-07 11:37:11,110 - root - INFO - SVD input tensor shape (n=200108)x(p=12032). Dtype torch.float32
2026-09-07 11:37:11,214 - root - INFO - Calculate lowrank SVD for q=10000 iter=2
2026-09-07 12:44:43,988 - root - INFO - DONE SVD for data at
2026-09-07 12:44:44,028 - root - INFO - tp_10_pp_0/KV.V: mu=torch.Size([12032]) U=torch.Size([200108, 10000]) S=torch.Size([10000]) V=torch.Size([12032, 10000])
2026-09-07 12:44:45,950 - root - INFO - Saved SVD artifact for worker=tp_10_pp_0 kv=V at /root/.cache/KVTC/calibrations/Qwen3-235B-A22B-7d34567f/tp-16-pp-1/config-e4bf2892e3ff71a0/v1-noquant/kvtc.pt.tmp.svd-artifacts/kvtc-v1-noquant_N-200000_policy-relaxed_q-10000_niter-2_47be5bd14dfc2df390d52b125ddf4de9a8e24ff8fac703c8ce7dc2f3d2a38d5a/selection-bb6b2a452c81d257aa23b88b7de6515a2e083e8491dbca22f15e188670cbd4a2/tp_10_pp_0-V.pt
2026-09-07 12:44:45,951 - root - INFO - START SVD for data at [PosixPath('/root/.cache/KVTC/calibrations/Qwen3-235B-A22B-7d34567f/tp-16-pp-1/config-e4bf2892e3ff71a0/dump/fineweb'), PosixPath('/root/.cache/KVTC/calibrations/Qwen3-235B-A22B-7d34567f/tp-16-pp-1/config-e4bf2892e3ff71a0/dump/openmath')]/KV.K* q=10000 iter=2
2026-09-07 12:44:45,951 - root - INFO - Load tensors, undo rope and sample
2026-09-07 12:44:46,949 - root - INFO - Loaded (1336, 94, 1, 128) from 8dfa5e5abb0348f9b2de011e342097a2
2026-09-07 12:44:47,038 - root - INFO - Original tokens: torch.Size([1336, 94, 1, 128]). Sampled tokens: torch.Size([730, 94, 1, 128])
2026-09-07 12:44:48,148 - root - INFO - Loaded (2123, 94, 1, 128) from 6afaec34a4a34c39ac568d7b7e93acc6
2026-09-07 12:44:48,245 - root - INFO - Original tokens: torch.Size([2123, 94, 1, 128]). Sampled tokens: torch.Size([730, 94, 1, 128])
2026-09-07 12:44:49,278 - root - INFO - Loaded (1027, 94, 1, 128) from ec21efb8eb844e16beebcff0467e4f99
2026-09-07 12:44:49,368 - root - INFO - Original tokens: torch.Size([1027, 94, 1, 128]). Sampled tokens: torch.Size([730, 94, 1, 128])
2026-09-07 12:44:50,432 - root - INFO - Loaded (1520, 94, 1, 128) from 5869f4575ef2449fba3299f82c5370d9
2026-09-07 12:44:50,498 - root - INFO - Original tokens: torch.Size([1520, 94, 1, 128]). Sampled tokens: torch.Size([730, 94, 1, 128])
2026-09-07 12:44:51,602 - root - INFO - Loaded (3046, 94, 1, 128) from bda6ca976a064c8cb10cbad2c5709604
2026-09-07 12:44:51,674 - root - INFO - Original tokens: torch.Size([3046, 94, 1, 128]). Sampled tokens: torch.Size([730, 94, 1, 128])
2026-09-07 12:44:52,390 - root - INFO - Loaded (1285, 94, 1, 128) from e376401fee964a2e9d2beab91210933f
2026-09-07 12:44:52,452 - root - INFO - Original tokens: torch.Size([1285, 94, 1, 128]). Sampled tokens: torch.Size([730, 94, 1, 128])
2026-09-07 12:44:53,313 - root - INFO - Loaded (1993, 94, 1, 128) from f57ac27b0e364574a95702cd68ba5c44
2026-09-07 12:44:53,372 - root - INFO - Original tokens: torch.Size([1993, 94, 1, 128]). Sampled tokens: torch.Size([730, 94, 1, 128])
2026-09-07 12:44:54,269 - root - INFO - Loaded (2031, 94, 1, 128) from 17ec14b5a82b4d2aacfb0e771838bc47
2026-09-07 12:44:54,350 - root - INFO - Original tokens: torch.Size([2031, 94, 1, 128]). Sampled tokens: torch.Size([730, 94, 1, 128])
2026-09-07 12:44:55,192 - root - INFO - Loaded (1392, 94, 1, 128) from 348e174acc804b2fbc5c396d1370f4e8
2026-09-07 12:44:55,267 - root - INFO - Original tokens: torch.Size([1392, 94, 1, 128]). Sampled tokens: torch.Size([730, 94, 1, 128])
2026-09-07 12:44:56,148 - root - INFO - Loaded (2672, 94, 1, 128) from 2f223bc98be44e54af5670bd5770fed9
2026-09-07 12:44:56,251 - root - INFO - Original tokens: torch.Size([2672, 94, 1, 128]). Sampled tokens: torch.Size([730, 94, 1, 128])
2026-09-07 12:44:57,543 - root - INFO - Loaded (3948, 94, 1, 128) from b7d24de017fe43faa704ab128c949d91
2026-09-07 12:44:57,634 - root - INFO - Original tokens: torch.Size([3948, 94, 1, 128]). Sampled tokens: torch.Size([730, 94, 1, 128])
2026-09-07 12:44:58,752 - root - INFO - Loaded (2436, 94, 1, 128) from 7f044385892942b6839bd20c05ea6582
2026-09-07 12:44:58,843 - root - INFO - Original tokens: torch.Size([2436, 94, 1, 128]). Sampled tokens: torch.Size([730, 94, 1, 128])
2026-09-07 12:44:59,962 - root - INFO - Loaded (2574, 94, 1, 128) from 969aa6d05a724186aa2dc4d285cf86c9
2026-09-07 12:45:00,056 - root - INFO - Original tokens: torch.Size([2574, 94, 1, 128]). Sampled tokens: torch.Size([730, 94, 1, 128])
2026-09-07 12:45:01,196 - root - INFO - Loaded (1270, 94, 1, 128) from 36813b9e7f804fc3b59697b7be5dd5d8
2026-09-07 12:45:01,289 - root - INFO - Original tokens: torch.Size([1270, 94, 1, 128]). Sampled tokens: torch.Size([730, 94, 1, 128])
2026-09-07 12:45:02,398 - root - INFO - Loaded (1915, 94, 1, 128) from a94982751d02421e808f08cf2d87d65d
2026-09-07 12:45:02,465 - root - INFO - Original tokens: torch.Size([1915, 94, 1, 128]). Sampled tokens: torch.Size([730, 94, 1, 128])
2026-09-07 12:45:03,324 - root - INFO - Loaded (1130, 94, 1, 128) from 46e1fb49284646f5b711e119ffbb0b18
2026-09-07 12:45:03,398 - root - INFO - Original tokens: torch.Size([1130, 94, 1, 128]). Sampled tokens: torch.Size([730, 94, 1, 128])
2026-09-07 12:45:04,237 - root - INFO - Loaded (1681, 94, 1, 128) from d5337f72fa80412ba863f9e5c5559d25
2026-09-07 12:45:04,305 - root - INFO - Original tokens: torch.Size([1681, 94, 1, 128]). Sampled tokens: torch.Size([730, 94, 1, 128])
2026-09-07 12:45:05,154 - root - INFO - Loaded (2152, 94, 1, 128) from 08e6ddcd7c2c46c58dfcd57996879c22
2026-09-07 12:45:05,215 - root - INFO - Original tokens: torch.Size([2152, 94, 1, 128]). Sampled tokens: torch.Size([730, 94, 1, 128])
2026-09-07 12:45:06,084 - root - INFO - Loaded (1346, 94, 1, 128) from 0348b79d0ae1499f8e8325bd4575209a
2026-09-07 12:45:06,151 - root - INFO - Original tokens: torch.Size([1346, 94, 1, 128]). Sampled tokens: torch.Size([730, 94, 1, 128])
2026-09-07 12:45:07,264 - root - INFO - Loaded (4045, 94, 1, 128) from 0c60800890ec489f9910e48b5e51f19d
2026-09-07 12:45:07,368 - root - INFO - Original tokens: torch.Size([4045, 94, 1, 128]). Sampled tokens: torch.Size([730, 94, 1, 128])
2026-09-07 12:45:08,212 - root - INFO - Loaded (1125, 94, 1, 128) from ab92e0b6b48f4edb9bc0603c16818f35
2026-09-07 12:45:08,285 - root - INFO - Original tokens: torch.Size([1125, 94, 1, 128]). Sampled tokens: torch.Size([730, 94, 1, 128])
2026-09-07 12:45:09,182 - root - INFO - Loaded (1942, 94, 1, 128) from f6bd9c7b0f8f41d4b62a4aed50f77c29
2026-09-07 12:45:09,279 - root - INFO - Original tokens: torch.Size([1942, 94, 1, 128]). Sampled tokens: torch.Size([730, 94, 1, 128])
2026-09-07 12:45:10,140 - root - INFO - Loaded (1618, 94, 1, 128) from 4ac62cfbcc4b4463852a1b0caf43f2c9
2026-09-07 12:45:10,232 - root - INFO - Original tokens: torch.Size([1618, 94, 1, 128]). Sampled tokens: torch.Size([730, 94, 1, 128])
2026-09-07 12:45:11,109 - root - INFO - Loaded (1170, 94, 1, 128) from b4d611e719f24f2487daaa615dbc68e7
2026-09-07 12:45:11,181 - root - INFO - Original tokens: torch.Size([1170, 94, 1, 128]). Sampled tokens: torch.Size([730, 94, 1, 128])
2026-09-07 12:45:12,104 - root - INFO - Loaded (3170, 94, 1, 128) from c0d4c301323f43e8b7a09743e3374bf0
2026-09-07 12:45:12,210 - root - INFO - Original tokens: torch.Size([3170, 94, 1, 128]). Sampled tokens: torch.Size([730, 94, 1, 128])
2026-09-07 12:45:13,234 - root - INFO - Loaded (2831, 94, 1, 128) from bf2c445287b840d78c21d61b89323e8b
2026-09-07 12:45:13,320 - root - INFO - Original tokens: torch.Size([2831, 94, 1, 128]). Sampled tokens: torch.Size([730, 94, 1, 128])
2026-09-07 12:45:14,249 - root - INFO - Loaded (1550, 94, 1, 128) from 1e2890e3b41a40c2b525ee76a9be30fd
2026-09-07 12:45:14,333 - root - INFO - Original tokens: torch.Size([1550, 94, 1, 128]). Sampled tokens: torch.Size([730, 94, 1, 128])
2026-09-07 12:45:15,121 - root - INFO - Loaded (1100, 94, 1, 128) from 1ec5884670a84c9eb620ede8ce02182d
2026-09-07 12:45:15,191 - root - INFO - Original tokens: torch.Size([1100, 94, 1, 128]). Sampled tokens: torch.Size([730, 94, 1, 128])
2026-09-07 12:45:16,524 - root - INFO - Loaded (4571, 94, 1, 128) from 578d95973340420090533380f88eafbd
2026-09-07 12:45:16,618 - root - INFO - Original tokens: torch.Size([4571, 94, 1, 128]). Sampled tokens: torch.Size([730, 94, 1, 128])
2026-09-07 12:45:17,515 - root - INFO - Loaded (1956, 94, 1, 128) from 90aa5dee330e4aeebe210df6ae589813
2026-09-07 12:45:17,590 - root - INFO - Original tokens: torch.Size([1956, 94, 1, 128]). Sampled tokens: torch.Size([730, 94, 1, 128])
2026-09-07 12:45:18,720 - root - INFO - Loaded (3062, 94, 1, 128) from ff281c89f8664de78bf68eff97a817d8
2026-09-07 12:45:18,792 - root - INFO - Original tokens: torch.Size([3062, 94, 1, 128]). Sampled tokens: torch.Size([730, 94, 1, 128])
2026-09-07 12:45:19,810 - root - INFO - Loaded (2626, 94, 1, 128) from 498d4495264640d5aa7efb1188fdd8d3
2026-09-07 12:45:19,903 - root - INFO - Original tokens: torch.Size([2626, 94, 1, 128]). Sampled tokens: torch.Size([730, 94, 1, 128])
2026-09-07 12:45:20,916 - root - INFO - Loaded (2051, 94, 1, 128) from ac5b43bae9bf464c90df7491fbddf0f3
2026-09-07 12:45:20,993 - root - INFO - Original tokens: torch.Size([2051, 94, 1, 128]). Sampled tokens: torch.Size([730, 94, 1, 128])
2026-09-07 12:45:22,065 - root - INFO - Loaded (2010, 94, 1, 128) from 9b412dcb0f854454acd0bea9e2c9b621
2026-09-07 12:45:22,159 - root - INFO - Original tokens: torch.Size([2010, 94, 1, 128]). Sampled tokens: torch.Size([730, 94, 1, 128])
2026-09-07 12:45:23,306 - root - INFO - Loaded (1974, 94, 1, 128) from e7d7c3adf750434f9f3949486f1d95ae
2026-09-07 12:45:23,384 - root - INFO - Original tokens: torch.Size([1974, 94, 1, 128]). Sampled tokens: torch.Size([730, 94, 1, 128])
2026-09-07 12:45:24,898 - root - INFO - Loaded (3310, 94, 1, 128) from b5280a6cf8984fafa72031954c07512f
2026-09-07 12:45:24,982 - root - INFO - Original tokens: torch.Size([3310, 94, 1, 128]). Sampled tokens: torch.Size([730, 94, 1, 128])
2026-09-07 12:45:25,904 - root - INFO - Loaded (1863, 94, 1, 128) from be7ab77b0e89492da99b3cc1e607b982
2026-09-07 12:45:25,982 - root - INFO - Original tokens: torch.Size([1863, 94, 1, 128]). Sampled tokens: torch.Size([730, 94, 1, 128])
2026-09-07 12:45:26,870 - root - INFO - Loaded (1159, 94, 1, 128) from 722893802e604992943d897094ac4934
2026-09-07 12:45:26,947 - root - INFO - Original tokens: torch.Size([1159, 94, 1, 128]). Sampled tokens: torch.Size([730, 94, 1, 128])
2026-09-07 12:45:28,053 - root - INFO - Loaded (2072, 94, 1, 128) from e31935d8d92749889cdb59e6dbaba559
2026-09-07 12:45:28,144 - root - INFO - Original tokens: torch.Size([2072, 94, 1, 128]). Sampled tokens: torch.Size([730, 94, 1, 128])
2026-09-07 12:45:29,126 - root - INFO - Loaded (1552, 94, 1, 128) from 75f7b5033c0c454fad372c8b2497ab74
2026-09-07 12:45:29,206 - root - INFO - Original tokens: torch.Size([1552, 94, 1, 128]). Sampled tokens: torch.Size([730, 94, 1, 128])
2026-09-07 12:45:30,045 - root - INFO - Loaded (1425, 94, 1, 128) from adb01e60b3f64174bb460113bc9ef619
2026-09-07 12:45:30,138 - root - INFO - Original tokens: torch.Size([1425, 94, 1, 128]). Sampled tokens: torch.Size([730, 94, 1, 128])
2026-09-07 12:45:31,032 - root - INFO - Loaded (1037, 94, 1, 128) from 9100d1a8d8404885979453721d316efe
2026-09-07 12:45:31,114 - root - INFO - Original tokens: torch.Size([1037, 94, 1, 128]). Sampled tokens: torch.Size([730, 94, 1, 128])
2026-09-07 12:45:32,131 - root - INFO - Loaded (1330, 94, 1, 128) from 4a9a02c624f24c86aa024887f0b73cc5
2026-09-07 12:45:32,212 - root - INFO - Original tokens: torch.Size([1330, 94, 1, 128]). Sampled tokens: torch.Size([730, 94, 1, 128])
2026-09-07 12:45:33,370 - root - INFO - Loaded (2533, 94, 1, 128) from cab54893964741498de64245c77895e3
2026-09-07 12:45:33,444 - root - INFO - Original tokens: torch.Size([2533, 94, 1, 128]). Sampled tokens: torch.Size([730, 94, 1, 128])
2026-09-07 12:45:34,445 - root - INFO - Loaded (2179, 94, 1, 128) from 95d5b21b863548a4937a9ef45408f550
2026-09-07 12:45:34,535 - root - INFO - Original tokens: torch.Size([2179, 94, 1, 128]). Sampled tokens: torch.Size([730, 94, 1, 128])
2026-09-07 12:45:35,499 - root - INFO - Loaded (1950, 94, 1, 128) from baf0d2a2ece7420099136cfbfb8d0f7f
2026-09-07 12:45:35,584 - root - INFO - Original tokens: torch.Size([1950, 94, 1, 128]). Sampled tokens: torch.Size([730, 94, 1, 128])
2026-09-07 12:45:36,806 - root - INFO - Loaded (2319, 94, 1, 128) from fb4475051e6c49bc8f6c4642b2e8c81a
2026-09-07 12:45:36,888 - root - INFO - Original tokens: torch.Size([2319, 94, 1, 128]). Sampled tokens: torch.Size([730, 94, 1, 128])
2026-09-07 12:45:38,091 - root - INFO - Loaded (2761, 94, 1, 128) from 416748fb105f467cb63e5916f6ff8c5b
2026-09-07 12:45:38,173 - root - INFO - Original tokens: torch.Size([2761, 94, 1, 128]). Sampled tokens: torch.Size([730, 94, 1, 128])
2026-09-07 12:45:39,158 - root - INFO - Loaded (1728, 94, 1, 128) from 41b3e04f06304a5c8e50154b66390d1d
2026-09-07 12:45:39,246 - root - INFO - Original tokens: torch.Size([1728, 94, 1, 128]). Sampled tokens: torch.Size([730, 94, 1, 128])
2026-09-07 12:45:40,363 - root - INFO - Loaded (1912, 94, 1, 128) from e53655ce27d241f0acf33c2079172e47
2026-09-07 12:45:40,442 - root - INFO - Original tokens: torch.Size([1912, 94, 1, 128]). Sampled tokens: torch.Size([730, 94, 1, 128])
2026-09-07 12:45:42,090 - root - INFO - Loaded (5330, 94, 1, 128) from ea351a94db47476ca5cd1b5101809a9f
2026-09-07 12:45:42,180 - root - INFO - Original tokens: torch.Size([5330, 94, 1, 128]). Sampled tokens: torch.Size([730, 94, 1, 128])
2026-09-07 12:45:43,692 - root - INFO - Loaded (4567, 94, 1, 128) from 119bfdaf05ab47acb7c6849daac597b9
2026-09-07 12:45:43,769 - root - INFO - Original tokens: torch.Size([4567, 94, 1, 128]). Sampled tokens: torch.Size([730, 94, 1, 128])
2026-09-07 12:45:44,929 - root - INFO - Loaded (3845, 94, 1, 128) from bab746726dca48019e78f774055f420e
2026-09-07 12:45:44,991 - root - INFO - Original tokens: torch.Size([3845, 94, 1, 128]). Sampled tokens: torch.Size([730, 94, 1, 128])
2026-09-07 12:45:46,198 - root - INFO - Loaded (4623, 94, 1, 128) from 95d84c91ad4e477d9dc22cc77dec8127
2026-09-07 12:45:46,277 - root - INFO - Original tokens: torch.Size([4623, 94, 1, 128]). Sampled tokens: torch.Size([730, 94, 1, 128])
2026-09-07 12:45:47,079 - root - INFO - Loaded (1785, 94, 1, 128) from ca4517736af6497faa9fbf4f69a0e043
2026-09-07 12:45:47,147 - root - INFO - Original tokens: torch.Size([1785, 94, 1, 128]). Sampled tokens: torch.Size([730, 94, 1, 128])
2026-09-07 12:45:48,039 - root - INFO - Loaded (2238, 94, 1, 128) from 0112e6cec4a94743929c6d7dc8e81a5a
2026-09-07 12:45:48,097 - root - INFO - Original tokens: torch.Size([2238, 94, 1, 128]). Sampled tokens: torch.Size([730, 94, 1, 128])
2026-09-07 12:45:49,043 - root - INFO - Loaded (2576, 94, 1, 128) from e22adb59c0fd4b08a638265a012db106
2026-09-07 12:45:49,105 - root - INFO - Original tokens: torch.Size([2576, 94, 1, 128]). Sampled tokens: torch.Size([730, 94, 1, 128])
2026-09-07 12:45:49,982 - root - INFO - Loaded (1346, 94, 1, 128) from 0c76ac4183ec46e290c18b806de9f69f
2026-09-07 12:45:50,047 - root - INFO - Original tokens: torch.Size([1346, 94, 1, 128]). Sampled tokens: torch.Size([730, 94, 1, 128])
2026-09-07 12:45:51,017 - root - INFO - Loaded (2223, 94, 1, 128) from 58b4972e7ccf4e659e39bcfc3bbab399
2026-09-07 12:45:51,081 - root - INFO - Original tokens: torch.Size([2223, 94, 1, 128]). Sampled tokens: torch.Size([730, 94, 1, 128])
2026-09-07 12:45:51,855 - root - INFO - Loaded (2021, 94, 1, 128) from d8c8e7d563094c71a7b3121fa194326d
2026-09-07 12:45:51,915 - root - INFO - Original tokens: torch.Size([2021, 94, 1, 128]). Sampled tokens: torch.Size([730, 94, 1, 128])
2026-09-07 12:45:52,763 - root - INFO - Loaded (1876, 94, 1, 128) from 2ce81010b5124d159691015d3af32319
2026-09-07 12:45:52,827 - root - INFO - Original tokens: torch.Size([1876, 94, 1, 128]). Sampled tokens: torch.Size([730, 94, 1, 128])
2026-09-07 12:45:53,700 - root - INFO - Loaded (1485, 94, 1, 128) from 6889102ccb9c4f9a90bf2db9e7183b9d
2026-09-07 12:45:53,754 - root - INFO - Original tokens: torch.Size([1485, 94, 1, 128]). Sampled tokens: torch.Size([730, 94, 1, 128])
2026-09-07 12:45:54,576 - root - INFO - Loaded (1543, 94, 1, 128) from 0a387030616a48d999aa1bb720e9dfbb
2026-09-07 12:45:54,639 - root - INFO - Original tokens: torch.Size([1543, 94, 1, 128]). Sampled tokens: torch.Size([730, 94, 1, 128])
2026-09-07 12:45:55,427 - root - INFO - Loaded (2020, 94, 1, 128) from ba7657a0406841f3bb2ff9d1aa21d9e2
2026-09-07 12:45:55,481 - root - INFO - Original tokens: torch.Size([2020, 94, 1, 128]). Sampled tokens: torch.Size([730, 94, 1, 128])
2026-09-07 12:45:56,153 - root - INFO - Loaded (1168, 94, 1, 128) from 0204d8f812634da0a5893eda38e28daa
2026-09-07 12:45:56,206 - root - INFO - Original tokens: torch.Size([1168, 94, 1, 128]). Sampled tokens: torch.Size([730, 94, 1, 128])
2026-09-07 12:45:57,028 - root - INFO - Loaded (3029, 94, 1, 128) from bd31a6ee0305439590a93408946cb923
2026-09-07 12:45:57,088 - root - INFO - Original tokens: torch.Size([3029, 94, 1, 128]). Sampled tokens: torch.Size([730, 94, 1, 128])
2026-09-07 12:45:57,947 - root - INFO - Loaded (2949, 94, 1, 128) from 2d6e6c9d7fee4d2dad0eb8cac5c3090b
2026-09-07 12:45:58,001 - root - INFO - Original tokens: torch.Size([2949, 94, 1, 128]). Sampled tokens: torch.Size([730, 94, 1, 128])
2026-09-07 12:45:58,746 - root - INFO - Loaded (2116, 94, 1, 128) from 2b76d19f50a5488b88e834a4a3bf257a
2026-09-07 12:45:58,801 - root - INFO - Original tokens: torch.Size([2116, 94, 1, 128]). Sampled tokens: torch.Size([730, 94, 1, 128])
2026-09-07 12:45:59,514 - root - INFO - Loaded (1301, 94, 1, 128) from 773f008d4b344d9cb393ae43ad0e550f
2026-09-07 12:45:59,575 - root - INFO - Original tokens: torch.Size([1301, 94, 1, 128]). Sampled tokens: torch.Size([730, 94, 1, 128])
2026-09-07 12:46:00,463 - root - INFO - Loaded (3632, 94, 1, 128) from 5eb9d6f2878541289284da7a54107fab
2026-09-07 12:46:00,520 - root - INFO - Original tokens: torch.Size([3632, 94, 1, 128]). Sampled tokens: torch.Size([730, 94, 1, 128])
2026-09-07 12:46:01,277 - root - INFO - Loaded (2298, 94, 1, 128) from b28fe838dcea4d75bac05b743af935f0
2026-09-07 12:46:01,335 - root - INFO - Original tokens: torch.Size([2298, 94, 1, 128]). Sampled tokens: torch.Size([730, 94, 1, 128])
2026-09-07 12:46:02,087 - root - INFO - Loaded (1843, 94, 1, 128) from 733c28a3fa58460aa15ebc2fd352c53a
2026-09-07 12:46:02,139 - root - INFO - Original tokens: torch.Size([1843, 94, 1, 128]). Sampled tokens: torch.Size([730, 94, 1, 128])
2026-09-07 12:46:03,196 - root - INFO - Loaded (4240, 94, 1, 128) from 7b98eecdcf934dd2beefd2fafb7440cc
2026-09-07 12:46:03,262 - root - INFO - Original tokens: torch.Size([4240, 94, 1, 128]). Sampled tokens: torch.Size([730, 94, 1, 128])
2026-09-07 12:46:03,997 - root - INFO - Loaded (1739, 94, 1, 128) from 5ac46a3790e04cc3b5ef9bb66870cf15
2026-09-07 12:46:04,048 - root - INFO - Original tokens: torch.Size([1739, 94, 1, 128]). Sampled tokens: torch.Size([730, 94, 1, 128])
2026-09-07 12:46:04,758 - root - INFO - Loaded (2035, 94, 1, 128) from 9d8224a7ab6f4fa084bde81cd3799a5c
2026-09-07 12:46:04,811 - root - INFO - Original tokens: torch.Size([2035, 94, 1, 128]). Sampled tokens: torch.Size([730, 94, 1, 128])
2026-09-07 12:46:05,619 - root - INFO - Loaded (1656, 94, 1, 128) from 3d753b9d887a4c72b4aeacea644ed598
2026-09-07 12:46:05,687 - root - INFO - Original tokens: torch.Size([1656, 94, 1, 128]). Sampled tokens: torch.Size([730, 94, 1, 128])
2026-09-07 12:46:06,321 - root - INFO - Loaded (1418, 94, 1, 128) from 51f5508fce3849dda8630fa093f4e012
2026-09-07 12:46:06,372 - root - INFO - Original tokens: torch.Size([1418, 94, 1, 128]). Sampled tokens: torch.Size([730, 94, 1, 128])
2026-09-07 12:46:07,104 - root - INFO - Loaded (2300, 94, 1, 128) from 872b8db8585e4e398b6a6dd84920bc35
2026-09-07 12:46:07,158 - root - INFO - Original tokens: torch.Size([2300, 94, 1, 128]). Sampled tokens: torch.Size([730, 94, 1, 128])
2026-09-07 12:46:07,777 - root - INFO - Loaded (1180, 94, 1, 128) from b5caaff3584243a08c3dd9eebd8bd0bc
2026-09-07 12:46:07,831 - root - INFO - Original tokens: torch.Size([1180, 94, 1, 128]). Sampled tokens: torch.Size([730, 94, 1, 128])
2026-09-07 12:46:08,462 - root - INFO - Loaded (1550, 94, 1, 128) from 45ce3559d8ac46369a025ad646f716d2
2026-09-07 12:46:08,515 - root - INFO - Original tokens: torch.Size([1550, 94, 1, 128]). Sampled tokens: torch.Size([730, 94, 1, 128])
2026-09-07 12:46:09,265 - root - INFO - Loaded (2642, 94, 1, 128) from 70b4c498458b438bbabd32e705e29e81
2026-09-07 12:46:09,323 - root - INFO - Original tokens: torch.Size([2642, 94, 1, 128]). Sampled tokens: torch.Size([730, 94, 1, 128])
2026-09-07 12:46:10,094 - root - INFO - Loaded (2408, 94, 1, 128) from 01b46ff0f88f4a36b59ad6fc905ea335
2026-09-07 12:46:10,148 - root - INFO - Original tokens: torch.Size([2408, 94, 1, 128]). Sampled tokens: torch.Size([730, 94, 1, 128])
2026-09-07 12:46:10,914 - root - INFO - Loaded (2894, 94, 1, 128) from a4864fca4946455f90b1e608952173f1
2026-09-07 12:46:10,975 - root - INFO - Original tokens: torch.Size([2894, 94, 1, 128]). Sampled tokens: torch.Size([730, 94, 1, 128])
2026-09-07 12:46:11,735 - root - INFO - Loaded (2439, 94, 1, 128) from 9921d3d871144b4abb9df9ae95b35638
2026-09-07 12:46:11,792 - root - INFO - Original tokens: torch.Size([2439, 94, 1, 128]). Sampled tokens: torch.Size([730, 94, 1, 128])
2026-09-07 12:46:12,418 - root - INFO - Loaded (1046, 94, 1, 128) from e87c051dea984e748288d3c10c8c895c
2026-09-07 12:46:12,471 - root - INFO - Original tokens: torch.Size([1046, 94, 1, 128]). Sampled tokens: torch.Size([730, 94, 1, 128])
2026-09-07 12:46:13,154 - root - INFO - Loaded (2108, 94, 1, 128) from d6b9aeb3c2d244ec8c65c77b56fba024
2026-09-07 12:46:13,208 - root - INFO - Original tokens: torch.Size([2108, 94, 1, 128]). Sampled tokens: torch.Size([730, 94, 1, 128])
2026-09-07 12:46:13,827 - root - INFO - Loaded (1219, 94, 1, 128) from f6dda268794147ada80ca6cc00426266
2026-09-07 12:46:13,882 - root - INFO - Original tokens: torch.Size([1219, 94, 1, 128]). Sampled tokens: torch.Size([730, 94, 1, 128])
2026-09-07 12:46:14,651 - root - INFO - Loaded (2803, 94, 1, 128) from 13767c4718d548e8ae8738678ec5701e
2026-09-07 12:46:14,709 - root - INFO - Original tokens: torch.Size([2803, 94, 1, 128]). Sampled tokens: torch.Size([730, 94, 1, 128])
2026-09-07 12:46:15,322 - root - INFO - Loaded (1180, 94, 1, 128) from 56631570c405437b99b452c83efa9f4a
2026-09-07 12:46:15,370 - root - INFO - Original tokens: torch.Size([1180, 94, 1, 128]). Sampled tokens: torch.Size([730, 94, 1, 128])
2026-09-07 12:46:16,256 - root - INFO - Loaded (2149, 94, 1, 128) from 959996749b0043b1aa2497642c57b12c
2026-09-07 12:46:16,334 - root - INFO - Original tokens: torch.Size([2149, 94, 1, 128]). Sampled tokens: torch.Size([730, 94, 1, 128])
2026-09-07 12:46:17,308 - root - INFO - Loaded (1859, 94, 1, 128) from b73a26b5907e437ba864ada72fe498fc
2026-09-07 12:46:17,389 - root - INFO - Original tokens: torch.Size([1859, 94, 1, 128]). Sampled tokens: torch.Size([730, 94, 1, 128])
2026-09-07 12:46:18,346 - root - INFO - Loaded (2084, 94, 1, 128) from 8eb22d8ae2fb4194909db67b02c0af3b
2026-09-07 12:46:18,425 - root - INFO - Original tokens: torch.Size([2084, 94, 1, 128]). Sampled tokens: torch.Size([730, 94, 1, 128])
2026-09-07 12:46:20,069 - root - INFO - Loaded (6537, 94, 1, 128) from 53801981cb944605a5c1681dfdd7149f
2026-09-07 12:46:20,177 - root - INFO - Original tokens: torch.Size([6537, 94, 1, 128]). Sampled tokens: torch.Size([730, 94, 1, 128])
2026-09-07 12:46:21,063 - root - INFO - Loaded (1450, 94, 1, 128) from 5d4b879ad98049daa51e8c11bf43ec42
2026-09-07 12:46:21,145 - root - INFO - Original tokens: torch.Size([1450, 94, 1, 128]). Sampled tokens: torch.Size([730, 94, 1, 128])
2026-09-07 12:46:21,988 - root - INFO - Loaded (1473, 94, 1, 128) from 28047b217352457e9780a89f0448904a
2026-09-07 12:46:22,060 - root - INFO - Original tokens: torch.Size([1473, 94, 1, 128]). Sampled tokens: torch.Size([730, 94, 1, 128])
2026-09-07 12:46:22,956 - root - INFO - Loaded (1648, 94, 1, 128) from 72ed68f42309416d94f44c1febd13a43
2026-09-07 12:46:23,026 - root - INFO - Original tokens: torch.Size([1648, 94, 1, 128]). Sampled tokens: torch.Size([730, 94, 1, 128])
2026-09-07 12:46:24,328 - root - INFO - Loaded (3776, 94, 1, 128) from f418ec52b20d45ea8b20f15bde46978c
2026-09-07 12:46:24,422 - root - INFO - Original tokens: torch.Size([3776, 94, 1, 128]). Sampled tokens: torch.Size([730, 94, 1, 128])
2026-09-07 12:46:25,367 - root - INFO - Loaded (1137, 94, 1, 128) from 9cc2b84cd4e840cc9ddfdfcaca0e44cc
2026-09-07 12:46:25,456 - root - INFO - Original tokens: torch.Size([1137, 94, 1, 128]). Sampled tokens: torch.Size([730, 94, 1, 128])
2026-09-07 12:46:26,475 - root - INFO - Loaded (1868, 94, 1, 128) from a7c2915f1503449bba17bce3001de504
2026-09-07 12:46:26,554 - root - INFO - Original tokens: torch.Size([1868, 94, 1, 128]). Sampled tokens: torch.Size([730, 94, 1, 128])
2026-09-07 12:46:27,735 - root - INFO - Loaded (2671, 94, 1, 128) from 4b84851d93824fbcbe37208f36eddbbb
2026-09-07 12:46:27,817 - root - INFO - Original tokens: torch.Size([2671, 94, 1, 128]). Sampled tokens: torch.Size([730, 94, 1, 128])
2026-09-07 12:46:28,889 - root - INFO - Loaded (2216, 94, 1, 128) from 1e9b3fa270bb4b2480140caa5d2b6ee1
2026-09-07 12:46:28,971 - root - INFO - Original tokens: torch.Size([2216, 94, 1, 128]). Sampled tokens: torch.Size([730, 94, 1, 128])
2026-09-07 12:46:30,259 - root - INFO - Loaded (2776, 94, 1, 128) from bf7d53374d38400d9a0eb3228b4e0d79
2026-09-07 12:46:30,333 - root - INFO - Original tokens: torch.Size([2776, 94, 1, 128]). Sampled tokens: torch.Size([730, 94, 1, 128])
2026-09-07 12:46:31,383 - root - INFO - Loaded (3172, 94, 1, 128) from a16d65ea80904b1e96718c2c00e210a6
2026-09-07 12:46:31,454 - root - INFO - Original tokens: torch.Size([3172, 94, 1, 128]). Sampled tokens: torch.Size([730, 94, 1, 128])
2026-09-07 12:46:32,297 - root - INFO - Loaded (1808, 94, 1, 128) from bfe2ae00a26445bbb51d36443169f79d
2026-09-07 12:46:32,370 - root - INFO - Original tokens: torch.Size([1808, 94, 1, 128]). Sampled tokens: torch.Size([730, 94, 1, 128])
2026-09-07 12:46:33,334 - root - INFO - Loaded (1532, 94, 1, 128) from ec67970e696041a0941e9819a3b83ec5
2026-09-07 12:46:33,402 - root - INFO - Original tokens: torch.Size([1532, 94, 1, 128]). Sampled tokens: torch.Size([730, 94, 1, 128])
2026-09-07 12:46:34,963 - root - INFO - Loaded (4880, 94, 1, 128) from 9255e7f1c509487098bf2928bbe0fbb3
2026-09-07 12:46:35,058 - root - INFO - Original tokens: torch.Size([4880, 94, 1, 128]). Sampled tokens: torch.Size([730, 94, 1, 128])
2026-09-07 12:46:36,296 - root - INFO - Loaded (2756, 94, 1, 128) from c988840ad5b248439ea50388df69489c
2026-09-07 12:46:36,380 - root - INFO - Original tokens: torch.Size([2756, 94, 1, 128]). Sampled tokens: torch.Size([730, 94, 1, 128])
2026-09-07 12:46:37,384 - root - INFO - Loaded (1385, 94, 1, 128) from 18625e8fd76042e48b67fd209bd1f23d
2026-09-07 12:46:37,456 - root - INFO - Original tokens: torch.Size([1385, 94, 1, 128]). Sampled tokens: torch.Size([730, 94, 1, 128])
2026-09-07 12:46:38,442 - root - INFO - Loaded (1389, 94, 1, 128) from 6189a2149aec449881d530c477214690
2026-09-07 12:46:38,519 - root - INFO - Original tokens: torch.Size([1389, 94, 1, 128]). Sampled tokens: torch.Size([730, 94, 1, 128])
2026-09-07 12:46:39,487 - root - INFO - Loaded (1132, 94, 1, 128) from 1ec0cf8c03334d998f1d83da28f13494
2026-09-07 12:46:39,578 - root - INFO - Original tokens: torch.Size([1132, 94, 1, 128]). Sampled tokens: torch.Size([730, 94, 1, 128])
2026-09-07 12:46:40,734 - root - INFO - Loaded (2698, 94, 1, 128) from cdeb6438942e42e6ba51c2406f74d083
2026-09-07 12:46:40,814 - root - INFO - Original tokens: torch.Size([2698, 94, 1, 128]). Sampled tokens: torch.Size([730, 94, 1, 128])
2026-09-07 12:46:41,723 - root - INFO - Loaded (1326, 94, 1, 128) from ef06ac0ac815490482f1301c36b8641f
2026-09-07 12:46:41,795 - root - INFO - Original tokens: torch.Size([1326, 94, 1, 128]). Sampled tokens: torch.Size([730, 94, 1, 128])
2026-09-07 12:46:43,268 - root - INFO - Loaded (4515, 94, 1, 128) from caf1675569f44e3dabd96082e4304c13
2026-09-07 12:46:43,361 - root - INFO - Original tokens: torch.Size([4515, 94, 1, 128]). Sampled tokens: torch.Size([730, 94, 1, 128])
2026-09-07 12:46:44,292 - root - INFO - Loaded (1390, 94, 1, 128) from 1f9157dd6999405597a1e5e054167dd3
2026-09-07 12:46:44,371 - root - INFO - Original tokens: torch.Size([1390, 94, 1, 128]). Sampled tokens: torch.Size([730, 94, 1, 128])
2026-09-07 12:46:45,482 - root - INFO - Loaded (2031, 94, 1, 128) from f50aa7f70ea74ef785a6fcf2cf3639f4
2026-09-07 12:46:45,567 - root - INFO - Original tokens: torch.Size([2031, 94, 1, 128]). Sampled tokens: torch.Size([730, 94, 1, 128])
2026-09-07 12:46:46,546 - root - INFO - Loaded (1329, 94, 1, 128) from 98e0649fccc941ac95dcc781e73d960d
2026-09-07 12:46:46,626 - root - INFO - Original tokens: torch.Size([1329, 94, 1, 128]). Sampled tokens: torch.Size([730, 94, 1, 128])
2026-09-07 12:46:47,735 - root - INFO - Loaded (1916, 94, 1, 128) from fe9e141880914f4ca7b90158dbb82c07
2026-09-07 12:46:47,815 - root - INFO - Original tokens: torch.Size([1916, 94, 1, 128]). Sampled tokens: torch.Size([730, 94, 1, 128])
2026-09-07 12:46:48,674 - root - INFO - Loaded (1075, 94, 1, 128) from 6b35618ca35d486b865a0f8e88654a6f
2026-09-07 12:46:48,740 - root - INFO - Original tokens: torch.Size([1075, 94, 1, 128]). Sampled tokens: torch.Size([730, 94, 1, 128])
2026-09-07 12:46:50,319 - root - INFO - Loaded (6229, 94, 1, 128) from 9fe872b186684cebb2f507d9b2d05a8e
2026-09-07 12:46:50,410 - root - INFO - Original tokens: torch.Size([6229, 94, 1, 128]). Sampled tokens: torch.Size([730, 94, 1, 128])
2026-09-07 12:46:51,501 - root - INFO - Loaded (3543, 94, 1, 128) from 781fc55da0dd47b89a98465b6a42fd4b
2026-09-07 12:46:51,581 - root - INFO - Original tokens: torch.Size([3543, 94, 1, 128]). Sampled tokens: torch.Size([730, 94, 1, 128])
2026-09-07 12:46:52,650 - root - INFO - Loaded (2262, 94, 1, 128) from 2624c40224ac468dbf7478345b92d0f4
2026-09-07 12:46:52,730 - root - INFO - Original tokens: torch.Size([2262, 94, 1, 128]). Sampled tokens: torch.Size([730, 94, 1, 128])
2026-09-07 12:46:53,664 - root - INFO - Loaded (1435, 94, 1, 128) from d8d4cd1ac05a4b2bb6a01b86f6d6989b
2026-09-07 12:46:53,730 - root - INFO - Original tokens: torch.Size([1435, 94, 1, 128]). Sampled tokens: torch.Size([730, 94, 1, 128])
2026-09-07 12:46:54,717 - root - INFO - Loaded (1443, 94, 1, 128) from 6b845ca9ef6e4f73a7a348e163081fd2
2026-09-07 12:46:54,804 - root - INFO - Original tokens: torch.Size([1443, 94, 1, 128]). Sampled tokens: torch.Size([730, 94, 1, 128])
2026-09-07 12:46:55,858 - root - INFO - Loaded (2046, 94, 1, 128) from 5f741312dd5248d39dc32f657a894cdf
2026-09-07 12:46:55,929 - root - INFO - Original tokens: torch.Size([2046, 94, 1, 128]). Sampled tokens: torch.Size([730, 94, 1, 128])
2026-09-07 12:46:57,191 - root - INFO - Loaded (4158, 94, 1, 128) from 80924b9113a148489c683c364489847f
2026-09-07 12:46:57,275 - root - INFO - Original tokens: torch.Size([4158, 94, 1, 128]). Sampled tokens: torch.Size([730, 94, 1, 128])
2026-09-07 12:46:58,252 - root - INFO - Loaded (2068, 94, 1, 128) from cc1875751ad64c5097a8ede1d232f11e
2026-09-07 12:46:58,336 - root - INFO - Original tokens: torch.Size([2068, 94, 1, 128]). Sampled tokens: torch.Size([730, 94, 1, 128])
2026-09-07 12:46:59,144 - root - INFO - Loaded (1236, 94, 1, 128) from 85923b0abd214d37a202bee1a5cbd3b5
2026-09-07 12:46:59,228 - root - INFO - Original tokens: torch.Size([1236, 94, 1, 128]). Sampled tokens: torch.Size([730, 94, 1, 128])
2026-09-07 12:47:00,239 - root - INFO - Loaded (2767, 94, 1, 128) from 02451d1c634c4df3b59da14af3013110
2026-09-07 12:47:00,313 - root - INFO - Original tokens: torch.Size([2767, 94, 1, 128]). Sampled tokens: torch.Size([730, 94, 1, 128])
2026-09-07 12:47:01,288 - root - INFO - Loaded (2457, 94, 1, 128) from 1122effcd6b44683981ffdbf1b1d1fb1
2026-09-07 12:47:01,375 - root - INFO - Original tokens: torch.Size([2457, 94, 1, 128]). Sampled tokens: torch.Size([730, 94, 1, 128])
2026-09-07 12:47:02,132 - root - INFO - Loaded (1206, 94, 1, 128) from ad161e6dfec8465d9837a4c8e3c9b53b
2026-09-07 12:47:02,200 - root - INFO - Original tokens: torch.Size([1206, 94, 1, 128]). Sampled tokens: torch.Size([730, 94, 1, 128])
2026-09-07 12:47:03,227 - root - INFO - Loaded (2853, 94, 1, 128) from b2a35c63def24a2199f2dfcbd901387a
2026-09-07 12:47:03,305 - root - INFO - Original tokens: torch.Size([2853, 94, 1, 128]). Sampled tokens: torch.Size([730, 94, 1, 128])
2026-09-07 12:47:04,246 - root - INFO - Loaded (1922, 94, 1, 128) from 9e1d1393549c48079d1060a5d1363dc6
2026-09-07 12:47:04,325 - root - INFO - Original tokens: torch.Size([1922, 94, 1, 128]). Sampled tokens: torch.Size([730, 94, 1, 128])
2026-09-07 12:47:05,325 - root - INFO - Loaded (2640, 94, 1, 128) from 4b17b0739a2f4b298421e21203ff64f8
2026-09-07 12:47:05,407 - root - INFO - Original tokens: torch.Size([2640, 94, 1, 128]). Sampled tokens: torch.Size([730, 94, 1, 128])
2026-09-07 12:47:06,575 - root - INFO - Loaded (4003, 94, 1, 128) from ab1ccef4ee084a978d242fc0def5c922
2026-09-07 12:47:06,661 - root - INFO - Original tokens: torch.Size([4003, 94, 1, 128]). Sampled tokens: torch.Size([730, 94, 1, 128])
2026-09-07 12:47:07,613 - root - INFO - Loaded (2183, 94, 1, 128) from f81eb00f5fea45cab78d1079f2822932
2026-09-07 12:47:07,687 - root - INFO - Original tokens: torch.Size([2183, 94, 1, 128]). Sampled tokens: torch.Size([730, 94, 1, 128])
2026-09-07 12:47:09,454 - root - INFO - Loaded (6470, 94, 1, 128) from 0a9fb125088f465e9954b66f4bb6d92e
2026-09-07 12:47:09,557 - root - INFO - Original tokens: torch.Size([6470, 94, 1, 128]). Sampled tokens: torch.Size([730, 94, 1, 128])
2026-09-07 12:47:10,570 - root - INFO - Loaded (2355, 94, 1, 128) from 12cfa828bde0487fa654227fd72d9e1d
2026-09-07 12:47:10,646 - root - INFO - Original tokens: torch.Size([2355, 94, 1, 128]). Sampled tokens: torch.Size([730, 94, 1, 128])
2026-09-07 12:47:11,651 - root - INFO - Loaded (2903, 94, 1, 128) from 06194ab40afd452fa4106f3aa273e3ac
2026-09-07 12:47:11,724 - root - INFO - Original tokens: torch.Size([2903, 94, 1, 128]). Sampled tokens: torch.Size([747, 94, 1, 128])
2026-09-07 12:47:14,226 - root - INFO - Loaded (9252, 94, 1, 128) from a8a7791bd3404d2c8f348cb4e3ced958
2026-09-07 12:47:14,343 - root - INFO - Original tokens: torch.Size([9252, 94, 1, 128]). Sampled tokens: torch.Size([747, 94, 1, 128])
2026-09-07 12:47:17,350 - root - INFO - Loaded (11019, 94, 1, 128) from dd3a8f813ce24153b8ea1dfc6ced2e8e
2026-09-07 12:47:17,478 - root - INFO - Original tokens: torch.Size([11019, 94, 1, 128]). Sampled tokens: torch.Size([747, 94, 1, 128])
2026-09-07 12:47:20,327 - root - INFO - Loaded (9800, 94, 1, 128) from 1c6245deb6144b10b3532a448b8e872c
2026-09-07 12:47:20,449 - root - INFO - Original tokens: torch.Size([9800, 94, 1, 128]). Sampled tokens: torch.Size([747, 94, 1, 128])
2026-09-07 12:47:22,826 - root - INFO - Loaded (8158, 94, 1, 128) from 2dae3bfd558d481aa8c293054bbfcd58
2026-09-07 12:47:22,926 - root - INFO - Original tokens: torch.Size([8158, 94, 1, 128]). Sampled tokens: torch.Size([747, 94, 1, 128])
2026-09-07 12:47:25,867 - root - INFO - Loaded (11959, 94, 1, 128) from f7d7298f13874726824e23e54687d1be
2026-09-07 12:47:25,993 - root - INFO - Original tokens: torch.Size([11959, 94, 1, 128]). Sampled tokens: torch.Size([747, 94, 1, 128])
2026-09-07 12:47:27,587 - root - INFO - Loaded (7033, 94, 1, 128) from df0e3358df8d44738b6a3f99e5bc0cd9
2026-09-07 12:47:27,674 - root - INFO - Original tokens: torch.Size([7033, 94, 1, 128]). Sampled tokens: torch.Size([747, 94, 1, 128])
2026-09-07 12:47:28,795 - root - INFO - Loaded (4136, 94, 1, 128) from 5295405f4a5a404da218841ab2776967
2026-09-07 12:47:28,877 - root - INFO - Original tokens: torch.Size([4136, 94, 1, 128]). Sampled tokens: torch.Size([747, 94, 1, 128])
2026-09-07 12:47:29,624 - root - INFO - Loaded (1476, 94, 1, 128) from baf685e74a6649b687e4f007480bb95c
2026-09-07 12:47:29,682 - root - INFO - Original tokens: torch.Size([1476, 94, 1, 128]). Sampled tokens: torch.Size([747, 94, 1, 128])
2026-09-07 12:47:30,489 - root - INFO - Loaded (2686, 94, 1, 128) from dcf93548c90c44aab7211b46fbdd37ad
2026-09-07 12:47:30,554 - root - INFO - Original tokens: torch.Size([2686, 94, 1, 128]). Sampled tokens: torch.Size([747, 94, 1, 128])
2026-09-07 12:47:31,508 - root - INFO - Loaded (3878, 94, 1, 128) from 1ac08f24cf6b40e4a0f6154a8b7ee8cc
2026-09-07 12:47:31,587 - root - INFO - Original tokens: torch.Size([3878, 94, 1, 128]). Sampled tokens: torch.Size([747, 94, 1, 128])
2026-09-07 12:47:35,101 - root - INFO - Loaded (16432, 94, 1, 128) from fb723e031349433d9ae56c080fe995f0
2026-09-07 12:47:35,242 - root - INFO - Original tokens: torch.Size([16432, 94, 1, 128]). Sampled tokens: torch.Size([747, 94, 1, 128])
2026-09-07 12:47:36,179 - root - INFO - Loaded (3333, 94, 1, 128) from 13287947272c4014a9c5a0041782160d
2026-09-07 12:47:36,265 - root - INFO - Original tokens: torch.Size([3333, 94, 1, 128]). Sampled tokens: torch.Size([747, 94, 1, 128])
2026-09-07 12:47:37,247 - root - INFO - Loaded (2877, 94, 1, 128) from 6a27749da0374b78b5d16b08c357d2bf
2026-09-07 12:47:37,330 - root - INFO - Original tokens: torch.Size([2877, 94, 1, 128]). Sampled tokens: torch.Size([747, 94, 1, 128])
2026-09-07 12:47:38,201 - root - INFO - Loaded (2113, 94, 1, 128) from ac359322cb2648fc95e232ead111ab8f
2026-09-07 12:47:38,274 - root - INFO - Original tokens: torch.Size([2113, 94, 1, 128]). Sampled tokens: torch.Size([747, 94, 1, 128])
2026-09-07 12:47:39,154 - root - INFO - Loaded (2264, 94, 1, 128) from d67106bf3ce54a1dad1814f1f8914ca0
2026-09-07 12:47:39,235 - root - INFO - Original tokens: torch.Size([2264, 94, 1, 128]). Sampled tokens: torch.Size([747, 94, 1, 128])
2026-09-07 12:47:40,034 - root - INFO - Loaded (1196, 94, 1, 128) from 8c1899492d41419dbc5db5e23363f1e2
2026-09-07 12:47:40,099 - root - INFO - Original tokens: torch.Size([1196, 94, 1, 128]). Sampled tokens: torch.Size([747, 94, 1, 128])
2026-09-07 12:47:41,066 - root - INFO - Loaded (3636, 94, 1, 128) from cc52f24174d14edeb0757adeb7870b71
2026-09-07 12:47:41,138 - root - INFO - Original tokens: torch.Size([3636, 94, 1, 128]). Sampled tokens: torch.Size([747, 94, 1, 128])
2026-09-07 12:47:43,923 - root - INFO - Loaded (11477, 94, 1, 128) from 9b5909decc514881a4f04f87fc03cbb9
2026-09-07 12:47:44,041 - root - INFO - Original tokens: torch.Size([11477, 94, 1, 128]). Sampled tokens: torch.Size([747, 94, 1, 128])
2026-09-07 12:47:46,526 - root - INFO - Loaded (9742, 94, 1, 128) from a6277bce40594ebfa5777774e6fba5db
2026-09-07 12:47:46,635 - root - INFO - Original tokens: torch.Size([9742, 94, 1, 128]). Sampled tokens: torch.Size([747, 94, 1, 128])
2026-09-07 12:47:49,950 - root - INFO - Loaded (16161, 94, 1, 128) from d06447312cc54ced848420f4c6f2e0af
2026-09-07 12:47:50,077 - root - INFO - Original tokens: torch.Size([16161, 94, 1, 128]). Sampled tokens: torch.Size([747, 94, 1, 128])
2026-09-07 12:47:51,749 - root - INFO - Loaded (8099, 94, 1, 128) from a3ff123265394b78acdbaa889c60eafc
2026-09-07 12:47:51,839 - root - INFO - Original tokens: torch.Size([8099, 94, 1, 128]). Sampled tokens: torch.Size([747, 94, 1, 128])
2026-09-07 12:47:52,870 - root - INFO - Loaded (3994, 94, 1, 128) from a50d62d61f664b8dbbbce34338100471
2026-09-07 12:47:52,949 - root - INFO - Original tokens: torch.Size([3994, 94, 1, 128]). Sampled tokens: torch.Size([747, 94, 1, 128])
2026-09-07 12:47:53,979 - root - INFO - Loaded (4027, 94, 1, 128) from a278907dcb4d477eafa8e30a4f1cbb7a
2026-09-07 12:47:54,057 - root - INFO - Original tokens: torch.Size([4027, 94, 1, 128]). Sampled tokens: torch.Size([747, 94, 1, 128])
2026-09-07 12:47:55,171 - root - INFO - Loaded (5015, 94, 1, 128) from eee28850e7324b9684ef08f382d45012
2026-09-07 12:47:55,240 - root - INFO - Original tokens: torch.Size([5015, 94, 1, 128]). Sampled tokens: torch.Size([747, 94, 1, 128])
2026-09-07 12:47:56,091 - root - INFO - Loaded (3196, 94, 1, 128) from 7f89b3fba23148ccafe235b843521142
2026-09-07 12:47:56,152 - root - INFO - Original tokens: torch.Size([3196, 94, 1, 128]). Sampled tokens: torch.Size([747, 94, 1, 128])
2026-09-07 12:47:58,799 - root - INFO - Loaded (13769, 94, 1, 128) from 1e5353d15c564752a2ae0796d5bb79b0
2026-09-07 12:47:58,913 - root - INFO - Original tokens: torch.Size([13769, 94, 1, 128]). Sampled tokens: torch.Size([747, 94, 1, 128])
2026-09-07 12:48:01,264 - root - INFO - Loaded (11152, 94, 1, 128) from 8e86cafd1c1b4e528b33e7cb1532ebff
2026-09-07 12:48:01,370 - root - INFO - Original tokens: torch.Size([11152, 94, 1, 128]). Sampled tokens: torch.Size([747, 94, 1, 128])
2026-09-07 12:48:02,560 - root - INFO - Loaded (6010, 94, 1, 128) from 318bc277be394c34ba3a23d0f7dadc00
2026-09-07 12:48:02,641 - root - INFO - Original tokens: torch.Size([6010, 94, 1, 128]). Sampled tokens: torch.Size([747, 94, 1, 128])
2026-09-07 12:48:05,093 - root - INFO - Loaded (12288, 94, 1, 128) from f5d7f969912f4906842cb55db7604d4d
2026-09-07 12:48:05,203 - root - INFO - Original tokens: torch.Size([12288, 94, 1, 128]). Sampled tokens: torch.Size([747, 94, 1, 128])
2026-09-07 12:48:06,054 - root - INFO - Loaded (3760, 94, 1, 128) from 4e799eb1ae4a48e39f210cb4c5d09cd6
2026-09-07 12:48:06,116 - root - INFO - Original tokens: torch.Size([3760, 94, 1, 128]). Sampled tokens: torch.Size([747, 94, 1, 128])
2026-09-07 12:48:08,664 - root - INFO - Loaded (13765, 94, 1, 128) from 7c5617a6dfed4973967f5f71bf533b5e
2026-09-07 12:48:08,767 - root - INFO - Original tokens: torch.Size([13765, 94, 1, 128]). Sampled tokens: torch.Size([747, 94, 1, 128])
2026-09-07 12:48:09,490 - root - INFO - Loaded (2249, 94, 1, 128) from 41816dd79d7b4e1290d11e21752d783a
2026-09-07 12:48:09,544 - root - INFO - Original tokens: torch.Size([2249, 94, 1, 128]). Sampled tokens: torch.Size([747, 94, 1, 128])
2026-09-07 12:48:11,915 - root - INFO - Loaded (12568, 94, 1, 128) from 22b180b3f67d4b938ebc690f9c977bb4
2026-09-07 12:48:12,021 - root - INFO - Original tokens: torch.Size([12568, 94, 1, 128]). Sampled tokens: torch.Size([747, 94, 1, 128])
2026-09-07 12:48:14,383 - root - INFO - Loaded (10788, 94, 1, 128) from c152863c7e104a39b954baa08b428373
2026-09-07 12:48:14,496 - root - INFO - Original tokens: torch.Size([10788, 94, 1, 128]). Sampled tokens: torch.Size([747, 94, 1, 128])
2026-09-07 12:48:15,325 - root - INFO - Loaded (3254, 94, 1, 128) from 3a5055ea5bae43588f75d05cc9a05233
2026-09-07 12:48:15,388 - root - INFO - Original tokens: torch.Size([3254, 94, 1, 128]). Sampled tokens: torch.Size([747, 94, 1, 128])
2026-09-07 12:48:17,580 - root - INFO - Loaded (10763, 94, 1, 128) from 193bcc974cff4b158079fbb1bf7f2eac
2026-09-07 12:48:17,685 - root - INFO - Original tokens: torch.Size([10763, 94, 1, 128]). Sampled tokens: torch.Size([747, 94, 1, 128])
2026-09-07 12:48:18,886 - root - INFO - Loaded (6155, 94, 1, 128) from b7e7e9f7cece4d18929cc5e77b97013b
2026-09-07 12:48:18,959 - root - INFO - Original tokens: torch.Size([6155, 94, 1, 128]). Sampled tokens: torch.Size([747, 94, 1, 128])
2026-09-07 12:48:22,239 - root - INFO - Loaded (16434, 94, 1, 128) from 2ab6d79d5ecb458b8b8018c8ec1241b4
2026-09-07 12:48:22,358 - root - INFO - Original tokens: torch.Size([16434, 94, 1, 128]). Sampled tokens: torch.Size([747, 94, 1, 128])
2026-09-07 12:48:23,075 - root - INFO - Loaded (1977, 94, 1, 128) from f4933a214e7a4a2d8d458d9a5fd10e5c
2026-09-07 12:48:23,130 - root - INFO - Original tokens: torch.Size([1977, 94, 1, 128]). Sampled tokens: torch.Size([747, 94, 1, 128])
2026-09-07 12:48:25,291 - root - INFO - Loaded (10644, 94, 1, 128) from aacaa5e0837f4a61accecbcfbe754f1d
2026-09-07 12:48:25,386 - root - INFO - Original tokens: torch.Size([10644, 94, 1, 128]). Sampled tokens: torch.Size([747, 94, 1, 128])
2026-09-07 12:48:27,329 - root - INFO - Loaded (9805, 94, 1, 128) from 2f2ca8b7fe7249b2aa08327434fb057f
2026-09-07 12:48:27,420 - root - INFO - Original tokens: torch.Size([9805, 94, 1, 128]). Sampled tokens: torch.Size([747, 94, 1, 128])
2026-09-07 12:48:28,806 - root - INFO - Loaded (7312, 94, 1, 128) from 9a6cdf3bdbc94916bcdbaefcaa7818eb
2026-09-07 12:48:28,877 - root - INFO - Original tokens: torch.Size([7312, 94, 1, 128]). Sampled tokens: torch.Size([747, 94, 1, 128])
2026-09-07 12:48:30,271 - root - INFO - Loaded (7844, 94, 1, 128) from 2c5738c273104d78b7514a7402b935c3
2026-09-07 12:48:30,350 - root - INFO - Original tokens: torch.Size([7844, 94, 1, 128]). Sampled tokens: torch.Size([747, 94, 1, 128])
2026-09-07 12:48:34,042 - root - INFO - Loaded (17619, 94, 1, 128) from cbc7c37b578e4c46a0b216a18e806253
2026-09-07 12:48:34,179 - root - INFO - Original tokens: torch.Size([17619, 94, 1, 128]). Sampled tokens: torch.Size([747, 94, 1, 128])
2026-09-07 12:48:38,888 - root - INFO - Loaded (1326, 94, 1, 128) from f469d9ac38e34023ac4599bca9cf6006
2026-09-07 12:48:38,943 - root - INFO - Original tokens: torch.Size([1326, 94, 1, 128]). Sampled tokens: torch.Size([747, 94, 1, 128])
2026-09-07 12:48:41,297 - root - INFO - Loaded (10191, 94, 1, 128) from a975deda0f42482cba491ab0b79fa82e
2026-09-07 12:48:41,404 - root - INFO - Original tokens: torch.Size([10191, 94, 1, 128]). Sampled tokens: torch.Size([747, 94, 1, 128])
2026-09-07 12:48:43,533 - root - INFO - Loaded (8761, 94, 1, 128) from 72846186f73f4620ae6f7cb82c2c71a8
2026-09-07 12:48:43,637 - root - INFO - Original tokens: torch.Size([8761, 94, 1, 128]). Sampled tokens: torch.Size([747, 94, 1, 128])
2026-09-07 12:48:44,526 - root - INFO - Loaded (2847, 94, 1, 128) from 5e77f64462584c989a702fb295c9fb13
2026-09-07 12:48:44,589 - root - INFO - Original tokens: torch.Size([2847, 94, 1, 128]). Sampled tokens: torch.Size([747, 94, 1, 128])
2026-09-07 12:48:47,911 - root - INFO - Loaded (13988, 94, 1, 128) from 6085d0f0c5f74f778001f7fc0cc8696a
2026-09-07 12:48:48,042 - root - INFO - Original tokens: torch.Size([13988, 94, 1, 128]). Sampled tokens: torch.Size([747, 94, 1, 128])
2026-09-07 12:48:49,218 - root - INFO - Loaded (4129, 94, 1, 128) from 13833bf31f254d20a67f35e5a1edb35f
2026-09-07 12:48:49,291 - root - INFO - Original tokens: torch.Size([4129, 94, 1, 128]). Sampled tokens: torch.Size([747, 94, 1, 128])
2026-09-07 12:48:50,550 - root - INFO - Loaded (4754, 94, 1, 128) from 542db54934ab49d4989b106c330d658e
2026-09-07 12:48:50,630 - root - INFO - Original tokens: torch.Size([4754, 94, 1, 128]). Sampled tokens: torch.Size([747, 94, 1, 128])
2026-09-07 12:48:51,570 - root - INFO - Loaded (2262, 94, 1, 128) from 2879ec0e59ea496397286c1095cce903
2026-09-07 12:48:51,636 - root - INFO - Original tokens: torch.Size([2262, 94, 1, 128]). Sampled tokens: torch.Size([747, 94, 1, 128])
2026-09-07 12:48:54,388 - root - INFO - Loaded (9962, 94, 1, 128) from 53f01e23cb654125bf3f5770cadcf936
2026-09-07 12:48:54,500 - root - INFO - Original tokens: torch.Size([9962, 94, 1, 128]). Sampled tokens: torch.Size([747, 94, 1, 128])
2026-09-07 12:48:55,514 - root - INFO - Loaded (1944, 94, 1, 128) from e7bd4edec566441788c137d9cb43cb0d
2026-09-07 12:48:55,580 - root - INFO - Original tokens: torch.Size([1944, 94, 1, 128]). Sampled tokens: torch.Size([747, 94, 1, 128])
2026-09-07 12:48:56,483 - root - INFO - Loaded (2968, 94, 1, 128) from e87d69b8f9e04ea8a4e9ec8c11a8212f
2026-09-07 12:48:56,552 - root - INFO - Original tokens: torch.Size([2968, 94, 1, 128]). Sampled tokens: torch.Size([747, 94, 1, 128])
2026-09-07 12:48:58,898 - root - INFO - Loaded (11745, 94, 1, 128) from cd42facab60040739c50f41bdd00fa1c
2026-09-07 12:48:59,010 - root - INFO - Original tokens: torch.Size([11745, 94, 1, 128]). Sampled tokens: torch.Size([747, 94, 1, 128])
2026-09-07 12:48:59,794 - root - INFO - Loaded (2645, 94, 1, 128) from d788dbcaf51348ba9c7f4b965ba9dc9c
2026-09-07 12:48:59,859 - root - INFO - Original tokens: torch.Size([2645, 94, 1, 128]). Sampled tokens: torch.Size([747, 94, 1, 128])
2026-09-07 12:49:00,559 - root - INFO - Loaded (1457, 94, 1, 128) from efabd575ab2c4bc5931483f89028938e
2026-09-07 12:49:00,624 - root - INFO - Original tokens: torch.Size([1457, 94, 1, 128]). Sampled tokens: torch.Size([747, 94, 1, 128])
2026-09-07 12:49:03,072 - root - INFO - Loaded (10772, 94, 1, 128) from 1edd6ece56864f4695d1212e0ad3c47c
2026-09-07 12:49:03,177 - root - INFO - Original tokens: torch.Size([10772, 94, 1, 128]). Sampled tokens: torch.Size([747, 94, 1, 128])
2026-09-07 12:49:04,024 - root - INFO - Loaded (3985, 94, 1, 128) from f6691523dccb485d8deeaff0c062ac69
2026-09-07 12:49:04,081 - root - INFO - Original tokens: torch.Size([3985, 94, 1, 128]). Sampled tokens: torch.Size([747, 94, 1, 128])
2026-09-07 12:49:04,819 - root - INFO - DONE SVD for data at
2026-09-07 12:49:04,858 - root - INFO - Loaded (3263, 94, 1, 128) from ba4af4f9a08746dd8cf39993e86646a6
2026-09-07 12:49:04,865 - root - INFO - tp_11_pp_0/KV.K: mu=torch.Size([12032]) U=torch.Size([200108, 10000]) S=torch.Size([10000]) V=torch.Size([12032, 10000])
2026-09-07 12:49:04,928 - root - INFO - Original tokens: torch.Size([3263, 94, 1, 128]). Sampled tokens: torch.Size([747, 94, 1, 128])
2026-09-07 12:49:05,917 - root - INFO - Saved SVD artifact for worker=tp_11_pp_0 kv=K at /root/.cache/KVTC/calibrations/Qwen3-235B-A22B-7d34567f/tp-16-pp-1/config-e4bf2892e3ff71a0/v1-noquant/kvtc.pt.tmp.svd-artifacts/kvtc-v1-noquant_N-200000_policy-relaxed_q-10000_niter-2_47be5bd14dfc2df390d52b125ddf4de9a8e24ff8fac703c8ce7dc2f3d2a38d5a/selection-bb6b2a452c81d257aa23b88b7de6515a2e083e8491dbca22f15e188670cbd4a2/tp_11_pp_0-K.pt
2026-09-07 12:49:05,917 - root - INFO - START SVD for data at [PosixPath('/root/.cache/KVTC/calibrations/Qwen3-235B-A22B-7d34567f/tp-16-pp-1/config-e4bf2892e3ff71a0/dump/fineweb'), PosixPath('/root/.cache/KVTC/calibrations/Qwen3-235B-A22B-7d34567f/tp-16-pp-1/config-e4bf2892e3ff71a0/dump/openmath')]/KV.V* q=10000 iter=2
2026-09-07 12:49:05,917 - root - INFO - Load tensors and sample
2026-09-07 12:49:06,814 - root - INFO - Loaded (2949, 94, 1, 128) from 2d6e6c9d7fee4d2dad0eb8cac5c3090b
2026-09-07 12:49:06,829 - root - INFO - Original tokens: torch.Size([2949, 94, 1, 128]). Sampled tokens: torch.Size([730, 94, 1, 128])
2026-09-07 12:49:07,735 - root - INFO - Loaded (3172, 94, 1, 128) from a16d65ea80904b1e96718c2c00e210a6
2026-09-07 12:49:07,746 - root - INFO - Original tokens: torch.Size([3172, 94, 1, 128]). Sampled tokens: torch.Size([730, 94, 1, 128])
2026-09-07 12:49:07,829 - root - INFO - Loaded (10582, 94, 1, 128) from 4820b76cfedf46a98b234f4f46b510bc
2026-09-07 12:49:07,937 - root - INFO - Original tokens: torch.Size([10582, 94, 1, 128]). Sampled tokens: torch.Size([747, 94, 1, 128])
2026-09-07 12:49:08,682 - root - INFO - Loaded (2300, 94, 1, 128) from 872b8db8585e4e398b6a6dd84920bc35
2026-09-07 12:49:08,694 - root - INFO - Original tokens: torch.Size([2300, 94, 1, 128]). Sampled tokens: torch.Size([730, 94, 1, 128])
2026-09-07 12:49:08,862 - root - INFO - Loaded (2093, 94, 1, 128) from 42cbff5a28104ee39a9053d5a5f3dacf
2026-09-07 12:49:08,930 - root - INFO - Original tokens: torch.Size([2093, 94, 1, 128]). Sampled tokens: torch.Size([747, 94, 1, 128])
2026-09-07 12:49:09,533 - root - INFO - Loaded (1130, 94, 1, 128) from 46e1fb49284646f5b711e119ffbb0b18
2026-09-07 12:49:09,549 - root - INFO - Original tokens: torch.Size([1130, 94, 1, 128]). Sampled tokens: torch.Size([730, 94, 1, 128])
2026-09-07 12:49:10,640 - root - INFO - Loaded (2831, 94, 1, 128) from bf2c445287b840d78c21d61b89323e8b
2026-09-07 12:49:10,657 - root - INFO - Original tokens: torch.Size([2831, 94, 1, 128]). Sampled tokens: torch.Size([730, 94, 1, 128])
2026-09-07 12:49:10,864 - root - INFO - Loaded (7089, 94, 1, 128) from ca7fa378be844a8ba32fbed20829b57b
2026-09-07 12:49:10,965 - root - INFO - Original tokens: torch.Size([7089, 94, 1, 128]). Sampled tokens: torch.Size([747, 94, 1, 128])
2026-09-07 12:49:11,495 - root - INFO - Loaded (1168, 94, 1, 128) from 0204d8f812634da0a5893eda38e28daa
2026-09-07 12:49:11,507 - root - INFO - Original tokens: torch.Size([1168, 94, 1, 128]). Sampled tokens: torch.Size([730, 94, 1, 128])
2026-09-07 12:49:11,976 - root - INFO - Loaded (2250, 94, 1, 128) from e178944136c74d1198215a7271dbec08
2026-09-07 12:49:12,049 - root - INFO - Original tokens: torch.Size([2250, 94, 1, 128]). Sampled tokens: torch.Size([747, 94, 1, 128])
2026-09-07 12:49:12,387 - root - INFO - Loaded (1485, 94, 1, 128) from 6889102ccb9c4f9a90bf2db9e7183b9d
2026-09-07 12:49:12,401 - root - INFO - Original tokens: torch.Size([1485, 94, 1, 128]). Sampled tokens: torch.Size([730, 94, 1, 128])
2026-09-07 12:49:12,952 - root - INFO - Loaded (1072, 94, 1, 128) from 50fda75b0e4f4473bd991ed7ca5ea144
2026-09-07 12:49:13,026 - root - INFO - Original tokens: torch.Size([1072, 94, 1, 128]). Sampled tokens: torch.Size([747, 94, 1, 128])
2026-09-07 12:49:13,391 - root - INFO - Loaded (2021, 94, 1, 128) from d8c8e7d563094c71a7b3121fa194326d
2026-09-07 12:49:13,404 - root - INFO - Original tokens: torch.Size([2021, 94, 1, 128]). Sampled tokens: torch.Size([730, 94, 1, 128])
2026-09-07 12:49:13,960 - root - INFO - Loaded (1156, 94, 1, 128) from d97ddd7676db43739bbb433a96a10f0d
2026-09-07 12:49:14,030 - root - INFO - Original tokens: torch.Size([1156, 94, 1, 128]). Sampled tokens: torch.Size([747, 94, 1, 128])
2026-09-07 12:49:14,838 - root - INFO - Loaded (4567, 94, 1, 128) from 119bfdaf05ab47acb7c6849daac597b9
2026-09-07 12:49:14,859 - root - INFO - Original tokens: torch.Size([4567, 94, 1, 128]). Sampled tokens: torch.Size([730, 94, 1, 128])
2026-09-07 12:49:14,926 - root - INFO - Loaded (1234, 94, 1, 128) from bc3d686e534c44a78727e5e0edd5fa00
2026-09-07 12:49:14,993 - root - INFO - Original tokens: torch.Size([1234, 94, 1, 128]). Sampled tokens: torch.Size([747, 94, 1, 128])
2026-09-07 12:49:15,901 - root - INFO - Loaded (2319, 94, 1, 128) from fb4475051e6c49bc8f6c4642b2e8c81a
2026-09-07 12:49:15,912 - root - INFO - Original tokens: torch.Size([2319, 94, 1, 128]). Sampled tokens: torch.Size([730, 94, 1, 128])
2026-09-07 12:49:16,576 - root - INFO - Loaded (1037, 94, 1, 128) from 9100d1a8d8404885979453721d316efe
2026-09-07 12:49:16,589 - root - INFO - Original tokens: torch.Size([1037, 94, 1, 128]). Sampled tokens: torch.Size([730, 94, 1, 128])
2026-09-07 12:49:17,315 - root - INFO - Loaded (1532, 94, 1, 128) from ec67970e696041a0941e9819a3b83ec5
2026-09-07 12:49:17,326 - root - INFO - Original tokens: torch.Size([1532, 94, 1, 128]). Sampled tokens: torch.Size([730, 94, 1, 128])
2026-09-07 12:49:18,040 - root - INFO - Loaded (14038, 94, 1, 128) from 7d56bce5100c4fad9f26012e62f024fe
2026-09-07 12:49:18,103 - root - INFO - Loaded (1618, 94, 1, 128) from 4ac62cfbcc4b4463852a1b0caf43f2c9
2026-09-07 12:49:18,124 - root - INFO - Original tokens: torch.Size([1618, 94, 1, 128]). Sampled tokens: torch.Size([730, 94, 1, 128])
2026-09-07 12:49:18,165 - root - INFO - Original tokens: torch.Size([14038, 94, 1, 128]). Sampled tokens: torch.Size([747, 94, 1, 128])
2026-09-07 12:49:18,885 - root - INFO - Loaded (1418, 94, 1, 128) from 51f5508fce3849dda8630fa093f4e012
2026-09-07 12:49:18,903 - root - INFO - Original tokens: torch.Size([1418, 94, 1, 128]). Sampled tokens: torch.Size([730, 94, 1, 128])
2026-09-07 12:49:19,019 - root - INFO - Loaded (2942, 94, 1, 128) from afadfe2647ce4887bdcfdea8fe0a7df8
2026-09-07 12:49:19,082 - root - INFO - Original tokens: torch.Size([2942, 94, 1, 128]). Sampled tokens: torch.Size([747, 94, 1, 128])
2026-09-07 12:49:19,737 - root - INFO - Loaded (1681, 94, 1, 128) from d5337f72fa80412ba863f9e5c5559d25
2026-09-07 12:49:19,755 - root - INFO - Original tokens: torch.Size([1681, 94, 1, 128]). Sampled tokens: torch.Size([730, 94, 1, 128])
2026-09-07 12:49:20,559 - root - INFO - Loaded (1330, 94, 1, 128) from 4a9a02c624f24c86aa024887f0b73cc5
2026-09-07 12:49:20,575 - root - INFO - Original tokens: torch.Size([1330, 94, 1, 128]). Sampled tokens: torch.Size([730, 94, 1, 128])
2026-09-07 12:49:21,640 - root - INFO - Loaded (3776, 94, 1, 128) from f418ec52b20d45ea8b20f15bde46978c
2026-09-07 12:49:21,658 - root - INFO - Original tokens: torch.Size([3776, 94, 1, 128]). Sampled tokens: torch.Size([730, 94, 1, 128])
2026-09-07 12:49:21,991 - root - INFO - Loaded (13483, 94, 1, 128) from 03f73aa4c10e478fa6f9142749e7e448
2026-09-07 12:49:22,113 - root - INFO - Original tokens: torch.Size([13483, 94, 1, 128]). Sampled tokens: torch.Size([747, 94, 1, 128])
2026-09-07 12:49:22,499 - root - INFO - Loaded (1329, 94, 1, 128) from 98e0649fccc941ac95dcc781e73d960d
2026-09-07 12:49:22,512 - root - INFO - Original tokens: torch.Size([1329, 94, 1, 128]). Sampled tokens: torch.Size([730, 94, 1, 128])
2026-09-07 12:49:22,855 - root - INFO - Loaded (1718, 94, 1, 128) from f56df44a187642939a483a356e445c59
2026-09-07 12:49:22,918 - root - INFO - Original tokens: torch.Size([1718, 94, 1, 128]). Sampled tokens: torch.Size([747, 94, 1, 128])
2026-09-07 12:49:23,422 - root - INFO - Loaded (3543, 94, 1, 128) from 781fc55da0dd47b89a98465b6a42fd4b
2026-09-07 12:49:23,439 - root - INFO - Original tokens: torch.Size([3543, 94, 1, 128]). Sampled tokens: torch.Size([730, 94, 1, 128])
2026-09-07 12:49:24,020 - root - INFO - Loaded (4473, 94, 1, 128) from 78f535a9462d41d3aa5d5e792d7fe336
2026-09-07 12:49:24,083 - root - INFO - Original tokens: torch.Size([4473, 94, 1, 128]). Sampled tokens: torch.Size([747, 94, 1, 128])
2026-09-07 12:49:24,224 - root - INFO - Loaded (1915, 94, 1, 128) from a94982751d02421e808f08cf2d87d65d
2026-09-07 12:49:24,236 - root - INFO - Original tokens: torch.Size([1915, 94, 1, 128]). Sampled tokens: torch.Size([730, 94, 1, 128])
2026-09-07 12:49:25,355 - root - INFO - Loaded (4880, 94, 1, 128) from 9255e7f1c509487098bf2928bbe0fbb3
2026-09-07 12:49:25,365 - root - INFO - Original tokens: torch.Size([4880, 94, 1, 128]). Sampled tokens: torch.Size([730, 94, 1, 128])
2026-09-07 12:49:25,488 - root - INFO - Loaded (6411, 94, 1, 128) from 31f32584ecd843ec859cb29f4d87d4f4
2026-09-07 12:49:25,550 - root - INFO - Original tokens: torch.Size([6411, 94, 1, 128]). Sampled tokens: torch.Size([747, 94, 1, 128])
2026-09-07 12:49:25,773 - root - INFO - DONE SVD for data at
2026-09-07 12:49:25,812 - root - INFO - tp_9_pp_0/KV.V: mu=torch.Size([12032]) U=torch.Size([200108, 10000]) S=torch.Size([10000]) V=torch.Size([12032, 10000])
2026-09-07 12:49:26,015 - root - INFO - Loaded (1336, 94, 1, 128) from 8dfa5e5abb0348f9b2de011e342097a2
2026-09-07 12:49:26,024 - root - INFO - Original tokens: torch.Size([1336, 94, 1, 128]). Sampled tokens: torch.Size([730, 94, 1, 128])
2026-09-07 12:49:26,734 - root - INFO - Saved SVD artifact for worker=tp_9_pp_0 kv=V at /root/.cache/KVTC/calibrations/Qwen3-235B-A22B-7d34567f/tp-16-pp-1/config-e4bf2892e3ff71a0/v1-noquant/kvtc.pt.tmp.svd-artifacts/kvtc-v1-noquant_N-200000_policy-relaxed_q-10000_niter-2_47be5bd14dfc2df390d52b125ddf4de9a8e24ff8fac703c8ce7dc2f3d2a38d5a/selection-bb6b2a452c81d257aa23b88b7de6515a2e083e8491dbca22f15e188670cbd4a2/tp_9_pp_0-V.pt
2026-09-07 12:49:26,735 - root - INFO - START SVD for data at [PosixPath('/root/.cache/KVTC/calibrations/Qwen3-235B-A22B-7d34567f/tp-16-pp-1/config-e4bf2892e3ff71a0/dump/fineweb'), PosixPath('/root/.cache/KVTC/calibrations/Qwen3-235B-A22B-7d34567f/tp-16-pp-1/config-e4bf2892e3ff71a0/dump/openmath')]/KV.K* q=10000 iter=2
2026-09-07 12:49:26,735 - root - INFO - Load tensors, undo rope and sample
2026-09-07 12:49:27,084 - root - INFO - Loaded (2436, 94, 1, 128) from 7f044385892942b6839bd20c05ea6582
2026-09-07 12:49:27,096 - root - INFO - Original tokens: torch.Size([2436, 94, 1, 128]). Sampled tokens: torch.Size([730, 94, 1, 128])
2026-09-07 12:49:27,275 - root - INFO - Loaded (7226, 94, 1, 128) from fd7886e348474dd39d0a272f0381c14b
2026-09-07 12:49:27,351 - root - INFO - Original tokens: torch.Size([7226, 94, 1, 128]). Sampled tokens: torch.Size([747, 94, 1, 128])
2026-09-07 12:49:27,399 - root - INFO - Loaded (1336, 94, 1, 128) from 8dfa5e5abb0348f9b2de011e342097a2
2026-09-07 12:49:27,450 - root - INFO - Original tokens: torch.Size([1336, 94, 1, 128]). Sampled tokens: torch.Size([730, 94, 1, 128])
2026-09-07 12:49:27,836 - root - INFO - Loaded (2068, 94, 1, 128) from cc1875751ad64c5097a8ede1d232f11e
2026-09-07 12:49:27,848 - root - INFO - Original tokens: torch.Size([2068, 94, 1, 128]). Sampled tokens: torch.Size([730, 94, 1, 128])
2026-09-07 12:49:28,176 - root - INFO - Loaded (2123, 94, 1, 128) from 6afaec34a4a34c39ac568d7b7e93acc6
2026-09-07 12:49:28,225 - root - INFO - Original tokens: torch.Size([2123, 94, 1, 128]). Sampled tokens: torch.Size([730, 94, 1, 128])
2026-09-07 12:49:28,562 - root - INFO - Loaded (1942, 94, 1, 128) from f6bd9c7b0f8f41d4b62a4aed50f77c29
2026-09-07 12:49:28,574 - root - INFO - Original tokens: torch.Size([1942, 94, 1, 128]). Sampled tokens: torch.Size([730, 94, 1, 128])
2026-09-07 12:49:28,833 - root - INFO - Loaded (1027, 94, 1, 128) from ec21efb8eb844e16beebcff0467e4f99
2026-09-07 12:49:28,883 - root - INFO - Original tokens: torch.Size([1027, 94, 1, 128]). Sampled tokens: torch.Size([730, 94, 1, 128])
2026-09-07 12:49:29,237 - root - INFO - Loaded (8419, 94, 1, 128) from 3263fb0f19ab437a9791ba5f9b5f52e8
2026-09-07 12:49:29,316 - root - INFO - Original tokens: torch.Size([8419, 94, 1, 128]). Sampled tokens: torch.Size([747, 94, 1, 128])
2026-09-07 12:49:29,373 - root - INFO - Loaded (2698, 94, 1, 128) from cdeb6438942e42e6ba51c2406f74d083
2026-09-07 12:49:29,384 - root - INFO - Original tokens: torch.Size([2698, 94, 1, 128]). Sampled tokens: torch.Size([730, 94, 1, 128])
2026-09-07 12:49:29,576 - root - INFO - Loaded (1520, 94, 1, 128) from 5869f4575ef2449fba3299f82c5370d9
2026-09-07 12:49:29,627 - root - INFO - Original tokens: torch.Size([1520, 94, 1, 128]). Sampled tokens: torch.Size([730, 94, 1, 128])
2026-09-07 12:49:30,108 - root - INFO - Loaded (2152, 94, 1, 128) from 08e6ddcd7c2c46c58dfcd57996879c22
2026-09-07 12:49:30,120 - root - INFO - Original tokens: torch.Size([2152, 94, 1, 128]). Sampled tokens: torch.Size([730, 94, 1, 128])
2026-09-07 12:49:30,394 - root - INFO - Loaded (3046, 94, 1, 128) from bda6ca976a064c8cb10cbad2c5709604
2026-09-07 12:49:30,448 - root - INFO - Original tokens: torch.Size([3046, 94, 1, 128]). Sampled tokens: torch.Size([730, 94, 1, 128])
2026-09-07 12:49:30,732 - root - INFO - Loaded (1392, 94, 1, 128) from 348e174acc804b2fbc5c396d1370f4e8
2026-09-07 12:49:30,741 - root - INFO - Original tokens: torch.Size([1392, 94, 1, 128]). Sampled tokens: torch.Size([730, 94, 1, 128])
2026-09-07 12:49:31,068 - root - INFO - Loaded (1285, 94, 1, 128) from e376401fee964a2e9d2beab91210933f
2026-09-07 12:49:31,119 - root - INFO - Original tokens: torch.Size([1285, 94, 1, 128]). Sampled tokens: torch.Size([730, 94, 1, 128])
2026-09-07 12:49:31,376 - root - INFO - Loaded (1385, 94, 1, 128) from 18625e8fd76042e48b67fd209bd1f23d
2026-09-07 12:49:31,387 - root - INFO - Original tokens: torch.Size([1385, 94, 1, 128]). Sampled tokens: torch.Size([730, 94, 1, 128])
2026-09-07 12:49:31,832 - root - INFO - Loaded (1993, 94, 1, 128) from f57ac27b0e364574a95702cd68ba5c44
2026-09-07 12:49:31,883 - root - INFO - Original tokens: torch.Size([1993, 94, 1, 128]). Sampled tokens: torch.Size([730, 94, 1, 128])
2026-09-07 12:49:32,092 - root - INFO - Loaded (2238, 94, 1, 128) from 0112e6cec4a94743929c6d7dc8e81a5a
2026-09-07 12:49:32,104 - root - INFO - Original tokens: torch.Size([2238, 94, 1, 128]). Sampled tokens: torch.Size([730, 94, 1, 128])
2026-09-07 12:49:32,561 - root - INFO - Loaded (16415, 94, 1, 128) from 4315588118614f29ab2fcc1ae40a09d2
2026-09-07 12:49:32,571 - root - INFO - Loaded (2031, 94, 1, 128) from 17ec14b5a82b4d2aacfb0e771838bc47
2026-09-07 12:49:32,660 - root - INFO - Original tokens: torch.Size([16415, 94, 1, 128]). Sampled tokens: torch.Size([747, 94, 1, 128])
2026-09-07 12:49:32,669 - root - INFO - Original tokens: torch.Size([2031, 94, 1, 128]). Sampled tokens: torch.Size([730, 94, 1, 128])
2026-09-07 12:49:32,908 - root - INFO - Loaded (2642, 94, 1, 128) from 70b4c498458b438bbabd32e705e29e81
2026-09-07 12:49:32,922 - root - INFO - Original tokens: torch.Size([2642, 94, 1, 128]). Sampled tokens: torch.Size([730, 94, 1, 128])
2026-09-07 12:49:33,318 - root - INFO - Loaded (1392, 94, 1, 128) from 348e174acc804b2fbc5c396d1370f4e8
2026-09-07 12:49:33,365 - root - INFO - Original tokens: torch.Size([1392, 94, 1, 128]). Sampled tokens: torch.Size([730, 94, 1, 128])
2026-09-07 12:49:33,400 - root - INFO - Loaded (2337, 94, 1, 128) from 4ad4732bf4d94d86a2f484537aa0be46
2026-09-07 12:49:33,450 - root - INFO - Original tokens: torch.Size([2337, 94, 1, 128]). Sampled tokens: torch.Size([747, 94, 1, 128])
2026-09-07 12:49:33,556 - root - INFO - Loaded (1390, 94, 1, 128) from 1f9157dd6999405597a1e5e054167dd3
2026-09-07 12:49:33,566 - root - INFO - Original tokens: torch.Size([1390, 94, 1, 128]). Sampled tokens: torch.Size([730, 94, 1, 128])
2026-09-07 12:49:34,088 - root - INFO - Loaded (1440, 94, 1, 128) from 3944c6833ec740be92b4489a598393b7
2026-09-07 12:49:34,120 - root - INFO - Loaded (2672, 94, 1, 128) from 2f223bc98be44e54af5670bd5770fed9
2026-09-07 12:49:34,133 - root - INFO - Original tokens: torch.Size([1440, 94, 1, 128]). Sampled tokens: torch.Size([747, 94, 1, 128])
2026-09-07 12:49:34,170 - root - INFO - Original tokens: torch.Size([2672, 94, 1, 128]). Sampled tokens: torch.Size([730, 94, 1, 128])
2026-09-07 12:49:34,250 - root - INFO - Loaded (1974, 94, 1, 128) from e7d7c3adf750434f9f3949486f1d95ae
2026-09-07 12:49:34,261 - root - INFO - Original tokens: torch.Size([1974, 94, 1, 128]). Sampled tokens: torch.Size([730, 94, 1, 128])
2026-09-07 12:49:34,932 - root - INFO - Loaded (2860, 94, 1, 128) from 36086a9ddcaa41699a33757f4c7fe1cc
2026-09-07 12:49:34,977 - root - INFO - Loaded (1808, 94, 1, 128) from bfe2ae00a26445bbb51d36443169f79d
2026-09-07 12:49:34,979 - root - INFO - Original tokens: torch.Size([2860, 94, 1, 128]). Sampled tokens: torch.Size([747, 94, 1, 128])
2026-09-07 12:49:34,987 - root - INFO - Original tokens: torch.Size([1808, 94, 1, 128]). Sampled tokens: torch.Size([730, 94, 1, 128])
2026-09-07 12:49:35,065 - root - INFO - Loaded (3948, 94, 1, 128) from b7d24de017fe43faa704ab128c949d91
2026-09-07 12:49:35,124 - root - INFO - Original tokens: torch.Size([3948, 94, 1, 128]). Sampled tokens: torch.Size([730, 94, 1, 128])
2026-09-07 12:49:35,731 - root - INFO - Loaded (2149, 94, 1, 128) from 959996749b0043b1aa2497642c57b12c
2026-09-07 12:49:35,741 - root - INFO - Original tokens: torch.Size([2149, 94, 1, 128]). Sampled tokens: torch.Size([730, 94, 1, 128])
2026-09-07 12:49:35,899 - root - INFO - Loaded (2436, 94, 1, 128) from 7f044385892942b6839bd20c05ea6582
2026-09-07 12:49:35,949 - root - INFO - Original tokens: torch.Size([2436, 94, 1, 128]). Sampled tokens: torch.Size([730, 94, 1, 128])
2026-09-07 12:49:35,979 - root - INFO - Loaded (4402, 94, 1, 128) from 0cc95ecf3285487ba3dc5ef3990679eb
2026-09-07 12:49:36,031 - root - INFO - Original tokens: torch.Size([4402, 94, 1, 128]). Sampled tokens: torch.Size([747, 94, 1, 128])
2026-09-07 12:49:36,567 - root - INFO - Loaded (4003, 94, 1, 128) from ab1ccef4ee084a978d242fc0def5c922
2026-09-07 12:49:36,576 - root - INFO - Original tokens: torch.Size([4003, 94, 1, 128]). Sampled tokens: torch.Size([730, 94, 1, 128])
2026-09-07 12:49:36,711 - root - INFO - Loaded (2574, 94, 1, 128) from 969aa6d05a724186aa2dc4d285cf86c9
2026-09-07 12:49:36,759 - root - INFO - Original tokens: torch.Size([2574, 94, 1, 128]). Sampled tokens: torch.Size([730, 94, 1, 128])
2026-09-07 12:49:37,227 - root - INFO - Loaded (1739, 94, 1, 128) from 5ac46a3790e04cc3b5ef9bb66870cf15
2026-09-07 12:49:37,237 - root - INFO - Original tokens: torch.Size([1739, 94, 1, 128]). Sampled tokens: torch.Size([730, 94, 1, 128])
2026-09-07 12:49:37,390 - root - INFO - Loaded (1270, 94, 1, 128) from 36813b9e7f804fc3b59697b7be5dd5d8
2026-09-07 12:49:37,442 - root - INFO - Original tokens: torch.Size([1270, 94, 1, 128]). Sampled tokens: torch.Size([730, 94, 1, 128])
2026-09-07 12:49:37,939 - root - INFO - Loaded (2179, 94, 1, 128) from 95d5b21b863548a4937a9ef45408f550
2026-09-07 12:49:37,949 - root - INFO - Original tokens: torch.Size([2179, 94, 1, 128]). Sampled tokens: torch.Size([730, 94, 1, 128])
2026-09-07 12:49:38,135 - root - INFO - Loaded (1915, 94, 1, 128) from a94982751d02421e808f08cf2d87d65d
2026-09-07 12:49:38,162 - root - INFO - Loaded (11225, 94, 1, 128) from a63e9c95b44c4c7a96bec21dbfa95e08
2026-09-07 12:49:38,207 - root - INFO - Original tokens: torch.Size([1915, 94, 1, 128]). Sampled tokens: torch.Size([730, 94, 1, 128])
2026-09-07 12:49:38,258 - root - INFO - Original tokens: torch.Size([11225, 94, 1, 128]). Sampled tokens: torch.Size([747, 94, 1, 128])
2026-09-07 12:49:38,693 - root - INFO - Loaded (2576, 94, 1, 128) from e22adb59c0fd4b08a638265a012db106
2026-09-07 12:49:38,703 - root - INFO - Original tokens: torch.Size([2576, 94, 1, 128]). Sampled tokens: torch.Size([730, 94, 1, 128])
2026-09-07 12:49:38,840 - root - INFO - Loaded (1130, 94, 1, 128) from 46e1fb49284646f5b711e119ffbb0b18
2026-09-07 12:49:38,887 - root - INFO - Original tokens: torch.Size([1130, 94, 1, 128]). Sampled tokens: torch.Size([730, 94, 1, 128])
2026-09-07 12:49:39,352 - root - INFO - Loaded (1301, 94, 1, 128) from 773f008d4b344d9cb393ae43ad0e550f
2026-09-07 12:49:39,364 - root - INFO - Original tokens: torch.Size([1301, 94, 1, 128]). Sampled tokens: torch.Size([730, 94, 1, 128])
2026-09-07 12:49:39,578 - root - INFO - Loaded (1681, 94, 1, 128) from d5337f72fa80412ba863f9e5c5559d25
2026-09-07 12:49:39,627 - root - INFO - Original tokens: torch.Size([1681, 94, 1, 128]). Sampled tokens: torch.Size([730, 94, 1, 128])
2026-09-07 12:49:40,335 - root - INFO - Loaded (8781, 94, 1, 128) from f6eb2c3a0c2b4e83898c0ee25b70f4f8
2026-09-07 12:49:40,363 - root - INFO - Loaded (2152, 94, 1, 128) from 08e6ddcd7c2c46c58dfcd57996879c22
2026-09-07 12:49:40,386 - root - INFO - Loaded (4571, 94, 1, 128) from 578d95973340420090533380f88eafbd
2026-09-07 12:49:40,399 - root - INFO - Original tokens: torch.Size([4571, 94, 1, 128]). Sampled tokens: torch.Size([730, 94, 1, 128])
2026-09-07 12:49:40,417 - root - INFO - Original tokens: torch.Size([8781, 94, 1, 128]). Sampled tokens: torch.Size([747, 94, 1, 128])
2026-09-07 12:49:40,436 - root - INFO - Original tokens: torch.Size([2152, 94, 1, 128]). Sampled tokens: torch.Size([730, 94, 1, 128])
2026-09-07 12:49:40,992 - root - INFO - Loaded (1137, 94, 1, 128) from 9cc2b84cd4e840cc9ddfdfcaca0e44cc
2026-09-07 12:49:41,000 - root - INFO - Original tokens: torch.Size([1137, 94, 1, 128]). Sampled tokens: torch.Size([730, 94, 1, 128])
2026-09-07 12:49:41,041 - root - INFO - Loaded (1346, 94, 1, 128) from 0348b79d0ae1499f8e8325bd4575209a
2026-09-07 12:49:41,088 - root - INFO - Original tokens: torch.Size([1346, 94, 1, 128]). Sampled tokens: torch.Size([730, 94, 1, 128])
2026-09-07 12:49:41,135 - root - INFO - Loaded (2296, 94, 1, 128) from 672be4366b6142b0b338d59f19c73a9a
2026-09-07 12:49:41,184 - root - INFO - Original tokens: torch.Size([2296, 94, 1, 128]). Sampled tokens: torch.Size([747, 94, 1, 128])
2026-09-07 12:49:41,590 - root - INFO - Loaded (1346, 94, 1, 128) from 0c76ac4183ec46e290c18b806de9f69f
2026-09-07 12:49:41,600 - root - INFO - Original tokens: torch.Size([1346, 94, 1, 128]). Sampled tokens: torch.Size([730, 94, 1, 128])
2026-09-07 12:49:41,946 - root - INFO - Loaded (4045, 94, 1, 128) from 0c60800890ec489f9910e48b5e51f19d
2026-09-07 12:49:42,002 - root - INFO - Original tokens: torch.Size([4045, 94, 1, 128]). Sampled tokens: torch.Size([730, 94, 1, 128])
2026-09-07 12:49:42,363 - root - INFO - Loaded (2671, 94, 1, 128) from 4b84851d93824fbcbe37208f36eddbbb
2026-09-07 12:49:42,375 - root - INFO - Original tokens: torch.Size([2671, 94, 1, 128]). Sampled tokens: torch.Size([730, 94, 1, 128])
2026-09-07 12:49:42,512 - root - INFO - Loaded (6897, 94, 1, 128) from 006de4b30a8345e0a0ae05a7ead73c3f
2026-09-07 12:49:42,577 - root - INFO - Original tokens: torch.Size([6897, 94, 1, 128]). Sampled tokens: torch.Size([747, 94, 1, 128])
2026-09-07 12:49:42,682 - root - INFO - Loaded (1125, 94, 1, 128) from ab92e0b6b48f4edb9bc0603c16818f35
2026-09-07 12:49:42,729 - root - INFO - Original tokens: torch.Size([1125, 94, 1, 128]). Sampled tokens: torch.Size([730, 94, 1, 128])
2026-09-07 12:49:43,476 - root - INFO - Loaded (4623, 94, 1, 128) from 95d84c91ad4e477d9dc22cc77dec8127
2026-09-07 12:49:43,483 - root - INFO - Loaded (1942, 94, 1, 128) from f6bd9c7b0f8f41d4b62a4aed50f77c29
2026-09-07 12:49:43,488 - root - INFO - Original tokens: torch.Size([4623, 94, 1, 128]). Sampled tokens: torch.Size([730, 94, 1, 128])
2026-09-07 12:49:43,531 - root - INFO - Original tokens: torch.Size([1942, 94, 1, 128]). Sampled tokens: torch.Size([730, 94, 1, 128])
2026-09-07 12:49:44,220 - root - INFO - Loaded (1876, 94, 1, 128) from 2ce81010b5124d159691015d3af32319
2026-09-07 12:49:44,224 - root - INFO - Loaded (1618, 94, 1, 128) from 4ac62cfbcc4b4463852a1b0caf43f2c9
2026-09-07 12:49:44,235 - root - INFO - Original tokens: torch.Size([1876, 94, 1, 128]). Sampled tokens: torch.Size([730, 94, 1, 128])
2026-09-07 12:49:44,276 - root - INFO - Original tokens: torch.Size([1618, 94, 1, 128]). Sampled tokens: torch.Size([730, 94, 1, 128])
2026-09-07 12:49:44,913 - root - INFO - Loaded (1346, 94, 1, 128) from 0348b79d0ae1499f8e8325bd4575209a
2026-09-07 12:49:44,922 - root - INFO - Original tokens: torch.Size([1346, 94, 1, 128]). Sampled tokens: torch.Size([730, 94, 1, 128])
2026-09-07 12:49:44,930 - root - INFO - Loaded (1170, 94, 1, 128) from b4d611e719f24f2487daaa615dbc68e7
2026-09-07 12:49:44,975 - root - INFO - Original tokens: torch.Size([1170, 94, 1, 128]). Sampled tokens: torch.Size([730, 94, 1, 128])
2026-09-07 12:49:45,128 - root - INFO - Loaded (12305, 94, 1, 128) from b3a873cd575d4f2ba8256d73d92efd05
2026-09-07 12:49:45,223 - root - INFO - Original tokens: torch.Size([12305, 94, 1, 128]). Sampled tokens: torch.Size([747, 94, 1, 128])
2026-09-07 12:49:45,623 - root - INFO - Loaded (1206, 94, 1, 128) from ad161e6dfec8465d9837a4c8e3c9b53b
2026-09-07 12:49:45,632 - root - INFO - Original tokens: torch.Size([1206, 94, 1, 128]). Sampled tokens: torch.Size([730, 94, 1, 128])
2026-09-07 12:49:45,821 - root - INFO - Loaded (3170, 94, 1, 128) from c0d4c301323f43e8b7a09743e3374bf0
2026-09-07 12:49:45,872 - root - INFO - Original tokens: torch.Size([3170, 94, 1, 128]). Sampled tokens: torch.Size([730, 94, 1, 128])
2026-09-07 12:49:45,953 - root - INFO - Loaded (1882, 94, 1, 128) from c0410122e6144464a505813f7e2979ab
2026-09-07 12:49:45,999 - root - INFO - Original tokens: torch.Size([1882, 94, 1, 128]). Sampled tokens: torch.Size([747, 94, 1, 128])
2026-09-07 12:49:46,348 - root - INFO - Loaded (2072, 94, 1, 128) from e31935d8d92749889cdb59e6dbaba559
2026-09-07 12:49:46,358 - root - INFO - Original tokens: torch.Size([2072, 94, 1, 128]). Sampled tokens: torch.Size([730, 94, 1, 128])
2026-09-07 12:49:46,680 - root - INFO - Loaded (2831, 94, 1, 128) from bf2c445287b840d78c21d61b89323e8b
2026-09-07 12:49:46,728 - root - INFO - Original tokens: torch.Size([2831, 94, 1, 128]). Sampled tokens: torch.Size([730, 94, 1, 128])
2026-09-07 12:49:46,996 - root - INFO - Loaded (1100, 94, 1, 128) from 1ec5884670a84c9eb620ede8ce02182d
2026-09-07 12:49:47,005 - root - INFO - Original tokens: torch.Size([1100, 94, 1, 128]). Sampled tokens: torch.Size([730, 94, 1, 128])
2026-09-07 12:49:47,167 - root - INFO - Loaded (5593, 94, 1, 128) from 0736ac928c4b4ba196716b7612b43606
2026-09-07 12:49:47,232 - root - INFO - Original tokens: torch.Size([5593, 94, 1, 128]). Sampled tokens: torch.Size([747, 94, 1, 128])
2026-09-07 12:49:47,397 - root - INFO - Loaded (1550, 94, 1, 128) from 1e2890e3b41a40c2b525ee76a9be30fd
2026-09-07 12:49:47,445 - root - INFO - Original tokens: torch.Size([1550, 94, 1, 128]). Sampled tokens: torch.Size([730, 94, 1, 128])
2026-09-07 12:49:47,655 - root - INFO - Loaded (1285, 94, 1, 128) from e376401fee964a2e9d2beab91210933f
2026-09-07 12:49:47,667 - root - INFO - Original tokens: torch.Size([1285, 94, 1, 128]). Sampled tokens: torch.Size([730, 94, 1, 128])
2026-09-07 12:49:48,045 - root - INFO - Loaded (1100, 94, 1, 128) from 1ec5884670a84c9eb620ede8ce02182d
2026-09-07 12:49:48,092 - root - INFO - Original tokens: torch.Size([1100, 94, 1, 128]). Sampled tokens: torch.Size([730, 94, 1, 128])
2026-09-07 12:49:48,456 - root - INFO - Loaded (2355, 94, 1, 128) from 12cfa828bde0487fa654227fd72d9e1d
2026-09-07 12:49:48,467 - root - INFO - Original tokens: torch.Size([2355, 94, 1, 128]). Sampled tokens: torch.Size([730, 94, 1, 128])
2026-09-07 12:49:48,679 - root - INFO - Loaded (7297, 94, 1, 128) from f2ea10eadee84558b38d4dfe3709e7e5
2026-09-07 12:49:48,760 - root - INFO - Original tokens: torch.Size([7297, 94, 1, 128]). Sampled tokens: torch.Size([747, 94, 1, 128])
2026-09-07 12:49:49,174 - root - INFO - Loaded (4571, 94, 1, 128) from 578d95973340420090533380f88eafbd
2026-09-07 12:49:49,194 - root - INFO - Loaded (2031, 94, 1, 128) from f50aa7f70ea74ef785a6fcf2cf3639f4
2026-09-07 12:49:49,204 - root - INFO - Original tokens: torch.Size([2031, 94, 1, 128]). Sampled tokens: torch.Size([730, 94, 1, 128])
2026-09-07 12:49:49,232 - root - INFO - Original tokens: torch.Size([4571, 94, 1, 128]). Sampled tokens: torch.Size([730, 94, 1, 128])
2026-09-07 12:49:49,779 - root - INFO - Loaded (4196, 94, 1, 128) from 5b2b6b6f00bd4fd98c4c7c52b00e95bd
2026-09-07 12:49:49,835 - root - INFO - Original tokens: torch.Size([4196, 94, 1, 128]). Sampled tokens: torch.Size([747, 94, 1, 128])
2026-09-07 12:49:49,939 - root - INFO - Loaded (2183, 94, 1, 128) from f81eb00f5fea45cab78d1079f2822932
2026-09-07 12:49:49,945 - root - INFO - Loaded (1956, 94, 1, 128) from 90aa5dee330e4aeebe210df6ae589813
2026-09-07 12:49:49,950 - root - INFO - Original tokens: torch.Size([2183, 94, 1, 128]). Sampled tokens: torch.Size([730, 94, 1, 128])
2026-09-07 12:49:49,991 - root - INFO - Original tokens: torch.Size([1956, 94, 1, 128]). Sampled tokens: torch.Size([730, 94, 1, 128])
2026-09-07 12:49:50,732 - root - INFO - Loaded (2051, 94, 1, 128) from ac5b43bae9bf464c90df7491fbddf0f3
2026-09-07 12:49:50,742 - root - INFO - Original tokens: torch.Size([2051, 94, 1, 128]). Sampled tokens: torch.Size([730, 94, 1, 128])
2026-09-07 12:49:50,836 - root - INFO - Loaded (3062, 94, 1, 128) from ff281c89f8664de78bf68eff97a817d8
2026-09-07 12:49:50,891 - root - INFO - Original tokens: torch.Size([3062, 94, 1, 128]). Sampled tokens: torch.Size([730, 94, 1, 128])
2026-09-07 12:49:51,434 - root - INFO - Loaded (1159, 94, 1, 128) from 722893802e604992943d897094ac4934
2026-09-07 12:49:51,443 - root - INFO - Original tokens: torch.Size([1159, 94, 1, 128]). Sampled tokens: torch.Size([730, 94, 1, 128])
2026-09-07 12:49:51,732 - root - INFO - Loaded (2626, 94, 1, 128) from 498d4495264640d5aa7efb1188fdd8d3
2026-09-07 12:49:51,779 - root - INFO - Original tokens: torch.Size([2626, 94, 1, 128]). Sampled tokens: torch.Size([730, 94, 1, 128])
2026-09-07 12:49:52,115 - root - INFO - Loaded (1075, 94, 1, 128) from 6b35618ca35d486b865a0f8e88654a6f
2026-09-07 12:49:52,126 - root - INFO - Original tokens: torch.Size([1075, 94, 1, 128]). Sampled tokens: torch.Size([730, 94, 1, 128])
2026-09-07 12:49:52,541 - root - INFO - Loaded (2051, 94, 1, 128) from ac5b43bae9bf464c90df7491fbddf0f3
2026-09-07 12:49:52,591 - root - INFO - Original tokens: torch.Size([2051, 94, 1, 128]). Sampled tokens: torch.Size([730, 94, 1, 128])
2026-09-07 12:49:52,838 - root - INFO - Loaded (1550, 94, 1, 128) from 1e2890e3b41a40c2b525ee76a9be30fd
2026-09-07 12:49:52,848 - root - INFO - Original tokens: torch.Size([1550, 94, 1, 128]). Sampled tokens: torch.Size([730, 94, 1, 128])
2026-09-07 12:49:53,320 - root - INFO - Loaded (2010, 94, 1, 128) from 9b412dcb0f854454acd0bea9e2c9b621
2026-09-07 12:49:53,373 - root - INFO - Original tokens: torch.Size([2010, 94, 1, 128]). Sampled tokens: torch.Size([730, 94, 1, 128])
2026-09-07 12:49:53,629 - root - INFO - Loaded (2223, 94, 1, 128) from 58b4972e7ccf4e659e39bcfc3bbab399
2026-09-07 12:49:53,641 - root - INFO - Original tokens: torch.Size([2223, 94, 1, 128]). Sampled tokens: torch.Size([730, 94, 1, 128])
2026-09-07 12:49:53,901 - root - INFO - Loaded (19783, 94, 1, 128) from 206da347f69e4f8dbea26b62b7af08f2
2026-09-07 12:49:54,022 - root - INFO - Original tokens: torch.Size([19783, 94, 1, 128]). Sampled tokens: torch.Size([747, 94, 1, 128])
2026-09-07 12:49:54,227 - root - INFO - Loaded (1974, 94, 1, 128) from e7d7c3adf750434f9f3949486f1d95ae
2026-09-07 12:49:54,279 - root - INFO - Original tokens: torch.Size([1974, 94, 1, 128]). Sampled tokens: torch.Size([730, 94, 1, 128])
2026-09-07 12:49:54,483 - root - INFO - Loaded (2262, 94, 1, 128) from 2624c40224ac468dbf7478345b92d0f4
2026-09-07 12:49:54,497 - root - INFO - Original tokens: torch.Size([2262, 94, 1, 128]). Sampled tokens: torch.Size([730, 94, 1, 128])
2026-09-07 12:49:54,754 - root - INFO - Loaded (1927, 94, 1, 128) from d1448a5ce2ec4db39a6bfb8daa22bec9
2026-09-07 12:49:54,804 - root - INFO - Original tokens: torch.Size([1927, 94, 1, 128]). Sampled tokens: torch.Size([747, 94, 1, 128])
2026-09-07 12:49:55,101 - root - INFO - Loaded (3310, 94, 1, 128) from b5280a6cf8984fafa72031954c07512f
2026-09-07 12:49:55,162 - root - INFO - Original tokens: torch.Size([3310, 94, 1, 128]). Sampled tokens: torch.Size([730, 94, 1, 128])
2026-09-07 12:49:55,203 - root - INFO - Loaded (1389, 94, 1, 128) from 6189a2149aec449881d530c477214690
2026-09-07 12:49:55,216 - root - INFO - Original tokens: torch.Size([1389, 94, 1, 128]). Sampled tokens: torch.Size([730, 94, 1, 128])
2026-09-07 12:49:55,642 - root - INFO - Loaded (3198, 94, 1, 128) from 12c9352d88954154a6f951327191485b
2026-09-07 12:49:55,699 - root - INFO - Original tokens: torch.Size([3198, 94, 1, 128]). Sampled tokens: torch.Size([747, 94, 1, 128])
2026-09-07 12:49:55,927 - root - INFO - Loaded (1863, 94, 1, 128) from be7ab77b0e89492da99b3cc1e607b982
2026-09-07 12:49:55,936 - root - INFO - Loaded (1843, 94, 1, 128) from 733c28a3fa58460aa15ebc2fd352c53a
2026-09-07 12:49:55,946 - root - INFO - Original tokens: torch.Size([1843, 94, 1, 128]). Sampled tokens: torch.Size([730, 94, 1, 128])
2026-09-07 12:49:55,984 - root - INFO - Original tokens: torch.Size([1863, 94, 1, 128]). Sampled tokens: torch.Size([730, 94, 1, 128])
2026-09-07 12:49:56,611 - root - INFO - Loaded (1450, 94, 1, 128) from 5d4b879ad98049daa51e8c11bf43ec42
2026-09-07 12:49:56,620 - root - INFO - Original tokens: torch.Size([1450, 94, 1, 128]). Sampled tokens: torch.Size([730, 94, 1, 128])
2026-09-07 12:49:56,645 - root - INFO - Loaded (1159, 94, 1, 128) from 722893802e604992943d897094ac4934
2026-09-07 12:49:56,704 - root - INFO - Original tokens: torch.Size([1159, 94, 1, 128]). Sampled tokens: torch.Size([730, 94, 1, 128])
2026-09-07 12:49:57,281 - root - INFO - Loaded (1443, 94, 1, 128) from 6b845ca9ef6e4f73a7a348e163081fd2
2026-09-07 12:49:57,292 - root - INFO - Original tokens: torch.Size([1443, 94, 1, 128]). Sampled tokens: torch.Size([730, 94, 1, 128])
2026-09-07 12:49:57,464 - root - INFO - Loaded (2072, 94, 1, 128) from e31935d8d92749889cdb59e6dbaba559
2026-09-07 12:49:57,523 - root - INFO - Original tokens: torch.Size([2072, 94, 1, 128]). Sampled tokens: torch.Size([730, 94, 1, 128])
2026-09-07 12:49:58,006 - root - INFO - Loaded (11385, 94, 1, 128) from e306b6ca010c40479f7c9fc932d24470
2026-09-07 12:49:58,128 - root - INFO - Original tokens: torch.Size([11385, 94, 1, 128]). Sampled tokens: torch.Size([747, 94, 1, 128])
2026-09-07 12:49:58,218 - root - INFO - Loaded (2756, 94, 1, 128) from c988840ad5b248439ea50388df69489c
2026-09-07 12:49:58,231 - root - INFO - Original tokens: torch.Size([2756, 94, 1, 128]). Sampled tokens: torch.Size([730, 94, 1, 128])
2026-09-07 12:49:58,280 - root - INFO - Loaded (1552, 94, 1, 128) from 75f7b5033c0c454fad372c8b2497ab74
2026-09-07 12:49:58,338 - root - INFO - Original tokens: torch.Size([1552, 94, 1, 128]). Sampled tokens: torch.Size([730, 94, 1, 128])
2026-09-07 12:49:59,233 - root - INFO - Loaded (2853, 94, 1, 128) from b2a35c63def24a2199f2dfcbd901387a
2026-09-07 12:49:59,250 - root - INFO - Loaded (1425, 94, 1, 128) from adb01e60b3f64174bb460113bc9ef619
2026-09-07 12:49:59,255 - root - INFO - Original tokens: torch.Size([2853, 94, 1, 128]). Sampled tokens: torch.Size([730, 94, 1, 128])
2026-09-07 12:49:59,312 - root - INFO - Original tokens: torch.Size([1425, 94, 1, 128]). Sampled tokens: torch.Size([730, 94, 1, 128])
2026-09-07 12:49:59,699 - root - INFO - Loaded (6233, 94, 1, 128) from 41d742aa399f4012b5817c42bdb135a0
2026-09-07 12:49:59,783 - root - INFO - Original tokens: torch.Size([6233, 94, 1, 128]). Sampled tokens: torch.Size([747, 94, 1, 128])
2026-09-07 12:50:00,098 - root - INFO - Loaded (1037, 94, 1, 128) from 9100d1a8d8404885979453721d316efe
2026-09-07 12:50:00,148 - root - INFO - Loaded (2439, 94, 1, 128) from 9921d3d871144b4abb9df9ae95b35638
2026-09-07 12:50:00,159 - root - INFO - Original tokens: torch.Size([2439, 94, 1, 128]). Sampled tokens: torch.Size([730, 94, 1, 128])
2026-09-07 12:50:00,173 - root - INFO - Original tokens: torch.Size([1037, 94, 1, 128]). Sampled tokens: torch.Size([730, 94, 1, 128])
2026-09-07 12:50:00,736 - root - INFO - Loaded (1878, 94, 1, 128) from 0550683dc6994bdf9d872746002fc601
2026-09-07 12:50:00,813 - root - INFO - Original tokens: torch.Size([1878, 94, 1, 128]). Sampled tokens: torch.Size([747, 94, 1, 128])
2026-09-07 12:50:01,109 - root - INFO - Loaded (1330, 94, 1, 128) from 4a9a02c624f24c86aa024887f0b73cc5
2026-09-07 12:50:01,166 - root - INFO - Original tokens: torch.Size([1330, 94, 1, 128]). Sampled tokens: torch.Size([730, 94, 1, 128])
2026-09-07 12:50:01,181 - root - INFO - Loaded (2894, 94, 1, 128) from a4864fca4946455f90b1e608952173f1
2026-09-07 12:50:01,192 - root - INFO - Original tokens: torch.Size([2894, 94, 1, 128]). Sampled tokens: torch.Size([730, 94, 1, 128])
2026-09-07 12:50:01,773 - root - INFO - Loaded (2308, 94, 1, 128) from 12841b52fb714c2aa6d953bb07e55963
2026-09-07 12:50:01,841 - root - INFO - Original tokens: torch.Size([2308, 94, 1, 128]). Sampled tokens: torch.Size([747, 94, 1, 128])
2026-09-07 12:50:02,175 - root - INFO - Loaded (1993, 94, 1, 128) from f57ac27b0e364574a95702cd68ba5c44
2026-09-07 12:50:02,187 - root - INFO - Original tokens: torch.Size([1993, 94, 1, 128]). Sampled tokens: torch.Size([730, 94, 1, 128])
2026-09-07 12:50:02,233 - root - INFO - Loaded (2533, 94, 1, 128) from cab54893964741498de64245c77895e3
2026-09-07 12:50:02,305 - root - INFO - Original tokens: torch.Size([2533, 94, 1, 128]). Sampled tokens: torch.Size([730, 94, 1, 128])
2026-09-07 12:50:02,863 - root - INFO - Loaded (2691, 94, 1, 128) from e0941380389a4ff8b94571b0fb6dadac
2026-09-07 12:50:02,935 - root - INFO - Original tokens: torch.Size([2691, 94, 1, 128]). Sampled tokens: torch.Size([747, 94, 1, 128])
2026-09-07 12:50:03,110 - root - INFO - Loaded (1868, 94, 1, 128) from a7c2915f1503449bba17bce3001de504
2026-09-07 12:50:03,121 - root - INFO - Original tokens: torch.Size([1868, 94, 1, 128]). Sampled tokens: torch.Size([730, 94, 1, 128])
2026-09-07 12:50:03,271 - root - INFO - Loaded (2179, 94, 1, 128) from 95d5b21b863548a4937a9ef45408f550
2026-09-07 12:50:03,354 - root - INFO - Original tokens: torch.Size([2179, 94, 1, 128]). Sampled tokens: torch.Size([730, 94, 1, 128])
2026-09-07 12:50:03,792 - root - INFO - Loaded (2049, 94, 1, 128) from f03c66c7763948f0be532e5ffc1e7523
2026-09-07 12:50:03,853 - root - INFO - Original tokens: torch.Size([2049, 94, 1, 128]). Sampled tokens: torch.Size([747, 94, 1, 128])
2026-09-07 12:50:04,042 - root - INFO - Loaded (1435, 94, 1, 128) from d8d4cd1ac05a4b2bb6a01b86f6d6989b
2026-09-07 12:50:04,055 - root - INFO - Original tokens: torch.Size([1435, 94, 1, 128]). Sampled tokens: torch.Size([730, 94, 1, 128])
2026-09-07 12:50:04,234 - root - INFO - Loaded (1950, 94, 1, 128) from baf0d2a2ece7420099136cfbfb8d0f7f
2026-09-07 12:50:04,293 - root - INFO - Original tokens: torch.Size([1950, 94, 1, 128]). Sampled tokens: torch.Size([730, 94, 1, 128])
2026-09-07 12:50:04,674 - root - INFO - Loaded (1855, 94, 1, 128) from 46595915f9ba4623a85abdcae96d9f37
2026-09-07 12:50:04,727 - root - INFO - Original tokens: torch.Size([1855, 94, 1, 128]). Sampled tokens: torch.Size([747, 94, 1, 128])
2026-09-07 12:50:04,861 - root - INFO - Loaded (2533, 94, 1, 128) from cab54893964741498de64245c77895e3
2026-09-07 12:50:04,876 - root - INFO - Original tokens: torch.Size([2533, 94, 1, 128]). Sampled tokens: torch.Size([730, 94, 1, 128])
2026-09-07 12:50:05,065 - root - INFO - Loaded (2319, 94, 1, 128) from fb4475051e6c49bc8f6c4642b2e8c81a
2026-09-07 12:50:05,128 - root - INFO - Original tokens: torch.Size([2319, 94, 1, 128]). Sampled tokens: torch.Size([730, 94, 1, 128])
2026-09-07 12:50:05,396 - root - INFO - Loaded (1107, 94, 1, 128) from ba99d5dc576b4734adca64a26fb1a335
2026-09-07 12:50:05,459 - root - INFO - Original tokens: torch.Size([1107, 94, 1, 128]). Sampled tokens: torch.Size([747, 94, 1, 128])
2026-09-07 12:50:05,976 - root - INFO - Loaded (2761, 94, 1, 128) from 416748fb105f467cb63e5916f6ff8c5b
2026-09-07 12:50:06,039 - root - INFO - Original tokens: torch.Size([2761, 94, 1, 128]). Sampled tokens: torch.Size([730, 94, 1, 128])
2026-09-07 12:50:06,276 - root - INFO - Loaded (6229, 94, 1, 128) from 9fe872b186684cebb2f507d9b2d05a8e
2026-09-07 12:50:06,292 - root - INFO - Original tokens: torch.Size([6229, 94, 1, 128]). Sampled tokens: torch.Size([730, 94, 1, 128])
2026-09-07 12:50:06,799 - root - INFO - Loaded (1728, 94, 1, 128) from 41b3e04f06304a5c8e50154b66390d1d
2026-09-07 12:50:06,861 - root - INFO - Original tokens: torch.Size([1728, 94, 1, 128]). Sampled tokens: torch.Size([730, 94, 1, 128])
2026-09-07 12:50:06,951 - root - INFO - Loaded (7011, 94, 1, 128) from e397a745e52c4df9b02155fc3d2dcf95
2026-09-07 12:50:07,032 - root - INFO - Original tokens: torch.Size([7011, 94, 1, 128]). Sampled tokens: torch.Size([747, 94, 1, 128])
2026-09-07 12:50:07,243 - root - INFO - Loaded (2761, 94, 1, 128) from 416748fb105f467cb63e5916f6ff8c5b
2026-09-07 12:50:07,261 - root - INFO - Original tokens: torch.Size([2761, 94, 1, 128]). Sampled tokens: torch.Size([730, 94, 1, 128])
2026-09-07 12:50:07,704 - root - INFO - Loaded (1912, 94, 1, 128) from e53655ce27d241f0acf33c2079172e47
2026-09-07 12:50:07,771 - root - INFO - Original tokens: torch.Size([1912, 94, 1, 128]). Sampled tokens: torch.Size([730, 94, 1, 128])
2026-09-07 12:50:07,912 - root - INFO - Loaded (3643, 94, 1, 128) from 1189ef8800354c868eb05623accac675
2026-09-07 12:50:07,983 - root - INFO - Original tokens: torch.Size([3643, 94, 1, 128]). Sampled tokens: torch.Size([747, 94, 1, 128])
2026-09-07 12:50:07,991 - root - INFO - Loaded (1132, 94, 1, 128) from 1ec0cf8c03334d998f1d83da28f13494
2026-09-07 12:50:08,005 - root - INFO - Original tokens: torch.Size([1132, 94, 1, 128]). Sampled tokens: torch.Size([730, 94, 1, 128])
2026-09-07 12:50:08,928 - root - INFO - Loaded (3282, 94, 1, 128) from 11f10ad7e3e644b0bb37591a47656aab
2026-09-07 12:50:08,987 - root - INFO - Loaded (4045, 94, 1, 128) from 0c60800890ec489f9910e48b5e51f19d
2026-09-07 12:50:08,991 - root - INFO - Original tokens: torch.Size([3282, 94, 1, 128]). Sampled tokens: torch.Size([747, 94, 1, 128])
2026-09-07 12:50:09,005 - root - INFO - Loaded (5330, 94, 1, 128) from ea351a94db47476ca5cd1b5101809a9f
2026-09-07 12:50:09,012 - root - INFO - Original tokens: torch.Size([4045, 94, 1, 128]). Sampled tokens: torch.Size([730, 94, 1, 128])
2026-09-07 12:50:09,089 - root - INFO - Original tokens: torch.Size([5330, 94, 1, 128]). Sampled tokens: torch.Size([730, 94, 1, 128])
2026-09-07 12:50:09,784 - root - INFO - Loaded (1609, 94, 1, 128) from eb21d424f20440cc8c248715df4e1dac
2026-09-07 12:50:09,849 - root - INFO - Original tokens: torch.Size([1609, 94, 1, 128]). Sampled tokens: torch.Size([747, 94, 1, 128])
2026-09-07 12:50:09,903 - root - INFO - Loaded (2574, 94, 1, 128) from 969aa6d05a724186aa2dc4d285cf86c9
2026-09-07 12:50:09,918 - root - INFO - Original tokens: torch.Size([2574, 94, 1, 128]). Sampled tokens: torch.Size([730, 94, 1, 128])
2026-09-07 12:50:10,226 - root - INFO - Loaded (4567, 94, 1, 128) from 119bfdaf05ab47acb7c6849daac597b9
2026-09-07 12:50:10,302 - root - INFO - Original tokens: torch.Size([4567, 94, 1, 128]). Sampled tokens: torch.Size([730, 94, 1, 128])
2026-09-07 12:50:11,044 - root - INFO - Loaded (4515, 94, 1, 128) from caf1675569f44e3dabd96082e4304c13
2026-09-07 12:50:11,060 - root - INFO - Original tokens: torch.Size([4515, 94, 1, 128]). Sampled tokens: torch.Size([730, 94, 1, 128])
2026-09-07 12:50:11,327 - root - INFO - Loaded (3845, 94, 1, 128) from bab746726dca48019e78f774055f420e
2026-09-07 12:50:11,393 - root - INFO - Original tokens: torch.Size([3845, 94, 1, 128]). Sampled tokens: torch.Size([730, 94, 1, 128])
2026-09-07 12:50:11,414 - root - INFO - Loaded (4905, 94, 1, 128) from 641f5d4a1d8c495fac3419fc4f31ba99
2026-09-07 12:50:11,483 - root - INFO - Original tokens: torch.Size([4905, 94, 1, 128]). Sampled tokens: torch.Size([747, 94, 1, 128])
2026-09-07 12:50:11,848 - root - INFO - Loaded (2010, 94, 1, 128) from 9b412dcb0f854454acd0bea9e2c9b621
2026-09-07 12:50:11,862 - root - INFO - Original tokens: torch.Size([2010, 94, 1, 128]). Sampled tokens: torch.Size([730, 94, 1, 128])
2026-09-07 12:50:12,243 - root - INFO - Loaded (2113, 94, 1, 128) from 2aa2a018f51d46aeb2cb1e8426f47ca3
2026-09-07 12:50:12,300 - root - INFO - Original tokens: torch.Size([2113, 94, 1, 128]). Sampled tokens: torch.Size([747, 94, 1, 128])
2026-09-07 12:50:12,488 - root - INFO - Loaded (4623, 94, 1, 128) from 95d84c91ad4e477d9dc22cc77dec8127
2026-09-07 12:50:12,557 - root - INFO - Original tokens: torch.Size([4623, 94, 1, 128]). Sampled tokens: torch.Size([730, 94, 1, 128])
2026-09-07 12:50:12,570 - root - INFO - Loaded (1648, 94, 1, 128) from 72ed68f42309416d94f44c1febd13a43
2026-09-07 12:50:12,582 - root - INFO - Original tokens: torch.Size([1648, 94, 1, 128]). Sampled tokens: torch.Size([730, 94, 1, 128])
2026-09-07 12:50:13,118 - root - INFO - Loaded (3296, 94, 1, 128) from 3deb132a91484d279c1358bbafaa48ca
2026-09-07 12:50:13,172 - root - INFO - Original tokens: torch.Size([3296, 94, 1, 128]). Sampled tokens: torch.Size([747, 94, 1, 128])
2026-09-07 12:50:13,256 - root - INFO - Loaded (1785, 94, 1, 128) from ca4517736af6497faa9fbf4f69a0e043
2026-09-07 12:50:13,308 - root - INFO - Original tokens: torch.Size([1785, 94, 1, 128]). Sampled tokens: torch.Size([730, 94, 1, 128])
2026-09-07 12:50:13,569 - root - INFO - Loaded (2803, 94, 1, 128) from 13767c4718d548e8ae8738678ec5701e
2026-09-07 12:50:13,581 - root - INFO - Original tokens: torch.Size([2803, 94, 1, 128]). Sampled tokens: torch.Size([730, 94, 1, 128])
2026-09-07 12:50:13,769 - root - INFO - Loaded (1216, 94, 1, 128) from b232e0f6a3ad4061ada636ad0ad42efb
2026-09-07 12:50:13,818 - root - INFO - Original tokens: torch.Size([1216, 94, 1, 128]). Sampled tokens: torch.Size([747, 94, 1, 128])
2026-09-07 12:50:13,976 - root - INFO - Loaded (2238, 94, 1, 128) from 0112e6cec4a94743929c6d7dc8e81a5a
2026-09-07 12:50:14,026 - root - INFO - Original tokens: torch.Size([2238, 94, 1, 128]). Sampled tokens: torch.Size([730, 94, 1, 128])
2026-09-07 12:50:14,244 - root - INFO - Loaded (1916, 94, 1, 128) from fe9e141880914f4ca7b90158dbb82c07
2026-09-07 12:50:14,254 - root - INFO - Original tokens: torch.Size([1916, 94, 1, 128]). Sampled tokens: torch.Size([730, 94, 1, 128])
2026-09-07 12:50:14,631 - root - INFO - Loaded (3523, 94, 1, 128) from 68450669e9cb43ea8bdef4df13432898
2026-09-07 12:50:14,682 - root - INFO - Original tokens: torch.Size([3523, 94, 1, 128]). Sampled tokens: torch.Size([747, 94, 1, 128])
2026-09-07 12:50:14,753 - root - INFO - DONE SVD for data at
2026-09-07 12:50:14,760 - root - INFO - Loaded (2576, 94, 1, 128) from e22adb59c0fd4b08a638265a012db106
2026-09-07 12:50:14,784 - root - INFO - tp_11_pp_0/KV.V: mu=torch.Size([12032]) U=torch.Size([200108, 10000]) S=torch.Size([10000]) V=torch.Size([12032, 10000])
2026-09-07 12:50:14,809 - root - INFO - Original tokens: torch.Size([2576, 94, 1, 128]). Sampled tokens: torch.Size([730, 94, 1, 128])
2026-09-07 12:50:14,866 - root - INFO - Loaded (1180, 94, 1, 128) from b5caaff3584243a08c3dd9eebd8bd0bc
2026-09-07 12:50:14,877 - root - INFO - Original tokens: torch.Size([1180, 94, 1, 128]). Sampled tokens: torch.Size([730, 94, 1, 128])
2026-09-07 12:50:15,824 - root - INFO - Loaded (1346, 94, 1, 128) from 0c76ac4183ec46e290c18b806de9f69f
2026-09-07 12:50:15,825 - root - INFO - Saved SVD artifact for worker=tp_11_pp_0 kv=V at /root/.cache/KVTC/calibrations/Qwen3-235B-A22B-7d34567f/tp-16-pp-1/config-e4bf2892e3ff71a0/v1-noquant/kvtc.pt.tmp.svd-artifacts/kvtc-v1-noquant_N-200000_policy-relaxed_q-10000_niter-2_47be5bd14dfc2df390d52b125ddf4de9a8e24ff8fac703c8ce7dc2f3d2a38d5a/selection-bb6b2a452c81d257aa23b88b7de6515a2e083e8491dbca22f15e188670cbd4a2/tp_11_pp_0-V.pt
2026-09-07 12:50:15,826 - root - INFO - START SVD for data at [PosixPath('/root/.cache/KVTC/calibrations/Qwen3-235B-A22B-7d34567f/tp-16-pp-1/config-e4bf2892e3ff71a0/dump/fineweb'), PosixPath('/root/.cache/KVTC/calibrations/Qwen3-235B-A22B-7d34567f/tp-16-pp-1/config-e4bf2892e3ff71a0/dump/openmath')]/KV.V* q=10000 iter=2
2026-09-07 12:50:15,826 - root - INFO - Load tensors and sample
2026-09-07 12:50:15,875 - root - INFO - Original tokens: torch.Size([1346, 94, 1, 128]). Sampled tokens: torch.Size([730, 94, 1, 128])
2026-09-07 12:50:16,162 - root - INFO - Loaded (3062, 94, 1, 128) from ff281c89f8664de78bf68eff97a817d8
2026-09-07 12:50:16,175 - root - INFO - Original tokens: torch.Size([3062, 94, 1, 128]). Sampled tokens: torch.Size([730, 94, 1, 128])
2026-09-07 12:50:16,223 - root - INFO - Loaded (5301, 94, 1, 128) from 5e789d940394447aa1eafd133ce72704
2026-09-07 12:50:16,281 - root - INFO - Original tokens: torch.Size([5301, 94, 1, 128]). Sampled tokens: torch.Size([747, 94, 1, 128])
2026-09-07 12:50:16,579 - root - INFO - Loaded (2949, 94, 1, 128) from 2d6e6c9d7fee4d2dad0eb8cac5c3090b
2026-09-07 12:50:16,589 - root - INFO - Original tokens: torch.Size([2949, 94, 1, 128]). Sampled tokens: torch.Size([730, 94, 1, 128])
2026-09-07 12:50:16,601 - root - INFO - Loaded (2223, 94, 1, 128) from 58b4972e7ccf4e659e39bcfc3bbab399
2026-09-07 12:50:16,649 - root - INFO - Original tokens: torch.Size([2223, 94, 1, 128]). Sampled tokens: torch.Size([730, 94, 1, 128])
2026-09-07 12:50:16,795 - root - INFO - Loaded (1425, 94, 1, 128) from adb01e60b3f64174bb460113bc9ef619
2026-09-07 12:50:16,807 - root - INFO - Original tokens: torch.Size([1425, 94, 1, 128]). Sampled tokens: torch.Size([730, 94, 1, 128])
2026-09-07 12:50:17,034 - root - INFO - Loaded (2919, 94, 1, 128) from 2731f563f9c142419dd2ce5436c97f86
2026-09-07 12:50:17,086 - root - INFO - Original tokens: torch.Size([2919, 94, 1, 128]). Sampled tokens: torch.Size([747, 94, 1, 128])
2026-09-07 12:50:17,342 - root - INFO - Loaded (3172, 94, 1, 128) from a16d65ea80904b1e96718c2c00e210a6
2026-09-07 12:50:17,349 - root - INFO - Loaded (2021, 94, 1, 128) from d8c8e7d563094c71a7b3121fa194326d
2026-09-07 12:50:17,352 - root - INFO - Original tokens: torch.Size([3172, 94, 1, 128]). Sampled tokens: torch.Size([730, 94, 1, 128])
2026-09-07 12:50:17,398 - root - INFO - Original tokens: torch.Size([2021, 94, 1, 128]). Sampled tokens: torch.Size([730, 94, 1, 128])
2026-09-07 12:50:17,425 - root - INFO - Loaded (1027, 94, 1, 128) from ec21efb8eb844e16beebcff0467e4f99
2026-09-07 12:50:17,438 - root - INFO - Original tokens: torch.Size([1027, 94, 1, 128]). Sampled tokens: torch.Size([730, 94, 1, 128])
2026-09-07 12:50:17,863 - root - INFO - Loaded (3235, 94, 1, 128) from bfd1d9abd8634ef08d15a06b3a0d5a67
2026-09-07 12:50:17,912 - root - INFO - Original tokens: torch.Size([3235, 94, 1, 128]). Sampled tokens: torch.Size([747, 94, 1, 128])
2026-09-07 12:50:18,045 - root - INFO - Loaded (2300, 94, 1, 128) from 872b8db8585e4e398b6a6dd84920bc35
2026-09-07 12:50:18,054 - root - INFO - Original tokens: torch.Size([2300, 94, 1, 128]). Sampled tokens: torch.Size([730, 94, 1, 128])
2026-09-07 12:50:18,070 - root - INFO - Loaded (1876, 94, 1, 128) from 2ce81010b5124d159691015d3af32319
2026-09-07 12:50:18,119 - root - INFO - Original tokens: torch.Size([1876, 94, 1, 128]). Sampled tokens: torch.Size([730, 94, 1, 128])
2026-09-07 12:50:18,673 - root - INFO - Loaded (1130, 94, 1, 128) from 46e1fb49284646f5b711e119ffbb0b18
2026-09-07 12:50:18,684 - root - INFO - Loaded (6470, 94, 1, 128) from 0a9fb125088f465e9954b66f4bb6d92e
2026-09-07 12:50:18,684 - root - INFO - Original tokens: torch.Size([1130, 94, 1, 128]). Sampled tokens: torch.Size([730, 94, 1, 128])
2026-09-07 12:50:18,696 - root - INFO - Original tokens: torch.Size([6470, 94, 1, 128]). Sampled tokens: torch.Size([730, 94, 1, 128])
2026-09-07 12:50:18,751 - root - INFO - Loaded (3639, 94, 1, 128) from 777881bf1c92416c8a677cd7a2224e46
2026-09-07 12:50:18,762 - root - INFO - Loaded (1485, 94, 1, 128) from 6889102ccb9c4f9a90bf2db9e7183b9d
2026-09-07 12:50:18,806 - root - INFO - Original tokens: torch.Size([3639, 94, 1, 128]). Sampled tokens: torch.Size([747, 94, 1, 128])
2026-09-07 12:50:18,816 - root - INFO - Original tokens: torch.Size([1485, 94, 1, 128]). Sampled tokens: torch.Size([730, 94, 1, 128])
2026-09-07 12:50:19,446 - root - INFO - Loaded (2831, 94, 1, 128) from bf2c445287b840d78c21d61b89323e8b
2026-09-07 12:50:19,458 - root - INFO - Original tokens: torch.Size([2831, 94, 1, 128]). Sampled tokens: torch.Size([730, 94, 1, 128])
2026-09-07 12:50:19,460 - root - INFO - Loaded (3029, 94, 1, 128) from bd31a6ee0305439590a93408946cb923
2026-09-07 12:50:19,474 - root - INFO - Original tokens: torch.Size([3029, 94, 1, 128]). Sampled tokens: torch.Size([730, 94, 1, 128])
2026-09-07 12:50:19,477 - root - INFO - Loaded (1543, 94, 1, 128) from 0a387030616a48d999aa1bb720e9dfbb
2026-09-07 12:50:19,528 - root - INFO - Original tokens: torch.Size([1543, 94, 1, 128]). Sampled tokens: torch.Size([730, 94, 1, 128])
2026-09-07 12:50:20,104 - root - INFO - Loaded (1168, 94, 1, 128) from 0204d8f812634da0a5893eda38e28daa
2026-09-07 12:50:20,114 - root - INFO - Original tokens: torch.Size([1168, 94, 1, 128]). Sampled tokens: torch.Size([730, 94, 1, 128])
2026-09-07 12:50:20,185 - root - INFO - Loaded (1656, 94, 1, 128) from 3d753b9d887a4c72b4aeacea644ed598
2026-09-07 12:50:20,195 - root - INFO - Original tokens: torch.Size([1656, 94, 1, 128]). Sampled tokens: torch.Size([730, 94, 1, 128])
2026-09-07 12:50:20,230 - root - INFO - Loaded (7507, 94, 1, 128) from 39eaafa6d75045aa836304a19f37e14b
2026-09-07 12:50:20,245 - root - INFO - Loaded (2020, 94, 1, 128) from ba7657a0406841f3bb2ff9d1aa21d9e2
2026-09-07 12:50:20,296 - root - INFO - Original tokens: torch.Size([7507, 94, 1, 128]). Sampled tokens: torch.Size([747, 94, 1, 128])
2026-09-07 12:50:20,309 - root - INFO - Original tokens: torch.Size([2020, 94, 1, 128]). Sampled tokens: torch.Size([730, 94, 1, 128])
2026-09-07 12:50:20,752 - root - INFO - Loaded (1485, 94, 1, 128) from 6889102ccb9c4f9a90bf2db9e7183b9d
2026-09-07 12:50:20,763 - root - INFO - Original tokens: torch.Size([1485, 94, 1, 128]). Sampled tokens: torch.Size([730, 94, 1, 128])
2026-09-07 12:50:20,870 - root - INFO - Loaded (1728, 94, 1, 128) from 41b3e04f06304a5c8e50154b66390d1d
2026-09-07 12:50:20,881 - root - INFO - Original tokens: torch.Size([1728, 94, 1, 128]). Sampled tokens: torch.Size([730, 94, 1, 128])
2026-09-07 12:50:20,933 - root - INFO - Loaded (1168, 94, 1, 128) from 0204d8f812634da0a5893eda38e28daa
2026-09-07 12:50:20,981 - root - INFO - Original tokens: torch.Size([1168, 94, 1, 128]). Sampled tokens: torch.Size([730, 94, 1, 128])
2026-09-07 12:50:21,096 - root - INFO - Loaded (3168, 94, 1, 128) from 3930015c8add4cb9b9c90ee4ed2aff2a
2026-09-07 12:50:21,150 - root - INFO - Original tokens: torch.Size([3168, 94, 1, 128]). Sampled tokens: torch.Size([747, 94, 1, 128])
2026-09-07 12:50:21,431 - root - INFO - Loaded (2021, 94, 1, 128) from d8c8e7d563094c71a7b3121fa194326d
2026-09-07 12:50:21,443 - root - INFO - Original tokens: torch.Size([2021, 94, 1, 128]). Sampled tokens: torch.Size([730, 94, 1, 128])
2026-09-07 12:50:21,639 - root - INFO - Loaded (2767, 94, 1, 128) from 02451d1c634c4df3b59da14af3013110
2026-09-07 12:50:21,649 - root - INFO - Original tokens: torch.Size([2767, 94, 1, 128]). Sampled tokens: torch.Size([730, 94, 1, 128])
2026-09-07 12:50:21,728 - root - INFO - Loaded (3029, 94, 1, 128) from bd31a6ee0305439590a93408946cb923
2026-09-07 12:50:21,784 - root - INFO - Original tokens: torch.Size([3029, 94, 1, 128]). Sampled tokens: torch.Size([730, 94, 1, 128])
2026-09-07 12:50:21,792 - root - INFO - Loaded (1301, 94, 1, 128) from 3291c87987fc4aa2be36b8fbeb3e866b
2026-09-07 12:50:21,843 - root - INFO - Original tokens: torch.Size([1301, 94, 1, 128]). Sampled tokens: torch.Size([747, 94, 1, 128])
2026-09-07 12:50:22,457 - root - INFO - Loaded (4567, 94, 1, 128) from 119bfdaf05ab47acb7c6849daac597b9
2026-09-07 12:50:22,469 - root - INFO - Original tokens: torch.Size([4567, 94, 1, 128]). Sampled tokens: torch.Size([730, 94, 1, 128])
2026-09-07 12:50:22,581 - root - INFO - Loaded (2949, 94, 1, 128) from 2d6e6c9d7fee4d2dad0eb8cac5c3090b
2026-09-07 12:50:22,614 - root - INFO - Loaded (4240, 94, 1, 128) from 7b98eecdcf934dd2beefd2fafb7440cc
2026-09-07 12:50:22,629 - root - INFO - Original tokens: torch.Size([4240, 94, 1, 128]). Sampled tokens: torch.Size([730, 94, 1, 128])
2026-09-07 12:50:22,634 - root - INFO - Original tokens: torch.Size([2949, 94, 1, 128]). Sampled tokens: torch.Size([730, 94, 1, 128])
2026-09-07 12:50:23,145 - root - INFO - Loaded (6333, 94, 1, 128) from b58577db836442ab989205a845787d6d
2026-09-07 12:50:23,195 - root - INFO - Loaded (2319, 94, 1, 128) from fb4475051e6c49bc8f6c4642b2e8c81a
2026-09-07 12:50:23,215 - root - INFO - Original tokens: torch.Size([2319, 94, 1, 128]). Sampled tokens: torch.Size([730, 94, 1, 128])
2026-09-07 12:50:23,218 - root - INFO - Original tokens: torch.Size([6333, 94, 1, 128]). Sampled tokens: torch.Size([747, 94, 1, 128])
2026-09-07 12:50:23,330 - root - INFO - Loaded (2116, 94, 1, 128) from 2b76d19f50a5488b88e834a4a3bf257a
2026-09-07 12:50:23,378 - root - INFO - Original tokens: torch.Size([2116, 94, 1, 128]). Sampled tokens: torch.Size([730, 94, 1, 128])
2026-09-07 12:50:23,704 - root - INFO - Loaded (5330, 94, 1, 128) from ea351a94db47476ca5cd1b5101809a9f
2026-09-07 12:50:23,715 - root - INFO - Original tokens: torch.Size([5330, 94, 1, 128]). Sampled tokens: torch.Size([730, 94, 1, 128])
2026-09-07 12:50:23,845 - root - INFO - Loaded (1037, 94, 1, 128) from 9100d1a8d8404885979453721d316efe
2026-09-07 12:50:23,856 - root - INFO - Original tokens: torch.Size([1037, 94, 1, 128]). Sampled tokens: torch.Size([730, 94, 1, 128])
2026-09-07 12:50:23,998 - root - INFO - Loaded (1301, 94, 1, 128) from 773f008d4b344d9cb393ae43ad0e550f
2026-09-07 12:50:24,051 - root - INFO - Original tokens: torch.Size([1301, 94, 1, 128]). Sampled tokens: torch.Size([730, 94, 1, 128])
2026-09-07 12:50:24,304 - root - INFO - Loaded (5206, 94, 1, 128) from d01022c5e1ea463685a39ed22cdf5d69
2026-09-07 12:50:24,360 - root - INFO - Original tokens: torch.Size([5206, 94, 1, 128]). Sampled tokens: torch.Size([747, 94, 1, 128])
2026-09-07 12:50:24,501 - root - INFO - Loaded (3046, 94, 1, 128) from bda6ca976a064c8cb10cbad2c5709604
2026-09-07 12:50:24,511 - root - INFO - Original tokens: torch.Size([3046, 94, 1, 128]). Sampled tokens: torch.Size([730, 94, 1, 128])
2026-09-07 12:50:24,519 - root - INFO - Loaded (1532, 94, 1, 128) from ec67970e696041a0941e9819a3b83ec5
2026-09-07 12:50:24,531 - root - INFO - Original tokens: torch.Size([1532, 94, 1, 128]). Sampled tokens: torch.Size([730, 94, 1, 128])
2026-09-07 12:50:24,841 - root - INFO - Loaded (3632, 94, 1, 128) from 5eb9d6f2878541289284da7a54107fab
2026-09-07 12:50:24,895 - root - INFO - Original tokens: torch.Size([3632, 94, 1, 128]). Sampled tokens: torch.Size([730, 94, 1, 128])
2026-09-07 12:50:25,165 - root - INFO - Loaded (2880, 94, 1, 128) from 5b70c2977cad45e094db0779a8931768
2026-09-07 12:50:25,193 - root - INFO - Loaded (1618, 94, 1, 128) from 4ac62cfbcc4b4463852a1b0caf43f2c9
2026-09-07 12:50:25,204 - root - INFO - Original tokens: torch.Size([1618, 94, 1, 128]). Sampled tokens: torch.Size([730, 94, 1, 128])
2026-09-07 12:50:25,217 - root - INFO - Original tokens: torch.Size([2880, 94, 1, 128]). Sampled tokens: torch.Size([747, 94, 1, 128])
2026-09-07 12:50:25,226 - root - INFO - Loaded (2084, 94, 1, 128) from 8eb22d8ae2fb4194909db67b02c0af3b
2026-09-07 12:50:25,238 - root - INFO - Original tokens: torch.Size([2084, 94, 1, 128]). Sampled tokens: torch.Size([730, 94, 1, 128])
2026-09-07 12:50:25,600 - root - INFO - Loaded (2298, 94, 1, 128) from b28fe838dcea4d75bac05b743af935f0
2026-09-07 12:50:25,649 - root - INFO - Original tokens: torch.Size([2298, 94, 1, 128]). Sampled tokens: torch.Size([730, 94, 1, 128])
2026-09-07 12:50:25,841 - root - INFO - Loaded (1418, 94, 1, 128) from 51f5508fce3849dda8630fa093f4e012
2026-09-07 12:50:25,852 - root - INFO - Original tokens: torch.Size([1418, 94, 1, 128]). Sampled tokens: torch.Size([730, 94, 1, 128])
2026-09-07 12:50:25,976 - root - INFO - Loaded (2216, 94, 1, 128) from 1e9b3fa270bb4b2480140caa5d2b6ee1
2026-09-07 12:50:25,988 - root - INFO - Original tokens: torch.Size([2216, 94, 1, 128]). Sampled tokens: torch.Size([730, 94, 1, 128])
2026-09-07 12:50:25,996 - root - INFO - Loaded (3024, 94, 1, 128) from cfc63afd68a844aea88ddd6160382a53
2026-09-07 12:50:26,048 - root - INFO - Original tokens: torch.Size([3024, 94, 1, 128]). Sampled tokens: torch.Size([747, 94, 1, 128])
2026-09-07 12:50:26,319 - root - INFO - Loaded (1843, 94, 1, 128) from 733c28a3fa58460aa15ebc2fd352c53a
2026-09-07 12:50:26,371 - root - INFO - Original tokens: torch.Size([1843, 94, 1, 128]). Sampled tokens: torch.Size([730, 94, 1, 128])
2026-09-07 12:50:26,493 - root - INFO - Loaded (1681, 94, 1, 128) from d5337f72fa80412ba863f9e5c5559d25
2026-09-07 12:50:26,506 - root - INFO - Original tokens: torch.Size([1681, 94, 1, 128]). Sampled tokens: torch.Size([730, 94, 1, 128])
2026-09-07 12:50:26,772 - root - INFO - Loaded (2672, 94, 1, 128) from 2f223bc98be44e54af5670bd5770fed9
2026-09-07 12:50:26,784 - root - INFO - Original tokens: torch.Size([2672, 94, 1, 128]). Sampled tokens: torch.Size([730, 94, 1, 128])
2026-09-07 12:50:27,166 - root - INFO - Loaded (1330, 94, 1, 128) from 4a9a02c624f24c86aa024887f0b73cc5
2026-09-07 12:50:27,175 - root - INFO - Original tokens: torch.Size([1330, 94, 1, 128]). Sampled tokens: torch.Size([730, 94, 1, 128])
2026-09-07 12:50:27,283 - root - INFO - Loaded (6380, 94, 1, 128) from f35af2fbfaf44b46bd8c47c87c98f1ea
2026-09-07 12:50:27,329 - root - INFO - Loaded (4240, 94, 1, 128) from 7b98eecdcf934dd2beefd2fafb7440cc
2026-09-07 12:50:27,340 - root - INFO - Original tokens: torch.Size([6380, 94, 1, 128]). Sampled tokens: torch.Size([747, 94, 1, 128])
2026-09-07 12:50:27,386 - root - INFO - Original tokens: torch.Size([4240, 94, 1, 128]). Sampled tokens: torch.Size([730, 94, 1, 128])
2026-09-07 12:50:27,903 - root - INFO - Loaded (1956, 94, 1, 128) from 90aa5dee330e4aeebe210df6ae589813
2026-09-07 12:50:27,913 - root - INFO - Original tokens: torch.Size([1956, 94, 1, 128]). Sampled tokens: torch.Size([730, 94, 1, 128])
2026-09-07 12:50:27,969 - root - INFO - Loaded (3776, 94, 1, 128) from f418ec52b20d45ea8b20f15bde46978c
2026-09-07 12:50:27,981 - root - INFO - Original tokens: torch.Size([3776, 94, 1, 128]). Sampled tokens: torch.Size([730, 94, 1, 128])
2026-09-07 12:50:27,987 - root - INFO - Loaded (1189, 94, 1, 128) from defab1699ac74bc1b00670038f1bbc4a
2026-09-07 12:50:28,039 - root - INFO - Original tokens: torch.Size([1189, 94, 1, 128]). Sampled tokens: torch.Size([747, 94, 1, 128])
2026-09-07 12:50:28,062 - root - INFO - Loaded (1739, 94, 1, 128) from 5ac46a3790e04cc3b5ef9bb66870cf15
2026-09-07 12:50:28,110 - root - INFO - Original tokens: torch.Size([1739, 94, 1, 128]). Sampled tokens: torch.Size([730, 94, 1, 128])
2026-09-07 12:50:28,603 - root - INFO - Loaded (1329, 94, 1, 128) from 98e0649fccc941ac95dcc781e73d960d
2026-09-07 12:50:28,613 - root - INFO - Original tokens: torch.Size([1329, 94, 1, 128]). Sampled tokens: torch.Size([730, 94, 1, 128])
2026-09-07 12:50:28,656 - root - INFO - Loaded (2116, 94, 1, 128) from 2b76d19f50a5488b88e834a4a3bf257a
2026-09-07 12:50:28,666 - root - INFO - Original tokens: torch.Size([2116, 94, 1, 128]). Sampled tokens: torch.Size([730, 94, 1, 128])
2026-09-07 12:50:28,809 - root - INFO - Loaded (2035, 94, 1, 128) from 9d8224a7ab6f4fa084bde81cd3799a5c
2026-09-07 12:50:28,859 - root - INFO - Original tokens: torch.Size([2035, 94, 1, 128]). Sampled tokens: torch.Size([730, 94, 1, 128])
2026-09-07 12:50:29,036 - root - INFO - Loaded (4325, 94, 1, 128) from 01e5c35c1e5e4be08bb889d88f91e802
2026-09-07 12:50:29,088 - root - INFO - Original tokens: torch.Size([4325, 94, 1, 128]). Sampled tokens: torch.Size([747, 94, 1, 128])
2026-09-07 12:50:29,258 - root - INFO - Loaded (1125, 94, 1, 128) from ab92e0b6b48f4edb9bc0603c16818f35
2026-09-07 12:50:29,270 - root - INFO - Original tokens: torch.Size([1125, 94, 1, 128]). Sampled tokens: torch.Size([730, 94, 1, 128])
2026-09-07 12:50:29,399 - root - INFO - Loaded (3543, 94, 1, 128) from 781fc55da0dd47b89a98465b6a42fd4b
2026-09-07 12:50:29,411 - root - INFO - Original tokens: torch.Size([3543, 94, 1, 128]). Sampled tokens: torch.Size([730, 94, 1, 128])
2026-09-07 12:50:29,527 - root - INFO - Loaded (1656, 94, 1, 128) from 3d753b9d887a4c72b4aeacea644ed598
2026-09-07 12:50:29,576 - root - INFO - Original tokens: torch.Size([1656, 94, 1, 128]). Sampled tokens: torch.Size([730, 94, 1, 128])
2026-09-07 12:50:29,789 - root - INFO - Loaded (1927, 94, 1, 128) from 06bff61e08a0449d87b32669eb1102c0
2026-09-07 12:50:29,842 - root - INFO - Original tokens: torch.Size([1927, 94, 1, 128]). Sampled tokens: torch.Size([747, 94, 1, 128])
2026-09-07 12:50:29,981 - root - INFO - Loaded (2298, 94, 1, 128) from b28fe838dcea4d75bac05b743af935f0
2026-09-07 12:50:29,993 - root - INFO - Original tokens: torch.Size([2298, 94, 1, 128]). Sampled tokens: torch.Size([730, 94, 1, 128])
2026-09-07 12:50:30,084 - root - INFO - Loaded (1915, 94, 1, 128) from a94982751d02421e808f08cf2d87d65d
2026-09-07 12:50:30,098 - root - INFO - Original tokens: torch.Size([1915, 94, 1, 128]). Sampled tokens: torch.Size([730, 94, 1, 128])
2026-09-07 12:50:30,227 - root - INFO - Loaded (1418, 94, 1, 128) from 51f5508fce3849dda8630fa093f4e012
2026-09-07 12:50:30,275 - root - INFO - Original tokens: torch.Size([1418, 94, 1, 128]). Sampled tokens: torch.Size([730, 94, 1, 128])
2026-09-07 12:50:30,535 - root - INFO - Loaded (1715, 94, 1, 128) from 4c2f53ba929f4ef4911e8f83c48292c4
2026-09-07 12:50:30,584 - root - INFO - Original tokens: torch.Size([1715, 94, 1, 128]). Sampled tokens: torch.Size([747, 94, 1, 128])
2026-09-07 12:50:30,814 - root - INFO - Loaded (3632, 94, 1, 128) from 5eb9d6f2878541289284da7a54107fab
2026-09-07 12:50:30,825 - root - INFO - Original tokens: torch.Size([3632, 94, 1, 128]). Sampled tokens: torch.Size([730, 94, 1, 128])
2026-09-07 12:50:30,988 - root - INFO - Loaded (2300, 94, 1, 128) from 872b8db8585e4e398b6a6dd84920bc35
2026-09-07 12:50:31,038 - root - INFO - Original tokens: torch.Size([2300, 94, 1, 128]). Sampled tokens: torch.Size([730, 94, 1, 128])
2026-09-07 12:50:31,147 - root - INFO - Loaded (4880, 94, 1, 128) from 9255e7f1c509487098bf2928bbe0fbb3
2026-09-07 12:50:31,160 - root - INFO - Original tokens: torch.Size([4880, 94, 1, 128]). Sampled tokens: torch.Size([730, 94, 1, 128])
2026-09-07 12:50:31,316 - root - INFO - Loaded (2255, 94, 1, 128) from fd90af6ffe9f4162bcee82c2a308d9ad
2026-09-07 12:50:31,369 - root - INFO - Original tokens: torch.Size([2255, 94, 1, 128]). Sampled tokens: torch.Size([747, 94, 1, 128])
2026-09-07 12:50:31,533 - root - INFO - Loaded (2035, 94, 1, 128) from 9d8224a7ab6f4fa084bde81cd3799a5c
2026-09-07 12:50:31,545 - root - INFO - Original tokens: torch.Size([2035, 94, 1, 128]). Sampled tokens: torch.Size([730, 94, 1, 128])
2026-09-07 12:50:31,659 - root - INFO - Loaded (1180, 94, 1, 128) from b5caaff3584243a08c3dd9eebd8bd0bc
2026-09-07 12:50:31,707 - root - INFO - Original tokens: torch.Size([1180, 94, 1, 128]). Sampled tokens: torch.Size([730, 94, 1, 128])
2026-09-07 12:50:31,799 - root - INFO - Loaded (1336, 94, 1, 128) from 8dfa5e5abb0348f9b2de011e342097a2
2026-09-07 12:50:31,814 - root - INFO - Original tokens: torch.Size([1336, 94, 1, 128]). Sampled tokens: torch.Size([730, 94, 1, 128])
2026-09-07 12:50:32,147 - root - INFO - Loaded (2716, 94, 1, 128) from 3b2727785e934cbb91f107fbee4ce9c2
2026-09-07 12:50:32,171 - root - INFO - Loaded (1046, 94, 1, 128) from e87c051dea984e748288d3c10c8c895c
2026-09-07 12:50:32,182 - root - INFO - Original tokens: torch.Size([1046, 94, 1, 128]). Sampled tokens: torch.Size([730, 94, 1, 128])
2026-09-07 12:50:32,200 - root - INFO - Original tokens: torch.Size([2716, 94, 1, 128]). Sampled tokens: torch.Size([747, 94, 1, 128])
2026-09-07 12:50:32,363 - root - INFO - Loaded (1550, 94, 1, 128) from 45ce3559d8ac46369a025ad646f716d2
2026-09-07 12:50:32,414 - root - INFO - Original tokens: torch.Size([1550, 94, 1, 128]). Sampled tokens: torch.Size([730, 94, 1, 128])
2026-09-07 12:50:32,500 - root - INFO - Loaded (2436, 94, 1, 128) from 7f044385892942b6839bd20c05ea6582
2026-09-07 12:50:32,514 - root - INFO - Original tokens: torch.Size([2436, 94, 1, 128]). Sampled tokens: torch.Size([730, 94, 1, 128])
2026-09-07 12:50:32,784 - root - INFO - Loaded (1326, 94, 1, 128) from ef06ac0ac815490482f1301c36b8641f
2026-09-07 12:50:32,795 - root - INFO - Original tokens: torch.Size([1326, 94, 1, 128]). Sampled tokens: torch.Size([730, 94, 1, 128])
2026-09-07 12:50:32,814 - root - INFO - Loaded (1127, 94, 1, 128) from b3cf463da5af4871bc4bf7f98b824dbc
2026-09-07 12:50:32,870 - root - INFO - Original tokens: torch.Size([1127, 94, 1, 128]). Sampled tokens: torch.Size([747, 94, 1, 128])
2026-09-07 12:50:33,166 - root - INFO - Loaded (2642, 94, 1, 128) from 70b4c498458b438bbabd32e705e29e81
2026-09-07 12:50:33,213 - root - INFO - Original tokens: torch.Size([2642, 94, 1, 128]). Sampled tokens: torch.Size([730, 94, 1, 128])
2026-09-07 12:50:33,237 - root - INFO - Loaded (2068, 94, 1, 128) from cc1875751ad64c5097a8ede1d232f11e
2026-09-07 12:50:33,248 - root - INFO - Original tokens: torch.Size([2068, 94, 1, 128]). Sampled tokens: torch.Size([730, 94, 1, 128])
2026-09-07 12:50:33,546 - root - INFO - Loaded (2640, 94, 1, 128) from 4b17b0739a2f4b298421e21203ff64f8
2026-09-07 12:50:33,559 - root - INFO - Original tokens: torch.Size([2640, 94, 1, 128]). Sampled tokens: torch.Size([730, 94, 1, 128])
2026-09-07 12:50:33,879 - root - INFO - Loaded (4277, 94, 1, 128) from 284a1360ea9448e99428abee57c1dadb
2026-09-07 12:50:33,935 - root - INFO - Original tokens: torch.Size([4277, 94, 1, 128]). Sampled tokens: torch.Size([747, 94, 1, 128])
2026-09-07 12:50:33,946 - root - INFO - Loaded (1942, 94, 1, 128) from f6bd9c7b0f8f41d4b62a4aed50f77c29
2026-09-07 12:50:33,958 - root - INFO - Loaded (2408, 94, 1, 128) from 01b46ff0f88f4a36b59ad6fc905ea335
2026-09-07 12:50:33,958 - root - INFO - Original tokens: torch.Size([1942, 94, 1, 128]). Sampled tokens: torch.Size([730, 94, 1, 128])
2026-09-07 12:50:34,010 - root - INFO - Original tokens: torch.Size([2408, 94, 1, 128]). Sampled tokens: torch.Size([730, 94, 1, 128])
2026-09-07 12:50:34,226 - root - INFO - Loaded (1922, 94, 1, 128) from 9e1d1393549c48079d1060a5d1363dc6
2026-09-07 12:50:34,239 - root - INFO - Original tokens: torch.Size([1922, 94, 1, 128]). Sampled tokens: torch.Size([730, 94, 1, 128])
2026-09-07 12:50:34,735 - root - INFO - Loaded (2698, 94, 1, 128) from cdeb6438942e42e6ba51c2406f74d083
2026-09-07 12:50:34,745 - root - INFO - Original tokens: torch.Size([2698, 94, 1, 128]). Sampled tokens: torch.Size([730, 94, 1, 128])
2026-09-07 12:50:34,803 - root - INFO - Loaded (2894, 94, 1, 128) from a4864fca4946455f90b1e608952173f1
2026-09-07 12:50:34,853 - root - INFO - Original tokens: torch.Size([2894, 94, 1, 128]). Sampled tokens: torch.Size([730, 94, 1, 128])
2026-09-07 12:50:34,924 - root - INFO - Loaded (1950, 94, 1, 128) from baf0d2a2ece7420099136cfbfb8d0f7f
2026-09-07 12:50:34,933 - root - INFO - Original tokens: torch.Size([1950, 94, 1, 128]). Sampled tokens: torch.Size([730, 94, 1, 128])
2026-09-07 12:50:35,278 - root - INFO - Loaded (6963, 94, 1, 128) from ce0869e6a1ee46b4a15d6742b954135f
2026-09-07 12:50:35,341 - root - INFO - Original tokens: torch.Size([6963, 94, 1, 128]). Sampled tokens: torch.Size([747, 94, 1, 128])
2026-09-07 12:50:35,455 - root - INFO - Loaded (2152, 94, 1, 128) from 08e6ddcd7c2c46c58dfcd57996879c22
2026-09-07 12:50:35,466 - root - INFO - Original tokens: torch.Size([2152, 94, 1, 128]). Sampled tokens: torch.Size([730, 94, 1, 128])
2026-09-07 12:50:35,598 - root - INFO - Loaded (2439, 94, 1, 128) from 9921d3d871144b4abb9df9ae95b35638
2026-09-07 12:50:35,617 - root - INFO - Loaded (2046, 94, 1, 128) from 5f741312dd5248d39dc32f657a894cdf
2026-09-07 12:50:35,629 - root - INFO - Original tokens: torch.Size([2046, 94, 1, 128]). Sampled tokens: torch.Size([730, 94, 1, 128])
2026-09-07 12:50:35,651 - root - INFO - Original tokens: torch.Size([2439, 94, 1, 128]). Sampled tokens: torch.Size([730, 94, 1, 128])
2026-09-07 12:50:36,105 - root - INFO - Loaded (1392, 94, 1, 128) from 348e174acc804b2fbc5c396d1370f4e8
2026-09-07 12:50:36,115 - root - INFO - Original tokens: torch.Size([1392, 94, 1, 128]). Sampled tokens: torch.Size([730, 94, 1, 128])
2026-09-07 12:50:36,118 - root - INFO - Loaded (3224, 94, 1, 128) from fa52ee216ad149b88f3448a71d5c80b4
2026-09-07 12:50:36,170 - root - INFO - Original tokens: torch.Size([3224, 94, 1, 128]). Sampled tokens: torch.Size([747, 94, 1, 128])
2026-09-07 12:50:36,284 - root - INFO - Loaded (1046, 94, 1, 128) from e87c051dea984e748288d3c10c8c895c
2026-09-07 12:50:36,333 - root - INFO - Original tokens: torch.Size([1046, 94, 1, 128]). Sampled tokens: torch.Size([730, 94, 1, 128])
2026-09-07 12:50:36,575 - root - INFO - Loaded (4158, 94, 1, 128) from 80924b9113a148489c683c364489847f
2026-09-07 12:50:36,586 - root - INFO - Original tokens: torch.Size([4158, 94, 1, 128]). Sampled tokens: torch.Size([730, 94, 1, 128])
2026-09-07 12:50:36,746 - root - INFO - Loaded (1385, 94, 1, 128) from 18625e8fd76042e48b67fd209bd1f23d
2026-09-07 12:50:36,756 - root - INFO - Original tokens: torch.Size([1385, 94, 1, 128]). Sampled tokens: torch.Size([730, 94, 1, 128])
2026-09-07 12:50:37,045 - root - INFO - Loaded (2108, 94, 1, 128) from d6b9aeb3c2d244ec8c65c77b56fba024
2026-09-07 12:50:37,097 - root - INFO - Original tokens: torch.Size([2108, 94, 1, 128]). Sampled tokens: torch.Size([730, 94, 1, 128])
2026-09-07 12:50:37,357 - root - INFO - Loaded (3170, 94, 1, 128) from c0d4c301323f43e8b7a09743e3374bf0
2026-09-07 12:50:37,367 - root - INFO - Original tokens: torch.Size([3170, 94, 1, 128]). Sampled tokens: torch.Size([730, 94, 1, 128])
2026-09-07 12:50:37,457 - root - INFO - Loaded (2238, 94, 1, 128) from 0112e6cec4a94743929c6d7dc8e81a5a
2026-09-07 12:50:37,469 - root - INFO - Original tokens: torch.Size([2238, 94, 1, 128]). Sampled tokens: torch.Size([730, 94, 1, 128])
2026-09-07 12:50:37,548 - root - INFO - Loaded (7034, 94, 1, 128) from 804a3a2a498e4336813006449f44dec5
2026-09-07 12:50:37,613 - root - INFO - Original tokens: torch.Size([7034, 94, 1, 128]). Sampled tokens: torch.Size([747, 94, 1, 128])
2026-09-07 12:50:37,697 - root - INFO - Loaded (1219, 94, 1, 128) from f6dda268794147ada80ca6cc00426266
2026-09-07 12:50:37,755 - root - INFO - Original tokens: torch.Size([1219, 94, 1, 128]). Sampled tokens: torch.Size([730, 94, 1, 128])
2026-09-07 12:50:38,024 - root - INFO - Loaded (1270, 94, 1, 128) from 36813b9e7f804fc3b59697b7be5dd5d8
2026-09-07 12:50:38,037 - root - INFO - Original tokens: torch.Size([1270, 94, 1, 128]). Sampled tokens: torch.Size([730, 94, 1, 128])
2026-09-07 12:50:38,221 - root - INFO - Loaded (2642, 94, 1, 128) from 70b4c498458b438bbabd32e705e29e81
2026-09-07 12:50:38,234 - root - INFO - Original tokens: torch.Size([2642, 94, 1, 128]). Sampled tokens: torch.Size([730, 94, 1, 128])
2026-09-07 12:50:38,281 - root - INFO - SVD input tensor shape (n=200108)x(p=12032). Dtype torch.float32
2026-09-07 12:50:38,342 - root - INFO - Calculate lowrank SVD for q=10000 iter=2
2026-09-07 12:50:38,546 - root - INFO - Loaded (2803, 94, 1, 128) from 13767c4718d548e8ae8738678ec5701e
2026-09-07 12:50:38,596 - root - INFO - Original tokens: torch.Size([2803, 94, 1, 128]). Sampled tokens: torch.Size([730, 94, 1, 128])
2026-09-07 12:50:38,725 - root - INFO - Loaded (1520, 94, 1, 128) from 5869f4575ef2449fba3299f82c5370d9
2026-09-07 12:50:38,736 - root - INFO - Original tokens: torch.Size([1520, 94, 1, 128]). Sampled tokens: torch.Size([730, 94, 1, 128])
2026-09-07 12:50:38,884 - root - INFO - Loaded (1390, 94, 1, 128) from 1f9157dd6999405597a1e5e054167dd3
2026-09-07 12:50:38,897 - root - INFO - Original tokens: torch.Size([1390, 94, 1, 128]). Sampled tokens: torch.Size([730, 94, 1, 128])
2026-09-07 12:50:39,229 - root - INFO - Loaded (1180, 94, 1, 128) from 56631570c405437b99b452c83efa9f4a
2026-09-07 12:50:39,278 - root - INFO - Original tokens: torch.Size([1180, 94, 1, 128]). Sampled tokens: torch.Size([730, 94, 1, 128])
2026-09-07 12:50:39,377 - root - INFO - Loaded (1219, 94, 1, 128) from f6dda268794147ada80ca6cc00426266
2026-09-07 12:50:39,390 - root - INFO - Original tokens: torch.Size([1219, 94, 1, 128]). Sampled tokens: torch.Size([730, 94, 1, 128])
2026-09-07 12:50:39,685 - root - INFO - Loaded (1974, 94, 1, 128) from e7d7c3adf750434f9f3949486f1d95ae
2026-09-07 12:50:39,703 - root - INFO - Original tokens: torch.Size([1974, 94, 1, 128]). Sampled tokens: torch.Size([730, 94, 1, 128])
2026-09-07 12:50:40,176 - root - INFO - Loaded (2149, 94, 1, 128) from 959996749b0043b1aa2497642c57b12c
2026-09-07 12:50:40,198 - root - INFO - Loaded (1236, 94, 1, 128) from 85923b0abd214d37a202bee1a5cbd3b5
2026-09-07 12:50:40,217 - root - INFO - Original tokens: torch.Size([1236, 94, 1, 128]). Sampled tokens: torch.Size([730, 94, 1, 128])
2026-09-07 12:50:40,246 - root - INFO - Original tokens: torch.Size([2149, 94, 1, 128]). Sampled tokens: torch.Size([730, 94, 1, 128])
2026-09-07 12:50:40,490 - root - INFO - Loaded (1808, 94, 1, 128) from bfe2ae00a26445bbb51d36443169f79d
2026-09-07 12:50:40,507 - root - INFO - Original tokens: torch.Size([1808, 94, 1, 128]). Sampled tokens: torch.Size([730, 94, 1, 128])
2026-09-07 12:50:40,952 - root - INFO - Loaded (1473, 94, 1, 128) from 28047b217352457e9780a89f0448904a
2026-09-07 12:50:40,967 - root - INFO - Original tokens: torch.Size([1473, 94, 1, 128]). Sampled tokens: torch.Size([730, 94, 1, 128])
2026-09-07 12:50:41,005 - root - INFO - Loaded (1859, 94, 1, 128) from b73a26b5907e437ba864ada72fe498fc
2026-09-07 12:50:41,068 - root - INFO - Original tokens: torch.Size([1859, 94, 1, 128]). Sampled tokens: torch.Size([730, 94, 1, 128])
2026-09-07 12:50:41,279 - root - INFO - Loaded (2149, 94, 1, 128) from 959996749b0043b1aa2497642c57b12c
2026-09-07 12:50:41,294 - root - INFO - Original tokens: torch.Size([2149, 94, 1, 128]). Sampled tokens: torch.Size([730, 94, 1, 128])
2026-09-07 12:50:41,828 - root - INFO - Loaded (2626, 94, 1, 128) from 498d4495264640d5aa7efb1188fdd8d3
2026-09-07 12:50:41,841 - root - INFO - Original tokens: torch.Size([2626, 94, 1, 128]). Sampled tokens: torch.Size([730, 94, 1, 128])
2026-09-07 12:50:41,853 - root - INFO - Loaded (2084, 94, 1, 128) from 8eb22d8ae2fb4194909db67b02c0af3b
2026-09-07 12:50:41,914 - root - INFO - Original tokens: torch.Size([2084, 94, 1, 128]). Sampled tokens: torch.Size([730, 94, 1, 128])
2026-09-07 12:50:42,242 - root - INFO - Loaded (4003, 94, 1, 128) from ab1ccef4ee084a978d242fc0def5c922
2026-09-07 12:50:42,258 - root - INFO - Original tokens: torch.Size([4003, 94, 1, 128]). Sampled tokens: torch.Size([730, 94, 1, 128])
2026-09-07 12:50:42,641 - root - INFO - Loaded (2020, 94, 1, 128) from ba7657a0406841f3bb2ff9d1aa21d9e2
2026-09-07 12:50:42,658 - root - INFO - Original tokens: torch.Size([2020, 94, 1, 128]). Sampled tokens: torch.Size([730, 94, 1, 128])
2026-09-07 12:50:43,008 - root - INFO - Loaded (1739, 94, 1, 128) from 5ac46a3790e04cc3b5ef9bb66870cf15
2026-09-07 12:50:43,022 - root - INFO - Original tokens: torch.Size([1739, 94, 1, 128]). Sampled tokens: torch.Size([730, 94, 1, 128])
2026-09-07 12:50:43,282 - root - INFO - Loaded (6537, 94, 1, 128) from 53801981cb944605a5c1681dfdd7149f
2026-09-07 12:50:43,363 - root - INFO - Original tokens: torch.Size([6537, 94, 1, 128]). Sampled tokens: torch.Size([730, 94, 1, 128])
2026-09-07 12:50:43,472 - root - INFO - Loaded (2457, 94, 1, 128) from 1122effcd6b44683981ffdbf1b1d1fb1
2026-09-07 12:50:43,488 - root - INFO - Original tokens: torch.Size([2457, 94, 1, 128]). Sampled tokens: torch.Size([730, 94, 1, 128])
2026-09-07 12:50:43,820 - root - INFO - Loaded (2179, 94, 1, 128) from 95d5b21b863548a4937a9ef45408f550
2026-09-07 12:50:43,837 - root - INFO - Original tokens: torch.Size([2179, 94, 1, 128]). Sampled tokens: torch.Size([730, 94, 1, 128])
2026-09-07 12:50:44,070 - root - INFO - Loaded (1450, 94, 1, 128) from 5d4b879ad98049daa51e8c11bf43ec42
2026-09-07 12:50:44,131 - root - INFO - Original tokens: torch.Size([1450, 94, 1, 128]). Sampled tokens: torch.Size([730, 94, 1, 128])
2026-09-07 12:50:44,251 - root - INFO - Loaded (2031, 94, 1, 128) from 17ec14b5a82b4d2aacfb0e771838bc47
2026-09-07 12:50:44,269 - root - INFO - Original tokens: torch.Size([2031, 94, 1, 128]). Sampled tokens: torch.Size([730, 94, 1, 128])
2026-09-07 12:50:44,688 - root - INFO - Loaded (2576, 94, 1, 128) from e22adb59c0fd4b08a638265a012db106
2026-09-07 12:50:44,703 - root - INFO - Original tokens: torch.Size([2576, 94, 1, 128]). Sampled tokens: torch.Size([730, 94, 1, 128])
2026-09-07 12:50:44,859 - root - INFO - Loaded (1473, 94, 1, 128) from 28047b217352457e9780a89f0448904a
2026-09-07 12:50:44,918 - root - INFO - Original tokens: torch.Size([1473, 94, 1, 128]). Sampled tokens: torch.Size([730, 94, 1, 128])
2026-09-07 12:50:45,000 - root - INFO - Loaded (1543, 94, 1, 128) from 0a387030616a48d999aa1bb720e9dfbb
2026-09-07 12:50:45,018 - root - INFO - Original tokens: torch.Size([1543, 94, 1, 128]). Sampled tokens: torch.Size([730, 94, 1, 128])
2026-09-07 12:50:45,397 - root - INFO - Loaded (1301, 94, 1, 128) from 773f008d4b344d9cb393ae43ad0e550f
2026-09-07 12:50:45,416 - root - INFO - Original tokens: torch.Size([1301, 94, 1, 128]). Sampled tokens: torch.Size([730, 94, 1, 128])
2026-09-07 12:50:45,652 - root - INFO - Loaded (1648, 94, 1, 128) from 72ed68f42309416d94f44c1febd13a43
2026-09-07 12:50:45,713 - root - INFO - Original tokens: torch.Size([1648, 94, 1, 128]). Sampled tokens: torch.Size([730, 94, 1, 128])
2026-09-07 12:50:45,730 - root - INFO - Loaded (1552, 94, 1, 128) from 75f7b5033c0c454fad372c8b2497ab74
2026-09-07 12:50:45,750 - root - INFO - Original tokens: torch.Size([1552, 94, 1, 128]). Sampled tokens: torch.Size([730, 94, 1, 128])
2026-09-07 12:50:46,439 - root - INFO - Loaded (1180, 94, 1, 128) from 56631570c405437b99b452c83efa9f4a
2026-09-07 12:50:46,453 - root - INFO - Original tokens: torch.Size([1180, 94, 1, 128]). Sampled tokens: torch.Size([730, 94, 1, 128])
2026-09-07 12:50:46,514 - root - INFO - Loaded (4571, 94, 1, 128) from 578d95973340420090533380f88eafbd
2026-09-07 12:50:46,529 - root - INFO - Original tokens: torch.Size([4571, 94, 1, 128]). Sampled tokens: torch.Size([730, 94, 1, 128])
2026-09-07 12:50:46,627 - root - INFO - Loaded (3776, 94, 1, 128) from f418ec52b20d45ea8b20f15bde46978c
2026-09-07 12:50:46,694 - root - INFO - Original tokens: torch.Size([3776, 94, 1, 128]). Sampled tokens: torch.Size([730, 94, 1, 128])
2026-09-07 12:50:47,179 - root - INFO - Loaded (1137, 94, 1, 128) from 9cc2b84cd4e840cc9ddfdfcaca0e44cc
2026-09-07 12:50:47,182 - root - INFO - Loaded (2108, 94, 1, 128) from d6b9aeb3c2d244ec8c65c77b56fba024
2026-09-07 12:50:47,214 - root - INFO - Original tokens: torch.Size([2108, 94, 1, 128]). Sampled tokens: torch.Size([730, 94, 1, 128])
2026-09-07 12:50:47,217 - root - INFO - Original tokens: torch.Size([1137, 94, 1, 128]). Sampled tokens: torch.Size([730, 94, 1, 128])
2026-09-07 12:50:47,346 - root - INFO - Loaded (1137, 94, 1, 128) from 9cc2b84cd4e840cc9ddfdfcaca0e44cc
2026-09-07 12:50:47,411 - root - INFO - Original tokens: torch.Size([1137, 94, 1, 128]). Sampled tokens: torch.Size([730, 94, 1, 128])
2026-09-07 12:50:47,908 - root - INFO - Loaded (1346, 94, 1, 128) from 0c76ac4183ec46e290c18b806de9f69f
2026-09-07 12:50:47,921 - root - INFO - Original tokens: torch.Size([1346, 94, 1, 128]). Sampled tokens: torch.Size([730, 94, 1, 128])
2026-09-07 12:50:47,933 - root - INFO - Loaded (1863, 94, 1, 128) from be7ab77b0e89492da99b3cc1e607b982
2026-09-07 12:50:47,947 - root - INFO - Original tokens: torch.Size([1863, 94, 1, 128]). Sampled tokens: torch.Size([730, 94, 1, 128])
2026-09-07 12:50:48,114 - root - INFO - Loaded (1868, 94, 1, 128) from a7c2915f1503449bba17bce3001de504
2026-09-07 12:50:48,175 - root - INFO - Original tokens: torch.Size([1868, 94, 1, 128]). Sampled tokens: torch.Size([730, 94, 1, 128])
2026-09-07 12:50:48,762 - root - INFO - Loaded (2671, 94, 1, 128) from 4b84851d93824fbcbe37208f36eddbbb
2026-09-07 12:50:48,777 - root - INFO - Original tokens: torch.Size([2671, 94, 1, 128]). Sampled tokens: torch.Size([730, 94, 1, 128])
2026-09-07 12:50:48,859 - root - INFO - Loaded (3845, 94, 1, 128) from bab746726dca48019e78f774055f420e
2026-09-07 12:50:48,872 - root - INFO - Original tokens: torch.Size([3845, 94, 1, 128]). Sampled tokens: torch.Size([730, 94, 1, 128])
2026-09-07 12:50:48,981 - root - INFO - Loaded (2671, 94, 1, 128) from 4b84851d93824fbcbe37208f36eddbbb
2026-09-07 12:50:49,040 - root - INFO - Original tokens: torch.Size([2671, 94, 1, 128]). Sampled tokens: torch.Size([730, 94, 1, 128])
2026-09-07 12:50:49,592 - root - INFO - Loaded (2123, 94, 1, 128) from 6afaec34a4a34c39ac568d7b7e93acc6
2026-09-07 12:50:49,602 - root - INFO - Original tokens: torch.Size([2123, 94, 1, 128]). Sampled tokens: torch.Size([730, 94, 1, 128])
2026-09-07 12:50:49,760 - root - INFO - Loaded (2216, 94, 1, 128) from 1e9b3fa270bb4b2480140caa5d2b6ee1
2026-09-07 12:50:49,793 - root - INFO - Loaded (4623, 94, 1, 128) from 95d84c91ad4e477d9dc22cc77dec8127
2026-09-07 12:50:49,806 - root - INFO - Original tokens: torch.Size([4623, 94, 1, 128]). Sampled tokens: torch.Size([730, 94, 1, 128])
2026-09-07 12:50:49,816 - root - INFO - Original tokens: torch.Size([2216, 94, 1, 128]). Sampled tokens: torch.Size([730, 94, 1, 128])
2026-09-07 12:50:50,311 - root - INFO - Loaded (2408, 94, 1, 128) from 01b46ff0f88f4a36b59ad6fc905ea335
2026-09-07 12:50:50,321 - root - INFO - Original tokens: torch.Size([2408, 94, 1, 128]). Sampled tokens: torch.Size([730, 94, 1, 128])
2026-09-07 12:50:50,738 - root - INFO - Loaded (1876, 94, 1, 128) from 2ce81010b5124d159691015d3af32319
2026-09-07 12:50:50,753 - root - INFO - Original tokens: torch.Size([1876, 94, 1, 128]). Sampled tokens: torch.Size([730, 94, 1, 128])
2026-09-07 12:50:50,815 - root - INFO - Loaded (2776, 94, 1, 128) from bf7d53374d38400d9a0eb3228b4e0d79
2026-09-07 12:50:50,879 - root - INFO - Original tokens: torch.Size([2776, 94, 1, 128]). Sampled tokens: torch.Size([730, 94, 1, 128])
2026-09-07 12:50:51,226 - root - INFO - Loaded (1859, 94, 1, 128) from b73a26b5907e437ba864ada72fe498fc
2026-09-07 12:50:51,239 - root - INFO - Original tokens: torch.Size([1859, 94, 1, 128]). Sampled tokens: torch.Size([730, 94, 1, 128])
2026-09-07 12:50:51,452 - root - INFO - Loaded (1346, 94, 1, 128) from 0348b79d0ae1499f8e8325bd4575209a
2026-09-07 12:50:51,467 - root - INFO - Original tokens: torch.Size([1346, 94, 1, 128]). Sampled tokens: torch.Size([730, 94, 1, 128])
2026-09-07 12:50:51,725 - root - INFO - Loaded (3172, 94, 1, 128) from a16d65ea80904b1e96718c2c00e210a6
2026-09-07 12:50:51,794 - root - INFO - Original tokens: torch.Size([3172, 94, 1, 128]). Sampled tokens: torch.Size([730, 94, 1, 128])
2026-09-07 12:50:52,036 - root - INFO - Loaded (2776, 94, 1, 128) from bf7d53374d38400d9a0eb3228b4e0d79
2026-09-07 12:50:52,053 - root - INFO - Original tokens: torch.Size([2776, 94, 1, 128]). Sampled tokens: torch.Size([730, 94, 1, 128])
2026-09-07 12:50:52,151 - root - INFO - Loaded (1206, 94, 1, 128) from ad161e6dfec8465d9837a4c8e3c9b53b
2026-09-07 12:50:52,167 - root - INFO - Original tokens: torch.Size([1206, 94, 1, 128]). Sampled tokens: torch.Size([730, 94, 1, 128])
2026-09-07 12:50:52,561 - root - INFO - Loaded (1808, 94, 1, 128) from bfe2ae00a26445bbb51d36443169f79d
2026-09-07 12:50:52,622 - root - INFO - Original tokens: torch.Size([1808, 94, 1, 128]). Sampled tokens: torch.Size([730, 94, 1, 128])
2026-09-07 12:50:52,945 - root - INFO - Loaded (3310, 94, 1, 128) from b5280a6cf8984fafa72031954c07512f
2026-09-07 12:50:52,955 - root - INFO - Loaded (2072, 94, 1, 128) from e31935d8d92749889cdb59e6dbaba559
2026-09-07 12:50:52,967 - root - INFO - Original tokens: torch.Size([3310, 94, 1, 128]). Sampled tokens: torch.Size([730, 94, 1, 128])
2026-09-07 12:50:52,971 - root - INFO - Original tokens: torch.Size([2072, 94, 1, 128]). Sampled tokens: torch.Size([730, 94, 1, 128])
2026-09-07 12:50:53,358 - root - INFO - Loaded (1532, 94, 1, 128) from ec67970e696041a0941e9819a3b83ec5
2026-09-07 12:50:53,422 - root - INFO - Original tokens: torch.Size([1532, 94, 1, 128]). Sampled tokens: torch.Size([730, 94, 1, 128])
2026-09-07 12:50:53,663 - root - INFO - Loaded (1100, 94, 1, 128) from 1ec5884670a84c9eb620ede8ce02182d
2026-09-07 12:50:53,678 - root - INFO - Original tokens: torch.Size([1100, 94, 1, 128]). Sampled tokens: torch.Size([730, 94, 1, 128])
2026-09-07 12:50:53,771 - root - INFO - Loaded (1785, 94, 1, 128) from ca4517736af6497faa9fbf4f69a0e043
2026-09-07 12:50:53,788 - root - INFO - Original tokens: torch.Size([1785, 94, 1, 128]). Sampled tokens: torch.Size([730, 94, 1, 128])
2026-09-07 12:50:54,363 - root - INFO - Loaded (1285, 94, 1, 128) from e376401fee964a2e9d2beab91210933f
2026-09-07 12:50:54,375 - root - INFO - Original tokens: torch.Size([1285, 94, 1, 128]). Sampled tokens: torch.Size([730, 94, 1, 128])
2026-09-07 12:50:54,486 - root - INFO - Loaded (4880, 94, 1, 128) from 9255e7f1c509487098bf2928bbe0fbb3
2026-09-07 12:50:54,529 - root - INFO - Loaded (1912, 94, 1, 128) from e53655ce27d241f0acf33c2079172e47
2026-09-07 12:50:54,551 - root - INFO - Original tokens: torch.Size([1912, 94, 1, 128]). Sampled tokens: torch.Size([730, 94, 1, 128])
2026-09-07 12:50:54,570 - root - INFO - Original tokens: torch.Size([4880, 94, 1, 128]). Sampled tokens: torch.Size([730, 94, 1, 128])
2026-09-07 12:50:55,178 - root - INFO - Loaded (2355, 94, 1, 128) from 12cfa828bde0487fa654227fd72d9e1d
2026-09-07 12:50:55,197 - root - INFO - Original tokens: torch.Size([2355, 94, 1, 128]). Sampled tokens: torch.Size([730, 94, 1, 128])
2026-09-07 12:50:55,419 - root - INFO - Loaded (2756, 94, 1, 128) from c988840ad5b248439ea50388df69489c
2026-09-07 12:50:55,487 - root - INFO - Original tokens: torch.Size([2756, 94, 1, 128]). Sampled tokens: torch.Size([730, 94, 1, 128])
2026-09-07 12:50:55,499 - root - INFO - Loaded (3948, 94, 1, 128) from b7d24de017fe43faa704ab128c949d91
2026-09-07 12:50:55,516 - root - INFO - Original tokens: torch.Size([3948, 94, 1, 128]). Sampled tokens: torch.Size([730, 94, 1, 128])
2026-09-07 12:50:55,961 - root - INFO - Loaded (2031, 94, 1, 128) from f50aa7f70ea74ef785a6fcf2cf3639f4
2026-09-07 12:50:55,975 - root - INFO - Original tokens: torch.Size([2031, 94, 1, 128]). Sampled tokens: torch.Size([730, 94, 1, 128])
2026-09-07 12:50:56,200 - root - INFO - Loaded (1385, 94, 1, 128) from 18625e8fd76042e48b67fd209bd1f23d
2026-09-07 12:50:56,257 - root - INFO - Original tokens: torch.Size([1385, 94, 1, 128]). Sampled tokens: torch.Size([730, 94, 1, 128])
2026-09-07 12:50:56,746 - root - INFO - Loaded (2183, 94, 1, 128) from f81eb00f5fea45cab78d1079f2822932
2026-09-07 12:50:56,759 - root - INFO - Original tokens: torch.Size([2183, 94, 1, 128]). Sampled tokens: torch.Size([730, 94, 1, 128])
2026-09-07 12:50:56,874 - root - INFO - Loaded (6537, 94, 1, 128) from 53801981cb944605a5c1681dfdd7149f
2026-09-07 12:50:56,888 - root - INFO - Original tokens: torch.Size([6537, 94, 1, 128]). Sampled tokens: torch.Size([730, 94, 1, 128])
2026-09-07 12:50:57,003 - root - INFO - Loaded (1389, 94, 1, 128) from 6189a2149aec449881d530c477214690
2026-09-07 12:50:57,063 - root - INFO - Original tokens: torch.Size([1389, 94, 1, 128]). Sampled tokens: torch.Size([730, 94, 1, 128])
2026-09-07 12:50:57,486 - root - INFO - Loaded (2051, 94, 1, 128) from ac5b43bae9bf464c90df7491fbddf0f3
2026-09-07 12:50:57,500 - root - INFO - Original tokens: torch.Size([2051, 94, 1, 128]). Sampled tokens: torch.Size([730, 94, 1, 128])
2026-09-07 12:50:57,507 - root - INFO - Loaded (1170, 94, 1, 128) from b4d611e719f24f2487daaa615dbc68e7
2026-09-07 12:50:57,523 - root - INFO - Original tokens: torch.Size([1170, 94, 1, 128]). Sampled tokens: torch.Size([730, 94, 1, 128])
2026-09-07 12:50:57,711 - root - INFO - Loaded (1132, 94, 1, 128) from 1ec0cf8c03334d998f1d83da28f13494
2026-09-07 12:50:57,776 - root - INFO - Original tokens: torch.Size([1132, 94, 1, 128]). Sampled tokens: torch.Size([730, 94, 1, 128])
2026-09-07 12:50:58,211 - root - INFO - Loaded (1159, 94, 1, 128) from 722893802e604992943d897094ac4934
2026-09-07 12:50:58,226 - root - INFO - Original tokens: torch.Size([1159, 94, 1, 128]). Sampled tokens: torch.Size([730, 94, 1, 128])
2026-09-07 12:50:58,250 - root - INFO - Loaded (1550, 94, 1, 128) from 45ce3559d8ac46369a025ad646f716d2
2026-09-07 12:50:58,268 - root - INFO - Original tokens: torch.Size([1550, 94, 1, 128]). Sampled tokens: torch.Size([730, 94, 1, 128])
2026-09-07 12:50:58,602 - root - INFO - Loaded (2698, 94, 1, 128) from cdeb6438942e42e6ba51c2406f74d083
2026-09-07 12:50:58,667 - root - INFO - Original tokens: torch.Size([2698, 94, 1, 128]). Sampled tokens: torch.Size([730, 94, 1, 128])
2026-09-07 12:50:58,915 - root - INFO - Loaded (1075, 94, 1, 128) from 6b35618ca35d486b865a0f8e88654a6f
2026-09-07 12:50:58,930 - root - INFO - Original tokens: torch.Size([1075, 94, 1, 128]). Sampled tokens: torch.Size([730, 94, 1, 128])
2026-09-07 12:50:59,008 - root - INFO - Loaded (1927, 94, 1, 128) from d1448a5ce2ec4db39a6bfb8daa22bec9
2026-09-07 12:50:59,021 - root - INFO - Original tokens: torch.Size([1927, 94, 1, 128]). Sampled tokens: torch.Size([747, 94, 1, 128])
2026-09-07 12:50:59,352 - root - INFO - Loaded (1326, 94, 1, 128) from ef06ac0ac815490482f1301c36b8641f
2026-09-07 12:50:59,408 - root - INFO - Original tokens: torch.Size([1326, 94, 1, 128]). Sampled tokens: torch.Size([730, 94, 1, 128])
2026-09-07 12:50:59,638 - root - INFO - Loaded (1550, 94, 1, 128) from 1e2890e3b41a40c2b525ee76a9be30fd
2026-09-07 12:50:59,652 - root - INFO - Original tokens: torch.Size([1550, 94, 1, 128]). Sampled tokens: torch.Size([730, 94, 1, 128])
2026-09-07 12:51:00,385 - root - INFO - Loaded (2223, 94, 1, 128) from 58b4972e7ccf4e659e39bcfc3bbab399
2026-09-07 12:51:00,395 - root - INFO - Original tokens: torch.Size([2223, 94, 1, 128]). Sampled tokens: torch.Size([730, 94, 1, 128])
2026-09-07 12:51:00,495 - root - INFO - Loaded (4515, 94, 1, 128) from caf1675569f44e3dabd96082e4304c13
2026-09-07 12:51:00,555 - root - INFO - Original tokens: torch.Size([4515, 94, 1, 128]). Sampled tokens: torch.Size([730, 94, 1, 128])
2026-09-07 12:51:01,118 - root - INFO - Loaded (2262, 94, 1, 128) from 2624c40224ac468dbf7478345b92d0f4
2026-09-07 12:51:01,129 - root - INFO - Original tokens: torch.Size([2262, 94, 1, 128]). Sampled tokens: torch.Size([730, 94, 1, 128])
2026-09-07 12:51:01,214 - root - INFO - Loaded (1390, 94, 1, 128) from 1f9157dd6999405597a1e5e054167dd3
2026-09-07 12:51:01,268 - root - INFO - Original tokens: torch.Size([1390, 94, 1, 128]). Sampled tokens: torch.Size([730, 94, 1, 128])
2026-09-07 12:51:01,627 - root - INFO - Loaded (14038, 94, 1, 128) from 7d56bce5100c4fad9f26012e62f024fe
2026-09-07 12:51:01,646 - root - INFO - Original tokens: torch.Size([14038, 94, 1, 128]). Sampled tokens: torch.Size([747, 94, 1, 128])
2026-09-07 12:51:01,785 - root - INFO - Loaded (1389, 94, 1, 128) from 6189a2149aec449881d530c477214690
2026-09-07 12:51:01,795 - root - INFO - Original tokens: torch.Size([1389, 94, 1, 128]). Sampled tokens: torch.Size([730, 94, 1, 128])
2026-09-07 12:51:07,062 - root - INFO - Loaded (2031, 94, 1, 128) from f50aa7f70ea74ef785a6fcf2cf3639f4
2026-09-07 12:51:07,123 - root - INFO - Original tokens: torch.Size([2031, 94, 1, 128]). Sampled tokens: torch.Size([730, 94, 1, 128])
2026-09-07 12:51:07,551 - root - INFO - Loaded (1843, 94, 1, 128) from 733c28a3fa58460aa15ebc2fd352c53a
2026-09-07 12:51:07,560 - root - INFO - Original tokens: torch.Size([1843, 94, 1, 128]). Sampled tokens: torch.Size([730, 94, 1, 128])
2026-09-07 12:51:07,793 - root - INFO - Loaded (1329, 94, 1, 128) from 98e0649fccc941ac95dcc781e73d960d
2026-09-07 12:51:07,845 - root - INFO - Original tokens: torch.Size([1329, 94, 1, 128]). Sampled tokens: torch.Size([730, 94, 1, 128])
2026-09-07 12:51:08,191 - root - INFO - Loaded (1450, 94, 1, 128) from 5d4b879ad98049daa51e8c11bf43ec42
2026-09-07 12:51:08,204 - root - INFO - Original tokens: torch.Size([1450, 94, 1, 128]). Sampled tokens: torch.Size([730, 94, 1, 128])
2026-09-07 12:51:08,557 - root - INFO - Loaded (1916, 94, 1, 128) from fe9e141880914f4ca7b90158dbb82c07
2026-09-07 12:51:08,619 - root - INFO - Original tokens: torch.Size([1916, 94, 1, 128]). Sampled tokens: torch.Size([730, 94, 1, 128])
2026-09-07 12:51:08,832 - root - INFO - Loaded (1443, 94, 1, 128) from 6b845ca9ef6e4f73a7a348e163081fd2
2026-09-07 12:51:08,844 - root - INFO - Original tokens: torch.Size([1443, 94, 1, 128]). Sampled tokens: torch.Size([730, 94, 1, 128])
2026-09-07 12:51:09,217 - root - INFO - Loaded (13765, 94, 1, 128) from 7c5617a6dfed4973967f5f71bf533b5e
2026-09-07 12:51:09,238 - root - INFO - Original tokens: torch.Size([13765, 94, 1, 128]). Sampled tokens: torch.Size([747, 94, 1, 128])
2026-09-07 12:51:09,261 - root - INFO - Loaded (1075, 94, 1, 128) from 6b35618ca35d486b865a0f8e88654a6f
2026-09-07 12:51:09,324 - root - INFO - Original tokens: torch.Size([1075, 94, 1, 128]). Sampled tokens: torch.Size([730, 94, 1, 128])
2026-09-07 12:51:09,619 - root - INFO - Loaded (2756, 94, 1, 128) from c988840ad5b248439ea50388df69489c
2026-09-07 12:51:09,631 - root - INFO - Original tokens: torch.Size([2756, 94, 1, 128]). Sampled tokens: torch.Size([730, 94, 1, 128])
2026-09-07 12:51:10,376 - root - INFO - Loaded (2853, 94, 1, 128) from b2a35c63def24a2199f2dfcbd901387a
2026-09-07 12:51:10,386 - root - INFO - Original tokens: torch.Size([2853, 94, 1, 128]). Sampled tokens: torch.Size([730, 94, 1, 128])
2026-09-07 12:51:10,627 - root - INFO - Loaded (6229, 94, 1, 128) from 9fe872b186684cebb2f507d9b2d05a8e
2026-09-07 12:51:10,686 - root - INFO - Original tokens: torch.Size([6229, 94, 1, 128]). Sampled tokens: torch.Size([730, 94, 1, 128])
2026-09-07 12:51:11,128 - root - INFO - Loaded (2439, 94, 1, 128) from 9921d3d871144b4abb9df9ae95b35638
2026-09-07 12:51:11,138 - root - INFO - Original tokens: torch.Size([2439, 94, 1, 128]). Sampled tokens: torch.Size([730, 94, 1, 128])
2026-09-07 12:51:11,538 - root - INFO - Loaded (3543, 94, 1, 128) from 781fc55da0dd47b89a98465b6a42fd4b
2026-09-07 12:51:11,611 - root - INFO - Original tokens: torch.Size([3543, 94, 1, 128]). Sampled tokens: torch.Size([730, 94, 1, 128])
2026-09-07 12:51:11,976 - root - INFO - Loaded (2894, 94, 1, 128) from a4864fca4946455f90b1e608952173f1
2026-09-07 12:51:11,992 - root - INFO - Original tokens: torch.Size([2894, 94, 1, 128]). Sampled tokens: torch.Size([730, 94, 1, 128])
2026-09-07 12:51:12,346 - root - INFO - Loaded (2262, 94, 1, 128) from 2624c40224ac468dbf7478345b92d0f4
2026-09-07 12:51:12,416 - root - INFO - Original tokens: torch.Size([2262, 94, 1, 128]). Sampled tokens: torch.Size([730, 94, 1, 128])
2026-09-07 12:51:12,718 - root - INFO - Loaded (1993, 94, 1, 128) from f57ac27b0e364574a95702cd68ba5c44
2026-09-07 12:51:12,728 - root - INFO - Original tokens: torch.Size([1993, 94, 1, 128]). Sampled tokens: torch.Size([730, 94, 1, 128])
2026-09-07 12:51:12,926 - root - INFO - Loaded (17619, 94, 1, 128) from cbc7c37b578e4c46a0b216a18e806253
2026-09-07 12:51:12,951 - root - INFO - Original tokens: torch.Size([17619, 94, 1, 128]). Sampled tokens: torch.Size([747, 94, 1, 128])
2026-09-07 12:51:13,073 - root - INFO - Loaded (1435, 94, 1, 128) from d8d4cd1ac05a4b2bb6a01b86f6d6989b
2026-09-07 12:51:13,123 - root - INFO - Original tokens: torch.Size([1435, 94, 1, 128]). Sampled tokens: torch.Size([730, 94, 1, 128])
2026-09-07 12:51:13,405 - root - INFO - Loaded (1868, 94, 1, 128) from a7c2915f1503449bba17bce3001de504
2026-09-07 12:51:13,416 - root - INFO - Original tokens: torch.Size([1868, 94, 1, 128]). Sampled tokens: torch.Size([730, 94, 1, 128])
2026-09-07 12:51:13,806 - root - INFO - Loaded (1443, 94, 1, 128) from 6b845ca9ef6e4f73a7a348e163081fd2
2026-09-07 12:51:13,854 - root - INFO - Original tokens: torch.Size([1443, 94, 1, 128]). Sampled tokens: torch.Size([730, 94, 1, 128])
2026-09-07 12:51:14,075 - root - INFO - Loaded (1435, 94, 1, 128) from d8d4cd1ac05a4b2bb6a01b86f6d6989b
2026-09-07 12:51:14,089 - root - INFO - Original tokens: torch.Size([1435, 94, 1, 128]). Sampled tokens: torch.Size([730, 94, 1, 128])
2026-09-07 12:51:14,608 - root - INFO - Loaded (2046, 94, 1, 128) from 5f741312dd5248d39dc32f657a894cdf
2026-09-07 12:51:14,665 - root - INFO - Original tokens: torch.Size([2046, 94, 1, 128]). Sampled tokens: torch.Size([730, 94, 1, 128])
2026-09-07 12:51:14,769 - root - INFO - Loaded (8419, 94, 1, 128) from 3263fb0f19ab437a9791ba5f9b5f52e8
2026-09-07 12:51:14,784 - root - INFO - Original tokens: torch.Size([8419, 94, 1, 128]). Sampled tokens: torch.Size([747, 94, 1, 128])
2026-09-07 12:51:14,884 - root - INFO - Loaded (2533, 94, 1, 128) from cab54893964741498de64245c77895e3
2026-09-07 12:51:14,895 - root - INFO - Original tokens: torch.Size([2533, 94, 1, 128]). Sampled tokens: torch.Size([730, 94, 1, 128])
2026-09-07 12:51:15,687 - root - INFO - Loaded (4158, 94, 1, 128) from 80924b9113a148489c683c364489847f
2026-09-07 12:51:15,751 - root - INFO - Original tokens: torch.Size([4158, 94, 1, 128]). Sampled tokens: torch.Size([730, 94, 1, 128])
2026-09-07 12:51:16,254 - root - INFO - Loaded (6229, 94, 1, 128) from 9fe872b186684cebb2f507d9b2d05a8e
2026-09-07 12:51:16,265 - root - INFO - Original tokens: torch.Size([6229, 94, 1, 128]). Sampled tokens: torch.Size([730, 94, 1, 128])
2026-09-07 12:51:16,505 - root - INFO - Loaded (2068, 94, 1, 128) from cc1875751ad64c5097a8ede1d232f11e
2026-09-07 12:51:16,577 - root - INFO - Original tokens: torch.Size([2068, 94, 1, 128]). Sampled tokens: torch.Size([730, 94, 1, 128])
2026-09-07 12:51:17,044 - root - INFO - Loaded (2761, 94, 1, 128) from 416748fb105f467cb63e5916f6ff8c5b
2026-09-07 12:51:17,054 - root - INFO - Original tokens: torch.Size([2761, 94, 1, 128]). Sampled tokens: torch.Size([730, 94, 1, 128])
2026-09-07 12:51:17,073 - root - INFO - Loaded (10191, 94, 1, 128) from a975deda0f42482cba491ab0b79fa82e
2026-09-07 12:51:17,091 - root - INFO - Original tokens: torch.Size([10191, 94, 1, 128]). Sampled tokens: torch.Size([747, 94, 1, 128])
2026-09-07 12:51:17,280 - root - INFO - Loaded (1236, 94, 1, 128) from 85923b0abd214d37a202bee1a5cbd3b5
2026-09-07 12:51:17,348 - root - INFO - Original tokens: torch.Size([1236, 94, 1, 128]). Sampled tokens: torch.Size([730, 94, 1, 128])
2026-09-07 12:51:17,777 - root - INFO - Loaded (1132, 94, 1, 128) from 1ec0cf8c03334d998f1d83da28f13494
2026-09-07 12:51:17,787 - root - INFO - Original tokens: torch.Size([1132, 94, 1, 128]). Sampled tokens: torch.Size([730, 94, 1, 128])
2026-09-07 12:51:17,835 - root - INFO - Loaded (1927, 94, 1, 128) from 06bff61e08a0449d87b32669eb1102c0
2026-09-07 12:51:17,847 - root - INFO - Original tokens: torch.Size([1927, 94, 1, 128]). Sampled tokens: torch.Size([747, 94, 1, 128])
2026-09-07 12:51:18,171 - root - INFO - Loaded (2767, 94, 1, 128) from 02451d1c634c4df3b59da14af3013110
2026-09-07 12:51:18,221 - root - INFO - Original tokens: torch.Size([2767, 94, 1, 128]). Sampled tokens: torch.Size([730, 94, 1, 128])
2026-09-07 12:51:18,690 - root - INFO - Loaded (4045, 94, 1, 128) from 0c60800890ec489f9910e48b5e51f19d
2026-09-07 12:51:18,705 - root - INFO - Original tokens: torch.Size([4045, 94, 1, 128]). Sampled tokens: torch.Size([730, 94, 1, 128])
2026-09-07 12:51:19,002 - root - INFO - Loaded (2457, 94, 1, 128) from 1122effcd6b44683981ffdbf1b1d1fb1
2026-09-07 12:51:19,061 - root - INFO - Original tokens: torch.Size([2457, 94, 1, 128]). Sampled tokens: torch.Size([730, 94, 1, 128])
2026-09-07 12:51:19,480 - root - INFO - Loaded (2574, 94, 1, 128) from 969aa6d05a724186aa2dc4d285cf86c9
2026-09-07 12:51:19,497 - root - INFO - Original tokens: torch.Size([2574, 94, 1, 128]). Sampled tokens: torch.Size([730, 94, 1, 128])
2026-09-07 12:51:19,693 - root - INFO - Loaded (1206, 94, 1, 128) from ad161e6dfec8465d9837a4c8e3c9b53b
2026-09-07 12:51:19,745 - root - INFO - Original tokens: torch.Size([1206, 94, 1, 128]). Sampled tokens: torch.Size([730, 94, 1, 128])
2026-09-07 12:51:20,229 - root - INFO - Loaded (11152, 94, 1, 128) from 8e86cafd1c1b4e528b33e7cb1532ebff
2026-09-07 12:51:20,252 - root - INFO - Original tokens: torch.Size([11152, 94, 1, 128]). Sampled tokens: torch.Size([747, 94, 1, 128])
2026-09-07 12:51:20,540 - root - INFO - Loaded (2853, 94, 1, 128) from b2a35c63def24a2199f2dfcbd901387a
2026-09-07 12:51:20,557 - root - INFO - Loaded (4515, 94, 1, 128) from caf1675569f44e3dabd96082e4304c13
2026-09-07 12:51:20,576 - root - INFO - Original tokens: torch.Size([4515, 94, 1, 128]). Sampled tokens: torch.Size([730, 94, 1, 128])
2026-09-07 12:51:20,621 - root - INFO - Original tokens: torch.Size([2853, 94, 1, 128]). Sampled tokens: torch.Size([730, 94, 1, 128])
2026-09-07 12:51:21,300 - root - INFO - Loaded (2010, 94, 1, 128) from 9b412dcb0f854454acd0bea9e2c9b621
2026-09-07 12:51:21,311 - root - INFO - Original tokens: torch.Size([2010, 94, 1, 128]). Sampled tokens: torch.Size([730, 94, 1, 128])
2026-09-07 12:51:21,348 - root - INFO - Loaded (1922, 94, 1, 128) from 9e1d1393549c48079d1060a5d1363dc6
2026-09-07 12:51:21,396 - root - INFO - Original tokens: torch.Size([1922, 94, 1, 128]). Sampled tokens: torch.Size([730, 94, 1, 128])
2026-09-07 12:51:22,049 - root - INFO - Loaded (1648, 94, 1, 128) from 72ed68f42309416d94f44c1febd13a43
2026-09-07 12:51:22,059 - root - INFO - Original tokens: torch.Size([1648, 94, 1, 128]). Sampled tokens: torch.Size([730, 94, 1, 128])
2026-09-07 12:51:22,176 - root - INFO - Loaded (2640, 94, 1, 128) from 4b17b0739a2f4b298421e21203ff64f8
2026-09-07 12:51:22,246 - root - INFO - Original tokens: torch.Size([2640, 94, 1, 128]). Sampled tokens: torch.Size([730, 94, 1, 128])
2026-09-07 12:51:22,685 - root - INFO - Loaded (12305, 94, 1, 128) from b3a873cd575d4f2ba8256d73d92efd05
2026-09-07 12:51:22,701 - root - INFO - Original tokens: torch.Size([12305, 94, 1, 128]). Sampled tokens: torch.Size([747, 94, 1, 128])
2026-09-07 12:51:22,857 - root - INFO - Loaded (2803, 94, 1, 128) from 13767c4718d548e8ae8738678ec5701e
2026-09-07 12:51:22,873 - root - INFO - Original tokens: torch.Size([2803, 94, 1, 128]). Sampled tokens: torch.Size([730, 94, 1, 128])
2026-09-07 12:51:23,183 - root - INFO - Loaded (4003, 94, 1, 128) from ab1ccef4ee084a978d242fc0def5c922
2026-09-07 12:51:23,254 - root - INFO - Original tokens: torch.Size([4003, 94, 1, 128]). Sampled tokens: torch.Size([730, 94, 1, 128])
2026-09-07 12:51:23,372 - root - INFO - Loaded (1216, 94, 1, 128) from b232e0f6a3ad4061ada636ad0ad42efb
2026-09-07 12:51:23,384 - root - INFO - Original tokens: torch.Size([1216, 94, 1, 128]). Sampled tokens: torch.Size([747, 94, 1, 128])
2026-09-07 12:51:23,575 - root - INFO - Loaded (1916, 94, 1, 128) from fe9e141880914f4ca7b90158dbb82c07
2026-09-07 12:51:23,589 - root - INFO - Original tokens: torch.Size([1916, 94, 1, 128]). Sampled tokens: torch.Size([730, 94, 1, 128])
2026-09-07 12:51:24,042 - root - INFO - Loaded (2183, 94, 1, 128) from f81eb00f5fea45cab78d1079f2822932
2026-09-07 12:51:24,091 - root - INFO - Original tokens: torch.Size([2183, 94, 1, 128]). Sampled tokens: torch.Size([730, 94, 1, 128])
2026-09-07 12:51:24,275 - root - INFO - Loaded (1180, 94, 1, 128) from b5caaff3584243a08c3dd9eebd8bd0bc
2026-09-07 12:51:24,285 - root - INFO - Loaded (3985, 94, 1, 128) from f6691523dccb485d8deeaff0c062ac69
2026-09-07 12:51:24,289 - root - INFO - Original tokens: torch.Size([1180, 94, 1, 128]). Sampled tokens: torch.Size([730, 94, 1, 128])
2026-09-07 12:51:24,321 - root - INFO - Original tokens: torch.Size([3985, 94, 1, 128]). Sampled tokens: torch.Size([747, 94, 1, 128])
2026-09-07 12:51:25,134 - root - INFO - Loaded (3062, 94, 1, 128) from ff281c89f8664de78bf68eff97a817d8
2026-09-07 12:51:25,144 - root - INFO - Original tokens: torch.Size([3062, 94, 1, 128]). Sampled tokens: torch.Size([730, 94, 1, 128])
2026-09-07 12:51:25,434 - root - INFO - Loaded (6470, 94, 1, 128) from 0a9fb125088f465e9954b66f4bb6d92e
2026-09-07 12:51:25,497 - root - INFO - Original tokens: torch.Size([6470, 94, 1, 128]). Sampled tokens: torch.Size([730, 94, 1, 128])
2026-09-07 12:51:25,853 - root - INFO - Loaded (1425, 94, 1, 128) from adb01e60b3f64174bb460113bc9ef619
2026-09-07 12:51:25,863 - root - INFO - Original tokens: torch.Size([1425, 94, 1, 128]). Sampled tokens: torch.Size([730, 94, 1, 128])
2026-09-07 12:51:26,220 - root - INFO - Loaded (2355, 94, 1, 128) from 12cfa828bde0487fa654227fd72d9e1d
2026-09-07 12:51:26,269 - root - INFO - Original tokens: torch.Size([2355, 94, 1, 128]). Sampled tokens: torch.Size([730, 94, 1, 128])
2026-09-07 12:51:26,468 - root - INFO - Loaded (1027, 94, 1, 128) from ec21efb8eb844e16beebcff0467e4f99
2026-09-07 12:51:26,486 - root - INFO - Original tokens: torch.Size([1027, 94, 1, 128]). Sampled tokens: torch.Size([730, 94, 1, 128])
2026-09-07 12:51:27,046 - root - INFO - Loaded (2903, 94, 1, 128) from 06194ab40afd452fa4106f3aa273e3ac
2026-09-07 12:51:27,097 - root - INFO - Original tokens: torch.Size([2903, 94, 1, 128]). Sampled tokens: torch.Size([747, 94, 1, 128])
2026-09-07 12:51:27,193 - root - INFO - Loaded (16161, 94, 1, 128) from d06447312cc54ced848420f4c6f2e0af
2026-09-07 12:51:27,211 - root - INFO - Original tokens: torch.Size([16161, 94, 1, 128]). Sampled tokens: torch.Size([747, 94, 1, 128])
2026-09-07 12:51:27,769 - root - INFO - Loaded (6470, 94, 1, 128) from 0a9fb125088f465e9954b66f4bb6d92e
2026-09-07 12:51:27,779 - root - INFO - Original tokens: torch.Size([6470, 94, 1, 128]). Sampled tokens: torch.Size([730, 94, 1, 128])
2026-09-07 12:51:27,962 - root - INFO - Loaded (2262, 94, 1, 128) from 2879ec0e59ea496397286c1095cce903
2026-09-07 12:51:27,977 - root - INFO - Original tokens: torch.Size([2262, 94, 1, 128]). Sampled tokens: torch.Size([747, 94, 1, 128])
2026-09-07 12:51:28,517 - root - INFO - Loaded (3029, 94, 1, 128) from bd31a6ee0305439590a93408946cb923
2026-09-07 12:51:28,530 - root - INFO - Original tokens: torch.Size([3029, 94, 1, 128]). Sampled tokens: torch.Size([730, 94, 1, 128])
2026-09-07 12:51:29,056 - root - INFO - Loaded (4473, 94, 1, 128) from 78f535a9462d41d3aa5d5e792d7fe336
2026-09-07 12:51:29,067 - root - INFO - Original tokens: torch.Size([4473, 94, 1, 128]). Sampled tokens: torch.Size([747, 94, 1, 128])
2026-09-07 12:51:29,213 - root - INFO - Loaded (9252, 94, 1, 128) from a8a7791bd3404d2c8f348cb4e3ced958
2026-09-07 12:51:29,316 - root - INFO - Loaded (1656, 94, 1, 128) from 3d753b9d887a4c72b4aeacea644ed598
2026-09-07 12:51:29,360 - root - INFO - Original tokens: torch.Size([9252, 94, 1, 128]). Sampled tokens: torch.Size([747, 94, 1, 128])
2026-09-07 12:51:29,363 - root - INFO - Original tokens: torch.Size([1656, 94, 1, 128]). Sampled tokens: torch.Size([730, 94, 1, 128])
2026-09-07 12:51:29,822 - root - INFO - Loaded (1855, 94, 1, 128) from 46595915f9ba4623a85abdcae96d9f37
2026-09-07 12:51:29,833 - root - INFO - Original tokens: torch.Size([1855, 94, 1, 128]). Sampled tokens: torch.Size([747, 94, 1, 128])
2026-09-07 12:51:30,093 - root - INFO - Loaded (1728, 94, 1, 128) from 41b3e04f06304a5c8e50154b66390d1d
2026-09-07 12:51:30,105 - root - INFO - Original tokens: torch.Size([1728, 94, 1, 128]). Sampled tokens: torch.Size([730, 94, 1, 128])
2026-09-07 12:51:30,478 - root - INFO - Loaded (1301, 94, 1, 128) from 3291c87987fc4aa2be36b8fbeb3e866b
2026-09-07 12:51:30,490 - root - INFO - Original tokens: torch.Size([1301, 94, 1, 128]). Sampled tokens: torch.Size([747, 94, 1, 128])
2026-09-07 12:51:30,928 - root - INFO - Loaded (2767, 94, 1, 128) from 02451d1c634c4df3b59da14af3013110
2026-09-07 12:51:30,946 - root - INFO - Original tokens: torch.Size([2767, 94, 1, 128]). Sampled tokens: torch.Size([730, 94, 1, 128])
2026-09-07 12:51:31,630 - root - INFO - Loaded (5015, 94, 1, 128) from eee28850e7324b9684ef08f382d45012
2026-09-07 12:51:31,643 - root - INFO - Original tokens: torch.Size([5015, 94, 1, 128]). Sampled tokens: torch.Size([747, 94, 1, 128])
2026-09-07 12:51:31,671 - root - INFO - Loaded (11019, 94, 1, 128) from dd3a8f813ce24153b8ea1dfc6ced2e8e
2026-09-07 12:51:31,763 - root - INFO - Original tokens: torch.Size([11019, 94, 1, 128]). Sampled tokens: torch.Size([747, 94, 1, 128])
2026-09-07 12:51:32,019 - root - INFO - Loaded (4240, 94, 1, 128) from 7b98eecdcf934dd2beefd2fafb7440cc
2026-09-07 12:51:32,029 - root - INFO - Original tokens: torch.Size([4240, 94, 1, 128]). Sampled tokens: torch.Size([730, 94, 1, 128])
2026-09-07 12:51:32,492 - root - INFO - Loaded (2968, 94, 1, 128) from e87d69b8f9e04ea8a4e9ec8c11a8212f
2026-09-07 12:51:32,508 - root - INFO - Original tokens: torch.Size([2968, 94, 1, 128]). Sampled tokens: torch.Size([747, 94, 1, 128])
2026-09-07 12:51:33,086 - root - INFO - Loaded (5330, 94, 1, 128) from ea351a94db47476ca5cd1b5101809a9f
2026-09-07 12:51:33,098 - root - INFO - Original tokens: torch.Size([5330, 94, 1, 128]). Sampled tokens: torch.Size([730, 94, 1, 128])
2026-09-07 12:51:33,232 - root - INFO - Loaded (2113, 94, 1, 128) from 2aa2a018f51d46aeb2cb1e8426f47ca3
2026-09-07 12:51:33,243 - root - INFO - Original tokens: torch.Size([2113, 94, 1, 128]). Sampled tokens: torch.Size([747, 94, 1, 128])
2026-09-07 12:51:33,862 - root - INFO - Loaded (3046, 94, 1, 128) from bda6ca976a064c8cb10cbad2c5709604
2026-09-07 12:51:33,872 - root - INFO - Original tokens: torch.Size([3046, 94, 1, 128]). Sampled tokens: torch.Size([730, 94, 1, 128])
2026-09-07 12:51:33,950 - root - INFO - Loaded (9800, 94, 1, 128) from 1c6245deb6144b10b3532a448b8e872c
2026-09-07 12:51:34,043 - root - INFO - Loaded (3282, 94, 1, 128) from 11f10ad7e3e644b0bb37591a47656aab
2026-09-07 12:51:34,045 - root - INFO - Original tokens: torch.Size([9800, 94, 1, 128]). Sampled tokens: torch.Size([747, 94, 1, 128])
2026-09-07 12:51:34,058 - root - INFO - Original tokens: torch.Size([3282, 94, 1, 128]). Sampled tokens: torch.Size([747, 94, 1, 128])
2026-09-07 12:51:34,580 - root - INFO - Loaded (2084, 94, 1, 128) from 8eb22d8ae2fb4194909db67b02c0af3b
2026-09-07 12:51:34,589 - root - INFO - Original tokens: torch.Size([2084, 94, 1, 128]). Sampled tokens: torch.Size([730, 94, 1, 128])
2026-09-07 12:51:34,654 - root - INFO - Loaded (1234, 94, 1, 128) from bc3d686e534c44a78727e5e0edd5fa00
2026-09-07 12:51:34,668 - root - INFO - Original tokens: torch.Size([1234, 94, 1, 128]). Sampled tokens: torch.Size([747, 94, 1, 128])
2026-09-07 12:51:35,289 - root - INFO - Loaded (2216, 94, 1, 128) from 1e9b3fa270bb4b2480140caa5d2b6ee1
2026-09-07 12:51:35,302 - root - INFO - Original tokens: torch.Size([2216, 94, 1, 128]). Sampled tokens: torch.Size([730, 94, 1, 128])
2026-09-07 12:51:35,467 - root - INFO - Loaded (8158, 94, 1, 128) from 2dae3bfd558d481aa8c293054bbfcd58
2026-09-07 12:51:35,531 - root - INFO - Original tokens: torch.Size([8158, 94, 1, 128]). Sampled tokens: torch.Size([747, 94, 1, 128])
2026-09-07 12:51:36,136 - root - INFO - Loaded (2672, 94, 1, 128) from 2f223bc98be44e54af5670bd5770fed9
2026-09-07 12:51:36,146 - root - INFO - Original tokens: torch.Size([2672, 94, 1, 128]). Sampled tokens: torch.Size([730, 94, 1, 128])
2026-09-07 12:51:36,766 - root - INFO - Loaded (8781, 94, 1, 128) from f6eb2c3a0c2b4e83898c0ee25b70f4f8
2026-09-07 12:51:36,784 - root - INFO - Original tokens: torch.Size([8781, 94, 1, 128]). Sampled tokens: torch.Size([747, 94, 1, 128])
2026-09-07 12:51:36,870 - root - INFO - Loaded (1956, 94, 1, 128) from 90aa5dee330e4aeebe210df6ae589813
2026-09-07 12:51:36,882 - root - INFO - Original tokens: torch.Size([1956, 94, 1, 128]). Sampled tokens: torch.Size([730, 94, 1, 128])
2026-09-07 12:51:37,636 - root - INFO - Loaded (2116, 94, 1, 128) from 2b76d19f50a5488b88e834a4a3bf257a
2026-09-07 12:51:37,646 - root - INFO - Original tokens: torch.Size([2116, 94, 1, 128]). Sampled tokens: torch.Size([730, 94, 1, 128])
2026-09-07 12:51:37,937 - root - INFO - Loaded (11959, 94, 1, 128) from f7d7298f13874726824e23e54687d1be
2026-09-07 12:51:38,024 - root - INFO - Original tokens: torch.Size([11959, 94, 1, 128]). Sampled tokens: torch.Size([747, 94, 1, 128])
2026-09-07 12:51:38,351 - root - INFO - Loaded (1125, 94, 1, 128) from ab92e0b6b48f4edb9bc0603c16818f35
2026-09-07 12:51:38,361 - root - INFO - Original tokens: torch.Size([1125, 94, 1, 128]). Sampled tokens: torch.Size([730, 94, 1, 128])
2026-09-07 12:51:39,089 - root - INFO - Loaded (2298, 94, 1, 128) from b28fe838dcea4d75bac05b743af935f0
2026-09-07 12:51:39,101 - root - INFO - Original tokens: torch.Size([2298, 94, 1, 128]). Sampled tokens: torch.Size([730, 94, 1, 128])
2026-09-07 12:51:39,401 - root - INFO - Loaded (7033, 94, 1, 128) from df0e3358df8d44738b6a3f99e5bc0cd9
2026-09-07 12:51:39,501 - root - INFO - Original tokens: torch.Size([7033, 94, 1, 128]). Sampled tokens: torch.Size([747, 94, 1, 128])
2026-09-07 12:51:39,557 - root - INFO - Loaded (13483, 94, 1, 128) from 03f73aa4c10e478fa6f9142749e7e448
2026-09-07 12:51:39,575 - root - INFO - Original tokens: torch.Size([13483, 94, 1, 128]). Sampled tokens: torch.Size([747, 94, 1, 128])
2026-09-07 12:51:39,925 - root - INFO - Loaded (3632, 94, 1, 128) from 5eb9d6f2878541289284da7a54107fab
2026-09-07 12:51:39,937 - root - INFO - Original tokens: torch.Size([3632, 94, 1, 128]). Sampled tokens: torch.Size([730, 94, 1, 128])
2026-09-07 12:51:40,253 - root - INFO - Loaded (1440, 94, 1, 128) from 3944c6833ec740be92b4489a598393b7
2026-09-07 12:51:40,263 - root - INFO - Original tokens: torch.Size([1440, 94, 1, 128]). Sampled tokens: torch.Size([747, 94, 1, 128])
2026-09-07 12:51:40,489 - root - INFO - Loaded (4136, 94, 1, 128) from 5295405f4a5a404da218841ab2776967
2026-09-07 12:51:40,543 - root - INFO - Original tokens: torch.Size([4136, 94, 1, 128]). Sampled tokens: torch.Size([747, 94, 1, 128])
2026-09-07 12:51:40,636 - root - INFO - Loaded (2035, 94, 1, 128) from 9d8224a7ab6f4fa084bde81cd3799a5c
2026-09-07 12:51:40,651 - root - INFO - Original tokens: torch.Size([2035, 94, 1, 128]). Sampled tokens: torch.Size([730, 94, 1, 128])
2026-09-07 12:51:40,966 - root - INFO - Loaded (2264, 94, 1, 128) from d67106bf3ce54a1dad1814f1f8914ca0
2026-09-07 12:51:40,977 - root - INFO - Original tokens: torch.Size([2264, 94, 1, 128]). Sampled tokens: torch.Size([747, 94, 1, 128])
2026-09-07 12:51:41,233 - root - INFO - Loaded (1476, 94, 1, 128) from baf685e74a6649b687e4f007480bb95c
2026-09-07 12:51:41,278 - root - INFO - Loaded (1046, 94, 1, 128) from e87c051dea984e748288d3c10c8c895c
2026-09-07 12:51:41,312 - root - INFO - Original tokens: torch.Size([1046, 94, 1, 128]). Sampled tokens: torch.Size([730, 94, 1, 128])
2026-09-07 12:51:41,318 - root - INFO - Original tokens: torch.Size([1476, 94, 1, 128]). Sampled tokens: torch.Size([747, 94, 1, 128])
2026-09-07 12:51:41,803 - root - INFO - Loaded (3639, 94, 1, 128) from 777881bf1c92416c8a677cd7a2224e46
2026-09-07 12:51:41,814 - root - INFO - Original tokens: torch.Size([3639, 94, 1, 128]). Sampled tokens: torch.Size([747, 94, 1, 128])
2026-09-07 12:51:42,009 - root - INFO - Loaded (1326, 94, 1, 128) from ef06ac0ac815490482f1301c36b8641f
2026-09-07 12:51:42,018 - root - INFO - Original tokens: torch.Size([1326, 94, 1, 128]). Sampled tokens: torch.Size([730, 94, 1, 128])
2026-09-07 12:51:42,122 - root - INFO - Loaded (2686, 94, 1, 128) from dcf93548c90c44aab7211b46fbdd37ad
2026-09-07 12:51:42,172 - root - INFO - Original tokens: torch.Size([2686, 94, 1, 128]). Sampled tokens: torch.Size([747, 94, 1, 128])
2026-09-07 12:51:42,516 - root - INFO - Loaded (2255, 94, 1, 128) from fd90af6ffe9f4162bcee82c2a308d9ad
2026-09-07 12:51:42,528 - root - INFO - Original tokens: torch.Size([2255, 94, 1, 128]). Sampled tokens: torch.Size([747, 94, 1, 128])
2026-09-07 12:51:42,833 - root - INFO - Loaded (2640, 94, 1, 128) from 4b17b0739a2f4b298421e21203ff64f8
2026-09-07 12:51:42,845 - root - INFO - Original tokens: torch.Size([2640, 94, 1, 128]). Sampled tokens: torch.Size([730, 94, 1, 128])
2026-09-07 12:51:43,009 - root - INFO - Loaded (3878, 94, 1, 128) from 1ac08f24cf6b40e4a0f6154a8b7ee8cc
2026-09-07 12:51:43,062 - root - INFO - Original tokens: torch.Size([3878, 94, 1, 128]). Sampled tokens: torch.Size([747, 94, 1, 128])
2026-09-07 12:51:43,553 - root - INFO - Loaded (1922, 94, 1, 128) from 9e1d1393549c48079d1060a5d1363dc6
2026-09-07 12:51:43,563 - root - INFO - Original tokens: torch.Size([1922, 94, 1, 128]). Sampled tokens: torch.Size([730, 94, 1, 128])
2026-09-07 12:51:44,235 - root - INFO - Loaded (1950, 94, 1, 128) from baf0d2a2ece7420099136cfbfb8d0f7f
2026-09-07 12:51:44,248 - root - INFO - Original tokens: torch.Size([1950, 94, 1, 128]). Sampled tokens: torch.Size([730, 94, 1, 128])
2026-09-07 12:51:44,755 - root - INFO - Loaded (11745, 94, 1, 128) from cd42facab60040739c50f41bdd00fa1c
2026-09-07 12:51:44,772 - root - INFO - Original tokens: torch.Size([11745, 94, 1, 128]). Sampled tokens: torch.Size([747, 94, 1, 128])
2026-09-07 12:51:44,949 - root - INFO - Loaded (2046, 94, 1, 128) from 5f741312dd5248d39dc32f657a894cdf
2026-09-07 12:51:44,960 - root - INFO - Original tokens: torch.Size([2046, 94, 1, 128]). Sampled tokens: torch.Size([730, 94, 1, 128])
2026-09-07 12:51:45,511 - root - INFO - Loaded (2049, 94, 1, 128) from f03c66c7763948f0be532e5ffc1e7523
2026-09-07 12:51:45,533 - root - INFO - Original tokens: torch.Size([2049, 94, 1, 128]). Sampled tokens: torch.Size([747, 94, 1, 128])
2026-09-07 12:51:45,927 - root - INFO - Loaded (4158, 94, 1, 128) from 80924b9113a148489c683c364489847f
2026-09-07 12:51:45,937 - root - INFO - Original tokens: torch.Size([4158, 94, 1, 128]). Sampled tokens: torch.Size([730, 94, 1, 128])
2026-09-07 12:51:46,248 - root - INFO - Loaded (16432, 94, 1, 128) from fb723e031349433d9ae56c080fe995f0
2026-09-07 12:51:46,336 - root - INFO - Original tokens: torch.Size([16432, 94, 1, 128]). Sampled tokens: torch.Size([747, 94, 1, 128])
2026-09-07 12:51:46,817 - root - INFO - Loaded (3170, 94, 1, 128) from c0d4c301323f43e8b7a09743e3374bf0
2026-09-07 12:51:46,827 - root - INFO - Original tokens: torch.Size([3170, 94, 1, 128]). Sampled tokens: torch.Size([730, 94, 1, 128])
2026-09-07 12:51:47,159 - root - INFO - Loaded (3333, 94, 1, 128) from 13287947272c4014a9c5a0041782160d
2026-09-07 12:51:47,215 - root - INFO - Original tokens: torch.Size([3333, 94, 1, 128]). Sampled tokens: torch.Size([747, 94, 1, 128])
2026-09-07 12:51:47,461 - root - INFO - Loaded (1270, 94, 1, 128) from 36813b9e7f804fc3b59697b7be5dd5d8
2026-09-07 12:51:47,471 - root - INFO - Original tokens: torch.Size([1270, 94, 1, 128]). Sampled tokens: torch.Size([730, 94, 1, 128])
2026-09-07 12:51:47,977 - root - INFO - Loaded (2877, 94, 1, 128) from 6a27749da0374b78b5d16b08c357d2bf
2026-09-07 12:51:48,050 - root - INFO - Loaded (13769, 94, 1, 128) from 1e5353d15c564752a2ae0796d5bb79b0
2026-09-07 12:51:48,064 - root - INFO - Original tokens: torch.Size([2877, 94, 1, 128]). Sampled tokens: torch.Size([747, 94, 1, 128])
2026-09-07 12:51:48,066 - root - INFO - Original tokens: torch.Size([13769, 94, 1, 128]). Sampled tokens: torch.Size([747, 94, 1, 128])
2026-09-07 12:51:48,128 - root - INFO - Loaded (1520, 94, 1, 128) from 5869f4575ef2449fba3299f82c5370d9
2026-09-07 12:51:48,138 - root - INFO - Original tokens: torch.Size([1520, 94, 1, 128]). Sampled tokens: torch.Size([730, 94, 1, 128])
2026-09-07 12:51:48,738 - root - INFO - Loaded (1219, 94, 1, 128) from f6dda268794147ada80ca6cc00426266
2026-09-07 12:51:48,743 - root - INFO - Loaded (2113, 94, 1, 128) from ac359322cb2648fc95e232ead111ab8f
2026-09-07 12:51:48,747 - root - INFO - Original tokens: torch.Size([1219, 94, 1, 128]). Sampled tokens: torch.Size([730, 94, 1, 128])
2026-09-07 12:51:48,792 - root - INFO - Original tokens: torch.Size([2113, 94, 1, 128]). Sampled tokens: torch.Size([747, 94, 1, 128])
2026-09-07 12:51:49,369 - root - INFO - Loaded (7034, 94, 1, 128) from 804a3a2a498e4336813006449f44dec5
2026-09-07 12:51:49,378 - root - INFO - Original tokens: torch.Size([7034, 94, 1, 128]). Sampled tokens: torch.Size([747, 94, 1, 128])
2026-09-07 12:51:49,415 - root - INFO - Loaded (1236, 94, 1, 128) from 85923b0abd214d37a202bee1a5cbd3b5
2026-09-07 12:51:49,426 - root - INFO - Original tokens: torch.Size([1236, 94, 1, 128]). Sampled tokens: torch.Size([730, 94, 1, 128])
2026-09-07 12:51:49,526 - root - INFO - Loaded (2264, 94, 1, 128) from d67106bf3ce54a1dad1814f1f8914ca0
2026-09-07 12:51:49,573 - root - INFO - Original tokens: torch.Size([2264, 94, 1, 128]). Sampled tokens: torch.Size([747, 94, 1, 128])
2026-09-07 12:51:50,090 - root - INFO - Loaded (1473, 94, 1, 128) from 28047b217352457e9780a89f0448904a
2026-09-07 12:51:50,100 - root - INFO - Original tokens: torch.Size([1473, 94, 1, 128]). Sampled tokens: torch.Size([730, 94, 1, 128])
2026-09-07 12:51:50,207 - root - INFO - Loaded (1196, 94, 1, 128) from 8c1899492d41419dbc5db5e23363f1e2
2026-09-07 12:51:50,255 - root - INFO - Original tokens: torch.Size([1196, 94, 1, 128]). Sampled tokens: torch.Size([747, 94, 1, 128])
2026-09-07 12:51:50,828 - root - INFO - Loaded (2626, 94, 1, 128) from 498d4495264640d5aa7efb1188fdd8d3
2026-09-07 12:51:50,840 - root - INFO - Original tokens: torch.Size([2626, 94, 1, 128]). Sampled tokens: torch.Size([730, 94, 1, 128])
2026-09-07 12:51:51,052 - root - INFO - Loaded (3636, 94, 1, 128) from cc52f24174d14edeb0757adeb7870b71
2026-09-07 12:51:51,104 - root - INFO - Original tokens: torch.Size([3636, 94, 1, 128]). Sampled tokens: torch.Size([747, 94, 1, 128])
2026-09-07 12:51:51,522 - root - INFO - Loaded (2020, 94, 1, 128) from ba7657a0406841f3bb2ff9d1aa21d9e2
2026-09-07 12:51:51,534 - root - INFO - Original tokens: torch.Size([2020, 94, 1, 128]). Sampled tokens: torch.Size([730, 94, 1, 128])
2026-09-07 12:51:51,573 - root - INFO - Loaded (11225, 94, 1, 128) from a63e9c95b44c4c7a96bec21dbfa95e08
2026-09-07 12:51:51,593 - root - INFO - Original tokens: torch.Size([11225, 94, 1, 128]). Sampled tokens: torch.Size([747, 94, 1, 128])
2026-09-07 12:51:52,257 - root - INFO - Loaded (2457, 94, 1, 128) from 1122effcd6b44683981ffdbf1b1d1fb1
2026-09-07 12:51:52,267 - root - INFO - Original tokens: torch.Size([2457, 94, 1, 128]). Sampled tokens: torch.Size([730, 94, 1, 128])
2026-09-07 12:51:52,928 - root - INFO - Loaded (2031, 94, 1, 128) from 17ec14b5a82b4d2aacfb0e771838bc47
2026-09-07 12:51:52,940 - root - INFO - Original tokens: torch.Size([2031, 94, 1, 128]). Sampled tokens: torch.Size([730, 94, 1, 128])
2026-09-07 12:51:53,306 - root - INFO - Loaded (11477, 94, 1, 128) from 9b5909decc514881a4f04f87fc03cbb9
2026-09-07 12:51:53,386 - root - INFO - Original tokens: torch.Size([11477, 94, 1, 128]). Sampled tokens: torch.Size([747, 94, 1, 128])
2026-09-07 12:51:53,610 - root - INFO - Loaded (1543, 94, 1, 128) from 0a387030616a48d999aa1bb720e9dfbb
2026-09-07 12:51:53,620 - root - INFO - Original tokens: torch.Size([1543, 94, 1, 128]). Sampled tokens: torch.Size([730, 94, 1, 128])
2026-09-07 12:51:54,268 - root - INFO - Loaded (1552, 94, 1, 128) from 75f7b5033c0c454fad372c8b2497ab74
2026-09-07 12:51:54,279 - root - INFO - Original tokens: torch.Size([1552, 94, 1, 128]). Sampled tokens: torch.Size([730, 94, 1, 128])
2026-09-07 12:51:54,932 - root - INFO - Loaded (1180, 94, 1, 128) from 56631570c405437b99b452c83efa9f4a
2026-09-07 12:51:54,950 - root - INFO - Original tokens: torch.Size([1180, 94, 1, 128]). Sampled tokens: torch.Size([730, 94, 1, 128])
2026-09-07 12:51:55,343 - root - INFO - Loaded (19783, 94, 1, 128) from 206da347f69e4f8dbea26b62b7af08f2
2026-09-07 12:51:55,360 - root - INFO - Original tokens: torch.Size([19783, 94, 1, 128]). Sampled tokens: torch.Size([747, 94, 1, 128])
2026-09-07 12:51:55,599 - root - INFO - Loaded (9742, 94, 1, 128) from a6277bce40594ebfa5777774e6fba5db
2026-09-07 12:51:55,690 - root - INFO - Original tokens: torch.Size([9742, 94, 1, 128]). Sampled tokens: torch.Size([747, 94, 1, 128])
2026-09-07 12:51:55,714 - root - INFO - Loaded (2108, 94, 1, 128) from d6b9aeb3c2d244ec8c65c77b56fba024
2026-09-07 12:51:55,724 - root - INFO - Original tokens: torch.Size([2108, 94, 1, 128]). Sampled tokens: torch.Size([730, 94, 1, 128])
2026-09-07 12:51:56,398 - root - INFO - Loaded (1863, 94, 1, 128) from be7ab77b0e89492da99b3cc1e607b982
2026-09-07 12:51:56,407 - root - INFO - Original tokens: torch.Size([1863, 94, 1, 128]). Sampled tokens: torch.Size([730, 94, 1, 128])
2026-09-07 12:51:56,845 - root - INFO - Loaded (8099, 94, 1, 128) from a3ff123265394b78acdbaa889c60eafc
2026-09-07 12:51:56,854 - root - INFO - Original tokens: torch.Size([8099, 94, 1, 128]). Sampled tokens: torch.Size([747, 94, 1, 128])
2026-09-07 12:51:57,303 - root - INFO - Loaded (3845, 94, 1, 128) from bab746726dca48019e78f774055f420e
2026-09-07 12:51:57,313 - root - INFO - Original tokens: torch.Size([3845, 94, 1, 128]). Sampled tokens: torch.Size([730, 94, 1, 128])
2026-09-07 12:51:58,071 - root - INFO - Loaded (2123, 94, 1, 128) from 6afaec34a4a34c39ac568d7b7e93acc6
2026-09-07 12:51:58,081 - root - INFO - Original tokens: torch.Size([2123, 94, 1, 128]). Sampled tokens: torch.Size([730, 94, 1, 128])
2026-09-07 12:51:58,341 - root - INFO - Loaded (6897, 94, 1, 128) from 006de4b30a8345e0a0ae05a7ead73c3f
2026-09-07 12:51:58,353 - root - INFO - Original tokens: torch.Size([6897, 94, 1, 128]). Sampled tokens: torch.Size([747, 94, 1, 128])
2026-09-07 12:51:58,687 - root - INFO - Loaded (16161, 94, 1, 128) from d06447312cc54ced848420f4c6f2e0af
2026-09-07 12:51:58,785 - root - INFO - Original tokens: torch.Size([16161, 94, 1, 128]). Sampled tokens: torch.Size([747, 94, 1, 128])
2026-09-07 12:51:58,889 - root - INFO - Loaded (2408, 94, 1, 128) from 01b46ff0f88f4a36b59ad6fc905ea335
2026-09-07 12:51:58,900 - root - INFO - Original tokens: torch.Size([2408, 94, 1, 128]). Sampled tokens: torch.Size([730, 94, 1, 128])
2026-09-07 12:51:59,673 - root - INFO - Loaded (1859, 94, 1, 128) from b73a26b5907e437ba864ada72fe498fc
2026-09-07 12:51:59,684 - root - INFO - Original tokens: torch.Size([1859, 94, 1, 128]). Sampled tokens: torch.Size([730, 94, 1, 128])
2026-09-07 12:52:00,320 - root - INFO - Loaded (8099, 94, 1, 128) from a3ff123265394b78acdbaa889c60eafc
2026-09-07 12:52:00,395 - root - INFO - Original tokens: torch.Size([8099, 94, 1, 128]). Sampled tokens: torch.Size([747, 94, 1, 128])
2026-09-07 12:52:00,450 - root - INFO - Loaded (2776, 94, 1, 128) from bf7d53374d38400d9a0eb3228b4e0d79
2026-09-07 12:52:00,462 - root - INFO - Original tokens: torch.Size([2776, 94, 1, 128]). Sampled tokens: torch.Size([730, 94, 1, 128])
2026-09-07 12:52:00,901 - root - INFO - Loaded (12288, 94, 1, 128) from f5d7f969912f4906842cb55db7604d4d
2026-09-07 12:52:00,920 - root - INFO - Original tokens: torch.Size([12288, 94, 1, 128]). Sampled tokens: torch.Size([747, 94, 1, 128])
2026-09-07 12:52:01,261 - root - INFO - Loaded (3310, 94, 1, 128) from b5280a6cf8984fafa72031954c07512f
2026-09-07 12:52:01,266 - root - INFO - Loaded (3994, 94, 1, 128) from a50d62d61f664b8dbbbce34338100471
2026-09-07 12:52:01,277 - root - INFO - Original tokens: torch.Size([3310, 94, 1, 128]). Sampled tokens: torch.Size([730, 94, 1, 128])
2026-09-07 12:52:01,328 - root - INFO - Original tokens: torch.Size([3994, 94, 1, 128]). Sampled tokens: torch.Size([747, 94, 1, 128])
2026-09-07 12:52:02,017 - root - INFO - Loaded (1785, 94, 1, 128) from ca4517736af6497faa9fbf4f69a0e043
2026-09-07 12:52:02,036 - root - INFO - Original tokens: torch.Size([1785, 94, 1, 128]). Sampled tokens: torch.Size([730, 94, 1, 128])
2026-09-07 12:52:02,195 - root - INFO - Loaded (6411, 94, 1, 128) from 31f32584ecd843ec859cb29f4d87d4f4
2026-09-07 12:52:02,204 - root - INFO - Original tokens: torch.Size([6411, 94, 1, 128]). Sampled tokens: torch.Size([747, 94, 1, 128])
2026-09-07 12:52:02,282 - root - INFO - Loaded (4027, 94, 1, 128) from a278907dcb4d477eafa8e30a4f1cbb7a
2026-09-07 12:52:02,358 - root - INFO - Original tokens: torch.Size([4027, 94, 1, 128]). Sampled tokens: torch.Size([747, 94, 1, 128])
2026-09-07 12:52:02,738 - root - INFO - Loaded (1912, 94, 1, 128) from e53655ce27d241f0acf33c2079172e47
2026-09-07 12:52:02,749 - root - INFO - Original tokens: torch.Size([1912, 94, 1, 128]). Sampled tokens: torch.Size([730, 94, 1, 128])
2026-09-07 12:52:03,401 - root - INFO - Loaded (5015, 94, 1, 128) from eee28850e7324b9684ef08f382d45012
2026-09-07 12:52:03,481 - root - INFO - Original tokens: torch.Size([5015, 94, 1, 128]). Sampled tokens: torch.Size([747, 94, 1, 128])
2026-09-07 12:52:03,582 - root - INFO - Loaded (7011, 94, 1, 128) from e397a745e52c4df9b02155fc3d2dcf95
2026-09-07 12:52:03,592 - root - INFO - Original tokens: torch.Size([7011, 94, 1, 128]). Sampled tokens: torch.Size([747, 94, 1, 128])
2026-09-07 12:52:03,621 - root - INFO - Loaded (3948, 94, 1, 128) from b7d24de017fe43faa704ab128c949d91
2026-09-07 12:52:03,633 - root - INFO - Original tokens: torch.Size([3948, 94, 1, 128]). Sampled tokens: torch.Size([730, 94, 1, 128])
2026-09-07 12:52:04,286 - root - INFO - Loaded (1882, 94, 1, 128) from c0410122e6144464a505813f7e2979ab
2026-09-07 12:52:04,297 - root - INFO - Original tokens: torch.Size([1882, 94, 1, 128]). Sampled tokens: torch.Size([747, 94, 1, 128])
2026-09-07 12:52:04,304 - root - INFO - Loaded (3196, 94, 1, 128) from 7f89b3fba23148ccafe235b843521142
2026-09-07 12:52:04,359 - root - INFO - Original tokens: torch.Size([3196, 94, 1, 128]). Sampled tokens: torch.Size([747, 94, 1, 128])
2026-09-07 12:52:04,910 - root - INFO - Loaded (6537, 94, 1, 128) from 53801981cb944605a5c1681dfdd7149f
2026-09-07 12:52:04,920 - root - INFO - Original tokens: torch.Size([6537, 94, 1, 128]). Sampled tokens: torch.Size([730, 94, 1, 128])
2026-09-07 12:52:05,533 - root - INFO - Loaded (1170, 94, 1, 128) from b4d611e719f24f2487daaa615dbc68e7
2026-09-07 12:52:05,547 - root - INFO - Original tokens: torch.Size([1170, 94, 1, 128]). Sampled tokens: torch.Size([730, 94, 1, 128])
2026-09-07 12:52:05,644 - root - INFO - Loaded (6963, 94, 1, 128) from ce0869e6a1ee46b4a15d6742b954135f
2026-09-07 12:52:05,657 - root - INFO - Original tokens: torch.Size([6963, 94, 1, 128]). Sampled tokens: torch.Size([747, 94, 1, 128])
2026-09-07 12:52:06,222 - root - INFO - Loaded (1550, 94, 1, 128) from 45ce3559d8ac46369a025ad646f716d2
2026-09-07 12:52:06,233 - root - INFO - Original tokens: torch.Size([1550, 94, 1, 128]). Sampled tokens: torch.Size([730, 94, 1, 128])
2026-09-07 12:52:06,930 - root - INFO - Loaded (1927, 94, 1, 128) from d1448a5ce2ec4db39a6bfb8daa22bec9
2026-09-07 12:52:06,942 - root - INFO - Original tokens: torch.Size([1927, 94, 1, 128]). Sampled tokens: torch.Size([747, 94, 1, 128])
2026-09-07 12:52:07,060 - root - INFO - Loaded (7312, 94, 1, 128) from 9a6cdf3bdbc94916bcdbaefcaa7818eb
2026-09-07 12:52:07,070 - root - INFO - Original tokens: torch.Size([7312, 94, 1, 128]). Sampled tokens: torch.Size([747, 94, 1, 128])
2026-09-07 12:52:07,080 - root - INFO - Loaded (13769, 94, 1, 128) from 1e5353d15c564752a2ae0796d5bb79b0
2026-09-07 12:52:07,171 - root - INFO - Original tokens: torch.Size([13769, 94, 1, 128]). Sampled tokens: torch.Size([747, 94, 1, 128])
2026-09-07 12:52:09,267 - root - INFO - Loaded (9800, 94, 1, 128) from 1c6245deb6144b10b3532a448b8e872c
2026-09-07 12:52:09,284 - root - INFO - Original tokens: torch.Size([9800, 94, 1, 128]). Sampled tokens: torch.Size([747, 94, 1, 128])
2026-09-07 12:52:09,431 - root - INFO - Loaded (11152, 94, 1, 128) from 8e86cafd1c1b4e528b33e7cb1532ebff
2026-09-07 12:52:09,510 - root - INFO - Original tokens: torch.Size([11152, 94, 1, 128]). Sampled tokens: torch.Size([747, 94, 1, 128])
2026-09-07 12:52:09,648 - root - INFO - Loaded (14038, 94, 1, 128) from 7d56bce5100c4fad9f26012e62f024fe
2026-09-07 12:52:09,667 - root - INFO - Original tokens: torch.Size([14038, 94, 1, 128]). Sampled tokens: torch.Size([747, 94, 1, 128])
2026-09-07 12:52:10,720 - root - INFO - Loaded (6010, 94, 1, 128) from 318bc277be394c34ba3a23d0f7dadc00
2026-09-07 12:52:10,787 - root - INFO - Original tokens: torch.Size([6010, 94, 1, 128]). Sampled tokens: torch.Size([747, 94, 1, 128])
2026-09-07 12:52:11,590 - root - INFO - Loaded (10763, 94, 1, 128) from 193bcc974cff4b158079fbb1bf7f2eac
2026-09-07 12:52:11,608 - root - INFO - Original tokens: torch.Size([10763, 94, 1, 128]). Sampled tokens: torch.Size([747, 94, 1, 128])
2026-09-07 12:52:12,362 - root - INFO - Loaded (13765, 94, 1, 128) from 7c5617a6dfed4973967f5f71bf533b5e
2026-09-07 12:52:12,379 - root - INFO - Original tokens: torch.Size([13765, 94, 1, 128]). Sampled tokens: torch.Size([747, 94, 1, 128])
2026-09-07 12:52:13,374 - root - INFO - Loaded (12288, 94, 1, 128) from f5d7f969912f4906842cb55db7604d4d
2026-09-07 12:52:13,466 - root - INFO - Original tokens: torch.Size([12288, 94, 1, 128]). Sampled tokens: torch.Size([747, 94, 1, 128])
2026-09-07 12:52:13,955 - root - INFO - Loaded (10644, 94, 1, 128) from aacaa5e0837f4a61accecbcfbe754f1d
2026-09-07 12:52:13,981 - root - INFO - Original tokens: torch.Size([10644, 94, 1, 128]). Sampled tokens: torch.Size([747, 94, 1, 128])
2026-09-07 12:52:14,335 - root - INFO - Loaded (3760, 94, 1, 128) from 4e799eb1ae4a48e39f210cb4c5d09cd6
2026-09-07 12:52:14,392 - root - INFO - Original tokens: torch.Size([3760, 94, 1, 128]). Sampled tokens: torch.Size([747, 94, 1, 128])
2026-09-07 12:52:16,029 - root - INFO - Loaded (17619, 94, 1, 128) from cbc7c37b578e4c46a0b216a18e806253
2026-09-07 12:52:16,051 - root - INFO - Original tokens: torch.Size([17619, 94, 1, 128]). Sampled tokens: torch.Size([747, 94, 1, 128])
2026-09-07 12:52:16,451 - root - INFO - Loaded (12568, 94, 1, 128) from 22b180b3f67d4b938ebc690f9c977bb4
2026-09-07 12:52:16,468 - root - INFO - Original tokens: torch.Size([12568, 94, 1, 128]). Sampled tokens: torch.Size([747, 94, 1, 128])
2026-09-07 12:52:16,995 - root - INFO - Loaded (13765, 94, 1, 128) from 7c5617a6dfed4973967f5f71bf533b5e
2026-09-07 12:52:17,091 - root - INFO - Original tokens: torch.Size([13765, 94, 1, 128]). Sampled tokens: torch.Size([747, 94, 1, 128])
2026-09-07 12:52:17,838 - root - INFO - Loaded (2249, 94, 1, 128) from 41816dd79d7b4e1290d11e21752d783a
2026-09-07 12:52:17,889 - root - INFO - Original tokens: torch.Size([2249, 94, 1, 128]). Sampled tokens: torch.Size([747, 94, 1, 128])
2026-09-07 12:52:17,890 - root - INFO - Loaded (8419, 94, 1, 128) from 3263fb0f19ab437a9791ba5f9b5f52e8
2026-09-07 12:52:17,900 - root - INFO - Original tokens: torch.Size([8419, 94, 1, 128]). Sampled tokens: torch.Size([747, 94, 1, 128])
2026-09-07 12:52:19,113 - root - INFO - Loaded (13988, 94, 1, 128) from 6085d0f0c5f74f778001f7fc0cc8696a
2026-09-07 12:52:19,131 - root - INFO - Original tokens: torch.Size([13988, 94, 1, 128]). Sampled tokens: torch.Size([747, 94, 1, 128])
2026-09-07 12:52:19,994 - root - INFO - Loaded (10191, 94, 1, 128) from a975deda0f42482cba491ab0b79fa82e
2026-09-07 12:52:20,011 - root - INFO - Original tokens: torch.Size([10191, 94, 1, 128]). Sampled tokens: torch.Size([747, 94, 1, 128])
2026-09-07 12:52:20,292 - root - INFO - Loaded (12568, 94, 1, 128) from 22b180b3f67d4b938ebc690f9c977bb4
2026-09-07 12:52:20,378 - root - INFO - Original tokens: torch.Size([12568, 94, 1, 128]). Sampled tokens: torch.Size([747, 94, 1, 128])
2026-09-07 12:52:20,707 - root - INFO - Loaded (1927, 94, 1, 128) from 06bff61e08a0449d87b32669eb1102c0
2026-09-07 12:52:20,719 - root - INFO - Original tokens: torch.Size([1927, 94, 1, 128]). Sampled tokens: torch.Size([747, 94, 1, 128])
2026-09-07 12:52:22,315 - root - INFO - Loaded (16434, 94, 1, 128) from 2ab6d79d5ecb458b8b8018c8ec1241b4
2026-09-07 12:52:22,326 - root - INFO - Original tokens: torch.Size([16434, 94, 1, 128]). Sampled tokens: torch.Size([747, 94, 1, 128])
2026-09-07 12:52:22,563 - root - INFO - Loaded (10788, 94, 1, 128) from c152863c7e104a39b954baa08b428373
2026-09-07 12:52:22,651 - root - INFO - Original tokens: torch.Size([10788, 94, 1, 128]). Sampled tokens: torch.Size([747, 94, 1, 128])
2026-09-07 12:52:22,899 - root - INFO - Loaded (11152, 94, 1, 128) from 8e86cafd1c1b4e528b33e7cb1532ebff
2026-09-07 12:52:22,916 - root - INFO - Original tokens: torch.Size([11152, 94, 1, 128]). Sampled tokens: torch.Size([747, 94, 1, 128])
2026-09-07 12:52:23,338 - root - INFO - Loaded (4402, 94, 1, 128) from 0cc95ecf3285487ba3dc5ef3990679eb
2026-09-07 12:52:23,348 - root - INFO - Original tokens: torch.Size([4402, 94, 1, 128]). Sampled tokens: torch.Size([747, 94, 1, 128])
2026-09-07 12:52:23,462 - root - INFO - Loaded (3254, 94, 1, 128) from 3a5055ea5bae43588f75d05cc9a05233
2026-09-07 12:52:23,515 - root - INFO - Original tokens: torch.Size([3254, 94, 1, 128]). Sampled tokens: torch.Size([747, 94, 1, 128])
2026-09-07 12:52:23,998 - root - INFO - Loaded (1476, 94, 1, 128) from baf685e74a6649b687e4f007480bb95c
2026-09-07 12:52:24,011 - root - INFO - Original tokens: torch.Size([1476, 94, 1, 128]). Sampled tokens: torch.Size([747, 94, 1, 128])
2026-09-07 12:52:24,783 - root - INFO - Loaded (2942, 94, 1, 128) from afadfe2647ce4887bdcfdea8fe0a7df8
2026-09-07 12:52:24,795 - root - INFO - Original tokens: torch.Size([2942, 94, 1, 128]). Sampled tokens: torch.Size([747, 94, 1, 128])
2026-09-07 12:52:25,284 - root - INFO - Loaded (12305, 94, 1, 128) from b3a873cd575d4f2ba8256d73d92efd05
2026-09-07 12:52:25,305 - root - INFO - Original tokens: torch.Size([12305, 94, 1, 128]). Sampled tokens: torch.Size([747, 94, 1, 128])
2026-09-07 12:52:25,713 - root - INFO - Loaded (10763, 94, 1, 128) from 193bcc974cff4b158079fbb1bf7f2eac
2026-09-07 12:52:25,792 - root - INFO - Original tokens: torch.Size([10763, 94, 1, 128]). Sampled tokens: torch.Size([747, 94, 1, 128])
2026-09-07 12:52:25,978 - root - INFO - Loaded (1216, 94, 1, 128) from b232e0f6a3ad4061ada636ad0ad42efb
2026-09-07 12:52:25,991 - root - INFO - Original tokens: torch.Size([1216, 94, 1, 128]). Sampled tokens: torch.Size([747, 94, 1, 128])
2026-09-07 12:52:26,901 - root - INFO - Loaded (3985, 94, 1, 128) from f6691523dccb485d8deeaff0c062ac69
2026-09-07 12:52:26,911 - root - INFO - Original tokens: torch.Size([3985, 94, 1, 128]). Sampled tokens: torch.Size([747, 94, 1, 128])
2026-09-07 12:52:26,955 - root - INFO - Loaded (9962, 94, 1, 128) from 53f01e23cb654125bf3f5770cadcf936
2026-09-07 12:52:26,975 - root - INFO - Loaded (6155, 94, 1, 128) from b7e7e9f7cece4d18929cc5e77b97013b
2026-09-07 12:52:26,980 - root - INFO - Original tokens: torch.Size([9962, 94, 1, 128]). Sampled tokens: torch.Size([747, 94, 1, 128])
2026-09-07 12:52:27,035 - root - INFO - Original tokens: torch.Size([6155, 94, 1, 128]). Sampled tokens: torch.Size([747, 94, 1, 128])
2026-09-07 12:52:29,048 - root - INFO - Loaded (9805, 94, 1, 128) from 2f2ca8b7fe7249b2aa08327434fb057f
2026-09-07 12:52:29,066 - root - INFO - Original tokens: torch.Size([9805, 94, 1, 128]). Sampled tokens: torch.Size([747, 94, 1, 128])
2026-09-07 12:52:29,761 - root - INFO - Loaded (16161, 94, 1, 128) from d06447312cc54ced848420f4c6f2e0af
2026-09-07 12:52:29,771 - root - INFO - Original tokens: torch.Size([16161, 94, 1, 128]). Sampled tokens: torch.Size([747, 94, 1, 128])
2026-09-07 12:52:30,076 - root - INFO - Loaded (4325, 94, 1, 128) from 01e5c35c1e5e4be08bb889d88f91e802
2026-09-07 12:52:30,088 - root - INFO - Original tokens: torch.Size([4325, 94, 1, 128]). Sampled tokens: torch.Size([747, 94, 1, 128])
2026-09-07 12:52:30,210 - root - INFO - Loaded (16434, 94, 1, 128) from 2ab6d79d5ecb458b8b8018c8ec1241b4
2026-09-07 12:52:30,299 - root - INFO - Original tokens: torch.Size([16434, 94, 1, 128]). Sampled tokens: torch.Size([747, 94, 1, 128])
2026-09-07 12:52:30,455 - root - INFO - Loaded (2262, 94, 1, 128) from 2879ec0e59ea496397286c1095cce903
2026-09-07 12:52:30,466 - root - INFO - Original tokens: torch.Size([2262, 94, 1, 128]). Sampled tokens: torch.Size([747, 94, 1, 128])
2026-09-07 12:52:30,837 - root - INFO - Loaded (2249, 94, 1, 128) from 41816dd79d7b4e1290d11e21752d783a
2026-09-07 12:52:30,848 - root - INFO - Original tokens: torch.Size([2249, 94, 1, 128]). Sampled tokens: torch.Size([747, 94, 1, 128])
2026-09-07 12:52:31,030 - root - INFO - Loaded (1977, 94, 1, 128) from f4933a214e7a4a2d8d458d9a5fd10e5c
2026-09-07 12:52:31,080 - root - INFO - Original tokens: torch.Size([1977, 94, 1, 128]). Sampled tokens: torch.Size([747, 94, 1, 128])
2026-09-07 12:52:31,466 - root - INFO - Loaded (4473, 94, 1, 128) from 78f535a9462d41d3aa5d5e792d7fe336
2026-09-07 12:52:31,477 - root - INFO - Original tokens: torch.Size([4473, 94, 1, 128]). Sampled tokens: torch.Size([747, 94, 1, 128])
2026-09-07 12:52:31,641 - root - INFO - Loaded (3168, 94, 1, 128) from 3930015c8add4cb9b9c90ee4ed2aff2a
2026-09-07 12:52:31,652 - root - INFO - Original tokens: torch.Size([3168, 94, 1, 128]). Sampled tokens: torch.Size([747, 94, 1, 128])
2026-09-07 12:52:32,176 - root - INFO - Loaded (1855, 94, 1, 128) from 46595915f9ba4623a85abdcae96d9f37
2026-09-07 12:52:32,187 - root - INFO - Original tokens: torch.Size([1855, 94, 1, 128]). Sampled tokens: torch.Size([747, 94, 1, 128])
2026-09-07 12:52:32,786 - root - INFO - Loaded (1301, 94, 1, 128) from 3291c87987fc4aa2be36b8fbeb3e866b
2026-09-07 12:52:32,798 - root - INFO - Original tokens: torch.Size([1301, 94, 1, 128]). Sampled tokens: torch.Size([747, 94, 1, 128])
2026-09-07 12:52:33,082 - root - INFO - Loaded (7844, 94, 1, 128) from 2c5738c273104d78b7514a7402b935c3
2026-09-07 12:52:33,092 - root - INFO - Original tokens: torch.Size([7844, 94, 1, 128]). Sampled tokens: torch.Size([747, 94, 1, 128])
2026-09-07 12:52:33,213 - root - INFO - Loaded (10644, 94, 1, 128) from aacaa5e0837f4a61accecbcfbe754f1d
2026-09-07 12:52:33,299 - root - INFO - Original tokens: torch.Size([10644, 94, 1, 128]). Sampled tokens: torch.Size([747, 94, 1, 128])
2026-09-07 12:52:33,867 - root - INFO - Loaded (1977, 94, 1, 128) from f4933a214e7a4a2d8d458d9a5fd10e5c
2026-09-07 12:52:33,877 - root - INFO - Original tokens: torch.Size([1977, 94, 1, 128]). Sampled tokens: torch.Size([747, 94, 1, 128])
2026-09-07 12:52:33,911 - root - INFO - Loaded (5015, 94, 1, 128) from eee28850e7324b9684ef08f382d45012
2026-09-07 12:52:33,923 - root - INFO - Original tokens: torch.Size([5015, 94, 1, 128]). Sampled tokens: torch.Size([747, 94, 1, 128])
2026-09-07 12:52:34,675 - root - INFO - Loaded (3878, 94, 1, 128) from 1ac08f24cf6b40e4a0f6154a8b7ee8cc
2026-09-07 12:52:34,683 - root - INFO - Original tokens: torch.Size([3878, 94, 1, 128]). Sampled tokens: torch.Size([747, 94, 1, 128])
2026-09-07 12:52:34,717 - root - INFO - Loaded (2968, 94, 1, 128) from e87d69b8f9e04ea8a4e9ec8c11a8212f
2026-09-07 12:52:34,727 - root - INFO - Original tokens: torch.Size([2968, 94, 1, 128]). Sampled tokens: torch.Size([747, 94, 1, 128])
2026-09-07 12:52:35,412 - root - INFO - Loaded (2113, 94, 1, 128) from 2aa2a018f51d46aeb2cb1e8426f47ca3
2026-09-07 12:52:35,416 - root - INFO - Loaded (9805, 94, 1, 128) from 2f2ca8b7fe7249b2aa08327434fb057f
2026-09-07 12:52:35,435 - root - INFO - Original tokens: torch.Size([2113, 94, 1, 128]). Sampled tokens: torch.Size([747, 94, 1, 128])
2026-09-07 12:52:35,495 - root - INFO - Original tokens: torch.Size([9805, 94, 1, 128]). Sampled tokens: torch.Size([747, 94, 1, 128])
2026-09-07 12:52:35,629 - root - INFO - Loaded (4136, 94, 1, 128) from 5295405f4a5a404da218841ab2776967
2026-09-07 12:52:35,639 - root - INFO - Original tokens: torch.Size([4136, 94, 1, 128]). Sampled tokens: torch.Size([747, 94, 1, 128])
2026-09-07 12:52:36,233 - root - INFO - Loaded (1127, 94, 1, 128) from b3cf463da5af4871bc4bf7f98b824dbc
2026-09-07 12:52:36,233 - root - INFO - Loaded (3282, 94, 1, 128) from 11f10ad7e3e644b0bb37591a47656aab
2026-09-07 12:52:36,254 - root - INFO - Original tokens: torch.Size([1127, 94, 1, 128]). Sampled tokens: torch.Size([747, 94, 1, 128])
2026-09-07 12:52:36,255 - root - INFO - Original tokens: torch.Size([3282, 94, 1, 128]). Sampled tokens: torch.Size([747, 94, 1, 128])
2026-09-07 12:52:36,854 - root - INFO - Loaded (7312, 94, 1, 128) from 9a6cdf3bdbc94916bcdbaefcaa7818eb
2026-09-07 12:52:36,888 - root - INFO - Loaded (1234, 94, 1, 128) from bc3d686e534c44a78727e5e0edd5fa00
2026-09-07 12:52:36,904 - root - INFO - Original tokens: torch.Size([1234, 94, 1, 128]). Sampled tokens: torch.Size([747, 94, 1, 128])
2026-09-07 12:52:36,921 - root - INFO - Original tokens: torch.Size([7312, 94, 1, 128]). Sampled tokens: torch.Size([747, 94, 1, 128])
2026-09-07 12:52:37,052 - root - INFO - Loaded (3760, 94, 1, 128) from 4e799eb1ae4a48e39f210cb4c5d09cd6
2026-09-07 12:52:37,063 - root - INFO - Original tokens: torch.Size([3760, 94, 1, 128]). Sampled tokens: torch.Size([747, 94, 1, 128])
2026-09-07 12:52:37,830 - root - INFO - Loaded (2847, 94, 1, 128) from 5e77f64462584c989a702fb295c9fb13
2026-09-07 12:52:37,840 - root - INFO - Original tokens: torch.Size([2847, 94, 1, 128]). Sampled tokens: torch.Size([747, 94, 1, 128])
2026-09-07 12:52:38,363 - root - INFO - Loaded (7844, 94, 1, 128) from 2c5738c273104d78b7514a7402b935c3
2026-09-07 12:52:38,427 - root - INFO - Original tokens: torch.Size([7844, 94, 1, 128]). Sampled tokens: torch.Size([747, 94, 1, 128])
2026-09-07 12:52:38,935 - root - INFO - Loaded (8781, 94, 1, 128) from f6eb2c3a0c2b4e83898c0ee25b70f4f8
2026-09-07 12:52:38,954 - root - INFO - Original tokens: torch.Size([8781, 94, 1, 128]). Sampled tokens: torch.Size([747, 94, 1, 128])
2026-09-07 12:52:39,193 - root - INFO - Loaded (7507, 94, 1, 128) from 39eaafa6d75045aa836304a19f37e14b
2026-09-07 12:52:39,203 - root - INFO - Original tokens: torch.Size([7507, 94, 1, 128]). Sampled tokens: torch.Size([747, 94, 1, 128])
2026-09-07 12:52:39,831 - root - INFO - Loaded (1326, 94, 1, 128) from f469d9ac38e34023ac4599bca9cf6006
2026-09-07 12:52:39,842 - root - INFO - Original tokens: torch.Size([1326, 94, 1, 128]). Sampled tokens: torch.Size([747, 94, 1, 128])
2026-09-07 12:52:40,819 - root - INFO - Loaded (4129, 94, 1, 128) from 13833bf31f254d20a67f35e5a1edb35f
2026-09-07 12:52:40,828 - root - INFO - Original tokens: torch.Size([4129, 94, 1, 128]). Sampled tokens: torch.Size([747, 94, 1, 128])
2026-09-07 12:52:41,506 - root - INFO - Loaded (13483, 94, 1, 128) from 03f73aa4c10e478fa6f9142749e7e448
2026-09-07 12:52:41,525 - root - INFO - Original tokens: torch.Size([13483, 94, 1, 128]). Sampled tokens: torch.Size([747, 94, 1, 128])
2026-09-07 12:52:42,015 - root - INFO - Loaded (17619, 94, 1, 128) from cbc7c37b578e4c46a0b216a18e806253
2026-09-07 12:52:42,116 - root - INFO - Original tokens: torch.Size([17619, 94, 1, 128]). Sampled tokens: torch.Size([747, 94, 1, 128])
2026-09-07 12:52:42,211 - root - INFO - Loaded (1440, 94, 1, 128) from 3944c6833ec740be92b4489a598393b7
2026-09-07 12:52:42,223 - root - INFO - Original tokens: torch.Size([1440, 94, 1, 128]). Sampled tokens: torch.Size([747, 94, 1, 128])
2026-09-07 12:52:42,239 - root - INFO - Loaded (6380, 94, 1, 128) from f35af2fbfaf44b46bd8c47c87c98f1ea
2026-09-07 12:52:42,256 - root - INFO - Original tokens: torch.Size([6380, 94, 1, 128]). Sampled tokens: torch.Size([747, 94, 1, 128])
2026-09-07 12:52:42,778 - root - INFO - Loaded (1326, 94, 1, 128) from f469d9ac38e34023ac4599bca9cf6006
2026-09-07 12:52:42,827 - root - INFO - Original tokens: torch.Size([1326, 94, 1, 128]). Sampled tokens: torch.Size([747, 94, 1, 128])
2026-09-07 12:52:42,934 - root - INFO - Loaded (2264, 94, 1, 128) from d67106bf3ce54a1dad1814f1f8914ca0
2026-09-07 12:52:42,945 - root - INFO - Original tokens: torch.Size([2264, 94, 1, 128]). Sampled tokens: torch.Size([747, 94, 1, 128])
2026-09-07 12:52:43,064 - root - INFO - Loaded (3523, 94, 1, 128) from 68450669e9cb43ea8bdef4df13432898
2026-09-07 12:52:43,077 - root - INFO - Original tokens: torch.Size([3523, 94, 1, 128]). Sampled tokens: torch.Size([747, 94, 1, 128])
2026-09-07 12:52:43,732 - root - INFO - Loaded (3639, 94, 1, 128) from 777881bf1c92416c8a677cd7a2224e46
2026-09-07 12:52:43,741 - root - INFO - Original tokens: torch.Size([3639, 94, 1, 128]). Sampled tokens: torch.Size([747, 94, 1, 128])
2026-09-07 12:52:43,879 - root - INFO - Loaded (3643, 94, 1, 128) from 1189ef8800354c868eb05623accac675
2026-09-07 12:52:43,891 - root - INFO - Original tokens: torch.Size([3643, 94, 1, 128]). Sampled tokens: torch.Size([747, 94, 1, 128])
2026-09-07 12:52:44,443 - root - INFO - Loaded (2255, 94, 1, 128) from fd90af6ffe9f4162bcee82c2a308d9ad
2026-09-07 12:52:44,455 - root - INFO - Original tokens: torch.Size([2255, 94, 1, 128]). Sampled tokens: torch.Size([747, 94, 1, 128])
2026-09-07 12:52:44,567 - root - INFO - Loaded (1609, 94, 1, 128) from eb21d424f20440cc8c248715df4e1dac
2026-09-07 12:52:44,579 - root - INFO - Original tokens: torch.Size([1609, 94, 1, 128]). Sampled tokens: torch.Size([747, 94, 1, 128])
2026-09-07 12:52:44,944 - root - INFO - Loaded (10191, 94, 1, 128) from a975deda0f42482cba491ab0b79fa82e
2026-09-07 12:52:45,021 - root - INFO - Original tokens: torch.Size([10191, 94, 1, 128]). Sampled tokens: torch.Size([747, 94, 1, 128])
2026-09-07 12:52:45,677 - root - INFO - Loaded (5206, 94, 1, 128) from d01022c5e1ea463685a39ed22cdf5d69
2026-09-07 12:52:45,689 - root - INFO - Original tokens: torch.Size([5206, 94, 1, 128]). Sampled tokens: torch.Size([747, 94, 1, 128])
2026-09-07 12:52:46,680 - root - INFO - Loaded (11745, 94, 1, 128) from cd42facab60040739c50f41bdd00fa1c
2026-09-07 12:52:46,700 - root - INFO - Original tokens: torch.Size([11745, 94, 1, 128]). Sampled tokens: torch.Size([747, 94, 1, 128])
2026-09-07 12:52:46,944 - root - INFO - Loaded (6233, 94, 1, 128) from 41d742aa399f4012b5817c42bdb135a0
2026-09-07 12:52:46,955 - root - INFO - Original tokens: torch.Size([6233, 94, 1, 128]). Sampled tokens: torch.Size([747, 94, 1, 128])
2026-09-07 12:52:47,073 - root - INFO - Loaded (8761, 94, 1, 128) from 72846186f73f4620ae6f7cb82c2c71a8
2026-09-07 12:52:47,142 - root - INFO - Original tokens: torch.Size([8761, 94, 1, 128]). Sampled tokens: torch.Size([747, 94, 1, 128])
2026-09-07 12:52:47,383 - root - INFO - Loaded (2049, 94, 1, 128) from f03c66c7763948f0be532e5ffc1e7523
2026-09-07 12:52:47,398 - root - INFO - Original tokens: torch.Size([2049, 94, 1, 128]). Sampled tokens: torch.Size([747, 94, 1, 128])
2026-09-07 12:52:47,918 - root - INFO - Loaded (2847, 94, 1, 128) from 5e77f64462584c989a702fb295c9fb13
2026-09-07 12:52:47,971 - root - INFO - Original tokens: torch.Size([2847, 94, 1, 128]). Sampled tokens: torch.Size([747, 94, 1, 128])
2026-09-07 12:52:49,078 - root - INFO - Loaded (9742, 94, 1, 128) from a6277bce40594ebfa5777774e6fba5db
2026-09-07 12:52:49,106 - root - INFO - Original tokens: torch.Size([9742, 94, 1, 128]). Sampled tokens: torch.Size([747, 94, 1, 128])
2026-09-07 12:52:49,948 - root - INFO - Loaded (13769, 94, 1, 128) from 1e5353d15c564752a2ae0796d5bb79b0
2026-09-07 12:52:49,967 - root - INFO - Original tokens: torch.Size([13769, 94, 1, 128]). Sampled tokens: torch.Size([747, 94, 1, 128])
2026-09-07 12:52:50,528 - root - INFO - Loaded (13988, 94, 1, 128) from 6085d0f0c5f74f778001f7fc0cc8696a
2026-09-07 12:52:50,643 - root - INFO - Original tokens: torch.Size([13988, 94, 1, 128]). Sampled tokens: torch.Size([747, 94, 1, 128])
2026-09-07 12:52:51,284 - root - INFO - Loaded (7034, 94, 1, 128) from 804a3a2a498e4336813006449f44dec5
2026-09-07 12:52:51,295 - root - INFO - Original tokens: torch.Size([7034, 94, 1, 128]). Sampled tokens: torch.Size([747, 94, 1, 128])
2026-09-07 12:52:51,315 - root - INFO - Loaded (10772, 94, 1, 128) from 1edd6ece56864f4695d1212e0ad3c47c
2026-09-07 12:52:51,337 - root - INFO - Original tokens: torch.Size([10772, 94, 1, 128]). Sampled tokens: torch.Size([747, 94, 1, 128])
2026-09-07 12:52:51,603 - root - INFO - Loaded (4129, 94, 1, 128) from 13833bf31f254d20a67f35e5a1edb35f
2026-09-07 12:52:51,663 - root - INFO - Original tokens: torch.Size([4129, 94, 1, 128]). Sampled tokens: torch.Size([747, 94, 1, 128])
2026-09-07 12:52:52,121 - root - INFO - Loaded (3296, 94, 1, 128) from 3deb132a91484d279c1358bbafaa48ca
2026-09-07 12:52:52,131 - root - INFO - Original tokens: torch.Size([3296, 94, 1, 128]). Sampled tokens: torch.Size([747, 94, 1, 128])
2026-09-07 12:52:52,676 - root - INFO - Loaded (4754, 94, 1, 128) from 542db54934ab49d4989b106c330d658e
2026-09-07 12:52:52,731 - root - INFO - Original tokens: torch.Size([4754, 94, 1, 128]). Sampled tokens: torch.Size([747, 94, 1, 128])
2026-09-07 12:52:52,903 - root - INFO - Loaded (2877, 94, 1, 128) from 6a27749da0374b78b5d16b08c357d2bf
2026-09-07 12:52:52,916 - root - INFO - Original tokens: torch.Size([2877, 94, 1, 128]). Sampled tokens: torch.Size([747, 94, 1, 128])
2026-09-07 12:52:53,435 - root - INFO - Loaded (11225, 94, 1, 128) from a63e9c95b44c4c7a96bec21dbfa95e08
2026-09-07 12:52:53,456 - root - INFO - Original tokens: torch.Size([11225, 94, 1, 128]). Sampled tokens: torch.Size([747, 94, 1, 128])
2026-09-07 12:52:53,468 - root - INFO - Loaded (2262, 94, 1, 128) from 2879ec0e59ea496397286c1095cce903
2026-09-07 12:52:53,525 - root - INFO - Original tokens: torch.Size([2262, 94, 1, 128]). Sampled tokens: torch.Size([747, 94, 1, 128])
2026-09-07 12:52:55,534 - root - INFO - Loaded (9962, 94, 1, 128) from 53f01e23cb654125bf3f5770cadcf936
2026-09-07 12:52:55,615 - root - INFO - Original tokens: torch.Size([9962, 94, 1, 128]). Sampled tokens: torch.Size([747, 94, 1, 128])
2026-09-07 12:52:55,978 - root - INFO - Loaded (16415, 94, 1, 128) from 4315588118614f29ab2fcc1ae40a09d2
2026-09-07 12:52:55,991 - root - INFO - Original tokens: torch.Size([16415, 94, 1, 128]). Sampled tokens: torch.Size([747, 94, 1, 128])
2026-09-07 12:52:56,277 - root - INFO - Loaded (1944, 94, 1, 128) from e7bd4edec566441788c137d9cb43cb0d
2026-09-07 12:52:56,326 - root - INFO - Original tokens: torch.Size([1944, 94, 1, 128]). Sampled tokens: torch.Size([747, 94, 1, 128])
2026-09-07 12:52:56,611 - root - INFO - Loaded (1156, 94, 1, 128) from d97ddd7676db43739bbb433a96a10f0d
2026-09-07 12:52:56,624 - root - INFO - Original tokens: torch.Size([1156, 94, 1, 128]). Sampled tokens: torch.Size([747, 94, 1, 128])
2026-09-07 12:52:57,023 - root - INFO - Loaded (19783, 94, 1, 128) from 206da347f69e4f8dbea26b62b7af08f2
2026-09-07 12:52:57,041 - root - INFO - Original tokens: torch.Size([19783, 94, 1, 128]). Sampled tokens: torch.Size([747, 94, 1, 128])
2026-09-07 12:52:57,092 - root - INFO - Loaded (2968, 94, 1, 128) from e87d69b8f9e04ea8a4e9ec8c11a8212f
2026-09-07 12:52:57,142 - root - INFO - Original tokens: torch.Size([2968, 94, 1, 128]). Sampled tokens: torch.Size([747, 94, 1, 128])
2026-09-07 12:52:57,379 - root - INFO - Loaded (2686, 94, 1, 128) from dcf93548c90c44aab7211b46fbdd37ad
2026-09-07 12:52:57,391 - root - INFO - Original tokens: torch.Size([2686, 94, 1, 128]). Sampled tokens: torch.Size([747, 94, 1, 128])
2026-09-07 12:52:58,529 - root - INFO - Loaded (8099, 94, 1, 128) from a3ff123265394b78acdbaa889c60eafc
2026-09-07 12:52:58,539 - root - INFO - Original tokens: torch.Size([8099, 94, 1, 128]). Sampled tokens: torch.Size([747, 94, 1, 128])
2026-09-07 12:52:58,562 - root - INFO - Loaded (6155, 94, 1, 128) from b7e7e9f7cece4d18929cc5e77b97013b
2026-09-07 12:52:58,573 - root - INFO - Original tokens: torch.Size([6155, 94, 1, 128]). Sampled tokens: torch.Size([747, 94, 1, 128])
2026-09-07 12:52:59,448 - root - INFO - Loaded (11745, 94, 1, 128) from cd42facab60040739c50f41bdd00fa1c
2026-09-07 12:52:59,533 - root - INFO - Original tokens: torch.Size([11745, 94, 1, 128]). Sampled tokens: torch.Size([747, 94, 1, 128])
2026-09-07 12:52:59,968 - root - INFO - Loaded (6897, 94, 1, 128) from 006de4b30a8345e0a0ae05a7ead73c3f
2026-09-07 12:52:59,978 - root - INFO - Original tokens: torch.Size([6897, 94, 1, 128]). Sampled tokens: torch.Size([747, 94, 1, 128])
2026-09-07 12:53:00,302 - root - INFO - Loaded (2645, 94, 1, 128) from d788dbcaf51348ba9c7f4b965ba9dc9c
2026-09-07 12:53:00,356 - root - INFO - Original tokens: torch.Size([2645, 94, 1, 128]). Sampled tokens: torch.Size([747, 94, 1, 128])
2026-09-07 12:53:00,922 - root - INFO - Loaded (11477, 94, 1, 128) from 9b5909decc514881a4f04f87fc03cbb9
2026-09-07 12:53:00,937 - root - INFO - Original tokens: torch.Size([11477, 94, 1, 128]). Sampled tokens: torch.Size([747, 94, 1, 128])
2026-09-07 12:53:01,031 - root - INFO - Loaded (1457, 94, 1, 128) from efabd575ab2c4bc5931483f89028938e
2026-09-07 12:53:01,077 - root - INFO - Original tokens: torch.Size([1457, 94, 1, 128]). Sampled tokens: torch.Size([747, 94, 1, 128])
2026-09-07 12:53:02,456 - root - INFO - Loaded (12288, 94, 1, 128) from f5d7f969912f4906842cb55db7604d4d
2026-09-07 12:53:02,480 - root - INFO - Original tokens: torch.Size([12288, 94, 1, 128]). Sampled tokens: torch.Size([747, 94, 1, 128])
2026-09-07 12:53:03,337 - root - INFO - Loaded (10772, 94, 1, 128) from 1edd6ece56864f4695d1212e0ad3c47c
2026-09-07 12:53:03,413 - root - INFO - Original tokens: torch.Size([10772, 94, 1, 128]). Sampled tokens: torch.Size([747, 94, 1, 128])
2026-09-07 12:53:03,809 - root - INFO - Loaded (6411, 94, 1, 128) from 31f32584ecd843ec859cb29f4d87d4f4
2026-09-07 12:53:03,819 - root - INFO - Original tokens: torch.Size([6411, 94, 1, 128]). Sampled tokens: torch.Size([747, 94, 1, 128])
2026-09-07 12:53:04,156 - root - INFO - Loaded (16432, 94, 1, 128) from fb723e031349433d9ae56c080fe995f0
2026-09-07 12:53:04,166 - root - INFO - Original tokens: torch.Size([16432, 94, 1, 128]). Sampled tokens: torch.Size([747, 94, 1, 128])
2026-09-07 12:53:04,300 - root - INFO - Loaded (3985, 94, 1, 128) from f6691523dccb485d8deeaff0c062ac69
2026-09-07 12:53:04,358 - root - INFO - Original tokens: torch.Size([3985, 94, 1, 128]). Sampled tokens: torch.Size([747, 94, 1, 128])
2026-09-07 12:53:05,232 - root - INFO - Loaded (7011, 94, 1, 128) from e397a745e52c4df9b02155fc3d2dcf95
2026-09-07 12:53:05,242 - root - INFO - Original tokens: torch.Size([7011, 94, 1, 128]). Sampled tokens: torch.Size([747, 94, 1, 128])
2026-09-07 12:53:05,272 - root - INFO - Loaded (4196, 94, 1, 128) from 5b2b6b6f00bd4fd98c4c7c52b00e95bd
2026-09-07 12:53:05,280 - root - INFO - Loaded (3263, 94, 1, 128) from ba4af4f9a08746dd8cf39993e86646a6
2026-09-07 12:53:05,283 - root - INFO - Original tokens: torch.Size([4196, 94, 1, 128]). Sampled tokens: torch.Size([747, 94, 1, 128])
2026-09-07 12:53:05,334 - root - INFO - Original tokens: torch.Size([3263, 94, 1, 128]). Sampled tokens: torch.Size([747, 94, 1, 128])
2026-09-07 12:53:05,998 - root - INFO - Loaded (1882, 94, 1, 128) from c0410122e6144464a505813f7e2979ab
2026-09-07 12:53:06,009 - root - INFO - Original tokens: torch.Size([1882, 94, 1, 128]). Sampled tokens: torch.Size([747, 94, 1, 128])
2026-09-07 12:53:06,144 - root - INFO - Loaded (3254, 94, 1, 128) from 3a5055ea5bae43588f75d05cc9a05233
2026-09-07 12:53:06,154 - root - INFO - Original tokens: torch.Size([3254, 94, 1, 128]). Sampled tokens: torch.Size([747, 94, 1, 128])
2026-09-07 12:53:06,959 - root - INFO - Loaded (2691, 94, 1, 128) from e0941380389a4ff8b94571b0fb6dadac
2026-09-07 12:53:06,973 - root - INFO - Original tokens: torch.Size([2691, 94, 1, 128]). Sampled tokens: torch.Size([747, 94, 1, 128])
2026-09-07 12:53:07,407 - root - INFO - Loaded (6963, 94, 1, 128) from ce0869e6a1ee46b4a15d6742b954135f
2026-09-07 12:53:07,419 - root - INFO - Original tokens: torch.Size([6963, 94, 1, 128]). Sampled tokens: torch.Size([747, 94, 1, 128])
2026-09-07 12:53:07,660 - root - INFO - Loaded (10582, 94, 1, 128) from 4820b76cfedf46a98b234f4f46b510bc
2026-09-07 12:53:07,744 - root - INFO - Original tokens: torch.Size([10582, 94, 1, 128]). Sampled tokens: torch.Size([747, 94, 1, 128])
2026-09-07 12:53:08,047 - root - INFO - Loaded (4905, 94, 1, 128) from 641f5d4a1d8c495fac3419fc4f31ba99
2026-09-07 12:53:08,061 - root - INFO - Original tokens: torch.Size([4905, 94, 1, 128]). Sampled tokens: torch.Size([747, 94, 1, 128])
2026-09-07 12:53:08,507 - root - INFO - Loaded (2093, 94, 1, 128) from 42cbff5a28104ee39a9053d5a5f3dacf
2026-09-07 12:53:08,555 - root - INFO - Original tokens: torch.Size([2093, 94, 1, 128]). Sampled tokens: torch.Size([747, 94, 1, 128])
2026-09-07 12:53:08,837 - root - INFO - Loaded (7312, 94, 1, 128) from 9a6cdf3bdbc94916bcdbaefcaa7818eb
2026-09-07 12:53:08,851 - root - INFO - Original tokens: torch.Size([7312, 94, 1, 128]). Sampled tokens: torch.Size([747, 94, 1, 128])
2026-09-07 12:53:09,993 - root - INFO - Loaded (7089, 94, 1, 128) from ca7fa378be844a8ba32fbed20829b57b
2026-09-07 12:53:10,055 - root - INFO - Original tokens: torch.Size([7089, 94, 1, 128]). Sampled tokens: torch.Size([747, 94, 1, 128])
2026-09-07 12:53:10,403 - root - INFO - Loaded (11385, 94, 1, 128) from e306b6ca010c40479f7c9fc932d24470
2026-09-07 12:53:10,425 - root - INFO - Original tokens: torch.Size([11385, 94, 1, 128]). Sampled tokens: torch.Size([747, 94, 1, 128])
2026-09-07 12:53:10,822 - root - INFO - Loaded (2250, 94, 1, 128) from e178944136c74d1198215a7271dbec08
2026-09-07 12:53:10,874 - root - INFO - Original tokens: torch.Size([2250, 94, 1, 128]). Sampled tokens: torch.Size([747, 94, 1, 128])
2026-09-07 12:53:11,060 - root - INFO - Loaded (9800, 94, 1, 128) from 1c6245deb6144b10b3532a448b8e872c
2026-09-07 12:53:11,077 - root - INFO - Original tokens: torch.Size([9800, 94, 1, 128]). Sampled tokens: torch.Size([747, 94, 1, 128])
2026-09-07 12:53:11,246 - root - INFO - Loaded (3224, 94, 1, 128) from fa52ee216ad149b88f3448a71d5c80b4
2026-09-07 12:53:11,259 - root - INFO - Original tokens: torch.Size([3224, 94, 1, 128]). Sampled tokens: torch.Size([747, 94, 1, 128])
2026-09-07 12:53:11,557 - root - INFO - Loaded (1072, 94, 1, 128) from 50fda75b0e4f4473bd991ed7ca5ea144
2026-09-07 12:53:11,613 - root - INFO - Original tokens: torch.Size([1072, 94, 1, 128]). Sampled tokens: torch.Size([747, 94, 1, 128])
2026-09-07 12:53:12,087 - root - INFO - Loaded (3024, 94, 1, 128) from cfc63afd68a844aea88ddd6160382a53
2026-09-07 12:53:12,098 - root - INFO - Original tokens: torch.Size([3024, 94, 1, 128]). Sampled tokens: torch.Size([747, 94, 1, 128])
2026-09-07 12:53:12,261 - root - INFO - Loaded (1156, 94, 1, 128) from d97ddd7676db43739bbb433a96a10f0d
2026-09-07 12:53:12,322 - root - INFO - Original tokens: torch.Size([1156, 94, 1, 128]). Sampled tokens: torch.Size([747, 94, 1, 128])
2026-09-07 12:53:13,015 - root - INFO - Loaded (1234, 94, 1, 128) from bc3d686e534c44a78727e5e0edd5fa00
2026-09-07 12:53:13,063 - root - INFO - Original tokens: torch.Size([1234, 94, 1, 128]). Sampled tokens: torch.Size([747, 94, 1, 128])
2026-09-07 12:53:13,445 - root - INFO - Loaded (10763, 94, 1, 128) from 193bcc974cff4b158079fbb1bf7f2eac
2026-09-07 12:53:13,468 - root - INFO - Original tokens: torch.Size([10763, 94, 1, 128]). Sampled tokens: torch.Size([747, 94, 1, 128])
2026-09-07 12:53:14,327 - root - INFO - Loaded (10582, 94, 1, 128) from 4820b76cfedf46a98b234f4f46b510bc
2026-09-07 12:53:14,344 - root - INFO - Original tokens: torch.Size([10582, 94, 1, 128]). Sampled tokens: torch.Size([747, 94, 1, 128])
2026-09-07 12:53:15,033 - root - INFO - Loaded (1718, 94, 1, 128) from f56df44a187642939a483a356e445c59
2026-09-07 12:53:15,047 - root - INFO - Original tokens: torch.Size([1718, 94, 1, 128]). Sampled tokens: torch.Size([747, 94, 1, 128])
2026-09-07 12:53:15,672 - root - INFO - Loaded (14038, 94, 1, 128) from 7d56bce5100c4fad9f26012e62f024fe
2026-09-07 12:53:15,768 - root - INFO - Original tokens: torch.Size([14038, 94, 1, 128]). Sampled tokens: torch.Size([747, 94, 1, 128])
2026-09-07 12:53:15,794 - root - INFO - Loaded (10644, 94, 1, 128) from aacaa5e0837f4a61accecbcfbe754f1d
2026-09-07 12:53:15,814 - root - INFO - Original tokens: torch.Size([10644, 94, 1, 128]). Sampled tokens: torch.Size([747, 94, 1, 128])
2026-09-07 12:53:16,658 - root - INFO - Loaded (2942, 94, 1, 128) from afadfe2647ce4887bdcfdea8fe0a7df8
2026-09-07 12:53:16,714 - root - INFO - Original tokens: torch.Size([2942, 94, 1, 128]). Sampled tokens: torch.Size([747, 94, 1, 128])
2026-09-07 12:53:17,295 - root - INFO - Loaded (8761, 94, 1, 128) from 72846186f73f4620ae6f7cb82c2c71a8
2026-09-07 12:53:17,316 - root - INFO - Original tokens: torch.Size([8761, 94, 1, 128]). Sampled tokens: torch.Size([747, 94, 1, 128])
2026-09-07 12:53:18,253 - root - INFO - Loaded (3235, 94, 1, 128) from bfd1d9abd8634ef08d15a06b3a0d5a67
2026-09-07 12:53:18,265 - root - INFO - Original tokens: torch.Size([3235, 94, 1, 128]). Sampled tokens: torch.Size([747, 94, 1, 128])
2026-09-07 12:53:18,582 - root - INFO - Loaded (12568, 94, 1, 128) from 22b180b3f67d4b938ebc690f9c977bb4
2026-09-07 12:53:18,600 - root - INFO - Original tokens: torch.Size([12568, 94, 1, 128]). Sampled tokens: torch.Size([747, 94, 1, 128])
2026-09-07 12:53:19,142 - root - INFO - Loaded (2880, 94, 1, 128) from 5b70c2977cad45e094db0779a8931768
2026-09-07 12:53:19,159 - root - INFO - Original tokens: torch.Size([2880, 94, 1, 128]). Sampled tokens: torch.Size([747, 94, 1, 128])
2026-09-07 12:53:19,616 - root - INFO - Loaded (13483, 94, 1, 128) from 03f73aa4c10e478fa6f9142749e7e448
2026-09-07 12:53:19,712 - root - INFO - Original tokens: torch.Size([13483, 94, 1, 128]). Sampled tokens: torch.Size([747, 94, 1, 128])
2026-09-07 12:53:19,953 - root - INFO - Loaded (1715, 94, 1, 128) from 4c2f53ba929f4ef4911e8f83c48292c4
2026-09-07 12:53:19,966 - root - INFO - Original tokens: torch.Size([1715, 94, 1, 128]). Sampled tokens: torch.Size([747, 94, 1, 128])
2026-09-07 12:53:20,523 - root - INFO - Loaded (1718, 94, 1, 128) from f56df44a187642939a483a356e445c59
2026-09-07 12:53:20,604 - root - INFO - Original tokens: torch.Size([1718, 94, 1, 128]). Sampled tokens: torch.Size([747, 94, 1, 128])
2026-09-07 12:53:21,557 - root - INFO - Loaded (13988, 94, 1, 128) from 6085d0f0c5f74f778001f7fc0cc8696a
2026-09-07 12:53:21,578 - root - INFO - Original tokens: torch.Size([13988, 94, 1, 128]). Sampled tokens: torch.Size([747, 94, 1, 128])
2026-09-07 12:53:21,754 - root - INFO - Loaded (4473, 94, 1, 128) from 78f535a9462d41d3aa5d5e792d7fe336
2026-09-07 12:53:21,828 - root - INFO - Original tokens: torch.Size([4473, 94, 1, 128]). Sampled tokens: torch.Size([747, 94, 1, 128])
2026-09-07 12:53:22,409 - root - INFO - Loaded (11019, 94, 1, 128) from dd3a8f813ce24153b8ea1dfc6ced2e8e
2026-09-07 12:53:22,431 - root - INFO - Original tokens: torch.Size([11019, 94, 1, 128]). Sampled tokens: torch.Size([747, 94, 1, 128])
2026-09-07 12:53:23,224 - root - INFO - Loaded (6411, 94, 1, 128) from 31f32584ecd843ec859cb29f4d87d4f4
2026-09-07 12:53:23,285 - root - INFO - Original tokens: torch.Size([6411, 94, 1, 128]). Sampled tokens: torch.Size([747, 94, 1, 128])
2026-09-07 12:53:24,779 - root - INFO - Loaded (7226, 94, 1, 128) from fd7886e348474dd39d0a272f0381c14b
2026-09-07 12:53:24,838 - root - INFO - Loaded (10788, 94, 1, 128) from c152863c7e104a39b954baa08b428373
2026-09-07 12:53:24,845 - root - INFO - Original tokens: torch.Size([7226, 94, 1, 128]). Sampled tokens: torch.Size([747, 94, 1, 128])
2026-09-07 12:53:24,862 - root - INFO - Original tokens: torch.Size([10788, 94, 1, 128]). Sampled tokens: torch.Size([747, 94, 1, 128])
2026-09-07 12:53:24,982 - root - INFO - Loaded (16434, 94, 1, 128) from 2ab6d79d5ecb458b8b8018c8ec1241b4
2026-09-07 12:53:24,996 - root - INFO - Original tokens: torch.Size([16434, 94, 1, 128]). Sampled tokens: torch.Size([747, 94, 1, 128])
2026-09-07 12:53:25,751 - root - INFO - Loaded (2860, 94, 1, 128) from 36086a9ddcaa41699a33757f4c7fe1cc
2026-09-07 12:53:25,761 - root - INFO - Original tokens: torch.Size([2860, 94, 1, 128]). Sampled tokens: torch.Size([747, 94, 1, 128])
2026-09-07 12:53:26,141 - root - INFO - Loaded (4402, 94, 1, 128) from 0cc95ecf3285487ba3dc5ef3990679eb
2026-09-07 12:53:26,152 - root - INFO - Original tokens: torch.Size([4402, 94, 1, 128]). Sampled tokens: torch.Size([747, 94, 1, 128])
2026-09-07 12:53:26,819 - root - INFO - Loaded (8419, 94, 1, 128) from 3263fb0f19ab437a9791ba5f9b5f52e8
2026-09-07 12:53:26,844 - root - INFO - Loaded (1476, 94, 1, 128) from baf685e74a6649b687e4f007480bb95c
2026-09-07 12:53:26,860 - root - INFO - Original tokens: torch.Size([1476, 94, 1, 128]). Sampled tokens: torch.Size([747, 94, 1, 128])
2026-09-07 12:53:26,888 - root - INFO - Original tokens: torch.Size([8419, 94, 1, 128]). Sampled tokens: torch.Size([747, 94, 1, 128])
2026-09-07 12:53:27,557 - root - INFO - Loaded (8158, 94, 1, 128) from 2dae3bfd558d481aa8c293054bbfcd58
2026-09-07 12:53:27,568 - root - INFO - Original tokens: torch.Size([8158, 94, 1, 128]). Sampled tokens: torch.Size([747, 94, 1, 128])
2026-09-07 12:53:27,729 - root - INFO - Loaded (2942, 94, 1, 128) from afadfe2647ce4887bdcfdea8fe0a7df8
2026-09-07 12:53:27,742 - root - INFO - Original tokens: torch.Size([2942, 94, 1, 128]). Sampled tokens: torch.Size([747, 94, 1, 128])
2026-09-07 12:53:28,286 - root - INFO - Loaded (1189, 94, 1, 128) from defab1699ac74bc1b00670038f1bbc4a
2026-09-07 12:53:28,298 - root - INFO - Original tokens: torch.Size([1189, 94, 1, 128]). Sampled tokens: torch.Size([747, 94, 1, 128])
2026-09-07 12:53:29,089 - root - INFO - Loaded (2716, 94, 1, 128) from 3b2727785e934cbb91f107fbee4ce9c2
2026-09-07 12:53:29,103 - root - INFO - Original tokens: torch.Size([2716, 94, 1, 128]). Sampled tokens: torch.Size([747, 94, 1, 128])
2026-09-07 12:53:30,025 - root - INFO - Loaded (9962, 94, 1, 128) from 53f01e23cb654125bf3f5770cadcf936
2026-09-07 12:53:30,044 - root - INFO - Original tokens: torch.Size([9962, 94, 1, 128]). Sampled tokens: torch.Size([747, 94, 1, 128])
2026-09-07 12:53:30,447 - root - INFO - Loaded (16415, 94, 1, 128) from 4315588118614f29ab2fcc1ae40a09d2
2026-09-07 12:53:30,527 - root - INFO - Original tokens: torch.Size([16415, 94, 1, 128]). Sampled tokens: torch.Size([747, 94, 1, 128])
2026-09-07 12:53:31,323 - root - INFO - Loaded (9252, 94, 1, 128) from a8a7791bd3404d2c8f348cb4e3ced958
2026-09-07 12:53:31,364 - root - INFO - Loaded (2337, 94, 1, 128) from 4ad4732bf4d94d86a2f484537aa0be46
2026-09-07 12:53:31,366 - root - INFO - Original tokens: torch.Size([9252, 94, 1, 128]). Sampled tokens: torch.Size([747, 94, 1, 128])
2026-09-07 12:53:31,413 - root - INFO - Original tokens: torch.Size([2337, 94, 1, 128]). Sampled tokens: torch.Size([747, 94, 1, 128])
2026-09-07 12:53:32,064 - root - INFO - Loaded (1440, 94, 1, 128) from 3944c6833ec740be92b4489a598393b7
2026-09-07 12:53:32,111 - root - INFO - Original tokens: torch.Size([1440, 94, 1, 128]). Sampled tokens: torch.Size([747, 94, 1, 128])
2026-09-07 12:53:32,279 - root - INFO - Loaded (9805, 94, 1, 128) from 2f2ca8b7fe7249b2aa08327434fb057f
2026-09-07 12:53:32,305 - root - INFO - Original tokens: torch.Size([9805, 94, 1, 128]). Sampled tokens: torch.Size([747, 94, 1, 128])
2026-09-07 12:53:32,758 - root - INFO - Loaded (7089, 94, 1, 128) from ca7fa378be844a8ba32fbed20829b57b
2026-09-07 12:53:32,769 - root - INFO - Original tokens: torch.Size([7089, 94, 1, 128]). Sampled tokens: torch.Size([747, 94, 1, 128])
2026-09-07 12:53:32,894 - root - INFO - Loaded (2860, 94, 1, 128) from 36086a9ddcaa41699a33757f4c7fe1cc
2026-09-07 12:53:32,960 - root - INFO - Original tokens: torch.Size([2860, 94, 1, 128]). Sampled tokens: torch.Size([747, 94, 1, 128])
2026-09-07 12:53:33,333 - root - INFO - Loaded (4325, 94, 1, 128) from 01e5c35c1e5e4be08bb889d88f91e802
2026-09-07 12:53:33,349 - root - INFO - Original tokens: torch.Size([4325, 94, 1, 128]). Sampled tokens: torch.Size([747, 94, 1, 128])
2026-09-07 12:53:33,505 - root - INFO - Loaded (1878, 94, 1, 128) from 0550683dc6994bdf9d872746002fc601
2026-09-07 12:53:33,515 - root - INFO - Original tokens: torch.Size([1878, 94, 1, 128]). Sampled tokens: torch.Size([747, 94, 1, 128])
2026-09-07 12:53:34,005 - root - INFO - Loaded (4402, 94, 1, 128) from 0cc95ecf3285487ba3dc5ef3990679eb
2026-09-07 12:53:34,067 - root - INFO - Original tokens: torch.Size([4402, 94, 1, 128]). Sampled tokens: torch.Size([747, 94, 1, 128])
2026-09-07 12:53:34,088 - root - INFO - Loaded (2249, 94, 1, 128) from 41816dd79d7b4e1290d11e21752d783a
2026-09-07 12:53:34,099 - root - INFO - Original tokens: torch.Size([2249, 94, 1, 128]). Sampled tokens: torch.Size([747, 94, 1, 128])
2026-09-07 12:53:34,284 - root - INFO - Loaded (3263, 94, 1, 128) from ba4af4f9a08746dd8cf39993e86646a6
2026-09-07 12:53:34,297 - root - INFO - Original tokens: torch.Size([3263, 94, 1, 128]). Sampled tokens: torch.Size([747, 94, 1, 128])
2026-09-07 12:53:34,901 - root - INFO - Loaded (3168, 94, 1, 128) from 3930015c8add4cb9b9c90ee4ed2aff2a
2026-09-07 12:53:34,914 - root - INFO - Original tokens: torch.Size([3168, 94, 1, 128]). Sampled tokens: torch.Size([747, 94, 1, 128])
2026-09-07 12:53:35,565 - root - INFO - Loaded (6333, 94, 1, 128) from b58577db836442ab989205a845787d6d
2026-09-07 12:53:35,579 - root - INFO - Original tokens: torch.Size([6333, 94, 1, 128]). Sampled tokens: torch.Size([747, 94, 1, 128])
2026-09-07 12:53:36,298 - root - INFO - Loaded (11225, 94, 1, 128) from a63e9c95b44c4c7a96bec21dbfa95e08
2026-09-07 12:53:36,387 - root - INFO - Loaded (2093, 94, 1, 128) from 42cbff5a28104ee39a9053d5a5f3dacf
2026-09-07 12:53:36,415 - root - INFO - Original tokens: torch.Size([2093, 94, 1, 128]). Sampled tokens: torch.Size([747, 94, 1, 128])
2026-09-07 12:53:36,427 - root - INFO - Original tokens: torch.Size([11225, 94, 1, 128]). Sampled tokens: torch.Size([747, 94, 1, 128])
2026-09-07 12:53:36,438 - root - INFO - Loaded (7844, 94, 1, 128) from 2c5738c273104d78b7514a7402b935c3
2026-09-07 12:53:36,452 - root - INFO - Original tokens: torch.Size([7844, 94, 1, 128]). Sampled tokens: torch.Size([747, 94, 1, 128])
2026-09-07 12:53:37,240 - root - INFO - Loaded (1977, 94, 1, 128) from f4933a214e7a4a2d8d458d9a5fd10e5c
2026-09-07 12:53:37,251 - root - INFO - Original tokens: torch.Size([1977, 94, 1, 128]). Sampled tokens: torch.Size([747, 94, 1, 128])
2026-09-07 12:53:37,310 - root - INFO - Loaded (3636, 94, 1, 128) from cc52f24174d14edeb0757adeb7870b71
2026-09-07 12:53:37,321 - root - INFO - Original tokens: torch.Size([3636, 94, 1, 128]). Sampled tokens: torch.Size([747, 94, 1, 128])
2026-09-07 12:53:38,140 - root - INFO - Loaded (3198, 94, 1, 128) from 12c9352d88954154a6f951327191485b
2026-09-07 12:53:38,155 - root - INFO - Original tokens: torch.Size([3198, 94, 1, 128]). Sampled tokens: torch.Size([747, 94, 1, 128])
2026-09-07 12:53:38,174 - root - INFO - Loaded (3878, 94, 1, 128) from 1ac08f24cf6b40e4a0f6154a8b7ee8cc
2026-09-07 12:53:38,190 - root - INFO - Original tokens: torch.Size([3878, 94, 1, 128]). Sampled tokens: torch.Size([747, 94, 1, 128])
2026-09-07 12:53:38,636 - root - INFO - Loaded (8781, 94, 1, 128) from f6eb2c3a0c2b4e83898c0ee25b70f4f8
2026-09-07 12:53:38,712 - root - INFO - Original tokens: torch.Size([8781, 94, 1, 128]). Sampled tokens: torch.Size([747, 94, 1, 128])
2026-09-07 12:53:39,126 - root - INFO - Loaded (4136, 94, 1, 128) from 5295405f4a5a404da218841ab2776967
2026-09-07 12:53:39,140 - root - INFO - Original tokens: torch.Size([4136, 94, 1, 128]). Sampled tokens: torch.Size([747, 94, 1, 128])
2026-09-07 12:53:39,309 - root - INFO - Loaded (6010, 94, 1, 128) from 318bc277be394c34ba3a23d0f7dadc00
2026-09-07 12:53:39,319 - root - INFO - Original tokens: torch.Size([6010, 94, 1, 128]). Sampled tokens: torch.Size([747, 94, 1, 128])
2026-09-07 12:53:39,453 - root - INFO - Loaded (2296, 94, 1, 128) from 672be4366b6142b0b338d59f19c73a9a
2026-09-07 12:53:39,503 - root - INFO - Original tokens: torch.Size([2296, 94, 1, 128]). Sampled tokens: torch.Size([747, 94, 1, 128])
2026-09-07 12:53:39,768 - root - INFO - Loaded (1127, 94, 1, 128) from b3cf463da5af4871bc4bf7f98b824dbc
2026-09-07 12:53:39,780 - root - INFO - Original tokens: torch.Size([1127, 94, 1, 128]). Sampled tokens: torch.Size([747, 94, 1, 128])
2026-09-07 12:53:40,667 - root - INFO - Loaded (7033, 94, 1, 128) from df0e3358df8d44738b6a3f99e5bc0cd9
2026-09-07 12:53:40,674 - root - INFO - Loaded (3760, 94, 1, 128) from 4e799eb1ae4a48e39f210cb4c5d09cd6
2026-09-07 12:53:40,681 - root - INFO - Original tokens: torch.Size([7033, 94, 1, 128]). Sampled tokens: torch.Size([747, 94, 1, 128])
2026-09-07 12:53:40,687 - root - INFO - Original tokens: torch.Size([3760, 94, 1, 128]). Sampled tokens: torch.Size([747, 94, 1, 128])
2026-09-07 12:53:40,880 - root - INFO - Loaded (6897, 94, 1, 128) from 006de4b30a8345e0a0ae05a7ead73c3f
2026-09-07 12:53:40,945 - root - INFO - Original tokens: torch.Size([6897, 94, 1, 128]). Sampled tokens: torch.Size([747, 94, 1, 128])
2026-09-07 12:53:41,423 - root - INFO - Loaded (1944, 94, 1, 128) from e7bd4edec566441788c137d9cb43cb0d
2026-09-07 12:53:41,438 - root - INFO - Original tokens: torch.Size([1944, 94, 1, 128]). Sampled tokens: torch.Size([747, 94, 1, 128])
2026-09-07 12:53:41,485 - root - INFO - Loaded (2847, 94, 1, 128) from 5e77f64462584c989a702fb295c9fb13
2026-09-07 12:53:41,500 - root - INFO - Original tokens: torch.Size([2847, 94, 1, 128]). Sampled tokens: torch.Size([747, 94, 1, 128])
2026-09-07 12:53:42,185 - root - INFO - Loaded (2113, 94, 1, 128) from ac359322cb2648fc95e232ead111ab8f
2026-09-07 12:53:42,199 - root - INFO - Original tokens: torch.Size([2113, 94, 1, 128]). Sampled tokens: torch.Size([747, 94, 1, 128])
2026-09-07 12:53:42,957 - root - INFO - Loaded (7507, 94, 1, 128) from 39eaafa6d75045aa836304a19f37e14b
2026-09-07 12:53:42,968 - root - INFO - Original tokens: torch.Size([7507, 94, 1, 128]). Sampled tokens: torch.Size([747, 94, 1, 128])
2026-09-07 12:53:43,003 - root - INFO - Loaded (2645, 94, 1, 128) from d788dbcaf51348ba9c7f4b965ba9dc9c
2026-09-07 12:53:43,015 - root - INFO - Original tokens: torch.Size([2645, 94, 1, 128]). Sampled tokens: torch.Size([747, 94, 1, 128])
2026-09-07 12:53:43,435 - root - INFO - Loaded (12305, 94, 1, 128) from b3a873cd575d4f2ba8256d73d92efd05
2026-09-07 12:53:43,527 - root - INFO - Original tokens: torch.Size([12305, 94, 1, 128]). Sampled tokens: torch.Size([747, 94, 1, 128])
2026-09-07 12:53:43,713 - root - INFO - Loaded (1072, 94, 1, 128) from 50fda75b0e4f4473bd991ed7ca5ea144
2026-09-07 12:53:43,723 - root - INFO - Original tokens: torch.Size([1072, 94, 1, 128]). Sampled tokens: torch.Size([747, 94, 1, 128])
2026-09-07 12:53:43,837 - root - INFO - Loaded (1326, 94, 1, 128) from f469d9ac38e34023ac4599bca9cf6006
2026-09-07 12:53:43,850 - root - INFO - Original tokens: torch.Size([1326, 94, 1, 128]). Sampled tokens: torch.Size([747, 94, 1, 128])
2026-09-07 12:53:44,224 - root - INFO - Loaded (1882, 94, 1, 128) from c0410122e6144464a505813f7e2979ab
2026-09-07 12:53:44,286 - root - INFO - Original tokens: torch.Size([1882, 94, 1, 128]). Sampled tokens: torch.Size([747, 94, 1, 128])
2026-09-07 12:53:44,425 - root - INFO - Loaded (1457, 94, 1, 128) from efabd575ab2c4bc5931483f89028938e
2026-09-07 12:53:44,437 - root - INFO - Original tokens: torch.Size([1457, 94, 1, 128]). Sampled tokens: torch.Size([747, 94, 1, 128])
2026-09-07 12:53:44,823 - root - INFO - Loaded (4129, 94, 1, 128) from 13833bf31f254d20a67f35e5a1edb35f
2026-09-07 12:53:44,836 - root - INFO - Original tokens: torch.Size([4129, 94, 1, 128]). Sampled tokens: torch.Size([747, 94, 1, 128])
2026-09-07 12:53:45,232 - root - INFO - Loaded (2919, 94, 1, 128) from 2731f563f9c142419dd2ce5436c97f86
2026-09-07 12:53:45,242 - root - INFO - Original tokens: torch.Size([2919, 94, 1, 128]). Sampled tokens: torch.Size([747, 94, 1, 128])
2026-09-07 12:53:45,455 - root - INFO - Loaded (5593, 94, 1, 128) from 0736ac928c4b4ba196716b7612b43606
2026-09-07 12:53:45,521 - root - INFO - Original tokens: torch.Size([5593, 94, 1, 128]). Sampled tokens: torch.Size([747, 94, 1, 128])
2026-09-07 12:53:46,194 - root - INFO - Loaded (6380, 94, 1, 128) from f35af2fbfaf44b46bd8c47c87c98f1ea
2026-09-07 12:53:46,204 - root - INFO - Original tokens: torch.Size([6380, 94, 1, 128]). Sampled tokens: torch.Size([747, 94, 1, 128])
2026-09-07 12:53:46,451 - root - INFO - Loaded (5301, 94, 1, 128) from 5e789d940394447aa1eafd133ce72704
2026-09-07 12:53:46,466 - root - INFO - Original tokens: torch.Size([5301, 94, 1, 128]). Sampled tokens: torch.Size([747, 94, 1, 128])
2026-09-07 12:53:47,108 - root - INFO - Loaded (7297, 94, 1, 128) from f2ea10eadee84558b38d4dfe3709e7e5
2026-09-07 12:53:47,203 - root - INFO - Loaded (3523, 94, 1, 128) from 68450669e9cb43ea8bdef4df13432898
2026-09-07 12:53:47,205 - root - INFO - Original tokens: torch.Size([7297, 94, 1, 128]). Sampled tokens: torch.Size([747, 94, 1, 128])
2026-09-07 12:53:47,216 - root - INFO - Original tokens: torch.Size([3523, 94, 1, 128]). Sampled tokens: torch.Size([747, 94, 1, 128])
2026-09-07 12:53:47,586 - root - INFO - Loaded (4277, 94, 1, 128) from 284a1360ea9448e99428abee57c1dadb
2026-09-07 12:53:47,597 - root - INFO - Original tokens: torch.Size([4277, 94, 1, 128]). Sampled tokens: torch.Size([747, 94, 1, 128])
2026-09-07 12:53:48,226 - root - INFO - Loaded (3643, 94, 1, 128) from 1189ef8800354c868eb05623accac675
2026-09-07 12:53:48,237 - root - INFO - Original tokens: torch.Size([3643, 94, 1, 128]). Sampled tokens: torch.Size([747, 94, 1, 128])
2026-09-07 12:53:48,338 - root - INFO - Loaded (4196, 94, 1, 128) from 5b2b6b6f00bd4fd98c4c7c52b00e95bd
2026-09-07 12:53:48,403 - root - INFO - Original tokens: torch.Size([4196, 94, 1, 128]). Sampled tokens: torch.Size([747, 94, 1, 128])
2026-09-07 12:53:48,772 - root - INFO - Loaded (4754, 94, 1, 128) from 542db54934ab49d4989b106c330d658e
2026-09-07 12:53:48,784 - root - INFO - Original tokens: torch.Size([4754, 94, 1, 128]). Sampled tokens: torch.Size([747, 94, 1, 128])
2026-09-07 12:53:48,972 - root - INFO - Loaded (1609, 94, 1, 128) from eb21d424f20440cc8c248715df4e1dac
2026-09-07 12:53:48,985 - root - INFO - Original tokens: torch.Size([1609, 94, 1, 128]). Sampled tokens: torch.Size([747, 94, 1, 128])
2026-09-07 12:53:49,439 - root - INFO - Loaded (1107, 94, 1, 128) from ba99d5dc576b4734adca64a26fb1a335
2026-09-07 12:53:49,452 - root - INFO - Original tokens: torch.Size([1107, 94, 1, 128]). Sampled tokens: torch.Size([747, 94, 1, 128])
2026-09-07 12:53:50,178 - root - INFO - Loaded (5206, 94, 1, 128) from d01022c5e1ea463685a39ed22cdf5d69
2026-09-07 12:53:50,198 - root - INFO - Original tokens: torch.Size([5206, 94, 1, 128]). Sampled tokens: torch.Size([747, 94, 1, 128])
2026-09-07 12:53:51,596 - root - INFO - Loaded (6233, 94, 1, 128) from 41d742aa399f4012b5817c42bdb135a0
2026-09-07 12:53:51,615 - root - INFO - Original tokens: torch.Size([6233, 94, 1, 128]). Sampled tokens: torch.Size([747, 94, 1, 128])
2026-09-07 12:53:51,923 - root - INFO - Loaded (11959, 94, 1, 128) from f7d7298f13874726824e23e54687d1be
2026-09-07 12:53:51,958 - root - INFO - Original tokens: torch.Size([11959, 94, 1, 128]). Sampled tokens: torch.Size([747, 94, 1, 128])
2026-09-07 12:53:52,532 - root - INFO - Loaded (19783, 94, 1, 128) from 206da347f69e4f8dbea26b62b7af08f2
2026-09-07 12:53:52,684 - root - INFO - Original tokens: torch.Size([19783, 94, 1, 128]). Sampled tokens: torch.Size([747, 94, 1, 128])
2026-09-07 12:53:52,688 - root - INFO - Loaded (1196, 94, 1, 128) from 8c1899492d41419dbc5db5e23363f1e2
2026-09-07 12:53:52,707 - root - INFO - Original tokens: torch.Size([1196, 94, 1, 128]). Sampled tokens: torch.Size([747, 94, 1, 128])
2026-09-07 12:53:53,409 - root - INFO - Loaded (1927, 94, 1, 128) from d1448a5ce2ec4db39a6bfb8daa22bec9
2026-09-07 12:53:53,473 - root - INFO - Original tokens: torch.Size([1927, 94, 1, 128]). Sampled tokens: torch.Size([747, 94, 1, 128])
2026-09-07 12:53:53,529 - root - INFO - Loaded (3196, 94, 1, 128) from 7f89b3fba23148ccafe235b843521142
2026-09-07 12:53:53,538 - root - INFO - Original tokens: torch.Size([3196, 94, 1, 128]). Sampled tokens: torch.Size([747, 94, 1, 128])
2026-09-07 12:53:53,916 - root - INFO - Loaded (9742, 94, 1, 128) from a6277bce40594ebfa5777774e6fba5db
2026-09-07 12:53:53,942 - root - INFO - Original tokens: torch.Size([9742, 94, 1, 128]). Sampled tokens: torch.Size([747, 94, 1, 128])
2026-09-07 12:53:54,298 - root - INFO - Loaded (3198, 94, 1, 128) from 12c9352d88954154a6f951327191485b
2026-09-07 12:53:54,356 - root - INFO - Original tokens: torch.Size([3198, 94, 1, 128]). Sampled tokens: torch.Size([747, 94, 1, 128])
2026-09-07 12:53:54,990 - root - INFO - Loaded (7226, 94, 1, 128) from fd7886e348474dd39d0a272f0381c14b
2026-09-07 12:53:55,001 - root - INFO - Original tokens: torch.Size([7226, 94, 1, 128]). Sampled tokens: torch.Size([747, 94, 1, 128])
2026-09-07 12:53:55,865 - root - INFO - Loaded (2903, 94, 1, 128) from 06194ab40afd452fa4106f3aa273e3ac
2026-09-07 12:53:55,874 - root - INFO - Original tokens: torch.Size([2903, 94, 1, 128]). Sampled tokens: torch.Size([747, 94, 1, 128])
2026-09-07 12:53:56,333 - root - INFO - Loaded (10772, 94, 1, 128) from 1edd6ece56864f4695d1212e0ad3c47c
2026-09-07 12:53:56,353 - root - INFO - Original tokens: torch.Size([10772, 94, 1, 128]). Sampled tokens: torch.Size([747, 94, 1, 128])
2026-09-07 12:53:56,855 - root - INFO - Loaded (11385, 94, 1, 128) from e306b6ca010c40479f7c9fc932d24470
2026-09-07 12:53:56,998 - root - INFO - Original tokens: torch.Size([11385, 94, 1, 128]). Sampled tokens: torch.Size([747, 94, 1, 128])
2026-09-07 12:53:57,376 - root - INFO - Loaded (3296, 94, 1, 128) from 3deb132a91484d279c1358bbafaa48ca
2026-09-07 12:53:57,387 - root - INFO - Original tokens: torch.Size([3296, 94, 1, 128]). Sampled tokens: torch.Size([747, 94, 1, 128])
2026-09-07 12:53:57,455 - root - INFO - Loaded (7297, 94, 1, 128) from f2ea10eadee84558b38d4dfe3709e7e5
2026-09-07 12:53:57,465 - root - INFO - Original tokens: torch.Size([7297, 94, 1, 128]). Sampled tokens: torch.Size([747, 94, 1, 128])
2026-09-07 12:53:58,190 - root - INFO - Loaded (2877, 94, 1, 128) from 6a27749da0374b78b5d16b08c357d2bf
2026-09-07 12:53:58,200 - root - INFO - Original tokens: torch.Size([2877, 94, 1, 128]). Sampled tokens: torch.Size([747, 94, 1, 128])
2026-09-07 12:53:58,314 - root - INFO - Loaded (6233, 94, 1, 128) from 41d742aa399f4012b5817c42bdb135a0
2026-09-07 12:53:58,337 - root - INFO - Loaded (3994, 94, 1, 128) from a50d62d61f664b8dbbbce34338100471
2026-09-07 12:53:58,351 - root - INFO - Original tokens: torch.Size([3994, 94, 1, 128]). Sampled tokens: torch.Size([747, 94, 1, 128])
2026-09-07 12:53:58,385 - root - INFO - Original tokens: torch.Size([6233, 94, 1, 128]). Sampled tokens: torch.Size([747, 94, 1, 128])
2026-09-07 12:53:59,121 - root - INFO - Loaded (2308, 94, 1, 128) from 12841b52fb714c2aa6d953bb07e55963
2026-09-07 12:53:59,132 - root - INFO - Original tokens: torch.Size([2308, 94, 1, 128]). Sampled tokens: torch.Size([747, 94, 1, 128])
2026-09-07 12:53:59,135 - root - INFO - Loaded (1878, 94, 1, 128) from 0550683dc6994bdf9d872746002fc601
2026-09-07 12:53:59,203 - root - INFO - Original tokens: torch.Size([1878, 94, 1, 128]). Sampled tokens: torch.Size([747, 94, 1, 128])
2026-09-07 12:53:59,935 - root - INFO - Loaded (2250, 94, 1, 128) from e178944136c74d1198215a7271dbec08
2026-09-07 12:53:59,950 - root - INFO - Original tokens: torch.Size([2250, 94, 1, 128]). Sampled tokens: torch.Size([747, 94, 1, 128])
2026-09-07 12:54:00,002 - root - INFO - Loaded (2308, 94, 1, 128) from 12841b52fb714c2aa6d953bb07e55963
2026-09-07 12:54:00,068 - root - INFO - Original tokens: torch.Size([2308, 94, 1, 128]). Sampled tokens: torch.Size([747, 94, 1, 128])
2026-09-07 12:54:00,886 - root - INFO - Loaded (2691, 94, 1, 128) from e0941380389a4ff8b94571b0fb6dadac
2026-09-07 12:54:00,940 - root - INFO - Original tokens: torch.Size([2691, 94, 1, 128]). Sampled tokens: torch.Size([747, 94, 1, 128])
2026-09-07 12:54:01,174 - root - INFO - Loaded (5593, 94, 1, 128) from 0736ac928c4b4ba196716b7612b43606
2026-09-07 12:54:01,185 - root - INFO - Original tokens: torch.Size([5593, 94, 1, 128]). Sampled tokens: torch.Size([747, 94, 1, 128])
2026-09-07 12:54:01,473 - root - INFO - Loaded (16415, 94, 1, 128) from 4315588118614f29ab2fcc1ae40a09d2
2026-09-07 12:54:01,492 - root - INFO - Original tokens: torch.Size([16415, 94, 1, 128]). Sampled tokens: torch.Size([747, 94, 1, 128])
2026-09-07 12:54:01,692 - root - INFO - Loaded (2049, 94, 1, 128) from f03c66c7763948f0be532e5ffc1e7523
2026-09-07 12:54:01,751 - root - INFO - Original tokens: torch.Size([2049, 94, 1, 128]). Sampled tokens: torch.Size([747, 94, 1, 128])
2026-09-07 12:54:02,031 - root - INFO - Loaded (3333, 94, 1, 128) from 13287947272c4014a9c5a0041782160d
2026-09-07 12:54:02,040 - root - INFO - Original tokens: torch.Size([3333, 94, 1, 128]). Sampled tokens: torch.Size([747, 94, 1, 128])
2026-09-07 12:54:02,156 - root - INFO - Loaded (1156, 94, 1, 128) from d97ddd7676db43739bbb433a96a10f0d
2026-09-07 12:54:02,175 - root - INFO - Original tokens: torch.Size([1156, 94, 1, 128]). Sampled tokens: torch.Size([747, 94, 1, 128])
2026-09-07 12:54:02,518 - root - INFO - Loaded (1855, 94, 1, 128) from 46595915f9ba4623a85abdcae96d9f37
2026-09-07 12:54:02,599 - root - INFO - Original tokens: torch.Size([1855, 94, 1, 128]). Sampled tokens: torch.Size([747, 94, 1, 128])
2026-09-07 12:54:02,841 - root - INFO - Loaded (2337, 94, 1, 128) from 4ad4732bf4d94d86a2f484537aa0be46
2026-09-07 12:54:02,854 - root - INFO - Original tokens: torch.Size([2337, 94, 1, 128]). Sampled tokens: torch.Size([747, 94, 1, 128])
2026-09-07 12:54:03,022 - root - INFO - Loaded (2686, 94, 1, 128) from dcf93548c90c44aab7211b46fbdd37ad
2026-09-07 12:54:03,034 - root - INFO - Original tokens: torch.Size([2686, 94, 1, 128]). Sampled tokens: torch.Size([747, 94, 1, 128])
2026-09-07 12:54:03,298 - root - INFO - Loaded (1107, 94, 1, 128) from ba99d5dc576b4734adca64a26fb1a335
2026-09-07 12:54:03,374 - root - INFO - Original tokens: torch.Size([1107, 94, 1, 128]). Sampled tokens: torch.Size([747, 94, 1, 128])
2026-09-07 12:54:03,775 - root - INFO - Loaded (4027, 94, 1, 128) from a278907dcb4d477eafa8e30a4f1cbb7a
2026-09-07 12:54:03,786 - root - INFO - Original tokens: torch.Size([4027, 94, 1, 128]). Sampled tokens: torch.Size([747, 94, 1, 128])
2026-09-07 12:54:04,182 - root - INFO - Loaded (6155, 94, 1, 128) from b7e7e9f7cece4d18929cc5e77b97013b
2026-09-07 12:54:04,195 - root - INFO - Original tokens: torch.Size([6155, 94, 1, 128]). Sampled tokens: torch.Size([747, 94, 1, 128])
2026-09-07 12:54:04,492 - root - INFO - Loaded (2296, 94, 1, 128) from 672be4366b6142b0b338d59f19c73a9a
2026-09-07 12:54:04,504 - root - INFO - Original tokens: torch.Size([2296, 94, 1, 128]). Sampled tokens: torch.Size([747, 94, 1, 128])
2026-09-07 12:54:04,846 - root - INFO - Loaded (7011, 94, 1, 128) from e397a745e52c4df9b02155fc3d2dcf95
2026-09-07 12:54:04,957 - root - INFO - Original tokens: torch.Size([7011, 94, 1, 128]). Sampled tokens: torch.Size([747, 94, 1, 128])
2026-09-07 12:54:05,389 - root - INFO - SVD input tensor shape (n=200108)x(p=12032). Dtype torch.float32
2026-09-07 12:54:05,499 - root - INFO - Calculate lowrank SVD for q=10000 iter=2
2026-09-07 12:54:05,933 - root - INFO - Loaded (3643, 94, 1, 128) from 1189ef8800354c868eb05623accac675
2026-09-07 12:54:05,995 - root - INFO - Original tokens: torch.Size([3643, 94, 1, 128]). Sampled tokens: torch.Size([747, 94, 1, 128])
2026-09-07 12:54:06,764 - root - INFO - Loaded (11477, 94, 1, 128) from 9b5909decc514881a4f04f87fc03cbb9
2026-09-07 12:54:06,788 - root - INFO - Original tokens: torch.Size([11477, 94, 1, 128]). Sampled tokens: torch.Size([747, 94, 1, 128])
2026-09-07 12:54:06,808 - root - INFO - Loaded (3282, 94, 1, 128) from 11f10ad7e3e644b0bb37591a47656aab
2026-09-07 12:54:06,877 - root - INFO - Original tokens: torch.Size([3282, 94, 1, 128]). Sampled tokens: torch.Size([747, 94, 1, 128])
2026-09-07 12:54:07,593 - root - INFO - Loaded (1609, 94, 1, 128) from eb21d424f20440cc8c248715df4e1dac
2026-09-07 12:54:07,652 - root - INFO - Original tokens: torch.Size([1609, 94, 1, 128]). Sampled tokens: torch.Size([747, 94, 1, 128])
2026-09-07 12:54:08,716 - root - INFO - Loaded (4905, 94, 1, 128) from 641f5d4a1d8c495fac3419fc4f31ba99
2026-09-07 12:54:08,792 - root - INFO - Original tokens: torch.Size([4905, 94, 1, 128]). Sampled tokens: torch.Size([747, 94, 1, 128])
2026-09-07 12:54:09,484 - root - INFO - Loaded (2113, 94, 1, 128) from 2aa2a018f51d46aeb2cb1e8426f47ca3
2026-09-07 12:54:09,537 - root - INFO - Original tokens: torch.Size([2113, 94, 1, 128]). Sampled tokens: torch.Size([747, 94, 1, 128])
2026-09-07 12:54:09,998 - root - INFO - Loaded (16432, 94, 1, 128) from fb723e031349433d9ae56c080fe995f0
2026-09-07 12:54:10,011 - root - INFO - Original tokens: torch.Size([16432, 94, 1, 128]). Sampled tokens: torch.Size([747, 94, 1, 128])
2026-09-07 12:54:10,365 - root - INFO - Loaded (3296, 94, 1, 128) from 3deb132a91484d279c1358bbafaa48ca
2026-09-07 12:54:10,435 - root - INFO - Original tokens: torch.Size([3296, 94, 1, 128]). Sampled tokens: torch.Size([747, 94, 1, 128])
2026-09-07 12:54:10,983 - root - INFO - Loaded (4196, 94, 1, 128) from 5b2b6b6f00bd4fd98c4c7c52b00e95bd
2026-09-07 12:54:10,995 - root - INFO - Original tokens: torch.Size([4196, 94, 1, 128]). Sampled tokens: torch.Size([747, 94, 1, 128])
2026-09-07 12:54:11,145 - root - INFO - Loaded (1216, 94, 1, 128) from b232e0f6a3ad4061ada636ad0ad42efb
2026-09-07 12:54:11,208 - root - INFO - Original tokens: torch.Size([1216, 94, 1, 128]). Sampled tokens: torch.Size([747, 94, 1, 128])
2026-09-07 12:54:11,838 - root - INFO - Loaded (3254, 94, 1, 128) from 3a5055ea5bae43588f75d05cc9a05233
2026-09-07 12:54:11,851 - root - INFO - Original tokens: torch.Size([3254, 94, 1, 128]). Sampled tokens: torch.Size([747, 94, 1, 128])
2026-09-07 12:54:12,039 - root - INFO - Loaded (3523, 94, 1, 128) from 68450669e9cb43ea8bdef4df13432898
2026-09-07 12:54:12,108 - root - INFO - Original tokens: torch.Size([3523, 94, 1, 128]). Sampled tokens: torch.Size([747, 94, 1, 128])
2026-09-07 12:54:12,612 - root - INFO - Loaded (2691, 94, 1, 128) from e0941380389a4ff8b94571b0fb6dadac
2026-09-07 12:54:12,626 - root - INFO - Original tokens: torch.Size([2691, 94, 1, 128]). Sampled tokens: torch.Size([747, 94, 1, 128])
2026-09-07 12:54:13,150 - root - INFO - Loaded (5301, 94, 1, 128) from 5e789d940394447aa1eafd133ce72704
2026-09-07 12:54:13,224 - root - INFO - Original tokens: torch.Size([5301, 94, 1, 128]). Sampled tokens: torch.Size([747, 94, 1, 128])
2026-09-07 12:54:13,695 - root - INFO - Loaded (4905, 94, 1, 128) from 641f5d4a1d8c495fac3419fc4f31ba99
2026-09-07 12:54:13,710 - root - INFO - Original tokens: torch.Size([4905, 94, 1, 128]). Sampled tokens: torch.Size([747, 94, 1, 128])
2026-09-07 12:54:14,002 - root - INFO - Loaded (2919, 94, 1, 128) from 2731f563f9c142419dd2ce5436c97f86
2026-09-07 12:54:14,064 - root - INFO - Original tokens: torch.Size([2919, 94, 1, 128]). Sampled tokens: torch.Size([747, 94, 1, 128])
2026-09-07 12:54:14,835 - root - INFO - Loaded (3235, 94, 1, 128) from bfd1d9abd8634ef08d15a06b3a0d5a67
2026-09-07 12:54:14,899 - root - INFO - Original tokens: torch.Size([3235, 94, 1, 128]). Sampled tokens: torch.Size([747, 94, 1, 128])
2026-09-07 12:54:15,702 - root - INFO - Loaded (3639, 94, 1, 128) from 777881bf1c92416c8a677cd7a2224e46
2026-09-07 12:54:15,758 - root - INFO - Original tokens: torch.Size([3639, 94, 1, 128]). Sampled tokens: torch.Size([747, 94, 1, 128])
2026-09-07 12:54:15,890 - root - INFO - Loaded (11385, 94, 1, 128) from e306b6ca010c40479f7c9fc932d24470
2026-09-07 12:54:15,911 - root - INFO - Original tokens: torch.Size([11385, 94, 1, 128]). Sampled tokens: torch.Size([747, 94, 1, 128])
2026-09-07 12:54:29,354 - root - INFO - Loaded (3224, 94, 1, 128) from fa52ee216ad149b88f3448a71d5c80b4
2026-09-07 12:54:30,632 - root - INFO - Original tokens: torch.Size([3224, 94, 1, 128]). Sampled tokens: torch.Size([747, 94, 1, 128])
2026-09-07 12:54:39,775 - root - INFO - Loaded (7507, 94, 1, 128) from 39eaafa6d75045aa836304a19f37e14b
2026-09-07 12:54:42,188 - root - INFO - Original tokens: torch.Size([7507, 94, 1, 128]). Sampled tokens: torch.Size([747, 94, 1, 128])
2026-09-07 12:54:52,573 - root - INFO - Loaded (3024, 94, 1, 128) from cfc63afd68a844aea88ddd6160382a53
2026-09-07 12:54:53,348 - root - INFO - Original tokens: torch.Size([3024, 94, 1, 128]). Sampled tokens: torch.Size([747, 94, 1, 128])
2026-09-07 12:55:04,150 - root - INFO - Loaded (3168, 94, 1, 128) from 3930015c8add4cb9b9c90ee4ed2aff2a
2026-09-07 12:55:07,537 - root - INFO - Original tokens: torch.Size([3168, 94, 1, 128]). Sampled tokens: torch.Size([747, 94, 1, 128])
2026-09-07 12:55:25,541 - root - INFO - Loaded (1301, 94, 1, 128) from 3291c87987fc4aa2be36b8fbeb3e866b
2026-09-07 12:55:26,172 - root - INFO - Original tokens: torch.Size([1301, 94, 1, 128]). Sampled tokens: torch.Size([747, 94, 1, 128])
2026-09-07 12:55:32,198 - root - INFO - Loaded (10582, 94, 1, 128) from 4820b76cfedf46a98b234f4f46b510bc
2026-09-07 12:55:32,309 - root - INFO - Original tokens: torch.Size([10582, 94, 1, 128]). Sampled tokens: torch.Size([747, 94, 1, 128])
2026-09-07 12:55:32,543 - root - INFO - Loaded (6333, 94, 1, 128) from b58577db836442ab989205a845787d6d
2026-09-07 12:55:32,730 - root - INFO - Original tokens: torch.Size([6333, 94, 1, 128]). Sampled tokens: torch.Size([747, 94, 1, 128])
2026-09-07 12:55:33,555 - root - INFO - Loaded (1718, 94, 1, 128) from f56df44a187642939a483a356e445c59
2026-09-07 12:55:33,583 - root - INFO - Original tokens: torch.Size([1718, 94, 1, 128]). Sampled tokens: torch.Size([747, 94, 1, 128])
2026-09-07 12:55:34,135 - root - INFO - Loaded (5206, 94, 1, 128) from d01022c5e1ea463685a39ed22cdf5d69
2026-09-07 12:55:34,223 - root - INFO - Original tokens: torch.Size([5206, 94, 1, 128]). Sampled tokens: torch.Size([747, 94, 1, 128])
2026-09-07 12:55:35,373 - root - INFO - Loaded (2880, 94, 1, 128) from 5b70c2977cad45e094db0779a8931768
2026-09-07 12:55:35,439 - root - INFO - Original tokens: torch.Size([2880, 94, 1, 128]). Sampled tokens: torch.Size([747, 94, 1, 128])
2026-09-07 12:55:36,015 - root - INFO - Loaded (8761, 94, 1, 128) from 72846186f73f4620ae6f7cb82c2c71a8
2026-09-07 12:55:36,039 - root - INFO - Original tokens: torch.Size([8761, 94, 1, 128]). Sampled tokens: torch.Size([747, 94, 1, 128])
2026-09-07 12:55:36,269 - root - INFO - Loaded (3024, 94, 1, 128) from cfc63afd68a844aea88ddd6160382a53
2026-09-07 12:55:36,328 - root - INFO - Original tokens: torch.Size([3024, 94, 1, 128]). Sampled tokens: torch.Size([747, 94, 1, 128])
2026-09-07 12:55:36,879 - root - INFO - Loaded (3235, 94, 1, 128) from bfd1d9abd8634ef08d15a06b3a0d5a67
2026-09-07 12:55:36,892 - root - INFO - Original tokens: torch.Size([3235, 94, 1, 128]). Sampled tokens: torch.Size([747, 94, 1, 128])
2026-09-07 12:55:37,615 - root - INFO - Loaded (6380, 94, 1, 128) from f35af2fbfaf44b46bd8c47c87c98f1ea
2026-09-07 12:55:37,673 - root - INFO - Loaded (2880, 94, 1, 128) from 5b70c2977cad45e094db0779a8931768
2026-09-07 12:55:37,701 - root - INFO - Original tokens: torch.Size([6380, 94, 1, 128]). Sampled tokens: torch.Size([747, 94, 1, 128])
2026-09-07 12:55:37,703 - root - INFO - Original tokens: torch.Size([2880, 94, 1, 128]). Sampled tokens: torch.Size([747, 94, 1, 128])
2026-09-07 12:55:38,331 - root - INFO - Loaded (1189, 94, 1, 128) from defab1699ac74bc1b00670038f1bbc4a
2026-09-07 12:55:38,382 - root - INFO - Loaded (1715, 94, 1, 128) from 4c2f53ba929f4ef4911e8f83c48292c4
2026-09-07 12:55:38,385 - root - INFO - Original tokens: torch.Size([1189, 94, 1, 128]). Sampled tokens: torch.Size([747, 94, 1, 128])
2026-09-07 12:55:38,395 - root - INFO - Original tokens: torch.Size([1715, 94, 1, 128]). Sampled tokens: torch.Size([747, 94, 1, 128])
2026-09-07 12:55:39,371 - root - INFO - Loaded (4325, 94, 1, 128) from 01e5c35c1e5e4be08bb889d88f91e802
2026-09-07 12:55:39,425 - root - INFO - Original tokens: torch.Size([4325, 94, 1, 128]). Sampled tokens: torch.Size([747, 94, 1, 128])
2026-09-07 12:55:40,400 - root - INFO - Loaded (1927, 94, 1, 128) from 06bff61e08a0449d87b32669eb1102c0
2026-09-07 12:55:40,456 - root - INFO - Original tokens: torch.Size([1927, 94, 1, 128]). Sampled tokens: torch.Size([747, 94, 1, 128])
2026-09-07 12:55:40,888 - root - INFO - Loaded (11019, 94, 1, 128) from dd3a8f813ce24153b8ea1dfc6ced2e8e
2026-09-07 12:55:40,922 - root - INFO - Original tokens: torch.Size([11019, 94, 1, 128]). Sampled tokens: torch.Size([747, 94, 1, 128])
2026-09-07 12:55:41,197 - root - INFO - Loaded (1715, 94, 1, 128) from 4c2f53ba929f4ef4911e8f83c48292c4
2026-09-07 12:55:41,260 - root - INFO - Original tokens: torch.Size([1715, 94, 1, 128]). Sampled tokens: torch.Size([747, 94, 1, 128])
2026-09-07 12:55:42,042 - root - INFO - Loaded (2255, 94, 1, 128) from fd90af6ffe9f4162bcee82c2a308d9ad
2026-09-07 12:55:42,102 - root - INFO - Original tokens: torch.Size([2255, 94, 1, 128]). Sampled tokens: torch.Size([747, 94, 1, 128])
2026-09-07 12:55:42,937 - root - INFO - Loaded (2716, 94, 1, 128) from 3b2727785e934cbb91f107fbee4ce9c2
2026-09-07 12:55:43,000 - root - INFO - Original tokens: torch.Size([2716, 94, 1, 128]). Sampled tokens: torch.Size([747, 94, 1, 128])
2026-09-07 12:55:43,341 - root - INFO - Loaded (10788, 94, 1, 128) from c152863c7e104a39b954baa08b428373
2026-09-07 12:55:43,368 - root - INFO - Original tokens: torch.Size([10788, 94, 1, 128]). Sampled tokens: torch.Size([747, 94, 1, 128])
2026-09-07 12:55:43,693 - root - INFO - Loaded (1127, 94, 1, 128) from b3cf463da5af4871bc4bf7f98b824dbc
2026-09-07 12:55:43,759 - root - INFO - Original tokens: torch.Size([1127, 94, 1, 128]). Sampled tokens: torch.Size([747, 94, 1, 128])
2026-09-07 12:55:44,236 - root - INFO - Loaded (2860, 94, 1, 128) from 36086a9ddcaa41699a33757f4c7fe1cc
2026-09-07 12:55:44,251 - root - INFO - Original tokens: torch.Size([2860, 94, 1, 128]). Sampled tokens: torch.Size([747, 94, 1, 128])
2026-09-07 12:55:44,878 - root - INFO - Loaded (4277, 94, 1, 128) from 284a1360ea9448e99428abee57c1dadb
2026-09-07 12:55:44,950 - root - INFO - Original tokens: torch.Size([4277, 94, 1, 128]). Sampled tokens: torch.Size([747, 94, 1, 128])
2026-09-07 12:55:45,879 - root - INFO - Loaded (8158, 94, 1, 128) from 2dae3bfd558d481aa8c293054bbfcd58
2026-09-07 12:55:45,893 - root - INFO - Original tokens: torch.Size([8158, 94, 1, 128]). Sampled tokens: torch.Size([747, 94, 1, 128])
2026-09-07 12:55:46,399 - root - INFO - Loaded (6963, 94, 1, 128) from ce0869e6a1ee46b4a15d6742b954135f
2026-09-07 12:55:46,481 - root - INFO - Original tokens: torch.Size([6963, 94, 1, 128]). Sampled tokens: torch.Size([747, 94, 1, 128])
2026-09-07 12:55:46,582 - root - INFO - Loaded (1189, 94, 1, 128) from defab1699ac74bc1b00670038f1bbc4a
2026-09-07 12:55:46,594 - root - INFO - Original tokens: torch.Size([1189, 94, 1, 128]). Sampled tokens: torch.Size([747, 94, 1, 128])
2026-09-07 12:55:47,314 - root - INFO - Loaded (3224, 94, 1, 128) from fa52ee216ad149b88f3448a71d5c80b4
2026-09-07 12:55:47,379 - root - INFO - Original tokens: torch.Size([3224, 94, 1, 128]). Sampled tokens: torch.Size([747, 94, 1, 128])
2026-09-07 12:55:47,417 - root - INFO - Loaded (2716, 94, 1, 128) from 3b2727785e934cbb91f107fbee4ce9c2
2026-09-07 12:55:47,430 - root - INFO - Original tokens: torch.Size([2716, 94, 1, 128]). Sampled tokens: torch.Size([747, 94, 1, 128])
2026-09-07 12:55:48,838 - root - INFO - Loaded (7034, 94, 1, 128) from 804a3a2a498e4336813006449f44dec5
2026-09-07 12:55:48,917 - root - INFO - Original tokens: torch.Size([7034, 94, 1, 128]). Sampled tokens: torch.Size([747, 94, 1, 128])
2026-09-07 12:55:49,644 - root - INFO - Loaded (9252, 94, 1, 128) from a8a7791bd3404d2c8f348cb4e3ced958
2026-09-07 12:55:49,666 - root - INFO - Original tokens: torch.Size([9252, 94, 1, 128]). Sampled tokens: torch.Size([747, 94, 1, 128])
2026-09-07 12:55:49,682 - root - INFO - SVD input tensor shape (n=200108)x(p=12032). Dtype torch.float32
2026-09-07 12:55:49,757 - root - INFO - Calculate lowrank SVD for q=10000 iter=2
2026-09-07 12:55:54,414 - root - INFO - Loaded (7089, 94, 1, 128) from ca7fa378be844a8ba32fbed20829b57b
2026-09-07 12:55:54,577 - root - INFO - Original tokens: torch.Size([7089, 94, 1, 128]). Sampled tokens: torch.Size([747, 94, 1, 128])
2026-09-07 12:55:55,617 - root - INFO - Loaded (1878, 94, 1, 128) from 0550683dc6994bdf9d872746002fc601
2026-09-07 12:55:55,628 - root - INFO - Original tokens: torch.Size([1878, 94, 1, 128]). Sampled tokens: torch.Size([747, 94, 1, 128])
2026-09-07 12:55:56,428 - root - INFO - Loaded (3263, 94, 1, 128) from ba4af4f9a08746dd8cf39993e86646a6
2026-09-07 12:55:56,441 - root - INFO - Original tokens: torch.Size([3263, 94, 1, 128]). Sampled tokens: torch.Size([747, 94, 1, 128])
2026-09-07 12:55:57,831 - root - INFO - Loaded (6333, 94, 1, 128) from b58577db836442ab989205a845787d6d
2026-09-07 12:55:57,845 - root - INFO - Original tokens: torch.Size([6333, 94, 1, 128]). Sampled tokens: torch.Size([747, 94, 1, 128])
2026-09-07 12:55:58,589 - root - INFO - Loaded (2093, 94, 1, 128) from 42cbff5a28104ee39a9053d5a5f3dacf
2026-09-07 12:55:58,602 - root - INFO - Original tokens: torch.Size([2093, 94, 1, 128]). Sampled tokens: torch.Size([747, 94, 1, 128])
2026-09-07 12:55:59,468 - root - INFO - Loaded (3636, 94, 1, 128) from cc52f24174d14edeb0757adeb7870b71
2026-09-07 12:55:59,485 - root - INFO - Original tokens: torch.Size([3636, 94, 1, 128]). Sampled tokens: torch.Size([747, 94, 1, 128])
2026-09-07 12:56:00,420 - root - INFO - Loaded (3198, 94, 1, 128) from 12c9352d88954154a6f951327191485b
2026-09-07 12:56:00,432 - root - INFO - Original tokens: torch.Size([3198, 94, 1, 128]). Sampled tokens: torch.Size([747, 94, 1, 128])
2026-09-07 12:56:01,647 - root - INFO - Loaded (6010, 94, 1, 128) from 318bc277be394c34ba3a23d0f7dadc00
2026-09-07 12:56:01,662 - root - INFO - Original tokens: torch.Size([6010, 94, 1, 128]). Sampled tokens: torch.Size([747, 94, 1, 128])
2026-09-07 12:56:03,093 - root - INFO - Loaded (7033, 94, 1, 128) from df0e3358df8d44738b6a3f99e5bc0cd9
2026-09-07 12:56:03,104 - root - INFO - Original tokens: torch.Size([7033, 94, 1, 128]). Sampled tokens: torch.Size([747, 94, 1, 128])
2026-09-07 12:56:03,756 - root - INFO - Loaded (1944, 94, 1, 128) from e7bd4edec566441788c137d9cb43cb0d
2026-09-07 12:56:03,767 - root - INFO - Original tokens: torch.Size([1944, 94, 1, 128]). Sampled tokens: torch.Size([747, 94, 1, 128])
2026-09-07 12:56:04,473 - root - INFO - Loaded (2113, 94, 1, 128) from ac359322cb2648fc95e232ead111ab8f
2026-09-07 12:56:04,485 - root - INFO - Original tokens: torch.Size([2113, 94, 1, 128]). Sampled tokens: torch.Size([747, 94, 1, 128])
2026-09-07 12:56:05,239 - root - INFO - Loaded (2645, 94, 1, 128) from d788dbcaf51348ba9c7f4b965ba9dc9c
2026-09-07 12:56:05,250 - root - INFO - Original tokens: torch.Size([2645, 94, 1, 128]). Sampled tokens: torch.Size([747, 94, 1, 128])
2026-09-07 12:56:06,089 - root - INFO - Loaded (1072, 94, 1, 128) from 50fda75b0e4f4473bd991ed7ca5ea144
2026-09-07 12:56:06,104 - root - INFO - Original tokens: torch.Size([1072, 94, 1, 128]). Sampled tokens: torch.Size([747, 94, 1, 128])
2026-09-07 12:56:06,808 - root - INFO - Loaded (1457, 94, 1, 128) from efabd575ab2c4bc5931483f89028938e
2026-09-07 12:56:06,822 - root - INFO - Original tokens: torch.Size([1457, 94, 1, 128]). Sampled tokens: torch.Size([747, 94, 1, 128])
2026-09-07 12:56:07,671 - root - INFO - Loaded (2919, 94, 1, 128) from 2731f563f9c142419dd2ce5436c97f86
2026-09-07 12:56:07,685 - root - INFO - Original tokens: torch.Size([2919, 94, 1, 128]). Sampled tokens: torch.Size([747, 94, 1, 128])
2026-09-07 12:56:08,836 - root - INFO - Loaded (5301, 94, 1, 128) from 5e789d940394447aa1eafd133ce72704
2026-09-07 12:56:08,850 - root - INFO - Original tokens: torch.Size([5301, 94, 1, 128]). Sampled tokens: torch.Size([747, 94, 1, 128])
2026-09-07 12:56:09,863 - root - INFO - Loaded (4277, 94, 1, 128) from 284a1360ea9448e99428abee57c1dadb
2026-09-07 12:56:09,878 - root - INFO - Original tokens: torch.Size([4277, 94, 1, 128]). Sampled tokens: torch.Size([747, 94, 1, 128])
2026-09-07 12:56:10,922 - root - INFO - Loaded (4754, 94, 1, 128) from 542db54934ab49d4989b106c330d658e
2026-09-07 12:56:10,934 - root - INFO - Original tokens: torch.Size([4754, 94, 1, 128]). Sampled tokens: torch.Size([747, 94, 1, 128])
2026-09-07 12:56:11,550 - root - INFO - Loaded (1107, 94, 1, 128) from ba99d5dc576b4734adca64a26fb1a335
2026-09-07 12:56:11,563 - root - INFO - Original tokens: torch.Size([1107, 94, 1, 128]). Sampled tokens: torch.Size([747, 94, 1, 128])
2026-09-07 12:56:13,990 - root - INFO - Loaded (11959, 94, 1, 128) from f7d7298f13874726824e23e54687d1be
2026-09-07 12:56:14,018 - root - INFO - Original tokens: torch.Size([11959, 94, 1, 128]). Sampled tokens: torch.Size([747, 94, 1, 128])
2026-09-07 12:56:14,691 - root - INFO - Loaded (1196, 94, 1, 128) from 8c1899492d41419dbc5db5e23363f1e2
2026-09-07 12:56:14,704 - root - INFO - Original tokens: torch.Size([1196, 94, 1, 128]). Sampled tokens: torch.Size([747, 94, 1, 128])
2026-09-07 12:56:15,508 - root - INFO - Loaded (3196, 94, 1, 128) from 7f89b3fba23148ccafe235b843521142
2026-09-07 12:56:15,520 - root - INFO - Original tokens: torch.Size([3196, 94, 1, 128]). Sampled tokens: torch.Size([747, 94, 1, 128])
2026-09-07 12:56:16,877 - root - INFO - Loaded (7226, 94, 1, 128) from fd7886e348474dd39d0a272f0381c14b
2026-09-07 12:56:16,887 - root - INFO - Original tokens: torch.Size([7226, 94, 1, 128]). Sampled tokens: torch.Size([747, 94, 1, 128])
2026-09-07 12:56:20,691 - root - INFO - Loaded (2903, 94, 1, 128) from 06194ab40afd452fa4106f3aa273e3ac
2026-09-07 12:56:20,702 - root - INFO - Original tokens: torch.Size([2903, 94, 1, 128]). Sampled tokens: torch.Size([747, 94, 1, 128])
2026-09-07 12:56:22,115 - root - INFO - Loaded (7297, 94, 1, 128) from f2ea10eadee84558b38d4dfe3709e7e5
2026-09-07 12:56:22,126 - root - INFO - Original tokens: torch.Size([7297, 94, 1, 128]). Sampled tokens: torch.Size([747, 94, 1, 128])
2026-09-07 12:56:22,959 - root - INFO - Loaded (3994, 94, 1, 128) from a50d62d61f664b8dbbbce34338100471
2026-09-07 12:56:22,969 - root - INFO - Original tokens: torch.Size([3994, 94, 1, 128]). Sampled tokens: torch.Size([747, 94, 1, 128])
2026-09-07 12:56:23,726 - root - INFO - Loaded (2308, 94, 1, 128) from 12841b52fb714c2aa6d953bb07e55963
2026-09-07 12:56:23,738 - root - INFO - Original tokens: torch.Size([2308, 94, 1, 128]). Sampled tokens: torch.Size([747, 94, 1, 128])
2026-09-07 12:56:24,473 - root - INFO - Loaded (2250, 94, 1, 128) from e178944136c74d1198215a7271dbec08
2026-09-07 12:56:24,482 - root - INFO - Original tokens: torch.Size([2250, 94, 1, 128]). Sampled tokens: torch.Size([747, 94, 1, 128])
2026-09-07 12:56:25,650 - root - INFO - Loaded (5593, 94, 1, 128) from 0736ac928c4b4ba196716b7612b43606
2026-09-07 12:56:25,661 - root - INFO - Original tokens: torch.Size([5593, 94, 1, 128]). Sampled tokens: torch.Size([747, 94, 1, 128])
2026-09-07 12:56:26,653 - root - INFO - Loaded (3333, 94, 1, 128) from 13287947272c4014a9c5a0041782160d
2026-09-07 12:56:26,664 - root - INFO - Original tokens: torch.Size([3333, 94, 1, 128]). Sampled tokens: torch.Size([747, 94, 1, 128])
2026-09-07 12:56:27,460 - root - INFO - Loaded (2337, 94, 1, 128) from 4ad4732bf4d94d86a2f484537aa0be46
2026-09-07 12:56:27,469 - root - INFO - Original tokens: torch.Size([2337, 94, 1, 128]). Sampled tokens: torch.Size([747, 94, 1, 128])
2026-09-07 12:56:28,311 - root - INFO - Loaded (4027, 94, 1, 128) from a278907dcb4d477eafa8e30a4f1cbb7a
2026-09-07 12:56:28,323 - root - INFO - Original tokens: torch.Size([4027, 94, 1, 128]). Sampled tokens: torch.Size([747, 94, 1, 128])
2026-09-07 12:56:29,067 - root - INFO - Loaded (2296, 94, 1, 128) from 672be4366b6142b0b338d59f19c73a9a
2026-09-07 12:56:29,079 - root - INFO - Original tokens: torch.Size([2296, 94, 1, 128]). Sampled tokens: torch.Size([747, 94, 1, 128])
2026-09-07 12:56:29,947 - root - INFO - SVD input tensor shape (n=200108)x(p=12032). Dtype torch.float32
2026-09-07 12:56:30,035 - root - INFO - Calculate lowrank SVD for q=10000 iter=2
2026-09-07 13:52:20,546 - root - INFO - DONE SVD for data at
2026-09-07 13:52:20,548 - root - INFO - tp_12_pp_0/KV.K: mu=torch.Size([12032]) U=torch.Size([200108, 10000]) S=torch.Size([10000]) V=torch.Size([12032, 10000])
2026-09-07 13:52:21,664 - root - INFO - Saved SVD artifact for worker=tp_12_pp_0 kv=K at /root/.cache/KVTC/calibrations/Qwen3-235B-A22B-7d34567f/tp-16-pp-1/config-e4bf2892e3ff71a0/v1-noquant/kvtc.pt.tmp.svd-artifacts/kvtc-v1-noquant_N-200000_policy-relaxed_q-10000_niter-2_47be5bd14dfc2df390d52b125ddf4de9a8e24ff8fac703c8ce7dc2f3d2a38d5a/selection-bb6b2a452c81d257aa23b88b7de6515a2e083e8491dbca22f15e188670cbd4a2/tp_12_pp_0-K.pt
2026-09-07 13:52:21,665 - root - INFO - START SVD for data at [PosixPath('/root/.cache/KVTC/calibrations/Qwen3-235B-A22B-7d34567f/tp-16-pp-1/config-e4bf2892e3ff71a0/dump/fineweb'), PosixPath('/root/.cache/KVTC/calibrations/Qwen3-235B-A22B-7d34567f/tp-16-pp-1/config-e4bf2892e3ff71a0/dump/openmath')]/KV.K* q=10000 iter=2
2026-09-07 13:52:21,665 - root - INFO - Load tensors, undo rope and sample
2026-09-07 13:52:22,327 - root - INFO - Loaded (1336, 94, 1, 128) from 8dfa5e5abb0348f9b2de011e342097a2
2026-09-07 13:52:22,372 - root - INFO - Original tokens: torch.Size([1336, 94, 1, 128]). Sampled tokens: torch.Size([730, 94, 1, 128])
2026-09-07 13:52:23,112 - root - INFO - Loaded (2123, 94, 1, 128) from 6afaec34a4a34c39ac568d7b7e93acc6
2026-09-07 13:52:23,162 - root - INFO - Original tokens: torch.Size([2123, 94, 1, 128]). Sampled tokens: torch.Size([730, 94, 1, 128])
2026-09-07 13:52:23,811 - root - INFO - Loaded (1027, 94, 1, 128) from ec21efb8eb844e16beebcff0467e4f99
2026-09-07 13:52:23,862 - root - INFO - Original tokens: torch.Size([1027, 94, 1, 128]). Sampled tokens: torch.Size([730, 94, 1, 128])
2026-09-07 13:52:24,536 - root - INFO - Loaded (1520, 94, 1, 128) from 5869f4575ef2449fba3299f82c5370d9
2026-09-07 13:52:24,583 - root - INFO - Original tokens: torch.Size([1520, 94, 1, 128]). Sampled tokens: torch.Size([730, 94, 1, 128])
2026-09-07 13:52:25,389 - root - INFO - Loaded (3046, 94, 1, 128) from bda6ca976a064c8cb10cbad2c5709604
2026-09-07 13:52:25,439 - root - INFO - Original tokens: torch.Size([3046, 94, 1, 128]). Sampled tokens: torch.Size([730, 94, 1, 128])
2026-09-07 13:52:26,097 - root - INFO - Loaded (1285, 94, 1, 128) from e376401fee964a2e9d2beab91210933f
2026-09-07 13:52:26,225 - root - INFO - Original tokens: torch.Size([1285, 94, 1, 128]). Sampled tokens: torch.Size([730, 94, 1, 128])
2026-09-07 13:52:26,979 - root - INFO - Loaded (1993, 94, 1, 128) from f57ac27b0e364574a95702cd68ba5c44
2026-09-07 13:52:27,030 - root - INFO - Original tokens: torch.Size([1993, 94, 1, 128]). Sampled tokens: torch.Size([730, 94, 1, 128])
2026-09-07 13:52:27,755 - root - INFO - Loaded (2031, 94, 1, 128) from 17ec14b5a82b4d2aacfb0e771838bc47
2026-09-07 13:52:27,802 - root - INFO - Original tokens: torch.Size([2031, 94, 1, 128]). Sampled tokens: torch.Size([730, 94, 1, 128])
2026-09-07 13:52:28,464 - root - INFO - Loaded (1392, 94, 1, 128) from 348e174acc804b2fbc5c396d1370f4e8
2026-09-07 13:52:28,509 - root - INFO - Original tokens: torch.Size([1392, 94, 1, 128]). Sampled tokens: torch.Size([730, 94, 1, 128])
2026-09-07 13:52:29,281 - root - INFO - Loaded (2672, 94, 1, 128) from 2f223bc98be44e54af5670bd5770fed9
2026-09-07 13:52:29,337 - root - INFO - Original tokens: torch.Size([2672, 94, 1, 128]). Sampled tokens: torch.Size([730, 94, 1, 128])
2026-09-07 13:52:30,162 - root - INFO - Loaded (3948, 94, 1, 128) from b7d24de017fe43faa704ab128c949d91
2026-09-07 13:52:30,215 - root - INFO - Original tokens: torch.Size([3948, 94, 1, 128]). Sampled tokens: torch.Size([730, 94, 1, 128])
2026-09-07 13:52:30,974 - root - INFO - Loaded (2436, 94, 1, 128) from 7f044385892942b6839bd20c05ea6582
2026-09-07 13:52:31,021 - root - INFO - Original tokens: torch.Size([2436, 94, 1, 128]). Sampled tokens: torch.Size([730, 94, 1, 128])
2026-09-07 13:52:31,817 - root - INFO - Loaded (2574, 94, 1, 128) from 969aa6d05a724186aa2dc4d285cf86c9
2026-09-07 13:52:31,865 - root - INFO - Original tokens: torch.Size([2574, 94, 1, 128]). Sampled tokens: torch.Size([730, 94, 1, 128])
2026-09-07 13:52:32,520 - root - INFO - Loaded (1270, 94, 1, 128) from 36813b9e7f804fc3b59697b7be5dd5d8
2026-09-07 13:52:32,566 - root - INFO - Original tokens: torch.Size([1270, 94, 1, 128]). Sampled tokens: torch.Size([730, 94, 1, 128])
2026-09-07 13:52:33,268 - root - INFO - Loaded (1915, 94, 1, 128) from a94982751d02421e808f08cf2d87d65d
2026-09-07 13:52:33,312 - root - INFO - Original tokens: torch.Size([1915, 94, 1, 128]). Sampled tokens: torch.Size([730, 94, 1, 128])
2026-09-07 13:52:33,953 - root - INFO - Loaded (1130, 94, 1, 128) from 46e1fb49284646f5b711e119ffbb0b18
2026-09-07 13:52:34,005 - root - INFO - Original tokens: torch.Size([1130, 94, 1, 128]). Sampled tokens: torch.Size([730, 94, 1, 128])
2026-09-07 13:52:34,671 - root - INFO - Loaded (1681, 94, 1, 128) from d5337f72fa80412ba863f9e5c5559d25
2026-09-07 13:52:34,718 - root - INFO - Original tokens: torch.Size([1681, 94, 1, 128]). Sampled tokens: torch.Size([730, 94, 1, 128])
2026-09-07 13:52:35,549 - root - INFO - Loaded (2152, 94, 1, 128) from 08e6ddcd7c2c46c58dfcd57996879c22
2026-09-07 13:52:35,596 - root - INFO - Original tokens: torch.Size([2152, 94, 1, 128]). Sampled tokens: torch.Size([730, 94, 1, 128])
2026-09-07 13:52:36,267 - root - INFO - Loaded (1346, 94, 1, 128) from 0348b79d0ae1499f8e8325bd4575209a
2026-09-07 13:52:36,311 - root - INFO - Original tokens: torch.Size([1346, 94, 1, 128]). Sampled tokens: torch.Size([730, 94, 1, 128])
2026-09-07 13:52:37,163 - root - INFO - Loaded (4045, 94, 1, 128) from 0c60800890ec489f9910e48b5e51f19d
2026-09-07 13:52:37,215 - root - INFO - Original tokens: torch.Size([4045, 94, 1, 128]). Sampled tokens: torch.Size([730, 94, 1, 128])
2026-09-07 13:52:37,846 - root - INFO - Loaded (1125, 94, 1, 128) from ab92e0b6b48f4edb9bc0603c16818f35
2026-09-07 13:52:37,897 - root - INFO - Original tokens: torch.Size([1125, 94, 1, 128]). Sampled tokens: torch.Size([730, 94, 1, 128])
2026-09-07 13:52:38,609 - root - INFO - Loaded (1942, 94, 1, 128) from f6bd9c7b0f8f41d4b62a4aed50f77c29
2026-09-07 13:52:38,657 - root - INFO - Original tokens: torch.Size([1942, 94, 1, 128]). Sampled tokens: torch.Size([730, 94, 1, 128])
2026-09-07 13:52:39,305 - root - INFO - Loaded (1618, 94, 1, 128) from 4ac62cfbcc4b4463852a1b0caf43f2c9
2026-09-07 13:52:39,349 - root - INFO - Original tokens: torch.Size([1618, 94, 1, 128]). Sampled tokens: torch.Size([730, 94, 1, 128])
2026-09-07 13:52:39,976 - root - INFO - Loaded (1170, 94, 1, 128) from b4d611e719f24f2487daaa615dbc68e7
2026-09-07 13:52:40,042 - root - INFO - Original tokens: torch.Size([1170, 94, 1, 128]). Sampled tokens: torch.Size([730, 94, 1, 128])
2026-09-07 13:52:40,826 - root - INFO - Loaded (3170, 94, 1, 128) from c0d4c301323f43e8b7a09743e3374bf0
2026-09-07 13:52:40,875 - root - INFO - Original tokens: torch.Size([3170, 94, 1, 128]). Sampled tokens: torch.Size([730, 94, 1, 128])
2026-09-07 13:52:41,658 - root - INFO - Loaded (2831, 94, 1, 128) from bf2c445287b840d78c21d61b89323e8b
2026-09-07 13:52:41,705 - root - INFO - Original tokens: torch.Size([2831, 94, 1, 128]). Sampled tokens: torch.Size([730, 94, 1, 128])
2026-09-07 13:52:42,364 - root - INFO - Loaded (1550, 94, 1, 128) from 1e2890e3b41a40c2b525ee76a9be30fd
2026-09-07 13:52:42,408 - root - INFO - Original tokens: torch.Size([1550, 94, 1, 128]). Sampled tokens: torch.Size([730, 94, 1, 128])
2026-09-07 13:52:43,137 - root - INFO - Loaded (1100, 94, 1, 128) from 1ec5884670a84c9eb620ede8ce02182d
2026-09-07 13:52:43,194 - root - INFO - Original tokens: torch.Size([1100, 94, 1, 128]). Sampled tokens: torch.Size([730, 94, 1, 128])
2026-09-07 13:52:44,249 - root - INFO - Loaded (4571, 94, 1, 128) from 578d95973340420090533380f88eafbd
2026-09-07 13:52:44,305 - root - INFO - Original tokens: torch.Size([4571, 94, 1, 128]). Sampled tokens: torch.Size([730, 94, 1, 128])
2026-09-07 13:52:45,066 - root - INFO - Loaded (1956, 94, 1, 128) from 90aa5dee330e4aeebe210df6ae589813
2026-09-07 13:52:45,114 - root - INFO - Original tokens: torch.Size([1956, 94, 1, 128]). Sampled tokens: torch.Size([730, 94, 1, 128])
2026-09-07 13:52:45,939 - root - INFO - Loaded (3062, 94, 1, 128) from ff281c89f8664de78bf68eff97a817d8
2026-09-07 13:52:46,007 - root - INFO - Original tokens: torch.Size([3062, 94, 1, 128]). Sampled tokens: torch.Size([730, 94, 1, 128])
2026-09-07 13:52:46,765 - root - INFO - Loaded (2626, 94, 1, 128) from 498d4495264640d5aa7efb1188fdd8d3
2026-09-07 13:52:46,816 - root - INFO - Original tokens: torch.Size([2626, 94, 1, 128]). Sampled tokens: torch.Size([730, 94, 1, 128])
2026-09-07 13:52:47,584 - root - INFO - Loaded (2051, 94, 1, 128) from ac5b43bae9bf464c90df7491fbddf0f3
2026-09-07 13:52:47,630 - root - INFO - Original tokens: torch.Size([2051, 94, 1, 128]). Sampled tokens: torch.Size([730, 94, 1, 128])
2026-09-07 13:52:48,322 - root - INFO - Loaded (2010, 94, 1, 128) from 9b412dcb0f854454acd0bea9e2c9b621
2026-09-07 13:52:48,374 - root - INFO - Original tokens: torch.Size([2010, 94, 1, 128]). Sampled tokens: torch.Size([730, 94, 1, 128])
2026-09-07 13:52:49,139 - root - INFO - Loaded (1974, 94, 1, 128) from e7d7c3adf750434f9f3949486f1d95ae
2026-09-07 13:52:49,189 - root - INFO - Original tokens: torch.Size([1974, 94, 1, 128]). Sampled tokens: torch.Size([730, 94, 1, 128])
2026-09-07 13:52:50,069 - root - INFO - Loaded (3310, 94, 1, 128) from b5280a6cf8984fafa72031954c07512f
2026-09-07 13:52:50,122 - root - INFO - Original tokens: torch.Size([3310, 94, 1, 128]). Sampled tokens: torch.Size([730, 94, 1, 128])
2026-09-07 13:52:50,867 - root - INFO - Loaded (1863, 94, 1, 128) from be7ab77b0e89492da99b3cc1e607b982
2026-09-07 13:52:50,915 - root - INFO - Original tokens: torch.Size([1863, 94, 1, 128]). Sampled tokens: torch.Size([730, 94, 1, 128])
2026-09-07 13:52:51,561 - root - INFO - Loaded (1159, 94, 1, 128) from 722893802e604992943d897094ac4934
2026-09-07 13:52:51,611 - root - INFO - Original tokens: torch.Size([1159, 94, 1, 128]). Sampled tokens: torch.Size([730, 94, 1, 128])
2026-09-07 13:52:52,410 - root - INFO - Loaded (2072, 94, 1, 128) from e31935d8d92749889cdb59e6dbaba559
2026-09-07 13:52:52,458 - root - INFO - Original tokens: torch.Size([2072, 94, 1, 128]). Sampled tokens: torch.Size([730, 94, 1, 128])
2026-09-07 13:52:53,167 - root - INFO - Loaded (1552, 94, 1, 128) from 75f7b5033c0c454fad372c8b2497ab74
2026-09-07 13:52:53,231 - root - INFO - Original tokens: torch.Size([1552, 94, 1, 128]). Sampled tokens: torch.Size([730, 94, 1, 128])
2026-09-07 13:52:53,933 - root - INFO - Loaded (1425, 94, 1, 128) from adb01e60b3f64174bb460113bc9ef619
2026-09-07 13:52:53,979 - root - INFO - Original tokens: torch.Size([1425, 94, 1, 128]). Sampled tokens: torch.Size([730, 94, 1, 128])
2026-09-07 13:52:54,559 - root - INFO - Loaded (1037, 94, 1, 128) from 9100d1a8d8404885979453721d316efe
2026-09-07 13:52:54,612 - root - INFO - Original tokens: torch.Size([1037, 94, 1, 128]). Sampled tokens: torch.Size([730, 94, 1, 128])
2026-09-07 13:52:55,248 - root - INFO - Loaded (1330, 94, 1, 128) from 4a9a02c624f24c86aa024887f0b73cc5
2026-09-07 13:52:55,293 - root - INFO - Original tokens: torch.Size([1330, 94, 1, 128]). Sampled tokens: torch.Size([730, 94, 1, 128])
2026-09-07 13:52:56,077 - root - INFO - Loaded (2533, 94, 1, 128) from cab54893964741498de64245c77895e3
2026-09-07 13:52:56,130 - root - INFO - Original tokens: torch.Size([2533, 94, 1, 128]). Sampled tokens: torch.Size([730, 94, 1, 128])
2026-09-07 13:52:56,882 - root - INFO - Loaded (2179, 94, 1, 128) from 95d5b21b863548a4937a9ef45408f550
2026-09-07 13:52:56,930 - root - INFO - Original tokens: torch.Size([2179, 94, 1, 128]). Sampled tokens: torch.Size([730, 94, 1, 128])
2026-09-07 13:52:57,655 - root - INFO - Loaded (1950, 94, 1, 128) from baf0d2a2ece7420099136cfbfb8d0f7f
2026-09-07 13:52:57,703 - root - INFO - Original tokens: torch.Size([1950, 94, 1, 128]). Sampled tokens: torch.Size([730, 94, 1, 128])
2026-09-07 13:52:58,491 - root - INFO - Loaded (2319, 94, 1, 128) from fb4475051e6c49bc8f6c4642b2e8c81a
2026-09-07 13:52:58,538 - root - INFO - Original tokens: torch.Size([2319, 94, 1, 128]). Sampled tokens: torch.Size([730, 94, 1, 128])
2026-09-07 13:52:59,312 - root - INFO - Loaded (2761, 94, 1, 128) from 416748fb105f467cb63e5916f6ff8c5b
2026-09-07 13:52:59,377 - root - INFO - Original tokens: torch.Size([2761, 94, 1, 128]). Sampled tokens: torch.Size([730, 94, 1, 128])
2026-09-07 13:53:00,090 - root - INFO - Loaded (1728, 94, 1, 128) from 41b3e04f06304a5c8e50154b66390d1d
2026-09-07 13:53:00,139 - root - INFO - Original tokens: torch.Size([1728, 94, 1, 128]). Sampled tokens: torch.Size([730, 94, 1, 128])
2026-09-07 13:53:00,887 - root - INFO - Loaded (1912, 94, 1, 128) from e53655ce27d241f0acf33c2079172e47
2026-09-07 13:53:00,964 - root - INFO - Original tokens: torch.Size([1912, 94, 1, 128]). Sampled tokens: torch.Size([730, 94, 1, 128])
2026-09-07 13:53:02,097 - root - INFO - Loaded (5330, 94, 1, 128) from ea351a94db47476ca5cd1b5101809a9f
2026-09-07 13:53:02,153 - root - INFO - Original tokens: torch.Size([5330, 94, 1, 128]). Sampled tokens: torch.Size([730, 94, 1, 128])
2026-09-07 13:53:03,206 - root - INFO - Loaded (4567, 94, 1, 128) from 119bfdaf05ab47acb7c6849daac597b9
2026-09-07 13:53:03,260 - root - INFO - Original tokens: torch.Size([4567, 94, 1, 128]). Sampled tokens: torch.Size([730, 94, 1, 128])
2026-09-07 13:53:04,115 - root - INFO - Loaded (3845, 94, 1, 128) from bab746726dca48019e78f774055f420e
2026-09-07 13:53:04,176 - root - INFO - Original tokens: torch.Size([3845, 94, 1, 128]). Sampled tokens: torch.Size([730, 94, 1, 128])
2026-09-07 13:53:05,197 - root - INFO - Loaded (4623, 94, 1, 128) from 95d84c91ad4e477d9dc22cc77dec8127
2026-09-07 13:53:05,257 - root - INFO - Original tokens: torch.Size([4623, 94, 1, 128]). Sampled tokens: torch.Size([730, 94, 1, 128])
2026-09-07 13:53:05,926 - root - INFO - Loaded (1785, 94, 1, 128) from ca4517736af6497faa9fbf4f69a0e043
2026-09-07 13:53:05,970 - root - INFO - Original tokens: torch.Size([1785, 94, 1, 128]). Sampled tokens: torch.Size([730, 94, 1, 128])
2026-09-07 13:53:06,680 - root - INFO - Loaded (2238, 94, 1, 128) from 0112e6cec4a94743929c6d7dc8e81a5a
2026-09-07 13:53:06,727 - root - INFO - Original tokens: torch.Size([2238, 94, 1, 128]). Sampled tokens: torch.Size([730, 94, 1, 128])
2026-09-07 13:53:07,473 - root - INFO - Loaded (2576, 94, 1, 128) from e22adb59c0fd4b08a638265a012db106
2026-09-07 13:53:07,522 - root - INFO - Original tokens: torch.Size([2576, 94, 1, 128]). Sampled tokens: torch.Size([730, 94, 1, 128])
2026-09-07 13:53:08,184 - root - INFO - Loaded (1346, 94, 1, 128) from 0c76ac4183ec46e290c18b806de9f69f
2026-09-07 13:53:08,232 - root - INFO - Original tokens: torch.Size([1346, 94, 1, 128]). Sampled tokens: torch.Size([730, 94, 1, 128])
2026-09-07 13:53:08,994 - root - INFO - Loaded (2223, 94, 1, 128) from 58b4972e7ccf4e659e39bcfc3bbab399
2026-09-07 13:53:09,041 - root - INFO - Original tokens: torch.Size([2223, 94, 1, 128]). Sampled tokens: torch.Size([730, 94, 1, 128])
2026-09-07 13:53:09,765 - root - INFO - Loaded (2021, 94, 1, 128) from d8c8e7d563094c71a7b3121fa194326d
2026-09-07 13:53:09,814 - root - INFO - Original tokens: torch.Size([2021, 94, 1, 128]). Sampled tokens: torch.Size([730, 94, 1, 128])
2026-09-07 13:53:10,533 - root - INFO - Loaded (1876, 94, 1, 128) from 2ce81010b5124d159691015d3af32319
2026-09-07 13:53:10,600 - root - INFO - Original tokens: torch.Size([1876, 94, 1, 128]). Sampled tokens: torch.Size([730, 94, 1, 128])
2026-09-07 13:53:11,320 - root - INFO - Loaded (1485, 94, 1, 128) from 6889102ccb9c4f9a90bf2db9e7183b9d
2026-09-07 13:53:11,386 - root - INFO - Original tokens: torch.Size([1485, 94, 1, 128]). Sampled tokens: torch.Size([730, 94, 1, 128])
2026-09-07 13:53:12,071 - root - INFO - Loaded (1543, 94, 1, 128) from 0a387030616a48d999aa1bb720e9dfbb
2026-09-07 13:53:12,115 - root - INFO - Original tokens: torch.Size([1543, 94, 1, 128]). Sampled tokens: torch.Size([730, 94, 1, 128])
2026-09-07 13:53:12,877 - root - INFO - Loaded (2020, 94, 1, 128) from ba7657a0406841f3bb2ff9d1aa21d9e2
2026-09-07 13:53:12,923 - root - INFO - Original tokens: torch.Size([2020, 94, 1, 128]). Sampled tokens: torch.Size([730, 94, 1, 128])
2026-09-07 13:53:13,526 - root - INFO - Loaded (1168, 94, 1, 128) from 0204d8f812634da0a5893eda38e28daa
2026-09-07 13:53:13,596 - root - INFO - Original tokens: torch.Size([1168, 94, 1, 128]). Sampled tokens: torch.Size([730, 94, 1, 128])
2026-09-07 13:53:14,380 - root - INFO - Loaded (3029, 94, 1, 128) from bd31a6ee0305439590a93408946cb923
2026-09-07 13:53:14,428 - root - INFO - Original tokens: torch.Size([3029, 94, 1, 128]). Sampled tokens: torch.Size([730, 94, 1, 128])
2026-09-07 13:53:15,162 - root - INFO - Loaded (2949, 94, 1, 128) from 2d6e6c9d7fee4d2dad0eb8cac5c3090b
2026-09-07 13:53:15,221 - root - INFO - Original tokens: torch.Size([2949, 94, 1, 128]). Sampled tokens: torch.Size([730, 94, 1, 128])
2026-09-07 13:53:15,989 - root - INFO - Loaded (2116, 94, 1, 128) from 2b76d19f50a5488b88e834a4a3bf257a
2026-09-07 13:53:16,043 - root - INFO - Original tokens: torch.Size([2116, 94, 1, 128]). Sampled tokens: torch.Size([730, 94, 1, 128])
2026-09-07 13:53:16,690 - root - INFO - Loaded (1301, 94, 1, 128) from 773f008d4b344d9cb393ae43ad0e550f
2026-09-07 13:53:16,758 - root - INFO - Original tokens: torch.Size([1301, 94, 1, 128]). Sampled tokens: torch.Size([730, 94, 1, 128])
2026-09-07 13:53:17,548 - root - INFO - Loaded (3632, 94, 1, 128) from 5eb9d6f2878541289284da7a54107fab
2026-09-07 13:53:17,598 - root - INFO - Original tokens: torch.Size([3632, 94, 1, 128]). Sampled tokens: torch.Size([730, 94, 1, 128])
2026-09-07 13:53:18,311 - root - INFO - Loaded (2298, 94, 1, 128) from b28fe838dcea4d75bac05b743af935f0
2026-09-07 13:53:18,355 - root - INFO - Original tokens: torch.Size([2298, 94, 1, 128]). Sampled tokens: torch.Size([730, 94, 1, 128])
2026-09-07 13:53:19,034 - root - INFO - Loaded (1843, 94, 1, 128) from 733c28a3fa58460aa15ebc2fd352c53a
2026-09-07 13:53:19,079 - root - INFO - Original tokens: torch.Size([1843, 94, 1, 128]). Sampled tokens: torch.Size([730, 94, 1, 128])
2026-09-07 13:53:20,060 - root - INFO - Loaded (4240, 94, 1, 128) from 7b98eecdcf934dd2beefd2fafb7440cc
2026-09-07 13:53:20,113 - root - INFO - Original tokens: torch.Size([4240, 94, 1, 128]). Sampled tokens: torch.Size([730, 94, 1, 128])
2026-09-07 13:53:20,816 - root - INFO - Loaded (1739, 94, 1, 128) from 5ac46a3790e04cc3b5ef9bb66870cf15
2026-09-07 13:53:20,884 - root - INFO - Original tokens: torch.Size([1739, 94, 1, 128]). Sampled tokens: torch.Size([730, 94, 1, 128])
2026-09-07 13:53:21,582 - root - INFO - Loaded (2035, 94, 1, 128) from 9d8224a7ab6f4fa084bde81cd3799a5c
2026-09-07 13:53:21,628 - root - INFO - Original tokens: torch.Size([2035, 94, 1, 128]). Sampled tokens: torch.Size([730, 94, 1, 128])
2026-09-07 13:53:22,394 - root - INFO - Loaded (1656, 94, 1, 128) from 3d753b9d887a4c72b4aeacea644ed598
2026-09-07 13:53:22,444 - root - INFO - Original tokens: torch.Size([1656, 94, 1, 128]). Sampled tokens: torch.Size([730, 94, 1, 128])
2026-09-07 13:53:23,103 - root - INFO - Loaded (1418, 94, 1, 128) from 51f5508fce3849dda8630fa093f4e012
2026-09-07 13:53:23,145 - root - INFO - Original tokens: torch.Size([1418, 94, 1, 128]). Sampled tokens: torch.Size([730, 94, 1, 128])
2026-09-07 13:53:23,907 - root - INFO - Loaded (2300, 94, 1, 128) from 872b8db8585e4e398b6a6dd84920bc35
2026-09-07 13:53:23,954 - root - INFO - Original tokens: torch.Size([2300, 94, 1, 128]). Sampled tokens: torch.Size([730, 94, 1, 128])
2026-09-07 13:53:24,620 - root - INFO - Loaded (1180, 94, 1, 128) from b5caaff3584243a08c3dd9eebd8bd0bc
2026-09-07 13:53:24,669 - root - INFO - Original tokens: torch.Size([1180, 94, 1, 128]). Sampled tokens: torch.Size([730, 94, 1, 128])
2026-09-07 13:53:25,362 - root - INFO - Loaded (1550, 94, 1, 128) from 45ce3559d8ac46369a025ad646f716d2
2026-09-07 13:53:25,406 - root - INFO - Original tokens: torch.Size([1550, 94, 1, 128]). Sampled tokens: torch.Size([730, 94, 1, 128])
2026-09-07 13:53:26,195 - root - INFO - Loaded (2642, 94, 1, 128) from 70b4c498458b438bbabd32e705e29e81
2026-09-07 13:53:26,244 - root - INFO - Original tokens: torch.Size([2642, 94, 1, 128]). Sampled tokens: torch.Size([730, 94, 1, 128])
2026-09-07 13:53:27,044 - root - INFO - Loaded (2408, 94, 1, 128) from 01b46ff0f88f4a36b59ad6fc905ea335
2026-09-07 13:53:27,101 - root - INFO - Original tokens: torch.Size([2408, 94, 1, 128]). Sampled tokens: torch.Size([730, 94, 1, 128])
2026-09-07 13:53:27,966 - root - INFO - Loaded (2894, 94, 1, 128) from a4864fca4946455f90b1e608952173f1
2026-09-07 13:53:28,017 - root - INFO - Original tokens: torch.Size([2894, 94, 1, 128]). Sampled tokens: torch.Size([730, 94, 1, 128])
2026-09-07 13:53:28,885 - root - INFO - Loaded (2439, 94, 1, 128) from 9921d3d871144b4abb9df9ae95b35638
2026-09-07 13:53:28,940 - root - INFO - Original tokens: torch.Size([2439, 94, 1, 128]). Sampled tokens: torch.Size([730, 94, 1, 128])
2026-09-07 13:53:29,547 - root - INFO - Loaded (1046, 94, 1, 128) from e87c051dea984e748288d3c10c8c895c
2026-09-07 13:53:29,601 - root - INFO - Original tokens: torch.Size([1046, 94, 1, 128]). Sampled tokens: torch.Size([730, 94, 1, 128])
2026-09-07 13:53:30,304 - root - INFO - Loaded (2108, 94, 1, 128) from d6b9aeb3c2d244ec8c65c77b56fba024
2026-09-07 13:53:30,352 - root - INFO - Original tokens: torch.Size([2108, 94, 1, 128]). Sampled tokens: torch.Size([730, 94, 1, 128])
2026-09-07 13:53:30,971 - root - INFO - Loaded (1219, 94, 1, 128) from f6dda268794147ada80ca6cc00426266
2026-09-07 13:53:31,037 - root - INFO - Original tokens: torch.Size([1219, 94, 1, 128]). Sampled tokens: torch.Size([730, 94, 1, 128])
2026-09-07 13:53:31,865 - root - INFO - Loaded (2803, 94, 1, 128) from 13767c4718d548e8ae8738678ec5701e
2026-09-07 13:53:31,919 - root - INFO - Original tokens: torch.Size([2803, 94, 1, 128]). Sampled tokens: torch.Size([730, 94, 1, 128])
2026-09-07 13:53:32,630 - root - INFO - Loaded (1180, 94, 1, 128) from 56631570c405437b99b452c83efa9f4a
2026-09-07 13:53:32,672 - root - INFO - Original tokens: torch.Size([1180, 94, 1, 128]). Sampled tokens: torch.Size([730, 94, 1, 128])
2026-09-07 13:53:33,420 - root - INFO - Loaded (2149, 94, 1, 128) from 959996749b0043b1aa2497642c57b12c
2026-09-07 13:53:33,509 - root - INFO - Original tokens: torch.Size([2149, 94, 1, 128]). Sampled tokens: torch.Size([730, 94, 1, 128])
2026-09-07 13:53:34,309 - root - INFO - Loaded (1859, 94, 1, 128) from b73a26b5907e437ba864ada72fe498fc
2026-09-07 13:53:34,354 - root - INFO - Original tokens: torch.Size([1859, 94, 1, 128]). Sampled tokens: torch.Size([730, 94, 1, 128])
2026-09-07 13:53:35,114 - root - INFO - Loaded (2084, 94, 1, 128) from 8eb22d8ae2fb4194909db67b02c0af3b
2026-09-07 13:53:35,188 - root - INFO - Original tokens: torch.Size([2084, 94, 1, 128]). Sampled tokens: torch.Size([730, 94, 1, 128])
2026-09-07 13:53:36,585 - root - INFO - Loaded (6537, 94, 1, 128) from 53801981cb944605a5c1681dfdd7149f
2026-09-07 13:53:36,644 - root - INFO - Original tokens: torch.Size([6537, 94, 1, 128]). Sampled tokens: torch.Size([730, 94, 1, 128])
2026-09-07 13:53:37,317 - root - INFO - Loaded (1450, 94, 1, 128) from 5d4b879ad98049daa51e8c11bf43ec42
2026-09-07 13:53:37,366 - root - INFO - Original tokens: torch.Size([1450, 94, 1, 128]). Sampled tokens: torch.Size([730, 94, 1, 128])
2026-09-07 13:53:38,027 - root - INFO - Loaded (1473, 94, 1, 128) from 28047b217352457e9780a89f0448904a
2026-09-07 13:53:38,073 - root - INFO - Original tokens: torch.Size([1473, 94, 1, 128]). Sampled tokens: torch.Size([730, 94, 1, 128])
2026-09-07 13:53:38,853 - root - INFO - Loaded (1648, 94, 1, 128) from 72ed68f42309416d94f44c1febd13a43
2026-09-07 13:53:38,936 - root - INFO - Original tokens: torch.Size([1648, 94, 1, 128]). Sampled tokens: torch.Size([730, 94, 1, 128])
2026-09-07 13:53:39,785 - root - INFO - Loaded (3776, 94, 1, 128) from f418ec52b20d45ea8b20f15bde46978c
2026-09-07 13:53:39,843 - root - INFO - Original tokens: torch.Size([3776, 94, 1, 128]). Sampled tokens: torch.Size([730, 94, 1, 128])
2026-09-07 13:53:40,543 - root - INFO - Loaded (1137, 94, 1, 128) from 9cc2b84cd4e840cc9ddfdfcaca0e44cc
2026-09-07 13:53:40,595 - root - INFO - Original tokens: torch.Size([1137, 94, 1, 128]). Sampled tokens: torch.Size([730, 94, 1, 128])
2026-09-07 13:53:41,361 - root - INFO - Loaded (1868, 94, 1, 128) from a7c2915f1503449bba17bce3001de504
2026-09-07 13:53:41,413 - root - INFO - Original tokens: torch.Size([1868, 94, 1, 128]). Sampled tokens: torch.Size([730, 94, 1, 128])
2026-09-07 13:53:42,210 - root - INFO - Loaded (2671, 94, 1, 128) from 4b84851d93824fbcbe37208f36eddbbb
2026-09-07 13:53:42,265 - root - INFO - Original tokens: torch.Size([2671, 94, 1, 128]). Sampled tokens: torch.Size([730, 94, 1, 128])
2026-09-07 13:53:43,031 - root - INFO - Loaded (2216, 94, 1, 128) from 1e9b3fa270bb4b2480140caa5d2b6ee1
2026-09-07 13:53:43,103 - root - INFO - Original tokens: torch.Size([2216, 94, 1, 128]). Sampled tokens: torch.Size([730, 94, 1, 128])
2026-09-07 13:53:43,930 - root - INFO - Loaded (2776, 94, 1, 128) from bf7d53374d38400d9a0eb3228b4e0d79
2026-09-07 13:53:43,986 - root - INFO - Original tokens: torch.Size([2776, 94, 1, 128]). Sampled tokens: torch.Size([730, 94, 1, 128])
2026-09-07 13:53:44,823 - root - INFO - Loaded (3172, 94, 1, 128) from a16d65ea80904b1e96718c2c00e210a6
2026-09-07 13:53:44,895 - root - INFO - Original tokens: torch.Size([3172, 94, 1, 128]). Sampled tokens: torch.Size([730, 94, 1, 128])
2026-09-07 13:53:45,600 - root - INFO - Loaded (1808, 94, 1, 128) from bfe2ae00a26445bbb51d36443169f79d
2026-09-07 13:53:45,659 - root - INFO - Original tokens: torch.Size([1808, 94, 1, 128]). Sampled tokens: torch.Size([730, 94, 1, 128])
2026-09-07 13:53:46,390 - root - INFO - Loaded (1532, 94, 1, 128) from ec67970e696041a0941e9819a3b83ec5
2026-09-07 13:53:46,434 - root - INFO - Original tokens: torch.Size([1532, 94, 1, 128]). Sampled tokens: torch.Size([730, 94, 1, 128])
2026-09-07 13:53:47,581 - root - INFO - Loaded (4880, 94, 1, 128) from 9255e7f1c509487098bf2928bbe0fbb3
2026-09-07 13:53:47,638 - root - INFO - Original tokens: torch.Size([4880, 94, 1, 128]). Sampled tokens: torch.Size([730, 94, 1, 128])
2026-09-07 13:53:48,474 - root - INFO - Loaded (2756, 94, 1, 128) from c988840ad5b248439ea50388df69489c
2026-09-07 13:53:48,534 - root - INFO - Original tokens: torch.Size([2756, 94, 1, 128]). Sampled tokens: torch.Size([730, 94, 1, 128])
2026-09-07 13:53:49,225 - root - INFO - Loaded (1385, 94, 1, 128) from 18625e8fd76042e48b67fd209bd1f23d
2026-09-07 13:53:49,289 - root - INFO - Original tokens: torch.Size([1385, 94, 1, 128]). Sampled tokens: torch.Size([730, 94, 1, 128])
2026-09-07 13:53:50,044 - root - INFO - Loaded (1389, 94, 1, 128) from 6189a2149aec449881d530c477214690
2026-09-07 13:53:50,092 - root - INFO - Original tokens: torch.Size([1389, 94, 1, 128]). Sampled tokens: torch.Size([730, 94, 1, 128])
2026-09-07 13:53:50,748 - root - INFO - Loaded (1132, 94, 1, 128) from 1ec0cf8c03334d998f1d83da28f13494
2026-09-07 13:53:50,804 - root - INFO - Original tokens: torch.Size([1132, 94, 1, 128]). Sampled tokens: torch.Size([730, 94, 1, 128])
2026-09-07 13:53:51,660 - root - INFO - Loaded (2698, 94, 1, 128) from cdeb6438942e42e6ba51c2406f74d083
2026-09-07 13:53:51,707 - root - INFO - Original tokens: torch.Size([2698, 94, 1, 128]). Sampled tokens: torch.Size([730, 94, 1, 128])
2026-09-07 13:53:52,437 - root - INFO - Loaded (1326, 94, 1, 128) from ef06ac0ac815490482f1301c36b8641f
2026-09-07 13:53:52,481 - root - INFO - Original tokens: torch.Size([1326, 94, 1, 128]). Sampled tokens: torch.Size([730, 94, 1, 128])
2026-09-07 13:53:53,611 - root - INFO - Loaded (4515, 94, 1, 128) from caf1675569f44e3dabd96082e4304c13
2026-09-07 13:53:53,666 - root - INFO - Original tokens: torch.Size([4515, 94, 1, 128]). Sampled tokens: torch.Size([730, 94, 1, 128])
2026-09-07 13:53:54,340 - root - INFO - Loaded (1390, 94, 1, 128) from 1f9157dd6999405597a1e5e054167dd3
2026-09-07 13:53:54,383 - root - INFO - Original tokens: torch.Size([1390, 94, 1, 128]). Sampled tokens: torch.Size([730, 94, 1, 128])
2026-09-07 13:53:55,157 - root - INFO - Loaded (2031, 94, 1, 128) from f50aa7f70ea74ef785a6fcf2cf3639f4
2026-09-07 13:53:55,204 - root - INFO - Original tokens: torch.Size([2031, 94, 1, 128]). Sampled tokens: torch.Size([730, 94, 1, 128])
2026-09-07 13:53:55,903 - root - INFO - Loaded (1329, 94, 1, 128) from 98e0649fccc941ac95dcc781e73d960d
2026-09-07 13:53:55,961 - root - INFO - Original tokens: torch.Size([1329, 94, 1, 128]). Sampled tokens: torch.Size([730, 94, 1, 128])
2026-09-07 13:53:56,717 - root - INFO - Loaded (1916, 94, 1, 128) from fe9e141880914f4ca7b90158dbb82c07
2026-09-07 13:53:56,766 - root - INFO - Original tokens: torch.Size([1916, 94, 1, 128]). Sampled tokens: torch.Size([730, 94, 1, 128])
2026-09-07 13:53:57,382 - root - INFO - Loaded (1075, 94, 1, 128) from 6b35618ca35d486b865a0f8e88654a6f
2026-09-07 13:53:57,435 - root - INFO - Original tokens: torch.Size([1075, 94, 1, 128]). Sampled tokens: torch.Size([730, 94, 1, 128])
2026-09-07 13:53:58,734 - root - INFO - Loaded (6229, 94, 1, 128) from 9fe872b186684cebb2f507d9b2d05a8e
2026-09-07 13:53:58,798 - root - INFO - Original tokens: torch.Size([6229, 94, 1, 128]). Sampled tokens: torch.Size([730, 94, 1, 128])
2026-09-07 13:53:59,632 - root - INFO - Loaded (3543, 94, 1, 128) from 781fc55da0dd47b89a98465b6a42fd4b
2026-09-07 13:53:59,682 - root - INFO - Original tokens: torch.Size([3543, 94, 1, 128]). Sampled tokens: torch.Size([730, 94, 1, 128])
2026-09-07 13:54:00,379 - root - INFO - Loaded (2262, 94, 1, 128) from 2624c40224ac468dbf7478345b92d0f4
2026-09-07 13:54:00,423 - root - INFO - Original tokens: torch.Size([2262, 94, 1, 128]). Sampled tokens: torch.Size([730, 94, 1, 128])
2026-09-07 13:54:01,068 - root - INFO - Loaded (1435, 94, 1, 128) from d8d4cd1ac05a4b2bb6a01b86f6d6989b
2026-09-07 13:54:01,126 - root - INFO - Original tokens: torch.Size([1435, 94, 1, 128]). Sampled tokens: torch.Size([730, 94, 1, 128])
2026-09-07 13:54:01,824 - root - INFO - Loaded (1443, 94, 1, 128) from 6b845ca9ef6e4f73a7a348e163081fd2
2026-09-07 13:54:01,886 - root - INFO - Original tokens: torch.Size([1443, 94, 1, 128]). Sampled tokens: torch.Size([730, 94, 1, 128])
2026-09-07 13:54:02,629 - root - INFO - Loaded (2046, 94, 1, 128) from 5f741312dd5248d39dc32f657a894cdf
2026-09-07 13:54:02,694 - root - INFO - Original tokens: torch.Size([2046, 94, 1, 128]). Sampled tokens: torch.Size([730, 94, 1, 128])
2026-09-07 13:54:03,582 - root - INFO - Loaded (4158, 94, 1, 128) from 80924b9113a148489c683c364489847f
2026-09-07 13:54:03,668 - root - INFO - Original tokens: torch.Size([4158, 94, 1, 128]). Sampled tokens: torch.Size([730, 94, 1, 128])
2026-09-07 13:54:04,466 - root - INFO - Loaded (2068, 94, 1, 128) from cc1875751ad64c5097a8ede1d232f11e
2026-09-07 13:54:04,514 - root - INFO - Original tokens: torch.Size([2068, 94, 1, 128]). Sampled tokens: torch.Size([730, 94, 1, 128])
2026-09-07 13:54:05,181 - root - INFO - Loaded (1236, 94, 1, 128) from 85923b0abd214d37a202bee1a5cbd3b5
2026-09-07 13:54:05,249 - root - INFO - Original tokens: torch.Size([1236, 94, 1, 128]). Sampled tokens: torch.Size([730, 94, 1, 128])
2026-09-07 13:54:06,012 - root - INFO - Loaded (2767, 94, 1, 128) from 02451d1c634c4df3b59da14af3013110
2026-09-07 13:54:06,069 - root - INFO - Original tokens: torch.Size([2767, 94, 1, 128]). Sampled tokens: torch.Size([730, 94, 1, 128])
2026-09-07 13:54:06,806 - root - INFO - Loaded (2457, 94, 1, 128) from 1122effcd6b44683981ffdbf1b1d1fb1
2026-09-07 13:54:06,850 - root - INFO - Original tokens: torch.Size([2457, 94, 1, 128]). Sampled tokens: torch.Size([730, 94, 1, 128])
2026-09-07 13:54:07,477 - root - INFO - Loaded (1206, 94, 1, 128) from ad161e6dfec8465d9837a4c8e3c9b53b
2026-09-07 13:54:07,518 - root - INFO - Original tokens: torch.Size([1206, 94, 1, 128]). Sampled tokens: torch.Size([730, 94, 1, 128])
2026-09-07 13:54:08,246 - root - INFO - Loaded (2853, 94, 1, 128) from b2a35c63def24a2199f2dfcbd901387a
2026-09-07 13:54:08,295 - root - INFO - Original tokens: torch.Size([2853, 94, 1, 128]). Sampled tokens: torch.Size([730, 94, 1, 128])
2026-09-07 13:54:08,985 - root - INFO - Loaded (1922, 94, 1, 128) from 9e1d1393549c48079d1060a5d1363dc6
2026-09-07 13:54:09,030 - root - INFO - Original tokens: torch.Size([1922, 94, 1, 128]). Sampled tokens: torch.Size([730, 94, 1, 128])
2026-09-07 13:54:09,792 - root - INFO - Loaded (2640, 94, 1, 128) from 4b17b0739a2f4b298421e21203ff64f8
2026-09-07 13:54:09,866 - root - INFO - Original tokens: torch.Size([2640, 94, 1, 128]). Sampled tokens: torch.Size([730, 94, 1, 128])
2026-09-07 13:54:10,798 - root - INFO - Loaded (4003, 94, 1, 128) from ab1ccef4ee084a978d242fc0def5c922
2026-09-07 13:54:10,881 - root - INFO - Original tokens: torch.Size([4003, 94, 1, 128]). Sampled tokens: torch.Size([730, 94, 1, 128])
2026-09-07 13:54:11,585 - root - INFO - Loaded (2183, 94, 1, 128) from f81eb00f5fea45cab78d1079f2822932
2026-09-07 13:54:11,651 - root - INFO - Original tokens: torch.Size([2183, 94, 1, 128]). Sampled tokens: torch.Size([730, 94, 1, 128])
2026-09-07 13:54:12,949 - root - INFO - Loaded (6470, 94, 1, 128) from 0a9fb125088f465e9954b66f4bb6d92e
2026-09-07 13:54:13,009 - root - INFO - Original tokens: torch.Size([6470, 94, 1, 128]). Sampled tokens: torch.Size([730, 94, 1, 128])
2026-09-07 13:54:13,738 - root - INFO - Loaded (2355, 94, 1, 128) from 12cfa828bde0487fa654227fd72d9e1d
2026-09-07 13:54:13,800 - root - INFO - Original tokens: torch.Size([2355, 94, 1, 128]). Sampled tokens: torch.Size([730, 94, 1, 128])
2026-09-07 13:54:14,600 - root - INFO - Loaded (2903, 94, 1, 128) from 06194ab40afd452fa4106f3aa273e3ac
2026-09-07 13:54:14,648 - root - INFO - Original tokens: torch.Size([2903, 94, 1, 128]). Sampled tokens: torch.Size([747, 94, 1, 128])
2026-09-07 13:54:16,714 - root - INFO - Loaded (9252, 94, 1, 128) from a8a7791bd3404d2c8f348cb4e3ced958
2026-09-07 13:54:16,811 - root - INFO - Original tokens: torch.Size([9252, 94, 1, 128]). Sampled tokens: torch.Size([747, 94, 1, 128])
2026-09-07 13:54:19,047 - root - INFO - Loaded (11019, 94, 1, 128) from dd3a8f813ce24153b8ea1dfc6ced2e8e
2026-09-07 13:54:19,160 - root - INFO - Original tokens: torch.Size([11019, 94, 1, 128]). Sampled tokens: torch.Size([747, 94, 1, 128])
2026-09-07 13:54:21,433 - root - INFO - Loaded (9800, 94, 1, 128) from 1c6245deb6144b10b3532a448b8e872c
2026-09-07 13:54:21,516 - root - INFO - Original tokens: torch.Size([9800, 94, 1, 128]). Sampled tokens: torch.Size([747, 94, 1, 128])
2026-09-07 13:54:23,110 - root - INFO - Loaded (8158, 94, 1, 128) from 2dae3bfd558d481aa8c293054bbfcd58
2026-09-07 13:54:23,210 - root - INFO - Original tokens: torch.Size([8158, 94, 1, 128]). Sampled tokens: torch.Size([747, 94, 1, 128])
2026-09-07 13:54:25,590 - root - INFO - Loaded (11959, 94, 1, 128) from f7d7298f13874726824e23e54687d1be
2026-09-07 13:54:25,679 - root - INFO - Original tokens: torch.Size([11959, 94, 1, 128]). Sampled tokens: torch.Size([747, 94, 1, 128])
2026-09-07 13:54:27,131 - root - INFO - Loaded (7033, 94, 1, 128) from df0e3358df8d44738b6a3f99e5bc0cd9
2026-09-07 13:54:27,191 - root - INFO - Original tokens: torch.Size([7033, 94, 1, 128]). Sampled tokens: torch.Size([747, 94, 1, 128])
2026-09-07 13:54:28,203 - root - INFO - Loaded (4136, 94, 1, 128) from 5295405f4a5a404da218841ab2776967
2026-09-07 13:54:28,256 - root - INFO - Original tokens: torch.Size([4136, 94, 1, 128]). Sampled tokens: torch.Size([747, 94, 1, 128])
2026-09-07 13:54:28,933 - root - INFO - Loaded (1476, 94, 1, 128) from baf685e74a6649b687e4f007480bb95c
2026-09-07 13:54:28,999 - root - INFO - Original tokens: torch.Size([1476, 94, 1, 128]). Sampled tokens: torch.Size([747, 94, 1, 128])
2026-09-07 13:54:29,871 - root - INFO - Loaded (2686, 94, 1, 128) from dcf93548c90c44aab7211b46fbdd37ad
2026-09-07 13:54:29,934 - root - INFO - Original tokens: torch.Size([2686, 94, 1, 128]). Sampled tokens: torch.Size([747, 94, 1, 128])
2026-09-07 13:54:30,791 - root - INFO - Loaded (3878, 94, 1, 128) from 1ac08f24cf6b40e4a0f6154a8b7ee8cc
2026-09-07 13:54:30,843 - root - INFO - Original tokens: torch.Size([3878, 94, 1, 128]). Sampled tokens: torch.Size([747, 94, 1, 128])
2026-09-07 13:54:34,089 - root - INFO - Loaded (16432, 94, 1, 128) from fb723e031349433d9ae56c080fe995f0
2026-09-07 13:54:34,171 - root - INFO - Original tokens: torch.Size([16432, 94, 1, 128]). Sampled tokens: torch.Size([747, 94, 1, 128])
2026-09-07 13:54:35,060 - root - INFO - Loaded (3333, 94, 1, 128) from 13287947272c4014a9c5a0041782160d
2026-09-07 13:54:35,111 - root - INFO - Original tokens: torch.Size([3333, 94, 1, 128]). Sampled tokens: torch.Size([747, 94, 1, 128])
2026-09-07 13:54:35,966 - root - INFO - Loaded (2877, 94, 1, 128) from 6a27749da0374b78b5d16b08c357d2bf
2026-09-07 13:54:36,014 - root - INFO - Original tokens: torch.Size([2877, 94, 1, 128]). Sampled tokens: torch.Size([747, 94, 1, 128])
2026-09-07 13:54:36,748 - root - INFO - Loaded (2113, 94, 1, 128) from ac359322cb2648fc95e232ead111ab8f
2026-09-07 13:54:36,796 - root - INFO - Original tokens: torch.Size([2113, 94, 1, 128]). Sampled tokens: torch.Size([747, 94, 1, 128])
2026-09-07 13:54:37,549 - root - INFO - Loaded (2264, 94, 1, 128) from d67106bf3ce54a1dad1814f1f8914ca0
2026-09-07 13:54:37,601 - root - INFO - Original tokens: torch.Size([2264, 94, 1, 128]). Sampled tokens: torch.Size([747, 94, 1, 128])
2026-09-07 13:54:38,274 - root - INFO - Loaded (1196, 94, 1, 128) from 8c1899492d41419dbc5db5e23363f1e2
2026-09-07 13:54:38,337 - root - INFO - Original tokens: torch.Size([1196, 94, 1, 128]). Sampled tokens: torch.Size([747, 94, 1, 128])
2026-09-07 13:54:39,244 - root - INFO - Loaded (3636, 94, 1, 128) from cc52f24174d14edeb0757adeb7870b71
2026-09-07 13:54:39,294 - root - INFO - Original tokens: torch.Size([3636, 94, 1, 128]). Sampled tokens: torch.Size([747, 94, 1, 128])
2026-09-07 13:54:41,645 - root - INFO - Loaded (11477, 94, 1, 128) from 9b5909decc514881a4f04f87fc03cbb9
2026-09-07 13:54:41,729 - root - INFO - Original tokens: torch.Size([11477, 94, 1, 128]). Sampled tokens: torch.Size([747, 94, 1, 128])
2026-09-07 13:54:43,934 - root - INFO - Loaded (9742, 94, 1, 128) from a6277bce40594ebfa5777774e6fba5db
2026-09-07 13:54:44,035 - root - INFO - Original tokens: torch.Size([9742, 94, 1, 128]). Sampled tokens: torch.Size([747, 94, 1, 128])
2026-09-07 13:54:47,102 - root - INFO - Loaded (16161, 94, 1, 128) from d06447312cc54ced848420f4c6f2e0af
2026-09-07 13:54:47,208 - root - INFO - Original tokens: torch.Size([16161, 94, 1, 128]). Sampled tokens: torch.Size([747, 94, 1, 128])
2026-09-07 13:54:48,803 - root - INFO - Loaded (8099, 94, 1, 128) from a3ff123265394b78acdbaa889c60eafc
2026-09-07 13:54:48,888 - root - INFO - Original tokens: torch.Size([8099, 94, 1, 128]). Sampled tokens: torch.Size([747, 94, 1, 128])
2026-09-07 13:54:49,849 - root - INFO - Loaded (3994, 94, 1, 128) from a50d62d61f664b8dbbbce34338100471
2026-09-07 13:54:49,902 - root - INFO - Original tokens: torch.Size([3994, 94, 1, 128]). Sampled tokens: torch.Size([747, 94, 1, 128])
2026-09-07 13:54:50,901 - root - INFO - Loaded (4027, 94, 1, 128) from a278907dcb4d477eafa8e30a4f1cbb7a
2026-09-07 13:54:50,957 - root - INFO - Original tokens: torch.Size([4027, 94, 1, 128]). Sampled tokens: torch.Size([747, 94, 1, 128])
2026-09-07 13:54:52,149 - root - INFO - Loaded (5015, 94, 1, 128) from eee28850e7324b9684ef08f382d45012
2026-09-07 13:54:52,243 - root - INFO - Original tokens: torch.Size([5015, 94, 1, 128]). Sampled tokens: torch.Size([747, 94, 1, 128])
2026-09-07 13:54:52,997 - root - INFO - Loaded (3196, 94, 1, 128) from 7f89b3fba23148ccafe235b843521142
2026-09-07 13:54:53,072 - root - INFO - Original tokens: torch.Size([3196, 94, 1, 128]). Sampled tokens: torch.Size([747, 94, 1, 128])
2026-09-07 13:54:55,783 - root - INFO - Loaded (13769, 94, 1, 128) from 1e5353d15c564752a2ae0796d5bb79b0
2026-09-07 13:54:55,902 - root - INFO - Original tokens: torch.Size([13769, 94, 1, 128]). Sampled tokens: torch.Size([747, 94, 1, 128])
2026-09-07 13:54:58,147 - root - INFO - Loaded (11152, 94, 1, 128) from 8e86cafd1c1b4e528b33e7cb1532ebff
2026-09-07 13:54:58,245 - root - INFO - Original tokens: torch.Size([11152, 94, 1, 128]). Sampled tokens: torch.Size([747, 94, 1, 128])
2026-09-07 13:54:59,449 - root - INFO - Loaded (6010, 94, 1, 128) from 318bc277be394c34ba3a23d0f7dadc00
2026-09-07 13:54:59,508 - root - INFO - Original tokens: torch.Size([6010, 94, 1, 128]). Sampled tokens: torch.Size([747, 94, 1, 128])
2026-09-07 13:55:01,882 - root - INFO - Loaded (12288, 94, 1, 128) from f5d7f969912f4906842cb55db7604d4d
2026-09-07 13:55:01,984 - root - INFO - Original tokens: torch.Size([12288, 94, 1, 128]). Sampled tokens: torch.Size([747, 94, 1, 128])
2026-09-07 13:55:02,840 - root - INFO - Loaded (3760, 94, 1, 128) from 4e799eb1ae4a48e39f210cb4c5d09cd6
2026-09-07 13:55:02,905 - root - INFO - Original tokens: torch.Size([3760, 94, 1, 128]). Sampled tokens: torch.Size([747, 94, 1, 128])
2026-09-07 13:55:05,436 - root - INFO - Loaded (13765, 94, 1, 128) from 7c5617a6dfed4973967f5f71bf533b5e
2026-09-07 13:55:05,546 - root - INFO - Original tokens: torch.Size([13765, 94, 1, 128]). Sampled tokens: torch.Size([747, 94, 1, 128])
2026-09-07 13:55:06,271 - root - INFO - Loaded (2249, 94, 1, 128) from 41816dd79d7b4e1290d11e21752d783a
2026-09-07 13:55:06,328 - root - INFO - Original tokens: torch.Size([2249, 94, 1, 128]). Sampled tokens: torch.Size([747, 94, 1, 128])
2026-09-07 13:55:08,784 - root - INFO - Loaded (12568, 94, 1, 128) from 22b180b3f67d4b938ebc690f9c977bb4
2026-09-07 13:55:08,887 - root - INFO - Original tokens: torch.Size([12568, 94, 1, 128]). Sampled tokens: torch.Size([747, 94, 1, 128])
2026-09-07 13:55:11,179 - root - INFO - Loaded (10788, 94, 1, 128) from c152863c7e104a39b954baa08b428373
2026-09-07 13:55:11,286 - root - INFO - Original tokens: torch.Size([10788, 94, 1, 128]). Sampled tokens: torch.Size([747, 94, 1, 128])
2026-09-07 13:55:12,124 - root - INFO - Loaded (3254, 94, 1, 128) from 3a5055ea5bae43588f75d05cc9a05233
2026-09-07 13:55:12,183 - root - INFO - Original tokens: torch.Size([3254, 94, 1, 128]). Sampled tokens: torch.Size([747, 94, 1, 128])
2026-09-07 13:55:14,495 - root - INFO - Loaded (10763, 94, 1, 128) from 193bcc974cff4b158079fbb1bf7f2eac
2026-09-07 13:55:14,604 - root - INFO - Original tokens: torch.Size([10763, 94, 1, 128]). Sampled tokens: torch.Size([747, 94, 1, 128])
2026-09-07 13:55:15,788 - root - INFO - Loaded (6155, 94, 1, 128) from b7e7e9f7cece4d18929cc5e77b97013b
2026-09-07 13:55:15,860 - root - INFO - Original tokens: torch.Size([6155, 94, 1, 128]). Sampled tokens: torch.Size([747, 94, 1, 128])
2026-09-07 13:55:19,006 - root - INFO - Loaded (16434, 94, 1, 128) from 2ab6d79d5ecb458b8b8018c8ec1241b4
2026-09-07 13:55:19,127 - root - INFO - Original tokens: torch.Size([16434, 94, 1, 128]). Sampled tokens: torch.Size([747, 94, 1, 128])
2026-09-07 13:55:19,830 - root - INFO - Loaded (1977, 94, 1, 128) from f4933a214e7a4a2d8d458d9a5fd10e5c
2026-09-07 13:55:19,887 - root - INFO - Original tokens: torch.Size([1977, 94, 1, 128]). Sampled tokens: torch.Size([747, 94, 1, 128])
2026-09-07 13:55:22,234 - root - INFO - Loaded (10644, 94, 1, 128) from aacaa5e0837f4a61accecbcfbe754f1d
2026-09-07 13:55:22,340 - root - INFO - Original tokens: torch.Size([10644, 94, 1, 128]). Sampled tokens: torch.Size([747, 94, 1, 128])
2026-09-07 13:55:24,658 - root - INFO - Loaded (9805, 94, 1, 128) from 2f2ca8b7fe7249b2aa08327434fb057f
2026-09-07 13:55:24,753 - root - INFO - Original tokens: torch.Size([9805, 94, 1, 128]). Sampled tokens: torch.Size([747, 94, 1, 128])
2026-09-07 13:55:26,186 - root - INFO - Loaded (7312, 94, 1, 128) from 9a6cdf3bdbc94916bcdbaefcaa7818eb
2026-09-07 13:55:26,259 - root - INFO - Original tokens: torch.Size([7312, 94, 1, 128]). Sampled tokens: torch.Size([747, 94, 1, 128])
2026-09-07 13:55:27,775 - root - INFO - Loaded (7844, 94, 1, 128) from 2c5738c273104d78b7514a7402b935c3
2026-09-07 13:55:27,837 - root - INFO - Original tokens: torch.Size([7844, 94, 1, 128]). Sampled tokens: torch.Size([747, 94, 1, 128])
2026-09-07 13:55:31,439 - root - INFO - Loaded (17619, 94, 1, 128) from cbc7c37b578e4c46a0b216a18e806253
2026-09-07 13:55:31,578 - root - INFO - Original tokens: torch.Size([17619, 94, 1, 128]). Sampled tokens: torch.Size([747, 94, 1, 128])
2026-09-07 13:55:32,299 - root - INFO - Loaded (1326, 94, 1, 128) from f469d9ac38e34023ac4599bca9cf6006
2026-09-07 13:55:32,344 - root - INFO - Original tokens: torch.Size([1326, 94, 1, 128]). Sampled tokens: torch.Size([747, 94, 1, 128])
2026-09-07 13:55:34,757 - root - INFO - Loaded (10191, 94, 1, 128) from a975deda0f42482cba491ab0b79fa82e
2026-09-07 13:55:34,855 - root - INFO - Original tokens: torch.Size([10191, 94, 1, 128]). Sampled tokens: torch.Size([747, 94, 1, 128])
2026-09-07 13:55:37,194 - root - INFO - Loaded (8761, 94, 1, 128) from 72846186f73f4620ae6f7cb82c2c71a8
2026-09-07 13:55:37,291 - root - INFO - Original tokens: torch.Size([8761, 94, 1, 128]). Sampled tokens: torch.Size([747, 94, 1, 128])
2026-09-07 13:55:38,283 - root - INFO - Loaded (2847, 94, 1, 128) from 5e77f64462584c989a702fb295c9fb13
2026-09-07 13:55:38,364 - root - INFO - Original tokens: torch.Size([2847, 94, 1, 128]). Sampled tokens: torch.Size([747, 94, 1, 128])
2026-09-07 13:55:41,390 - root - INFO - Loaded (13988, 94, 1, 128) from 6085d0f0c5f74f778001f7fc0cc8696a
2026-09-07 13:55:41,515 - root - INFO - Original tokens: torch.Size([13988, 94, 1, 128]). Sampled tokens: torch.Size([747, 94, 1, 128])
2026-09-07 13:55:42,649 - root - INFO - Loaded (4129, 94, 1, 128) from 13833bf31f254d20a67f35e5a1edb35f
2026-09-07 13:55:42,722 - root - INFO - Original tokens: torch.Size([4129, 94, 1, 128]). Sampled tokens: torch.Size([747, 94, 1, 128])
2026-09-07 13:55:43,957 - root - INFO - Loaded (4754, 94, 1, 128) from 542db54934ab49d4989b106c330d658e
2026-09-07 13:55:44,031 - root - INFO - Original tokens: torch.Size([4754, 94, 1, 128]). Sampled tokens: torch.Size([747, 94, 1, 128])
2026-09-07 13:55:44,885 - root - INFO - Loaded (2262, 94, 1, 128) from 2879ec0e59ea496397286c1095cce903
2026-09-07 13:55:44,949 - root - INFO - Original tokens: torch.Size([2262, 94, 1, 128]). Sampled tokens: torch.Size([747, 94, 1, 128])
2026-09-07 13:55:47,579 - root - INFO - Loaded (9962, 94, 1, 128) from 53f01e23cb654125bf3f5770cadcf936
2026-09-07 13:55:47,694 - root - INFO - Original tokens: torch.Size([9962, 94, 1, 128]). Sampled tokens: torch.Size([747, 94, 1, 128])
2026-09-07 13:55:48,531 - root - INFO - Loaded (1944, 94, 1, 128) from e7bd4edec566441788c137d9cb43cb0d
2026-09-07 13:55:48,586 - root - INFO - Original tokens: torch.Size([1944, 94, 1, 128]). Sampled tokens: torch.Size([747, 94, 1, 128])
2026-09-07 13:55:49,474 - root - INFO - Loaded (2968, 94, 1, 128) from e87d69b8f9e04ea8a4e9ec8c11a8212f
2026-09-07 13:55:49,528 - root - INFO - Original tokens: torch.Size([2968, 94, 1, 128]). Sampled tokens: torch.Size([747, 94, 1, 128])
2026-09-07 13:55:52,202 - root - INFO - Loaded (11745, 94, 1, 128) from cd42facab60040739c50f41bdd00fa1c
2026-09-07 13:55:52,315 - root - INFO - Original tokens: torch.Size([11745, 94, 1, 128]). Sampled tokens: torch.Size([747, 94, 1, 128])
2026-09-07 13:55:53,160 - root - INFO - Loaded (2645, 94, 1, 128) from d788dbcaf51348ba9c7f4b965ba9dc9c
2026-09-07 13:55:53,219 - root - INFO - Original tokens: torch.Size([2645, 94, 1, 128]). Sampled tokens: torch.Size([747, 94, 1, 128])
2026-09-07 13:55:54,008 - root - INFO - Loaded (1457, 94, 1, 128) from efabd575ab2c4bc5931483f89028938e
2026-09-07 13:55:54,059 - root - INFO - Original tokens: torch.Size([1457, 94, 1, 128]). Sampled tokens: torch.Size([747, 94, 1, 128])
2026-09-07 13:55:56,554 - root - INFO - Loaded (10772, 94, 1, 128) from 1edd6ece56864f4695d1212e0ad3c47c
2026-09-07 13:55:56,683 - root - INFO - Original tokens: torch.Size([10772, 94, 1, 128]). Sampled tokens: torch.Size([747, 94, 1, 128])
2026-09-07 13:55:57,652 - root - INFO - Loaded (3985, 94, 1, 128) from f6691523dccb485d8deeaff0c062ac69
2026-09-07 13:55:57,723 - root - INFO - Original tokens: torch.Size([3985, 94, 1, 128]). Sampled tokens: torch.Size([747, 94, 1, 128])
2026-09-07 13:55:58,580 - root - INFO - Loaded (3263, 94, 1, 128) from ba4af4f9a08746dd8cf39993e86646a6
2026-09-07 13:55:58,656 - root - INFO - Original tokens: torch.Size([3263, 94, 1, 128]). Sampled tokens: torch.Size([747, 94, 1, 128])
2026-09-07 13:56:00,982 - root - INFO - Loaded (10582, 94, 1, 128) from 4820b76cfedf46a98b234f4f46b510bc
2026-09-07 13:56:01,093 - root - INFO - Original tokens: torch.Size([10582, 94, 1, 128]). Sampled tokens: torch.Size([747, 94, 1, 128])
2026-09-07 13:56:01,839 - root - INFO - Loaded (2093, 94, 1, 128) from 42cbff5a28104ee39a9053d5a5f3dacf
2026-09-07 13:56:01,898 - root - INFO - Original tokens: torch.Size([2093, 94, 1, 128]). Sampled tokens: torch.Size([747, 94, 1, 128])
2026-09-07 13:56:03,465 - root - INFO - Loaded (7089, 94, 1, 128) from ca7fa378be844a8ba32fbed20829b57b
2026-09-07 13:56:03,554 - root - INFO - Original tokens: torch.Size([7089, 94, 1, 128]). Sampled tokens: torch.Size([747, 94, 1, 128])
2026-09-07 13:56:04,550 - root - INFO - Loaded (2250, 94, 1, 128) from e178944136c74d1198215a7271dbec08
2026-09-07 13:56:04,638 - root - INFO - Original tokens: torch.Size([2250, 94, 1, 128]). Sampled tokens: torch.Size([747, 94, 1, 128])
2026-09-07 13:56:05,414 - root - INFO - Loaded (1072, 94, 1, 128) from 50fda75b0e4f4473bd991ed7ca5ea144
2026-09-07 13:56:05,483 - root - INFO - Original tokens: torch.Size([1072, 94, 1, 128]). Sampled tokens: torch.Size([747, 94, 1, 128])
2026-09-07 13:56:06,243 - root - INFO - Loaded (1156, 94, 1, 128) from d97ddd7676db43739bbb433a96a10f0d
2026-09-07 13:56:06,305 - root - INFO - Original tokens: torch.Size([1156, 94, 1, 128]). Sampled tokens: torch.Size([747, 94, 1, 128])
2026-09-07 13:56:06,983 - root - INFO - Loaded (1234, 94, 1, 128) from bc3d686e534c44a78727e5e0edd5fa00
2026-09-07 13:56:07,041 - root - INFO - Original tokens: torch.Size([1234, 94, 1, 128]). Sampled tokens: torch.Size([747, 94, 1, 128])
2026-09-07 13:56:10,021 - root - INFO - Loaded (14038, 94, 1, 128) from 7d56bce5100c4fad9f26012e62f024fe
2026-09-07 13:56:10,140 - root - INFO - Original tokens: torch.Size([14038, 94, 1, 128]). Sampled tokens: torch.Size([747, 94, 1, 128])
2026-09-07 13:56:10,988 - root - INFO - Loaded (2942, 94, 1, 128) from afadfe2647ce4887bdcfdea8fe0a7df8
2026-09-07 13:56:11,055 - root - INFO - Original tokens: torch.Size([2942, 94, 1, 128]). Sampled tokens: torch.Size([747, 94, 1, 128])
2026-09-07 13:56:14,025 - root - INFO - Loaded (13483, 94, 1, 128) from 03f73aa4c10e478fa6f9142749e7e448
2026-09-07 13:56:14,140 - root - INFO - Original tokens: torch.Size([13483, 94, 1, 128]). Sampled tokens: torch.Size([747, 94, 1, 128])
2026-09-07 13:56:14,945 - root - INFO - Loaded (1718, 94, 1, 128) from f56df44a187642939a483a356e445c59
2026-09-07 13:56:14,998 - root - INFO - Original tokens: torch.Size([1718, 94, 1, 128]). Sampled tokens: torch.Size([747, 94, 1, 128])
2026-09-07 13:56:16,181 - root - INFO - Loaded (4473, 94, 1, 128) from 78f535a9462d41d3aa5d5e792d7fe336
2026-09-07 13:56:16,248 - root - INFO - Original tokens: torch.Size([4473, 94, 1, 128]). Sampled tokens: torch.Size([747, 94, 1, 128])
2026-09-07 13:56:17,756 - root - INFO - Loaded (6411, 94, 1, 128) from 31f32584ecd843ec859cb29f4d87d4f4
2026-09-07 13:56:17,824 - root - INFO - Original tokens: torch.Size([6411, 94, 1, 128]). Sampled tokens: torch.Size([747, 94, 1, 128])
2026-09-07 13:56:19,285 - root - INFO - Loaded (7226, 94, 1, 128) from fd7886e348474dd39d0a272f0381c14b
2026-09-07 13:56:19,359 - root - INFO - Original tokens: torch.Size([7226, 94, 1, 128]). Sampled tokens: torch.Size([747, 94, 1, 128])
2026-09-07 13:56:21,284 - root - INFO - Loaded (8419, 94, 1, 128) from 3263fb0f19ab437a9791ba5f9b5f52e8
2026-09-07 13:56:21,374 - root - INFO - Original tokens: torch.Size([8419, 94, 1, 128]). Sampled tokens: torch.Size([747, 94, 1, 128])
2026-09-07 13:56:24,932 - root - INFO - Loaded (16415, 94, 1, 128) from 4315588118614f29ab2fcc1ae40a09d2
2026-09-07 13:56:25,043 - root - INFO - Original tokens: torch.Size([16415, 94, 1, 128]). Sampled tokens: torch.Size([747, 94, 1, 128])
2026-09-07 13:56:25,903 - root - INFO - Loaded (2337, 94, 1, 128) from 4ad4732bf4d94d86a2f484537aa0be46
2026-09-07 13:56:25,963 - root - INFO - Original tokens: torch.Size([2337, 94, 1, 128]). Sampled tokens: torch.Size([747, 94, 1, 128])
2026-09-07 13:56:26,657 - root - INFO - Loaded (1440, 94, 1, 128) from 3944c6833ec740be92b4489a598393b7
2026-09-07 13:56:26,726 - root - INFO - Original tokens: torch.Size([1440, 94, 1, 128]). Sampled tokens: torch.Size([747, 94, 1, 128])
2026-09-07 13:56:27,595 - root - INFO - Loaded (2860, 94, 1, 128) from 36086a9ddcaa41699a33757f4c7fe1cc
2026-09-07 13:56:27,659 - root - INFO - Original tokens: torch.Size([2860, 94, 1, 128]). Sampled tokens: torch.Size([747, 94, 1, 128])
2026-09-07 13:56:28,809 - root - INFO - Loaded (4402, 94, 1, 128) from 0cc95ecf3285487ba3dc5ef3990679eb
2026-09-07 13:56:28,883 - root - INFO - Original tokens: torch.Size([4402, 94, 1, 128]). Sampled tokens: torch.Size([747, 94, 1, 128])
2026-09-07 13:56:31,343 - root - INFO - Loaded (11225, 94, 1, 128) from a63e9c95b44c4c7a96bec21dbfa95e08
2026-09-07 13:56:31,491 - root - INFO - Original tokens: torch.Size([11225, 94, 1, 128]). Sampled tokens: torch.Size([747, 94, 1, 128])
2026-09-07 13:56:33,803 - root - INFO - Loaded (8781, 94, 1, 128) from f6eb2c3a0c2b4e83898c0ee25b70f4f8
2026-09-07 13:56:33,892 - root - INFO - Original tokens: torch.Size([8781, 94, 1, 128]). Sampled tokens: torch.Size([747, 94, 1, 128])
2026-09-07 13:56:34,701 - root - INFO - Loaded (2296, 94, 1, 128) from 672be4366b6142b0b338d59f19c73a9a
2026-09-07 13:56:34,753 - root - INFO - Original tokens: torch.Size([2296, 94, 1, 128]). Sampled tokens: torch.Size([747, 94, 1, 128])
2026-09-07 13:56:36,124 - root - INFO - Loaded (6897, 94, 1, 128) from 006de4b30a8345e0a0ae05a7ead73c3f
2026-09-07 13:56:36,196 - root - INFO - Original tokens: torch.Size([6897, 94, 1, 128]). Sampled tokens: torch.Size([747, 94, 1, 128])
2026-09-07 13:56:38,515 - root - INFO - Loaded (12305, 94, 1, 128) from b3a873cd575d4f2ba8256d73d92efd05
2026-09-07 13:56:38,624 - root - INFO - Original tokens: torch.Size([12305, 94, 1, 128]). Sampled tokens: torch.Size([747, 94, 1, 128])
2026-09-07 13:56:39,296 - root - INFO - Loaded (1882, 94, 1, 128) from c0410122e6144464a505813f7e2979ab
2026-09-07 13:56:39,350 - root - INFO - Original tokens: torch.Size([1882, 94, 1, 128]). Sampled tokens: torch.Size([747, 94, 1, 128])
2026-09-07 13:56:40,480 - root - INFO - Loaded (5593, 94, 1, 128) from 0736ac928c4b4ba196716b7612b43606
2026-09-07 13:56:40,548 - root - INFO - Original tokens: torch.Size([5593, 94, 1, 128]). Sampled tokens: torch.Size([747, 94, 1, 128])
2026-09-07 13:56:41,953 - root - INFO - Loaded (7297, 94, 1, 128) from f2ea10eadee84558b38d4dfe3709e7e5
2026-09-07 13:56:42,030 - root - INFO - Original tokens: torch.Size([7297, 94, 1, 128]). Sampled tokens: torch.Size([747, 94, 1, 128])
2026-09-07 13:56:42,987 - root - INFO - Loaded (4196, 94, 1, 128) from 5b2b6b6f00bd4fd98c4c7c52b00e95bd
2026-09-07 13:56:43,050 - root - INFO - Original tokens: torch.Size([4196, 94, 1, 128]). Sampled tokens: torch.Size([747, 94, 1, 128])
2026-09-07 13:56:46,887 - root - INFO - Loaded (19783, 94, 1, 128) from 206da347f69e4f8dbea26b62b7af08f2
2026-09-07 13:56:47,016 - root - INFO - Original tokens: torch.Size([19783, 94, 1, 128]). Sampled tokens: torch.Size([747, 94, 1, 128])
2026-09-07 13:56:47,717 - root - INFO - Loaded (1927, 94, 1, 128) from d1448a5ce2ec4db39a6bfb8daa22bec9
2026-09-07 13:56:47,771 - root - INFO - Original tokens: torch.Size([1927, 94, 1, 128]). Sampled tokens: torch.Size([747, 94, 1, 128])
2026-09-07 13:56:48,571 - root - INFO - Loaded (3198, 94, 1, 128) from 12c9352d88954154a6f951327191485b
2026-09-07 13:56:48,630 - root - INFO - Original tokens: torch.Size([3198, 94, 1, 128]). Sampled tokens: torch.Size([747, 94, 1, 128])
2026-09-07 13:56:50,906 - root - INFO - Loaded (11385, 94, 1, 128) from e306b6ca010c40479f7c9fc932d24470
2026-09-07 13:56:51,018 - root - INFO - Original tokens: torch.Size([11385, 94, 1, 128]). Sampled tokens: torch.Size([747, 94, 1, 128])
2026-09-07 13:56:52,322 - root - INFO - Loaded (6233, 94, 1, 128) from 41d742aa399f4012b5817c42bdb135a0
2026-09-07 13:56:52,392 - root - INFO - Original tokens: torch.Size([6233, 94, 1, 128]). Sampled tokens: torch.Size([747, 94, 1, 128])
2026-09-07 13:56:53,093 - root - INFO - Loaded (1878, 94, 1, 128) from 0550683dc6994bdf9d872746002fc601
2026-09-07 13:56:53,147 - root - INFO - Original tokens: torch.Size([1878, 94, 1, 128]). Sampled tokens: torch.Size([747, 94, 1, 128])
2026-09-07 13:56:53,909 - root - INFO - Loaded (2308, 94, 1, 128) from 12841b52fb714c2aa6d953bb07e55963
2026-09-07 13:56:53,970 - root - INFO - Original tokens: torch.Size([2308, 94, 1, 128]). Sampled tokens: torch.Size([747, 94, 1, 128])
2026-09-07 13:56:54,755 - root - INFO - Loaded (2691, 94, 1, 128) from e0941380389a4ff8b94571b0fb6dadac
2026-09-07 13:56:54,813 - root - INFO - Original tokens: torch.Size([2691, 94, 1, 128]). Sampled tokens: torch.Size([747, 94, 1, 128])
2026-09-07 13:56:55,498 - root - INFO - Loaded (2049, 94, 1, 128) from f03c66c7763948f0be532e5ffc1e7523
2026-09-07 13:56:55,544 - root - INFO - Original tokens: torch.Size([2049, 94, 1, 128]). Sampled tokens: torch.Size([747, 94, 1, 128])
2026-09-07 13:56:56,301 - root - INFO - Loaded (1855, 94, 1, 128) from 46595915f9ba4623a85abdcae96d9f37
2026-09-07 13:56:56,360 - root - INFO - Original tokens: torch.Size([1855, 94, 1, 128]). Sampled tokens: torch.Size([747, 94, 1, 128])
2026-09-07 13:56:57,155 - root - INFO - Loaded (1107, 94, 1, 128) from ba99d5dc576b4734adca64a26fb1a335
2026-09-07 13:56:57,228 - root - INFO - Original tokens: torch.Size([1107, 94, 1, 128]). Sampled tokens: torch.Size([747, 94, 1, 128])
2026-09-07 13:56:59,088 - root - INFO - Loaded (7011, 94, 1, 128) from e397a745e52c4df9b02155fc3d2dcf95
2026-09-07 13:56:59,188 - root - INFO - Original tokens: torch.Size([7011, 94, 1, 128]). Sampled tokens: torch.Size([747, 94, 1, 128])
2026-09-07 13:57:00,262 - root - INFO - Loaded (3643, 94, 1, 128) from 1189ef8800354c868eb05623accac675
2026-09-07 13:57:00,341 - root - INFO - Original tokens: torch.Size([3643, 94, 1, 128]). Sampled tokens: torch.Size([747, 94, 1, 128])
2026-09-07 13:57:01,445 - root - INFO - Loaded (3282, 94, 1, 128) from 11f10ad7e3e644b0bb37591a47656aab
2026-09-07 13:57:01,528 - root - INFO - Original tokens: torch.Size([3282, 94, 1, 128]). Sampled tokens: torch.Size([747, 94, 1, 128])
2026-09-07 13:57:02,492 - root - INFO - Loaded (1609, 94, 1, 128) from eb21d424f20440cc8c248715df4e1dac
2026-09-07 13:57:02,570 - root - INFO - Original tokens: torch.Size([1609, 94, 1, 128]). Sampled tokens: torch.Size([747, 94, 1, 128])
2026-09-07 13:57:04,051 - root - INFO - Loaded (4905, 94, 1, 128) from 641f5d4a1d8c495fac3419fc4f31ba99
2026-09-07 13:57:04,137 - root - INFO - Original tokens: torch.Size([4905, 94, 1, 128]). Sampled tokens: torch.Size([747, 94, 1, 128])
2026-09-07 13:57:05,179 - root - INFO - Loaded (2113, 94, 1, 128) from 2aa2a018f51d46aeb2cb1e8426f47ca3
2026-09-07 13:57:05,242 - root - INFO - Original tokens: torch.Size([2113, 94, 1, 128]). Sampled tokens: torch.Size([747, 94, 1, 128])
2026-09-07 13:57:06,163 - root - INFO - Loaded (3296, 94, 1, 128) from 3deb132a91484d279c1358bbafaa48ca
2026-09-07 13:57:06,222 - root - INFO - Original tokens: torch.Size([3296, 94, 1, 128]). Sampled tokens: torch.Size([747, 94, 1, 128])
2026-09-07 13:57:06,937 - root - INFO - Loaded (1216, 94, 1, 128) from b232e0f6a3ad4061ada636ad0ad42efb
2026-09-07 13:57:06,998 - root - INFO - Original tokens: torch.Size([1216, 94, 1, 128]). Sampled tokens: torch.Size([747, 94, 1, 128])
2026-09-07 13:57:07,907 - root - INFO - Loaded (3523, 94, 1, 128) from 68450669e9cb43ea8bdef4df13432898
2026-09-07 13:57:07,968 - root - INFO - Original tokens: torch.Size([3523, 94, 1, 128]). Sampled tokens: torch.Size([747, 94, 1, 128])
2026-09-07 13:57:09,367 - root - INFO - Loaded (5301, 94, 1, 128) from 5e789d940394447aa1eafd133ce72704
2026-09-07 13:57:09,461 - root - INFO - Original tokens: torch.Size([5301, 94, 1, 128]). Sampled tokens: torch.Size([747, 94, 1, 128])
2026-09-07 13:57:10,478 - root - INFO - Loaded (2919, 94, 1, 128) from 2731f563f9c142419dd2ce5436c97f86
2026-09-07 13:57:10,565 - root - INFO - Original tokens: torch.Size([2919, 94, 1, 128]). Sampled tokens: torch.Size([747, 94, 1, 128])
2026-09-07 13:57:11,620 - root - INFO - Loaded (3235, 94, 1, 128) from bfd1d9abd8634ef08d15a06b3a0d5a67
2026-09-07 13:57:11,683 - root - INFO - Original tokens: torch.Size([3235, 94, 1, 128]). Sampled tokens: torch.Size([747, 94, 1, 128])
2026-09-07 13:57:12,701 - root - INFO - Loaded (3639, 94, 1, 128) from 777881bf1c92416c8a677cd7a2224e46
2026-09-07 13:57:12,776 - root - INFO - Original tokens: torch.Size([3639, 94, 1, 128]). Sampled tokens: torch.Size([747, 94, 1, 128])
2026-09-07 13:57:14,407 - root - INFO - Loaded (7507, 94, 1, 128) from 39eaafa6d75045aa836304a19f37e14b
2026-09-07 13:57:14,503 - root - INFO - Original tokens: torch.Size([7507, 94, 1, 128]). Sampled tokens: torch.Size([747, 94, 1, 128])
2026-09-07 13:57:15,531 - root - INFO - Loaded (3168, 94, 1, 128) from 3930015c8add4cb9b9c90ee4ed2aff2a
2026-09-07 13:57:15,600 - root - INFO - Original tokens: torch.Size([3168, 94, 1, 128]). Sampled tokens: torch.Size([747, 94, 1, 128])
2026-09-07 13:57:16,448 - root - INFO - Loaded (1301, 94, 1, 128) from 3291c87987fc4aa2be36b8fbeb3e866b
2026-09-07 13:57:16,526 - root - INFO - Original tokens: torch.Size([1301, 94, 1, 128]). Sampled tokens: torch.Size([747, 94, 1, 128])
2026-09-07 13:57:18,133 - root - INFO - Loaded (6333, 94, 1, 128) from b58577db836442ab989205a845787d6d
2026-09-07 13:57:18,226 - root - INFO - Original tokens: torch.Size([6333, 94, 1, 128]). Sampled tokens: torch.Size([747, 94, 1, 128])
2026-09-07 13:57:19,752 - root - INFO - Loaded (5206, 94, 1, 128) from d01022c5e1ea463685a39ed22cdf5d69
2026-09-07 13:57:19,865 - root - INFO - Original tokens: torch.Size([5206, 94, 1, 128]). Sampled tokens: torch.Size([747, 94, 1, 128])
2026-09-07 13:57:20,801 - root - INFO - Loaded (2880, 94, 1, 128) from 5b70c2977cad45e094db0779a8931768
2026-09-07 13:57:20,860 - root - INFO - Original tokens: torch.Size([2880, 94, 1, 128]). Sampled tokens: torch.Size([747, 94, 1, 128])
2026-09-07 13:57:21,737 - root - INFO - Loaded (3024, 94, 1, 128) from cfc63afd68a844aea88ddd6160382a53
2026-09-07 13:57:21,809 - root - INFO - Original tokens: torch.Size([3024, 94, 1, 128]). Sampled tokens: torch.Size([747, 94, 1, 128])
2026-09-07 13:57:23,376 - root - INFO - Loaded (6380, 94, 1, 128) from f35af2fbfaf44b46bd8c47c87c98f1ea
2026-09-07 13:57:23,462 - root - INFO - Original tokens: torch.Size([6380, 94, 1, 128]). Sampled tokens: torch.Size([747, 94, 1, 128])
2026-09-07 13:57:24,237 - root - INFO - Loaded (1189, 94, 1, 128) from defab1699ac74bc1b00670038f1bbc4a
2026-09-07 13:57:24,306 - root - INFO - Original tokens: torch.Size([1189, 94, 1, 128]). Sampled tokens: torch.Size([747, 94, 1, 128])
2026-09-07 13:57:25,622 - root - INFO - Loaded (4325, 94, 1, 128) from 01e5c35c1e5e4be08bb889d88f91e802
2026-09-07 13:57:25,706 - root - INFO - Original tokens: torch.Size([4325, 94, 1, 128]). Sampled tokens: torch.Size([747, 94, 1, 128])
2026-09-07 13:57:26,588 - root - INFO - Loaded (1927, 94, 1, 128) from 06bff61e08a0449d87b32669eb1102c0
2026-09-07 13:57:26,647 - root - INFO - Original tokens: torch.Size([1927, 94, 1, 128]). Sampled tokens: torch.Size([747, 94, 1, 128])
2026-09-07 13:57:27,455 - root - INFO - Loaded (1715, 94, 1, 128) from 4c2f53ba929f4ef4911e8f83c48292c4
2026-09-07 13:57:27,518 - root - INFO - Original tokens: torch.Size([1715, 94, 1, 128]). Sampled tokens: torch.Size([747, 94, 1, 128])
2026-09-07 13:57:28,413 - root - INFO - Loaded (2255, 94, 1, 128) from fd90af6ffe9f4162bcee82c2a308d9ad
2026-09-07 13:57:28,467 - root - INFO - Original tokens: torch.Size([2255, 94, 1, 128]). Sampled tokens: torch.Size([747, 94, 1, 128])
2026-09-07 13:57:29,356 - root - INFO - Loaded (2716, 94, 1, 128) from 3b2727785e934cbb91f107fbee4ce9c2
2026-09-07 13:57:29,427 - root - INFO - Original tokens: torch.Size([2716, 94, 1, 128]). Sampled tokens: torch.Size([747, 94, 1, 128])
2026-09-07 13:57:30,180 - root - INFO - Loaded (1127, 94, 1, 128) from b3cf463da5af4871bc4bf7f98b824dbc
2026-09-07 13:57:30,249 - root - INFO - Original tokens: torch.Size([1127, 94, 1, 128]). Sampled tokens: torch.Size([747, 94, 1, 128])
2026-09-07 13:57:31,461 - root - INFO - Loaded (4277, 94, 1, 128) from 284a1360ea9448e99428abee57c1dadb
2026-09-07 13:57:31,535 - root - INFO - Original tokens: torch.Size([4277, 94, 1, 128]). Sampled tokens: torch.Size([747, 94, 1, 128])
2026-09-07 13:57:33,113 - root - INFO - Loaded (6963, 94, 1, 128) from ce0869e6a1ee46b4a15d6742b954135f
2026-09-07 13:57:33,215 - root - INFO - Original tokens: torch.Size([6963, 94, 1, 128]). Sampled tokens: torch.Size([747, 94, 1, 128])
2026-09-07 13:57:34,267 - root - INFO - Loaded (3224, 94, 1, 128) from fa52ee216ad149b88f3448a71d5c80b4
2026-09-07 13:57:34,350 - root - INFO - Original tokens: torch.Size([3224, 94, 1, 128]). Sampled tokens: torch.Size([747, 94, 1, 128])
2026-09-07 13:57:36,267 - root - INFO - Loaded (7034, 94, 1, 128) from 804a3a2a498e4336813006449f44dec5
2026-09-07 13:57:36,370 - root - INFO - Original tokens: torch.Size([7034, 94, 1, 128]). Sampled tokens: torch.Size([747, 94, 1, 128])
2026-09-07 13:57:37,437 - root - INFO - SVD input tensor shape (n=200108)x(p=12032). Dtype torch.float32
2026-09-07 13:57:37,512 - root - INFO - Calculate lowrank SVD for q=10000 iter=2
2026-09-07 14:03:54,117 - root - INFO - DONE SVD for data at
2026-09-07 14:03:54,118 - root - INFO - tp_13_pp_0/KV.K: mu=torch.Size([12032]) U=torch.Size([200108, 10000]) S=torch.Size([10000]) V=torch.Size([12032, 10000])
2026-09-07 14:03:55,286 - root - INFO - Saved SVD artifact for worker=tp_13_pp_0 kv=K at /root/.cache/KVTC/calibrations/Qwen3-235B-A22B-7d34567f/tp-16-pp-1/config-e4bf2892e3ff71a0/v1-noquant/kvtc.pt.tmp.svd-artifacts/kvtc-v1-noquant_N-200000_policy-relaxed_q-10000_niter-2_47be5bd14dfc2df390d52b125ddf4de9a8e24ff8fac703c8ce7dc2f3d2a38d5a/selection-bb6b2a452c81d257aa23b88b7de6515a2e083e8491dbca22f15e188670cbd4a2/tp_13_pp_0-K.pt
2026-09-07 14:03:55,286 - root - INFO - START SVD for data at [PosixPath('/root/.cache/KVTC/calibrations/Qwen3-235B-A22B-7d34567f/tp-16-pp-1/config-e4bf2892e3ff71a0/dump/fineweb'), PosixPath('/root/.cache/KVTC/calibrations/Qwen3-235B-A22B-7d34567f/tp-16-pp-1/config-e4bf2892e3ff71a0/dump/openmath')]/KV.V* q=10000 iter=2
2026-09-07 14:03:55,286 - root - INFO - Load tensors and sample
2026-09-07 14:03:56,048 - root - INFO - Loaded (2949, 94, 1, 128) from 2d6e6c9d7fee4d2dad0eb8cac5c3090b
2026-09-07 14:03:56,057 - root - INFO - Original tokens: torch.Size([2949, 94, 1, 128]). Sampled tokens: torch.Size([730, 94, 1, 128])
2026-09-07 14:03:56,809 - root - INFO - Loaded (3172, 94, 1, 128) from a16d65ea80904b1e96718c2c00e210a6
2026-09-07 14:03:56,820 - root - INFO - Original tokens: torch.Size([3172, 94, 1, 128]). Sampled tokens: torch.Size([730, 94, 1, 128])
2026-09-07 14:03:57,523 - root - INFO - Loaded (2300, 94, 1, 128) from 872b8db8585e4e398b6a6dd84920bc35
2026-09-07 14:03:57,533 - root - INFO - Original tokens: torch.Size([2300, 94, 1, 128]). Sampled tokens: torch.Size([730, 94, 1, 128])
2026-09-07 14:03:58,105 - root - INFO - Loaded (1130, 94, 1, 128) from 46e1fb49284646f5b711e119ffbb0b18
2026-09-07 14:03:58,115 - root - INFO - Original tokens: torch.Size([1130, 94, 1, 128]). Sampled tokens: torch.Size([730, 94, 1, 128])
2026-09-07 14:03:58,837 - root - INFO - Loaded (2831, 94, 1, 128) from bf2c445287b840d78c21d61b89323e8b
2026-09-07 14:03:58,847 - root - INFO - Original tokens: torch.Size([2831, 94, 1, 128]). Sampled tokens: torch.Size([730, 94, 1, 128])
2026-09-07 14:03:59,424 - root - INFO - Loaded (1168, 94, 1, 128) from 0204d8f812634da0a5893eda38e28daa
2026-09-07 14:03:59,432 - root - INFO - Original tokens: torch.Size([1168, 94, 1, 128]). Sampled tokens: torch.Size([730, 94, 1, 128])
2026-09-07 14:04:00,074 - root - INFO - Loaded (1485, 94, 1, 128) from 6889102ccb9c4f9a90bf2db9e7183b9d
2026-09-07 14:04:00,084 - root - INFO - Original tokens: torch.Size([1485, 94, 1, 128]). Sampled tokens: torch.Size([730, 94, 1, 128])
2026-09-07 14:04:00,790 - root - INFO - Loaded (2021, 94, 1, 128) from d8c8e7d563094c71a7b3121fa194326d
2026-09-07 14:04:00,801 - root - INFO - Original tokens: torch.Size([2021, 94, 1, 128]). Sampled tokens: torch.Size([730, 94, 1, 128])
2026-09-07 14:04:01,756 - root - INFO - Loaded (4567, 94, 1, 128) from 119bfdaf05ab47acb7c6849daac597b9
2026-09-07 14:04:01,765 - root - INFO - Original tokens: torch.Size([4567, 94, 1, 128]). Sampled tokens: torch.Size([730, 94, 1, 128])
2026-09-07 14:04:02,457 - root - INFO - Loaded (2319, 94, 1, 128) from fb4475051e6c49bc8f6c4642b2e8c81a
2026-09-07 14:04:02,467 - root - INFO - Original tokens: torch.Size([2319, 94, 1, 128]). Sampled tokens: torch.Size([730, 94, 1, 128])
2026-09-07 14:04:03,073 - root - INFO - Loaded (1037, 94, 1, 128) from 9100d1a8d8404885979453721d316efe
2026-09-07 14:04:03,083 - root - INFO - Original tokens: torch.Size([1037, 94, 1, 128]). Sampled tokens: torch.Size([730, 94, 1, 128])
2026-09-07 14:04:03,719 - root - INFO - Loaded (1532, 94, 1, 128) from ec67970e696041a0941e9819a3b83ec5
2026-09-07 14:04:03,730 - root - INFO - Original tokens: torch.Size([1532, 94, 1, 128]). Sampled tokens: torch.Size([730, 94, 1, 128])
2026-09-07 14:04:04,411 - root - INFO - Loaded (1618, 94, 1, 128) from 4ac62cfbcc4b4463852a1b0caf43f2c9
2026-09-07 14:04:04,421 - root - INFO - Original tokens: torch.Size([1618, 94, 1, 128]). Sampled tokens: torch.Size([730, 94, 1, 128])
2026-09-07 14:04:05,063 - root - INFO - Loaded (1418, 94, 1, 128) from 51f5508fce3849dda8630fa093f4e012
2026-09-07 14:04:05,073 - root - INFO - Original tokens: torch.Size([1418, 94, 1, 128]). Sampled tokens: torch.Size([730, 94, 1, 128])
2026-09-07 14:04:05,723 - root - INFO - Loaded (1681, 94, 1, 128) from d5337f72fa80412ba863f9e5c5559d25
2026-09-07 14:04:05,733 - root - INFO - Original tokens: torch.Size([1681, 94, 1, 128]). Sampled tokens: torch.Size([730, 94, 1, 128])
2026-09-07 14:04:06,364 - root - INFO - Loaded (1330, 94, 1, 128) from 4a9a02c624f24c86aa024887f0b73cc5
2026-09-07 14:04:06,374 - root - INFO - Original tokens: torch.Size([1330, 94, 1, 128]). Sampled tokens: torch.Size([730, 94, 1, 128])
2026-09-07 14:04:07,195 - root - INFO - Loaded (3776, 94, 1, 128) from f418ec52b20d45ea8b20f15bde46978c
2026-09-07 14:04:07,206 - root - INFO - Original tokens: torch.Size([3776, 94, 1, 128]). Sampled tokens: torch.Size([730, 94, 1, 128])
2026-09-07 14:04:07,857 - root - INFO - Loaded (1329, 94, 1, 128) from 98e0649fccc941ac95dcc781e73d960d
2026-09-07 14:04:07,870 - root - INFO - Original tokens: torch.Size([1329, 94, 1, 128]). Sampled tokens: torch.Size([730, 94, 1, 128])
2026-09-07 14:04:08,739 - root - INFO - Loaded (3543, 94, 1, 128) from 781fc55da0dd47b89a98465b6a42fd4b
2026-09-07 14:04:08,748 - root - INFO - Original tokens: torch.Size([3543, 94, 1, 128]). Sampled tokens: torch.Size([730, 94, 1, 128])
2026-09-07 14:04:09,504 - root - INFO - Loaded (1915, 94, 1, 128) from a94982751d02421e808f08cf2d87d65d
2026-09-07 14:04:09,513 - root - INFO - Original tokens: torch.Size([1915, 94, 1, 128]). Sampled tokens: torch.Size([730, 94, 1, 128])
2026-09-07 14:04:10,701 - root - INFO - Loaded (4880, 94, 1, 128) from 9255e7f1c509487098bf2928bbe0fbb3
2026-09-07 14:04:10,710 - root - INFO - Original tokens: torch.Size([4880, 94, 1, 128]). Sampled tokens: torch.Size([730, 94, 1, 128])
2026-09-07 14:04:11,430 - root - INFO - Loaded (1336, 94, 1, 128) from 8dfa5e5abb0348f9b2de011e342097a2
2026-09-07 14:04:11,440 - root - INFO - Original tokens: torch.Size([1336, 94, 1, 128]). Sampled tokens: torch.Size([730, 94, 1, 128])
2026-09-07 14:04:12,274 - root - INFO - Loaded (2436, 94, 1, 128) from 7f044385892942b6839bd20c05ea6582
2026-09-07 14:04:12,288 - root - INFO - Original tokens: torch.Size([2436, 94, 1, 128]). Sampled tokens: torch.Size([730, 94, 1, 128])
2026-09-07 14:04:13,100 - root - INFO - Loaded (2068, 94, 1, 128) from cc1875751ad64c5097a8ede1d232f11e
2026-09-07 14:04:13,108 - root - INFO - Original tokens: torch.Size([2068, 94, 1, 128]). Sampled tokens: torch.Size([730, 94, 1, 128])
2026-09-07 14:04:13,864 - root - INFO - Loaded (1942, 94, 1, 128) from f6bd9c7b0f8f41d4b62a4aed50f77c29
2026-09-07 14:04:13,874 - root - INFO - Original tokens: torch.Size([1942, 94, 1, 128]). Sampled tokens: torch.Size([730, 94, 1, 128])
2026-09-07 14:04:14,756 - root - INFO - Loaded (2698, 94, 1, 128) from cdeb6438942e42e6ba51c2406f74d083
2026-09-07 14:04:14,766 - root - INFO - Original tokens: torch.Size([2698, 94, 1, 128]). Sampled tokens: torch.Size([730, 94, 1, 128])
2026-09-07 14:04:15,553 - root - INFO - Loaded (2152, 94, 1, 128) from 08e6ddcd7c2c46c58dfcd57996879c22
2026-09-07 14:04:15,562 - root - INFO - Original tokens: torch.Size([2152, 94, 1, 128]). Sampled tokens: torch.Size([730, 94, 1, 128])
2026-09-07 14:04:16,235 - root - INFO - Loaded (1392, 94, 1, 128) from 348e174acc804b2fbc5c396d1370f4e8
2026-09-07 14:04:16,247 - root - INFO - Original tokens: torch.Size([1392, 94, 1, 128]). Sampled tokens: torch.Size([730, 94, 1, 128])
2026-09-07 14:04:16,943 - root - INFO - Loaded (1385, 94, 1, 128) from 18625e8fd76042e48b67fd209bd1f23d
2026-09-07 14:04:16,953 - root - INFO - Original tokens: torch.Size([1385, 94, 1, 128]). Sampled tokens: torch.Size([730, 94, 1, 128])
2026-09-07 14:04:17,745 - root - INFO - Loaded (2238, 94, 1, 128) from 0112e6cec4a94743929c6d7dc8e81a5a
2026-09-07 14:04:17,755 - root - INFO - Original tokens: torch.Size([2238, 94, 1, 128]). Sampled tokens: torch.Size([730, 94, 1, 128])
2026-09-07 14:04:18,725 - root - INFO - Loaded (2642, 94, 1, 128) from 70b4c498458b438bbabd32e705e29e81
2026-09-07 14:04:18,738 - root - INFO - Original tokens: torch.Size([2642, 94, 1, 128]). Sampled tokens: torch.Size([730, 94, 1, 128])
2026-09-07 14:04:19,393 - root - INFO - Loaded (1390, 94, 1, 128) from 1f9157dd6999405597a1e5e054167dd3
2026-09-07 14:04:19,406 - root - INFO - Original tokens: torch.Size([1390, 94, 1, 128]). Sampled tokens: torch.Size([730, 94, 1, 128])
2026-09-07 14:04:20,140 - root - INFO - Loaded (1974, 94, 1, 128) from e7d7c3adf750434f9f3949486f1d95ae
2026-09-07 14:04:20,154 - root - INFO - Original tokens: torch.Size([1974, 94, 1, 128]). Sampled tokens: torch.Size([730, 94, 1, 128])
2026-09-07 14:04:20,873 - root - INFO - Loaded (1808, 94, 1, 128) from bfe2ae00a26445bbb51d36443169f79d
2026-09-07 14:04:20,885 - root - INFO - Original tokens: torch.Size([1808, 94, 1, 128]). Sampled tokens: torch.Size([730, 94, 1, 128])
2026-09-07 14:04:21,608 - root - INFO - Loaded (2149, 94, 1, 128) from 959996749b0043b1aa2497642c57b12c
2026-09-07 14:04:21,621 - root - INFO - Original tokens: torch.Size([2149, 94, 1, 128]). Sampled tokens: torch.Size([730, 94, 1, 128])
2026-09-07 14:04:22,488 - root - INFO - Loaded (4003, 94, 1, 128) from ab1ccef4ee084a978d242fc0def5c922
2026-09-07 14:04:22,502 - root - INFO - Original tokens: torch.Size([4003, 94, 1, 128]). Sampled tokens: torch.Size([730, 94, 1, 128])
2026-09-07 14:04:23,221 - root - INFO - Loaded (1739, 94, 1, 128) from 5ac46a3790e04cc3b5ef9bb66870cf15
2026-09-07 14:04:23,234 - root - INFO - Original tokens: torch.Size([1739, 94, 1, 128]). Sampled tokens: torch.Size([730, 94, 1, 128])
2026-09-07 14:04:24,186 - root - INFO - Loaded (2179, 94, 1, 128) from 95d5b21b863548a4937a9ef45408f550
2026-09-07 14:04:24,203 - root - INFO - Original tokens: torch.Size([2179, 94, 1, 128]). Sampled tokens: torch.Size([730, 94, 1, 128])
2026-09-07 14:04:25,019 - root - INFO - Loaded (2576, 94, 1, 128) from e22adb59c0fd4b08a638265a012db106
2026-09-07 14:04:25,033 - root - INFO - Original tokens: torch.Size([2576, 94, 1, 128]). Sampled tokens: torch.Size([730, 94, 1, 128])
2026-09-07 14:04:25,721 - root - INFO - Loaded (1301, 94, 1, 128) from 773f008d4b344d9cb393ae43ad0e550f
2026-09-07 14:04:25,733 - root - INFO - Original tokens: torch.Size([1301, 94, 1, 128]). Sampled tokens: torch.Size([730, 94, 1, 128])
2026-09-07 14:04:26,754 - root - INFO - Loaded (4571, 94, 1, 128) from 578d95973340420090533380f88eafbd
2026-09-07 14:04:26,766 - root - INFO - Original tokens: torch.Size([4571, 94, 1, 128]). Sampled tokens: torch.Size([730, 94, 1, 128])
2026-09-07 14:04:27,404 - root - INFO - Loaded (1137, 94, 1, 128) from 9cc2b84cd4e840cc9ddfdfcaca0e44cc
2026-09-07 14:04:27,415 - root - INFO - Original tokens: torch.Size([1137, 94, 1, 128]). Sampled tokens: torch.Size([730, 94, 1, 128])
2026-09-07 14:04:28,038 - root - INFO - Loaded (1346, 94, 1, 128) from 0c76ac4183ec46e290c18b806de9f69f
2026-09-07 14:04:28,049 - root - INFO - Original tokens: torch.Size([1346, 94, 1, 128]). Sampled tokens: torch.Size([730, 94, 1, 128])
2026-09-07 14:04:28,784 - root - INFO - Loaded (2671, 94, 1, 128) from 4b84851d93824fbcbe37208f36eddbbb
2026-09-07 14:04:28,794 - root - INFO - Original tokens: torch.Size([2671, 94, 1, 128]). Sampled tokens: torch.Size([730, 94, 1, 128])
2026-09-07 14:04:29,134 - root - INFO - DONE SVD for data at
2026-09-07 14:04:29,134 - root - INFO - tp_12_pp_0/KV.V: mu=torch.Size([12032]) U=torch.Size([200108, 10000]) S=torch.Size([10000]) V=torch.Size([12032, 10000])
2026-09-07 14:04:30,054 - root - INFO - Saved SVD artifact for worker=tp_12_pp_0 kv=V at /root/.cache/KVTC/calibrations/Qwen3-235B-A22B-7d34567f/tp-16-pp-1/config-e4bf2892e3ff71a0/v1-noquant/kvtc.pt.tmp.svd-artifacts/kvtc-v1-noquant_N-200000_policy-relaxed_q-10000_niter-2_47be5bd14dfc2df390d52b125ddf4de9a8e24ff8fac703c8ce7dc2f3d2a38d5a/selection-bb6b2a452c81d257aa23b88b7de6515a2e083e8491dbca22f15e188670cbd4a2/tp_12_pp_0-V.pt
2026-09-07 14:04:30,054 - root - INFO - START SVD for data at [PosixPath('/root/.cache/KVTC/calibrations/Qwen3-235B-A22B-7d34567f/tp-16-pp-1/config-e4bf2892e3ff71a0/dump/fineweb'), PosixPath('/root/.cache/KVTC/calibrations/Qwen3-235B-A22B-7d34567f/tp-16-pp-1/config-e4bf2892e3ff71a0/dump/openmath')]/KV.K* q=10000 iter=2
2026-09-07 14:04:30,054 - root - INFO - Load tensors, undo rope and sample
2026-09-07 14:04:30,055 - root - INFO - Loaded (4623, 94, 1, 128) from 95d84c91ad4e477d9dc22cc77dec8127
2026-09-07 14:04:30,071 - root - INFO - Original tokens: torch.Size([4623, 94, 1, 128]). Sampled tokens: torch.Size([730, 94, 1, 128])
2026-09-07 14:04:30,690 - root - INFO - Loaded (1336, 94, 1, 128) from 8dfa5e5abb0348f9b2de011e342097a2
2026-09-07 14:04:30,723 - root - INFO - Loaded (1876, 94, 1, 128) from 2ce81010b5124d159691015d3af32319
2026-09-07 14:04:30,733 - root - INFO - Original tokens: torch.Size([1876, 94, 1, 128]). Sampled tokens: torch.Size([730, 94, 1, 128])
2026-09-07 14:04:30,740 - root - INFO - Original tokens: torch.Size([1336, 94, 1, 128]). Sampled tokens: torch.Size([730, 94, 1, 128])
2026-09-07 14:04:31,358 - root - INFO - Loaded (1346, 94, 1, 128) from 0348b79d0ae1499f8e8325bd4575209a
2026-09-07 14:04:31,368 - root - INFO - Original tokens: torch.Size([1346, 94, 1, 128]). Sampled tokens: torch.Size([730, 94, 1, 128])
2026-09-07 14:04:31,440 - root - INFO - Loaded (2123, 94, 1, 128) from 6afaec34a4a34c39ac568d7b7e93acc6
2026-09-07 14:04:31,506 - root - INFO - Original tokens: torch.Size([2123, 94, 1, 128]). Sampled tokens: torch.Size([730, 94, 1, 128])
2026-09-07 14:04:31,972 - root - INFO - Loaded (1206, 94, 1, 128) from ad161e6dfec8465d9837a4c8e3c9b53b
2026-09-07 14:04:31,982 - root - INFO - Original tokens: torch.Size([1206, 94, 1, 128]). Sampled tokens: torch.Size([730, 94, 1, 128])
2026-09-07 14:04:32,135 - root - INFO - Loaded (1027, 94, 1, 128) from ec21efb8eb844e16beebcff0467e4f99
2026-09-07 14:04:32,185 - root - INFO - Original tokens: torch.Size([1027, 94, 1, 128]). Sampled tokens: torch.Size([730, 94, 1, 128])
2026-09-07 14:04:32,633 - root - INFO - Loaded (2072, 94, 1, 128) from e31935d8d92749889cdb59e6dbaba559
2026-09-07 14:04:32,644 - root - INFO - Original tokens: torch.Size([2072, 94, 1, 128]). Sampled tokens: torch.Size([730, 94, 1, 128])
2026-09-07 14:04:32,851 - root - INFO - Loaded (1520, 94, 1, 128) from 5869f4575ef2449fba3299f82c5370d9
2026-09-07 14:04:32,902 - root - INFO - Original tokens: torch.Size([1520, 94, 1, 128]). Sampled tokens: torch.Size([730, 94, 1, 128])
2026-09-07 14:04:33,220 - root - INFO - Loaded (1100, 94, 1, 128) from 1ec5884670a84c9eb620ede8ce02182d
2026-09-07 14:04:33,230 - root - INFO - Original tokens: torch.Size([1100, 94, 1, 128]). Sampled tokens: torch.Size([730, 94, 1, 128])
2026-09-07 14:04:33,644 - root - INFO - Loaded (3046, 94, 1, 128) from bda6ca976a064c8cb10cbad2c5709604
2026-09-07 14:04:33,700 - root - INFO - Original tokens: torch.Size([3046, 94, 1, 128]). Sampled tokens: torch.Size([730, 94, 1, 128])
2026-09-07 14:04:33,812 - root - INFO - Loaded (1285, 94, 1, 128) from e376401fee964a2e9d2beab91210933f
2026-09-07 14:04:33,823 - root - INFO - Original tokens: torch.Size([1285, 94, 1, 128]). Sampled tokens: torch.Size([730, 94, 1, 128])
2026-09-07 14:04:34,309 - root - INFO - Loaded (1285, 94, 1, 128) from e376401fee964a2e9d2beab91210933f
2026-09-07 14:04:34,359 - root - INFO - Original tokens: torch.Size([1285, 94, 1, 128]). Sampled tokens: torch.Size([730, 94, 1, 128])
2026-09-07 14:04:34,490 - root - INFO - Loaded (2355, 94, 1, 128) from 12cfa828bde0487fa654227fd72d9e1d
2026-09-07 14:04:34,502 - root - INFO - Original tokens: torch.Size([2355, 94, 1, 128]). Sampled tokens: torch.Size([730, 94, 1, 128])
2026-09-07 14:04:35,086 - root - INFO - Loaded (1993, 94, 1, 128) from f57ac27b0e364574a95702cd68ba5c44
2026-09-07 14:04:35,139 - root - INFO - Original tokens: torch.Size([1993, 94, 1, 128]). Sampled tokens: torch.Size([730, 94, 1, 128])
2026-09-07 14:04:35,203 - root - INFO - Loaded (2031, 94, 1, 128) from f50aa7f70ea74ef785a6fcf2cf3639f4
2026-09-07 14:04:35,213 - root - INFO - Original tokens: torch.Size([2031, 94, 1, 128]). Sampled tokens: torch.Size([730, 94, 1, 128])
2026-09-07 14:04:35,875 - root - INFO - Loaded (2031, 94, 1, 128) from 17ec14b5a82b4d2aacfb0e771838bc47
2026-09-07 14:04:35,920 - root - INFO - Loaded (2183, 94, 1, 128) from f81eb00f5fea45cab78d1079f2822932
2026-09-07 14:04:35,941 - root - INFO - Original tokens: torch.Size([2031, 94, 1, 128]). Sampled tokens: torch.Size([730, 94, 1, 128])
2026-09-07 14:04:35,942 - root - INFO - Original tokens: torch.Size([2183, 94, 1, 128]). Sampled tokens: torch.Size([730, 94, 1, 128])
2026-09-07 14:04:36,640 - root - INFO - Loaded (1392, 94, 1, 128) from 348e174acc804b2fbc5c396d1370f4e8
2026-09-07 14:04:36,647 - root - INFO - Loaded (2051, 94, 1, 128) from ac5b43bae9bf464c90df7491fbddf0f3
2026-09-07 14:04:36,657 - root - INFO - Original tokens: torch.Size([2051, 94, 1, 128]). Sampled tokens: torch.Size([730, 94, 1, 128])
2026-09-07 14:04:36,693 - root - INFO - Original tokens: torch.Size([1392, 94, 1, 128]). Sampled tokens: torch.Size([730, 94, 1, 128])
2026-09-07 14:04:37,258 - root - INFO - Loaded (1159, 94, 1, 128) from 722893802e604992943d897094ac4934
2026-09-07 14:04:37,266 - root - INFO - Original tokens: torch.Size([1159, 94, 1, 128]). Sampled tokens: torch.Size([730, 94, 1, 128])
2026-09-07 14:04:37,430 - root - INFO - Loaded (2672, 94, 1, 128) from 2f223bc98be44e54af5670bd5770fed9
2026-09-07 14:04:37,481 - root - INFO - Original tokens: torch.Size([2672, 94, 1, 128]). Sampled tokens: torch.Size([730, 94, 1, 128])
2026-09-07 14:04:37,875 - root - INFO - Loaded (1075, 94, 1, 128) from 6b35618ca35d486b865a0f8e88654a6f
2026-09-07 14:04:37,885 - root - INFO - Original tokens: torch.Size([1075, 94, 1, 128]). Sampled tokens: torch.Size([730, 94, 1, 128])
2026-09-07 14:04:38,407 - root - INFO - Loaded (3948, 94, 1, 128) from b7d24de017fe43faa704ab128c949d91
2026-09-07 14:04:38,474 - root - INFO - Original tokens: torch.Size([3948, 94, 1, 128]). Sampled tokens: torch.Size([730, 94, 1, 128])
2026-09-07 14:04:38,587 - root - INFO - Loaded (1550, 94, 1, 128) from 1e2890e3b41a40c2b525ee76a9be30fd
2026-09-07 14:04:38,599 - root - INFO - Original tokens: torch.Size([1550, 94, 1, 128]). Sampled tokens: torch.Size([730, 94, 1, 128])
2026-09-07 14:04:39,252 - root - INFO - Loaded (2436, 94, 1, 128) from 7f044385892942b6839bd20c05ea6582
2026-09-07 14:04:39,304 - root - INFO - Original tokens: torch.Size([2436, 94, 1, 128]). Sampled tokens: torch.Size([730, 94, 1, 128])
2026-09-07 14:04:39,326 - root - INFO - Loaded (2223, 94, 1, 128) from 58b4972e7ccf4e659e39bcfc3bbab399
2026-09-07 14:04:39,338 - root - INFO - Original tokens: torch.Size([2223, 94, 1, 128]). Sampled tokens: torch.Size([730, 94, 1, 128])
2026-09-07 14:04:40,066 - root - INFO - Loaded (2262, 94, 1, 128) from 2624c40224ac468dbf7478345b92d0f4
2026-09-07 14:04:40,070 - root - INFO - Loaded (2574, 94, 1, 128) from 969aa6d05a724186aa2dc4d285cf86c9
2026-09-07 14:04:40,080 - root - INFO - Original tokens: torch.Size([2262, 94, 1, 128]). Sampled tokens: torch.Size([730, 94, 1, 128])
2026-09-07 14:04:40,127 - root - INFO - Original tokens: torch.Size([2574, 94, 1, 128]). Sampled tokens: torch.Size([730, 94, 1, 128])
2026-09-07 14:04:40,707 - root - INFO - Loaded (1389, 94, 1, 128) from 6189a2149aec449881d530c477214690
2026-09-07 14:04:40,717 - root - INFO - Original tokens: torch.Size([1389, 94, 1, 128]). Sampled tokens: torch.Size([730, 94, 1, 128])
2026-09-07 14:04:40,772 - root - INFO - Loaded (1270, 94, 1, 128) from 36813b9e7f804fc3b59697b7be5dd5d8
2026-09-07 14:04:40,823 - root - INFO - Original tokens: torch.Size([1270, 94, 1, 128]). Sampled tokens: torch.Size([730, 94, 1, 128])
2026-09-07 14:04:41,376 - root - INFO - Loaded (1843, 94, 1, 128) from 733c28a3fa58460aa15ebc2fd352c53a
2026-09-07 14:04:41,385 - root - INFO - Original tokens: torch.Size([1843, 94, 1, 128]). Sampled tokens: torch.Size([730, 94, 1, 128])
2026-09-07 14:04:41,537 - root - INFO - Loaded (1915, 94, 1, 128) from a94982751d02421e808f08cf2d87d65d
2026-09-07 14:04:41,586 - root - INFO - Original tokens: torch.Size([1915, 94, 1, 128]). Sampled tokens: torch.Size([730, 94, 1, 128])
2026-09-07 14:04:41,991 - root - INFO - Loaded (1450, 94, 1, 128) from 5d4b879ad98049daa51e8c11bf43ec42
2026-09-07 14:04:42,001 - root - INFO - Original tokens: torch.Size([1450, 94, 1, 128]). Sampled tokens: torch.Size([730, 94, 1, 128])
2026-09-07 14:04:42,186 - root - INFO - Loaded (1130, 94, 1, 128) from 46e1fb49284646f5b711e119ffbb0b18
2026-09-07 14:04:42,246 - root - INFO - Original tokens: torch.Size([1130, 94, 1, 128]). Sampled tokens: torch.Size([730, 94, 1, 128])
2026-09-07 14:04:42,619 - root - INFO - Loaded (1443, 94, 1, 128) from 6b845ca9ef6e4f73a7a348e163081fd2
2026-09-07 14:04:42,630 - root - INFO - Original tokens: torch.Size([1443, 94, 1, 128]). Sampled tokens: torch.Size([730, 94, 1, 128])
2026-09-07 14:04:42,918 - root - INFO - Loaded (1681, 94, 1, 128) from d5337f72fa80412ba863f9e5c5559d25
2026-09-07 14:04:42,980 - root - INFO - Original tokens: torch.Size([1681, 94, 1, 128]). Sampled tokens: torch.Size([730, 94, 1, 128])
2026-09-07 14:04:43,365 - root - INFO - Loaded (2756, 94, 1, 128) from c988840ad5b248439ea50388df69489c
2026-09-07 14:04:43,377 - root - INFO - Original tokens: torch.Size([2756, 94, 1, 128]). Sampled tokens: torch.Size([730, 94, 1, 128])
2026-09-07 14:04:43,677 - root - INFO - Loaded (2152, 94, 1, 128) from 08e6ddcd7c2c46c58dfcd57996879c22
2026-09-07 14:04:43,725 - root - INFO - Original tokens: torch.Size([2152, 94, 1, 128]). Sampled tokens: torch.Size([730, 94, 1, 128])
2026-09-07 14:04:44,106 - root - INFO - Loaded (2853, 94, 1, 128) from b2a35c63def24a2199f2dfcbd901387a
2026-09-07 14:04:44,116 - root - INFO - Original tokens: torch.Size([2853, 94, 1, 128]). Sampled tokens: torch.Size([730, 94, 1, 128])
2026-09-07 14:04:44,380 - root - INFO - Loaded (1346, 94, 1, 128) from 0348b79d0ae1499f8e8325bd4575209a
2026-09-07 14:04:44,428 - root - INFO - Original tokens: torch.Size([1346, 94, 1, 128]). Sampled tokens: torch.Size([730, 94, 1, 128])
2026-09-07 14:04:44,821 - root - INFO - Loaded (2439, 94, 1, 128) from 9921d3d871144b4abb9df9ae95b35638
2026-09-07 14:04:44,830 - root - INFO - Original tokens: torch.Size([2439, 94, 1, 128]). Sampled tokens: torch.Size([730, 94, 1, 128])
2026-09-07 14:04:45,248 - root - INFO - Loaded (4045, 94, 1, 128) from 0c60800890ec489f9910e48b5e51f19d
2026-09-07 14:04:45,302 - root - INFO - Original tokens: torch.Size([4045, 94, 1, 128]). Sampled tokens: torch.Size([730, 94, 1, 128])
2026-09-07 14:04:45,572 - root - INFO - Loaded (2894, 94, 1, 128) from a4864fca4946455f90b1e608952173f1
2026-09-07 14:04:45,583 - root - INFO - Original tokens: torch.Size([2894, 94, 1, 128]). Sampled tokens: torch.Size([730, 94, 1, 128])
2026-09-07 14:04:45,901 - root - INFO - Loaded (1125, 94, 1, 128) from ab92e0b6b48f4edb9bc0603c16818f35
2026-09-07 14:04:45,957 - root - INFO - Original tokens: torch.Size([1125, 94, 1, 128]). Sampled tokens: torch.Size([730, 94, 1, 128])
2026-09-07 14:04:46,281 - root - INFO - Loaded (1993, 94, 1, 128) from f57ac27b0e364574a95702cd68ba5c44
2026-09-07 14:04:46,293 - root - INFO - Original tokens: torch.Size([1993, 94, 1, 128]). Sampled tokens: torch.Size([730, 94, 1, 128])
2026-09-07 14:04:46,640 - root - INFO - Loaded (1942, 94, 1, 128) from f6bd9c7b0f8f41d4b62a4aed50f77c29
2026-09-07 14:04:46,702 - root - INFO - Original tokens: torch.Size([1942, 94, 1, 128]). Sampled tokens: torch.Size([730, 94, 1, 128])
2026-09-07 14:04:46,947 - root - INFO - Loaded (1868, 94, 1, 128) from a7c2915f1503449bba17bce3001de504
2026-09-07 14:04:46,958 - root - INFO - Original tokens: torch.Size([1868, 94, 1, 128]). Sampled tokens: torch.Size([730, 94, 1, 128])
2026-09-07 14:04:47,381 - root - INFO - Loaded (1618, 94, 1, 128) from 4ac62cfbcc4b4463852a1b0caf43f2c9
2026-09-07 14:04:47,449 - root - INFO - Original tokens: torch.Size([1618, 94, 1, 128]). Sampled tokens: torch.Size([730, 94, 1, 128])
2026-09-07 14:04:47,577 - root - INFO - Loaded (1435, 94, 1, 128) from d8d4cd1ac05a4b2bb6a01b86f6d6989b
2026-09-07 14:04:47,587 - root - INFO - Original tokens: torch.Size([1435, 94, 1, 128]). Sampled tokens: torch.Size([730, 94, 1, 128])
2026-09-07 14:04:48,045 - root - INFO - Loaded (1170, 94, 1, 128) from b4d611e719f24f2487daaa615dbc68e7
2026-09-07 14:04:48,093 - root - INFO - Original tokens: torch.Size([1170, 94, 1, 128]). Sampled tokens: torch.Size([730, 94, 1, 128])
2026-09-07 14:04:48,295 - root - INFO - Loaded (2533, 94, 1, 128) from cab54893964741498de64245c77895e3
2026-09-07 14:04:48,305 - root - INFO - Original tokens: torch.Size([2533, 94, 1, 128]). Sampled tokens: torch.Size([730, 94, 1, 128])
2026-09-07 14:04:48,846 - root - INFO - Loaded (3170, 94, 1, 128) from c0d4c301323f43e8b7a09743e3374bf0
2026-09-07 14:04:48,901 - root - INFO - Original tokens: torch.Size([3170, 94, 1, 128]). Sampled tokens: torch.Size([730, 94, 1, 128])
2026-09-07 14:04:49,547 - root - INFO - Loaded (6229, 94, 1, 128) from 9fe872b186684cebb2f507d9b2d05a8e
2026-09-07 14:04:49,557 - root - INFO - Original tokens: torch.Size([6229, 94, 1, 128]). Sampled tokens: torch.Size([730, 94, 1, 128])
2026-09-07 14:04:49,629 - root - INFO - Loaded (2831, 94, 1, 128) from bf2c445287b840d78c21d61b89323e8b
2026-09-07 14:04:49,679 - root - INFO - Original tokens: torch.Size([2831, 94, 1, 128]). Sampled tokens: torch.Size([730, 94, 1, 128])
2026-09-07 14:04:50,281 - root - INFO - Loaded (2761, 94, 1, 128) from 416748fb105f467cb63e5916f6ff8c5b
2026-09-07 14:04:50,290 - root - INFO - Original tokens: torch.Size([2761, 94, 1, 128]). Sampled tokens: torch.Size([730, 94, 1, 128])
2026-09-07 14:04:50,315 - root - INFO - Loaded (1550, 94, 1, 128) from 1e2890e3b41a40c2b525ee76a9be30fd
2026-09-07 14:04:50,363 - root - INFO - Original tokens: torch.Size([1550, 94, 1, 128]). Sampled tokens: torch.Size([730, 94, 1, 128])
2026-09-07 14:04:50,861 - root - INFO - Loaded (1132, 94, 1, 128) from 1ec0cf8c03334d998f1d83da28f13494
2026-09-07 14:04:50,872 - root - INFO - Original tokens: torch.Size([1132, 94, 1, 128]). Sampled tokens: torch.Size([730, 94, 1, 128])
2026-09-07 14:04:50,963 - root - INFO - Loaded (1100, 94, 1, 128) from 1ec5884670a84c9eb620ede8ce02182d
2026-09-07 14:04:51,014 - root - INFO - Original tokens: torch.Size([1100, 94, 1, 128]). Sampled tokens: torch.Size([730, 94, 1, 128])
2026-09-07 14:04:51,683 - root - INFO - Loaded (4045, 94, 1, 128) from 0c60800890ec489f9910e48b5e51f19d
2026-09-07 14:04:51,695 - root - INFO - Original tokens: torch.Size([4045, 94, 1, 128]). Sampled tokens: torch.Size([730, 94, 1, 128])
2026-09-07 14:04:51,992 - root - INFO - Loaded (4571, 94, 1, 128) from 578d95973340420090533380f88eafbd
2026-09-07 14:04:52,059 - root - INFO - Original tokens: torch.Size([4571, 94, 1, 128]). Sampled tokens: torch.Size([730, 94, 1, 128])
2026-09-07 14:04:52,411 - root - INFO - Loaded (2574, 94, 1, 128) from 969aa6d05a724186aa2dc4d285cf86c9
2026-09-07 14:04:52,421 - root - INFO - Original tokens: torch.Size([2574, 94, 1, 128]). Sampled tokens: torch.Size([730, 94, 1, 128])
2026-09-07 14:04:52,769 - root - INFO - Loaded (1956, 94, 1, 128) from 90aa5dee330e4aeebe210df6ae589813
2026-09-07 14:04:52,822 - root - INFO - Original tokens: torch.Size([1956, 94, 1, 128]). Sampled tokens: torch.Size([730, 94, 1, 128])
2026-09-07 14:04:53,424 - root - INFO - Loaded (4515, 94, 1, 128) from caf1675569f44e3dabd96082e4304c13
2026-09-07 14:04:53,434 - root - INFO - Original tokens: torch.Size([4515, 94, 1, 128]). Sampled tokens: torch.Size([730, 94, 1, 128])
2026-09-07 14:04:53,587 - root - INFO - Loaded (3062, 94, 1, 128) from ff281c89f8664de78bf68eff97a817d8
2026-09-07 14:04:53,641 - root - INFO - Original tokens: torch.Size([3062, 94, 1, 128]). Sampled tokens: torch.Size([730, 94, 1, 128])
2026-09-07 14:04:54,144 - root - INFO - Loaded (2010, 94, 1, 128) from 9b412dcb0f854454acd0bea9e2c9b621
2026-09-07 14:04:54,154 - root - INFO - Original tokens: torch.Size([2010, 94, 1, 128]). Sampled tokens: torch.Size([730, 94, 1, 128])
2026-09-07 14:04:54,397 - root - INFO - Loaded (2626, 94, 1, 128) from 498d4495264640d5aa7efb1188fdd8d3
2026-09-07 14:04:54,450 - root - INFO - Original tokens: torch.Size([2626, 94, 1, 128]). Sampled tokens: torch.Size([730, 94, 1, 128])
2026-09-07 14:04:54,796 - root - INFO - Loaded (1648, 94, 1, 128) from 72ed68f42309416d94f44c1febd13a43
2026-09-07 14:04:54,806 - root - INFO - Original tokens: torch.Size([1648, 94, 1, 128]). Sampled tokens: torch.Size([730, 94, 1, 128])
2026-09-07 14:04:55,172 - root - INFO - Loaded (2051, 94, 1, 128) from ac5b43bae9bf464c90df7491fbddf0f3
2026-09-07 14:04:55,224 - root - INFO - Original tokens: torch.Size([2051, 94, 1, 128]). Sampled tokens: torch.Size([730, 94, 1, 128])
2026-09-07 14:04:55,589 - root - INFO - Loaded (2803, 94, 1, 128) from 13767c4718d548e8ae8738678ec5701e
2026-09-07 14:04:55,600 - root - INFO - Original tokens: torch.Size([2803, 94, 1, 128]). Sampled tokens: torch.Size([730, 94, 1, 128])
2026-09-07 14:04:55,936 - root - INFO - Loaded (2010, 94, 1, 128) from 9b412dcb0f854454acd0bea9e2c9b621
2026-09-07 14:04:55,990 - root - INFO - Original tokens: torch.Size([2010, 94, 1, 128]). Sampled tokens: torch.Size([730, 94, 1, 128])
2026-09-07 14:04:56,287 - root - INFO - Loaded (1916, 94, 1, 128) from fe9e141880914f4ca7b90158dbb82c07
2026-09-07 14:04:56,297 - root - INFO - Original tokens: torch.Size([1916, 94, 1, 128]). Sampled tokens: torch.Size([730, 94, 1, 128])
2026-09-07 14:04:56,680 - root - INFO - Loaded (1974, 94, 1, 128) from e7d7c3adf750434f9f3949486f1d95ae
2026-09-07 14:04:56,748 - root - INFO - Original tokens: torch.Size([1974, 94, 1, 128]). Sampled tokens: torch.Size([730, 94, 1, 128])
2026-09-07 14:04:56,907 - root - INFO - Loaded (1180, 94, 1, 128) from b5caaff3584243a08c3dd9eebd8bd0bc
2026-09-07 14:04:56,919 - root - INFO - Original tokens: torch.Size([1180, 94, 1, 128]). Sampled tokens: torch.Size([730, 94, 1, 128])
2026-09-07 14:04:57,574 - root - INFO - Loaded (3310, 94, 1, 128) from b5280a6cf8984fafa72031954c07512f
2026-09-07 14:04:57,632 - root - INFO - Original tokens: torch.Size([3310, 94, 1, 128]). Sampled tokens: torch.Size([730, 94, 1, 128])
2026-09-07 14:04:57,719 - root - INFO - Loaded (3062, 94, 1, 128) from ff281c89f8664de78bf68eff97a817d8
2026-09-07 14:04:57,729 - root - INFO - Original tokens: torch.Size([3062, 94, 1, 128]). Sampled tokens: torch.Size([730, 94, 1, 128])
2026-09-07 14:04:58,332 - root - INFO - Loaded (1863, 94, 1, 128) from be7ab77b0e89492da99b3cc1e607b982
2026-09-07 14:04:58,351 - root - INFO - Loaded (1425, 94, 1, 128) from adb01e60b3f64174bb460113bc9ef619
2026-09-07 14:04:58,361 - root - INFO - Original tokens: torch.Size([1425, 94, 1, 128]). Sampled tokens: torch.Size([730, 94, 1, 128])
2026-09-07 14:04:58,382 - root - INFO - Original tokens: torch.Size([1863, 94, 1, 128]). Sampled tokens: torch.Size([730, 94, 1, 128])
2026-09-07 14:04:58,958 - root - INFO - Loaded (1027, 94, 1, 128) from ec21efb8eb844e16beebcff0467e4f99
2026-09-07 14:04:58,969 - root - INFO - Original tokens: torch.Size([1027, 94, 1, 128]). Sampled tokens: torch.Size([730, 94, 1, 128])
2026-09-07 14:04:59,007 - root - INFO - Loaded (1159, 94, 1, 128) from 722893802e604992943d897094ac4934
2026-09-07 14:04:59,051 - root - INFO - Original tokens: torch.Size([1159, 94, 1, 128]). Sampled tokens: torch.Size([730, 94, 1, 128])
2026-09-07 14:04:59,710 - root - INFO - Loaded (2072, 94, 1, 128) from e31935d8d92749889cdb59e6dbaba559
2026-09-07 14:04:59,758 - root - INFO - Original tokens: torch.Size([2072, 94, 1, 128]). Sampled tokens: torch.Size([730, 94, 1, 128])
2026-09-07 14:05:00,212 - root - INFO - Loaded (6470, 94, 1, 128) from 0a9fb125088f465e9954b66f4bb6d92e
2026-09-07 14:05:00,222 - root - INFO - Original tokens: torch.Size([6470, 94, 1, 128]). Sampled tokens: torch.Size([730, 94, 1, 128])
2026-09-07 14:05:00,397 - root - INFO - Loaded (1552, 94, 1, 128) from 75f7b5033c0c454fad372c8b2497ab74
2026-09-07 14:05:00,447 - root - INFO - Original tokens: torch.Size([1552, 94, 1, 128]). Sampled tokens: torch.Size([730, 94, 1, 128])
2026-09-07 14:05:00,983 - root - INFO - Loaded (3029, 94, 1, 128) from bd31a6ee0305439590a93408946cb923
2026-09-07 14:05:00,995 - root - INFO - Original tokens: torch.Size([3029, 94, 1, 128]). Sampled tokens: torch.Size([730, 94, 1, 128])
2026-09-07 14:05:01,110 - root - INFO - Loaded (1425, 94, 1, 128) from adb01e60b3f64174bb460113bc9ef619
2026-09-07 14:05:01,162 - root - INFO - Original tokens: torch.Size([1425, 94, 1, 128]). Sampled tokens: torch.Size([730, 94, 1, 128])
2026-09-07 14:05:01,676 - root - INFO - Loaded (1656, 94, 1, 128) from 3d753b9d887a4c72b4aeacea644ed598
2026-09-07 14:05:01,685 - root - INFO - Original tokens: torch.Size([1656, 94, 1, 128]). Sampled tokens: torch.Size([730, 94, 1, 128])
2026-09-07 14:05:01,797 - root - INFO - Loaded (1037, 94, 1, 128) from 9100d1a8d8404885979453721d316efe
2026-09-07 14:05:01,854 - root - INFO - Original tokens: torch.Size([1037, 94, 1, 128]). Sampled tokens: torch.Size([730, 94, 1, 128])
2026-09-07 14:05:02,331 - root - INFO - Loaded (1728, 94, 1, 128) from 41b3e04f06304a5c8e50154b66390d1d
2026-09-07 14:05:02,342 - root - INFO - Original tokens: torch.Size([1728, 94, 1, 128]). Sampled tokens: torch.Size([730, 94, 1, 128])
2026-09-07 14:05:02,474 - root - INFO - Loaded (1330, 94, 1, 128) from 4a9a02c624f24c86aa024887f0b73cc5
2026-09-07 14:05:02,525 - root - INFO - Original tokens: torch.Size([1330, 94, 1, 128]). Sampled tokens: torch.Size([730, 94, 1, 128])
2026-09-07 14:05:03,050 - root - INFO - Loaded (2767, 94, 1, 128) from 02451d1c634c4df3b59da14af3013110
2026-09-07 14:05:03,062 - root - INFO - Original tokens: torch.Size([2767, 94, 1, 128]). Sampled tokens: torch.Size([730, 94, 1, 128])
2026-09-07 14:05:03,303 - root - INFO - Loaded (2533, 94, 1, 128) from cab54893964741498de64245c77895e3
2026-09-07 14:05:03,356 - root - INFO - Original tokens: torch.Size([2533, 94, 1, 128]). Sampled tokens: torch.Size([730, 94, 1, 128])
2026-09-07 14:05:03,991 - root - INFO - Loaded (4240, 94, 1, 128) from 7b98eecdcf934dd2beefd2fafb7440cc
2026-09-07 14:05:04,002 - root - INFO - Original tokens: torch.Size([4240, 94, 1, 128]). Sampled tokens: torch.Size([730, 94, 1, 128])
2026-09-07 14:05:04,091 - root - INFO - Loaded (2179, 94, 1, 128) from 95d5b21b863548a4937a9ef45408f550
2026-09-07 14:05:04,139 - root - INFO - Original tokens: torch.Size([2179, 94, 1, 128]). Sampled tokens: torch.Size([730, 94, 1, 128])
2026-09-07 14:05:04,798 - root - INFO - Loaded (1950, 94, 1, 128) from baf0d2a2ece7420099136cfbfb8d0f7f
2026-09-07 14:05:04,863 - root - INFO - Original tokens: torch.Size([1950, 94, 1, 128]). Sampled tokens: torch.Size([730, 94, 1, 128])
2026-09-07 14:05:04,985 - root - INFO - Loaded (5330, 94, 1, 128) from ea351a94db47476ca5cd1b5101809a9f
2026-09-07 14:05:04,995 - root - INFO - Original tokens: torch.Size([5330, 94, 1, 128]). Sampled tokens: torch.Size([730, 94, 1, 128])
2026-09-07 14:05:05,611 - root - INFO - Loaded (2319, 94, 1, 128) from fb4475051e6c49bc8f6c4642b2e8c81a
2026-09-07 14:05:05,667 - root - INFO - Original tokens: torch.Size([2319, 94, 1, 128]). Sampled tokens: torch.Size([730, 94, 1, 128])
2026-09-07 14:05:05,773 - root - INFO - Loaded (3046, 94, 1, 128) from bda6ca976a064c8cb10cbad2c5709604
2026-09-07 14:05:05,785 - root - INFO - Original tokens: torch.Size([3046, 94, 1, 128]). Sampled tokens: torch.Size([730, 94, 1, 128])
2026-09-07 14:05:06,442 - root - INFO - Loaded (2761, 94, 1, 128) from 416748fb105f467cb63e5916f6ff8c5b
2026-09-07 14:05:06,477 - root - INFO - Loaded (2084, 94, 1, 128) from 8eb22d8ae2fb4194909db67b02c0af3b
2026-09-07 14:05:06,486 - root - INFO - Original tokens: torch.Size([2084, 94, 1, 128]). Sampled tokens: torch.Size([730, 94, 1, 128])
2026-09-07 14:05:06,497 - root - INFO - Original tokens: torch.Size([2761, 94, 1, 128]). Sampled tokens: torch.Size([730, 94, 1, 128])
2026-09-07 14:05:07,180 - root - INFO - Loaded (1728, 94, 1, 128) from 41b3e04f06304a5c8e50154b66390d1d
2026-09-07 14:05:07,185 - root - INFO - Loaded (2216, 94, 1, 128) from 1e9b3fa270bb4b2480140caa5d2b6ee1
2026-09-07 14:05:07,197 - root - INFO - Original tokens: torch.Size([2216, 94, 1, 128]). Sampled tokens: torch.Size([730, 94, 1, 128])
2026-09-07 14:05:07,237 - root - INFO - Original tokens: torch.Size([1728, 94, 1, 128]). Sampled tokens: torch.Size([730, 94, 1, 128])
2026-09-07 14:05:07,918 - root - INFO - Loaded (2672, 94, 1, 128) from 2f223bc98be44e54af5670bd5770fed9
2026-09-07 14:05:07,927 - root - INFO - Original tokens: torch.Size([2672, 94, 1, 128]). Sampled tokens: torch.Size([730, 94, 1, 128])
2026-09-07 14:05:07,963 - root - INFO - Loaded (1912, 94, 1, 128) from e53655ce27d241f0acf33c2079172e47
2026-09-07 14:05:08,011 - root - INFO - Original tokens: torch.Size([1912, 94, 1, 128]). Sampled tokens: torch.Size([730, 94, 1, 128])
2026-09-07 14:05:08,640 - root - INFO - Loaded (1956, 94, 1, 128) from 90aa5dee330e4aeebe210df6ae589813
2026-09-07 14:05:08,650 - root - INFO - Original tokens: torch.Size([1956, 94, 1, 128]). Sampled tokens: torch.Size([730, 94, 1, 128])
2026-09-07 14:05:09,087 - root - INFO - Loaded (5330, 94, 1, 128) from ea351a94db47476ca5cd1b5101809a9f
2026-09-07 14:05:09,156 - root - INFO - Original tokens: torch.Size([5330, 94, 1, 128]). Sampled tokens: torch.Size([730, 94, 1, 128])
2026-09-07 14:05:09,378 - root - INFO - Loaded (2116, 94, 1, 128) from 2b76d19f50a5488b88e834a4a3bf257a
2026-09-07 14:05:09,389 - root - INFO - Original tokens: torch.Size([2116, 94, 1, 128]). Sampled tokens: torch.Size([730, 94, 1, 128])
2026-09-07 14:05:09,999 - root - INFO - Loaded (1125, 94, 1, 128) from ab92e0b6b48f4edb9bc0603c16818f35
2026-09-07 14:05:10,009 - root - INFO - Original tokens: torch.Size([1125, 94, 1, 128]). Sampled tokens: torch.Size([730, 94, 1, 128])
2026-09-07 14:05:10,230 - root - INFO - Loaded (4567, 94, 1, 128) from 119bfdaf05ab47acb7c6849daac597b9
2026-09-07 14:05:10,307 - root - INFO - Original tokens: torch.Size([4567, 94, 1, 128]). Sampled tokens: torch.Size([730, 94, 1, 128])
2026-09-07 14:05:10,758 - root - INFO - Loaded (2298, 94, 1, 128) from b28fe838dcea4d75bac05b743af935f0
2026-09-07 14:05:10,768 - root - INFO - Original tokens: torch.Size([2298, 94, 1, 128]). Sampled tokens: torch.Size([730, 94, 1, 128])
2026-09-07 14:05:11,176 - root - INFO - Loaded (3845, 94, 1, 128) from bab746726dca48019e78f774055f420e
2026-09-07 14:05:11,234 - root - INFO - Original tokens: torch.Size([3845, 94, 1, 128]). Sampled tokens: torch.Size([730, 94, 1, 128])
2026-09-07 14:05:11,629 - root - INFO - Loaded (3632, 94, 1, 128) from 5eb9d6f2878541289284da7a54107fab
2026-09-07 14:05:11,638 - root - INFO - Original tokens: torch.Size([3632, 94, 1, 128]). Sampled tokens: torch.Size([730, 94, 1, 128])
2026-09-07 14:05:12,307 - root - INFO - Loaded (4623, 94, 1, 128) from 95d84c91ad4e477d9dc22cc77dec8127
2026-09-07 14:05:12,333 - root - INFO - Loaded (2035, 94, 1, 128) from 9d8224a7ab6f4fa084bde81cd3799a5c
2026-09-07 14:05:12,344 - root - INFO - Original tokens: torch.Size([2035, 94, 1, 128]). Sampled tokens: torch.Size([730, 94, 1, 128])
2026-09-07 14:05:12,376 - root - INFO - Original tokens: torch.Size([4623, 94, 1, 128]). Sampled tokens: torch.Size([730, 94, 1, 128])
2026-09-07 14:05:12,992 - root - INFO - Loaded (1046, 94, 1, 128) from e87c051dea984e748288d3c10c8c895c
2026-09-07 14:05:13,002 - root - INFO - Original tokens: torch.Size([1046, 94, 1, 128]). Sampled tokens: torch.Size([730, 94, 1, 128])
2026-09-07 14:05:13,109 - root - INFO - Loaded (1785, 94, 1, 128) from ca4517736af6497faa9fbf4f69a0e043
2026-09-07 14:05:13,183 - root - INFO - Original tokens: torch.Size([1785, 94, 1, 128]). Sampled tokens: torch.Size([730, 94, 1, 128])
2026-09-07 14:05:13,697 - root - INFO - Loaded (1326, 94, 1, 128) from ef06ac0ac815490482f1301c36b8641f
2026-09-07 14:05:13,711 - root - INFO - Original tokens: torch.Size([1326, 94, 1, 128]). Sampled tokens: torch.Size([730, 94, 1, 128])
2026-09-07 14:05:14,095 - root - INFO - Loaded (2238, 94, 1, 128) from 0112e6cec4a94743929c6d7dc8e81a5a
2026-09-07 14:05:14,154 - root - INFO - Original tokens: torch.Size([2238, 94, 1, 128]). Sampled tokens: torch.Size([730, 94, 1, 128])
2026-09-07 14:05:14,475 - root - INFO - Loaded (2640, 94, 1, 128) from 4b17b0739a2f4b298421e21203ff64f8
2026-09-07 14:05:14,484 - root - INFO - Original tokens: torch.Size([2640, 94, 1, 128]). Sampled tokens: torch.Size([730, 94, 1, 128])
2026-09-07 14:05:14,936 - root - INFO - Loaded (2576, 94, 1, 128) from e22adb59c0fd4b08a638265a012db106
2026-09-07 14:05:15,000 - root - INFO - Original tokens: torch.Size([2576, 94, 1, 128]). Sampled tokens: torch.Size([730, 94, 1, 128])
2026-09-07 14:05:15,239 - root - INFO - Loaded (1922, 94, 1, 128) from 9e1d1393549c48079d1060a5d1363dc6
2026-09-07 14:05:15,257 - root - INFO - Original tokens: torch.Size([1922, 94, 1, 128]). Sampled tokens: torch.Size([730, 94, 1, 128])
2026-09-07 14:05:15,652 - root - INFO - Loaded (1346, 94, 1, 128) from 0c76ac4183ec46e290c18b806de9f69f
2026-09-07 14:05:15,714 - root - INFO - Original tokens: torch.Size([1346, 94, 1, 128]). Sampled tokens: torch.Size([730, 94, 1, 128])
2026-09-07 14:05:15,996 - root - INFO - Loaded (1950, 94, 1, 128) from baf0d2a2ece7420099136cfbfb8d0f7f
2026-09-07 14:05:16,006 - root - INFO - Original tokens: torch.Size([1950, 94, 1, 128]). Sampled tokens: torch.Size([730, 94, 1, 128])
2026-09-07 14:05:16,465 - root - INFO - Loaded (2223, 94, 1, 128) from 58b4972e7ccf4e659e39bcfc3bbab399
2026-09-07 14:05:16,523 - root - INFO - Original tokens: torch.Size([2223, 94, 1, 128]). Sampled tokens: torch.Size([730, 94, 1, 128])
2026-09-07 14:05:16,742 - root - INFO - Loaded (2046, 94, 1, 128) from 5f741312dd5248d39dc32f657a894cdf
2026-09-07 14:05:16,752 - root - INFO - Original tokens: torch.Size([2046, 94, 1, 128]). Sampled tokens: torch.Size([730, 94, 1, 128])
2026-09-07 14:05:17,239 - root - INFO - Loaded (2021, 94, 1, 128) from d8c8e7d563094c71a7b3121fa194326d
2026-09-07 14:05:17,293 - root - INFO - Original tokens: torch.Size([2021, 94, 1, 128]). Sampled tokens: torch.Size([730, 94, 1, 128])
2026-09-07 14:05:17,720 - root - INFO - Loaded (4158, 94, 1, 128) from 80924b9113a148489c683c364489847f
2026-09-07 14:05:17,730 - root - INFO - Original tokens: torch.Size([4158, 94, 1, 128]). Sampled tokens: torch.Size([730, 94, 1, 128])
2026-09-07 14:05:17,981 - root - INFO - Loaded (1876, 94, 1, 128) from 2ce81010b5124d159691015d3af32319
2026-09-07 14:05:18,059 - root - INFO - Original tokens: torch.Size([1876, 94, 1, 128]). Sampled tokens: torch.Size([730, 94, 1, 128])
2026-09-07 14:05:18,520 - root - INFO - Loaded (3170, 94, 1, 128) from c0d4c301323f43e8b7a09743e3374bf0
2026-09-07 14:05:18,534 - root - INFO - Original tokens: torch.Size([3170, 94, 1, 128]). Sampled tokens: torch.Size([730, 94, 1, 128])
2026-09-07 14:05:18,753 - root - INFO - Loaded (1485, 94, 1, 128) from 6889102ccb9c4f9a90bf2db9e7183b9d
2026-09-07 14:05:18,800 - root - INFO - Original tokens: torch.Size([1485, 94, 1, 128]). Sampled tokens: torch.Size([730, 94, 1, 128])
2026-09-07 14:05:19,173 - root - INFO - Loaded (1270, 94, 1, 128) from 36813b9e7f804fc3b59697b7be5dd5d8
2026-09-07 14:05:19,191 - root - INFO - Original tokens: torch.Size([1270, 94, 1, 128]). Sampled tokens: torch.Size([730, 94, 1, 128])
2026-09-07 14:05:19,479 - root - INFO - Loaded (1543, 94, 1, 128) from 0a387030616a48d999aa1bb720e9dfbb
2026-09-07 14:05:19,534 - root - INFO - Original tokens: torch.Size([1543, 94, 1, 128]). Sampled tokens: torch.Size([730, 94, 1, 128])
2026-09-07 14:05:19,864 - root - INFO - Loaded (1520, 94, 1, 128) from 5869f4575ef2449fba3299f82c5370d9
2026-09-07 14:05:19,873 - root - INFO - Original tokens: torch.Size([1520, 94, 1, 128]). Sampled tokens: torch.Size([730, 94, 1, 128])
2026-09-07 14:05:20,219 - root - INFO - Loaded (2020, 94, 1, 128) from ba7657a0406841f3bb2ff9d1aa21d9e2
2026-09-07 14:05:20,278 - root - INFO - Original tokens: torch.Size([2020, 94, 1, 128]). Sampled tokens: torch.Size([730, 94, 1, 128])
2026-09-07 14:05:20,534 - root - INFO - Loaded (1219, 94, 1, 128) from f6dda268794147ada80ca6cc00426266
2026-09-07 14:05:20,543 - root - INFO - Original tokens: torch.Size([1219, 94, 1, 128]). Sampled tokens: torch.Size([730, 94, 1, 128])
2026-09-07 14:05:20,859 - root - INFO - Loaded (1168, 94, 1, 128) from 0204d8f812634da0a5893eda38e28daa
2026-09-07 14:05:20,935 - root - INFO - Original tokens: torch.Size([1168, 94, 1, 128]). Sampled tokens: torch.Size([730, 94, 1, 128])
2026-09-07 14:05:21,150 - root - INFO - Loaded (1236, 94, 1, 128) from 85923b0abd214d37a202bee1a5cbd3b5
2026-09-07 14:05:21,165 - root - INFO - Original tokens: torch.Size([1236, 94, 1, 128]). Sampled tokens: torch.Size([730, 94, 1, 128])
2026-09-07 14:05:21,729 - root - INFO - Loaded (3029, 94, 1, 128) from bd31a6ee0305439590a93408946cb923
2026-09-07 14:05:21,796 - root - INFO - Original tokens: torch.Size([3029, 94, 1, 128]). Sampled tokens: torch.Size([730, 94, 1, 128])
2026-09-07 14:05:21,810 - root - INFO - Loaded (1473, 94, 1, 128) from 28047b217352457e9780a89f0448904a
2026-09-07 14:05:21,819 - root - INFO - Original tokens: torch.Size([1473, 94, 1, 128]). Sampled tokens: torch.Size([730, 94, 1, 128])
2026-09-07 14:05:22,605 - root - INFO - Loaded (2949, 94, 1, 128) from 2d6e6c9d7fee4d2dad0eb8cac5c3090b
2026-09-07 14:05:22,633 - root - INFO - Loaded (2626, 94, 1, 128) from 498d4495264640d5aa7efb1188fdd8d3
2026-09-07 14:05:22,645 - root - INFO - Original tokens: torch.Size([2626, 94, 1, 128]). Sampled tokens: torch.Size([730, 94, 1, 128])
2026-09-07 14:05:22,677 - root - INFO - Original tokens: torch.Size([2949, 94, 1, 128]). Sampled tokens: torch.Size([730, 94, 1, 128])
2026-09-07 14:05:23,483 - root - INFO - Loaded (2020, 94, 1, 128) from ba7657a0406841f3bb2ff9d1aa21d9e2
2026-09-07 14:05:23,498 - root - INFO - Original tokens: torch.Size([2020, 94, 1, 128]). Sampled tokens: torch.Size([730, 94, 1, 128])
2026-09-07 14:05:23,527 - root - INFO - Loaded (2116, 94, 1, 128) from 2b76d19f50a5488b88e834a4a3bf257a
2026-09-07 14:05:23,599 - root - INFO - Original tokens: torch.Size([2116, 94, 1, 128]). Sampled tokens: torch.Size([730, 94, 1, 128])
2026-09-07 14:05:24,256 - root - INFO - Loaded (1301, 94, 1, 128) from 773f008d4b344d9cb393ae43ad0e550f
2026-09-07 14:05:24,285 - root - INFO - Loaded (2457, 94, 1, 128) from 1122effcd6b44683981ffdbf1b1d1fb1
2026-09-07 14:05:24,299 - root - INFO - Original tokens: torch.Size([2457, 94, 1, 128]). Sampled tokens: torch.Size([730, 94, 1, 128])
2026-09-07 14:05:24,319 - root - INFO - Original tokens: torch.Size([1301, 94, 1, 128]). Sampled tokens: torch.Size([730, 94, 1, 128])
2026-09-07 14:05:25,046 - root - INFO - Loaded (2031, 94, 1, 128) from 17ec14b5a82b4d2aacfb0e771838bc47
2026-09-07 14:05:25,060 - root - INFO - Original tokens: torch.Size([2031, 94, 1, 128]). Sampled tokens: torch.Size([730, 94, 1, 128])
2026-09-07 14:05:25,169 - root - INFO - Loaded (3632, 94, 1, 128) from 5eb9d6f2878541289284da7a54107fab
2026-09-07 14:05:25,252 - root - INFO - Original tokens: torch.Size([3632, 94, 1, 128]). Sampled tokens: torch.Size([730, 94, 1, 128])
2026-09-07 14:05:25,791 - root - INFO - Loaded (1543, 94, 1, 128) from 0a387030616a48d999aa1bb720e9dfbb
2026-09-07 14:05:25,803 - root - INFO - Original tokens: torch.Size([1543, 94, 1, 128]). Sampled tokens: torch.Size([730, 94, 1, 128])
2026-09-07 14:05:26,047 - root - INFO - Loaded (2298, 94, 1, 128) from b28fe838dcea4d75bac05b743af935f0
2026-09-07 14:05:26,118 - root - INFO - Original tokens: torch.Size([2298, 94, 1, 128]). Sampled tokens: torch.Size([730, 94, 1, 128])
2026-09-07 14:05:26,517 - root - INFO - Loaded (1552, 94, 1, 128) from 75f7b5033c0c454fad372c8b2497ab74
2026-09-07 14:05:26,533 - root - INFO - Original tokens: torch.Size([1552, 94, 1, 128]). Sampled tokens: torch.Size([730, 94, 1, 128])
2026-09-07 14:05:26,888 - root - INFO - Loaded (1843, 94, 1, 128) from 733c28a3fa58460aa15ebc2fd352c53a
2026-09-07 14:05:26,955 - root - INFO - Original tokens: torch.Size([1843, 94, 1, 128]). Sampled tokens: torch.Size([730, 94, 1, 128])
2026-09-07 14:05:27,159 - root - INFO - Loaded (1180, 94, 1, 128) from 56631570c405437b99b452c83efa9f4a
2026-09-07 14:05:27,173 - root - INFO - Original tokens: torch.Size([1180, 94, 1, 128]). Sampled tokens: torch.Size([730, 94, 1, 128])
2026-09-07 14:05:27,907 - root - INFO - Loaded (2108, 94, 1, 128) from d6b9aeb3c2d244ec8c65c77b56fba024
2026-09-07 14:05:27,922 - root - INFO - Original tokens: torch.Size([2108, 94, 1, 128]). Sampled tokens: torch.Size([730, 94, 1, 128])
2026-09-07 14:05:27,971 - root - INFO - Loaded (4240, 94, 1, 128) from 7b98eecdcf934dd2beefd2fafb7440cc
2026-09-07 14:05:28,049 - root - INFO - Original tokens: torch.Size([4240, 94, 1, 128]). Sampled tokens: torch.Size([730, 94, 1, 128])
2026-09-07 14:05:28,666 - root - INFO - Loaded (1863, 94, 1, 128) from be7ab77b0e89492da99b3cc1e607b982
2026-09-07 14:05:28,680 - root - INFO - Original tokens: torch.Size([1863, 94, 1, 128]). Sampled tokens: torch.Size([730, 94, 1, 128])
2026-09-07 14:05:28,757 - root - INFO - Loaded (1739, 94, 1, 128) from 5ac46a3790e04cc3b5ef9bb66870cf15
2026-09-07 14:05:28,819 - root - INFO - Original tokens: torch.Size([1739, 94, 1, 128]). Sampled tokens: torch.Size([730, 94, 1, 128])
2026-09-07 14:05:29,539 - root - INFO - Loaded (2035, 94, 1, 128) from 9d8224a7ab6f4fa084bde81cd3799a5c
2026-09-07 14:05:29,540 - root - INFO - Loaded (3845, 94, 1, 128) from bab746726dca48019e78f774055f420e
2026-09-07 14:05:29,554 - root - INFO - Original tokens: torch.Size([3845, 94, 1, 128]). Sampled tokens: torch.Size([730, 94, 1, 128])
2026-09-07 14:05:29,606 - root - INFO - Original tokens: torch.Size([2035, 94, 1, 128]). Sampled tokens: torch.Size([730, 94, 1, 128])
2026-09-07 14:05:30,267 - root - INFO - Loaded (2123, 94, 1, 128) from 6afaec34a4a34c39ac568d7b7e93acc6
2026-09-07 14:05:30,278 - root - INFO - Loaded (1656, 94, 1, 128) from 3d753b9d887a4c72b4aeacea644ed598
2026-09-07 14:05:30,282 - root - INFO - Original tokens: torch.Size([2123, 94, 1, 128]). Sampled tokens: torch.Size([730, 94, 1, 128])
2026-09-07 14:05:30,338 - root - INFO - Original tokens: torch.Size([1656, 94, 1, 128]). Sampled tokens: torch.Size([730, 94, 1, 128])
2026-09-07 14:05:31,001 - root - INFO - Loaded (1418, 94, 1, 128) from 51f5508fce3849dda8630fa093f4e012
2026-09-07 14:05:31,017 - root - INFO - Loaded (2408, 94, 1, 128) from 01b46ff0f88f4a36b59ad6fc905ea335
2026-09-07 14:05:31,027 - root - INFO - Original tokens: torch.Size([2408, 94, 1, 128]). Sampled tokens: torch.Size([730, 94, 1, 128])
2026-09-07 14:05:31,055 - root - INFO - Original tokens: torch.Size([1418, 94, 1, 128]). Sampled tokens: torch.Size([730, 94, 1, 128])
2026-09-07 14:05:31,656 - root - INFO - Loaded (1859, 94, 1, 128) from b73a26b5907e437ba864ada72fe498fc
2026-09-07 14:05:31,666 - root - INFO - Original tokens: torch.Size([1859, 94, 1, 128]). Sampled tokens: torch.Size([730, 94, 1, 128])
2026-09-07 14:05:31,766 - root - INFO - Loaded (2300, 94, 1, 128) from 872b8db8585e4e398b6a6dd84920bc35
2026-09-07 14:05:31,822 - root - INFO - Original tokens: torch.Size([2300, 94, 1, 128]). Sampled tokens: torch.Size([730, 94, 1, 128])
2026-09-07 14:05:32,355 - root - INFO - Loaded (2776, 94, 1, 128) from bf7d53374d38400d9a0eb3228b4e0d79
2026-09-07 14:05:32,365 - root - INFO - Original tokens: torch.Size([2776, 94, 1, 128]). Sampled tokens: torch.Size([730, 94, 1, 128])
2026-09-07 14:05:32,428 - root - INFO - Loaded (1180, 94, 1, 128) from b5caaff3584243a08c3dd9eebd8bd0bc
2026-09-07 14:05:32,477 - root - INFO - Original tokens: torch.Size([1180, 94, 1, 128]). Sampled tokens: torch.Size([730, 94, 1, 128])
2026-09-07 14:05:33,118 - root - INFO - Loaded (1550, 94, 1, 128) from 45ce3559d8ac46369a025ad646f716d2
2026-09-07 14:05:33,118 - root - INFO - Loaded (3310, 94, 1, 128) from b5280a6cf8984fafa72031954c07512f
2026-09-07 14:05:33,128 - root - INFO - Original tokens: torch.Size([3310, 94, 1, 128]). Sampled tokens: torch.Size([730, 94, 1, 128])
2026-09-07 14:05:33,169 - root - INFO - Original tokens: torch.Size([1550, 94, 1, 128]). Sampled tokens: torch.Size([730, 94, 1, 128])
2026-09-07 14:05:33,305 - root - INFO - DONE SVD for data at
2026-09-07 14:05:33,306 - root - INFO - tp_13_pp_0/KV.V: mu=torch.Size([12032]) U=torch.Size([200108, 10000]) S=torch.Size([10000]) V=torch.Size([12032, 10000])
2026-09-07 14:05:33,823 - root - INFO - Loaded (1785, 94, 1, 128) from ca4517736af6497faa9fbf4f69a0e043
2026-09-07 14:05:33,843 - root - INFO - Original tokens: torch.Size([1785, 94, 1, 128]). Sampled tokens: torch.Size([730, 94, 1, 128])
2026-09-07 14:05:33,923 - root - INFO - Loaded (2642, 94, 1, 128) from 70b4c498458b438bbabd32e705e29e81
2026-09-07 14:05:33,972 - root - INFO - Original tokens: torch.Size([2642, 94, 1, 128]). Sampled tokens: torch.Size([730, 94, 1, 128])
2026-09-07 14:05:34,403 - root - INFO - Saved SVD artifact for worker=tp_13_pp_0 kv=V at /root/.cache/KVTC/calibrations/Qwen3-235B-A22B-7d34567f/tp-16-pp-1/config-e4bf2892e3ff71a0/v1-noquant/kvtc.pt.tmp.svd-artifacts/kvtc-v1-noquant_N-200000_policy-relaxed_q-10000_niter-2_47be5bd14dfc2df390d52b125ddf4de9a8e24ff8fac703c8ce7dc2f3d2a38d5a/selection-bb6b2a452c81d257aa23b88b7de6515a2e083e8491dbca22f15e188670cbd4a2/tp_13_pp_0-V.pt
2026-09-07 14:05:34,404 - root - INFO - START SVD for data at [PosixPath('/root/.cache/KVTC/calibrations/Qwen3-235B-A22B-7d34567f/tp-16-pp-1/config-e4bf2892e3ff71a0/dump/fineweb'), PosixPath('/root/.cache/KVTC/calibrations/Qwen3-235B-A22B-7d34567f/tp-16-pp-1/config-e4bf2892e3ff71a0/dump/openmath')]/KV.V* q=10000 iter=2
2026-09-07 14:05:34,404 - root - INFO - Load tensors and sample
2026-09-07 14:05:34,857 - root - INFO - Loaded (1912, 94, 1, 128) from e53655ce27d241f0acf33c2079172e47
2026-09-07 14:05:34,868 - root - INFO - Original tokens: torch.Size([1912, 94, 1, 128]). Sampled tokens: torch.Size([730, 94, 1, 128])
2026-09-07 14:05:35,048 - root - INFO - Loaded (2408, 94, 1, 128) from 01b46ff0f88f4a36b59ad6fc905ea335
2026-09-07 14:05:35,097 - root - INFO - Original tokens: torch.Size([2408, 94, 1, 128]). Sampled tokens: torch.Size([730, 94, 1, 128])
2026-09-07 14:05:35,132 - root - INFO - Loaded (2949, 94, 1, 128) from 2d6e6c9d7fee4d2dad0eb8cac5c3090b
2026-09-07 14:05:35,146 - root - INFO - Original tokens: torch.Size([2949, 94, 1, 128]). Sampled tokens: torch.Size([730, 94, 1, 128])
2026-09-07 14:05:35,672 - root - INFO - Loaded (3948, 94, 1, 128) from b7d24de017fe43faa704ab128c949d91
2026-09-07 14:05:35,684 - root - INFO - Original tokens: torch.Size([3948, 94, 1, 128]). Sampled tokens: torch.Size([730, 94, 1, 128])
2026-09-07 14:05:35,862 - root - INFO - Loaded (2894, 94, 1, 128) from a4864fca4946455f90b1e608952173f1
2026-09-07 14:05:35,912 - root - INFO - Original tokens: torch.Size([2894, 94, 1, 128]). Sampled tokens: torch.Size([730, 94, 1, 128])
2026-09-07 14:05:35,938 - root - INFO - Loaded (3172, 94, 1, 128) from a16d65ea80904b1e96718c2c00e210a6
2026-09-07 14:05:35,951 - root - INFO - Original tokens: torch.Size([3172, 94, 1, 128]). Sampled tokens: torch.Size([730, 94, 1, 128])
2026-09-07 14:05:36,630 - root - INFO - Loaded (2439, 94, 1, 128) from 9921d3d871144b4abb9df9ae95b35638
2026-09-07 14:05:36,669 - root - INFO - Loaded (2300, 94, 1, 128) from 872b8db8585e4e398b6a6dd84920bc35
2026-09-07 14:05:36,679 - root - INFO - Original tokens: torch.Size([2300, 94, 1, 128]). Sampled tokens: torch.Size([730, 94, 1, 128])
2026-09-07 14:05:36,686 - root - INFO - Original tokens: torch.Size([2439, 94, 1, 128]). Sampled tokens: torch.Size([730, 94, 1, 128])
2026-09-07 14:05:36,911 - root - INFO - Loaded (6537, 94, 1, 128) from 53801981cb944605a5c1681dfdd7149f
2026-09-07 14:05:36,924 - root - INFO - Original tokens: torch.Size([6537, 94, 1, 128]). Sampled tokens: torch.Size([730, 94, 1, 128])
2026-09-07 14:05:37,249 - root - INFO - Loaded (1130, 94, 1, 128) from 46e1fb49284646f5b711e119ffbb0b18
2026-09-07 14:05:37,255 - root - INFO - Loaded (1046, 94, 1, 128) from e87c051dea984e748288d3c10c8c895c
2026-09-07 14:05:37,259 - root - INFO - Original tokens: torch.Size([1130, 94, 1, 128]). Sampled tokens: torch.Size([730, 94, 1, 128])
2026-09-07 14:05:37,300 - root - INFO - Original tokens: torch.Size([1046, 94, 1, 128]). Sampled tokens: torch.Size([730, 94, 1, 128])
2026-09-07 14:05:37,501 - root - INFO - Loaded (1170, 94, 1, 128) from b4d611e719f24f2487daaa615dbc68e7
2026-09-07 14:05:37,513 - root - INFO - Original tokens: torch.Size([1170, 94, 1, 128]). Sampled tokens: torch.Size([730, 94, 1, 128])
2026-09-07 14:05:37,950 - root - INFO - Loaded (2108, 94, 1, 128) from d6b9aeb3c2d244ec8c65c77b56fba024
2026-09-07 14:05:37,976 - root - INFO - Loaded (2831, 94, 1, 128) from bf2c445287b840d78c21d61b89323e8b
2026-09-07 14:05:37,987 - root - INFO - Original tokens: torch.Size([2831, 94, 1, 128]). Sampled tokens: torch.Size([730, 94, 1, 128])
2026-09-07 14:05:38,008 - root - INFO - Original tokens: torch.Size([2108, 94, 1, 128]). Sampled tokens: torch.Size([730, 94, 1, 128])
2026-09-07 14:05:38,133 - root - INFO - Loaded (1550, 94, 1, 128) from 45ce3559d8ac46369a025ad646f716d2
2026-09-07 14:05:38,145 - root - INFO - Original tokens: torch.Size([1550, 94, 1, 128]). Sampled tokens: torch.Size([730, 94, 1, 128])
2026-09-07 14:05:38,574 - root - INFO - Loaded (1168, 94, 1, 128) from 0204d8f812634da0a5893eda38e28daa
2026-09-07 14:05:38,582 - root - INFO - Loaded (1219, 94, 1, 128) from f6dda268794147ada80ca6cc00426266
2026-09-07 14:05:38,587 - root - INFO - Original tokens: torch.Size([1168, 94, 1, 128]). Sampled tokens: torch.Size([730, 94, 1, 128])
2026-09-07 14:05:38,643 - root - INFO - Original tokens: torch.Size([1219, 94, 1, 128]). Sampled tokens: torch.Size([730, 94, 1, 128])
2026-09-07 14:05:38,812 - root - INFO - Loaded (1927, 94, 1, 128) from d1448a5ce2ec4db39a6bfb8daa22bec9
2026-09-07 14:05:38,824 - root - INFO - Original tokens: torch.Size([1927, 94, 1, 128]). Sampled tokens: torch.Size([747, 94, 1, 128])
2026-09-07 14:05:39,265 - root - INFO - Loaded (1485, 94, 1, 128) from 6889102ccb9c4f9a90bf2db9e7183b9d
2026-09-07 14:05:39,275 - root - INFO - Original tokens: torch.Size([1485, 94, 1, 128]). Sampled tokens: torch.Size([730, 94, 1, 128])
2026-09-07 14:05:39,356 - root - INFO - Loaded (2803, 94, 1, 128) from 13767c4718d548e8ae8738678ec5701e
2026-09-07 14:05:39,406 - root - INFO - Original tokens: torch.Size([2803, 94, 1, 128]). Sampled tokens: torch.Size([730, 94, 1, 128])
2026-09-07 14:05:39,987 - root - INFO - Loaded (2021, 94, 1, 128) from d8c8e7d563094c71a7b3121fa194326d
2026-09-07 14:05:39,996 - root - INFO - Original tokens: torch.Size([2021, 94, 1, 128]). Sampled tokens: torch.Size([730, 94, 1, 128])
2026-09-07 14:05:40,004 - root - INFO - Loaded (1180, 94, 1, 128) from 56631570c405437b99b452c83efa9f4a
2026-09-07 14:05:40,054 - root - INFO - Original tokens: torch.Size([1180, 94, 1, 128]). Sampled tokens: torch.Size([730, 94, 1, 128])
2026-09-07 14:05:40,759 - root - INFO - Loaded (2149, 94, 1, 128) from 959996749b0043b1aa2497642c57b12c
2026-09-07 14:05:40,807 - root - INFO - Original tokens: torch.Size([2149, 94, 1, 128]). Sampled tokens: torch.Size([730, 94, 1, 128])
2026-09-07 14:05:40,995 - root - INFO - Loaded (4567, 94, 1, 128) from 119bfdaf05ab47acb7c6849daac597b9
2026-09-07 14:05:41,012 - root - INFO - Original tokens: torch.Size([4567, 94, 1, 128]). Sampled tokens: torch.Size([730, 94, 1, 128])
2026-09-07 14:05:41,344 - root - INFO - Loaded (14038, 94, 1, 128) from 7d56bce5100c4fad9f26012e62f024fe
2026-09-07 14:05:41,370 - root - INFO - Original tokens: torch.Size([14038, 94, 1, 128]). Sampled tokens: torch.Size([747, 94, 1, 128])
2026-09-07 14:05:41,501 - root - INFO - Loaded (1859, 94, 1, 128) from b73a26b5907e437ba864ada72fe498fc
2026-09-07 14:05:41,579 - root - INFO - Original tokens: torch.Size([1859, 94, 1, 128]). Sampled tokens: torch.Size([730, 94, 1, 128])
2026-09-07 14:05:41,778 - root - INFO - Loaded (2319, 94, 1, 128) from fb4475051e6c49bc8f6c4642b2e8c81a
2026-09-07 14:05:41,789 - root - INFO - Original tokens: torch.Size([2319, 94, 1, 128]). Sampled tokens: torch.Size([730, 94, 1, 128])
2026-09-07 14:05:42,324 - root - INFO - Loaded (2084, 94, 1, 128) from 8eb22d8ae2fb4194909db67b02c0af3b
2026-09-07 14:05:42,370 - root - INFO - Original tokens: torch.Size([2084, 94, 1, 128]). Sampled tokens: torch.Size([730, 94, 1, 128])
2026-09-07 14:05:42,449 - root - INFO - Loaded (1037, 94, 1, 128) from 9100d1a8d8404885979453721d316efe
2026-09-07 14:05:42,459 - root - INFO - Original tokens: torch.Size([1037, 94, 1, 128]). Sampled tokens: torch.Size([730, 94, 1, 128])
2026-09-07 14:05:43,124 - root - INFO - Loaded (1532, 94, 1, 128) from ec67970e696041a0941e9819a3b83ec5
2026-09-07 14:05:43,135 - root - INFO - Original tokens: torch.Size([1532, 94, 1, 128]). Sampled tokens: torch.Size([730, 94, 1, 128])
2026-09-07 14:05:43,698 - root - INFO - Loaded (6537, 94, 1, 128) from 53801981cb944605a5c1681dfdd7149f
2026-09-07 14:05:43,771 - root - INFO - Original tokens: torch.Size([6537, 94, 1, 128]). Sampled tokens: torch.Size([730, 94, 1, 128])
2026-09-07 14:05:43,828 - root - INFO - Loaded (1618, 94, 1, 128) from 4ac62cfbcc4b4463852a1b0caf43f2c9
2026-09-07 14:05:43,845 - root - INFO - Original tokens: torch.Size([1618, 94, 1, 128]). Sampled tokens: torch.Size([730, 94, 1, 128])
2026-09-07 14:05:43,905 - root - INFO - Loaded (13765, 94, 1, 128) from 7c5617a6dfed4973967f5f71bf533b5e
2026-09-07 14:05:43,928 - root - INFO - Original tokens: torch.Size([13765, 94, 1, 128]). Sampled tokens: torch.Size([747, 94, 1, 128])
2026-09-07 14:05:44,542 - root - INFO - Loaded (1450, 94, 1, 128) from 5d4b879ad98049daa51e8c11bf43ec42
2026-09-07 14:05:44,566 - root - INFO - Loaded (1418, 94, 1, 128) from 51f5508fce3849dda8630fa093f4e012
2026-09-07 14:05:44,578 - root - INFO - Original tokens: torch.Size([1418, 94, 1, 128]). Sampled tokens: torch.Size([730, 94, 1, 128])
2026-09-07 14:05:44,595 - root - INFO - Original tokens: torch.Size([1450, 94, 1, 128]). Sampled tokens: torch.Size([730, 94, 1, 128])
2026-09-07 14:05:45,245 - root - INFO - Loaded (1681, 94, 1, 128) from d5337f72fa80412ba863f9e5c5559d25
2026-09-07 14:05:45,255 - root - INFO - Original tokens: torch.Size([1681, 94, 1, 128]). Sampled tokens: torch.Size([730, 94, 1, 128])
2026-09-07 14:05:45,272 - root - INFO - Loaded (1473, 94, 1, 128) from 28047b217352457e9780a89f0448904a
2026-09-07 14:05:45,332 - root - INFO - Original tokens: torch.Size([1473, 94, 1, 128]). Sampled tokens: torch.Size([730, 94, 1, 128])
2026-09-07 14:05:45,881 - root - INFO - Loaded (1330, 94, 1, 128) from 4a9a02c624f24c86aa024887f0b73cc5
2026-09-07 14:05:45,891 - root - INFO - Original tokens: torch.Size([1330, 94, 1, 128]). Sampled tokens: torch.Size([730, 94, 1, 128])
2026-09-07 14:05:46,014 - root - INFO - Loaded (1648, 94, 1, 128) from 72ed68f42309416d94f44c1febd13a43
2026-09-07 14:05:46,069 - root - INFO - Original tokens: torch.Size([1648, 94, 1, 128]). Sampled tokens: torch.Size([730, 94, 1, 128])
2026-09-07 14:05:46,756 - root - INFO - Loaded (3776, 94, 1, 128) from f418ec52b20d45ea8b20f15bde46978c
2026-09-07 14:05:46,765 - root - INFO - Original tokens: torch.Size([3776, 94, 1, 128]). Sampled tokens: torch.Size([730, 94, 1, 128])
2026-09-07 14:05:46,960 - root - INFO - Loaded (3776, 94, 1, 128) from f418ec52b20d45ea8b20f15bde46978c
2026-09-07 14:05:47,021 - root - INFO - Original tokens: torch.Size([3776, 94, 1, 128]). Sampled tokens: torch.Size([730, 94, 1, 128])
2026-09-07 14:05:47,402 - root - INFO - Loaded (1329, 94, 1, 128) from 98e0649fccc941ac95dcc781e73d960d
2026-09-07 14:05:47,412 - root - INFO - Original tokens: torch.Size([1329, 94, 1, 128]). Sampled tokens: torch.Size([730, 94, 1, 128])
2026-09-07 14:05:47,488 - root - INFO - Loaded (17619, 94, 1, 128) from cbc7c37b578e4c46a0b216a18e806253
2026-09-07 14:05:47,504 - root - INFO - Original tokens: torch.Size([17619, 94, 1, 128]). Sampled tokens: torch.Size([747, 94, 1, 128])
2026-09-07 14:05:47,641 - root - INFO - Loaded (1137, 94, 1, 128) from 9cc2b84cd4e840cc9ddfdfcaca0e44cc
2026-09-07 14:05:47,712 - root - INFO - Original tokens: torch.Size([1137, 94, 1, 128]). Sampled tokens: torch.Size([730, 94, 1, 128])
2026-09-07 14:05:48,243 - root - INFO - Loaded (3543, 94, 1, 128) from 781fc55da0dd47b89a98465b6a42fd4b
2026-09-07 14:05:48,253 - root - INFO - Original tokens: torch.Size([3543, 94, 1, 128]). Sampled tokens: torch.Size([730, 94, 1, 128])
2026-09-07 14:05:48,422 - root - INFO - Loaded (1868, 94, 1, 128) from a7c2915f1503449bba17bce3001de504
2026-09-07 14:05:48,471 - root - INFO - Original tokens: torch.Size([1868, 94, 1, 128]). Sampled tokens: torch.Size([730, 94, 1, 128])
2026-09-07 14:05:48,943 - root - INFO - Loaded (1915, 94, 1, 128) from a94982751d02421e808f08cf2d87d65d
2026-09-07 14:05:48,953 - root - INFO - Original tokens: torch.Size([1915, 94, 1, 128]). Sampled tokens: torch.Size([730, 94, 1, 128])
2026-09-07 14:05:49,234 - root - INFO - Loaded (2671, 94, 1, 128) from 4b84851d93824fbcbe37208f36eddbbb
2026-09-07 14:05:49,284 - root - INFO - Original tokens: torch.Size([2671, 94, 1, 128]). Sampled tokens: torch.Size([730, 94, 1, 128])
2026-09-07 14:05:49,324 - root - INFO - Loaded (8419, 94, 1, 128) from 3263fb0f19ab437a9791ba5f9b5f52e8
2026-09-07 14:05:49,340 - root - INFO - Original tokens: torch.Size([8419, 94, 1, 128]). Sampled tokens: torch.Size([747, 94, 1, 128])
2026-09-07 14:05:50,040 - root - INFO - Loaded (4880, 94, 1, 128) from 9255e7f1c509487098bf2928bbe0fbb3
2026-09-07 14:05:50,044 - root - INFO - Loaded (2216, 94, 1, 128) from 1e9b3fa270bb4b2480140caa5d2b6ee1
2026-09-07 14:05:50,059 - root - INFO - Original tokens: torch.Size([4880, 94, 1, 128]). Sampled tokens: torch.Size([730, 94, 1, 128])
2026-09-07 14:05:50,134 - root - INFO - Original tokens: torch.Size([2216, 94, 1, 128]). Sampled tokens: torch.Size([730, 94, 1, 128])
2026-09-07 14:05:50,765 - root - INFO - Loaded (1336, 94, 1, 128) from 8dfa5e5abb0348f9b2de011e342097a2
2026-09-07 14:05:50,774 - root - INFO - Original tokens: torch.Size([1336, 94, 1, 128]). Sampled tokens: torch.Size([730, 94, 1, 128])
2026-09-07 14:05:50,961 - root - INFO - Loaded (2776, 94, 1, 128) from bf7d53374d38400d9a0eb3228b4e0d79
2026-09-07 14:05:51,018 - root - INFO - Original tokens: torch.Size([2776, 94, 1, 128]). Sampled tokens: torch.Size([730, 94, 1, 128])
2026-09-07 14:05:51,544 - root - INFO - Loaded (2436, 94, 1, 128) from 7f044385892942b6839bd20c05ea6582
2026-09-07 14:05:51,558 - root - INFO - Original tokens: torch.Size([2436, 94, 1, 128]). Sampled tokens: torch.Size([730, 94, 1, 128])
2026-09-07 14:05:51,680 - root - INFO - Loaded (10191, 94, 1, 128) from a975deda0f42482cba491ab0b79fa82e
2026-09-07 14:05:51,712 - root - INFO - Original tokens: torch.Size([10191, 94, 1, 128]). Sampled tokens: torch.Size([747, 94, 1, 128])
2026-09-07 14:05:51,853 - root - INFO - Loaded (3172, 94, 1, 128) from a16d65ea80904b1e96718c2c00e210a6
2026-09-07 14:05:51,907 - root - INFO - Original tokens: torch.Size([3172, 94, 1, 128]). Sampled tokens: torch.Size([730, 94, 1, 128])
2026-09-07 14:05:52,256 - root - INFO - Loaded (2068, 94, 1, 128) from cc1875751ad64c5097a8ede1d232f11e
2026-09-07 14:05:52,265 - root - INFO - Original tokens: torch.Size([2068, 94, 1, 128]). Sampled tokens: torch.Size([730, 94, 1, 128])
2026-09-07 14:05:52,423 - root - INFO - Loaded (1927, 94, 1, 128) from 06bff61e08a0449d87b32669eb1102c0
2026-09-07 14:05:52,438 - root - INFO - Original tokens: torch.Size([1927, 94, 1, 128]). Sampled tokens: torch.Size([747, 94, 1, 128])
2026-09-07 14:05:52,578 - root - INFO - Loaded (1808, 94, 1, 128) from bfe2ae00a26445bbb51d36443169f79d
2026-09-07 14:05:52,631 - root - INFO - Original tokens: torch.Size([1808, 94, 1, 128]). Sampled tokens: torch.Size([730, 94, 1, 128])
2026-09-07 14:05:52,957 - root - INFO - Loaded (1942, 94, 1, 128) from f6bd9c7b0f8f41d4b62a4aed50f77c29
2026-09-07 14:05:52,969 - root - INFO - Original tokens: torch.Size([1942, 94, 1, 128]). Sampled tokens: torch.Size([730, 94, 1, 128])
2026-09-07 14:05:53,303 - root - INFO - Loaded (1532, 94, 1, 128) from ec67970e696041a0941e9819a3b83ec5
2026-09-07 14:05:53,350 - root - INFO - Original tokens: torch.Size([1532, 94, 1, 128]). Sampled tokens: torch.Size([730, 94, 1, 128])
2026-09-07 14:05:53,779 - root - INFO - Loaded (2698, 94, 1, 128) from cdeb6438942e42e6ba51c2406f74d083
2026-09-07 14:05:53,790 - root - INFO - Original tokens: torch.Size([2698, 94, 1, 128]). Sampled tokens: torch.Size([730, 94, 1, 128])
2026-09-07 14:05:54,404 - root - INFO - Loaded (4880, 94, 1, 128) from 9255e7f1c509487098bf2928bbe0fbb3
2026-09-07 14:05:54,466 - root - INFO - Original tokens: torch.Size([4880, 94, 1, 128]). Sampled tokens: torch.Size([730, 94, 1, 128])
2026-09-07 14:05:54,571 - root - INFO - Loaded (2152, 94, 1, 128) from 08e6ddcd7c2c46c58dfcd57996879c22
2026-09-07 14:05:54,581 - root - INFO - Original tokens: torch.Size([2152, 94, 1, 128]). Sampled tokens: torch.Size([730, 94, 1, 128])
2026-09-07 14:05:54,745 - root - INFO - Loaded (11152, 94, 1, 128) from 8e86cafd1c1b4e528b33e7cb1532ebff
2026-09-07 14:05:54,778 - root - INFO - Original tokens: torch.Size([11152, 94, 1, 128]). Sampled tokens: torch.Size([747, 94, 1, 128])
2026-09-07 14:05:55,272 - root - INFO - Loaded (2756, 94, 1, 128) from c988840ad5b248439ea50388df69489c
2026-09-07 14:05:55,284 - root - INFO - Loaded (1392, 94, 1, 128) from 348e174acc804b2fbc5c396d1370f4e8
2026-09-07 14:05:55,295 - root - INFO - Original tokens: torch.Size([1392, 94, 1, 128]). Sampled tokens: torch.Size([730, 94, 1, 128])
2026-09-07 14:05:55,323 - root - INFO - Original tokens: torch.Size([2756, 94, 1, 128]). Sampled tokens: torch.Size([730, 94, 1, 128])
2026-09-07 14:05:55,975 - root - INFO - Loaded (1385, 94, 1, 128) from 18625e8fd76042e48b67fd209bd1f23d
2026-09-07 14:05:55,985 - root - INFO - Original tokens: torch.Size([1385, 94, 1, 128]). Sampled tokens: torch.Size([730, 94, 1, 128])
2026-09-07 14:05:55,990 - root - INFO - Loaded (1385, 94, 1, 128) from 18625e8fd76042e48b67fd209bd1f23d
2026-09-07 14:05:56,038 - root - INFO - Original tokens: torch.Size([1385, 94, 1, 128]). Sampled tokens: torch.Size([730, 94, 1, 128])
2026-09-07 14:05:56,722 - root - INFO - Loaded (2238, 94, 1, 128) from 0112e6cec4a94743929c6d7dc8e81a5a
2026-09-07 14:05:56,733 - root - INFO - Original tokens: torch.Size([2238, 94, 1, 128]). Sampled tokens: torch.Size([730, 94, 1, 128])
2026-09-07 14:05:56,741 - root - INFO - Loaded (1389, 94, 1, 128) from 6189a2149aec449881d530c477214690
2026-09-07 14:05:56,789 - root - INFO - Original tokens: torch.Size([1389, 94, 1, 128]). Sampled tokens: torch.Size([730, 94, 1, 128])
2026-09-07 14:05:57,204 - root - INFO - Loaded (12305, 94, 1, 128) from b3a873cd575d4f2ba8256d73d92efd05
2026-09-07 14:05:57,223 - root - INFO - Original tokens: torch.Size([12305, 94, 1, 128]). Sampled tokens: torch.Size([747, 94, 1, 128])
2026-09-07 14:05:57,508 - root - INFO - Loaded (1132, 94, 1, 128) from 1ec0cf8c03334d998f1d83da28f13494
2026-09-07 14:05:57,560 - root - INFO - Original tokens: torch.Size([1132, 94, 1, 128]). Sampled tokens: torch.Size([730, 94, 1, 128])
2026-09-07 14:05:57,575 - root - INFO - Loaded (2642, 94, 1, 128) from 70b4c498458b438bbabd32e705e29e81
2026-09-07 14:05:57,585 - root - INFO - Original tokens: torch.Size([2642, 94, 1, 128]). Sampled tokens: torch.Size([730, 94, 1, 128])
2026-09-07 14:05:57,869 - root - INFO - Loaded (1216, 94, 1, 128) from b232e0f6a3ad4061ada636ad0ad42efb
2026-09-07 14:05:57,879 - root - INFO - Original tokens: torch.Size([1216, 94, 1, 128]). Sampled tokens: torch.Size([747, 94, 1, 128])
2026-09-07 14:05:58,271 - root - INFO - Loaded (1390, 94, 1, 128) from 1f9157dd6999405597a1e5e054167dd3
2026-09-07 14:05:58,282 - root - INFO - Original tokens: torch.Size([1390, 94, 1, 128]). Sampled tokens: torch.Size([730, 94, 1, 128])
2026-09-07 14:05:58,317 - root - INFO - Loaded (2698, 94, 1, 128) from cdeb6438942e42e6ba51c2406f74d083
2026-09-07 14:05:58,365 - root - INFO - Original tokens: torch.Size([2698, 94, 1, 128]). Sampled tokens: torch.Size([730, 94, 1, 128])
2026-09-07 14:05:58,724 - root - INFO - Loaded (3985, 94, 1, 128) from f6691523dccb485d8deeaff0c062ac69
2026-09-07 14:05:58,736 - root - INFO - Original tokens: torch.Size([3985, 94, 1, 128]). Sampled tokens: torch.Size([747, 94, 1, 128])
2026-09-07 14:05:59,006 - root - INFO - Loaded (1326, 94, 1, 128) from ef06ac0ac815490482f1301c36b8641f
2026-09-07 14:05:59,019 - root - INFO - Loaded (1974, 94, 1, 128) from e7d7c3adf750434f9f3949486f1d95ae
2026-09-07 14:05:59,030 - root - INFO - Original tokens: torch.Size([1974, 94, 1, 128]). Sampled tokens: torch.Size([730, 94, 1, 128])
2026-09-07 14:05:59,054 - root - INFO - Original tokens: torch.Size([1326, 94, 1, 128]). Sampled tokens: torch.Size([730, 94, 1, 128])
2026-09-07 14:05:59,764 - root - INFO - Loaded (1808, 94, 1, 128) from bfe2ae00a26445bbb51d36443169f79d
2026-09-07 14:05:59,774 - root - INFO - Original tokens: torch.Size([1808, 94, 1, 128]). Sampled tokens: torch.Size([730, 94, 1, 128])
2026-09-07 14:06:00,017 - root - INFO - Loaded (4515, 94, 1, 128) from caf1675569f44e3dabd96082e4304c13
2026-09-07 14:06:00,098 - root - INFO - Original tokens: torch.Size([4515, 94, 1, 128]). Sampled tokens: torch.Size([730, 94, 1, 128])
2026-09-07 14:06:00,552 - root - INFO - Loaded (2149, 94, 1, 128) from 959996749b0043b1aa2497642c57b12c
2026-09-07 14:06:00,568 - root - INFO - Original tokens: torch.Size([2149, 94, 1, 128]). Sampled tokens: torch.Size([730, 94, 1, 128])
2026-09-07 14:06:00,799 - root - INFO - Loaded (1390, 94, 1, 128) from 1f9157dd6999405597a1e5e054167dd3
2026-09-07 14:06:00,866 - root - INFO - Original tokens: torch.Size([1390, 94, 1, 128]). Sampled tokens: torch.Size([730, 94, 1, 128])
2026-09-07 14:06:01,470 - root - INFO - Loaded (4003, 94, 1, 128) from ab1ccef4ee084a978d242fc0def5c922
2026-09-07 14:06:01,481 - root - INFO - Original tokens: torch.Size([4003, 94, 1, 128]). Sampled tokens: torch.Size([730, 94, 1, 128])
2026-09-07 14:06:01,669 - root - INFO - Loaded (2031, 94, 1, 128) from f50aa7f70ea74ef785a6fcf2cf3639f4
2026-09-07 14:06:01,732 - root - INFO - Original tokens: torch.Size([2031, 94, 1, 128]). Sampled tokens: torch.Size([730, 94, 1, 128])
2026-09-07 14:06:01,755 - root - INFO - Loaded (16161, 94, 1, 128) from d06447312cc54ced848420f4c6f2e0af
2026-09-07 14:06:01,766 - root - INFO - Original tokens: torch.Size([16161, 94, 1, 128]). Sampled tokens: torch.Size([747, 94, 1, 128])
2026-09-07 14:06:02,186 - root - INFO - Loaded (1739, 94, 1, 128) from 5ac46a3790e04cc3b5ef9bb66870cf15
2026-09-07 14:06:02,195 - root - INFO - Original tokens: torch.Size([1739, 94, 1, 128]). Sampled tokens: torch.Size([730, 94, 1, 128])
2026-09-07 14:06:02,383 - root - INFO - Loaded (1329, 94, 1, 128) from 98e0649fccc941ac95dcc781e73d960d
2026-09-07 14:06:02,447 - root - INFO - Original tokens: torch.Size([1329, 94, 1, 128]). Sampled tokens: torch.Size([730, 94, 1, 128])
2026-09-07 14:06:02,521 - root - INFO - Loaded (2262, 94, 1, 128) from 2879ec0e59ea496397286c1095cce903
2026-09-07 14:06:02,534 - root - INFO - Original tokens: torch.Size([2262, 94, 1, 128]). Sampled tokens: torch.Size([747, 94, 1, 128])
2026-09-07 14:06:02,872 - root - INFO - Loaded (2179, 94, 1, 128) from 95d5b21b863548a4937a9ef45408f550
2026-09-07 14:06:02,882 - root - INFO - Original tokens: torch.Size([2179, 94, 1, 128]). Sampled tokens: torch.Size([730, 94, 1, 128])
2026-09-07 14:06:03,178 - root - INFO - Loaded (1916, 94, 1, 128) from fe9e141880914f4ca7b90158dbb82c07
2026-09-07 14:06:03,228 - root - INFO - Original tokens: torch.Size([1916, 94, 1, 128]). Sampled tokens: torch.Size([730, 94, 1, 128])
2026-09-07 14:06:03,600 - root - INFO - Loaded (4473, 94, 1, 128) from 78f535a9462d41d3aa5d5e792d7fe336
2026-09-07 14:06:03,611 - root - INFO - Original tokens: torch.Size([4473, 94, 1, 128]). Sampled tokens: torch.Size([747, 94, 1, 128])
2026-09-07 14:06:03,641 - root - INFO - Loaded (2576, 94, 1, 128) from e22adb59c0fd4b08a638265a012db106
2026-09-07 14:06:03,655 - root - INFO - Original tokens: torch.Size([2576, 94, 1, 128]). Sampled tokens: torch.Size([730, 94, 1, 128])
2026-09-07 14:06:03,853 - root - INFO - Loaded (1075, 94, 1, 128) from 6b35618ca35d486b865a0f8e88654a6f
2026-09-07 14:06:03,925 - root - INFO - Original tokens: torch.Size([1075, 94, 1, 128]). Sampled tokens: torch.Size([730, 94, 1, 128])
2026-09-07 14:06:04,318 - root - INFO - Loaded (1855, 94, 1, 128) from 46595915f9ba4623a85abdcae96d9f37
2026-09-07 14:06:04,329 - root - INFO - Original tokens: torch.Size([1855, 94, 1, 128]). Sampled tokens: torch.Size([747, 94, 1, 128])
2026-09-07 14:06:04,343 - root - INFO - Loaded (1301, 94, 1, 128) from 773f008d4b344d9cb393ae43ad0e550f
2026-09-07 14:06:04,354 - root - INFO - Original tokens: torch.Size([1301, 94, 1, 128]). Sampled tokens: torch.Size([730, 94, 1, 128])
2026-09-07 14:06:04,971 - root - INFO - Loaded (1301, 94, 1, 128) from 3291c87987fc4aa2be36b8fbeb3e866b
2026-09-07 14:06:04,985 - root - INFO - Original tokens: torch.Size([1301, 94, 1, 128]). Sampled tokens: torch.Size([747, 94, 1, 128])
2026-09-07 14:06:05,216 - root - INFO - Loaded (6229, 94, 1, 128) from 9fe872b186684cebb2f507d9b2d05a8e
2026-09-07 14:06:05,280 - root - INFO - Original tokens: torch.Size([6229, 94, 1, 128]). Sampled tokens: torch.Size([730, 94, 1, 128])
2026-09-07 14:06:05,363 - root - INFO - Loaded (4571, 94, 1, 128) from 578d95973340420090533380f88eafbd
2026-09-07 14:06:05,377 - root - INFO - Original tokens: torch.Size([4571, 94, 1, 128]). Sampled tokens: torch.Size([730, 94, 1, 128])
2026-09-07 14:06:06,069 - root - INFO - Loaded (1137, 94, 1, 128) from 9cc2b84cd4e840cc9ddfdfcaca0e44cc
2026-09-07 14:06:06,078 - root - INFO - Original tokens: torch.Size([1137, 94, 1, 128]). Sampled tokens: torch.Size([730, 94, 1, 128])
2026-09-07 14:06:06,113 - root - INFO - Loaded (5015, 94, 1, 128) from eee28850e7324b9684ef08f382d45012
2026-09-07 14:06:06,125 - root - INFO - Original tokens: torch.Size([5015, 94, 1, 128]). Sampled tokens: torch.Size([747, 94, 1, 128])
2026-09-07 14:06:06,177 - root - INFO - Loaded (3543, 94, 1, 128) from 781fc55da0dd47b89a98465b6a42fd4b
2026-09-07 14:06:06,247 - root - INFO - Original tokens: torch.Size([3543, 94, 1, 128]). Sampled tokens: torch.Size([730, 94, 1, 128])
2026-09-07 14:06:06,809 - root - INFO - Loaded (1346, 94, 1, 128) from 0c76ac4183ec46e290c18b806de9f69f
2026-09-07 14:06:06,819 - root - INFO - Original tokens: torch.Size([1346, 94, 1, 128]). Sampled tokens: torch.Size([730, 94, 1, 128])
2026-09-07 14:06:06,929 - root - INFO - Loaded (2968, 94, 1, 128) from e87d69b8f9e04ea8a4e9ec8c11a8212f
2026-09-07 14:06:06,939 - root - INFO - Original tokens: torch.Size([2968, 94, 1, 128]). Sampled tokens: torch.Size([747, 94, 1, 128])
2026-09-07 14:06:07,007 - root - INFO - Loaded (2262, 94, 1, 128) from 2624c40224ac468dbf7478345b92d0f4
2026-09-07 14:06:07,079 - root - INFO - Original tokens: torch.Size([2262, 94, 1, 128]). Sampled tokens: torch.Size([730, 94, 1, 128])
2026-09-07 14:06:07,597 - root - INFO - Loaded (2671, 94, 1, 128) from 4b84851d93824fbcbe37208f36eddbbb
2026-09-07 14:06:07,607 - root - INFO - Original tokens: torch.Size([2671, 94, 1, 128]). Sampled tokens: torch.Size([730, 94, 1, 128])
2026-09-07 14:06:07,664 - root - INFO - Loaded (2113, 94, 1, 128) from 2aa2a018f51d46aeb2cb1e8426f47ca3
2026-09-07 14:06:07,675 - root - INFO - Original tokens: torch.Size([2113, 94, 1, 128]). Sampled tokens: torch.Size([747, 94, 1, 128])
2026-09-07 14:06:07,737 - root - INFO - Loaded (1435, 94, 1, 128) from d8d4cd1ac05a4b2bb6a01b86f6d6989b
2026-09-07 14:06:07,799 - root - INFO - Original tokens: torch.Size([1435, 94, 1, 128]). Sampled tokens: torch.Size([730, 94, 1, 128])
2026-09-07 14:06:08,479 - root - INFO - Loaded (1443, 94, 1, 128) from 6b845ca9ef6e4f73a7a348e163081fd2
2026-09-07 14:06:08,532 - root - INFO - Loaded (3282, 94, 1, 128) from 11f10ad7e3e644b0bb37591a47656aab
2026-09-07 14:06:08,544 - root - INFO - Original tokens: torch.Size([3282, 94, 1, 128]). Sampled tokens: torch.Size([747, 94, 1, 128])
2026-09-07 14:06:08,550 - root - INFO - Original tokens: torch.Size([1443, 94, 1, 128]). Sampled tokens: torch.Size([730, 94, 1, 128])
2026-09-07 14:06:08,693 - root - INFO - Loaded (4623, 94, 1, 128) from 95d84c91ad4e477d9dc22cc77dec8127
2026-09-07 14:06:08,706 - root - INFO - Original tokens: torch.Size([4623, 94, 1, 128]). Sampled tokens: torch.Size([730, 94, 1, 128])
2026-09-07 14:06:09,226 - root - INFO - Loaded (1234, 94, 1, 128) from bc3d686e534c44a78727e5e0edd5fa00
2026-09-07 14:06:09,237 - root - INFO - Original tokens: torch.Size([1234, 94, 1, 128]). Sampled tokens: torch.Size([747, 94, 1, 128])
2026-09-07 14:06:09,284 - root - INFO - Loaded (2046, 94, 1, 128) from 5f741312dd5248d39dc32f657a894cdf
2026-09-07 14:06:09,343 - root - INFO - Original tokens: torch.Size([2046, 94, 1, 128]). Sampled tokens: torch.Size([730, 94, 1, 128])
2026-09-07 14:06:09,516 - root - INFO - Loaded (1876, 94, 1, 128) from 2ce81010b5124d159691015d3af32319
2026-09-07 14:06:09,535 - root - INFO - Original tokens: torch.Size([1876, 94, 1, 128]). Sampled tokens: torch.Size([730, 94, 1, 128])
2026-09-07 14:06:10,249 - root - INFO - Loaded (1346, 94, 1, 128) from 0348b79d0ae1499f8e8325bd4575209a
2026-09-07 14:06:10,268 - root - INFO - Original tokens: torch.Size([1346, 94, 1, 128]). Sampled tokens: torch.Size([730, 94, 1, 128])
2026-09-07 14:06:10,367 - root - INFO - Loaded (4158, 94, 1, 128) from 80924b9113a148489c683c364489847f
2026-09-07 14:06:10,421 - root - INFO - Original tokens: torch.Size([4158, 94, 1, 128]). Sampled tokens: torch.Size([730, 94, 1, 128])
2026-09-07 14:06:10,908 - root - INFO - Loaded (1206, 94, 1, 128) from ad161e6dfec8465d9837a4c8e3c9b53b
2026-09-07 14:06:10,921 - root - INFO - Original tokens: torch.Size([1206, 94, 1, 128]). Sampled tokens: torch.Size([730, 94, 1, 128])
2026-09-07 14:06:11,167 - root - INFO - Loaded (2068, 94, 1, 128) from cc1875751ad64c5097a8ede1d232f11e
2026-09-07 14:06:11,217 - root - INFO - Original tokens: torch.Size([2068, 94, 1, 128]). Sampled tokens: torch.Size([730, 94, 1, 128])
2026-09-07 14:06:11,392 - root - INFO - Loaded (8781, 94, 1, 128) from f6eb2c3a0c2b4e83898c0ee25b70f4f8
2026-09-07 14:06:11,417 - root - INFO - Original tokens: torch.Size([8781, 94, 1, 128]). Sampled tokens: torch.Size([747, 94, 1, 128])
2026-09-07 14:06:11,632 - root - INFO - Loaded (2072, 94, 1, 128) from e31935d8d92749889cdb59e6dbaba559
2026-09-07 14:06:11,643 - root - INFO - Original tokens: torch.Size([2072, 94, 1, 128]). Sampled tokens: torch.Size([730, 94, 1, 128])
2026-09-07 14:06:11,856 - root - INFO - Loaded (1236, 94, 1, 128) from 85923b0abd214d37a202bee1a5cbd3b5
2026-09-07 14:06:11,921 - root - INFO - Original tokens: torch.Size([1236, 94, 1, 128]). Sampled tokens: torch.Size([730, 94, 1, 128])
2026-09-07 14:06:12,294 - root - INFO - Loaded (1100, 94, 1, 128) from 1ec5884670a84c9eb620ede8ce02182d
2026-09-07 14:06:12,306 - root - INFO - Original tokens: torch.Size([1100, 94, 1, 128]). Sampled tokens: torch.Size([730, 94, 1, 128])
2026-09-07 14:06:12,678 - root - INFO - Loaded (2767, 94, 1, 128) from 02451d1c634c4df3b59da14af3013110
2026-09-07 14:06:12,745 - root - INFO - Original tokens: torch.Size([2767, 94, 1, 128]). Sampled tokens: torch.Size([730, 94, 1, 128])
2026-09-07 14:06:12,956 - root - INFO - Loaded (1285, 94, 1, 128) from e376401fee964a2e9d2beab91210933f
2026-09-07 14:06:12,973 - root - INFO - Original tokens: torch.Size([1285, 94, 1, 128]). Sampled tokens: torch.Size([730, 94, 1, 128])
2026-09-07 14:06:13,509 - root - INFO - Loaded (2457, 94, 1, 128) from 1122effcd6b44683981ffdbf1b1d1fb1
2026-09-07 14:06:13,575 - root - INFO - Original tokens: torch.Size([2457, 94, 1, 128]). Sampled tokens: torch.Size([730, 94, 1, 128])
2026-09-07 14:06:13,780 - root - INFO - Loaded (2355, 94, 1, 128) from 12cfa828bde0487fa654227fd72d9e1d
2026-09-07 14:06:13,795 - root - INFO - Original tokens: torch.Size([2355, 94, 1, 128]). Sampled tokens: torch.Size([730, 94, 1, 128])
2026-09-07 14:06:14,053 - root - INFO - Loaded (13483, 94, 1, 128) from 03f73aa4c10e478fa6f9142749e7e448
2026-09-07 14:06:14,071 - root - INFO - Original tokens: torch.Size([13483, 94, 1, 128]). Sampled tokens: torch.Size([747, 94, 1, 128])
2026-09-07 14:06:14,306 - root - INFO - Loaded (1206, 94, 1, 128) from ad161e6dfec8465d9837a4c8e3c9b53b
2026-09-07 14:06:14,376 - root - INFO - Original tokens: torch.Size([1206, 94, 1, 128]). Sampled tokens: torch.Size([730, 94, 1, 128])
2026-09-07 14:06:14,551 - root - INFO - Loaded (2031, 94, 1, 128) from f50aa7f70ea74ef785a6fcf2cf3639f4
2026-09-07 14:06:14,562 - root - INFO - Original tokens: torch.Size([2031, 94, 1, 128]). Sampled tokens: torch.Size([730, 94, 1, 128])
2026-09-07 14:06:14,774 - root - INFO - Loaded (1440, 94, 1, 128) from 3944c6833ec740be92b4489a598393b7
2026-09-07 14:06:14,786 - root - INFO - Original tokens: torch.Size([1440, 94, 1, 128]). Sampled tokens: torch.Size([747, 94, 1, 128])
2026-09-07 14:06:15,206 - root - INFO - Loaded (2853, 94, 1, 128) from b2a35c63def24a2199f2dfcbd901387a
2026-09-07 14:06:15,256 - root - INFO - Original tokens: torch.Size([2853, 94, 1, 128]). Sampled tokens: torch.Size([730, 94, 1, 128])
2026-09-07 14:06:15,296 - root - INFO - Loaded (2183, 94, 1, 128) from f81eb00f5fea45cab78d1079f2822932
2026-09-07 14:06:15,305 - root - INFO - Original tokens: torch.Size([2183, 94, 1, 128]). Sampled tokens: torch.Size([730, 94, 1, 128])
2026-09-07 14:06:15,545 - root - INFO - Loaded (2264, 94, 1, 128) from d67106bf3ce54a1dad1814f1f8914ca0
2026-09-07 14:06:15,562 - root - INFO - Original tokens: torch.Size([2264, 94, 1, 128]). Sampled tokens: torch.Size([747, 94, 1, 128])
2026-09-07 14:06:15,994 - root - INFO - Loaded (1922, 94, 1, 128) from 9e1d1393549c48079d1060a5d1363dc6
2026-09-07 14:06:16,047 - root - INFO - Original tokens: torch.Size([1922, 94, 1, 128]). Sampled tokens: torch.Size([730, 94, 1, 128])
2026-09-07 14:06:16,081 - root - INFO - Loaded (2051, 94, 1, 128) from ac5b43bae9bf464c90df7491fbddf0f3
2026-09-07 14:06:16,093 - root - INFO - Original tokens: torch.Size([2051, 94, 1, 128]). Sampled tokens: torch.Size([730, 94, 1, 128])
2026-09-07 14:06:16,494 - root - INFO - Loaded (3639, 94, 1, 128) from 777881bf1c92416c8a677cd7a2224e46
2026-09-07 14:06:16,506 - root - INFO - Original tokens: torch.Size([3639, 94, 1, 128]). Sampled tokens: torch.Size([747, 94, 1, 128])
2026-09-07 14:06:16,753 - root - INFO - Loaded (1159, 94, 1, 128) from 722893802e604992943d897094ac4934
2026-09-07 14:06:16,770 - root - INFO - Original tokens: torch.Size([1159, 94, 1, 128]). Sampled tokens: torch.Size([730, 94, 1, 128])
2026-09-07 14:06:16,865 - root - INFO - Loaded (2640, 94, 1, 128) from 4b17b0739a2f4b298421e21203ff64f8
2026-09-07 14:06:16,919 - root - INFO - Original tokens: torch.Size([2640, 94, 1, 128]). Sampled tokens: torch.Size([730, 94, 1, 128])
2026-09-07 14:06:17,350 - root - INFO - Loaded (2255, 94, 1, 128) from fd90af6ffe9f4162bcee82c2a308d9ad
2026-09-07 14:06:17,360 - root - INFO - Original tokens: torch.Size([2255, 94, 1, 128]). Sampled tokens: torch.Size([747, 94, 1, 128])
2026-09-07 14:06:17,436 - root - INFO - Loaded (1075, 94, 1, 128) from 6b35618ca35d486b865a0f8e88654a6f
2026-09-07 14:06:17,447 - root - INFO - Original tokens: torch.Size([1075, 94, 1, 128]). Sampled tokens: torch.Size([730, 94, 1, 128])
2026-09-07 14:06:17,790 - root - INFO - Loaded (4003, 94, 1, 128) from ab1ccef4ee084a978d242fc0def5c922
2026-09-07 14:06:17,845 - root - INFO - Original tokens: torch.Size([4003, 94, 1, 128]). Sampled tokens: torch.Size([730, 94, 1, 128])
2026-09-07 14:06:18,172 - root - INFO - Loaded (1550, 94, 1, 128) from 1e2890e3b41a40c2b525ee76a9be30fd
2026-09-07 14:06:18,183 - root - INFO - Original tokens: torch.Size([1550, 94, 1, 128]). Sampled tokens: torch.Size([730, 94, 1, 128])
2026-09-07 14:06:18,687 - root - INFO - Loaded (2183, 94, 1, 128) from f81eb00f5fea45cab78d1079f2822932
2026-09-07 14:06:18,739 - root - INFO - Original tokens: torch.Size([2183, 94, 1, 128]). Sampled tokens: torch.Size([730, 94, 1, 128])
2026-09-07 14:06:18,978 - root - INFO - Loaded (2223, 94, 1, 128) from 58b4972e7ccf4e659e39bcfc3bbab399
2026-09-07 14:06:18,998 - root - INFO - Original tokens: torch.Size([2223, 94, 1, 128]). Sampled tokens: torch.Size([730, 94, 1, 128])
2026-09-07 14:06:19,777 - root - INFO - Loaded (2262, 94, 1, 128) from 2624c40224ac468dbf7478345b92d0f4
2026-09-07 14:06:19,792 - root - INFO - Original tokens: torch.Size([2262, 94, 1, 128]). Sampled tokens: torch.Size([730, 94, 1, 128])
2026-09-07 14:06:19,871 - root - INFO - Loaded (11745, 94, 1, 128) from cd42facab60040739c50f41bdd00fa1c
2026-09-07 14:06:19,904 - root - INFO - Original tokens: torch.Size([11745, 94, 1, 128]). Sampled tokens: torch.Size([747, 94, 1, 128])
2026-09-07 14:06:20,186 - root - INFO - Loaded (6470, 94, 1, 128) from 0a9fb125088f465e9954b66f4bb6d92e
2026-09-07 14:06:20,280 - root - INFO - Original tokens: torch.Size([6470, 94, 1, 128]). Sampled tokens: torch.Size([730, 94, 1, 128])
2026-09-07 14:06:20,553 - root - INFO - Loaded (1389, 94, 1, 128) from 6189a2149aec449881d530c477214690
2026-09-07 14:06:20,562 - root - INFO - Original tokens: torch.Size([1389, 94, 1, 128]). Sampled tokens: torch.Size([730, 94, 1, 128])
2026-09-07 14:06:20,655 - root - INFO - Loaded (2049, 94, 1, 128) from f03c66c7763948f0be532e5ffc1e7523
2026-09-07 14:06:20,670 - root - INFO - Original tokens: torch.Size([2049, 94, 1, 128]). Sampled tokens: torch.Size([747, 94, 1, 128])
2026-09-07 14:06:21,038 - root - INFO - Loaded (2355, 94, 1, 128) from 12cfa828bde0487fa654227fd72d9e1d
2026-09-07 14:06:21,115 - root - INFO - Original tokens: torch.Size([2355, 94, 1, 128]). Sampled tokens: torch.Size([730, 94, 1, 128])
2026-09-07 14:06:21,368 - root - INFO - Loaded (1843, 94, 1, 128) from 733c28a3fa58460aa15ebc2fd352c53a
2026-09-07 14:06:21,378 - root - INFO - Original tokens: torch.Size([1843, 94, 1, 128]). Sampled tokens: torch.Size([730, 94, 1, 128])
2026-09-07 14:06:21,930 - root - INFO - Loaded (2903, 94, 1, 128) from 06194ab40afd452fa4106f3aa273e3ac
2026-09-07 14:06:22,014 - root - INFO - Original tokens: torch.Size([2903, 94, 1, 128]). Sampled tokens: torch.Size([747, 94, 1, 128])
2026-09-07 14:06:22,182 - root - INFO - Loaded (1450, 94, 1, 128) from 5d4b879ad98049daa51e8c11bf43ec42
2026-09-07 14:06:22,193 - root - INFO - Original tokens: torch.Size([1450, 94, 1, 128]). Sampled tokens: torch.Size([730, 94, 1, 128])
2026-09-07 14:06:22,889 - root - INFO - Loaded (1443, 94, 1, 128) from 6b845ca9ef6e4f73a7a348e163081fd2
2026-09-07 14:06:22,907 - root - INFO - Original tokens: torch.Size([1443, 94, 1, 128]). Sampled tokens: torch.Size([730, 94, 1, 128])
2026-09-07 14:06:23,369 - root - INFO - Loaded (13769, 94, 1, 128) from 1e5353d15c564752a2ae0796d5bb79b0
2026-09-07 14:06:23,398 - root - INFO - Original tokens: torch.Size([13769, 94, 1, 128]). Sampled tokens: torch.Size([747, 94, 1, 128])
2026-09-07 14:06:23,723 - root - INFO - Loaded (2756, 94, 1, 128) from c988840ad5b248439ea50388df69489c
2026-09-07 14:06:23,734 - root - INFO - Original tokens: torch.Size([2756, 94, 1, 128]). Sampled tokens: torch.Size([730, 94, 1, 128])
2026-09-07 14:06:24,307 - root - INFO - Loaded (9252, 94, 1, 128) from a8a7791bd3404d2c8f348cb4e3ced958
2026-09-07 14:06:24,441 - root - INFO - Original tokens: torch.Size([9252, 94, 1, 128]). Sampled tokens: torch.Size([747, 94, 1, 128])
2026-09-07 14:06:24,637 - root - INFO - Loaded (2853, 94, 1, 128) from b2a35c63def24a2199f2dfcbd901387a
2026-09-07 14:06:24,648 - root - INFO - Original tokens: torch.Size([2853, 94, 1, 128]). Sampled tokens: torch.Size([730, 94, 1, 128])
2026-09-07 14:06:24,897 - root - INFO - Loaded (7034, 94, 1, 128) from 804a3a2a498e4336813006449f44dec5
2026-09-07 14:06:24,918 - root - INFO - Original tokens: torch.Size([7034, 94, 1, 128]). Sampled tokens: torch.Size([747, 94, 1, 128])
2026-09-07 14:06:25,451 - root - INFO - Loaded (2439, 94, 1, 128) from 9921d3d871144b4abb9df9ae95b35638
2026-09-07 14:06:25,463 - root - INFO - Original tokens: torch.Size([2439, 94, 1, 128]). Sampled tokens: torch.Size([730, 94, 1, 128])
2026-09-07 14:06:26,292 - root - INFO - Loaded (2894, 94, 1, 128) from a4864fca4946455f90b1e608952173f1
2026-09-07 14:06:26,313 - root - INFO - Original tokens: torch.Size([2894, 94, 1, 128]). Sampled tokens: torch.Size([730, 94, 1, 128])
2026-09-07 14:06:26,776 - root - INFO - Loaded (11019, 94, 1, 128) from dd3a8f813ce24153b8ea1dfc6ced2e8e
2026-09-07 14:06:26,881 - root - INFO - Original tokens: torch.Size([11019, 94, 1, 128]). Sampled tokens: torch.Size([747, 94, 1, 128])
2026-09-07 14:06:27,053 - root - INFO - Loaded (1993, 94, 1, 128) from f57ac27b0e364574a95702cd68ba5c44
2026-09-07 14:06:27,068 - root - INFO - Original tokens: torch.Size([1993, 94, 1, 128]). Sampled tokens: torch.Size([730, 94, 1, 128])
2026-09-07 14:06:27,359 - root - INFO - Loaded (11225, 94, 1, 128) from a63e9c95b44c4c7a96bec21dbfa95e08
2026-09-07 14:06:27,379 - root - INFO - Original tokens: torch.Size([11225, 94, 1, 128]). Sampled tokens: torch.Size([747, 94, 1, 128])
2026-09-07 14:06:27,833 - root - INFO - Loaded (1868, 94, 1, 128) from a7c2915f1503449bba17bce3001de504
2026-09-07 14:06:27,844 - root - INFO - Original tokens: torch.Size([1868, 94, 1, 128]). Sampled tokens: torch.Size([730, 94, 1, 128])
2026-09-07 14:06:28,520 - root - INFO - Loaded (1435, 94, 1, 128) from d8d4cd1ac05a4b2bb6a01b86f6d6989b
2026-09-07 14:06:28,541 - root - INFO - Original tokens: torch.Size([1435, 94, 1, 128]). Sampled tokens: torch.Size([730, 94, 1, 128])
2026-09-07 14:06:28,995 - root - INFO - Loaded (9800, 94, 1, 128) from 1c6245deb6144b10b3532a448b8e872c
2026-09-07 14:06:29,095 - root - INFO - Original tokens: torch.Size([9800, 94, 1, 128]). Sampled tokens: torch.Size([747, 94, 1, 128])
2026-09-07 14:06:29,324 - root - INFO - Loaded (2533, 94, 1, 128) from cab54893964741498de64245c77895e3
2026-09-07 14:06:29,337 - root - INFO - Original tokens: torch.Size([2533, 94, 1, 128]). Sampled tokens: torch.Size([730, 94, 1, 128])
2026-09-07 14:06:30,478 - root - INFO - Loaded (8158, 94, 1, 128) from 2dae3bfd558d481aa8c293054bbfcd58
2026-09-07 14:06:30,555 - root - INFO - Original tokens: torch.Size([8158, 94, 1, 128]). Sampled tokens: torch.Size([747, 94, 1, 128])
2026-09-07 14:06:30,612 - root - INFO - Loaded (6229, 94, 1, 128) from 9fe872b186684cebb2f507d9b2d05a8e
2026-09-07 14:06:30,625 - root - INFO - Original tokens: torch.Size([6229, 94, 1, 128]). Sampled tokens: torch.Size([730, 94, 1, 128])
2026-09-07 14:06:31,109 - root - INFO - Loaded (19783, 94, 1, 128) from 206da347f69e4f8dbea26b62b7af08f2
2026-09-07 14:06:31,132 - root - INFO - Original tokens: torch.Size([19783, 94, 1, 128]). Sampled tokens: torch.Size([747, 94, 1, 128])
2026-09-07 14:06:31,408 - root - INFO - Loaded (2761, 94, 1, 128) from 416748fb105f467cb63e5916f6ff8c5b
2026-09-07 14:06:31,420 - root - INFO - Original tokens: torch.Size([2761, 94, 1, 128]). Sampled tokens: torch.Size([730, 94, 1, 128])
2026-09-07 14:06:32,013 - root - INFO - Loaded (1132, 94, 1, 128) from 1ec0cf8c03334d998f1d83da28f13494
2026-09-07 14:06:32,026 - root - INFO - Original tokens: torch.Size([1132, 94, 1, 128]). Sampled tokens: torch.Size([730, 94, 1, 128])
2026-09-07 14:06:32,512 - root - INFO - Loaded (8099, 94, 1, 128) from a3ff123265394b78acdbaa889c60eafc
2026-09-07 14:06:32,527 - root - INFO - Original tokens: torch.Size([8099, 94, 1, 128]). Sampled tokens: torch.Size([747, 94, 1, 128])
2026-09-07 14:06:32,818 - root - INFO - Loaded (11959, 94, 1, 128) from f7d7298f13874726824e23e54687d1be
2026-09-07 14:06:32,924 - root - INFO - Original tokens: torch.Size([11959, 94, 1, 128]). Sampled tokens: torch.Size([747, 94, 1, 128])
2026-09-07 14:06:32,970 - root - INFO - Loaded (4045, 94, 1, 128) from 0c60800890ec489f9910e48b5e51f19d
2026-09-07 14:06:32,984 - root - INFO - Original tokens: torch.Size([4045, 94, 1, 128]). Sampled tokens: torch.Size([730, 94, 1, 128])
2026-09-07 14:06:33,732 - root - INFO - Loaded (2574, 94, 1, 128) from 969aa6d05a724186aa2dc4d285cf86c9
2026-09-07 14:06:33,743 - root - INFO - Original tokens: torch.Size([2574, 94, 1, 128]). Sampled tokens: torch.Size([730, 94, 1, 128])
2026-09-07 14:06:33,870 - root - INFO - Loaded (6897, 94, 1, 128) from 006de4b30a8345e0a0ae05a7ead73c3f
2026-09-07 14:06:33,889 - root - INFO - Original tokens: torch.Size([6897, 94, 1, 128]). Sampled tokens: torch.Size([747, 94, 1, 128])
2026-09-07 14:06:34,264 - root - INFO - Loaded (7033, 94, 1, 128) from df0e3358df8d44738b6a3f99e5bc0cd9
2026-09-07 14:06:34,342 - root - INFO - Original tokens: torch.Size([7033, 94, 1, 128]). Sampled tokens: torch.Size([747, 94, 1, 128])
2026-09-07 14:06:34,755 - root - INFO - Loaded (4515, 94, 1, 128) from caf1675569f44e3dabd96082e4304c13
2026-09-07 14:06:34,767 - root - INFO - Original tokens: torch.Size([4515, 94, 1, 128]). Sampled tokens: torch.Size([730, 94, 1, 128])
2026-09-07 14:06:35,291 - root - INFO - Loaded (4136, 94, 1, 128) from 5295405f4a5a404da218841ab2776967
2026-09-07 14:06:35,353 - root - INFO - Original tokens: torch.Size([4136, 94, 1, 128]). Sampled tokens: torch.Size([747, 94, 1, 128])
2026-09-07 14:06:35,463 - root - INFO - Loaded (2010, 94, 1, 128) from 9b412dcb0f854454acd0bea9e2c9b621
2026-09-07 14:06:35,475 - root - INFO - Original tokens: torch.Size([2010, 94, 1, 128]). Sampled tokens: torch.Size([730, 94, 1, 128])
2026-09-07 14:06:36,012 - root - INFO - Loaded (1476, 94, 1, 128) from baf685e74a6649b687e4f007480bb95c
2026-09-07 14:06:36,065 - root - INFO - Original tokens: torch.Size([1476, 94, 1, 128]). Sampled tokens: torch.Size([747, 94, 1, 128])
2026-09-07 14:06:36,146 - root - INFO - Loaded (1648, 94, 1, 128) from 72ed68f42309416d94f44c1febd13a43
2026-09-07 14:06:36,159 - root - INFO - Original tokens: torch.Size([1648, 94, 1, 128]). Sampled tokens: torch.Size([730, 94, 1, 128])
2026-09-07 14:06:36,326 - root - INFO - Loaded (12288, 94, 1, 128) from f5d7f969912f4906842cb55db7604d4d
2026-09-07 14:06:36,351 - root - INFO - Original tokens: torch.Size([12288, 94, 1, 128]). Sampled tokens: torch.Size([747, 94, 1, 128])
2026-09-07 14:06:36,848 - root - INFO - Loaded (2686, 94, 1, 128) from dcf93548c90c44aab7211b46fbdd37ad
2026-09-07 14:06:36,902 - root - INFO - Original tokens: torch.Size([2686, 94, 1, 128]). Sampled tokens: torch.Size([747, 94, 1, 128])
2026-09-07 14:06:36,961 - root - INFO - Loaded (2803, 94, 1, 128) from 13767c4718d548e8ae8738678ec5701e
2026-09-07 14:06:36,975 - root - INFO - Original tokens: torch.Size([2803, 94, 1, 128]). Sampled tokens: torch.Size([730, 94, 1, 128])
2026-09-07 14:06:37,653 - root - INFO - Loaded (6411, 94, 1, 128) from 31f32584ecd843ec859cb29f4d87d4f4
2026-09-07 14:06:37,665 - root - INFO - Original tokens: torch.Size([6411, 94, 1, 128]). Sampled tokens: torch.Size([747, 94, 1, 128])
2026-09-07 14:06:37,691 - root - INFO - Loaded (1916, 94, 1, 128) from fe9e141880914f4ca7b90158dbb82c07
2026-09-07 14:06:37,703 - root - INFO - Original tokens: torch.Size([1916, 94, 1, 128]). Sampled tokens: torch.Size([730, 94, 1, 128])
2026-09-07 14:06:37,732 - root - INFO - Loaded (3878, 94, 1, 128) from 1ac08f24cf6b40e4a0f6154a8b7ee8cc
2026-09-07 14:06:37,788 - root - INFO - Original tokens: torch.Size([3878, 94, 1, 128]). Sampled tokens: torch.Size([747, 94, 1, 128])
2026-09-07 14:06:38,340 - root - INFO - Loaded (1180, 94, 1, 128) from b5caaff3584243a08c3dd9eebd8bd0bc
2026-09-07 14:06:38,351 - root - INFO - Original tokens: torch.Size([1180, 94, 1, 128]). Sampled tokens: torch.Size([730, 94, 1, 128])
2026-09-07 14:06:39,021 - root - INFO - Loaded (7011, 94, 1, 128) from e397a745e52c4df9b02155fc3d2dcf95
2026-09-07 14:06:39,033 - root - INFO - Original tokens: torch.Size([7011, 94, 1, 128]). Sampled tokens: torch.Size([747, 94, 1, 128])
2026-09-07 14:06:39,168 - root - INFO - Loaded (3062, 94, 1, 128) from ff281c89f8664de78bf68eff97a817d8
2026-09-07 14:06:39,180 - root - INFO - Original tokens: torch.Size([3062, 94, 1, 128]). Sampled tokens: torch.Size([730, 94, 1, 128])
2026-09-07 14:06:39,719 - root - INFO - Loaded (1882, 94, 1, 128) from c0410122e6144464a505813f7e2979ab
2026-09-07 14:06:39,732 - root - INFO - Original tokens: torch.Size([1882, 94, 1, 128]). Sampled tokens: torch.Size([747, 94, 1, 128])
2026-09-07 14:06:39,827 - root - INFO - Loaded (1425, 94, 1, 128) from adb01e60b3f64174bb460113bc9ef619
2026-09-07 14:06:39,837 - root - INFO - Original tokens: torch.Size([1425, 94, 1, 128]). Sampled tokens: torch.Size([730, 94, 1, 128])
2026-09-07 14:06:40,390 - root - INFO - Loaded (1027, 94, 1, 128) from ec21efb8eb844e16beebcff0467e4f99
2026-09-07 14:06:40,546 - root - INFO - Original tokens: torch.Size([1027, 94, 1, 128]). Sampled tokens: torch.Size([730, 94, 1, 128])
2026-09-07 14:07:02,069 - root - INFO - Loaded (16432, 94, 1, 128) from fb723e031349433d9ae56c080fe995f0
2026-09-07 14:07:07,240 - root - INFO - Original tokens: torch.Size([16432, 94, 1, 128]). Sampled tokens: torch.Size([747, 94, 1, 128])
2026-09-07 14:07:09,340 - root - INFO - Loaded (6963, 94, 1, 128) from ce0869e6a1ee46b4a15d6742b954135f
2026-09-07 14:07:10,230 - root - INFO - Original tokens: torch.Size([6963, 94, 1, 128]). Sampled tokens: torch.Size([747, 94, 1, 128])
2026-09-07 14:07:32,941 - root - INFO - Loaded (6470, 94, 1, 128) from 0a9fb125088f465e9954b66f4bb6d92e
2026-09-07 14:07:33,718 - root - INFO - Original tokens: torch.Size([6470, 94, 1, 128]). Sampled tokens: torch.Size([730, 94, 1, 128])
2026-09-07 14:07:48,039 - root - INFO - Loaded (3333, 94, 1, 128) from 13287947272c4014a9c5a0041782160d
2026-09-07 14:07:49,404 - root - INFO - Original tokens: torch.Size([3333, 94, 1, 128]). Sampled tokens: torch.Size([747, 94, 1, 128])
2026-09-07 14:07:54,604 - root - INFO - Loaded (3029, 94, 1, 128) from bd31a6ee0305439590a93408946cb923
2026-09-07 14:07:54,655 - root - INFO - Original tokens: torch.Size([3029, 94, 1, 128]). Sampled tokens: torch.Size([730, 94, 1, 128])
2026-09-07 14:07:54,806 - root - INFO - Loaded (7312, 94, 1, 128) from 9a6cdf3bdbc94916bcdbaefcaa7818eb
2026-09-07 14:07:54,843 - root - INFO - Original tokens: torch.Size([7312, 94, 1, 128]). Sampled tokens: torch.Size([747, 94, 1, 128])
2026-09-07 14:07:55,808 - root - INFO - Loaded (2877, 94, 1, 128) from 6a27749da0374b78b5d16b08c357d2bf
2026-09-07 14:07:56,002 - root - INFO - Original tokens: torch.Size([2877, 94, 1, 128]). Sampled tokens: torch.Size([747, 94, 1, 128])
2026-09-07 14:07:56,795 - root - INFO - Loaded (1656, 94, 1, 128) from 3d753b9d887a4c72b4aeacea644ed598
2026-09-07 14:07:56,815 - root - INFO - Original tokens: torch.Size([1656, 94, 1, 128]). Sampled tokens: torch.Size([730, 94, 1, 128])
2026-09-07 14:07:57,318 - root - INFO - Loaded (2113, 94, 1, 128) from ac359322cb2648fc95e232ead111ab8f
2026-09-07 14:07:57,385 - root - INFO - Original tokens: torch.Size([2113, 94, 1, 128]). Sampled tokens: torch.Size([747, 94, 1, 128])
2026-09-07 14:07:57,532 - root - INFO - Loaded (1728, 94, 1, 128) from 41b3e04f06304a5c8e50154b66390d1d
2026-09-07 14:07:57,543 - root - INFO - Original tokens: torch.Size([1728, 94, 1, 128]). Sampled tokens: torch.Size([730, 94, 1, 128])
2026-09-07 14:07:58,065 - root - INFO - Loaded (2264, 94, 1, 128) from d67106bf3ce54a1dad1814f1f8914ca0
2026-09-07 14:07:58,255 - root - INFO - Original tokens: torch.Size([2264, 94, 1, 128]). Sampled tokens: torch.Size([747, 94, 1, 128])
2026-09-07 14:07:58,335 - root - INFO - Loaded (9800, 94, 1, 128) from 1c6245deb6144b10b3532a448b8e872c
2026-09-07 14:07:58,352 - root - INFO - Original tokens: torch.Size([9800, 94, 1, 128]). Sampled tokens: torch.Size([747, 94, 1, 128])
2026-09-07 14:07:58,387 - root - INFO - Loaded (2767, 94, 1, 128) from 02451d1c634c4df3b59da14af3013110
2026-09-07 14:07:58,397 - root - INFO - Original tokens: torch.Size([2767, 94, 1, 128]). Sampled tokens: torch.Size([730, 94, 1, 128])
2026-09-07 14:07:58,878 - root - INFO - Loaded (1196, 94, 1, 128) from 8c1899492d41419dbc5db5e23363f1e2
2026-09-07 14:07:58,929 - root - INFO - Original tokens: torch.Size([1196, 94, 1, 128]). Sampled tokens: torch.Size([747, 94, 1, 128])
2026-09-07 14:07:59,245 - root - INFO - Loaded (4240, 94, 1, 128) from 7b98eecdcf934dd2beefd2fafb7440cc
2026-09-07 14:07:59,257 - root - INFO - Original tokens: torch.Size([4240, 94, 1, 128]). Sampled tokens: torch.Size([730, 94, 1, 128])
2026-09-07 14:07:59,721 - root - INFO - Loaded (3636, 94, 1, 128) from cc52f24174d14edeb0757adeb7870b71
2026-09-07 14:07:59,773 - root - INFO - Original tokens: torch.Size([3636, 94, 1, 128]). Sampled tokens: torch.Size([747, 94, 1, 128])
2026-09-07 14:08:00,340 - root - INFO - Loaded (5330, 94, 1, 128) from ea351a94db47476ca5cd1b5101809a9f
2026-09-07 14:08:00,350 - root - INFO - Original tokens: torch.Size([5330, 94, 1, 128]). Sampled tokens: torch.Size([730, 94, 1, 128])
2026-09-07 14:08:00,448 - root - INFO - Loaded (10763, 94, 1, 128) from 193bcc974cff4b158079fbb1bf7f2eac
2026-09-07 14:08:00,468 - root - INFO - Original tokens: torch.Size([10763, 94, 1, 128]). Sampled tokens: torch.Size([747, 94, 1, 128])
2026-09-07 14:08:01,138 - root - INFO - Loaded (3046, 94, 1, 128) from bda6ca976a064c8cb10cbad2c5709604
2026-09-07 14:08:01,150 - root - INFO - Original tokens: torch.Size([3046, 94, 1, 128]). Sampled tokens: torch.Size([730, 94, 1, 128])
2026-09-07 14:08:01,864 - root - INFO - Loaded (2084, 94, 1, 128) from 8eb22d8ae2fb4194909db67b02c0af3b
2026-09-07 14:08:01,874 - root - INFO - Original tokens: torch.Size([2084, 94, 1, 128]). Sampled tokens: torch.Size([730, 94, 1, 128])
2026-09-07 14:08:02,040 - root - INFO - Loaded (11477, 94, 1, 128) from 9b5909decc514881a4f04f87fc03cbb9
2026-09-07 14:08:02,133 - root - INFO - Original tokens: torch.Size([11477, 94, 1, 128]). Sampled tokens: torch.Size([747, 94, 1, 128])
2026-09-07 14:08:02,629 - root - INFO - Loaded (2216, 94, 1, 128) from 1e9b3fa270bb4b2480140caa5d2b6ee1
2026-09-07 14:08:02,639 - root - INFO - Original tokens: torch.Size([2216, 94, 1, 128]). Sampled tokens: torch.Size([730, 94, 1, 128])
2026-09-07 14:08:02,647 - root - INFO - Loaded (10644, 94, 1, 128) from aacaa5e0837f4a61accecbcfbe754f1d
2026-09-07 14:08:02,672 - root - INFO - Original tokens: torch.Size([10644, 94, 1, 128]). Sampled tokens: torch.Size([747, 94, 1, 128])
2026-09-07 14:08:03,499 - root - INFO - Loaded (2672, 94, 1, 128) from 2f223bc98be44e54af5670bd5770fed9
2026-09-07 14:08:03,510 - root - INFO - Original tokens: torch.Size([2672, 94, 1, 128]). Sampled tokens: torch.Size([730, 94, 1, 128])
2026-09-07 14:08:04,180 - root - INFO - Loaded (1956, 94, 1, 128) from 90aa5dee330e4aeebe210df6ae589813
2026-09-07 14:08:04,190 - root - INFO - Original tokens: torch.Size([1956, 94, 1, 128]). Sampled tokens: torch.Size([730, 94, 1, 128])
2026-09-07 14:08:04,259 - root - INFO - Loaded (9742, 94, 1, 128) from a6277bce40594ebfa5777774e6fba5db
2026-09-07 14:08:04,338 - root - INFO - Original tokens: torch.Size([9742, 94, 1, 128]). Sampled tokens: torch.Size([747, 94, 1, 128])
2026-09-07 14:08:04,878 - root - INFO - Loaded (2116, 94, 1, 128) from 2b76d19f50a5488b88e834a4a3bf257a
2026-09-07 14:08:04,888 - root - INFO - Original tokens: torch.Size([2116, 94, 1, 128]). Sampled tokens: torch.Size([730, 94, 1, 128])
2026-09-07 14:08:05,062 - root - INFO - Loaded (12568, 94, 1, 128) from 22b180b3f67d4b938ebc690f9c977bb4
2026-09-07 14:08:05,083 - root - INFO - Original tokens: torch.Size([12568, 94, 1, 128]). Sampled tokens: torch.Size([747, 94, 1, 128])
2026-09-07 14:08:05,452 - root - INFO - Loaded (1125, 94, 1, 128) from ab92e0b6b48f4edb9bc0603c16818f35
2026-09-07 14:08:05,462 - root - INFO - Original tokens: torch.Size([1125, 94, 1, 128]). Sampled tokens: torch.Size([730, 94, 1, 128])
2026-09-07 14:08:06,132 - root - INFO - Loaded (2298, 94, 1, 128) from b28fe838dcea4d75bac05b743af935f0
2026-09-07 14:08:06,142 - root - INFO - Original tokens: torch.Size([2298, 94, 1, 128]). Sampled tokens: torch.Size([730, 94, 1, 128])
2026-09-07 14:08:06,944 - root - INFO - Loaded (3632, 94, 1, 128) from 5eb9d6f2878541289284da7a54107fab
2026-09-07 14:08:06,957 - root - INFO - Original tokens: torch.Size([3632, 94, 1, 128]). Sampled tokens: torch.Size([730, 94, 1, 128])
2026-09-07 14:08:06,962 - root - INFO - Loaded (16161, 94, 1, 128) from d06447312cc54ced848420f4c6f2e0af
2026-09-07 14:08:07,049 - root - INFO - Original tokens: torch.Size([16161, 94, 1, 128]). Sampled tokens: torch.Size([747, 94, 1, 128])
2026-09-07 14:08:07,560 - root - INFO - Loaded (13988, 94, 1, 128) from 6085d0f0c5f74f778001f7fc0cc8696a
2026-09-07 14:08:07,578 - root - INFO - Original tokens: torch.Size([13988, 94, 1, 128]). Sampled tokens: torch.Size([747, 94, 1, 128])
2026-09-07 14:08:07,651 - root - INFO - Loaded (2035, 94, 1, 128) from 9d8224a7ab6f4fa084bde81cd3799a5c
2026-09-07 14:08:07,662 - root - INFO - Original tokens: torch.Size([2035, 94, 1, 128]). Sampled tokens: torch.Size([730, 94, 1, 128])
2026-09-07 14:08:08,252 - root - INFO - Loaded (1046, 94, 1, 128) from e87c051dea984e748288d3c10c8c895c
2026-09-07 14:08:08,261 - root - INFO - Original tokens: torch.Size([1046, 94, 1, 128]). Sampled tokens: torch.Size([730, 94, 1, 128])
2026-09-07 14:08:08,402 - root - INFO - Loaded (8099, 94, 1, 128) from a3ff123265394b78acdbaa889c60eafc
2026-09-07 14:08:08,472 - root - INFO - Original tokens: torch.Size([8099, 94, 1, 128]). Sampled tokens: torch.Size([747, 94, 1, 128])
2026-09-07 14:08:08,905 - root - INFO - Loaded (1326, 94, 1, 128) from ef06ac0ac815490482f1301c36b8641f
2026-09-07 14:08:08,915 - root - INFO - Original tokens: torch.Size([1326, 94, 1, 128]). Sampled tokens: torch.Size([730, 94, 1, 128])
2026-09-07 14:08:09,238 - root - INFO - Loaded (3994, 94, 1, 128) from a50d62d61f664b8dbbbce34338100471
2026-09-07 14:08:09,294 - root - INFO - Original tokens: torch.Size([3994, 94, 1, 128]). Sampled tokens: torch.Size([747, 94, 1, 128])
2026-09-07 14:08:09,627 - root - INFO - Loaded (2640, 94, 1, 128) from 4b17b0739a2f4b298421e21203ff64f8
2026-09-07 14:08:09,638 - root - INFO - Original tokens: torch.Size([2640, 94, 1, 128]). Sampled tokens: torch.Size([730, 94, 1, 128])
2026-09-07 14:08:10,163 - root - INFO - Loaded (4027, 94, 1, 128) from a278907dcb4d477eafa8e30a4f1cbb7a
2026-09-07 14:08:10,217 - root - INFO - Original tokens: torch.Size([4027, 94, 1, 128]). Sampled tokens: torch.Size([747, 94, 1, 128])
2026-09-07 14:08:10,307 - root - INFO - Loaded (1922, 94, 1, 128) from 9e1d1393549c48079d1060a5d1363dc6
2026-09-07 14:08:10,320 - root - INFO - Original tokens: torch.Size([1922, 94, 1, 128]). Sampled tokens: torch.Size([730, 94, 1, 128])
2026-09-07 14:08:10,574 - root - INFO - Loaded (16434, 94, 1, 128) from 2ab6d79d5ecb458b8b8018c8ec1241b4
2026-09-07 14:08:10,585 - root - INFO - Original tokens: torch.Size([16434, 94, 1, 128]). Sampled tokens: torch.Size([747, 94, 1, 128])
2026-09-07 14:08:10,994 - root - INFO - Loaded (1950, 94, 1, 128) from baf0d2a2ece7420099136cfbfb8d0f7f
2026-09-07 14:08:11,004 - root - INFO - Original tokens: torch.Size([1950, 94, 1, 128]). Sampled tokens: torch.Size([730, 94, 1, 128])
2026-09-07 14:08:11,216 - root - INFO - Loaded (5015, 94, 1, 128) from eee28850e7324b9684ef08f382d45012
2026-09-07 14:08:11,274 - root - INFO - Original tokens: torch.Size([5015, 94, 1, 128]). Sampled tokens: torch.Size([747, 94, 1, 128])
2026-09-07 14:08:11,515 - root - INFO - Loaded (4402, 94, 1, 128) from 0cc95ecf3285487ba3dc5ef3990679eb
2026-09-07 14:08:11,526 - root - INFO - Original tokens: torch.Size([4402, 94, 1, 128]). Sampled tokens: torch.Size([747, 94, 1, 128])
2026-09-07 14:08:11,660 - root - INFO - Loaded (2046, 94, 1, 128) from 5f741312dd5248d39dc32f657a894cdf
2026-09-07 14:08:11,671 - root - INFO - Original tokens: torch.Size([2046, 94, 1, 128]). Sampled tokens: torch.Size([730, 94, 1, 128])
2026-09-07 14:08:12,006 - root - INFO - Loaded (3196, 94, 1, 128) from 7f89b3fba23148ccafe235b843521142
2026-09-07 14:08:12,060 - root - INFO - Original tokens: torch.Size([3196, 94, 1, 128]). Sampled tokens: torch.Size([747, 94, 1, 128])
2026-09-07 14:08:12,122 - root - INFO - Loaded (1476, 94, 1, 128) from baf685e74a6649b687e4f007480bb95c
2026-09-07 14:08:12,139 - root - INFO - Original tokens: torch.Size([1476, 94, 1, 128]). Sampled tokens: torch.Size([747, 94, 1, 128])
2026-09-07 14:08:12,571 - root - INFO - Loaded (4158, 94, 1, 128) from 80924b9113a148489c683c364489847f
2026-09-07 14:08:12,583 - root - INFO - Original tokens: torch.Size([4158, 94, 1, 128]). Sampled tokens: torch.Size([730, 94, 1, 128])
2026-09-07 14:08:12,915 - root - INFO - Loaded (2942, 94, 1, 128) from afadfe2647ce4887bdcfdea8fe0a7df8
2026-09-07 14:08:12,926 - root - INFO - Original tokens: torch.Size([2942, 94, 1, 128]). Sampled tokens: torch.Size([747, 94, 1, 128])
2026-09-07 14:08:13,318 - root - INFO - Loaded (3170, 94, 1, 128) from c0d4c301323f43e8b7a09743e3374bf0
2026-09-07 14:08:13,328 - root - INFO - Original tokens: torch.Size([3170, 94, 1, 128]). Sampled tokens: torch.Size([730, 94, 1, 128])
2026-09-07 14:08:13,894 - root - INFO - Loaded (1270, 94, 1, 128) from 36813b9e7f804fc3b59697b7be5dd5d8
2026-09-07 14:08:13,905 - root - INFO - Original tokens: torch.Size([1270, 94, 1, 128]). Sampled tokens: torch.Size([730, 94, 1, 128])
2026-09-07 14:08:14,448 - root - INFO - Loaded (13769, 94, 1, 128) from 1e5353d15c564752a2ae0796d5bb79b0
2026-09-07 14:08:14,499 - root - INFO - Loaded (1520, 94, 1, 128) from 5869f4575ef2449fba3299f82c5370d9
2026-09-07 14:08:14,511 - root - INFO - Original tokens: torch.Size([1520, 94, 1, 128]). Sampled tokens: torch.Size([730, 94, 1, 128])
2026-09-07 14:08:14,534 - root - INFO - Original tokens: torch.Size([13769, 94, 1, 128]). Sampled tokens: torch.Size([747, 94, 1, 128])
2026-09-07 14:08:14,896 - root - INFO - Loaded (9962, 94, 1, 128) from 53f01e23cb654125bf3f5770cadcf936
2026-09-07 14:08:14,914 - root - INFO - Original tokens: torch.Size([9962, 94, 1, 128]). Sampled tokens: torch.Size([747, 94, 1, 128])
2026-09-07 14:08:15,092 - root - INFO - Loaded (1219, 94, 1, 128) from f6dda268794147ada80ca6cc00426266
2026-09-07 14:08:15,103 - root - INFO - Original tokens: torch.Size([1219, 94, 1, 128]). Sampled tokens: torch.Size([730, 94, 1, 128])
2026-09-07 14:08:15,660 - root - INFO - Loaded (1236, 94, 1, 128) from 85923b0abd214d37a202bee1a5cbd3b5
2026-09-07 14:08:15,669 - root - INFO - Original tokens: torch.Size([1236, 94, 1, 128]). Sampled tokens: torch.Size([730, 94, 1, 128])
2026-09-07 14:08:16,251 - root - INFO - Loaded (1473, 94, 1, 128) from 28047b217352457e9780a89f0448904a
2026-09-07 14:08:16,263 - root - INFO - Original tokens: torch.Size([1473, 94, 1, 128]). Sampled tokens: torch.Size([730, 94, 1, 128])
2026-09-07 14:08:16,588 - root - INFO - Loaded (11152, 94, 1, 128) from 8e86cafd1c1b4e528b33e7cb1532ebff
2026-09-07 14:08:16,673 - root - INFO - Original tokens: torch.Size([11152, 94, 1, 128]). Sampled tokens: torch.Size([747, 94, 1, 128])
2026-09-07 14:08:16,865 - root - INFO - Loaded (9805, 94, 1, 128) from 2f2ca8b7fe7249b2aa08327434fb057f
2026-09-07 14:08:16,883 - root - INFO - Original tokens: torch.Size([9805, 94, 1, 128]). Sampled tokens: torch.Size([747, 94, 1, 128])
2026-09-07 14:08:16,998 - root - INFO - Loaded (2626, 94, 1, 128) from 498d4495264640d5aa7efb1188fdd8d3
2026-09-07 14:08:17,009 - root - INFO - Original tokens: torch.Size([2626, 94, 1, 128]). Sampled tokens: torch.Size([730, 94, 1, 128])
2026-09-07 14:08:17,696 - root - INFO - Loaded (2020, 94, 1, 128) from ba7657a0406841f3bb2ff9d1aa21d9e2
2026-09-07 14:08:17,706 - root - INFO - Original tokens: torch.Size([2020, 94, 1, 128]). Sampled tokens: torch.Size([730, 94, 1, 128])
2026-09-07 14:08:17,747 - root - INFO - Loaded (6010, 94, 1, 128) from 318bc277be394c34ba3a23d0f7dadc00
2026-09-07 14:08:17,802 - root - INFO - Original tokens: torch.Size([6010, 94, 1, 128]). Sampled tokens: torch.Size([747, 94, 1, 128])
2026-09-07 14:08:17,860 - root - INFO - Loaded (4325, 94, 1, 128) from 01e5c35c1e5e4be08bb889d88f91e802
2026-09-07 14:08:17,872 - root - INFO - Original tokens: torch.Size([4325, 94, 1, 128]). Sampled tokens: torch.Size([747, 94, 1, 128])
2026-09-07 14:08:18,390 - root - INFO - Loaded (2457, 94, 1, 128) from 1122effcd6b44683981ffdbf1b1d1fb1
2026-09-07 14:08:18,400 - root - INFO - Original tokens: torch.Size([2457, 94, 1, 128]). Sampled tokens: torch.Size([730, 94, 1, 128])
2026-09-07 14:08:18,556 - root - INFO - Loaded (2249, 94, 1, 128) from 41816dd79d7b4e1290d11e21752d783a
2026-09-07 14:08:18,567 - root - INFO - Original tokens: torch.Size([2249, 94, 1, 128]). Sampled tokens: torch.Size([747, 94, 1, 128])
2026-09-07 14:08:19,069 - root - INFO - Loaded (2031, 94, 1, 128) from 17ec14b5a82b4d2aacfb0e771838bc47
2026-09-07 14:08:19,078 - root - INFO - Original tokens: torch.Size([2031, 94, 1, 128]). Sampled tokens: torch.Size([730, 94, 1, 128])
2026-09-07 14:08:19,305 - root - INFO - Loaded (3168, 94, 1, 128) from 3930015c8add4cb9b9c90ee4ed2aff2a
2026-09-07 14:08:19,319 - root - INFO - Original tokens: torch.Size([3168, 94, 1, 128]). Sampled tokens: torch.Size([747, 94, 1, 128])
2026-09-07 14:08:19,718 - root - INFO - Loaded (1543, 94, 1, 128) from 0a387030616a48d999aa1bb720e9dfbb
2026-09-07 14:08:19,730 - root - INFO - Original tokens: torch.Size([1543, 94, 1, 128]). Sampled tokens: torch.Size([730, 94, 1, 128])
2026-09-07 14:08:20,061 - root - INFO - Loaded (12288, 94, 1, 128) from f5d7f969912f4906842cb55db7604d4d
2026-09-07 14:08:20,148 - root - INFO - Original tokens: torch.Size([12288, 94, 1, 128]). Sampled tokens: torch.Size([747, 94, 1, 128])
2026-09-07 14:08:20,399 - root - INFO - Loaded (1552, 94, 1, 128) from 75f7b5033c0c454fad372c8b2497ab74
2026-09-07 14:08:20,412 - root - INFO - Original tokens: torch.Size([1552, 94, 1, 128]). Sampled tokens: torch.Size([730, 94, 1, 128])
2026-09-07 14:08:20,686 - root - INFO - Loaded (7844, 94, 1, 128) from 2c5738c273104d78b7514a7402b935c3
2026-09-07 14:08:20,700 - root - INFO - Original tokens: torch.Size([7844, 94, 1, 128]). Sampled tokens: torch.Size([747, 94, 1, 128])
2026-09-07 14:08:20,894 - root - INFO - Loaded (3760, 94, 1, 128) from 4e799eb1ae4a48e39f210cb4c5d09cd6
2026-09-07 14:08:20,947 - root - INFO - Original tokens: torch.Size([3760, 94, 1, 128]). Sampled tokens: torch.Size([747, 94, 1, 128])
2026-09-07 14:08:20,970 - root - INFO - Loaded (1180, 94, 1, 128) from 56631570c405437b99b452c83efa9f4a
2026-09-07 14:08:20,982 - root - INFO - Original tokens: torch.Size([1180, 94, 1, 128]). Sampled tokens: torch.Size([730, 94, 1, 128])
2026-09-07 14:08:21,363 - root - INFO - Loaded (1977, 94, 1, 128) from f4933a214e7a4a2d8d458d9a5fd10e5c
2026-09-07 14:08:21,374 - root - INFO - Original tokens: torch.Size([1977, 94, 1, 128]). Sampled tokens: torch.Size([747, 94, 1, 128])
2026-09-07 14:08:21,635 - root - INFO - Loaded (2108, 94, 1, 128) from d6b9aeb3c2d244ec8c65c77b56fba024
2026-09-07 14:08:21,645 - root - INFO - Original tokens: torch.Size([2108, 94, 1, 128]). Sampled tokens: torch.Size([730, 94, 1, 128])
2026-09-07 14:08:22,161 - root - INFO - Loaded (3878, 94, 1, 128) from 1ac08f24cf6b40e4a0f6154a8b7ee8cc
2026-09-07 14:08:22,171 - root - INFO - Original tokens: torch.Size([3878, 94, 1, 128]). Sampled tokens: torch.Size([747, 94, 1, 128])
2026-09-07 14:08:22,279 - root - INFO - Loaded (1863, 94, 1, 128) from be7ab77b0e89492da99b3cc1e607b982
2026-09-07 14:08:22,291 - root - INFO - Original tokens: torch.Size([1863, 94, 1, 128]). Sampled tokens: torch.Size([730, 94, 1, 128])
2026-09-07 14:08:23,055 - root - INFO - Loaded (4136, 94, 1, 128) from 5295405f4a5a404da218841ab2776967
2026-09-07 14:08:23,064 - root - INFO - Original tokens: torch.Size([4136, 94, 1, 128]). Sampled tokens: torch.Size([747, 94, 1, 128])
2026-09-07 14:08:23,086 - root - INFO - Loaded (3845, 94, 1, 128) from bab746726dca48019e78f774055f420e
2026-09-07 14:08:23,095 - root - INFO - Original tokens: torch.Size([3845, 94, 1, 128]). Sampled tokens: torch.Size([730, 94, 1, 128])
2026-09-07 14:08:23,327 - root - INFO - Loaded (13765, 94, 1, 128) from 7c5617a6dfed4973967f5f71bf533b5e
2026-09-07 14:08:23,423 - root - INFO - Original tokens: torch.Size([13765, 94, 1, 128]). Sampled tokens: torch.Size([747, 94, 1, 128])
2026-09-07 14:08:23,754 - root - INFO - Loaded (1127, 94, 1, 128) from b3cf463da5af4871bc4bf7f98b824dbc
2026-09-07 14:08:23,766 - root - INFO - Original tokens: torch.Size([1127, 94, 1, 128]). Sampled tokens: torch.Size([747, 94, 1, 128])
2026-09-07 14:08:23,840 - root - INFO - Loaded (2123, 94, 1, 128) from 6afaec34a4a34c39ac568d7b7e93acc6
2026-09-07 14:08:23,853 - root - INFO - Original tokens: torch.Size([2123, 94, 1, 128]). Sampled tokens: torch.Size([730, 94, 1, 128])
2026-09-07 14:08:24,138 - root - INFO - Loaded (2249, 94, 1, 128) from 41816dd79d7b4e1290d11e21752d783a
2026-09-07 14:08:24,196 - root - INFO - Original tokens: torch.Size([2249, 94, 1, 128]). Sampled tokens: torch.Size([747, 94, 1, 128])
2026-09-07 14:08:24,577 - root - INFO - Loaded (2408, 94, 1, 128) from 01b46ff0f88f4a36b59ad6fc905ea335
2026-09-07 14:08:24,582 - root - INFO - Loaded (3760, 94, 1, 128) from 4e799eb1ae4a48e39f210cb4c5d09cd6
2026-09-07 14:08:24,597 - root - INFO - Original tokens: torch.Size([2408, 94, 1, 128]). Sampled tokens: torch.Size([730, 94, 1, 128])
2026-09-07 14:08:24,600 - root - INFO - Original tokens: torch.Size([3760, 94, 1, 128]). Sampled tokens: torch.Size([747, 94, 1, 128])
2026-09-07 14:08:25,241 - root - INFO - Loaded (1859, 94, 1, 128) from b73a26b5907e437ba864ada72fe498fc
2026-09-07 14:08:25,251 - root - INFO - Original tokens: torch.Size([1859, 94, 1, 128]). Sampled tokens: torch.Size([730, 94, 1, 128])
2026-09-07 14:08:25,346 - root - INFO - Loaded (2847, 94, 1, 128) from 5e77f64462584c989a702fb295c9fb13
2026-09-07 14:08:25,355 - root - INFO - Original tokens: torch.Size([2847, 94, 1, 128]). Sampled tokens: torch.Size([747, 94, 1, 128])
2026-09-07 14:08:25,989 - root - INFO - Loaded (2776, 94, 1, 128) from bf7d53374d38400d9a0eb3228b4e0d79
2026-09-07 14:08:26,000 - root - INFO - Original tokens: torch.Size([2776, 94, 1, 128]). Sampled tokens: torch.Size([730, 94, 1, 128])
2026-09-07 14:08:26,505 - root - INFO - Loaded (12568, 94, 1, 128) from 22b180b3f67d4b938ebc690f9c977bb4
2026-09-07 14:08:26,595 - root - INFO - Original tokens: torch.Size([12568, 94, 1, 128]). Sampled tokens: torch.Size([747, 94, 1, 128])
2026-09-07 14:08:26,738 - root - INFO - Loaded (7507, 94, 1, 128) from 39eaafa6d75045aa836304a19f37e14b
2026-09-07 14:08:26,751 - root - INFO - Original tokens: torch.Size([7507, 94, 1, 128]). Sampled tokens: torch.Size([747, 94, 1, 128])
2026-09-07 14:08:26,782 - root - INFO - Loaded (3310, 94, 1, 128) from b5280a6cf8984fafa72031954c07512f
2026-09-07 14:08:26,794 - root - INFO - Original tokens: torch.Size([3310, 94, 1, 128]). Sampled tokens: torch.Size([730, 94, 1, 128])
2026-09-07 14:08:27,380 - root - INFO - Loaded (1326, 94, 1, 128) from f469d9ac38e34023ac4599bca9cf6006
2026-09-07 14:08:27,391 - root - INFO - Original tokens: torch.Size([1326, 94, 1, 128]). Sampled tokens: torch.Size([747, 94, 1, 128])
2026-09-07 14:08:27,451 - root - INFO - Loaded (1785, 94, 1, 128) from ca4517736af6497faa9fbf4f69a0e043
2026-09-07 14:08:27,461 - root - INFO - Original tokens: torch.Size([1785, 94, 1, 128]). Sampled tokens: torch.Size([730, 94, 1, 128])
2026-09-07 14:08:28,136 - root - INFO - Loaded (1912, 94, 1, 128) from e53655ce27d241f0acf33c2079172e47
2026-09-07 14:08:28,146 - root - INFO - Original tokens: torch.Size([1912, 94, 1, 128]). Sampled tokens: torch.Size([730, 94, 1, 128])
2026-09-07 14:08:28,298 - root - INFO - Loaded (4129, 94, 1, 128) from 13833bf31f254d20a67f35e5a1edb35f
2026-09-07 14:08:28,311 - root - INFO - Original tokens: torch.Size([4129, 94, 1, 128]). Sampled tokens: torch.Size([747, 94, 1, 128])
2026-09-07 14:08:28,696 - root - INFO - Loaded (10788, 94, 1, 128) from c152863c7e104a39b954baa08b428373
2026-09-07 14:08:28,778 - root - INFO - Original tokens: torch.Size([10788, 94, 1, 128]). Sampled tokens: torch.Size([747, 94, 1, 128])
2026-09-07 14:08:28,965 - root - INFO - Loaded (3948, 94, 1, 128) from b7d24de017fe43faa704ab128c949d91
2026-09-07 14:08:28,975 - root - INFO - Original tokens: torch.Size([3948, 94, 1, 128]). Sampled tokens: torch.Size([730, 94, 1, 128])
2026-09-07 14:08:29,560 - root - INFO - Loaded (6380, 94, 1, 128) from f35af2fbfaf44b46bd8c47c87c98f1ea
2026-09-07 14:08:29,570 - root - INFO - Original tokens: torch.Size([6380, 94, 1, 128]). Sampled tokens: torch.Size([747, 94, 1, 128])
2026-09-07 14:08:29,590 - root - INFO - Loaded (3254, 94, 1, 128) from 3a5055ea5bae43588f75d05cc9a05233
2026-09-07 14:08:29,643 - root - INFO - Original tokens: torch.Size([3254, 94, 1, 128]). Sampled tokens: torch.Size([747, 94, 1, 128])
2026-09-07 14:08:30,278 - root - INFO - Loaded (6537, 94, 1, 128) from 53801981cb944605a5c1681dfdd7149f
2026-09-07 14:08:30,289 - root - INFO - Original tokens: torch.Size([6537, 94, 1, 128]). Sampled tokens: torch.Size([730, 94, 1, 128])
2026-09-07 14:08:30,382 - root - INFO - Loaded (3523, 94, 1, 128) from 68450669e9cb43ea8bdef4df13432898
2026-09-07 14:08:30,393 - root - INFO - Original tokens: torch.Size([3523, 94, 1, 128]). Sampled tokens: torch.Size([747, 94, 1, 128])
2026-09-07 14:08:30,878 - root - INFO - Loaded (1170, 94, 1, 128) from b4d611e719f24f2487daaa615dbc68e7
2026-09-07 14:08:30,888 - root - INFO - Original tokens: torch.Size([1170, 94, 1, 128]). Sampled tokens: torch.Size([730, 94, 1, 128])
2026-09-07 14:08:31,173 - root - INFO - Loaded (3643, 94, 1, 128) from 1189ef8800354c868eb05623accac675
2026-09-07 14:08:31,184 - root - INFO - Original tokens: torch.Size([3643, 94, 1, 128]). Sampled tokens: torch.Size([747, 94, 1, 128])
2026-09-07 14:08:31,516 - root - INFO - Loaded (1550, 94, 1, 128) from 45ce3559d8ac46369a025ad646f716d2
2026-09-07 14:08:31,526 - root - INFO - Original tokens: torch.Size([1550, 94, 1, 128]). Sampled tokens: torch.Size([730, 94, 1, 128])
2026-09-07 14:08:31,757 - root - INFO - Loaded (10763, 94, 1, 128) from 193bcc974cff4b158079fbb1bf7f2eac
2026-09-07 14:08:31,829 - root - INFO - Loaded (1609, 94, 1, 128) from eb21d424f20440cc8c248715df4e1dac
2026-09-07 14:08:31,846 - root - INFO - Original tokens: torch.Size([10763, 94, 1, 128]). Sampled tokens: torch.Size([747, 94, 1, 128])
2026-09-07 14:08:31,851 - root - INFO - Original tokens: torch.Size([1609, 94, 1, 128]). Sampled tokens: torch.Size([747, 94, 1, 128])
2026-09-07 14:08:32,201 - root - INFO - Loaded (1927, 94, 1, 128) from d1448a5ce2ec4db39a6bfb8daa22bec9
2026-09-07 14:08:32,211 - root - INFO - Original tokens: torch.Size([1927, 94, 1, 128]). Sampled tokens: torch.Size([747, 94, 1, 128])
2026-09-07 14:08:32,941 - root - INFO - Loaded (5206, 94, 1, 128) from d01022c5e1ea463685a39ed22cdf5d69
2026-09-07 14:08:32,951 - root - INFO - Original tokens: torch.Size([5206, 94, 1, 128]). Sampled tokens: torch.Size([747, 94, 1, 128])
2026-09-07 14:08:32,963 - root - INFO - Loaded (6155, 94, 1, 128) from b7e7e9f7cece4d18929cc5e77b97013b
2026-09-07 14:08:33,028 - root - INFO - Original tokens: torch.Size([6155, 94, 1, 128]). Sampled tokens: torch.Size([747, 94, 1, 128])
2026-09-07 14:08:34,141 - root - INFO - Loaded (6233, 94, 1, 128) from 41d742aa399f4012b5817c42bdb135a0
2026-09-07 14:08:34,150 - root - INFO - Original tokens: torch.Size([6233, 94, 1, 128]). Sampled tokens: torch.Size([747, 94, 1, 128])
2026-09-07 14:08:34,672 - root - INFO - Loaded (14038, 94, 1, 128) from 7d56bce5100c4fad9f26012e62f024fe
2026-09-07 14:08:34,692 - root - INFO - Original tokens: torch.Size([14038, 94, 1, 128]). Sampled tokens: torch.Size([747, 94, 1, 128])
2026-09-07 14:08:35,992 - root - INFO - Loaded (16434, 94, 1, 128) from 2ab6d79d5ecb458b8b8018c8ec1241b4
2026-09-07 14:08:36,079 - root - INFO - Original tokens: torch.Size([16434, 94, 1, 128]). Sampled tokens: torch.Size([747, 94, 1, 128])
2026-09-07 14:08:36,204 - root - INFO - Loaded (9742, 94, 1, 128) from a6277bce40594ebfa5777774e6fba5db
2026-09-07 14:08:36,221 - root - INFO - Original tokens: torch.Size([9742, 94, 1, 128]). Sampled tokens: torch.Size([747, 94, 1, 128])
2026-09-07 14:08:36,727 - root - INFO - Loaded (1977, 94, 1, 128) from f4933a214e7a4a2d8d458d9a5fd10e5c
2026-09-07 14:08:36,773 - root - INFO - Original tokens: torch.Size([1977, 94, 1, 128]). Sampled tokens: torch.Size([747, 94, 1, 128])
2026-09-07 14:08:37,141 - root - INFO - Loaded (13765, 94, 1, 128) from 7c5617a6dfed4973967f5f71bf533b5e
2026-09-07 14:08:37,156 - root - INFO - Original tokens: torch.Size([13765, 94, 1, 128]). Sampled tokens: torch.Size([747, 94, 1, 128])
2026-09-07 14:08:38,288 - root - INFO - Loaded (10772, 94, 1, 128) from 1edd6ece56864f4695d1212e0ad3c47c
2026-09-07 14:08:38,310 - root - INFO - Original tokens: torch.Size([10772, 94, 1, 128]). Sampled tokens: torch.Size([747, 94, 1, 128])
2026-09-07 14:08:38,831 - root - INFO - Loaded (10644, 94, 1, 128) from aacaa5e0837f4a61accecbcfbe754f1d
2026-09-07 14:08:38,916 - root - INFO - Original tokens: torch.Size([10644, 94, 1, 128]). Sampled tokens: torch.Size([747, 94, 1, 128])
2026-09-07 14:08:39,090 - root - INFO - Loaded (3296, 94, 1, 128) from 3deb132a91484d279c1358bbafaa48ca
2026-09-07 14:08:39,103 - root - INFO - Original tokens: torch.Size([3296, 94, 1, 128]). Sampled tokens: torch.Size([747, 94, 1, 128])
2026-09-07 14:08:39,856 - root - INFO - Loaded (2877, 94, 1, 128) from 6a27749da0374b78b5d16b08c357d2bf
2026-09-07 14:08:39,869 - root - INFO - Original tokens: torch.Size([2877, 94, 1, 128]). Sampled tokens: torch.Size([747, 94, 1, 128])
2026-09-07 14:08:40,447 - root - INFO - Loaded (17619, 94, 1, 128) from cbc7c37b578e4c46a0b216a18e806253
2026-09-07 14:08:40,470 - root - INFO - Original tokens: torch.Size([17619, 94, 1, 128]). Sampled tokens: torch.Size([747, 94, 1, 128])
2026-09-07 14:08:41,034 - root - INFO - Loaded (9805, 94, 1, 128) from 2f2ca8b7fe7249b2aa08327434fb057f
2026-09-07 14:08:41,115 - root - INFO - Original tokens: torch.Size([9805, 94, 1, 128]). Sampled tokens: torch.Size([747, 94, 1, 128])
2026-09-07 14:08:42,206 - root - INFO - Loaded (8419, 94, 1, 128) from 3263fb0f19ab437a9791ba5f9b5f52e8
2026-09-07 14:08:42,216 - root - INFO - Original tokens: torch.Size([8419, 94, 1, 128]). Sampled tokens: torch.Size([747, 94, 1, 128])
2026-09-07 14:08:42,398 - root - INFO - Loaded (7312, 94, 1, 128) from 9a6cdf3bdbc94916bcdbaefcaa7818eb
2026-09-07 14:08:42,469 - root - INFO - Original tokens: torch.Size([7312, 94, 1, 128]). Sampled tokens: torch.Size([747, 94, 1, 128])
2026-09-07 14:08:42,961 - root - INFO - Loaded (16415, 94, 1, 128) from 4315588118614f29ab2fcc1ae40a09d2
2026-09-07 14:08:42,970 - root - INFO - Original tokens: torch.Size([16415, 94, 1, 128]). Sampled tokens: torch.Size([747, 94, 1, 128])
2026-09-07 14:08:43,544 - root - INFO - Loaded (1156, 94, 1, 128) from d97ddd7676db43739bbb433a96a10f0d
2026-09-07 14:08:43,554 - root - INFO - Original tokens: torch.Size([1156, 94, 1, 128]). Sampled tokens: torch.Size([747, 94, 1, 128])
2026-09-07 14:08:43,777 - root - INFO - Loaded (7844, 94, 1, 128) from 2c5738c273104d78b7514a7402b935c3
2026-09-07 14:08:43,839 - root - INFO - Original tokens: torch.Size([7844, 94, 1, 128]). Sampled tokens: torch.Size([747, 94, 1, 128])
2026-09-07 14:08:44,261 - root - INFO - Loaded (10191, 94, 1, 128) from a975deda0f42482cba491ab0b79fa82e
2026-09-07 14:08:44,283 - root - INFO - Original tokens: torch.Size([10191, 94, 1, 128]). Sampled tokens: torch.Size([747, 94, 1, 128])
2026-09-07 14:08:44,297 - root - INFO - Loaded (2686, 94, 1, 128) from dcf93548c90c44aab7211b46fbdd37ad
2026-09-07 14:08:44,308 - root - INFO - Original tokens: torch.Size([2686, 94, 1, 128]). Sampled tokens: torch.Size([747, 94, 1, 128])
2026-09-07 14:08:44,962 - root - INFO - Loaded (1927, 94, 1, 128) from 06bff61e08a0449d87b32669eb1102c0
2026-09-07 14:08:44,973 - root - INFO - Original tokens: torch.Size([1927, 94, 1, 128]). Sampled tokens: torch.Size([747, 94, 1, 128])
2026-09-07 14:08:45,402 - root - INFO - Loaded (6155, 94, 1, 128) from b7e7e9f7cece4d18929cc5e77b97013b
2026-09-07 14:08:45,413 - root - INFO - Original tokens: torch.Size([6155, 94, 1, 128]). Sampled tokens: torch.Size([747, 94, 1, 128])
2026-09-07 14:08:47,047 - root - INFO - Loaded (11152, 94, 1, 128) from 8e86cafd1c1b4e528b33e7cb1532ebff
2026-09-07 14:08:47,065 - root - INFO - Original tokens: torch.Size([11152, 94, 1, 128]). Sampled tokens: torch.Size([747, 94, 1, 128])
2026-09-07 14:08:47,223 - root - INFO - Loaded (17619, 94, 1, 128) from cbc7c37b578e4c46a0b216a18e806253
2026-09-07 14:08:47,321 - root - INFO - Original tokens: torch.Size([17619, 94, 1, 128]). Sampled tokens: torch.Size([747, 94, 1, 128])
2026-09-07 14:08:47,571 - root - INFO - Loaded (11477, 94, 1, 128) from 9b5909decc514881a4f04f87fc03cbb9
2026-09-07 14:08:47,597 - root - INFO - Original tokens: torch.Size([11477, 94, 1, 128]). Sampled tokens: torch.Size([747, 94, 1, 128])
2026-09-07 14:08:49,644 - root - INFO - Loaded (1326, 94, 1, 128) from f469d9ac38e34023ac4599bca9cf6006
2026-09-07 14:08:50,867 - root - INFO - Original tokens: torch.Size([1326, 94, 1, 128]). Sampled tokens: torch.Size([747, 94, 1, 128])
2026-09-07 14:09:24,866 - root - INFO - Loaded (12305, 94, 1, 128) from b3a873cd575d4f2ba8256d73d92efd05
2026-09-07 14:09:24,928 - root - INFO - Original tokens: torch.Size([12305, 94, 1, 128]). Sampled tokens: torch.Size([747, 94, 1, 128])
2026-09-07 14:09:25,387 - root - INFO - Loaded (10191, 94, 1, 128) from a975deda0f42482cba491ab0b79fa82e
2026-09-07 14:09:25,461 - root - INFO - Original tokens: torch.Size([10191, 94, 1, 128]). Sampled tokens: torch.Size([747, 94, 1, 128])
2026-09-07 14:09:25,569 - root - INFO - Loaded (1216, 94, 1, 128) from b232e0f6a3ad4061ada636ad0ad42efb
2026-09-07 14:09:25,732 - root - INFO - Original tokens: torch.Size([1216, 94, 1, 128]). Sampled tokens: torch.Size([747, 94, 1, 128])
2026-09-07 14:09:59,456 - root - INFO - Loaded (16432, 94, 1, 128) from fb723e031349433d9ae56c080fe995f0
2026-09-07 14:09:59,925 - root - INFO - Original tokens: torch.Size([16432, 94, 1, 128]). Sampled tokens: torch.Size([747, 94, 1, 128])
2026-09-07 14:10:02,881 - root - INFO - Loaded (3985, 94, 1, 128) from f6691523dccb485d8deeaff0c062ac69
2026-09-07 14:10:03,201 - root - INFO - Original tokens: torch.Size([3985, 94, 1, 128]). Sampled tokens: torch.Size([747, 94, 1, 128])
2026-09-07 14:10:13,313 - root - INFO - Loaded (4196, 94, 1, 128) from 5b2b6b6f00bd4fd98c4c7c52b00e95bd
2026-09-07 14:10:13,340 - root - INFO - Original tokens: torch.Size([4196, 94, 1, 128]). Sampled tokens: torch.Size([747, 94, 1, 128])
2026-09-07 14:10:13,766 - root - INFO - Loaded (8761, 94, 1, 128) from 72846186f73f4620ae6f7cb82c2c71a8
2026-09-07 14:10:13,910 - root - INFO - Original tokens: torch.Size([8761, 94, 1, 128]). Sampled tokens: torch.Size([747, 94, 1, 128])
2026-09-07 14:10:14,300 - root - INFO - Loaded (3254, 94, 1, 128) from 3a5055ea5bae43588f75d05cc9a05233
2026-09-07 14:10:14,313 - root - INFO - Original tokens: torch.Size([3254, 94, 1, 128]). Sampled tokens: torch.Size([747, 94, 1, 128])
2026-09-07 14:10:14,643 - root - INFO - Loaded (2847, 94, 1, 128) from 5e77f64462584c989a702fb295c9fb13
2026-09-07 14:10:14,693 - root - INFO - Original tokens: torch.Size([2847, 94, 1, 128]). Sampled tokens: torch.Size([747, 94, 1, 128])
2026-09-07 14:10:15,014 - root - INFO - Loaded (2691, 94, 1, 128) from e0941380389a4ff8b94571b0fb6dadac
2026-09-07 14:10:15,024 - root - INFO - Original tokens: torch.Size([2691, 94, 1, 128]). Sampled tokens: torch.Size([747, 94, 1, 128])
2026-09-07 14:10:15,305 - root - INFO - Loaded (16161, 94, 1, 128) from d06447312cc54ced848420f4c6f2e0af
2026-09-07 14:10:15,315 - root - INFO - Original tokens: torch.Size([16161, 94, 1, 128]). Sampled tokens: torch.Size([747, 94, 1, 128])
2026-09-07 14:10:19,271 - root - INFO - Loaded (4905, 94, 1, 128) from 641f5d4a1d8c495fac3419fc4f31ba99
2026-09-07 14:10:19,274 - root - INFO - Loaded (2262, 94, 1, 128) from 2879ec0e59ea496397286c1095cce903
2026-09-07 14:10:19,291 - root - INFO - Original tokens: torch.Size([4905, 94, 1, 128]). Sampled tokens: torch.Size([747, 94, 1, 128])
2026-09-07 14:10:19,291 - root - INFO - Original tokens: torch.Size([2262, 94, 1, 128]). Sampled tokens: torch.Size([747, 94, 1, 128])
2026-09-07 14:10:20,226 - root - INFO - Loaded (4473, 94, 1, 128) from 78f535a9462d41d3aa5d5e792d7fe336
2026-09-07 14:10:20,237 - root - INFO - Original tokens: torch.Size([4473, 94, 1, 128]). Sampled tokens: torch.Size([747, 94, 1, 128])
2026-09-07 14:10:20,299 - root - INFO - Loaded (13988, 94, 1, 128) from 6085d0f0c5f74f778001f7fc0cc8696a
2026-09-07 14:10:20,412 - root - INFO - Original tokens: torch.Size([13988, 94, 1, 128]). Sampled tokens: torch.Size([747, 94, 1, 128])
2026-09-07 14:10:20,914 - root - INFO - Loaded (1855, 94, 1, 128) from 46595915f9ba4623a85abdcae96d9f37
2026-09-07 14:10:20,928 - root - INFO - Original tokens: torch.Size([1855, 94, 1, 128]). Sampled tokens: torch.Size([747, 94, 1, 128])
2026-09-07 14:10:21,280 - root - INFO - Loaded (4129, 94, 1, 128) from 13833bf31f254d20a67f35e5a1edb35f
2026-09-07 14:10:21,329 - root - INFO - Original tokens: torch.Size([4129, 94, 1, 128]). Sampled tokens: torch.Size([747, 94, 1, 128])
2026-09-07 14:10:21,550 - root - INFO - Loaded (11385, 94, 1, 128) from e306b6ca010c40479f7c9fc932d24470
2026-09-07 14:10:21,568 - root - INFO - Original tokens: torch.Size([11385, 94, 1, 128]). Sampled tokens: torch.Size([747, 94, 1, 128])
2026-09-07 14:10:21,594 - root - INFO - Loaded (1301, 94, 1, 128) from 3291c87987fc4aa2be36b8fbeb3e866b
2026-09-07 14:10:21,605 - root - INFO - Original tokens: torch.Size([1301, 94, 1, 128]). Sampled tokens: torch.Size([747, 94, 1, 128])
2026-09-07 14:10:22,320 - root - INFO - Loaded (4754, 94, 1, 128) from 542db54934ab49d4989b106c330d658e
2026-09-07 14:10:22,370 - root - INFO - Original tokens: torch.Size([4754, 94, 1, 128]). Sampled tokens: torch.Size([747, 94, 1, 128])
2026-09-07 14:10:22,403 - root - INFO - Loaded (3224, 94, 1, 128) from fa52ee216ad149b88f3448a71d5c80b4
2026-09-07 14:10:22,413 - root - INFO - Original tokens: torch.Size([3224, 94, 1, 128]). Sampled tokens: torch.Size([747, 94, 1, 128])
2026-09-07 14:10:22,710 - root - INFO - Loaded (5015, 94, 1, 128) from eee28850e7324b9684ef08f382d45012
2026-09-07 14:10:22,722 - root - INFO - Original tokens: torch.Size([5015, 94, 1, 128]). Sampled tokens: torch.Size([747, 94, 1, 128])
2026-09-07 14:10:23,081 - root - INFO - Loaded (2262, 94, 1, 128) from 2879ec0e59ea496397286c1095cce903
2026-09-07 14:10:23,126 - root - INFO - Original tokens: torch.Size([2262, 94, 1, 128]). Sampled tokens: torch.Size([747, 94, 1, 128])
2026-09-07 14:10:23,188 - root - INFO - Loaded (3024, 94, 1, 128) from cfc63afd68a844aea88ddd6160382a53
2026-09-07 14:10:23,199 - root - INFO - Original tokens: torch.Size([3024, 94, 1, 128]). Sampled tokens: torch.Size([747, 94, 1, 128])
2026-09-07 14:10:23,499 - root - INFO - Loaded (2968, 94, 1, 128) from e87d69b8f9e04ea8a4e9ec8c11a8212f
2026-09-07 14:10:23,511 - root - INFO - Original tokens: torch.Size([2968, 94, 1, 128]). Sampled tokens: torch.Size([747, 94, 1, 128])
2026-09-07 14:10:24,233 - root - INFO - Loaded (2113, 94, 1, 128) from 2aa2a018f51d46aeb2cb1e8426f47ca3
2026-09-07 14:10:24,244 - root - INFO - Original tokens: torch.Size([2113, 94, 1, 128]). Sampled tokens: torch.Size([747, 94, 1, 128])
2026-09-07 14:10:25,044 - root - INFO - Loaded (3282, 94, 1, 128) from 11f10ad7e3e644b0bb37591a47656aab
2026-09-07 14:10:25,054 - root - INFO - Original tokens: torch.Size([3282, 94, 1, 128]). Sampled tokens: torch.Size([747, 94, 1, 128])
2026-09-07 14:10:25,269 - root - INFO - Loaded (9962, 94, 1, 128) from 53f01e23cb654125bf3f5770cadcf936
2026-09-07 14:10:25,351 - root - INFO - Original tokens: torch.Size([9962, 94, 1, 128]). Sampled tokens: torch.Size([747, 94, 1, 128])
2026-09-07 14:10:25,418 - root - INFO - Loaded (10582, 94, 1, 128) from 4820b76cfedf46a98b234f4f46b510bc
2026-09-07 14:10:25,436 - root - INFO - Original tokens: torch.Size([10582, 94, 1, 128]). Sampled tokens: torch.Size([747, 94, 1, 128])
2026-09-07 14:10:25,736 - root - INFO - Loaded (1234, 94, 1, 128) from bc3d686e534c44a78727e5e0edd5fa00
2026-09-07 14:10:25,748 - root - INFO - Original tokens: torch.Size([1234, 94, 1, 128]). Sampled tokens: torch.Size([747, 94, 1, 128])
2026-09-07 14:10:26,069 - root - INFO - Loaded (1944, 94, 1, 128) from e7bd4edec566441788c137d9cb43cb0d
2026-09-07 14:10:26,111 - root - INFO - Original tokens: torch.Size([1944, 94, 1, 128]). Sampled tokens: torch.Size([747, 94, 1, 128])
2026-09-07 14:10:26,161 - root - INFO - Loaded (1718, 94, 1, 128) from f56df44a187642939a483a356e445c59
2026-09-07 14:10:26,172 - root - INFO - Original tokens: torch.Size([1718, 94, 1, 128]). Sampled tokens: torch.Size([747, 94, 1, 128])
2026-09-07 14:10:26,886 - root - INFO - Loaded (2968, 94, 1, 128) from e87d69b8f9e04ea8a4e9ec8c11a8212f
2026-09-07 14:10:26,934 - root - INFO - Original tokens: torch.Size([2968, 94, 1, 128]). Sampled tokens: torch.Size([747, 94, 1, 128])
2026-09-07 14:10:27,811 - root - INFO - Loaded (8781, 94, 1, 128) from f6eb2c3a0c2b4e83898c0ee25b70f4f8
2026-09-07 14:10:27,840 - root - INFO - Original tokens: torch.Size([8781, 94, 1, 128]). Sampled tokens: torch.Size([747, 94, 1, 128])
2026-09-07 14:10:28,183 - root - INFO - Loaded (8761, 94, 1, 128) from 72846186f73f4620ae6f7cb82c2c71a8
2026-09-07 14:10:28,207 - root - INFO - Original tokens: torch.Size([8761, 94, 1, 128]). Sampled tokens: torch.Size([747, 94, 1, 128])
2026-09-07 14:10:29,031 - root - INFO - Loaded (3235, 94, 1, 128) from bfd1d9abd8634ef08d15a06b3a0d5a67
2026-09-07 14:10:29,042 - root - INFO - Original tokens: torch.Size([3235, 94, 1, 128]). Sampled tokens: torch.Size([747, 94, 1, 128])
2026-09-07 14:10:29,170 - root - INFO - Loaded (11745, 94, 1, 128) from cd42facab60040739c50f41bdd00fa1c
2026-09-07 14:10:29,283 - root - INFO - Original tokens: torch.Size([11745, 94, 1, 128]). Sampled tokens: torch.Size([747, 94, 1, 128])
2026-09-07 14:10:29,876 - root - INFO - Loaded (2880, 94, 1, 128) from 5b70c2977cad45e094db0779a8931768
2026-09-07 14:10:29,888 - root - INFO - Original tokens: torch.Size([2880, 94, 1, 128]). Sampled tokens: torch.Size([747, 94, 1, 128])
2026-09-07 14:10:30,166 - root - INFO - Loaded (2645, 94, 1, 128) from d788dbcaf51348ba9c7f4b965ba9dc9c
2026-09-07 14:10:30,226 - root - INFO - Original tokens: torch.Size([2645, 94, 1, 128]). Sampled tokens: torch.Size([747, 94, 1, 128])
2026-09-07 14:10:30,569 - root - INFO - Loaded (13483, 94, 1, 128) from 03f73aa4c10e478fa6f9142749e7e448
2026-09-07 14:10:30,586 - root - INFO - Original tokens: torch.Size([13483, 94, 1, 128]). Sampled tokens: torch.Size([747, 94, 1, 128])
2026-09-07 14:10:30,641 - root - INFO - Loaded (1715, 94, 1, 128) from 4c2f53ba929f4ef4911e8f83c48292c4
2026-09-07 14:10:30,656 - root - INFO - Original tokens: torch.Size([1715, 94, 1, 128]). Sampled tokens: torch.Size([747, 94, 1, 128])
2026-09-07 14:10:30,925 - root - INFO - Loaded (1457, 94, 1, 128) from efabd575ab2c4bc5931483f89028938e
2026-09-07 14:10:30,970 - root - INFO - Original tokens: torch.Size([1457, 94, 1, 128]). Sampled tokens: torch.Size([747, 94, 1, 128])
2026-09-07 14:10:31,282 - root - INFO - Loaded (1440, 94, 1, 128) from 3944c6833ec740be92b4489a598393b7
2026-09-07 14:10:31,293 - root - INFO - Original tokens: torch.Size([1440, 94, 1, 128]). Sampled tokens: torch.Size([747, 94, 1, 128])
2026-09-07 14:10:32,075 - root - INFO - Loaded (2264, 94, 1, 128) from d67106bf3ce54a1dad1814f1f8914ca0
2026-09-07 14:10:32,090 - root - INFO - Original tokens: torch.Size([2264, 94, 1, 128]). Sampled tokens: torch.Size([747, 94, 1, 128])
2026-09-07 14:10:32,940 - root - INFO - Loaded (3639, 94, 1, 128) from 777881bf1c92416c8a677cd7a2224e46
2026-09-07 14:10:32,951 - root - INFO - Original tokens: torch.Size([3639, 94, 1, 128]). Sampled tokens: torch.Size([747, 94, 1, 128])
2026-09-07 14:10:33,028 - root - INFO - Loaded (11019, 94, 1, 128) from dd3a8f813ce24153b8ea1dfc6ced2e8e
2026-09-07 14:10:33,055 - root - INFO - Original tokens: torch.Size([11019, 94, 1, 128]). Sampled tokens: torch.Size([747, 94, 1, 128])
2026-09-07 14:10:33,363 - root - INFO - Loaded (10772, 94, 1, 128) from 1edd6ece56864f4695d1212e0ad3c47c
2026-09-07 14:10:33,471 - root - INFO - Original tokens: torch.Size([10772, 94, 1, 128]). Sampled tokens: torch.Size([747, 94, 1, 128])
2026-09-07 14:10:33,812 - root - INFO - Loaded (2255, 94, 1, 128) from fd90af6ffe9f4162bcee82c2a308d9ad
2026-09-07 14:10:33,829 - root - INFO - Original tokens: torch.Size([2255, 94, 1, 128]). Sampled tokens: torch.Size([747, 94, 1, 128])
2026-09-07 14:10:34,400 - root - INFO - Loaded (3985, 94, 1, 128) from f6691523dccb485d8deeaff0c062ac69
2026-09-07 14:10:34,458 - root - INFO - Original tokens: torch.Size([3985, 94, 1, 128]). Sampled tokens: torch.Size([747, 94, 1, 128])
2026-09-07 14:10:35,374 - root - INFO - Loaded (3263, 94, 1, 128) from ba4af4f9a08746dd8cf39993e86646a6
2026-09-07 14:10:35,423 - root - INFO - Original tokens: torch.Size([3263, 94, 1, 128]). Sampled tokens: torch.Size([747, 94, 1, 128])
2026-09-07 14:10:35,540 - root - INFO - Loaded (10788, 94, 1, 128) from c152863c7e104a39b954baa08b428373
2026-09-07 14:10:35,562 - root - INFO - Original tokens: torch.Size([10788, 94, 1, 128]). Sampled tokens: torch.Size([747, 94, 1, 128])
2026-09-07 14:10:36,247 - root - INFO - Loaded (11745, 94, 1, 128) from cd42facab60040739c50f41bdd00fa1c
2026-09-07 14:10:36,274 - root - INFO - Original tokens: torch.Size([11745, 94, 1, 128]). Sampled tokens: torch.Size([747, 94, 1, 128])
2026-09-07 14:10:36,417 - root - INFO - Loaded (2860, 94, 1, 128) from 36086a9ddcaa41699a33757f4c7fe1cc
2026-09-07 14:10:36,428 - root - INFO - Original tokens: torch.Size([2860, 94, 1, 128]). Sampled tokens: torch.Size([747, 94, 1, 128])
2026-09-07 14:10:37,083 - root - INFO - Loaded (2049, 94, 1, 128) from f03c66c7763948f0be532e5ffc1e7523
2026-09-07 14:10:37,092 - root - INFO - Original tokens: torch.Size([2049, 94, 1, 128]). Sampled tokens: torch.Size([747, 94, 1, 128])
2026-09-07 14:10:37,716 - root - INFO - Loaded (10582, 94, 1, 128) from 4820b76cfedf46a98b234f4f46b510bc
2026-09-07 14:10:37,802 - root - INFO - Original tokens: torch.Size([10582, 94, 1, 128]). Sampled tokens: torch.Size([747, 94, 1, 128])
2026-09-07 14:10:38,004 - root - INFO - Loaded (8158, 94, 1, 128) from 2dae3bfd558d481aa8c293054bbfcd58
2026-09-07 14:10:38,019 - root - INFO - Original tokens: torch.Size([8158, 94, 1, 128]). Sampled tokens: torch.Size([747, 94, 1, 128])
2026-09-07 14:10:38,610 - root - INFO - Loaded (2093, 94, 1, 128) from 42cbff5a28104ee39a9053d5a5f3dacf
2026-09-07 14:10:38,678 - root - INFO - Original tokens: torch.Size([2093, 94, 1, 128]). Sampled tokens: torch.Size([747, 94, 1, 128])
2026-09-07 14:10:38,996 - root - INFO - Loaded (1189, 94, 1, 128) from defab1699ac74bc1b00670038f1bbc4a
2026-09-07 14:10:39,011 - root - INFO - Original tokens: torch.Size([1189, 94, 1, 128]). Sampled tokens: torch.Size([747, 94, 1, 128])
2026-09-07 14:10:39,932 - root - INFO - Loaded (2716, 94, 1, 128) from 3b2727785e934cbb91f107fbee4ce9c2
2026-09-07 14:10:39,942 - root - INFO - Original tokens: torch.Size([2716, 94, 1, 128]). Sampled tokens: torch.Size([747, 94, 1, 128])
2026-09-07 14:10:39,979 - root - INFO - Loaded (13769, 94, 1, 128) from 1e5353d15c564752a2ae0796d5bb79b0
2026-09-07 14:10:40,031 - root - INFO - Original tokens: torch.Size([13769, 94, 1, 128]). Sampled tokens: torch.Size([747, 94, 1, 128])
2026-09-07 14:10:40,281 - root - INFO - Loaded (7089, 94, 1, 128) from ca7fa378be844a8ba32fbed20829b57b
2026-09-07 14:10:40,366 - root - INFO - Original tokens: torch.Size([7089, 94, 1, 128]). Sampled tokens: torch.Size([747, 94, 1, 128])
2026-09-07 14:10:41,188 - root - INFO - Loaded (2250, 94, 1, 128) from e178944136c74d1198215a7271dbec08
2026-09-07 14:10:41,237 - root - INFO - Original tokens: torch.Size([2250, 94, 1, 128]). Sampled tokens: torch.Size([747, 94, 1, 128])
2026-09-07 14:10:41,551 - root - INFO - Loaded (7034, 94, 1, 128) from 804a3a2a498e4336813006449f44dec5
2026-09-07 14:10:41,560 - root - INFO - Original tokens: torch.Size([7034, 94, 1, 128]). Sampled tokens: torch.Size([747, 94, 1, 128])
2026-09-07 14:10:41,856 - root - INFO - Loaded (1072, 94, 1, 128) from 50fda75b0e4f4473bd991ed7ca5ea144
2026-09-07 14:10:41,910 - root - INFO - Original tokens: torch.Size([1072, 94, 1, 128]). Sampled tokens: torch.Size([747, 94, 1, 128])
2026-09-07 14:10:42,166 - root - INFO - Loaded (9252, 94, 1, 128) from a8a7791bd3404d2c8f348cb4e3ced958
2026-09-07 14:10:42,209 - root - INFO - Original tokens: torch.Size([9252, 94, 1, 128]). Sampled tokens: torch.Size([747, 94, 1, 128])
2026-09-07 14:10:42,573 - root - INFO - Loaded (1156, 94, 1, 128) from d97ddd7676db43739bbb433a96a10f0d
2026-09-07 14:10:42,624 - root - INFO - Original tokens: torch.Size([1156, 94, 1, 128]). Sampled tokens: torch.Size([747, 94, 1, 128])
2026-09-07 14:10:43,289 - root - INFO - Loaded (1234, 94, 1, 128) from bc3d686e534c44a78727e5e0edd5fa00
2026-09-07 14:10:43,339 - root - INFO - Original tokens: torch.Size([1234, 94, 1, 128]). Sampled tokens: torch.Size([747, 94, 1, 128])
2026-09-07 14:10:43,628 - root - INFO - Loaded (7089, 94, 1, 128) from ca7fa378be844a8ba32fbed20829b57b
2026-09-07 14:10:43,641 - root - INFO - Original tokens: torch.Size([7089, 94, 1, 128]). Sampled tokens: torch.Size([747, 94, 1, 128])
2026-09-07 14:10:43,940 - root - INFO - Loaded (11225, 94, 1, 128) from a63e9c95b44c4c7a96bec21dbfa95e08
2026-09-07 14:10:43,963 - root - INFO - Original tokens: torch.Size([11225, 94, 1, 128]). Sampled tokens: torch.Size([747, 94, 1, 128])
2026-09-07 14:10:44,347 - root - INFO - Loaded (1878, 94, 1, 128) from 0550683dc6994bdf9d872746002fc601
2026-09-07 14:10:44,358 - root - INFO - Original tokens: torch.Size([1878, 94, 1, 128]). Sampled tokens: torch.Size([747, 94, 1, 128])
2026-09-07 14:10:45,207 - root - INFO - Loaded (3263, 94, 1, 128) from ba4af4f9a08746dd8cf39993e86646a6
2026-09-07 14:10:45,218 - root - INFO - Original tokens: torch.Size([3263, 94, 1, 128]). Sampled tokens: torch.Size([747, 94, 1, 128])
2026-09-07 14:10:46,035 - root - INFO - Loaded (14038, 94, 1, 128) from 7d56bce5100c4fad9f26012e62f024fe
2026-09-07 14:10:46,141 - root - INFO - Original tokens: torch.Size([14038, 94, 1, 128]). Sampled tokens: torch.Size([747, 94, 1, 128])
2026-09-07 14:10:46,580 - root - INFO - Loaded (6333, 94, 1, 128) from b58577db836442ab989205a845787d6d
2026-09-07 14:10:46,594 - root - INFO - Original tokens: torch.Size([6333, 94, 1, 128]). Sampled tokens: torch.Size([747, 94, 1, 128])
2026-09-07 14:10:46,973 - root - INFO - Loaded (2942, 94, 1, 128) from afadfe2647ce4887bdcfdea8fe0a7df8
2026-09-07 14:10:47,026 - root - INFO - Original tokens: torch.Size([2942, 94, 1, 128]). Sampled tokens: torch.Size([747, 94, 1, 128])
2026-09-07 14:10:47,331 - root - INFO - Loaded (2093, 94, 1, 128) from 42cbff5a28104ee39a9053d5a5f3dacf
2026-09-07 14:10:47,342 - root - INFO - Original tokens: torch.Size([2093, 94, 1, 128]). Sampled tokens: torch.Size([747, 94, 1, 128])
2026-09-07 14:10:47,898 - root - INFO - Loaded (19783, 94, 1, 128) from 206da347f69e4f8dbea26b62b7af08f2
2026-09-07 14:10:47,981 - root - INFO - Original tokens: torch.Size([19783, 94, 1, 128]). Sampled tokens: torch.Size([747, 94, 1, 128])
2026-09-07 14:10:48,291 - root - INFO - Loaded (3636, 94, 1, 128) from cc52f24174d14edeb0757adeb7870b71
2026-09-07 14:10:48,336 - root - INFO - Original tokens: torch.Size([3636, 94, 1, 128]). Sampled tokens: torch.Size([747, 94, 1, 128])
2026-09-07 14:10:49,177 - root - INFO - Loaded (3198, 94, 1, 128) from 12c9352d88954154a6f951327191485b
2026-09-07 14:10:49,189 - root - INFO - Original tokens: torch.Size([3198, 94, 1, 128]). Sampled tokens: torch.Size([747, 94, 1, 128])
2026-09-07 14:10:49,476 - root - INFO - Loaded (8099, 94, 1, 128) from a3ff123265394b78acdbaa889c60eafc
2026-09-07 14:10:49,486 - root - INFO - Original tokens: torch.Size([8099, 94, 1, 128]). Sampled tokens: torch.Size([747, 94, 1, 128])
2026-09-07 14:10:49,618 - root - INFO - Loaded (13483, 94, 1, 128) from 03f73aa4c10e478fa6f9142749e7e448
2026-09-07 14:10:49,735 - root - INFO - Original tokens: torch.Size([13483, 94, 1, 128]). Sampled tokens: torch.Size([747, 94, 1, 128])
2026-09-07 14:10:50,384 - root - INFO - Loaded (6010, 94, 1, 128) from 318bc277be394c34ba3a23d0f7dadc00
2026-09-07 14:10:50,395 - root - INFO - Original tokens: torch.Size([6010, 94, 1, 128]). Sampled tokens: torch.Size([747, 94, 1, 128])
2026-09-07 14:10:50,399 - root - INFO - Loaded (1718, 94, 1, 128) from f56df44a187642939a483a356e445c59
2026-09-07 14:10:50,448 - root - INFO - Original tokens: torch.Size([1718, 94, 1, 128]). Sampled tokens: torch.Size([747, 94, 1, 128])
2026-09-07 14:10:50,853 - root - INFO - Loaded (6897, 94, 1, 128) from 006de4b30a8345e0a0ae05a7ead73c3f
2026-09-07 14:10:50,864 - root - INFO - Original tokens: torch.Size([6897, 94, 1, 128]). Sampled tokens: torch.Size([747, 94, 1, 128])
2026-09-07 14:10:51,520 - root - INFO - Loaded (4473, 94, 1, 128) from 78f535a9462d41d3aa5d5e792d7fe336
2026-09-07 14:10:51,577 - root - INFO - Original tokens: torch.Size([4473, 94, 1, 128]). Sampled tokens: torch.Size([747, 94, 1, 128])
2026-09-07 14:10:51,807 - root - INFO - Loaded (7033, 94, 1, 128) from df0e3358df8d44738b6a3f99e5bc0cd9
2026-09-07 14:10:51,817 - root - INFO - Original tokens: torch.Size([7033, 94, 1, 128]). Sampled tokens: torch.Size([747, 94, 1, 128])
2026-09-07 14:10:52,489 - root - INFO - Loaded (1944, 94, 1, 128) from e7bd4edec566441788c137d9cb43cb0d
2026-09-07 14:10:52,499 - root - INFO - Original tokens: torch.Size([1944, 94, 1, 128]). Sampled tokens: torch.Size([747, 94, 1, 128])
2026-09-07 14:10:52,815 - root - INFO - Loaded (6411, 94, 1, 128) from 31f32584ecd843ec859cb29f4d87d4f4
2026-09-07 14:10:52,887 - root - INFO - Original tokens: torch.Size([6411, 94, 1, 128]). Sampled tokens: torch.Size([747, 94, 1, 128])
2026-09-07 14:10:53,198 - root - INFO - Loaded (12288, 94, 1, 128) from f5d7f969912f4906842cb55db7604d4d
2026-09-07 14:10:53,213 - root - INFO - Loaded (2113, 94, 1, 128) from ac359322cb2648fc95e232ead111ab8f
2026-09-07 14:10:53,218 - root - INFO - Original tokens: torch.Size([12288, 94, 1, 128]). Sampled tokens: torch.Size([747, 94, 1, 128])
2026-09-07 14:10:53,224 - root - INFO - Original tokens: torch.Size([2113, 94, 1, 128]). Sampled tokens: torch.Size([747, 94, 1, 128])
2026-09-07 14:10:54,035 - root - INFO - Loaded (2645, 94, 1, 128) from d788dbcaf51348ba9c7f4b965ba9dc9c
2026-09-07 14:10:54,054 - root - INFO - Original tokens: torch.Size([2645, 94, 1, 128]). Sampled tokens: torch.Size([747, 94, 1, 128])
2026-09-07 14:10:54,280 - root - INFO - Loaded (7226, 94, 1, 128) from fd7886e348474dd39d0a272f0381c14b
2026-09-07 14:10:54,370 - root - INFO - Original tokens: torch.Size([7226, 94, 1, 128]). Sampled tokens: torch.Size([747, 94, 1, 128])
2026-09-07 14:10:54,558 - root - INFO - Loaded (6411, 94, 1, 128) from 31f32584ecd843ec859cb29f4d87d4f4
2026-09-07 14:10:54,568 - root - INFO - Original tokens: torch.Size([6411, 94, 1, 128]). Sampled tokens: torch.Size([747, 94, 1, 128])
2026-09-07 14:10:54,683 - root - INFO - Loaded (1072, 94, 1, 128) from 50fda75b0e4f4473bd991ed7ca5ea144
2026-09-07 14:10:54,705 - root - INFO - Original tokens: torch.Size([1072, 94, 1, 128]). Sampled tokens: torch.Size([747, 94, 1, 128])
2026-09-07 14:10:55,374 - root - INFO - Loaded (1457, 94, 1, 128) from efabd575ab2c4bc5931483f89028938e
2026-09-07 14:10:55,383 - root - INFO - Original tokens: torch.Size([1457, 94, 1, 128]). Sampled tokens: torch.Size([747, 94, 1, 128])
2026-09-07 14:10:55,914 - root - INFO - Loaded (7011, 94, 1, 128) from e397a745e52c4df9b02155fc3d2dcf95
2026-09-07 14:10:55,929 - root - INFO - Original tokens: torch.Size([7011, 94, 1, 128]). Sampled tokens: torch.Size([747, 94, 1, 128])
2026-09-07 14:10:56,121 - root - INFO - Loaded (8419, 94, 1, 128) from 3263fb0f19ab437a9791ba5f9b5f52e8
2026-09-07 14:10:56,167 - root - INFO - Loaded (2919, 94, 1, 128) from 2731f563f9c142419dd2ce5436c97f86
2026-09-07 14:10:56,184 - root - INFO - Original tokens: torch.Size([2919, 94, 1, 128]). Sampled tokens: torch.Size([747, 94, 1, 128])
2026-09-07 14:10:56,207 - root - INFO - Original tokens: torch.Size([8419, 94, 1, 128]). Sampled tokens: torch.Size([747, 94, 1, 128])
2026-09-07 14:10:56,633 - root - INFO - Loaded (1882, 94, 1, 128) from c0410122e6144464a505813f7e2979ab
2026-09-07 14:10:56,644 - root - INFO - Original tokens: torch.Size([1882, 94, 1, 128]). Sampled tokens: torch.Size([747, 94, 1, 128])
2026-09-07 14:10:57,260 - root - INFO - Loaded (5301, 94, 1, 128) from 5e789d940394447aa1eafd133ce72704
2026-09-07 14:10:57,269 - root - INFO - Original tokens: torch.Size([5301, 94, 1, 128]). Sampled tokens: torch.Size([747, 94, 1, 128])
2026-09-07 14:10:57,928 - root - INFO - Loaded (6963, 94, 1, 128) from ce0869e6a1ee46b4a15d6742b954135f
2026-09-07 14:10:57,940 - root - INFO - Original tokens: torch.Size([6963, 94, 1, 128]). Sampled tokens: torch.Size([747, 94, 1, 128])
2026-09-07 14:10:58,223 - root - INFO - Loaded (4277, 94, 1, 128) from 284a1360ea9448e99428abee57c1dadb
2026-09-07 14:10:58,236 - root - INFO - Original tokens: torch.Size([4277, 94, 1, 128]). Sampled tokens: torch.Size([747, 94, 1, 128])
2026-09-07 14:10:59,256 - root - INFO - Loaded (4754, 94, 1, 128) from 542db54934ab49d4989b106c330d658e
2026-09-07 14:10:59,267 - root - INFO - Original tokens: torch.Size([4754, 94, 1, 128]). Sampled tokens: torch.Size([747, 94, 1, 128])
2026-09-07 14:10:59,301 - root - INFO - Loaded (16415, 94, 1, 128) from 4315588118614f29ab2fcc1ae40a09d2
2026-09-07 14:10:59,308 - root - INFO - Loaded (7312, 94, 1, 128) from 9a6cdf3bdbc94916bcdbaefcaa7818eb
2026-09-07 14:10:59,322 - root - INFO - Original tokens: torch.Size([7312, 94, 1, 128]). Sampled tokens: torch.Size([747, 94, 1, 128])
2026-09-07 14:10:59,387 - root - INFO - Original tokens: torch.Size([16415, 94, 1, 128]). Sampled tokens: torch.Size([747, 94, 1, 128])
2026-09-07 14:10:59,943 - root - INFO - Loaded (1107, 94, 1, 128) from ba99d5dc576b4734adca64a26fb1a335
2026-09-07 14:10:59,957 - root - INFO - Original tokens: torch.Size([1107, 94, 1, 128]). Sampled tokens: torch.Size([747, 94, 1, 128])
2026-09-07 14:11:00,142 - root - INFO - Loaded (2337, 94, 1, 128) from 4ad4732bf4d94d86a2f484537aa0be46
2026-09-07 14:11:00,196 - root - INFO - Original tokens: torch.Size([2337, 94, 1, 128]). Sampled tokens: torch.Size([747, 94, 1, 128])
2026-09-07 14:11:00,873 - root - INFO - Loaded (1440, 94, 1, 128) from 3944c6833ec740be92b4489a598393b7
2026-09-07 14:11:00,929 - root - INFO - Original tokens: torch.Size([1440, 94, 1, 128]). Sampled tokens: torch.Size([747, 94, 1, 128])
2026-09-07 14:11:01,446 - root - INFO - Loaded (9800, 94, 1, 128) from 1c6245deb6144b10b3532a448b8e872c
2026-09-07 14:11:01,479 - root - INFO - Original tokens: torch.Size([9800, 94, 1, 128]). Sampled tokens: torch.Size([747, 94, 1, 128])
2026-09-07 14:11:01,701 - root - INFO - Loaded (2860, 94, 1, 128) from 36086a9ddcaa41699a33757f4c7fe1cc
2026-09-07 14:11:01,764 - root - INFO - Original tokens: torch.Size([2860, 94, 1, 128]). Sampled tokens: torch.Size([747, 94, 1, 128])
2026-09-07 14:11:02,335 - root - INFO - Loaded (11959, 94, 1, 128) from f7d7298f13874726824e23e54687d1be
2026-09-07 14:11:02,368 - root - INFO - Original tokens: torch.Size([11959, 94, 1, 128]). Sampled tokens: torch.Size([747, 94, 1, 128])
2026-09-07 14:11:02,794 - root - INFO - Loaded (4402, 94, 1, 128) from 0cc95ecf3285487ba3dc5ef3990679eb
2026-09-07 14:11:02,852 - root - INFO - Original tokens: torch.Size([4402, 94, 1, 128]). Sampled tokens: torch.Size([747, 94, 1, 128])
2026-09-07 14:11:02,995 - root - INFO - Loaded (1196, 94, 1, 128) from 8c1899492d41419dbc5db5e23363f1e2
2026-09-07 14:11:03,004 - root - INFO - Original tokens: torch.Size([1196, 94, 1, 128]). Sampled tokens: torch.Size([747, 94, 1, 128])
2026-09-07 14:11:03,679 - root - INFO - Loaded (10763, 94, 1, 128) from 193bcc974cff4b158079fbb1bf7f2eac
2026-09-07 14:11:03,700 - root - INFO - Original tokens: torch.Size([10763, 94, 1, 128]). Sampled tokens: torch.Size([747, 94, 1, 128])
2026-09-07 14:11:03,837 - root - INFO - Loaded (3196, 94, 1, 128) from 7f89b3fba23148ccafe235b843521142
2026-09-07 14:11:03,847 - root - INFO - Original tokens: torch.Size([3196, 94, 1, 128]). Sampled tokens: torch.Size([747, 94, 1, 128])
2026-09-07 14:11:05,066 - root - INFO - Loaded (11225, 94, 1, 128) from a63e9c95b44c4c7a96bec21dbfa95e08
2026-09-07 14:11:05,152 - root - INFO - Original tokens: torch.Size([11225, 94, 1, 128]). Sampled tokens: torch.Size([747, 94, 1, 128])
2026-09-07 14:11:05,208 - root - INFO - Loaded (7226, 94, 1, 128) from fd7886e348474dd39d0a272f0381c14b
2026-09-07 14:11:05,220 - root - INFO - Original tokens: torch.Size([7226, 94, 1, 128]). Sampled tokens: torch.Size([747, 94, 1, 128])
2026-09-07 14:11:05,929 - root - INFO - Loaded (10644, 94, 1, 128) from aacaa5e0837f4a61accecbcfbe754f1d
2026-09-07 14:11:05,947 - root - INFO - Original tokens: torch.Size([10644, 94, 1, 128]). Sampled tokens: torch.Size([747, 94, 1, 128])
2026-09-07 14:11:05,976 - root - INFO - Loaded (2903, 94, 1, 128) from 06194ab40afd452fa4106f3aa273e3ac
2026-09-07 14:11:05,987 - root - INFO - Original tokens: torch.Size([2903, 94, 1, 128]). Sampled tokens: torch.Size([747, 94, 1, 128])
2026-09-07 14:11:07,198 - root - INFO - Loaded (8781, 94, 1, 128) from f6eb2c3a0c2b4e83898c0ee25b70f4f8
2026-09-07 14:11:07,277 - root - INFO - Original tokens: torch.Size([8781, 94, 1, 128]). Sampled tokens: torch.Size([747, 94, 1, 128])
2026-09-07 14:11:07,412 - root - INFO - Loaded (7297, 94, 1, 128) from f2ea10eadee84558b38d4dfe3709e7e5
2026-09-07 14:11:07,424 - root - INFO - Original tokens: torch.Size([7297, 94, 1, 128]). Sampled tokens: torch.Size([747, 94, 1, 128])
2026-09-07 14:11:08,009 - root - INFO - Loaded (2296, 94, 1, 128) from 672be4366b6142b0b338d59f19c73a9a
2026-09-07 14:11:08,061 - root - INFO - Original tokens: torch.Size([2296, 94, 1, 128]). Sampled tokens: torch.Size([747, 94, 1, 128])
2026-09-07 14:11:08,300 - root - INFO - Loaded (3994, 94, 1, 128) from a50d62d61f664b8dbbbce34338100471
2026-09-07 14:11:08,310 - root - INFO - Original tokens: torch.Size([3994, 94, 1, 128]). Sampled tokens: torch.Size([747, 94, 1, 128])
2026-09-07 14:11:08,422 - root - INFO - Loaded (12568, 94, 1, 128) from 22b180b3f67d4b938ebc690f9c977bb4
2026-09-07 14:11:08,451 - root - INFO - Original tokens: torch.Size([12568, 94, 1, 128]). Sampled tokens: torch.Size([747, 94, 1, 128])
2026-09-07 14:11:09,074 - root - INFO - Loaded (2308, 94, 1, 128) from 12841b52fb714c2aa6d953bb07e55963
2026-09-07 14:11:09,085 - root - INFO - Original tokens: torch.Size([2308, 94, 1, 128]). Sampled tokens: torch.Size([747, 94, 1, 128])
2026-09-07 14:11:09,370 - root - INFO - Loaded (6897, 94, 1, 128) from 006de4b30a8345e0a0ae05a7ead73c3f
2026-09-07 14:11:09,434 - root - INFO - Original tokens: torch.Size([6897, 94, 1, 128]). Sampled tokens: torch.Size([747, 94, 1, 128])
2026-09-07 14:11:09,813 - root - INFO - Loaded (2250, 94, 1, 128) from e178944136c74d1198215a7271dbec08
2026-09-07 14:11:09,832 - root - INFO - Original tokens: torch.Size([2250, 94, 1, 128]). Sampled tokens: torch.Size([747, 94, 1, 128])
2026-09-07 14:11:10,945 - root - INFO - Loaded (5593, 94, 1, 128) from 0736ac928c4b4ba196716b7612b43606
2026-09-07 14:11:10,960 - root - INFO - Original tokens: torch.Size([5593, 94, 1, 128]). Sampled tokens: torch.Size([747, 94, 1, 128])
2026-09-07 14:11:10,991 - root - INFO - Loaded (13988, 94, 1, 128) from 6085d0f0c5f74f778001f7fc0cc8696a
2026-09-07 14:11:11,014 - root - INFO - Original tokens: torch.Size([13988, 94, 1, 128]). Sampled tokens: torch.Size([747, 94, 1, 128])
2026-09-07 14:11:11,731 - root - INFO - Loaded (3333, 94, 1, 128) from 13287947272c4014a9c5a0041782160d
2026-09-07 14:11:11,741 - root - INFO - Original tokens: torch.Size([3333, 94, 1, 128]). Sampled tokens: torch.Size([747, 94, 1, 128])
2026-09-07 14:11:11,769 - root - INFO - Loaded (12305, 94, 1, 128) from b3a873cd575d4f2ba8256d73d92efd05
2026-09-07 14:11:11,879 - root - INFO - Original tokens: torch.Size([12305, 94, 1, 128]). Sampled tokens: torch.Size([747, 94, 1, 128])
2026-09-07 14:11:12,490 - root - INFO - Loaded (2337, 94, 1, 128) from 4ad4732bf4d94d86a2f484537aa0be46
2026-09-07 14:11:12,500 - root - INFO - Original tokens: torch.Size([2337, 94, 1, 128]). Sampled tokens: torch.Size([747, 94, 1, 128])
2026-09-07 14:11:12,551 - root - INFO - Loaded (1882, 94, 1, 128) from c0410122e6144464a505813f7e2979ab
2026-09-07 14:11:12,596 - root - INFO - Original tokens: torch.Size([1882, 94, 1, 128]). Sampled tokens: torch.Size([747, 94, 1, 128])
2026-09-07 14:11:13,384 - root - INFO - Loaded (4027, 94, 1, 128) from a278907dcb4d477eafa8e30a4f1cbb7a
2026-09-07 14:11:13,394 - root - INFO - Original tokens: torch.Size([4027, 94, 1, 128]). Sampled tokens: torch.Size([747, 94, 1, 128])
2026-09-07 14:11:13,731 - root - INFO - Loaded (5593, 94, 1, 128) from 0736ac928c4b4ba196716b7612b43606
2026-09-07 14:11:13,802 - root - INFO - Original tokens: torch.Size([5593, 94, 1, 128]). Sampled tokens: torch.Size([747, 94, 1, 128])
2026-09-07 14:11:14,112 - root - INFO - Loaded (2296, 94, 1, 128) from 672be4366b6142b0b338d59f19c73a9a
2026-09-07 14:11:14,128 - root - INFO - Original tokens: torch.Size([2296, 94, 1, 128]). Sampled tokens: torch.Size([747, 94, 1, 128])
2026-09-07 14:11:14,241 - root - INFO - Loaded (16434, 94, 1, 128) from 2ab6d79d5ecb458b8b8018c8ec1241b4
2026-09-07 14:11:14,254 - root - INFO - Original tokens: torch.Size([16434, 94, 1, 128]). Sampled tokens: torch.Size([747, 94, 1, 128])
2026-09-07 14:11:14,924 - root - INFO - SVD input tensor shape (n=200108)x(p=12032). Dtype torch.float32
2026-09-07 14:11:15,022 - root - INFO - Calculate lowrank SVD for q=10000 iter=2
2026-09-07 14:11:15,236 - root - INFO - Loaded (7297, 94, 1, 128) from f2ea10eadee84558b38d4dfe3709e7e5
2026-09-07 14:11:15,306 - root - INFO - Original tokens: torch.Size([7297, 94, 1, 128]). Sampled tokens: torch.Size([747, 94, 1, 128])
2026-09-07 14:11:15,335 - root - INFO - Loaded (4402, 94, 1, 128) from 0cc95ecf3285487ba3dc5ef3990679eb
2026-09-07 14:11:15,345 - root - INFO - Original tokens: torch.Size([4402, 94, 1, 128]). Sampled tokens: torch.Size([747, 94, 1, 128])
2026-09-07 14:11:15,969 - root - INFO - Loaded (1476, 94, 1, 128) from baf685e74a6649b687e4f007480bb95c
2026-09-07 14:11:15,978 - root - INFO - Original tokens: torch.Size([1476, 94, 1, 128]). Sampled tokens: torch.Size([747, 94, 1, 128])
2026-09-07 14:11:16,258 - root - INFO - Loaded (4196, 94, 1, 128) from 5b2b6b6f00bd4fd98c4c7c52b00e95bd
2026-09-07 14:11:16,466 - root - INFO - Original tokens: torch.Size([4196, 94, 1, 128]). Sampled tokens: torch.Size([747, 94, 1, 128])
2026-09-07 14:11:16,869 - root - INFO - Loaded (2942, 94, 1, 128) from afadfe2647ce4887bdcfdea8fe0a7df8
2026-09-07 14:11:16,883 - root - INFO - Original tokens: torch.Size([2942, 94, 1, 128]). Sampled tokens: torch.Size([747, 94, 1, 128])
2026-09-07 14:11:19,070 - root - INFO - Loaded (9962, 94, 1, 128) from 53f01e23cb654125bf3f5770cadcf936
2026-09-07 14:11:19,100 - root - INFO - Original tokens: torch.Size([9962, 94, 1, 128]). Sampled tokens: torch.Size([747, 94, 1, 128])
2026-09-07 14:11:20,281 - root - INFO - Loaded (19783, 94, 1, 128) from 206da347f69e4f8dbea26b62b7af08f2
2026-09-07 14:11:20,446 - root - INFO - Original tokens: torch.Size([19783, 94, 1, 128]). Sampled tokens: torch.Size([747, 94, 1, 128])
2026-09-07 14:11:21,151 - root - INFO - Loaded (1927, 94, 1, 128) from d1448a5ce2ec4db39a6bfb8daa22bec9
2026-09-07 14:11:21,208 - root - INFO - Original tokens: torch.Size([1927, 94, 1, 128]). Sampled tokens: torch.Size([747, 94, 1, 128])
2026-09-07 14:11:21,452 - root - INFO - Loaded (9805, 94, 1, 128) from 2f2ca8b7fe7249b2aa08327434fb057f
2026-09-07 14:11:21,483 - root - INFO - Original tokens: torch.Size([9805, 94, 1, 128]). Sampled tokens: torch.Size([747, 94, 1, 128])
2026-09-07 14:11:22,052 - root - INFO - Loaded (3198, 94, 1, 128) from 12c9352d88954154a6f951327191485b
2026-09-07 14:11:22,123 - root - INFO - Original tokens: torch.Size([3198, 94, 1, 128]). Sampled tokens: torch.Size([747, 94, 1, 128])
2026-09-07 14:11:22,520 - root - INFO - Loaded (4325, 94, 1, 128) from 01e5c35c1e5e4be08bb889d88f91e802
2026-09-07 14:11:22,532 - root - INFO - Original tokens: torch.Size([4325, 94, 1, 128]). Sampled tokens: torch.Size([747, 94, 1, 128])
2026-09-07 14:11:23,284 - root - INFO - Loaded (2249, 94, 1, 128) from 41816dd79d7b4e1290d11e21752d783a
2026-09-07 14:11:23,301 - root - INFO - Original tokens: torch.Size([2249, 94, 1, 128]). Sampled tokens: torch.Size([747, 94, 1, 128])
2026-09-07 14:11:24,130 - root - INFO - Loaded (3168, 94, 1, 128) from 3930015c8add4cb9b9c90ee4ed2aff2a
2026-09-07 14:11:24,147 - root - INFO - Original tokens: torch.Size([3168, 94, 1, 128]). Sampled tokens: torch.Size([747, 94, 1, 128])
2026-09-07 14:11:24,469 - root - INFO - Loaded (11385, 94, 1, 128) from e306b6ca010c40479f7c9fc932d24470
2026-09-07 14:11:24,610 - root - INFO - Original tokens: torch.Size([11385, 94, 1, 128]). Sampled tokens: torch.Size([747, 94, 1, 128])
2026-09-07 14:11:25,779 - root - INFO - Loaded (7844, 94, 1, 128) from 2c5738c273104d78b7514a7402b935c3
2026-09-07 14:11:25,795 - root - INFO - Original tokens: torch.Size([7844, 94, 1, 128]). Sampled tokens: torch.Size([747, 94, 1, 128])
2026-09-07 14:11:26,030 - root - INFO - Loaded (6233, 94, 1, 128) from 41d742aa399f4012b5817c42bdb135a0
2026-09-07 14:11:26,122 - root - INFO - Original tokens: torch.Size([6233, 94, 1, 128]). Sampled tokens: torch.Size([747, 94, 1, 128])
2026-09-07 14:11:26,533 - root - INFO - Loaded (1977, 94, 1, 128) from f4933a214e7a4a2d8d458d9a5fd10e5c
2026-09-07 14:11:26,544 - root - INFO - Original tokens: torch.Size([1977, 94, 1, 128]). Sampled tokens: torch.Size([747, 94, 1, 128])
2026-09-07 14:11:26,821 - root - INFO - Loaded (1878, 94, 1, 128) from 0550683dc6994bdf9d872746002fc601
2026-09-07 14:11:26,875 - root - INFO - Original tokens: torch.Size([1878, 94, 1, 128]). Sampled tokens: torch.Size([747, 94, 1, 128])
2026-09-07 14:11:27,293 - root - INFO - Loaded (3878, 94, 1, 128) from 1ac08f24cf6b40e4a0f6154a8b7ee8cc
2026-09-07 14:11:27,304 - root - INFO - Original tokens: torch.Size([3878, 94, 1, 128]). Sampled tokens: torch.Size([747, 94, 1, 128])
2026-09-07 14:11:27,584 - root - INFO - Loaded (2308, 94, 1, 128) from 12841b52fb714c2aa6d953bb07e55963
2026-09-07 14:11:27,640 - root - INFO - Original tokens: torch.Size([2308, 94, 1, 128]). Sampled tokens: torch.Size([747, 94, 1, 128])
2026-09-07 14:11:28,440 - root - INFO - Loaded (4136, 94, 1, 128) from 5295405f4a5a404da218841ab2776967
2026-09-07 14:11:28,456 - root - INFO - Original tokens: torch.Size([4136, 94, 1, 128]). Sampled tokens: torch.Size([747, 94, 1, 128])
2026-09-07 14:11:28,656 - root - INFO - Loaded (2691, 94, 1, 128) from e0941380389a4ff8b94571b0fb6dadac
2026-09-07 14:11:28,725 - root - INFO - Original tokens: torch.Size([2691, 94, 1, 128]). Sampled tokens: torch.Size([747, 94, 1, 128])
2026-09-07 14:11:29,107 - root - INFO - Loaded (1127, 94, 1, 128) from b3cf463da5af4871bc4bf7f98b824dbc
2026-09-07 14:11:29,124 - root - INFO - Original tokens: torch.Size([1127, 94, 1, 128]). Sampled tokens: torch.Size([747, 94, 1, 128])
2026-09-07 14:11:29,476 - root - INFO - Loaded (2049, 94, 1, 128) from f03c66c7763948f0be532e5ffc1e7523
2026-09-07 14:11:29,536 - root - INFO - Original tokens: torch.Size([2049, 94, 1, 128]). Sampled tokens: torch.Size([747, 94, 1, 128])
2026-09-07 14:11:29,998 - root - INFO - Loaded (3760, 94, 1, 128) from 4e799eb1ae4a48e39f210cb4c5d09cd6
2026-09-07 14:11:30,013 - root - INFO - Original tokens: torch.Size([3760, 94, 1, 128]). Sampled tokens: torch.Size([747, 94, 1, 128])
2026-09-07 14:11:30,241 - root - INFO - Loaded (1855, 94, 1, 128) from 46595915f9ba4623a85abdcae96d9f37
2026-09-07 14:11:30,297 - root - INFO - Original tokens: torch.Size([1855, 94, 1, 128]). Sampled tokens: torch.Size([747, 94, 1, 128])
2026-09-07 14:11:30,806 - root - INFO - Loaded (2847, 94, 1, 128) from 5e77f64462584c989a702fb295c9fb13
2026-09-07 14:11:30,821 - root - INFO - Original tokens: torch.Size([2847, 94, 1, 128]). Sampled tokens: torch.Size([747, 94, 1, 128])
2026-09-07 14:11:30,923 - root - INFO - Loaded (1107, 94, 1, 128) from ba99d5dc576b4734adca64a26fb1a335
2026-09-07 14:11:30,985 - root - INFO - Original tokens: torch.Size([1107, 94, 1, 128]). Sampled tokens: torch.Size([747, 94, 1, 128])
2026-09-07 14:11:32,265 - root - INFO - Loaded (7507, 94, 1, 128) from 39eaafa6d75045aa836304a19f37e14b
2026-09-07 14:11:32,279 - root - INFO - Original tokens: torch.Size([7507, 94, 1, 128]). Sampled tokens: torch.Size([747, 94, 1, 128])
2026-09-07 14:11:32,415 - root - INFO - Loaded (7011, 94, 1, 128) from e397a745e52c4df9b02155fc3d2dcf95
2026-09-07 14:11:32,507 - root - INFO - Original tokens: torch.Size([7011, 94, 1, 128]). Sampled tokens: torch.Size([747, 94, 1, 128])
2026-09-07 14:11:32,981 - root - INFO - Loaded (1326, 94, 1, 128) from f469d9ac38e34023ac4599bca9cf6006
2026-09-07 14:11:32,994 - root - INFO - Original tokens: torch.Size([1326, 94, 1, 128]). Sampled tokens: torch.Size([747, 94, 1, 128])
2026-09-07 14:11:33,432 - root - INFO - Loaded (3643, 94, 1, 128) from 1189ef8800354c868eb05623accac675
2026-09-07 14:11:33,503 - root - INFO - Original tokens: torch.Size([3643, 94, 1, 128]). Sampled tokens: torch.Size([747, 94, 1, 128])
2026-09-07 14:11:34,019 - root - INFO - Loaded (4129, 94, 1, 128) from 13833bf31f254d20a67f35e5a1edb35f
2026-09-07 14:11:34,034 - root - INFO - Original tokens: torch.Size([4129, 94, 1, 128]). Sampled tokens: torch.Size([747, 94, 1, 128])
2026-09-07 14:11:34,460 - root - INFO - Loaded (3282, 94, 1, 128) from 11f10ad7e3e644b0bb37591a47656aab
2026-09-07 14:11:34,530 - root - INFO - Original tokens: torch.Size([3282, 94, 1, 128]). Sampled tokens: torch.Size([747, 94, 1, 128])
2026-09-07 14:11:35,253 - root - INFO - Loaded (1609, 94, 1, 128) from eb21d424f20440cc8c248715df4e1dac
2026-09-07 14:11:35,312 - root - INFO - Original tokens: torch.Size([1609, 94, 1, 128]). Sampled tokens: torch.Size([747, 94, 1, 128])
2026-09-07 14:11:35,426 - root - INFO - Loaded (6380, 94, 1, 128) from f35af2fbfaf44b46bd8c47c87c98f1ea
2026-09-07 14:11:35,439 - root - INFO - Original tokens: torch.Size([6380, 94, 1, 128]). Sampled tokens: torch.Size([747, 94, 1, 128])
2026-09-07 14:11:36,312 - root - INFO - Loaded (3523, 94, 1, 128) from 68450669e9cb43ea8bdef4df13432898
2026-09-07 14:11:36,327 - root - INFO - Original tokens: torch.Size([3523, 94, 1, 128]). Sampled tokens: torch.Size([747, 94, 1, 128])
2026-09-07 14:11:36,439 - root - INFO - Loaded (4905, 94, 1, 128) from 641f5d4a1d8c495fac3419fc4f31ba99
2026-09-07 14:11:36,516 - root - INFO - Original tokens: torch.Size([4905, 94, 1, 128]). Sampled tokens: torch.Size([747, 94, 1, 128])
2026-09-07 14:11:37,202 - root - INFO - Loaded (3643, 94, 1, 128) from 1189ef8800354c868eb05623accac675
2026-09-07 14:11:37,212 - root - INFO - Original tokens: torch.Size([3643, 94, 1, 128]). Sampled tokens: torch.Size([747, 94, 1, 128])
2026-09-07 14:11:37,260 - root - INFO - Loaded (2113, 94, 1, 128) from 2aa2a018f51d46aeb2cb1e8426f47ca3
2026-09-07 14:11:37,317 - root - INFO - Original tokens: torch.Size([2113, 94, 1, 128]). Sampled tokens: torch.Size([747, 94, 1, 128])
2026-09-07 14:11:37,862 - root - INFO - Loaded (1609, 94, 1, 128) from eb21d424f20440cc8c248715df4e1dac
2026-09-07 14:11:37,875 - root - INFO - Original tokens: torch.Size([1609, 94, 1, 128]). Sampled tokens: torch.Size([747, 94, 1, 128])
2026-09-07 14:11:38,082 - root - INFO - Loaded (3296, 94, 1, 128) from 3deb132a91484d279c1358bbafaa48ca
2026-09-07 14:11:38,134 - root - INFO - Original tokens: torch.Size([3296, 94, 1, 128]). Sampled tokens: torch.Size([747, 94, 1, 128])
2026-09-07 14:11:38,705 - root - INFO - Loaded (1216, 94, 1, 128) from b232e0f6a3ad4061ada636ad0ad42efb
2026-09-07 14:11:38,748 - root - INFO - Original tokens: torch.Size([1216, 94, 1, 128]). Sampled tokens: torch.Size([747, 94, 1, 128])
2026-09-07 14:11:42,241 - root - INFO - Loaded (5206, 94, 1, 128) from d01022c5e1ea463685a39ed22cdf5d69
2026-09-07 14:11:42,281 - root - INFO - Original tokens: torch.Size([5206, 94, 1, 128]). Sampled tokens: torch.Size([747, 94, 1, 128])
2026-09-07 14:11:42,927 - root - INFO - Loaded (3523, 94, 1, 128) from 68450669e9cb43ea8bdef4df13432898
2026-09-07 14:11:42,991 - root - INFO - Original tokens: torch.Size([3523, 94, 1, 128]). Sampled tokens: torch.Size([747, 94, 1, 128])
2026-09-07 14:11:43,812 - root - INFO - Loaded (6233, 94, 1, 128) from 41d742aa399f4012b5817c42bdb135a0
2026-09-07 14:11:43,824 - root - INFO - Original tokens: torch.Size([6233, 94, 1, 128]). Sampled tokens: torch.Size([747, 94, 1, 128])
2026-09-07 14:11:44,187 - root - INFO - Loaded (5301, 94, 1, 128) from 5e789d940394447aa1eafd133ce72704
2026-09-07 14:11:44,272 - root - INFO - Original tokens: torch.Size([5301, 94, 1, 128]). Sampled tokens: torch.Size([747, 94, 1, 128])
2026-09-07 14:11:45,160 - root - INFO - Loaded (2919, 94, 1, 128) from 2731f563f9c142419dd2ce5436c97f86
2026-09-07 14:11:45,210 - root - INFO - Original tokens: torch.Size([2919, 94, 1, 128]). Sampled tokens: torch.Size([747, 94, 1, 128])
2026-09-07 14:11:46,073 - root - INFO - Loaded (9742, 94, 1, 128) from a6277bce40594ebfa5777774e6fba5db
2026-09-07 14:11:46,096 - root - INFO - Loaded (3235, 94, 1, 128) from bfd1d9abd8634ef08d15a06b3a0d5a67
2026-09-07 14:11:46,099 - root - INFO - Original tokens: torch.Size([9742, 94, 1, 128]). Sampled tokens: torch.Size([747, 94, 1, 128])
2026-09-07 14:11:46,150 - root - INFO - Original tokens: torch.Size([3235, 94, 1, 128]). Sampled tokens: torch.Size([747, 94, 1, 128])
2026-09-07 14:11:47,056 - root - INFO - Loaded (3639, 94, 1, 128) from 777881bf1c92416c8a677cd7a2224e46
2026-09-07 14:11:47,124 - root - INFO - Original tokens: torch.Size([3639, 94, 1, 128]). Sampled tokens: torch.Size([747, 94, 1, 128])
2026-09-07 14:11:48,589 - root - INFO - Loaded (10772, 94, 1, 128) from 1edd6ece56864f4695d1212e0ad3c47c
2026-09-07 14:11:48,613 - root - INFO - Original tokens: torch.Size([10772, 94, 1, 128]). Sampled tokens: torch.Size([747, 94, 1, 128])
2026-09-07 14:11:48,685 - root - INFO - Loaded (7507, 94, 1, 128) from 39eaafa6d75045aa836304a19f37e14b
2026-09-07 14:11:48,754 - root - INFO - Original tokens: torch.Size([7507, 94, 1, 128]). Sampled tokens: torch.Size([747, 94, 1, 128])
2026-09-07 14:11:49,515 - root - INFO - Loaded (3296, 94, 1, 128) from 3deb132a91484d279c1358bbafaa48ca
2026-09-07 14:11:49,528 - root - INFO - Original tokens: torch.Size([3296, 94, 1, 128]). Sampled tokens: torch.Size([747, 94, 1, 128])
2026-09-07 14:11:49,656 - root - INFO - Loaded (3168, 94, 1, 128) from 3930015c8add4cb9b9c90ee4ed2aff2a
2026-09-07 14:11:49,702 - root - INFO - Original tokens: torch.Size([3168, 94, 1, 128]). Sampled tokens: torch.Size([747, 94, 1, 128])
2026-09-07 14:11:50,330 - root - INFO - Loaded (2877, 94, 1, 128) from 6a27749da0374b78b5d16b08c357d2bf
2026-09-07 14:11:50,339 - root - INFO - Original tokens: torch.Size([2877, 94, 1, 128]). Sampled tokens: torch.Size([747, 94, 1, 128])
2026-09-07 14:11:50,374 - root - INFO - Loaded (1301, 94, 1, 128) from 3291c87987fc4aa2be36b8fbeb3e866b
2026-09-07 14:11:50,426 - root - INFO - Original tokens: torch.Size([1301, 94, 1, 128]). Sampled tokens: torch.Size([747, 94, 1, 128])
2026-09-07 14:11:51,907 - root - INFO - Loaded (6333, 94, 1, 128) from b58577db836442ab989205a845787d6d
2026-09-07 14:11:52,000 - root - INFO - Original tokens: torch.Size([6333, 94, 1, 128]). Sampled tokens: torch.Size([747, 94, 1, 128])
2026-09-07 14:11:53,228 - root - INFO - Loaded (5206, 94, 1, 128) from d01022c5e1ea463685a39ed22cdf5d69
2026-09-07 14:11:53,295 - root - INFO - Original tokens: torch.Size([5206, 94, 1, 128]). Sampled tokens: torch.Size([747, 94, 1, 128])
2026-09-07 14:11:53,862 - root - INFO - Loaded (16415, 94, 1, 128) from 4315588118614f29ab2fcc1ae40a09d2
2026-09-07 14:11:53,873 - root - INFO - Original tokens: torch.Size([16415, 94, 1, 128]). Sampled tokens: torch.Size([747, 94, 1, 128])
2026-09-07 14:11:54,111 - root - INFO - Loaded (2880, 94, 1, 128) from 5b70c2977cad45e094db0779a8931768
2026-09-07 14:11:54,168 - root - INFO - Original tokens: torch.Size([2880, 94, 1, 128]). Sampled tokens: torch.Size([747, 94, 1, 128])
2026-09-07 14:11:54,593 - root - INFO - Loaded (1156, 94, 1, 128) from d97ddd7676db43739bbb433a96a10f0d
2026-09-07 14:11:54,604 - root - INFO - Original tokens: torch.Size([1156, 94, 1, 128]). Sampled tokens: torch.Size([747, 94, 1, 128])
2026-09-07 14:11:55,079 - root - INFO - Loaded (3024, 94, 1, 128) from cfc63afd68a844aea88ddd6160382a53
2026-09-07 14:11:55,133 - root - INFO - Original tokens: torch.Size([3024, 94, 1, 128]). Sampled tokens: torch.Size([747, 94, 1, 128])
2026-09-07 14:11:55,453 - root - INFO - Loaded (2686, 94, 1, 128) from dcf93548c90c44aab7211b46fbdd37ad
2026-09-07 14:11:55,471 - root - INFO - Original tokens: torch.Size([2686, 94, 1, 128]). Sampled tokens: torch.Size([747, 94, 1, 128])
2026-09-07 14:11:56,534 - root - INFO - Loaded (6380, 94, 1, 128) from f35af2fbfaf44b46bd8c47c87c98f1ea
2026-09-07 14:11:56,615 - root - INFO - Original tokens: torch.Size([6380, 94, 1, 128]). Sampled tokens: torch.Size([747, 94, 1, 128])
2026-09-07 14:11:56,716 - root - INFO - Loaded (6155, 94, 1, 128) from b7e7e9f7cece4d18929cc5e77b97013b
2026-09-07 14:11:56,734 - root - INFO - Original tokens: torch.Size([6155, 94, 1, 128]). Sampled tokens: torch.Size([747, 94, 1, 128])
2026-09-07 14:11:57,362 - root - INFO - Loaded (1189, 94, 1, 128) from defab1699ac74bc1b00670038f1bbc4a
2026-09-07 14:11:57,413 - root - INFO - Original tokens: torch.Size([1189, 94, 1, 128]). Sampled tokens: torch.Size([747, 94, 1, 128])
2026-09-07 14:11:58,543 - root - INFO - Loaded (4325, 94, 1, 128) from 01e5c35c1e5e4be08bb889d88f91e802
2026-09-07 14:11:58,619 - root - INFO - Original tokens: torch.Size([4325, 94, 1, 128]). Sampled tokens: torch.Size([747, 94, 1, 128])
2026-09-07 14:11:59,319 - root - INFO - Loaded (11477, 94, 1, 128) from 9b5909decc514881a4f04f87fc03cbb9
2026-09-07 14:11:59,341 - root - INFO - Original tokens: torch.Size([11477, 94, 1, 128]). Sampled tokens: torch.Size([747, 94, 1, 128])
2026-09-07 14:11:59,375 - root - INFO - Loaded (1927, 94, 1, 128) from 06bff61e08a0449d87b32669eb1102c0
2026-09-07 14:11:59,433 - root - INFO - Original tokens: torch.Size([1927, 94, 1, 128]). Sampled tokens: torch.Size([747, 94, 1, 128])
2026-09-07 14:12:00,181 - root - INFO - Loaded (1715, 94, 1, 128) from 4c2f53ba929f4ef4911e8f83c48292c4
2026-09-07 14:12:00,231 - root - INFO - Original tokens: torch.Size([1715, 94, 1, 128]). Sampled tokens: torch.Size([747, 94, 1, 128])
2026-09-07 14:12:01,037 - root - INFO - Loaded (2255, 94, 1, 128) from fd90af6ffe9f4162bcee82c2a308d9ad
2026-09-07 14:12:01,137 - root - INFO - Original tokens: torch.Size([2255, 94, 1, 128]). Sampled tokens: torch.Size([747, 94, 1, 128])
2026-09-07 14:12:02,031 - root - INFO - Loaded (2716, 94, 1, 128) from 3b2727785e934cbb91f107fbee4ce9c2
2026-09-07 14:12:02,088 - root - INFO - Original tokens: torch.Size([2716, 94, 1, 128]). Sampled tokens: torch.Size([747, 94, 1, 128])
2026-09-07 14:12:02,789 - root - INFO - Loaded (1127, 94, 1, 128) from b3cf463da5af4871bc4bf7f98b824dbc
2026-09-07 14:12:02,846 - root - INFO - Original tokens: torch.Size([1127, 94, 1, 128]). Sampled tokens: torch.Size([747, 94, 1, 128])
2026-09-07 14:12:02,931 - root - INFO - Loaded (16432, 94, 1, 128) from fb723e031349433d9ae56c080fe995f0
2026-09-07 14:12:02,943 - root - INFO - Original tokens: torch.Size([16432, 94, 1, 128]). Sampled tokens: torch.Size([747, 94, 1, 128])
2026-09-07 14:12:03,944 - root - INFO - Loaded (4277, 94, 1, 128) from 284a1360ea9448e99428abee57c1dadb
2026-09-07 14:12:03,998 - root - INFO - Loaded (4196, 94, 1, 128) from 5b2b6b6f00bd4fd98c4c7c52b00e95bd
2026-09-07 14:12:04,004 - root - INFO - Original tokens: torch.Size([4277, 94, 1, 128]). Sampled tokens: torch.Size([747, 94, 1, 128])
2026-09-07 14:12:04,015 - root - INFO - Original tokens: torch.Size([4196, 94, 1, 128]). Sampled tokens: torch.Size([747, 94, 1, 128])
2026-09-07 14:12:04,798 - root - INFO - Loaded (3254, 94, 1, 128) from 3a5055ea5bae43588f75d05cc9a05233
2026-09-07 14:12:04,808 - root - INFO - Original tokens: torch.Size([3254, 94, 1, 128]). Sampled tokens: torch.Size([747, 94, 1, 128])
2026-09-07 14:12:05,410 - root - INFO - Loaded (6963, 94, 1, 128) from ce0869e6a1ee46b4a15d6742b954135f
2026-09-07 14:12:05,506 - root - INFO - Original tokens: torch.Size([6963, 94, 1, 128]). Sampled tokens: torch.Size([747, 94, 1, 128])
2026-09-07 14:12:05,638 - root - INFO - Loaded (2691, 94, 1, 128) from e0941380389a4ff8b94571b0fb6dadac
2026-09-07 14:12:05,648 - root - INFO - Original tokens: torch.Size([2691, 94, 1, 128]). Sampled tokens: torch.Size([747, 94, 1, 128])
2026-09-07 14:12:06,350 - root - INFO - Loaded (3224, 94, 1, 128) from fa52ee216ad149b88f3448a71d5c80b4
2026-09-07 14:12:06,416 - root - INFO - Original tokens: torch.Size([3224, 94, 1, 128]). Sampled tokens: torch.Size([747, 94, 1, 128])
2026-09-07 14:12:06,742 - root - INFO - Loaded (4905, 94, 1, 128) from 641f5d4a1d8c495fac3419fc4f31ba99
2026-09-07 14:12:06,753 - root - INFO - Original tokens: torch.Size([4905, 94, 1, 128]). Sampled tokens: torch.Size([747, 94, 1, 128])
2026-09-07 14:12:07,828 - root - INFO - Loaded (7034, 94, 1, 128) from 804a3a2a498e4336813006449f44dec5
2026-09-07 14:12:07,903 - root - INFO - Original tokens: torch.Size([7034, 94, 1, 128]). Sampled tokens: torch.Size([747, 94, 1, 128])
2026-09-07 14:12:08,689 - root - INFO - SVD input tensor shape (n=200108)x(p=12032). Dtype torch.float32
2026-09-07 14:12:08,756 - root - INFO - Calculate lowrank SVD for q=10000 iter=2
2026-09-07 14:12:09,198 - root - INFO - Loaded (11385, 94, 1, 128) from e306b6ca010c40479f7c9fc932d24470
2026-09-07 14:12:09,222 - root - INFO - Original tokens: torch.Size([11385, 94, 1, 128]). Sampled tokens: torch.Size([747, 94, 1, 128])
2026-09-07 14:12:10,115 - root - INFO - Loaded (3224, 94, 1, 128) from fa52ee216ad149b88f3448a71d5c80b4
2026-09-07 14:12:10,132 - root - INFO - Original tokens: torch.Size([3224, 94, 1, 128]). Sampled tokens: torch.Size([747, 94, 1, 128])
2026-09-07 14:12:10,957 - root - INFO - Loaded (3024, 94, 1, 128) from cfc63afd68a844aea88ddd6160382a53
2026-09-07 14:12:10,970 - root - INFO - Original tokens: torch.Size([3024, 94, 1, 128]). Sampled tokens: torch.Size([747, 94, 1, 128])
2026-09-07 14:12:13,350 - root - INFO - Loaded (10582, 94, 1, 128) from 4820b76cfedf46a98b234f4f46b510bc
2026-09-07 14:12:13,383 - root - INFO - Original tokens: torch.Size([10582, 94, 1, 128]). Sampled tokens: torch.Size([747, 94, 1, 128])
2026-09-07 14:12:14,162 - root - INFO - Loaded (1718, 94, 1, 128) from f56df44a187642939a483a356e445c59
2026-09-07 14:12:14,174 - root - INFO - Original tokens: torch.Size([1718, 94, 1, 128]). Sampled tokens: torch.Size([747, 94, 1, 128])
2026-09-07 14:12:16,360 - root - INFO - Loaded (8761, 94, 1, 128) from 72846186f73f4620ae6f7cb82c2c71a8
2026-09-07 14:12:16,384 - root - INFO - Original tokens: torch.Size([8761, 94, 1, 128]). Sampled tokens: torch.Size([747, 94, 1, 128])
2026-09-07 14:12:17,200 - root - INFO - Loaded (3235, 94, 1, 128) from bfd1d9abd8634ef08d15a06b3a0d5a67
2026-09-07 14:12:17,214 - root - INFO - Original tokens: torch.Size([3235, 94, 1, 128]). Sampled tokens: torch.Size([747, 94, 1, 128])
2026-09-07 14:12:18,054 - root - INFO - Loaded (2880, 94, 1, 128) from 5b70c2977cad45e094db0779a8931768
2026-09-07 14:12:18,068 - root - INFO - Original tokens: torch.Size([2880, 94, 1, 128]). Sampled tokens: torch.Size([747, 94, 1, 128])
2026-09-07 14:12:18,793 - root - INFO - Loaded (1715, 94, 1, 128) from 4c2f53ba929f4ef4911e8f83c48292c4
2026-09-07 14:12:18,804 - root - INFO - Original tokens: torch.Size([1715, 94, 1, 128]). Sampled tokens: torch.Size([747, 94, 1, 128])
2026-09-07 14:12:21,351 - root - INFO - Loaded (11019, 94, 1, 128) from dd3a8f813ce24153b8ea1dfc6ced2e8e
2026-09-07 14:12:21,372 - root - INFO - Original tokens: torch.Size([11019, 94, 1, 128]). Sampled tokens: torch.Size([747, 94, 1, 128])
2026-09-07 14:12:23,675 - root - INFO - Loaded (10788, 94, 1, 128) from c152863c7e104a39b954baa08b428373
2026-09-07 14:12:23,701 - root - INFO - Original tokens: torch.Size([10788, 94, 1, 128]). Sampled tokens: torch.Size([747, 94, 1, 128])
2026-09-07 14:12:24,536 - root - INFO - Loaded (2860, 94, 1, 128) from 36086a9ddcaa41699a33757f4c7fe1cc
2026-09-07 14:12:24,549 - root - INFO - Original tokens: torch.Size([2860, 94, 1, 128]). Sampled tokens: torch.Size([747, 94, 1, 128])
2026-09-07 14:12:26,101 - root - INFO - Loaded (8158, 94, 1, 128) from 2dae3bfd558d481aa8c293054bbfcd58
2026-09-07 14:12:26,112 - root - INFO - Original tokens: torch.Size([8158, 94, 1, 128]). Sampled tokens: torch.Size([747, 94, 1, 128])
2026-09-07 14:12:26,773 - root - INFO - Loaded (1189, 94, 1, 128) from defab1699ac74bc1b00670038f1bbc4a
2026-09-07 14:12:26,784 - root - INFO - Original tokens: torch.Size([1189, 94, 1, 128]). Sampled tokens: torch.Size([747, 94, 1, 128])
2026-09-07 14:12:27,564 - root - INFO - Loaded (2716, 94, 1, 128) from 3b2727785e934cbb91f107fbee4ce9c2
2026-09-07 14:12:27,575 - root - INFO - Original tokens: torch.Size([2716, 94, 1, 128]). Sampled tokens: torch.Size([747, 94, 1, 128])
2026-09-07 14:12:29,874 - root - INFO - Loaded (9252, 94, 1, 128) from a8a7791bd3404d2c8f348cb4e3ced958
2026-09-07 14:12:29,902 - root - INFO - Original tokens: torch.Size([9252, 94, 1, 128]). Sampled tokens: torch.Size([747, 94, 1, 128])
2026-09-07 14:12:31,373 - root - INFO - Loaded (7089, 94, 1, 128) from ca7fa378be844a8ba32fbed20829b57b
2026-09-07 14:12:31,384 - root - INFO - Original tokens: torch.Size([7089, 94, 1, 128]). Sampled tokens: torch.Size([747, 94, 1, 128])
2026-09-07 14:12:34,713 - root - INFO - Loaded (1878, 94, 1, 128) from 0550683dc6994bdf9d872746002fc601
2026-09-07 14:12:34,727 - root - INFO - Original tokens: torch.Size([1878, 94, 1, 128]). Sampled tokens: torch.Size([747, 94, 1, 128])
2026-09-07 14:12:35,594 - root - INFO - Loaded (3263, 94, 1, 128) from ba4af4f9a08746dd8cf39993e86646a6
2026-09-07 14:12:35,604 - root - INFO - Original tokens: torch.Size([3263, 94, 1, 128]). Sampled tokens: torch.Size([747, 94, 1, 128])
2026-09-07 14:12:37,081 - root - INFO - Loaded (6333, 94, 1, 128) from b58577db836442ab989205a845787d6d
2026-09-07 14:12:37,091 - root - INFO - Original tokens: torch.Size([6333, 94, 1, 128]). Sampled tokens: torch.Size([747, 94, 1, 128])
2026-09-07 14:12:37,793 - root - INFO - Loaded (2093, 94, 1, 128) from 42cbff5a28104ee39a9053d5a5f3dacf
2026-09-07 14:12:37,802 - root - INFO - Original tokens: torch.Size([2093, 94, 1, 128]). Sampled tokens: torch.Size([747, 94, 1, 128])
2026-09-07 14:12:38,809 - root - INFO - Loaded (3636, 94, 1, 128) from cc52f24174d14edeb0757adeb7870b71
2026-09-07 14:12:38,820 - root - INFO - Original tokens: torch.Size([3636, 94, 1, 128]). Sampled tokens: torch.Size([747, 94, 1, 128])
2026-09-07 14:12:39,733 - root - INFO - Loaded (3198, 94, 1, 128) from 12c9352d88954154a6f951327191485b
2026-09-07 14:12:39,742 - root - INFO - Original tokens: torch.Size([3198, 94, 1, 128]). Sampled tokens: torch.Size([747, 94, 1, 128])
2026-09-07 14:12:41,148 - root - INFO - Loaded (6010, 94, 1, 128) from 318bc277be394c34ba3a23d0f7dadc00
2026-09-07 14:12:41,158 - root - INFO - Original tokens: torch.Size([6010, 94, 1, 128]). Sampled tokens: torch.Size([747, 94, 1, 128])
2026-09-07 14:12:42,762 - root - INFO - Loaded (7033, 94, 1, 128) from df0e3358df8d44738b6a3f99e5bc0cd9
2026-09-07 14:12:42,773 - root - INFO - Original tokens: torch.Size([7033, 94, 1, 128]). Sampled tokens: torch.Size([747, 94, 1, 128])
2026-09-07 14:12:43,592 - root - INFO - Loaded (1944, 94, 1, 128) from e7bd4edec566441788c137d9cb43cb0d
2026-09-07 14:12:43,601 - root - INFO - Original tokens: torch.Size([1944, 94, 1, 128]). Sampled tokens: torch.Size([747, 94, 1, 128])
2026-09-07 14:12:44,542 - root - INFO - Loaded (2113, 94, 1, 128) from ac359322cb2648fc95e232ead111ab8f
2026-09-07 14:12:44,552 - root - INFO - Original tokens: torch.Size([2113, 94, 1, 128]). Sampled tokens: torch.Size([747, 94, 1, 128])
2026-09-07 14:12:45,473 - root - INFO - Loaded (2645, 94, 1, 128) from d788dbcaf51348ba9c7f4b965ba9dc9c
2026-09-07 14:12:45,487 - root - INFO - Original tokens: torch.Size([2645, 94, 1, 128]). Sampled tokens: torch.Size([747, 94, 1, 128])
2026-09-07 14:12:46,226 - root - INFO - Loaded (1072, 94, 1, 128) from 50fda75b0e4f4473bd991ed7ca5ea144
2026-09-07 14:12:46,236 - root - INFO - Original tokens: torch.Size([1072, 94, 1, 128]). Sampled tokens: torch.Size([747, 94, 1, 128])
2026-09-07 14:12:46,966 - root - INFO - Loaded (1457, 94, 1, 128) from efabd575ab2c4bc5931483f89028938e
2026-09-07 14:12:46,978 - root - INFO - Original tokens: torch.Size([1457, 94, 1, 128]). Sampled tokens: torch.Size([747, 94, 1, 128])
2026-09-07 14:12:47,907 - root - INFO - Loaded (2919, 94, 1, 128) from 2731f563f9c142419dd2ce5436c97f86
2026-09-07 14:12:47,918 - root - INFO - Original tokens: torch.Size([2919, 94, 1, 128]). Sampled tokens: torch.Size([747, 94, 1, 128])
2026-09-07 14:12:49,178 - root - INFO - Loaded (5301, 94, 1, 128) from 5e789d940394447aa1eafd133ce72704
2026-09-07 14:12:49,192 - root - INFO - Original tokens: torch.Size([5301, 94, 1, 128]). Sampled tokens: torch.Size([747, 94, 1, 128])
2026-09-07 14:12:50,320 - root - INFO - Loaded (4277, 94, 1, 128) from 284a1360ea9448e99428abee57c1dadb
2026-09-07 14:12:50,330 - root - INFO - Original tokens: torch.Size([4277, 94, 1, 128]). Sampled tokens: torch.Size([747, 94, 1, 128])
2026-09-07 14:12:51,489 - root - INFO - Loaded (4754, 94, 1, 128) from 542db54934ab49d4989b106c330d658e
2026-09-07 14:12:51,499 - root - INFO - Original tokens: torch.Size([4754, 94, 1, 128]). Sampled tokens: torch.Size([747, 94, 1, 128])
2026-09-07 14:12:52,178 - root - INFO - Loaded (1107, 94, 1, 128) from ba99d5dc576b4734adca64a26fb1a335
2026-09-07 14:12:52,187 - root - INFO - Original tokens: torch.Size([1107, 94, 1, 128]). Sampled tokens: torch.Size([747, 94, 1, 128])
2026-09-07 14:12:54,849 - root - INFO - Loaded (11959, 94, 1, 128) from f7d7298f13874726824e23e54687d1be
2026-09-07 14:12:54,874 - root - INFO - Original tokens: torch.Size([11959, 94, 1, 128]). Sampled tokens: torch.Size([747, 94, 1, 128])
2026-09-07 14:12:55,522 - root - INFO - Loaded (1196, 94, 1, 128) from 8c1899492d41419dbc5db5e23363f1e2
2026-09-07 14:12:55,532 - root - INFO - Original tokens: torch.Size([1196, 94, 1, 128]). Sampled tokens: torch.Size([747, 94, 1, 128])
2026-09-07 14:12:56,411 - root - INFO - Loaded (3196, 94, 1, 128) from 7f89b3fba23148ccafe235b843521142
2026-09-07 14:12:56,426 - root - INFO - Original tokens: torch.Size([3196, 94, 1, 128]). Sampled tokens: torch.Size([747, 94, 1, 128])
2026-09-07 14:12:57,977 - root - INFO - Loaded (7226, 94, 1, 128) from fd7886e348474dd39d0a272f0381c14b
2026-09-07 14:12:57,988 - root - INFO - Original tokens: torch.Size([7226, 94, 1, 128]). Sampled tokens: torch.Size([747, 94, 1, 128])
2026-09-07 14:12:58,828 - root - INFO - Loaded (2903, 94, 1, 128) from 06194ab40afd452fa4106f3aa273e3ac
2026-09-07 14:12:58,837 - root - INFO - Original tokens: torch.Size([2903, 94, 1, 128]). Sampled tokens: torch.Size([747, 94, 1, 128])
2026-09-07 14:13:00,302 - root - INFO - Loaded (7297, 94, 1, 128) from f2ea10eadee84558b38d4dfe3709e7e5
2026-09-07 14:13:00,315 - root - INFO - Original tokens: torch.Size([7297, 94, 1, 128]). Sampled tokens: torch.Size([747, 94, 1, 128])
2026-09-07 14:13:01,253 - root - INFO - Loaded (3994, 94, 1, 128) from a50d62d61f664b8dbbbce34338100471
2026-09-07 14:13:01,264 - root - INFO - Original tokens: torch.Size([3994, 94, 1, 128]). Sampled tokens: torch.Size([747, 94, 1, 128])
2026-09-07 14:13:02,042 - root - INFO - Loaded (2308, 94, 1, 128) from 12841b52fb714c2aa6d953bb07e55963
2026-09-07 14:13:02,051 - root - INFO - Original tokens: torch.Size([2308, 94, 1, 128]). Sampled tokens: torch.Size([747, 94, 1, 128])
2026-09-07 14:13:02,863 - root - INFO - Loaded (2250, 94, 1, 128) from e178944136c74d1198215a7271dbec08
2026-09-07 14:13:02,872 - root - INFO - Original tokens: torch.Size([2250, 94, 1, 128]). Sampled tokens: torch.Size([747, 94, 1, 128])
2026-09-07 14:13:04,103 - root - INFO - Loaded (5593, 94, 1, 128) from 0736ac928c4b4ba196716b7612b43606
2026-09-07 14:13:04,113 - root - INFO - Original tokens: torch.Size([5593, 94, 1, 128]). Sampled tokens: torch.Size([747, 94, 1, 128])
2026-09-07 14:13:04,934 - root - INFO - Loaded (3333, 94, 1, 128) from 13287947272c4014a9c5a0041782160d
2026-09-07 14:13:04,943 - root - INFO - Original tokens: torch.Size([3333, 94, 1, 128]). Sampled tokens: torch.Size([747, 94, 1, 128])
2026-09-07 14:13:05,692 - root - INFO - Loaded (2337, 94, 1, 128) from 4ad4732bf4d94d86a2f484537aa0be46
2026-09-07 14:13:05,702 - root - INFO - Original tokens: torch.Size([2337, 94, 1, 128]). Sampled tokens: torch.Size([747, 94, 1, 128])
2026-09-07 14:13:06,603 - root - INFO - Loaded (4027, 94, 1, 128) from a278907dcb4d477eafa8e30a4f1cbb7a
2026-09-07 14:13:06,613 - root - INFO - Original tokens: torch.Size([4027, 94, 1, 128]). Sampled tokens: torch.Size([747, 94, 1, 128])
2026-09-07 14:13:07,364 - root - INFO - Loaded (2296, 94, 1, 128) from 672be4366b6142b0b338d59f19c73a9a
2026-09-07 14:13:07,374 - root - INFO - Original tokens: torch.Size([2296, 94, 1, 128]). Sampled tokens: torch.Size([747, 94, 1, 128])
2026-09-07 14:13:08,143 - root - INFO - SVD input tensor shape (n=200108)x(p=12032). Dtype torch.float32
2026-09-07 14:13:08,224 - root - INFO - Calculate lowrank SVD for q=10000 iter=2
2026-09-07 14:52:31,589 - root - INFO - DONE SVD for data at
2026-09-07 14:52:31,591 - root - INFO - tp_14_pp_0/KV.K: mu=torch.Size([12032]) U=torch.Size([200108, 10000]) S=torch.Size([10000]) V=torch.Size([12032, 10000])
2026-09-07 14:52:32,809 - root - INFO - Saved SVD artifact for worker=tp_14_pp_0 kv=K at /root/.cache/KVTC/calibrations/Qwen3-235B-A22B-7d34567f/tp-16-pp-1/config-e4bf2892e3ff71a0/v1-noquant/kvtc.pt.tmp.svd-artifacts/kvtc-v1-noquant_N-200000_policy-relaxed_q-10000_niter-2_47be5bd14dfc2df390d52b125ddf4de9a8e24ff8fac703c8ce7dc2f3d2a38d5a/selection-bb6b2a452c81d257aa23b88b7de6515a2e083e8491dbca22f15e188670cbd4a2/tp_14_pp_0-K.pt
2026-09-07 15:10:16,958 - root - INFO - DONE SVD for data at
2026-09-07 15:10:16,960 - root - INFO - tp_14_pp_0/KV.V: mu=torch.Size([12032]) U=torch.Size([200108, 10000]) S=torch.Size([10000]) V=torch.Size([12032, 10000])
2026-09-07 15:10:17,941 - root - INFO - Saved SVD artifact for worker=tp_14_pp_0 kv=V at /root/.cache/KVTC/calibrations/Qwen3-235B-A22B-7d34567f/tp-16-pp-1/config-e4bf2892e3ff71a0/v1-noquant/kvtc.pt.tmp.svd-artifacts/kvtc-v1-noquant_N-200000_policy-relaxed_q-10000_niter-2_47be5bd14dfc2df390d52b125ddf4de9a8e24ff8fac703c8ce7dc2f3d2a38d5a/selection-bb6b2a452c81d257aa23b88b7de6515a2e083e8491dbca22f15e188670cbd4a2/tp_14_pp_0-V.pt
2026-09-07 15:13:03,705 - root - INFO - DONE SVD for data at
2026-09-07 15:13:03,707 - root - INFO - tp_15_pp_0/KV.K: mu=torch.Size([12032]) U=torch.Size([200108, 10000]) S=torch.Size([10000]) V=torch.Size([12032, 10000])
2026-09-07 15:13:04,642 - root - INFO - Saved SVD artifact for worker=tp_15_pp_0 kv=K at /root/.cache/KVTC/calibrations/Qwen3-235B-A22B-7d34567f/tp-16-pp-1/config-e4bf2892e3ff71a0/v1-noquant/kvtc.pt.tmp.svd-artifacts/kvtc-v1-noquant_N-200000_policy-relaxed_q-10000_niter-2_47be5bd14dfc2df390d52b125ddf4de9a8e24ff8fac703c8ce7dc2f3d2a38d5a/selection-bb6b2a452c81d257aa23b88b7de6515a2e083e8491dbca22f15e188670cbd4a2/tp_15_pp_0-K.pt
2026-09-07 15:13:35,917 - root - INFO - DONE SVD for data at
2026-09-07 15:13:35,917 - root - INFO - tp_15_pp_0/KV.V: mu=torch.Size([12032]) U=torch.Size([200108, 10000]) S=torch.Size([10000]) V=torch.Size([12032, 10000])
2026-09-07 15:13:36,903 - root - INFO - Saved SVD artifact for worker=tp_15_pp_0 kv=V at /root/.cache/KVTC/calibrations/Qwen3-235B-A22B-7d34567f/tp-16-pp-1/config-e4bf2892e3ff71a0/v1-noquant/kvtc.pt.tmp.svd-artifacts/kvtc-v1-noquant_N-200000_policy-relaxed_q-10000_niter-2_47be5bd14dfc2df390d52b125ddf4de9a8e24ff8fac703c8ce7dc2f3d2a38d5a/selection-bb6b2a452c81d257aa23b88b7de6515a2e083e8491dbca22f15e188670cbd4a2/tp_15_pp_0-V.pt
2026-09-07 15:13:38,163 - root - INFO - Assigned SVD artifact /root/.cache/KVTC/calibrations/Qwen3-235B-A22B-7d34567f/tp-16-pp-1/config-e4bf2892e3ff71a0/v1-noquant/kvtc.pt.tmp.svd-artifacts/kvtc-v1-noquant_N-200000_policy-relaxed_q-10000_niter-2_47be5bd14dfc2df390d52b125ddf4de9a8e24ff8fac703c8ce7dc2f3d2a38d5a/selection-bb6b2a452c81d257aa23b88b7de6515a2e083e8491dbca22f15e188670cbd4a2/tp_0_pp_0-K.pt to final index keys/tp_0_pp_0
2026-09-07 15:13:39,279 - root - INFO - Assigned SVD artifact /root/.cache/KVTC/calibrations/Qwen3-235B-A22B-7d34567f/tp-16-pp-1/config-e4bf2892e3ff71a0/v1-noquant/kvtc.pt.tmp.svd-artifacts/kvtc-v1-noquant_N-200000_policy-relaxed_q-10000_niter-2_47be5bd14dfc2df390d52b125ddf4de9a8e24ff8fac703c8ce7dc2f3d2a38d5a/selection-bb6b2a452c81d257aa23b88b7de6515a2e083e8491dbca22f15e188670cbd4a2/tp_0_pp_0-V.pt to final index values/tp_0_pp_0
2026-09-07 15:13:40,428 - root - INFO - Assigned SVD artifact /root/.cache/KVTC/calibrations/Qwen3-235B-A22B-7d34567f/tp-16-pp-1/config-e4bf2892e3ff71a0/v1-noquant/kvtc.pt.tmp.svd-artifacts/kvtc-v1-noquant_N-200000_policy-relaxed_q-10000_niter-2_47be5bd14dfc2df390d52b125ddf4de9a8e24ff8fac703c8ce7dc2f3d2a38d5a/selection-bb6b2a452c81d257aa23b88b7de6515a2e083e8491dbca22f15e188670cbd4a2/tp_1_pp_0-K.pt to final index keys/tp_1_pp_0
2026-09-07 15:13:41,571 - root - INFO - Assigned SVD artifact /root/.cache/KVTC/calibrations/Qwen3-235B-A22B-7d34567f/tp-16-pp-1/config-e4bf2892e3ff71a0/v1-noquant/kvtc.pt.tmp.svd-artifacts/kvtc-v1-noquant_N-200000_policy-relaxed_q-10000_niter-2_47be5bd14dfc2df390d52b125ddf4de9a8e24ff8fac703c8ce7dc2f3d2a38d5a/selection-bb6b2a452c81d257aa23b88b7de6515a2e083e8491dbca22f15e188670cbd4a2/tp_1_pp_0-V.pt to final index values/tp_1_pp_0
2026-09-07 15:13:42,729 - root - INFO - Assigned SVD artifact /root/.cache/KVTC/calibrations/Qwen3-235B-A22B-7d34567f/tp-16-pp-1/config-e4bf2892e3ff71a0/v1-noquant/kvtc.pt.tmp.svd-artifacts/kvtc-v1-noquant_N-200000_policy-relaxed_q-10000_niter-2_47be5bd14dfc2df390d52b125ddf4de9a8e24ff8fac703c8ce7dc2f3d2a38d5a/selection-bb6b2a452c81d257aa23b88b7de6515a2e083e8491dbca22f15e188670cbd4a2/tp_2_pp_0-K.pt to final index keys/tp_2_pp_0
2026-09-07 15:13:43,953 - root - INFO - Assigned SVD artifact /root/.cache/KVTC/calibrations/Qwen3-235B-A22B-7d34567f/tp-16-pp-1/config-e4bf2892e3ff71a0/v1-noquant/kvtc.pt.tmp.svd-artifacts/kvtc-v1-noquant_N-200000_policy-relaxed_q-10000_niter-2_47be5bd14dfc2df390d52b125ddf4de9a8e24ff8fac703c8ce7dc2f3d2a38d5a/selection-bb6b2a452c81d257aa23b88b7de6515a2e083e8491dbca22f15e188670cbd4a2/tp_2_pp_0-V.pt to final index values/tp_2_pp_0
2026-09-07 15:13:45,147 - root - INFO - Assigned SVD artifact /root/.cache/KVTC/calibrations/Qwen3-235B-A22B-7d34567f/tp-16-pp-1/config-e4bf2892e3ff71a0/v1-noquant/kvtc.pt.tmp.svd-artifacts/kvtc-v1-noquant_N-200000_policy-relaxed_q-10000_niter-2_47be5bd14dfc2df390d52b125ddf4de9a8e24ff8fac703c8ce7dc2f3d2a38d5a/selection-bb6b2a452c81d257aa23b88b7de6515a2e083e8491dbca22f15e188670cbd4a2/tp_3_pp_0-K.pt to final index keys/tp_3_pp_0
2026-09-07 15:13:46,300 - root - INFO - Assigned SVD artifact /root/.cache/KVTC/calibrations/Qwen3-235B-A22B-7d34567f/tp-16-pp-1/config-e4bf2892e3ff71a0/v1-noquant/kvtc.pt.tmp.svd-artifacts/kvtc-v1-noquant_N-200000_policy-relaxed_q-10000_niter-2_47be5bd14dfc2df390d52b125ddf4de9a8e24ff8fac703c8ce7dc2f3d2a38d5a/selection-bb6b2a452c81d257aa23b88b7de6515a2e083e8491dbca22f15e188670cbd4a2/tp_3_pp_0-V.pt to final index values/tp_3_pp_0
2026-09-07 15:13:47,501 - root - INFO - Assigned SVD artifact /root/.cache/KVTC/calibrations/Qwen3-235B-A22B-7d34567f/tp-16-pp-1/config-e4bf2892e3ff71a0/v1-noquant/kvtc.pt.tmp.svd-artifacts/kvtc-v1-noquant_N-200000_policy-relaxed_q-10000_niter-2_47be5bd14dfc2df390d52b125ddf4de9a8e24ff8fac703c8ce7dc2f3d2a38d5a/selection-bb6b2a452c81d257aa23b88b7de6515a2e083e8491dbca22f15e188670cbd4a2/tp_4_pp_0-K.pt to final index keys/tp_4_pp_0
2026-09-07 15:13:48,683 - root - INFO - Assigned SVD artifact /root/.cache/KVTC/calibrations/Qwen3-235B-A22B-7d34567f/tp-16-pp-1/config-e4bf2892e3ff71a0/v1-noquant/kvtc.pt.tmp.svd-artifacts/kvtc-v1-noquant_N-200000_policy-relaxed_q-10000_niter-2_47be5bd14dfc2df390d52b125ddf4de9a8e24ff8fac703c8ce7dc2f3d2a38d5a/selection-bb6b2a452c81d257aa23b88b7de6515a2e083e8491dbca22f15e188670cbd4a2/tp_4_pp_0-V.pt to final index values/tp_4_pp_0
2026-09-07 15:13:49,862 - root - INFO - Assigned SVD artifact /root/.cache/KVTC/calibrations/Qwen3-235B-A22B-7d34567f/tp-16-pp-1/config-e4bf2892e3ff71a0/v1-noquant/kvtc.pt.tmp.svd-artifacts/kvtc-v1-noquant_N-200000_policy-relaxed_q-10000_niter-2_47be5bd14dfc2df390d52b125ddf4de9a8e24ff8fac703c8ce7dc2f3d2a38d5a/selection-bb6b2a452c81d257aa23b88b7de6515a2e083e8491dbca22f15e188670cbd4a2/tp_5_pp_0-K.pt to final index keys/tp_5_pp_0
2026-09-07 15:13:51,069 - root - INFO - Assigned SVD artifact /root/.cache/KVTC/calibrations/Qwen3-235B-A22B-7d34567f/tp-16-pp-1/config-e4bf2892e3ff71a0/v1-noquant/kvtc.pt.tmp.svd-artifacts/kvtc-v1-noquant_N-200000_policy-relaxed_q-10000_niter-2_47be5bd14dfc2df390d52b125ddf4de9a8e24ff8fac703c8ce7dc2f3d2a38d5a/selection-bb6b2a452c81d257aa23b88b7de6515a2e083e8491dbca22f15e188670cbd4a2/tp_5_pp_0-V.pt to final index values/tp_5_pp_0
2026-09-07 15:13:52,240 - root - INFO - Assigned SVD artifact /root/.cache/KVTC/calibrations/Qwen3-235B-A22B-7d34567f/tp-16-pp-1/config-e4bf2892e3ff71a0/v1-noquant/kvtc.pt.tmp.svd-artifacts/kvtc-v1-noquant_N-200000_policy-relaxed_q-10000_niter-2_47be5bd14dfc2df390d52b125ddf4de9a8e24ff8fac703c8ce7dc2f3d2a38d5a/selection-bb6b2a452c81d257aa23b88b7de6515a2e083e8491dbca22f15e188670cbd4a2/tp_6_pp_0-K.pt to final index keys/tp_6_pp_0
2026-09-07 15:13:53,396 - root - INFO - Assigned SVD artifact /root/.cache/KVTC/calibrations/Qwen3-235B-A22B-7d34567f/tp-16-pp-1/config-e4bf2892e3ff71a0/v1-noquant/kvtc.pt.tmp.svd-artifacts/kvtc-v1-noquant_N-200000_policy-relaxed_q-10000_niter-2_47be5bd14dfc2df390d52b125ddf4de9a8e24ff8fac703c8ce7dc2f3d2a38d5a/selection-bb6b2a452c81d257aa23b88b7de6515a2e083e8491dbca22f15e188670cbd4a2/tp_6_pp_0-V.pt to final index values/tp_6_pp_0
2026-09-07 15:13:54,637 - root - INFO - Assigned SVD artifact /root/.cache/KVTC/calibrations/Qwen3-235B-A22B-7d34567f/tp-16-pp-1/config-e4bf2892e3ff71a0/v1-noquant/kvtc.pt.tmp.svd-artifacts/kvtc-v1-noquant_N-200000_policy-relaxed_q-10000_niter-2_47be5bd14dfc2df390d52b125ddf4de9a8e24ff8fac703c8ce7dc2f3d2a38d5a/selection-bb6b2a452c81d257aa23b88b7de6515a2e083e8491dbca22f15e188670cbd4a2/tp_7_pp_0-K.pt to final index keys/tp_7_pp_0
2026-09-07 15:13:55,811 - root - INFO - Assigned SVD artifact /root/.cache/KVTC/calibrations/Qwen3-235B-A22B-7d34567f/tp-16-pp-1/config-e4bf2892e3ff71a0/v1-noquant/kvtc.pt.tmp.svd-artifacts/kvtc-v1-noquant_N-200000_policy-relaxed_q-10000_niter-2_47be5bd14dfc2df390d52b125ddf4de9a8e24ff8fac703c8ce7dc2f3d2a38d5a/selection-bb6b2a452c81d257aa23b88b7de6515a2e083e8491dbca22f15e188670cbd4a2/tp_7_pp_0-V.pt to final index values/tp_7_pp_0
2026-09-07 15:13:56,983 - root - INFO - Assigned SVD artifact /root/.cache/KVTC/calibrations/Qwen3-235B-A22B-7d34567f/tp-16-pp-1/config-e4bf2892e3ff71a0/v1-noquant/kvtc.pt.tmp.svd-artifacts/kvtc-v1-noquant_N-200000_policy-relaxed_q-10000_niter-2_47be5bd14dfc2df390d52b125ddf4de9a8e24ff8fac703c8ce7dc2f3d2a38d5a/selection-bb6b2a452c81d257aa23b88b7de6515a2e083e8491dbca22f15e188670cbd4a2/tp_8_pp_0-K.pt to final index keys/tp_8_pp_0
2026-09-07 15:13:58,157 - root - INFO - Assigned SVD artifact /root/.cache/KVTC/calibrations/Qwen3-235B-A22B-7d34567f/tp-16-pp-1/config-e4bf2892e3ff71a0/v1-noquant/kvtc.pt.tmp.svd-artifacts/kvtc-v1-noquant_N-200000_policy-relaxed_q-10000_niter-2_47be5bd14dfc2df390d52b125ddf4de9a8e24ff8fac703c8ce7dc2f3d2a38d5a/selection-bb6b2a452c81d257aa23b88b7de6515a2e083e8491dbca22f15e188670cbd4a2/tp_8_pp_0-V.pt to final index values/tp_8_pp_0
2026-09-07 15:13:59,368 - root - INFO - Assigned SVD artifact /root/.cache/KVTC/calibrations/Qwen3-235B-A22B-7d34567f/tp-16-pp-1/config-e4bf2892e3ff71a0/v1-noquant/kvtc.pt.tmp.svd-artifacts/kvtc-v1-noquant_N-200000_policy-relaxed_q-10000_niter-2_47be5bd14dfc2df390d52b125ddf4de9a8e24ff8fac703c8ce7dc2f3d2a38d5a/selection-bb6b2a452c81d257aa23b88b7de6515a2e083e8491dbca22f15e188670cbd4a2/tp_9_pp_0-K.pt to final index keys/tp_9_pp_0
2026-09-07 15:14:00,585 - root - INFO - Assigned SVD artifact /root/.cache/KVTC/calibrations/Qwen3-235B-A22B-7d34567f/tp-16-pp-1/config-e4bf2892e3ff71a0/v1-noquant/kvtc.pt.tmp.svd-artifacts/kvtc-v1-noquant_N-200000_policy-relaxed_q-10000_niter-2_47be5bd14dfc2df390d52b125ddf4de9a8e24ff8fac703c8ce7dc2f3d2a38d5a/selection-bb6b2a452c81d257aa23b88b7de6515a2e083e8491dbca22f15e188670cbd4a2/tp_9_pp_0-V.pt to final index values/tp_9_pp_0
2026-09-07 15:14:01,794 - root - INFO - Assigned SVD artifact /root/.cache/KVTC/calibrations/Qwen3-235B-A22B-7d34567f/tp-16-pp-1/config-e4bf2892e3ff71a0/v1-noquant/kvtc.pt.tmp.svd-artifacts/kvtc-v1-noquant_N-200000_policy-relaxed_q-10000_niter-2_47be5bd14dfc2df390d52b125ddf4de9a8e24ff8fac703c8ce7dc2f3d2a38d5a/selection-bb6b2a452c81d257aa23b88b7de6515a2e083e8491dbca22f15e188670cbd4a2/tp_10_pp_0-K.pt to final index keys/tp_10_pp_0
2026-09-07 15:14:03,024 - root - INFO - Assigned SVD artifact /root/.cache/KVTC/calibrations/Qwen3-235B-A22B-7d34567f/tp-16-pp-1/config-e4bf2892e3ff71a0/v1-noquant/kvtc.pt.tmp.svd-artifacts/kvtc-v1-noquant_N-200000_policy-relaxed_q-10000_niter-2_47be5bd14dfc2df390d52b125ddf4de9a8e24ff8fac703c8ce7dc2f3d2a38d5a/selection-bb6b2a452c81d257aa23b88b7de6515a2e083e8491dbca22f15e188670cbd4a2/tp_10_pp_0-V.pt to final index values/tp_10_pp_0
2026-09-07 15:14:04,261 - root - INFO - Assigned SVD artifact /root/.cache/KVTC/calibrations/Qwen3-235B-A22B-7d34567f/tp-16-pp-1/config-e4bf2892e3ff71a0/v1-noquant/kvtc.pt.tmp.svd-artifacts/kvtc-v1-noquant_N-200000_policy-relaxed_q-10000_niter-2_47be5bd14dfc2df390d52b125ddf4de9a8e24ff8fac703c8ce7dc2f3d2a38d5a/selection-bb6b2a452c81d257aa23b88b7de6515a2e083e8491dbca22f15e188670cbd4a2/tp_11_pp_0-K.pt to final index keys/tp_11_pp_0
2026-09-07 15:14:05,455 - root - INFO - Assigned SVD artifact /root/.cache/KVTC/calibrations/Qwen3-235B-A22B-7d34567f/tp-16-pp-1/config-e4bf2892e3ff71a0/v1-noquant/kvtc.pt.tmp.svd-artifacts/kvtc-v1-noquant_N-200000_policy-relaxed_q-10000_niter-2_47be5bd14dfc2df390d52b125ddf4de9a8e24ff8fac703c8ce7dc2f3d2a38d5a/selection-bb6b2a452c81d257aa23b88b7de6515a2e083e8491dbca22f15e188670cbd4a2/tp_11_pp_0-V.pt to final index values/tp_11_pp_0
2026-09-07 15:14:06,603 - root - INFO - Assigned SVD artifact /root/.cache/KVTC/calibrations/Qwen3-235B-A22B-7d34567f/tp-16-pp-1/config-e4bf2892e3ff71a0/v1-noquant/kvtc.pt.tmp.svd-artifacts/kvtc-v1-noquant_N-200000_policy-relaxed_q-10000_niter-2_47be5bd14dfc2df390d52b125ddf4de9a8e24ff8fac703c8ce7dc2f3d2a38d5a/selection-bb6b2a452c81d257aa23b88b7de6515a2e083e8491dbca22f15e188670cbd4a2/tp_12_pp_0-K.pt to final index keys/tp_12_pp_0
2026-09-07 15:14:07,715 - root - INFO - Assigned SVD artifact /root/.cache/KVTC/calibrations/Qwen3-235B-A22B-7d34567f/tp-16-pp-1/config-e4bf2892e3ff71a0/v1-noquant/kvtc.pt.tmp.svd-artifacts/kvtc-v1-noquant_N-200000_policy-relaxed_q-10000_niter-2_47be5bd14dfc2df390d52b125ddf4de9a8e24ff8fac703c8ce7dc2f3d2a38d5a/selection-bb6b2a452c81d257aa23b88b7de6515a2e083e8491dbca22f15e188670cbd4a2/tp_12_pp_0-V.pt to final index values/tp_12_pp_0
2026-09-07 15:14:08,851 - root - INFO - Assigned SVD artifact /root/.cache/KVTC/calibrations/Qwen3-235B-A22B-7d34567f/tp-16-pp-1/config-e4bf2892e3ff71a0/v1-noquant/kvtc.pt.tmp.svd-artifacts/kvtc-v1-noquant_N-200000_policy-relaxed_q-10000_niter-2_47be5bd14dfc2df390d52b125ddf4de9a8e24ff8fac703c8ce7dc2f3d2a38d5a/selection-bb6b2a452c81d257aa23b88b7de6515a2e083e8491dbca22f15e188670cbd4a2/tp_13_pp_0-K.pt to final index keys/tp_13_pp_0
2026-09-07 15:14:10,002 - root - INFO - Assigned SVD artifact /root/.cache/KVTC/calibrations/Qwen3-235B-A22B-7d34567f/tp-16-pp-1/config-e4bf2892e3ff71a0/v1-noquant/kvtc.pt.tmp.svd-artifacts/kvtc-v1-noquant_N-200000_policy-relaxed_q-10000_niter-2_47be5bd14dfc2df390d52b125ddf4de9a8e24ff8fac703c8ce7dc2f3d2a38d5a/selection-bb6b2a452c81d257aa23b88b7de6515a2e083e8491dbca22f15e188670cbd4a2/tp_13_pp_0-V.pt to final index values/tp_13_pp_0
2026-09-07 15:14:11,169 - root - INFO - Assigned SVD artifact /root/.cache/KVTC/calibrations/Qwen3-235B-A22B-7d34567f/tp-16-pp-1/config-e4bf2892e3ff71a0/v1-noquant/kvtc.pt.tmp.svd-artifacts/kvtc-v1-noquant_N-200000_policy-relaxed_q-10000_niter-2_47be5bd14dfc2df390d52b125ddf4de9a8e24ff8fac703c8ce7dc2f3d2a38d5a/selection-bb6b2a452c81d257aa23b88b7de6515a2e083e8491dbca22f15e188670cbd4a2/tp_14_pp_0-K.pt to final index keys/tp_14_pp_0
2026-09-07 15:14:12,352 - root - INFO - Assigned SVD artifact /root/.cache/KVTC/calibrations/Qwen3-235B-A22B-7d34567f/tp-16-pp-1/config-e4bf2892e3ff71a0/v1-noquant/kvtc.pt.tmp.svd-artifacts/kvtc-v1-noquant_N-200000_policy-relaxed_q-10000_niter-2_47be5bd14dfc2df390d52b125ddf4de9a8e24ff8fac703c8ce7dc2f3d2a38d5a/selection-bb6b2a452c81d257aa23b88b7de6515a2e083e8491dbca22f15e188670cbd4a2/tp_14_pp_0-V.pt to final index values/tp_14_pp_0
2026-09-07 15:14:13,498 - root - INFO - Assigned SVD artifact /root/.cache/KVTC/calibrations/Qwen3-235B-A22B-7d34567f/tp-16-pp-1/config-e4bf2892e3ff71a0/v1-noquant/kvtc.pt.tmp.svd-artifacts/kvtc-v1-noquant_N-200000_policy-relaxed_q-10000_niter-2_47be5bd14dfc2df390d52b125ddf4de9a8e24ff8fac703c8ce7dc2f3d2a38d5a/selection-bb6b2a452c81d257aa23b88b7de6515a2e083e8491dbca22f15e188670cbd4a2/tp_15_pp_0-K.pt to final index keys/tp_15_pp_0
2026-09-07 15:14:14,616 - root - INFO - Assigned SVD artifact /root/.cache/KVTC/calibrations/Qwen3-235B-A22B-7d34567f/tp-16-pp-1/config-e4bf2892e3ff71a0/v1-noquant/kvtc.pt.tmp.svd-artifacts/kvtc-v1-noquant_N-200000_policy-relaxed_q-10000_niter-2_47be5bd14dfc2df390d52b125ddf4de9a8e24ff8fac703c8ce7dc2f3d2a38d5a/selection-bb6b2a452c81d257aa23b88b7de6515a2e083e8491dbca22f15e188670cbd4a2/tp_15_pp_0-V.pt to final index values/tp_15_pp_0
